Name,Japanese_name,Type,Episodes,Studio,Release_season,Tags,Rating,Release_year,End_year,Description,Content_Warning,Related_Mange,Related_anime,Voice_actors,staff
Gintama': Enchousen,,TV   ,13.0,Sunrise,Fall ,"Action, Comedy, Drama, Sci Fi, Shounen, Aliens, Crude, Feudal Japan, Gag, Parody, Samurai, Slapstick, Swordplay, Based on a Manga",4.44,2012.0,2013.0,'Third season of Gintama.',,"Gintama, 3-Z Class's Ginpachi-sensei (Light Novel), Gintama Kanketsu-hen: Yorozuya yo Eien Nare (Light Novel)","Gintama, Gintama', Gintama Kanketsu-hen: Yorozuya yo Eien Nare, Gintama: Jump Festa 2014, Gintama°, Gintama., Gintama: Porori-hen, Gintama.: Shirogane no Tamashii-hen, Gintama.: Shirogane no Tamashii-hen 2, Gintama: The Very Final","Gintoki Sakata : Tomokazu Sugita, Kagura : Rie Kugimiya, Shinpachi Shimura : Daisuke Sakaguchi, Catherine : Yuu Sugimoto, Elizabeth : Shinji Takamatsu, Isao Kondo : Susumu Chiba, Kotarou Katsura : Akira Ishida, Kyuubei Yagyuu : Fumiko Orikasa, Hideaki Sorachi
Original Creator, Youichi Fujita
Director, Audio Highs
Music, Shinji Takeuchi
Character Design, Shinnosuke Wada
Producer, Hiromitsu Higuchi
Producer, Hayato Saga
Producer, Eiji Fukuyama
Key Animator","Hideaki Sorachi : Original Creator, Youichi Fujita : Director, Audio Highs : Music, Shinji Takeuchi : Character Design, Shinnosuke Wada : Producer, Hiromitsu Higuchi : Producer, Hayato Saga : Producer, Eiji Fukuyama : Key Animator"
Natsume's Book of Friends Season 4, Natsume Yuujinchou Shi,TV   ,13.0,Brain's Base,Winter,"Drama, Shoujo, Slice of Life, Bodyguards, Cats, Countryside, Episodic, Iyashikei, Japanese Mythology, Orphans, Supernatural, Youkai, Based on a Manga",4.4,2012.0,,"'Takashi Natsume continues to return the names of the spirits that have been written in the ""Book of Friends"" he inherited from his grandmother, Reiko Natsume. While Natsume is still aided by the chubby Nyanko-sensei, he\'s now helped by some of the friends he had made in his journey; be it human beings or spirits. As he becomes closer to both, Natsume faces the inevitable question of the sides he has to take especially when there is a conflict between the two.'",,"Natsume's Book of Friends, Natsume's Book of Friends (Light Novel), Nyanko-sensei ga Iku!","Natsume's Book of Friends, Natsume's Book of Friends Season 2, Zoku Natsume Yuujinchou: 3D Nyanko-sensei Gekijou, Natsume's Book of Friends Season 3, Natsume's Book of Friends: Nyanko-sensei & The First Errand, Natsume Yuujinchou: Itsuka Yuki no Hi ni, Natsume's Book of Friends Season 5, Natsume's Book of Friends Season 6, Natsume's Book of Friends Movie: Ephemeral Bond, Natsume's Book of Friends Movie 2","Nyanko-Sensei : Kazuhiko Inoue, Takashi Natsume : Hiroshi Kamiya, Atsushi Kitamoto : Hisayoshi Suganuma, Jun Sasada : Miyuki Sawashiro, Kaname Tanuma : Kazuma Horie, Nanase : Yoriko Nagata, Satoru Nishimura : Ryouhei Kimura, Seiji Matoba : Junichi Suwabe, Yuki Midorikawa
Original Creator, Takahiro Oomori
Director, Makoto Yoshimori
Music, Akira Takada
Character Design, Shuko Yokoyama
Producer, Tomomi Kyoutani
Producer, Reiko Sasaki
Producer, Hirofumi Sugawara
Producer","Yuki Midorikawa : Original Creator, Takahiro Oomori : Director, Makoto Yoshimori : Music, Akira Takada : Character Design, Shuko Yokoyama : Producer, Tomomi Kyoutani : Producer, Reiko Sasaki : Producer, Hirofumi Sugawara : Producer"
Wolf Children, Ookami Kodomo no Ame to Yuki,Movie,,Studio Chizu,,"Fantasy, Slice of Life, Animal Characteristics, Animal Transformation, Childcare, Coming of Age, Contemporary Fantasy, Countryside, Death of a Loved One, Family Life, Lifestyle Change, Single Parent, Werewolves, Original Work, Nudity",4.39,2012.0,,"'Hana was a student before she was a mother. She was bright and pretty, and her future held endless possibilities. Then she met a man, who turned out to be a wolf, and together they built a family. Hana loved her mate fiercely, but fate took him from her, leaving her alone with two unusual kids she didn’t know how to raise. Frightened of being discovered, Hana and her wolf children fled to the countryside to build a new life. Raising her little wild things was an adventure. It left Hana bruised, scratched, exhausted, and joyously overwhelmed as her pups grew stronger and wandered further every day. This is a mother’s journey. Teach your children to chase their dreams – and smile through the tears as they disappear into the world in search of who they will become. Hana wasn’t always a mother, but it was always what she was meant to be.'",Nudity,"Wolf Children: Ame & Yuki, Wolf Children: Ame & Yuki (Light Novel)",Wolf Children x House Shokuhin Stew,"Ame : Amon Kabe, Hana : Aoi Miyazaki, Yuki : Haru Kuroki, Father : Takao Oosawa, Grandpa Nirasaki : Bunta Sugawara, Sohei Fujii : Takuma Hiraoka, Bunko : Chika Arakawa, Doi : Mitsuki Tanimura, Mamoru Hosoda
Director & Original Creator & Screenplay & Song Lyrics, Koutarou Tamura
Assistant Director, Masakatsu Takagi
Music & Song Arrangement & Song Composition, Yoshiyuki Sadamoto
Character Design, Hiroshi Oono
Art Director, Osamu Mikasa
Color Design, Ryou Horibe
Cg Director, Takashi Watanabe
Producer","Mamoru Hosoda : Director & Original Creator & Screenplay & Song Lyrics, Koutarou Tamura : Assistant Director, Masakatsu Takagi : Music & Song Arrangement & Song Composition, Yoshiyuki Sadamoto : Character Design, Hiroshi Oono : Art Director, Osamu Mikasa : Color Design, Ryou Horibe : Cg Director, Takashi Watanabe : Producer"
Fate/Zero 2,,TV   ,12.0,ufotable,Spring,"Action, Fantasy, Contemporary Fantasy, Magic, Proxy Battles, Rivalries, Superpowers, Urban Fantasy, Based on a Light Novel, Violence",4.31,2012.0,,"'The Holy Grail War wages unabated. The Servants face the impossible task of allying against Caster to win additional command spells, while beneath this thin veneer of amity, their Masters plot to destroy each other. Saber herself must battle not just the monsters bearing down upon her but the doubts inside her own heart about the path of valor she has chosen. After all, what is the place of ancient righteousness in a modern world where the only rule is to win at any cost? As the Holy Grail War enters its deadliest phase, the world becomes witness to both inconceivable horrors and incredible heroism - but the question remains which will prevail.'",Violence,"Fate/Stay Night: Comic Battle, Fate/stay Night: DNA Comic Manga Anthology, Fate/Stay Night, Himuro no Tenchi Fate/School Life, Fate/Zero (Light Novel), Fate/Tiger Colosseum Upper, Fate/Kaleid Liner Prisma Illya, Fate/Zero: Heart of Freaks (Novel), Fate/Kaleid Liner Prisma Illya 2wei!, Fate/Zero, Fate/Extra, Fate/Apocrypha (Light Novel), Fate/Kaleid Liner Prisma Illya 3rei!!, Fate/Prototype: Tribute Phantasm, Fate/Extra: CCC Fox Tail, Fate/Hollow Ataraxia, Fate/Prototype: Soukan no Fragments (Light Novel), Fate/Kaleid Liner Prisma Illya (Light Novel), Fate/strange Fake, Fate/Mahjong Night: Seihai Sensou, Fate/Gudaguda Order, Fate/strange Fake (Light Novel), Fate/stay night: Garden of Avalon (Light Novel), Fate/Labyrinth (Light Novel), Fate/Apocrypha, Today's Menu for Emiya Family, Fate/Ixtella","Fate/stay night, Fate/stay night: TV reproduction, Fate/stay night: Unlimited Blade Works Movie, Fate/Zero, Fate/Prototype, Fate/Zero: Onegai! Einzbern Soudanshitsu, Fate/Kaleid Liner Prisma Illya, Fate/Kaleid Liner Prisma Illya Specials, Fate/Kaleid Liner Prisma Illya 2wei! First Bra - Illya-hen, Fate/Kaleid Liner Prisma Illya: Undoukai de Dance!, Fate/Kaleid Liner Prisma Illya 2wei!, Fate/stay night: Unlimited Blade Works Prologue, Fate/stay night: Unlimited Blade Works, Fate/Kaleid Liner Prisma Illya 2wei! OVA, Fate/stay night: Unlimited Blade Works 2 - Sunny Day, Fate/stay night: Unlimited Blade Works 2, Fate/kaleid Liner Prisma Illya 2wei Herz!, Fate/kaleid Liner Prisma Illya 2wei Herz! Specials, Fate/Kaleid Liner Prisma Illya 3rei!!, Fate/Kaleid Liner Prisma Illya 3rei!! Special, Fate/stay night: Heaven's Feel I. presage flower, Lord El-Melloi II's Case Files {Rail Zeppelin} Grace note - A Grave Keeper, a Cat, and a Mage, Lord El-Melloi II's Case Files {Rail Zeppelin} Grace note","Irisviel Von Einzbern : Sayaka Oohara, Kirei Kotomine : Jouji Nakata, Kiritsugu Emiya : Rikiya Koyama, Saber : Ayako Kawasumi, Berserker : Ryotaro Okiayu, Gilgamesh : Tomokazu Seki, Kariya Matou : Tarusuke Shingaki, Lancer : Hikaru Midorikawa, Gen Urobuchi
Original Creator, Ei Aoki
Director & Episode Director & Storyboard, Yuki Kajiura
Music, Tomonori Sudou
Character Design, Atsushi Ikariya
Character Design, Yoshikazu Iwanami
Sound Director, Atsuhiro Iwakami
Producer, Yoshinao Doi
Producer","Gen Urobuchi : Original Creator, Ei Aoki : Director & Episode Director & Storyboard, Yuki Kajiura : Music, Tomonori Sudou : Character Design, Atsushi Ikariya : Character Design, Yoshikazu Iwanami : Sound Director, Atsuhiro Iwakami : Producer, Yoshinao Doi : Producer"
Bakuman. 3,,TV   ,25.0,J.C.Staff,Fall ,"Drama, Shounen, Anime Industry, Manga Industry, Otaku Culture, Voice Acting, Writers, Based on a Manga",4.3,2012.0,2013.0,"'Moritaka Mashiro and Akito Takagi have come a long way since they started making manga in middle school, but trials still await them as they head towards their goal of getting an anime adaptation for one of their manga. As they continue to grow as artists and as people, they will be faced with new friends, new rivals, and new hurdles to overcome.'",,"Bakuman., Otter No. 11, Bakuman. Bangai-hen","Bakuman., Bakuman. 2, Bakuman.: Deraman., Bakuman. 2 Special, Bakuman. 3 Specials","Akito Takagi : Satoshi Hino, Moritaka Mashiro : Atsushi Abe, Aiko Iwase : Ayumi Fujimura, Akira Hattori : Kentarou Tone, Eiji Nizuma : Nobuhiko Okamoto, Gorou Miura : Daisuke Kirii, Kaya Miyoshi : Sayuri Yahagi, Kazuya Hiramaru : Masakazu Morita, Tsugumi Ohba
Original Creator, Kenichi Kasai
Director, Noriaki Akitaya
Director","Tsugumi Ohba : Original Creator, Kenichi Kasai : Director, Noriaki Akitaya : Director"
Steins;Gate: Egoistic Poriomania, Steins;Gate: Oukoubakko no Poriomania,DVD S,,WHITE FOX,,"Comedy, Sci Fi, America, Based on a Visual Novel",4.27,2012.0,,"""Faris is on her way to a competition in Los Angeles and she's invited Okabe, Mayuri, and the rest of the Future Gadget Laboratory to accompany her. However, the gang quickly realizes their American vacation isn't all it's cracked up to be after they're forced to spend the night at a rickety old motel,\xa0and Okabe almost gets arrested at the airport! But not even\xa0these events\xa0can stop the mad scientist from discussing world lines and Kurisu's strange memories.""",,"Steins;Gate, Steins;Gate: Boukan no Rebellion, Steins;Gate: Onshuu no Brownian Motion, Magi-Cu 4-koma: Steins;Gate - Sekaisen Hendouritsu x. 091015%, Steins;Gate: Youen no Valhalla (Light Novel), Steins;Gate: Enkan Rensa no Ouroboros (Light Novel), Steins;Gate: Hiyoku Renri no Sweets Honey, Steins;Gate: Shijou Saikyou no Slight Fever, Steins;Gate!, Steins;Gate: Chouyoku no Divergence - Reverse (Light Novel), Steins;Gate: Aishin Meizu no Babel, Steins;Gate: Heni Kuukan no Octet, Steins;Gate: Hiyoku Renri no Future Honey, Steins;Gate: Heiji Kyokusen no Epigraph (Novel), Steins;Gate: Heiji Kyokusen no Epigraph, Steins;Gate: Eigoukaiki no Pandora, Steins;Gate 0 Dengeki Comic Anthology","Steins;Gate, Steins;Gate Movie: Load Region of Deja Vu, Steins;Gate: Soumei Eichi no Cognitive Computing, Steins;Gate: Kyoukaimenjou no Missing Link - Divide By Zero, Steins;Gate 0","Kurisu Makise : Asami Imai, Rintaro Okabe : Mamoru Miyano, Itaru Hashida : Tomokazu Seki, Mayuri Shiina : Kana Hanazawa, Faris Nyannyan : Haruko Momoi, Moeka Kiryuu : Saori Gotou, Nae Tennouji : Ayano Yamamoto, Ruka Urushibara : Yuu Kobayashi, Hiroshi Hamasaki
Chief Director, Takuya Satou
Chief Director, Tomoki Kobayashi
Director, Jun Murakami
Music, Takeshi Abo
Music, Kyuuta Sakai
Character Design, Shinsaku Tanaka
Producer, Takayuki Matsunaga
Producer","Hiroshi Hamasaki : Chief Director, Takuya Satou : Chief Director, Tomoki Kobayashi : Director, Jun Murakami : Music, Takeshi Abo : Music, Kyuuta Sakai : Character Design, Shinsaku Tanaka : Producer, Takayuki Matsunaga : Producer"
Kamisama Kiss, Kamisama Hajimemashita,TV   ,13.0,TMS Entertainment,Fall ,"Comedy, Fantasy, Romance, Shoujo, Animal Characteristics, Gods, Interspecies Relationship, Japanese Mythology, Master-Servant Relationship, Non-Human Protagonists, Youkai, Based on a Manga",4.26,2012.0,,"'Nanami used to live in a ramshackle apartment with her father - a man who spent half his time gambling and the other half hiding from debt collectors - until one day the scoundrel ran away, leaving his daughter hungry and homeless. That is, until she meets a mysterious stranger in the park who deems her the new goddess of a local shrine! Unfortunately, Nanami’s new home is occupied by Tomoe, a fox familiar who objects to the presence of a mere mortal and immediately begins to bicker with the girl. If she can manage to form a contract with the troublesome man, he’ll be obligated to accept and help her perform her duties. But there’s a catch: Nanami has to kiss him first, and who’d want to lock lips with that awful guy?!'",,Kamisama Kiss,"Kamisama Kiss OVA, Kamisama Kiss 2nd Season, Kamisama Kiss: Kako-hen, Kamisama Kiss: Kamisama, Shiawase ni Naru","Nanami Momozono : Suzuko Mimori, Tomoe : Shinnosuke Tachibana, Ami Nekota : Satomi Satou, Dragon King : Daisuke Namikawa, Kotetsu : Chika Ookubo, Kurama : Daisuke Kishio, Mikage : Akira Ishida, Mizuki : Nobuhiko Okamoto, Julietta Suzuki
Original Creator, Akitarou Daichi
Director, Toshio Masuda
Music, Junko Yamanaka
Character Design, Hideyuki Nanba
Producer, Shinsaku Hatta
Producer, Gorou Shinjuku
Producer, Ryouichi Ishihara
Producer","Julietta Suzuki : Original Creator, Akitarou Daichi : Director, Toshio Masuda : Music, Junko Yamanaka : Character Design, Hideyuki Nanba : Producer, Shinsaku Hatta : Producer, Gorou Shinjuku : Producer, Ryouichi Ishihara : Producer"
Gintama: Yorinuki Gintama-san on Theater 2D,,Other,,Sunrise,,"Action, Comedy, Drama, Sci Fi, Shounen, Aliens, Crude, Feudal Japan, Parody, Samurai, Swordplay, Based on a Manga",4.25,2012.0,,'Movie versions of the\xa0Shinsengumi Crisis Arc and the\xa0Kabukicho Four Devas Arc.',,"Gintama, 3-Z Class's Ginpachi-sensei (Light Novel), Gintama Kanketsu-hen: Yorozuya yo Eien Nare (Light Novel)","Gintama, Gintama'","Gintoki Sakata : Tomokazu Sugita, Kagura : Rie Kugimiya, Shinpachi Shimura : Daisuke Sakaguchi, Azumi Agonoske : Keikou Sakai, Bansai Kawakami : Takumi Yamazaki, Catherine : Yuu Sugimoto, Gengai Hiraga, Hachiro : Hidenari Ugaki, Hideaki Sorachi
Original Creator",Hideaki Sorachi : Original Creator
Kuroko's Basketball, Kuroko no Basket,TV   ,25.0,Production I.G,Spring,"Shounen, Sports, Basketball, School Club, Tournaments, Based on a Manga",4.25,2012.0,,"""They were known as the 'Generation of Miracles' – five basketball prodigies who helped lead Teiko Middle School's basketball team to glory, defeating anyone who got in their way. But a mysterious rumor tells of a sixth, a phantom player who the five prodigies respected greatly. That boy is Tetsuya Kuroko, a freshman at Seirin High and the newest member of the basketball club. Alongside strong teammates such as Taiga Kagami, Kuroko will use his unique skills on the court to help the team defeat old rivals and make their way to the championships.""",,"Kuroko’s Basketball, Kuroko's Basketball: Replace (Light Novel), Kuroko's Basketball: Extra Game, Kuroko's Basketball: Replace Plus","Kuroko's Basketball: NG-shuu, Kuroko's Basketball: Oshaberi Shiyokka, Kuroko's Basketball: Tip Off, Kuroko's Basketball 2, Kuroko's Basketball OVA, Kuroko's Basketball: Let's Do That Again, Kuroko's Basketball: Oshaberi Demo Shimasen ka, Kuroko's Basketball 3, Kuroko's Basketball: The Greatest Present, Kuroko's Basketball Movie 1: Winter Cup Highlights -Shadow and Light-, Kuroko's Basketball Movie 2: Winter Cup Highlights -Beyond the Tears-, Kuroko's Basketball Movie 3: Winter Cup Highlights -Crossing the Door-, Kuroko's Basketball: Oshaberi Shiyou ka, Kuroko's Basketball: Last Game","Taiga Kagami : Yuuki Ono, Tetsuya Kuroko : Kensho Ono, Daiki Aomine : Junichi Suwabe, Junpei Hyuga : Yoshimasa Hosoya, Kazunari Takao : Tatsuhisa Suzuki, Riko Aida : Chiwa Saitou, Ryouta Kise : Ryouhei Kimura, Shintarou Midorima : Daisuke Ono, Tadatoshi Fujimaki
Original Creator, Shunsuke Tada
Director & Episode Director & Storyboard, Noboru Takagi
Screenplay & Series Composition, Ryousuke Nakanishi
Music, Alpha Eastman
Music, R.O.N
Music & Song Arrangement & Song Composition, Youko Kikuchi
Animation Director & Character Design & Chief Animation Director, Eiji Arai
Photography Director","Tadatoshi Fujimaki : Original Creator, Shunsuke Tada : Director & Episode Director & Storyboard, Noboru Takagi : Screenplay & Series Composition, Ryousuke Nakanishi : Music, Alpha Eastman : Music, R.O.N : Music & Song Arrangement & Song Composition, Youko Kikuchi : Animation Director & Character Design & Chief Animation Director, Eiji Arai : Photography Director"
Kids on the Slope, Sakamichi no Apollon,TV   ,12.0,MAPPA,Spring,"Drama, Josei, Romance, Coming of Age, Historical, Lifestyle Change, Love Triangle, Music, noitaminA, Based on a Manga",4.22,2012.0,,"""Lonely Kaoru Nishimi has lost count of how many times he has moved schools thanks to his father's naval career. Newly landed in Kyushu, he finds most of his classmates instantly antagonistic towards him and suspicious of his elite background. Only two other students seem not to mind who he is – the infamously abrasive Sentarou and the gentle Ritsuko. Unbeknownst to Kaoru they have a passion for jazz, and they're about to pull him out of his stiff, joyless world into theirs of loose, swinging self-expression. Through friendship and frustration, love and despair, Kaoru will learn that life has a wealth of experiences in store for him!""",,"Sakamichi no Apollon, Sakamichi no Apollon: Bonus Track",,"Kaoru Nishimi : Ryouhei Kimura, Ritsuko Mukae : Yuuka Nanri, Sentarou Kawabuchi : Yoshimasa Hosoya, Junichi Katsuragi : Junichi Suwabe, Seiji Matsuoka : Nobuhiko Okamoto, Tsutomu Mukae : Zenki Kitajima, Yurika Fukahori : Aya Endou, Chiko, Yuki Kodama
Original Creator, Shinichirou Watanabe
Director, Youko Kanno
Music, Nobuteru Yuuki
Character Design, Noriko Ozaki
Producer, Daisuke Konaka
Producer, Eiji Abiko
Animation Director, Shouko Nakamura
Key Animator","Yuki Kodama : Original Creator, Shinichirou Watanabe : Director, Youko Kanno : Music, Nobuteru Yuuki : Character Design, Noriko Ozaki : Producer, Daisuke Konaka : Producer, Eiji Abiko : Animation Director, Shouko Nakamura : Key Animator"
One Piece Film: Z,,Movie,,Toei Animation,,"Action, Adventure, Fantasy, Shounen, Pirates, Superpowers, Based on a Manga",4.22,2012.0,,"'Said to be comparable to the Ancient Weapons of old, the Marines\' trump card, the ""Dyna Stones,"" have suddenly been stolen by a group of renegade vigilantes. The terrifyingly powerful man responsible, former Marine Admiral ""Z"", now stands in the path of Luffy and his Straw Hat Pirates. Can the Straw Hats defeat ""Z"" and his crew, or will the New World meet its end at the hands of this mad man?'",,One Piece,One Piece,"Monkey D. Luffy : Mayumi Tanaka, Sanji : Hiroaki Hirata, Z : Masami Suzuki, Zoro Roronoa : Kazuya Nakai, Ain : Ryoko Shinohara, Aokiji : Takehito Koyasu, Binz : Teruyuki Kagawa, Brook : Choo, Eiichiro Oda
Original Creator, Tatsuya Nagamine
Director, Kouhei Kureta
Assistant Director, Kouhei Tanaka
Music, Shirou Hamaguchi
Music, Masayuki Satou
Character Design, Takeo Ogiwara
Photography Director, Masato Jouno
Producer","Eiichiro Oda : Original Creator, Tatsuya Nagamine : Director, Kouhei Kureta : Assistant Director, Kouhei Tanaka : Music, Shirou Hamaguchi : Music, Masayuki Satou : Character Design, Takeo Ogiwara : Photography Director, Masato Jouno : Producer"
Psycho-Pass,,TV   ,22.0,Production I.G,Fall ,"Action, Sci Fi, Crime, Cyberpunk, Dystopia, Guns, Noir, noitaminA, Police, Psychopaths, Serial Killers, Thriller, Original Work, Explicit Violence",4.18,2012.0,2013.0,"""In the future, a system called Sibyl presides over the country and provides order to every facet of life. It dictates which job fields citizens should go into based on aptitude tests, and can even read each resident's mental state and predict which ones are likely to commit crimes in the future. Fresh from exams, Akane Tsunemori is beginning her career as an Inspector, a specialized police officer who works to apprehend these latent criminals and stop crimes before they happen. But not all that get caught are eliminated or jailed, some join the police force as Enforcers to provide insight into criminals’ minds, and Akane is warned not to get too close to them, as they're considered little more than hunting dogs. Though skeptical of this advice, and Sibyl's judgement, Akane is determined to work together with her Enforcers to protect the peace of her city and its inhabitants.""",Explicit Violence,"Kanshikan Tsunemori Akane, Psycho-Pass (Light Novel), Gakuen Psycho-Pass, Psycho-Pass: Inspector Shinya Kogami, Psycho-Pass 2","EGOIST: All Alone With You, Psycho-Pass 2, Psycho-Pass: The Movie, Psycho-Pass SS: Case. 1 - Tsumi to Batsu, Psycho-Pass SS: Case. 2 - First Guardian, Psycho-Pass SS: Case. 3 - Onshuu no Kanata ni, Psycho-Pass 3","Akane Tsunemori : Kana Hanazawa, Shinya Kougami : Tomokazu Seki, Joushuu Kasei :  Yoshiko Sakakibara, Kouichi Ashikaga : Kenta Miyake, Nobuchika Ginoza : Kenji Nojima, Shion Karanomori : Miyuki Sawashiro, Shougo Makishima : Takahiro Sakurai, Shuusei Kagari : Akira Ishida, Gen Urobuchi
Original Creator & Screenplay, Katsuyuki Motohiro
Chief Director, Naoyoshi Shiotani
Director, Yuugo Kanno
Music, Kyouji Asano
Character Design, Emiko Ueno
Color Design, Yoshikazu Iwanami
Sound Director, George Wada
Producer","Gen Urobuchi : Original Creator & Screenplay, Katsuyuki Motohiro : Chief Director, Naoyoshi Shiotani : Director, Yuugo Kanno : Music, Kyouji Asano : Character Design, Emiko Ueno : Color Design, Yoshikazu Iwanami : Sound Director, George Wada : Producer"
Puella Magi Madoka Magica the Movie Part 2: Eternal, Mahou Shoujo Madoka Magica Movie 2: Eien no Monogatari,Movie,,SHAFT,,"Fantasy, Magical Girl, Contemporary Fantasy, Dark Fantasy, Henshin Heroes, Magic, Melancholy, Psychological, Recap, Thriller, Urban Fantasy",4.18,2012.0,,"'The young girls have discovered the truth... the cruel fate of a magical girl. Madoka\'s best friend, Sayaka Miki\'s Soul Gem turns pitch-black as its owner falls into despair and it is transformed into a Grief Seed. Upon seeing this fate, Kyoko tries to save Sayaka, and ends up sacrificing her own life. One magical girl after another is destroyed. Throughout it all, there is one magical girl who continues to fight alone - Homura Akemi. All this time, she has been acting with one goal in mind. ""I promise... I\'m going to save you, no matter what it takes."" Homura renews her vow. And then it happens - a miracle powerful enough to sway the fortunes of the universe...'",,"Puella Magi Madoka Magica: Anthology Comic, Puella Magi Kazumi☆Magica: The Innocent Malice, Puella Magi Madoka Magica, Puella Magi Oriko Magica, Puella Magi Homura Tamura: Parallel Worlds Do Not Remain Parallel Forever, Mitakihara Youchien Mahougumi, Mitakihara☆Anti-Materials, Puella Magi Madoka☆Magica: The Different Story, Puella Magi Tart Magica: The Legend of ""Jeanne d'Arc"", Puella Magi Madoka Magica: The Movie - Rebellion, Puella Magi Suzune☆Magica, Puella Magi Madoka Magica: Wraith Arc, FM Kamihama Holy Radio Station: Puella Magi Madoka Magica Side Story: Magia Record","Puella Magi Madoka Magica the Movie Part 4: Walpurgisnacht - Rising, Puella Magi Madoka Magica, ClariS: Luminous, Puella Magi Madoka Magica the Movie Part 1: Beginnings, Puella Magi Madoka Magica the Movie Part 3: Rebellion","Homura Akemi : Chiwa Saitou, Kyubey : Emiri Katou, Madoka Kaname : Aoi Yuuki, Kyoko Sakura : Ai Nonaka, Mami Tomoe : Kaori Mizuhashi, Oktavia Von Seckendorff, Sayaka Miki : Eri Kitamura, Walpurgis Night : Kaori Mizuhashi, Magica Quartet
Original Creator, Ume Aoki
Original Character Design, Akiyuki Simbo
Chief Director & Series Composition, Yukihiro Miyamoto
Director & Episode Director, Shaft
Series Composition, Yuki Kajiura
Music, Takahiro Kishida
Character Design, Junichirou Taniguchi
Character Design","Magica Quartet : Original Creator, Ume Aoki : Original Character Design, Akiyuki Simbo : Chief Director & Series Composition, Yukihiro Miyamoto : Director & Episode Director, Shaft : Series Composition, Yuki Kajiura : Music, Takahiro Kishida : Character Design, Junichirou Taniguchi : Character Design"
Space Brothers, Uchuu Kyoudai,TV   ,99.0,A-1 Pictures,Spring,"Drama, Sci Fi, Seinen, Astronauts, Childhood Promise, Outer Space, Based on a Manga",4.17,2012.0,2014.0,"""When Mutta and Hibito were children, they made a promise to become astronauts together after spotting a UFO one night. Now adults, the duo's path couldn't have diverged more – Hibito is about to travel to the moon with NASA to help simulate the future exploration of Mars, and Mutta is unemployed, having recently headbutted his boss at an auto company. Still, the man can't shake his desire to surpass his younger brother, and soon, he becomes an applicant for Japan's JAXA space program. His ultimate goal, to get one step ahead of Hibito and go to Mars. But the path to becoming an astronaut is long and fraught with tests and challenges. Will Mutta and newfound friends Kenji and Serika manage to persevere and achieve their dream?""",,Space Brothers,"Space Brothers: Apo's Dream, Planetarium: Space Brothers - One Point of Light, Space Brothers #0","Mutta Namba : Miyuki Sawashiro, Hibito Namba : Yuuko Sanpei, Kenji Makabe : Masayuki Katou, Serika Itoh : Miyuki Sawashiro, Tadashi Hoshika : Sho Ryuzanji, Akihiko Hoshide : Akihiko Hoshide, Amanti Patel : Ayumi Tsunematsu, Andy Taylor : Takahiro Fujiwara, Chuuya Koyama
Original Creator, Ayumu Watanabe
Director, Toshiyuki Watanabe
Music, Kouji Yabuno
Character Design, Kouji Nagai
Producer, Yoshinobu Tokumoto
Episode Director, Fumio Maezono
Episode Director, Touko Machida
Screenplay","Chuuya Koyama : Original Creator, Ayumu Watanabe : Director, Toshiyuki Watanabe : Music, Kouji Yabuno : Character Design, Kouji Nagai : Producer, Yoshinobu Tokumoto : Episode Director, Fumio Maezono : Episode Director, Touko Machida : Screenplay"
Initial D Fifth Stage,,TV   ,14.0,Synergy SP,Fall ,"Action, Drama, Seinen, Sports, Cars, Racing, Based on a Manga",4.17,2012.0,2013.0,"""Still working as part of the Project D driving team, Takumi Fujiwara and Keisuke Takahashi continue to challenge courses and teams in the Kanagawa Prefecture. Meanwhile, a young golf phenom catches Takumi's eye, and Ryousuke Takahashi settles a score from his past.""",,Initial D,"Initial D, Initial D Second Stage, Initial D Third Stage, Initial D Extra Stage, Initial D Battle Stage, Initial D: Project D to the Next Stage - Project D e Mukete, Initial D Fourth Stage, Initial D Battle Stage 2, Initial D Extra Stage 2: Tabidachi no Green, Initial D Final Stage, Initial D Legend 1: Awakening, Initial D Legend 2: Racer, Initial D Legend 3: Dream, Initial D Battle Stage 3","Keisuke Takahashi :  Tomokazu Seki, Ryousuke Takahashi : Takehito Koyasu, Takumi Fujiwara : Shinichirou Miki, Bunta Fujiwara : Unshou Ishizuka, Eiji Kubo : Yasuyuki Kase, Go Hojo : Hidenobu Kiuchi, Hiroshi Fumihiro : Osamu Hosoi, Itsuki Takeuchi : Mitsuo Iwata, Masaki Satou
Character Design, Nobuaki Kishima
Screenplay","Masaki Satou : Character Design, Nobuaki Kishima : Screenplay"
Star Blazers: Space Battleship Yamato 2199, Uchuu Senkan Yamato 2199,OVA  ,26.0,XEBEC,,"Adventure, Sci Fi, Aliens, Leijiverse, Military, Outer Space, Political, Space Opera, War",4.16,2012.0,2013.0,"'In the year 2199, unrelenting attacks from the planet Gamilus have forced all life on Earth into underground dwellings and raised radiation levels to near-toxic levels. The only way to clean up all this harmful radiation is by using the Cosmo Cleaner, which the Queen of the planet Iscandar has generously offered to humanity. Unfortunately, Iscandar is 148,000 light years away, but Earth only has one year before rising radiation levels make it uninhabitable! The only vessel capable of making the journey is the Yamato -\xa0a spaceship equipped with advanced technology and modeled after the famous WWII battleship. Can the crew of the Yamato make it to Iscandar and back before the extinction of all life on Earth?'",,Star Blazers: Space Battleship Yamato 2199,"Star Blazers: The Quest for Iscandar, Space Battleship Yamato Movie, Farewell to Space Battleship Yamato: In the Name of Love, Star Blazers: The Comet Empire, Space Battleship Yamato: The New Voyage, Be Forever Yamato, Star Blazers: The Bolar Wars, Final Yamato, Yamato 2520, Space Battleship Yamato: Resurrection, Space Battleship Yamato 2199: Tsuioku no Koukai, Space Battleship Yamato 2199: Odyssey of the Celestial Ark, Star Blazers: Space Battleship Yamato 2202, Star Blazers: Space Battleship Yamato 2202 Movie, Uchuu Senkan Yamato 2205: Aratanaru Tabidachi - Zenshou: TAKE OFF","Daisuke Shima : Kenichi Suzumura, Juzo Okita : Takayuki Sugou, Susumu Kodai : Daisuke Ono, Yuki Mori : Houko Kuwashima, Abelt Desler : Kouichi Yamadera, Akira Yamamoto : Rie Tanaka, Elk Dommel : Akio Ootsuka, Garemund Goer : Masashi Hirose, Yoshinobu Nishizaki
Original Creator, Yutaka Izubuchi
Chief Director, Akihiro Enomoto
Chief Director, Akira Miyagawa
Music, Hiroshi Miyagawa
Music, Nobuteru Yuuki
Character Design, Fumi Teranishi
Producer, Yoshihiko Fujisawa
Producer","Yoshinobu Nishizaki : Original Creator, Yutaka Izubuchi : Chief Director, Akihiro Enomoto : Chief Director, Akira Miyagawa : Music, Hiroshi Miyagawa : Music, Nobuteru Yuuki : Character Design, Fumi Teranishi : Producer, Yoshihiko Fujisawa : Producer"
One Piece: Episode of Nami - Koukaishi no Namida to Nakama no Kizuna, One Piece: Episode of Nami,TV Sp,,Toei Animation,,"Action, Adventure, Shounen, Pirates, Recap, Based on a Manga",4.14,2012.0,,"""After Nami steals the Going Merry, Roronoa Zoro, Usopp, and later Monkey D. Luffy and Sanji set after her and wind up in Cocoyasi Village, Nami's hometown ruled by the tyrannical fishman Arlong. It is here that Nami's past and true motives come to light.""",,"One Piece, One Piece: Taose! Kaizoku Ganzack (Light Novel), One Piece: Loguetown-hen (Light Novel), One Piece: Strong World, Chopperman: Yuke Yuke! Minna no Chopper-sensei, One Piece x Toriko: Jisshoku! Akuma no Mi!!, One Piece Party, One Piece Ace's Story (Light Novel), One Piece episode A",One Piece,"Arlong : Juurouta Kosugi, Monkey D. Luffy : Mayumi Tanaka, Nami : Akemi Okamura, Sanji : Hiroaki Hirata, Usopp : Kappei Yamaguchi, Zoro Roronoa : Kazuya Nakai, Bellemere : Noriko Hidaka, Chew : Masaya Onosaka, Eiichiro Oda
Original Creator, Katsumi Tokoro
Director, Kouhei Tanaka
Music, Yukiko Nakatani
Character Design","Eiichiro Oda : Original Creator, Katsumi Tokoro : Director, Kouhei Tanaka : Music, Yukiko Nakatani : Character Design"
Nisemonogatari,,TV   ,11.0,SHAFT,Winter,"Action, Comedy, Drama, Ecchi, Mystery, Romance, Panty Shots, Siblings, Supernatural, Tsundere, Based on a Light Novel, Explicit Violence,, Nudity",4.13,2012.0,,"'With Oshino gone and school out for summer, Araragi heads into the break hoping to spend his time relaxing, working on his classwork with Hanekawa, hanging out with his girlfriend Senjogahara, and maybe even finding a little time to molest Hachikuji as he wanders the streets. But when his sisters get tangled up in investigating a ring of curses circulating their middle school, the boy finds himself once again involved with strange characters and unexplained oddities. With only his vampiric mistress Shinobu for help, will Koyomi Araragi be able to solve the strange mystery uncovered by his ""Fire Sisters""?'","Explicit Violence,, Nudity","Nisemonogatari: Fake Tale (Light Novel), Bakemonogatari","Bakemonogatari, Bakemonogatari Recap, ClariS: Naisho no Hanashi, Nekomonogatari (Black), Monogatari Series: Second Season, Hanamonogatari, Tsukimonogatari, Owarimonogatari, Kizumonogatari Part 1: Tekketsu, Koyomimonogatari, Kizumonogatari Part 2: Nekketsu, Kizumonogatari Part 3: Reiketsu, Owarimonogatari II, Zoku Owarimonogatari","Karen Araragi : Eri Kitamura, Koyomi Araragi : Hiroshi Kamiya, Tsukihi Araragi : Yuka Iguchi, Deishuu Kaiki : Shinichirou Miki, Hitagi Senjogahara : Chiwa Saitou, Mayoi Hachikuji : Emiri Katou, Shinobu Oshino : Maaya Sakamoto, Suruga Kanbaru : Miyuki Sawashiro, Nisioisin
Original Creator, Vofan
Original Character Design, Tomoyuki Itamura
Director & Episode Director & Key Animator & Storyboard, Akiyuki Simbo
Director & Series Composition, Shaft
Series Composition, Satoru Kousaki
Music & Song Arrangement & Song Composition, Akio Watanabe
Animation Director & Character Design & Chief Animation Director, Takayuki Aizu
Photography Director","Nisioisin : Original Creator, Vofan : Original Character Design, Tomoyuki Itamura : Director & Episode Director & Key Animator & Storyboard, Akiyuki Simbo : Director & Series Composition, Shaft : Series Composition, Satoru Kousaki : Music & Song Arrangement & Song Composition, Akio Watanabe : Animation Director & Character Design & Chief Animation Director, Takayuki Aizu : Photography Director"
The Pet Girl of Sakurasou, Sakurasou no Pet na Kanojo,TV   ,24.0,J.C.Staff,Fall ,"Comedy, Drama, Romance, Boarding House, Boarding School, Neighbors, Romantic Comedy, School Life, Based on a Light Novel",4.13,2012.0,2013.0,"""Sorata Kanda has a real problem - he just can't say no to the cute face of a kitten! However, his lovely strays have finally landed him in trouble, as his dorm doesn't allow keeping pets. Given an ultimatum to get rid of the cats or move out, Sorata makes the mistake of standing up for himself and finds himself exiled to Sakurasou, the home of misfits the school doesn't know what to do with. Yet the more he spends time there, Sorata sees they all have their own incredible talents. None, however, enthralls him more than the latest arrival: Mashiro Shiina, a world class artist who is seemingly incapable of feeding or clothing herself! Since none of the other residents have a shred of responsibility, the onus of 'Mashiro Duty' falls to Sorata; what will become of Sorata and his latest stray, and will he ever achieve his goal of escaping Sakurasou?""",,"The Pet Girl of Sakurasou (Light Novel), The Pet Girl of Sakurasou",,"Jin Mitaka : Takahiro Sakurai, Mashiro Shiina : Ai Kayano, Misaki Kamiigusa : Natsumi Takamori, Nanami Aoyama : Mariko Nakatsu, Sorata Kanda : Yoshitsugu Matsuoka, Chihiro Sengoku : Megumi Toyoguchi, Rita Ainsworth : Ayako Kawasumi, Ryuunosuke Akasaka : Yui Horie, Atsuko Ishizuka
Director, Yuuzou Hayashi
Music, Masahiro Fujii
Character Design, Nobuhiro Oosawa
Producer, Toshihiro Maeda
Producer, Kouhei Miyajima
Producer, Masatoshi Ishizuka
Producer, Atsushi Iwasaki
Producer","Atsuko Ishizuka : Director, Yuuzou Hayashi : Music, Masahiro Fujii : Character Design, Nobuhiro Oosawa : Producer, Toshihiro Maeda : Producer, Kouhei Miyajima : Producer, Masatoshi Ishizuka : Producer, Atsushi Iwasaki : Producer"
Magi: The Labyrinth of Magic,,TV   ,25.0,A-1 Pictures,Fall ,"Action, Adventure, Comedy, Fantasy, Shounen, Genies, Magic, Middle Eastern, Political, Based on a Manga",4.12,2012.0,2013.0,"""In a sand-swept land of caravans, brigands and adventurers, legends tell of the ominous dungeon towers that suddenly appeared 14 years ago. It's said that by clearing one of these prisons, you can obtain treasure beyond your wildest dreams, and even form a contract with magical genies of immense power - assuming you make it out alive. In this world, Alibaba is a young rogue who wants nothing more than to get rich by clearing all of the world's dungeons, starting with the nearby tower Amon; Aladdin is a curious young boy with a magical flute and a hidden ability; and Morgiana is a slave who can't escape her chains. As their fates intertwine, the three find themselves wandering the land, battling powerful enemies, and taking a stand against powerful forces that seek to corrupt the weak and innocent.""",,"Magi, Magi - Sinbad no Bouken (Pilot), Magi: Sinbad no Bouken","Magi: The Kingdom of Magic, Magi: Adventure of Sinbad OVA, Magi: Adventure of Sinbad","Aladdin : Kaori Ishihara, Alibaba Saluja : Yuuki Kaji, Morgiana : Haruka Tomatsu, Ahbmad Saluja : Kouki Miyata, Cassim : Jun Fukuyama, Hakuryuu Ren : Kensho Ono, Ithnan : Shinichirou Miki, Ja'Far : Takahiro Sakurai, Shinobu Ootaka
Original Creator, Kouji Masunari
Director, Naotaka Hayashi
Director, Shirou Sagisu
Music, Toshifumi Akai
Character Design, Hiroo Maruyama
Producer, Tomoyuki Saitou
Producer, Tomonori Ochikoshi
Producer","Shinobu Ootaka : Original Creator, Kouji Masunari : Director, Naotaka Hayashi : Director, Shirou Sagisu : Music, Toshifumi Akai : Character Design, Hiroo Maruyama : Producer, Tomoyuki Saitou : Producer, Tomonori Ochikoshi : Producer"
Daily Lives of High School Boys, Danshi Koukousei no Nichijou,TV   ,12.0,Sunrise,Winter,"Comedy, Shounen, Slice of Life, All-Boys School, Breaking the Fourth Wall, Episodic, Gag, School Life, Based on a Manga",4.12,2012.0,,"""Join Tadakuni, Hidenori and Yoshitake as they undergo the trials and tribulations of life in high school. Each episode presents the boys and their classmates in unique situations that you may or may not have faced in high school yourself! You'll laugh! You'll cry! (But hopefully laugh more.) You'll be astounded by the zany antics of the Sanada High School community!""",,"Daily Lives of High School Boys, Daily Lives of High School Boys Anthology",Daily Lives of High School Boys Specials,"Hidenori Tabata : Tomokazu Sugita, Tadakuni : Miyu Irino, Yoshitake Tanaka : Kenichi Suzumura, Habara : Yukana, Ikushima : Chiwa Saitou, Literary Girl : Youko Hikasa, Mitsuo : Nobuhiko Okamoto, Motoharu : Daisuke Namikawa, Yasunobu Yamauchi
Original Creator, Shinji Takamatsu
Director, Audio Highs
Music, Yoshinori Yumoto
Character Design, Youhei Hayashi
Producer, Shou Tanaka
Producer, Ryuuta Wakanabe
Producer","Yasunobu Yamauchi : Original Creator, Shinji Takamatsu : Director, Audio Highs : Music, Yoshinori Yumoto : Character Design, Youhei Hayashi : Producer, Shou Tanaka : Producer, Ryuuta Wakanabe : Producer"
Magical Girl Lyrical Nanoha: The Movie 2nd A's, Mahou Shoujo Lyrical Nanoha: The Movie 2nd A's,Movie,,Seven Arcs,,"Fantasy, Magical Girl, Seinen, Contemporary Fantasy, Disability, Henshin Heroes, Magic, Recap, Urban Fantasy, Original Work",4.12,2012.0,,"'Six months have passed since the events of the previous movie. Fate Testarossa has returned to Uminari City with Lindy Harlaown as her legal guardian and is living the life of a normal elementary schoolgirl along with Nanoha Takamachi and her friends. The reunion between the two new-found friends are cut short however, when they are assaulted by four ancient magic users who identified themselves as the ""Wolkenritter"". As the motives behind the actions of the Wolkenritter become clear, Nanoha and Fate find themselves in a race against time to stop the reactivation of a highly dangerous artifact known as ""The Book of Darkness"".'",,"Magical Girl Lyrical Nanoha A's, Magical Girl Lyrical Nanoha StrikerS, Mahou Senki Lyrical Nanoha Force, Magical Girl Lyrical Nanoha The MOVIE 1st The Comics, Magical Girl Lyrical Nanoha Vivid, Magical Girl Lyrical Nanoha: Comic à la carte, Magical Girl Lyrical Nanoha A's Portable: The Gears of Destiny - Material Musume., Magical Girl Lyrical Nanoha Vivid LIFE, Magical Girl Lyrical Nanoha INNOCENT, Magical Girl Lyrical Nanoha: The Movie Comic a la Carte, Original Chronicle Magical Girl Lyrical Nanoha The 1st, Magical Girl Lyrical Nanoha Reflection THE COMICS","Magical Girl Lyrical Nanoha: Lyrical Toy Box, Triangle Heart ~Sweet Songs Forever~, Magical Girl Lyrical Nanoha, Magical Girl Lyrical Nanoha A's, Magical Girl Lyrical Nanoha StrikerS, Magical Girl Lyrical Nanoha The MOVIE 1st, Magical Girl Lyrical Nanoha ViVid, Magical Girl Lyrical Nanoha ViVid Recap, Magical Girl Lyrical Nanoha THE MOVIE 3rd Reflection, Magical Girl Lyrical Nanoha: Detonation","Fate Testarossa : Nana Mizuki, Hayate Yagami : Kana Ueda, Nanoha Takamachi : Yukari Tamura, Shamal : Ryouka Yuzuki, Signum : Kaori Shimizu, Vita : Asami Sanada, Alph : Natsuko Kuwatani, Bardiche : Kevin J. England, Keizou Kusakawa
Director, Misa Chuujou
Music, Yasuhiro Okuda
Character Design, Hiroyuki Shimizu
Producer, Akio Mishima
Producer, Tatsuya Tanaka
Producer","Keizou Kusakawa : Director, Misa Chuujou : Music, Yasuhiro Okuda : Character Design, Hiroyuki Shimizu : Producer, Akio Mishima : Producer, Tatsuya Tanaka : Producer"
Berserk: Golden Age Arc II - The Battle for Doldrey, Berserk: Ougon Jidai-hen II - Doldrey Kouryaku,Movie,,Studio 4°C,,"Action, Fantasy, Seinen, Dark Fantasy, Demons, Medieval, Mercenaries, Overpowered Main Characters, Swordplay, Based on a Manga, Explicit Sex,, Explicit Violence",4.12,2012.0,,"""For three years, Guts believed his mission was to pursue Griffith's dream together with him. But in order to become Griffith's equal and truly be called his friend, Guts realizes he will have to leave the Band of the Hawk. At the same time, a bloody battle to capture the impenetrable Fortress of Doldrey from the Empire of Chuder is about to begin. The Band of the Hawk will face an army 30,000 strong!""","Explicit Sex,, Explicit Violence","Berserk (Pilot), Berserk, Berserk: Shinen no Kami","Berserk, Berserk: Golden Age Arc I - The Egg of the King, Berserk: Golden Age Arc III - The Advent, Berserk (2016), Berserk (2017)","Casca : Toa Yukinari, Griffith : Takahiro Sakurai, Guts : Hiroaki Iwanaga, Adon Coborlwitz : Rikiya Koyama, Charlotte : Aki Toyosaki, Corkus : Yoshirou Matsumoto, General Boscogne : Takayuki Sugou, Gennon : Kazuki Yao, Kentaro Miura
Original Creator, Toshiyuki Kubooka
Director, Shirou Sagisu
Music, Susumu Hirasawa
Music, Naoyuki Onda
Character Design & Chief Animation Director, Eiko Tanaka
Producer, Eiichi Kamagata
Producer, Kengo Shigemura
Editor","Kentaro Miura : Original Creator, Toshiyuki Kubooka : Director, Shirou Sagisu : Music, Susumu Hirasawa : Music, Naoyuki Onda : Character Design & Chief Animation Director, Eiko Tanaka : Producer, Eiichi Kamagata : Producer, Kengo Shigemura : Editor"
JoJo's Bizarre Adventure (2012), JoJo no Kimyou na Bouken (2012),TV   ,26.0,David Production,Fall ,"Action, Shounen, Hand to Hand Combat, Supernatural, Based on a Manga, Animal Abuse,, Explicit Violence,, Mature Themes",4.11,2012.0,2013.0,"""When Jonathan Joestar was just a baby, his mother tragically died in a carriage accident, and his father George was saved by the kindness of a stranger, Dario Brando. At least, that's what George believed, unbeknownst to him that Dario was just attempting to steal from the victims. Thus, when Dario later dies and his son, Dio, comes to his doorstep, the wealthy George eagerly adopts the boy. But what should have become a budding friendship between two siblings quickly becomes a nightmare for poor Jonathan, as Dio is cruel, calculating and will go to great lengths to become George's primary heir. Little does Jonathan know that this unfortunate childhood is only the harbinger of things to come...""","Animal Abuse,, Explicit Violence,, Mature Themes","JoJo's Bizarre Adventure Part 1: Phantom Blood, JoJo's Bizarre Adventure Part 2: Battle Tendency, JoJo's Bizarre Adventure Part 3: Stardust Crusaders, JoJo's Bizarre Adventure Part 4: Diamond is Unbreakable, JoJo's Bizarre Adventure Part 5: Golden Wind, JoJo's Bizarre Adventure Part 6: Stone Ocean, JoJo's Bizarre Adventure Part 7: Steel Ball Run, The Book: JoJo's Bizarre Adventure 4th Another Day (Light Novel), Rohan at the Louvre, JoJo's Bizarre Adventure Part 8: Jojolion, Purple Haze Feedback: From JoJo's Bizarre Adventure (Light Novel), Jorge Joestar (Light Novel), JoJo's Bizarre Adventure: Crazy Diamond's Demonic Heartbreak","JoJo's Bizarre Adventure, JoJo's Bizarre Adventure (2000), JoJo's Bizarre Adventure: Phantom Blood, JoJo's Bizarre Adventure Re-Edited, JoJo's Bizarre Adventure: Stardust Crusaders, JoJo’s Bizarre Adventure: Stardust Crusaders - Battle in Egypt, JoJo's Bizarre Adventure: Diamond is Unbreakable, JoJo's Bizarre Adventure: Golden Wind, JoJo's Bizarre Adventure: Stone Ocean","Caesar Zeppeli : Takuya Satou, Dio Brando : Takehito Koyasu, Jonathan Joestar : Kazuyuki Okitsu, Joseph Joestar : Tomokazu Sugita, Lisa Lisa : Atsuko Tanaka, Acdc : Keiji Fujiwara, Kars : Kazuhiko Inoue, Robert E. O. Speedwagon : Youji Ueda, Hirohiko Araki
Original Creator, Kenichi Suzuki
Director, Naokatsu Tsuda
Director, Yasuko Kobayashi
Series Composition, Taku Iwasaki
Music, Hayato Matsuo
Music, Takako Shimizu
Character Design, Kazuhiro Yamada
Photography Director","Hirohiko Araki : Original Creator, Kenichi Suzuki : Director, Naokatsu Tsuda : Director, Yasuko Kobayashi : Series Composition, Taku Iwasaki : Music, Hayato Matsuo : Music, Takako Shimizu : Character Design, Kazuhiro Yamada : Photography Director"
Jormungand: Perfect Order,,TV   ,12.0,WHITE FOX,Fall ,"Action, Seinen, Gangs, Guns, Mercenaries, Military, Based on a Manga, Nudity,, Violence",4.11,2012.0,,"'The child soldier Jonah continues to protect Koko while she brings the boom to cities across the globe. When the international arms dealer ramps up sales, her hired guns are targeted by government agencies, warmongers, and assassins — leading to some devastating betrayals and losses. Amid all the gunfire and grenades, Koko begins to work on a secret project in South Africa: Jormungand. But when she finally reveals her master plan for the future of war, not everyone is happy with the plot. As the body count starts to explode, Jonah will have to decide if he can stand by and watch his employer’s blood-soaked plan for world peace unfold, or try to put a stop to it.'","Nudity,, Violence",Jormungand,"Jormungand, Jormungand Recap","Jonah : Mutsumi Tamura, Koko Hekmatyar : Shizuka Itou, Akihiko Tojo : Hitoshi Yanai, Hex : Aya Hisakawa, Lehm Brick : Unshou Ishizuka, Lutz : Wataru Hatano, Mao : Gou Shinomiya, Minami Amada : Megumi Toyoguchi, Keitarou Takahashi
Original Creator, Keitarou Motonaga
Director, Taku Iwasaki
Music, Kazuhisa Nakamura
Character Design, Gaku Iwasa
Producer, Kayako Kuno
2Nd Key Animator","Keitarou Takahashi : Original Creator, Keitarou Motonaga : Director, Taku Iwasaki : Music, Kazuhisa Nakamura : Character Design, Gaku Iwasa : Producer, Kayako Kuno : 2Nd Key Animator"
Puella Magi Madoka Magica the Movie Part 1: Beginnings, Mahou Shoujo Madoka Magica Movie 1: Hajimari no Monogatari,Movie,,SHAFT,,"Fantasy, Magical Girl, Contemporary Fantasy, Dark Fantasy, Henshin Heroes, Magic, Melancholy, Psychological, Recap, School Life, Thriller, Urban Fantasy",4.1,2012.0,,"""One day, a girl named Homura arrives at Mitakihara Middle School as a transfer student, mysteriously warning her classmate Madoka to stay just the way she is. But when Madoka and her best friend Miki are pulled into a twisted illusion world and meet a magical creature named Kyubey, the pair discovers that magical girls are real, and what's more, they can choose to become one. All they must do is sign a contract with Kyubey and agree to fight witches that spread despair to the human world, and in return they will be granted a single wish. However, as Homura's omen suggests, there's far more to becoming a magical girl than Madoka and Miki realize...""",,"Puella Magi Madoka Magica: Anthology Comic, Puella Magi Kazumi☆Magica: The Innocent Malice, Puella Magi Madoka Magica, Puella Magi Oriko Magica, Puella Magi Homura Tamura: Parallel Worlds Do Not Remain Parallel Forever, Mitakihara Youchien Mahougumi, Mitakihara☆Anti-Materials, Puella Magi Madoka☆Magica: The Different Story, Puella Magi Tart Magica: The Legend of ""Jeanne d'Arc"", Puella Magi Madoka Magica: The Movie - Rebellion, Puella Magi Suzune☆Magica, Puella Magi Madoka Magica: Wraith Arc, FM Kamihama Holy Radio Station: Puella Magi Madoka Magica Side Story: Magia Record","Puella Magi Madoka Magica the Movie Part 4: Walpurgisnacht - Rising, Puella Magi Madoka Magica, ClariS: Luminous, Puella Magi Madoka Magica the Movie Part 2: Eternal, Puella Magi Madoka Magica the Movie Part 3: Rebellion","Homura Akemi : Chiwa Saitou, Kyubey : Emiri Katou, Madoka Kaname : Aoi Yuuki, Sayaka Miki : Eri Kitamura, Junko Kaname : Yuuko Gotou, Kyoko Sakura : Ai Nonaka, Mami Tomoe : Kaori Mizuhashi, Anja, Magica Quartet
Original Creator, Ume Aoki
Original Character Design, Akiyuki Simbo
Chief Director & Series Composition, Yukihiro Miyamoto
Director & Episode Director, Shaft
Series Composition, Yuki Kajiura
Music, Takahiro Kishida
Character Design, Junichirou Taniguchi
Character Design","Magica Quartet : Original Creator, Ume Aoki : Original Character Design, Akiyuki Simbo : Chief Director & Series Composition, Yukihiro Miyamoto : Director & Episode Director, Shaft : Series Composition, Yuki Kajiura : Music, Takahiro Kishida : Character Design, Junichirou Taniguchi : Character Design"
History's Strongest Disciple Kenichi OVA, Shijou Saikyou no Deshi Kenichi OVA,OVA  ,11.0,Brain's Base,,"Action, Shounen, Hand to Hand Combat, Martial Arts, Weak to Strong, Based on a Manga",4.09,2012.0,2014.0,"""Soon after Kenichi's defeat of Ragnarok, the Ryozanpaku masters find out about an aliance between some of their enemies. Now the entire Ryuzanpaku dojo, both its masters and students, find themselves targets of powerful martial artists. To Kenichi's dismay, this also means his training also becomes a lot harsher. Spurred on by Kenichi's growing strength, the former Ragnarok members also begin to seek to improve their fighting styles.""",,"Tatakae! Ryouzanpaku Shijou Saikyou no Deshi, History's Strongest Disciple Kenichi, Shijou Saikyou no Gaiden, History's Strongest Disciple Kenichi Plus","History's Strongest Disciple Kenichi, History's Strongest Disciple Kenichi OVA Specials","Kenichi Shirahama : Tomokazu Seki, Miu Fuurinji, Agaard Jum Sai, Akira Hongou, Akisame Kouetsuji, Alexander Gaidar, Apachai Hopachai, Boris Ivanov, Shun Matsuena
Original Creator, Hiroshi Ishiodori
Director, Keiji Inai
Music, Hideyuki Motohashi
Character Design, Juukou Ozawa
Producer","Shun Matsuena : Original Creator, Hiroshi Ishiodori : Director, Keiji Inai : Music, Hideyuki Motohashi : Character Design, Juukou Ozawa : Producer"
Nekomonogatari (Black), Nekomonogatari (Kuro),TV Sp,,SHAFT,,"Action, Comedy, Drama, Ecchi, Mystery, Romance, Curse, Panty Shots, Supernatural, Based on a Light Novel, Explicit Violence",4.08,2012.0,,"""Koyomi Araragi can't stop thinking about Tsubasa Hanekawa, the brilliant-yet-modest class representative who always follows the rules, but what the boy doesn't know is that beneath her facade, Tsubasa harbors an extraordinary amount of pent-up stress. Things change one day for the girl when she encounters a supernatural feline that allows her to break free from her normal self... causing immense chaos in the process! Luckily for Tsubasa, Koyomi will do anything to help a friend and he sets forth on a mission to return her to normal by any means necessary, leading to an unforgettable Golden Week.""",Explicit Violence,"Nekomonogatari: Cat Tale (Light Novel), Bakemonogatari","Bakemonogatari, Bakemonogatari Recap, Nisemonogatari, Nekomonogatari (Black) Recap, Monogatari Series: Second Season, Hanamonogatari, Tsukimonogatari, Owarimonogatari, Kizumonogatari Part 1: Tekketsu, Koyomimonogatari, Kizumonogatari Part 2: Nekketsu, Kizumonogatari Part 3: Reiketsu, Owarimonogatari II, Zoku Owarimonogatari","Koyomi Araragi : Hiroshi Kamiya, Tsubasa Hanekawa : Yui Horie, Karen Araragi : Eri Kitamura, Meme Oshino : Takahiro Sakurai, Shinobu Oshino : Maaya Sakamoto, Tsukihi Araragi : Yuka Iguchi, Dramaturgie, Episode, Nisioisin
Original Creator, Vofan
Original Character Design, Akiyuki Simbo
Chief Director & Series Composition, Tomoyuki Itamura
Director & Episode Director & Key Animator & Storyboard, Shaft
Series Composition, Satoru Kousaki
Music & Song Arrangement & Song Composition, Akio Watanabe
Character Design & Key Animator, Takayuki Aizu
Ed Director & Photography Director","Nisioisin : Original Creator, Vofan : Original Character Design, Akiyuki Simbo : Chief Director & Series Composition, Tomoyuki Itamura : Director & Episode Director & Key Animator & Storyboard, Shaft : Series Composition, Satoru Kousaki : Music & Song Arrangement & Song Composition, Akio Watanabe : Character Design & Key Animator, Takayuki Aizu : Ed Director & Photography Director"
From the New World, Shinsekai yori,TV   ,25.0,A-1 Pictures,Fall ,"Adventure, Drama, Mystery, Sci Fi, Childhood Friends, Coming of Age, Dystopia, Post-apocalyptic, Psychic Powers, Superpowers, Thriller, Based on a Novel, Violence",4.05,2012.0,2013.0,"'One thousand years from now, humanity live pastoral lives aided by psychokinetic powers and the subservient Monster Rats. Saki Watanabe has just come of age, and her power has been reined in through meditation and hypnosis. She joins the Unified Class, where she will learn about her power\xa0and the world around her; yet so much of the truth is kept hidden. Her friends Shun, Mamoru, Satoru, and Maria share in her curiosity, and decide to go out of their way to seek the truth. But will the secrets of the past and present turn out to be things that Saki really wants to know?'",Violence,"From the New World (Novel), From the New World",,"Mamoru Itou : Motoki Takagi, Maria Akizuki : Kana Hanazawa, Saki Watanabe : Risa Taneda, Satoru Asahina : Yuuki Kaji, Shun Aonuma : Mai Toudou, Inui : Kohsuke Toriumi, Kiroumaru : Hiroaki Hirata, Squera : Daisuke Namikawa, Masashi Ishihama
Director, Naomichi Yamato
Assistant Director, Masashi Sogo
Screenplay & Series Composition, Shigeo Komori
Music, Chikashi Kubota
Character Design, Tomonori Ochikoshi
Producer, Osamu Hosokawa
Producer, Tetsuya Kinoshita
Producer","Masashi Ishihama : Director, Naomichi Yamato : Assistant Director, Masashi Sogo : Screenplay & Series Composition, Shigeo Komori : Music, Chikashi Kubota : Character Design, Tomonori Ochikoshi : Producer, Osamu Hosokawa : Producer, Tetsuya Kinoshita : Producer"
Junjou Romantica OVA,,OVA  ,1.0,Studio DEEN,,"BL, Comedy, Shounen-ai, Age Gap, LGBT Themes, Romantic Comedy, Based on a Manga, Sexual Content",4.05,2012.0,,"'The OVA is divided into three separate stories. The first one is called ""Junjou Egoist"" and relates to the couple Kamijou Hiroki and Kusama Nowaki who are taking a trip on the Shindai train. The second one is called ""Junjou Terrorist"" and relates to the couple Miyagi You and Takatsuki Shinobu who are having difficulty accepting the age gap between them. And the last one is called ""Junjou Romantica"" and relates to the couple Usami Akihiko and Takahashi Misaki who are remembering the early days when Usami tutored Takahashi for his entrance college exams.'",Sexual Content,"Junjou Romantica, Junjou Mistake","Junjou Romantica Special, Junjou Romantica, Junjou Romantica 2, Junjou Romantica 3, Junjou Romantica OVA 2","Akihiko Usami : Hikaru Hanada, Hiroki Kamijou : Kentarou Itou, Misaki Takahashi : Takahiro Sakurai, Nowaki Kusama : Nobutoshi Canna, Shinobu Takatsuki : Daisuke Kishio, You Miyagi : Kazuhiko Inoue, Takahiro Takahashi : Kishou Taniyama, Shungiku Nakamura
Original Creator, Chiaki Kon
Director","Shungiku Nakamura : Original Creator, Chiaki Kon : Director"
Hyouka,,TV   ,22.0,Kyoto Animation,Spring,"Drama, Mystery, Shounen, School Club, School Life, Based on a Novel",4.05,2012.0,,"'""If I don\'t have to do it, I won\'t. If I do have to do it, make it quick,"" is the basic principle by which energy conservationist Houtarou Oreki lives. But after his sister convinces him to join the Classics Club, Houtarou\'s life is turned upside down when he meets Chitanda, a perpetually-inquisitive girl who challenges the boy\'s easygoing existence. Intrigued by the slightest hint of a mystery afoot, Chitanda doesn\'t hesitate to pester the reluctant yet highly analytical Houtarou into satisfying her curiosity at every turn, no matter how small the problem. Alongside fellow members Satoshi and Ibara, the group tackles cases ranging from a self-locking classroom door, a strangely-popular library book, and even the shadowy history of the very club to which they belong!'",,"Kouten-bu Series (Novel), Hyouka",Hyouka: What Should Be Had,"Eru Chitanda : Satomi Satou, Houtarou Oreki : Yuuichi Nakamura, Mayaka Ibara : Ai Kayano, Satoshi Fukube : Daisuke Sakaguchi, Fuyumi Irisu : Yukana, Ariyoshi : Natsuki Kitakata, Artisan Club Member : Yoshihisa Kawahara, Ayako Kouchi : Masumi Asano, Honobu Yonezawa
Original Creator, Futoshi Nishiya
Animation Director & Character Design & Chief Animation Director & Original Character Design, Yasuhiro Takemoto
Director & Episode Director & Storyboard, Shouji Gatou
Screenplay & Series Composition, Kouhei Tanaka
Music, Ryuuta Nakagami
Photography Director, Shuuhei Okude
Art Director, Naomi Ishida
Color Design","Honobu Yonezawa : Original Creator, Futoshi Nishiya : Animation Director & Character Design & Chief Animation Director & Original Character Design, Yasuhiro Takemoto : Director & Episode Director & Storyboard, Shouji Gatou : Screenplay & Series Composition, Kouhei Tanaka : Music, Ryuuta Nakagami : Photography Director, Shuuhei Okude : Art Director, Naomi Ishida : Color Design"
Kokoro Connect: Michi Random,,TV Sp,,SILVER LINK.,,"Drama, Romance, School Club, School Life, Supernatural, Based on a Light Novel",4.05,2012.0,,"""These episodes cover the story in Michi Random, the fourth volume of\xa0Sadanatsu Anda's original light novel series.""",,"Kokoro Connect (Light Novel), Kokoro Connect",Kokoro Connect,"Himeko Inaba : Miyuki Sawashiro, Iori Nagase : Aki Toyosaki, Taichi Yaegashi : Takahiro Mizushima, Yoshifumi Aoki : Takuma Terashima, Yui Kiriyama : Hisako Kanemoto, Heartseed, Kaoru Setouchi : Sumire Uesaka, Maiko Fujishima : Shizuka Itou, Shin Oonuma
Chief Director, Shinya Kawatsura
Director, Yasuhiro Misawa
Music, Toshifumi Akai
Character Design, Takahiro Yamanaka
Producer, Masako Takayama
Producer, Jun Fukuta
Episode Director","Shin Oonuma : Chief Director, Shinya Kawatsura : Director, Yasuhiro Misawa : Music, Toshifumi Akai : Character Design, Takahiro Yamanaka : Producer, Masako Takayama : Producer, Jun Fukuta : Episode Director"
Detective Conan Movie 16: The Eleventh Striker, Meitantei Conan Movie 16: 11-ninme no Striker,Movie,,TMS Entertainment,,"Action, Mystery, Shounen, Sports, Age Transformation, Detectives, Soccer, Terrorism, Thriller, Based on a Manga",4.05,2012.0,,"""After an interaction with J-League professional players, Conan watches the big match between Tokyo Spirits and Gamba Osaka, only to find out that a bomb has been planted in the stadium. It is now up to Conan once more to foil the culprit's plans and reveal their true identity.""",,"Magic Kaitou, Case Closed, Detective Conan: Tokubetsu-hen, Detective Conan (Shima MIZUKI) (Light Novel), Detective Conan: Zero's Tea Time","Detective Conan, Detective Conan Movie 1: The Time Bombed Skyscraper, Detective Conan Movie 2: The Fourteenth Target, Detective Conan Movie 4: Captured In her Eyes, Detective Conan Movie 5: Countdown to Heaven, Detective Conan Movie 6: The Phantom of Baker Street, Detective Conan Movie 7: Crossroad in the Ancient Capital, Detective Conan Movie 8: Magician of the Silver Sky, Detective Conan Movie 9: Strategy Above the Depths, Detective Conan Movie 11: Jolly Roger in the Deep Azure, Detective Conan Movie 12: Full Score of Fear, Detective Conan Movie 13: The Raven Chaser, Detective Conan Movie 14: The Lost Ship in the Sky, Detective Conan Movie 15: Quarter of Silence, Detective Conan Movie 17: Zekkai no Private Eye, Detective Conan Movie 18: The Sniper From Another Dimension, Detective Conan Movie 19: The Hellfire Sunflowers, Detective Conan Movie 20: The Darkest Nightmare, Detective Conan Movie 21: Kara Kurenai no Love Letter, Detective Conan Movie 22: Zero The Enforcer, Detective Conan Movie 23: The Fist of Blue Sapphire, Detective Conan Movie 24: The Scarlet Bullet","Ai Haibara : Megumi Hayashibara, Ayumi Yoshida : Yukiko Iwai, Conan Edogawa : Minami Takayama, Genta Kojima : Wataru Takagi, Kogoro Mori : Rikiya Koyama, Mitsuhiko Tsuburaya : Ikue Ootani, Ran Mori : Wakana Yamazaki, Juzo Megure : Chafurin, Katsuo Ono
Music, Arthell Isom
Background Artist","Katsuo Ono : Music, Arthell Isom : Background Artist"
Naruto Shippuden Movie 6: Road to Ninja,,Movie,,Pierrot,,"Action, Fantasy, Shounen, Ninja, Person in a Strange World, Based on a Manga",4.04,2012.0,,"""Naruto the orphan has always wanted a family, while recently Sakura has wished her overbearing parents would give her some space. So when the villainous Madara sneaks into the village and banishes them to a parallel world, the pair sees their desires come true in a way they never thought possible! In this alternate Konoha, Shino hates bugs, Hinata is an aggressive hot-head, and Sasuke is a laid-back playboy - not to mention Naruto and Sakura's lives are switched! His parents are suddenly alive and well, and she's the orphan turned village hero. After a short time, Sakura sees the folly of her ways and is ready to try to find a way to return; but now that Naruto has everything he's ever wanted, he'll have to decide if perception really can trump reality.""",,"Naruto (Pilot), Naruto, Naruto: Innocent Heart, Demonic Blood (Light Novel), Rock Lee's Springtime of Youth, Naruto Shippuden Movie 5: Blood Prison (Light Novel), Road to Naruto the Movie, Road to Ninja: Naruto the Movie (Light Novel), Naruto Jinraiden: Okami no Naku Hi (Light Novel), Naruto: Mission - Protect the Waterfall Village! (Light Novel), Naruto: Chibi Sasuke’s Sharingan Legend, Boruto: Road to ""B"", Naruto Secret Chronicles (Light Novel), Naruto: The Seventh Hokage and the Scarlet Spring, Boruto: Naruto the Movie Tokubetsu Bangai-hen - Naruto ga Hokage ni Natta Hi, Boruto: Naruto the Movie (Light Novel), Naruto True Story (Light Novel), Naruto Gaiden: Michita Tsuki ga Terasu Michi, Naruto: Konoha Shinden - Yukemuri Ninpouchou (Light Novel)","Naruto Shippuden, Naruto Shippuden Movie 1, Naruto Shippuden: Konoha Gakuen Picture Drama Special, Naruto Shippuden Movie 2: Bonds, Naruto Shippuden Movie 3: The Will of Fire, Naruto Shippuden Movie 4: The Lost Tower, Naruto Shippuden OVA: Sage Naruto vs Sasuke, Naruto Shippuden Movie 5: Blood Prison, Naruto: Honoo no Chuunin Shiken! Naruto vs Konohamaru!!, Naruto Shippuden: Sunny Side Battle!, The Last: Naruto the Movie","Naruto Uzumaki : Junko Takeuchi, Sakura Haruno : Chie Nakamura, Kakashi Hatake : Kazuhiko Inoue, Kushina : Emi Shinohara, Kyuubi : Tesshou Genda, Menma : Junko Takeuchi, Might Guy : Masashi Ebara, Minato Namikaze : Toshiyuki Morikawa, Masashi Kishimoto
Character Design & Original Creator, Hayato Date
Director, Tetsuya Nishio
Character Design, Hirofumi Suzuki
Character Design, Hiroyuki Yamashita
Character Design, Naoji Hounokidani
Producer","Masashi Kishimoto : Character Design & Original Creator, Hayato Date : Director, Tetsuya Nishio : Character Design, Hirofumi Suzuki : Character Design, Hiroyuki Yamashita : Character Design, Naoji Hounokidani : Producer"
Jormungand,,TV   ,12.0,WHITE FOX,Spring,"Action, Seinen, Gangs, Guns, Mercenaries, Military, Based on a Manga, Nudity,, Violence",4.04,2012.0,,"'Jonah is a child soldier and the newest bodyguard for Koko, an international arms dealer with an entourage of hired guns. The cold-blooded kid hates Koko’s line of work, but following her into the darkest corners of the black market might be the only way he can find those responsible for his family’s slaughter. Besides, his employer isn’t like most merchants of death. She uses guile and cutthroat tactics to keep her clients armed to the teeth—all while cultivating her own warped plan for the future of world peace. With the CIA desperate for her capture, assassins eager to collect her head, and the potential for every contract to end in ultra-violence, Koko and her comrades in arms bring the boom to every corner of the world.'","Nudity,, Violence",Jormungand,"Jormungand Recap, Jormungand: Perfect Order","Jonah : Mutsumi Tamura, Koko Hekmatyar : Shizuka Itou, Akihiko Tojo : Hitoshi Yanai, Lehm Brick : Unshou Ishizuka, Lutz : Wataru Hatano, Mao : Gou Shinomiya, R : Katsuyuki Konishi, Scarecrow : Tooru Nara, Keitarou Takahashi
Original Creator, Keitarou Motonaga
Director, Taku Iwasaki
Music, Kazuhisa Nakamura
Character Design, Mitsutoshi Ogura
Producer, Junya Okamoto
Producer, Gaku Iwasa
Producer","Keitarou Takahashi : Original Creator, Keitarou Motonaga : Director, Taku Iwasaki : Music, Kazuhisa Nakamura : Character Design, Mitsutoshi Ogura : Producer, Junya Okamoto : Producer, Gaku Iwasa : Producer"
Berserk: Golden Age Arc I - The Egg of the King, Berserk: Ougon Jidai-hen I - Haou no Tamago,Movie,,Studio 4°C,,"Action, Fantasy, Seinen, Dark Fantasy, Demons, Medieval, Mercenaries, Overpowered Main Characters, Swordplay, Based on a Manga, Explicit Violence,, Nudity",4.04,2012.0,,"""He trusts nothing but his own sword. He has no place to call home. The lone mercenary Guts travels a land ravaged by a hundred-year war. Moving from battlefield to battlefield, his skill and ferocity eventually attract the attention of Griffith, the leader of a group of mercenaries called The Band of the Hawk. Desiring Guts's power to help him achieve his goals, Griffith succeeds in recruiting the distrustful Guts by challenging him to a duel and defeating him. As the Band of the Hawk fight together and their bond as a unit grows stronger, Griffith and Guts's bond deepens as well. With their continued success on the battlefield, Griffith achieves the first step toward his lofty goals: his band of mercenaries becomes recognized as a full-fledged army within the Midland Kingdom. Despite all their success, Guts begins to question his reasons for fighting for Griffith's dream, which, unbeknownst to Guts, is destined to bestow a monstrous fate on them both.""","Explicit Violence,, Nudity","Berserk (Pilot), Berserk, Berserk: Shinen no Kami","Berserk, Berserk: Golden Age Arc II - The Battle for Doldrey, Berserk: Golden Age Arc III - The Advent, Berserk (2016), Berserk (2017)","Griffith : Takahiro Sakurai, Guts : Hiroaki Iwanaga, Casca : Toa Yukinari, Charlotte : Aki Toyosaki, Corkus : Yoshirou Matsumoto, Judeau : Yuuki Kaji, King Of Midland : Nobuyuki Katsube, Lord Yurius : Rikiya Koyama, Kentaro Miura
Original Creator, Toshiyuki Kubooka
Director, Shirou Sagisu
Music, Susumu Hirasawa
Music, Naoyuki Onda
Character Design & Chief Animation Director, Eiko Tanaka
Producer, Mitsuru Ooshima
Producer, Eiichi Kamagata
Producer","Kentaro Miura : Original Creator, Toshiyuki Kubooka : Director, Shirou Sagisu : Music, Susumu Hirasawa : Music, Naoyuki Onda : Character Design & Chief Animation Director, Eiko Tanaka : Producer, Mitsuru Ooshima : Producer, Eiichi Kamagata : Producer"
Nura: Rise of the Youkai Clan OVA, Nurarihyon no Mago OVA,OVA  ,2.0,Studio DEEN,,"Japanese Mythology, Youkai",4.01,2012.0,2013.0,'No synopsis yet - check back soon!',,"Nura: Rise of the Yokai Clan (Pilot), Nura: Rise of the Yokai Clan, Nura: Rise of the Yokai Clan (Light Novel)","Nura: Rise of the Youkai Clan, Nura: Rise of the Youkai Clan Recaps, Nura: Rise of the Youkai Clan - Jump Super Anime Tour Special, Nura: Rise of the Youkai Clan - Demon Capital, Nura: Rise of the Youkai Clan - Demon Capital Recaps","Nurarihyon, Rihan Nura, Akagappa, Aotabou, Blue Namahage, Emushi, Kejourou, Ko-Oni",
Sword Art Online,,TV   ,25.0,A-1 Pictures,Summer,"Action, Adventure, Fantasy, Sci Fi, Dungeon, High Stakes Games, MMORPG, Overpowered Main Characters, PVE, PVP, RPG, Trapped in a Video Game, Virtual Reality, Based on a Light Novel, Mature Themes,, Physical Abuse,, Sexual Abuse,, Suicide",4.0,2012.0,,"""The year is 2022, and gamers have lined up on launch day for Sword Art Online, a hotly-anticipated MMORPG that\xa0lets players connect to an immersive virtual reality\xa0world with special helmets called Nerve Gear. Kirito is one such\xa0gamer who's\xa0eager to jump back into\xa0action, having spent a great deal of time\xa0as a beta tester,\xa0and quickly becomes friends with newbie warrior\xa0Klein. But soon, Sword Art Online's 10,000 players discover that not only are they unable to log out, the only way they can return to their physical bodies is by beating the 100-level tower's final boss - that is, if their HP doesn't drop to zero first, for death in the game means death in the real world. Now, with no one else to turn to, Kirito and the other participants must survive the game as best they can – some forming guilds, others ruthlessly leaving their peers behind, and many tragically falling by the wayside or to the merciless monsters populating the lands...""","Mature Themes,, Physical Abuse,, Sexual Abuse,, Suicide","Sword Art Online (Light Novel), Sword Art Online: Aincrad, Sword Art Online 4-koma, Sword Art Online SS: Calibur SS-han (Light Novel), Sword Art Online: Fairy Dance, Sword Art Online Side Stories (Light Novel), Sword Art Online: Lisbeth Edition, Sword Art Online: Progressive (Light Novel), Sword Art Online Comic Anthology, Sword Art Online: Girls' Ops, Sword Art Online: Progressive, Sword Art Online Alternative: Gun Gale Online (Light Novel), Sword Art Online: Mother's Rosary, Sword Art Online: Phantom Bullet, Sword Art Online: Calibur, Sword Art Online Alternative: Gun Gale Online, Sword Art Online: Aincrad Night of Kirito, Sword Art Online Alternative: Clover's Regret (Light Novel), Sword Art Online: Project Alicization, Sword Art Online: Hollow Realization, Sword Art Online Iden: Kibaou-han!, Sword Art Online: Hopeful Chant (Light Novel), Sword Art Online: Ordinal Scale, Sword Art Online: Kirito no Gun Gale Wars, Sword Art Online: Progressive - Barcarolle of Froth, Sword Art Online - Material Edition: Remix, Sword Art Online: Kiss and Fly","Sword Art Online: Sword Art Offline, Sword Art Online: Extra Edition, Sword Art Online: Sword Art Offline - Extra Edition, Sword Art Online II, Sword Art Online II: Debriefing, Sword Art Online II: Sword Art Offline II, Sword Art Online Movie: Ordinal Scale, Sword Art Online: Fatal Bullet - The Third Episode, Sword Art Online Alternative: Gun Gale Online, Sword Art Online Alternative: Gun Gale Online - Refrain, Sword Art Online: Alicization, Sword Art Online: Alicization - War of Underworld, Sword Art Online: Alicization - War of Underworld: Part II, Sword Art Online: Progressive Movie 1 - Aria of a Starless Night, Sword Art Online: Progressive Movie 2 - Scherzo of Deep Night","Asuna Yuuki : Haruka Tomatsu, Kirito : Yoshitsugu Matsuoka, Suguha Kirigaya : Ayana Taketatsu, Agil : Hiroki Yasumoto, Akihiko Kayaba : Kouichi Yamadera, Heathcliff : Tooru Ookawa, Klein : Hiroaki Hirata, Nobuyuki Sugou : Takehito Koyasu, Tomohiko Itou
Director, Yuki Kajiura
Music, Shingo Adachi
Character Design, Kazuko Nakashima
Color Design, Yoshikazu Iwanami
Sound Director, Kazuma Miki
Producer, Shinichirou Kashiwada
Producer, Shigeru Nishiyama
Editor","Tomohiko Itou : Director, Yuki Kajiura : Music, Shingo Adachi : Character Design, Kazuko Nakashima : Color Design, Yoshikazu Iwanami : Sound Director, Kazuma Miki : Producer, Shinichirou Kashiwada : Producer, Shigeru Nishiyama : Editor"
The Prince of Tennis II, Shin Tennis no Ouji-sama,TV   ,13.0,M.S.C.,Winter,"Shounen, Sports, Tennis, Based on a Manga",,2012.0,,"'Middle school students fought fiercely against one another in a national tournament. Now, 50 chosen representatives return to fight again as high school students! The stage is the U-17 (Under Seventeen) Japanese Representative Training Camp. Middle school students have been invited for the first time to a camp known to produce the best Japanese tennis players. National champions from Seigaku, Hyotei, Rikkai, Shitenhoji... With all the rivals from the national tournament attending, everyone eagerly awaits their reunion. At first, the middle schoolers do not expect much from their high school opponents. However, the training camp is not so easy! Athletes with skills incomparable to those they previously faced and their mysterious coach appear before them. Faced with numerous demanding challenges, can the middle schoolers survive in this meritocratic training camp?'",,"Prince of Tennis, Shin Tennis no Ouji-sama","The Prince of Tennis, The Prince of Tennis: The National Tournament, The Prince of Tennis: The National Tournament - Semifinal, The Prince of Tennis: The National Tournament - Final, The Prince of Tennis: Another Story - Kako to Mirai no Message, The Prince of Tennis: Another Story II - Ano Toki no Bokura, The Prince of Tennis II Specials, The Prince of Tennis II OVA vs. Genius 10, The Prince of Tennis II: Hyoutei vs Rikkai - Game of Future, The Prince of Tennis II: U-17 World Cup","Eiji Kikumaru : Hiroki Takahashi, Kaoru Kaidou : Kohei Kiyasu, Kunimitsu Tezuka : Ryotaro Okiayu, Ryoma Echizen : Junko Minagawa, Sadaharu Inui : Kenjirou Tsuda, Shuichirou Oishi : Takayuki Kondou, Shuusuke Fuji : Yuki Kaida, Takashi Kawamura : Naru Kawamoto, Cheru Watanabe
Music, Akiharu Ishii
Character Design, Naoki Miura
Producer, Masahiro Hosoda
Episode Director, Kenichi Maejima
Episode Director, Shinpei Kamata
Key Animator","Cheru Watanabe : Music, Akiharu Ishii : Character Design, Naoki Miura : Producer, Masahiro Hosoda : Episode Director, Kenichi Maejima : Episode Director, Shinpei Kamata : Key Animator"
One Piece: Episode of Luffy - Hand Island no Bouken, One Piece: Episode of Luffy,TV Sp,,Toei Animation,,"Action, Adventure, Fantasy, Shounen, Island, Pirates, Superpowers, Based on a Manga",3.99,2012.0,,"'When Luffy and the crew were attacked by several marine warships they are forced to use Coup de Burst to escape. Crash landing on an island, the crew decide to explore while repairs occur. Upon meeting an wax artisan and learning the truth behind the island, Luffy offers his help.'",,"One Piece, One Piece: Taose! Kaizoku Ganzack (Light Novel), One Piece: Loguetown-hen (Light Novel), One Piece: Strong World, Chopperman: Yuke Yuke! Minna no Chopper-sensei, One Piece x Toriko: Jisshoku! Akuma no Mi!!, One Piece Party, One Piece Ace's Story (Light Novel), One Piece episode A",One Piece,"Monkey D. Luffy : Mayumi Tanaka, Bilic : Naoki Tatsuta, Brook : Choo, Coby : Mika Doi, Diego : Takayuki Sugou, Franky : Kazuki Yao, Nami : Akemi Okamura, Regis : Takuya Kirimoto, Eiichiro Oda
Original Creator, Hiroyuki Morita
Director, Mitsuru Hongo
Director, Kouhei Tanaka
Music, Kazuya Kuda
Character Design, Noboru Koizumi
Character Design","Eiichiro Oda : Original Creator, Hiroyuki Morita : Director, Mitsuru Hongo : Director, Kouhei Tanaka : Music, Kazuya Kuda : Character Design, Noboru Koizumi : Character Design"
Blast of Tempest, Zetsuen no Tempest: The Civilization Blaster,TV   ,24.0,Bones,Fall ,"Adventure, Drama, Mystery, Romance, Shounen, Animeism, Conspiracy, Island, Magic, Revenge, Based on a Manga",3.99,2012.0,2013.0,"""Hakaze, princess of the Kusaribe mage clan, has been betrayed and marooned on an island by her own people. They seek to revive the Tree of Exodus, an incomprehensibly powerful entity of alien origin, to save the world from the tyranny of its antithesis: the Tree of Genesis that powers their magic. Hakaze, however, believes their efforts put humanity in jeopardy; and with her power limited, she can only reach out to the world to beg for aid. Her call reaches Mahiro Fuwa, a young man grieving the mysterious death of his sister, Aika. He and his friend Yoshino agree to help - on the condition that Hakaze track down Aika's killer with her magic. The deal is made, and the battle that will determine civilization's fate is begun: but who will play the part of its villain, and who its savior?""",,Zetsuen no Tempest,,"Hakaze Kusaribe : Miyuki Sawashiro, Mahiro Fuwa : Toshiyuki Toyonaga, Yoshino Takigawa : Houko Kuwashima, Aika Fuwa : Kana Hanazawa, Evangeline Yamamoto : Nana Mizuki, Megumu Hanemura : Yuuki Kaji, Natsumura Kusaribe : Junichi Suwabe, Samon Kusaribe : Rikiya Koyama, Kyou Shirodaira
Original Creator, Arihide Sano
Original Creator, Masahiro Andou
Director, Michiru Ooshima
Music, Tsunenori Saitou
Character Design, Makoto Furukawa
Producer, Kousaku Sakamoto
Producer, Toshihiro Maeda
Producer","Kyou Shirodaira : Original Creator, Arihide Sano : Original Creator, Masahiro Andou : Director, Michiru Ooshima : Music, Tsunenori Saitou : Character Design, Makoto Furukawa : Producer, Kousaku Sakamoto : Producer, Toshihiro Maeda : Producer"
Blue Exorcist Movie, Ao no Exorcist Movie,Movie,,A-1 Pictures,,"Action, Fantasy, Shounen, Contemporary Fantasy, Demons, Exorcists, Supernatural, Urban Fantasy, Based on a Manga",3.99,2012.0,,"'When his adopted father, Shiro Fujimoto was killed by his biological father, Satan, Rin Okumura swore to become an exorcist to avenge Shiro\'s death declaring war on his own blood-relatives of the underworld…Everyone is in the midst of preparing for a festival which is celebrated once every 11 years in True Cross Academy Town. However behind the scenes in the shadows, a ""Phantom Train"" goes berserk while the barriers protecting the town from demon intrusions were under repair. Rin, Yukio, and Shiemi are sent to exorcise the Phantom Train, but as usual Rin complicates the situation. Among all of the chaos, Rin meets a demon in the form of a young boy. Meanwhile, Cheng-Long Liu, a Senior Exorcist First Class from the Taiwan Branch joins Shura in the repair operation and the story takes an unexpected turn as all their fates cross.'",,"Time Killers: Kazue Kato Short Story Collection, Blue Exorcist, Salaryman Futsumashi Okumura Yukio no Aishuu","Blue Exorcist, Blue Exorcist Specials, Blue Exorcist: Kuro's Trip Away From Home, Blue Exorcist Movie Special, Blue Exorcist: Kyoto Saga, Blue Exorcist OVA","Rin Okumura : Nobuhiko Okamoto, Usamaro : Rie Kugimiya, Yukio Okumura : Jun Fukuyama, Seiryu Liu : Hidenobu Kiuchi, Shiemi Moriyama : Kana Hanazawa, Shura Kirigakure : Rina Satou, Amaimon : Tetsuya Kakihara, Arthur Auguste Angel : Daisuke Ono, Kazue Katou
Original Creator, Atsushi Takahashi
Director, Hiroyuki Sawano
Music, Keigo Sasaki
Character Design, Hiroo Maruyama
Producer, Arimasa Okada
Producer, Kozue Kaneniwa
Producer, Makoto Furukawa
Producer","Kazue Katou : Original Creator, Atsushi Takahashi : Director, Hiroyuki Sawano : Music, Keigo Sasaki : Character Design, Hiroo Maruyama : Producer, Arimasa Okada : Producer, Kozue Kaneniwa : Producer, Makoto Furukawa : Producer"
You and Me. 2, Kimi to Boku. 2,TV   ,13.0,J.C.Staff,Spring,"Comedy, Shounen, Slice of Life, Childhood Friends, Iyashikei, School Life, Based on a Manga",3.99,2012.0,,"'""No matter how many years go by, I\'m sure we\'ll still be laughing together."" ""Twins Yuta and Yuki, Kaname, and Shun have been childhood friends since kindergarten. When transfer student Chizuru joins them, their five man school life becomes all the more lively. Through the changing seasons, the boys will find laughter, surprises, love, and new encounters waiting for them."" ""The second season of the boys growing a little every day of their invaluable daily lives is about to begin!""'",,Kimi to Boku.,You and Me.,"Chizuru Tachibana : Miyu Irino, Kaname Tsukahara : Yuuki Ono, Masaki Sato : Miyuki Satou, Shun Matsuoka : Toshiyuki Toyonaga, Yuuki Asaba : Ryouhei Kimura, Yuuta Asaba : Kouki Uchiyama, Akihiro Okamoto : Noriaki Sugiyama, Akira : Yuuki Kaji, Kiichi Hotta
Original Creator, Mamoru Kanbe
Director, Masato Nakayama
Music, Masayuki Onchi
Character Design, Yuuji Matsukura
Producer, Shuko Yokoyama
Producer, Yoshinobu Tokumoto
Episode Director","Kiichi Hotta : Original Creator, Mamoru Kanbe : Director, Masato Nakayama : Music, Masayuki Onchi : Character Design, Yuuji Matsukura : Producer, Shuko Yokoyama : Producer, Yoshinobu Tokumoto : Episode Director"
"Love, Chunibyo & Other Delusions!", Chuunibyou Demo Koi ga Shitai!,TV   ,12.0,Kyoto Animation,Fall ,"Comedy, Drama, Romance, School Life, Based on a Light Novel",3.98,2012.0,,"'Rikka Takanashi is a teenage girl who possesses the strongest ocular power known to man: the Tyrant’s Eye. She\'s currently locked in a fierce war with a shadowy organization, and the fate of the world may hang in the balance with each passing battle... or at least this is what she believes. In actuality, Rikka is merely a normal high school girl afflicted with chuunibyou syndrome, a ""disease"" that makes one prone to delusional flights of fancy. Meanwhile former chuunibyou sufferer Yuuta Togashi is enrolled at the same school, looking to put his embarrassing junior high exploits behind him. However, when Rikka discovers his past life as the ""Dark Flame Master"", she uses this to her advantage to include him in all of her wacky schemes! With Rikka’s zany behavior dragging him further and further from normalcy, Yuuta must try to pull her back into the real world – or risk getting sucked into hers!'",,"Love, Chunibyo & Other Delusions (Light Novel)","Love, Chunibyo & Other Delusions! Lite, Love, Chunibyo & Other Delusions! Depth of Field: Love and Hate Theater, Love, Chunibyo & Other Delusions! Sparkling... Slapstick Noel, Love, Chunibyo, & Other Delusions! Rikka Version, Love, Chunibyo & Other Delusions! Heart Throb, Love, Chunibyo & Other Delusions! Movie: Take On Me","Rikka Takanashi : Maaya Uchida, Yuuta Togashi : Jun Fukuyama, Kumin Tsuyuri : Azumi Asakura, Makoto Isshiki : Souichirou Hoshi, Sanae Dekomori : Sumire Uesaka, Shinka Nibutani : Chinatsu Akasaki, Becky : Kanae Oki, Brown-Haired Student : Juri Nagatsuma, Tatsuya Ishihara
Director, Akito Matsuda
Music, Kazumi Ikeda
Character Design, Shinichi Nakamura
Producer, Shigeru Saitou
Producer, Eharu Oohashi
Producer, Kengo Shigemura
Editor, Yoshiji Kigami
Episode Director & Storyboard","Tatsuya Ishihara : Director, Akito Matsuda : Music, Kazumi Ikeda : Character Design, Shinichi Nakamura : Producer, Shigeru Saitou : Producer, Eharu Oohashi : Producer, Kengo Shigemura : Editor, Yoshiji Kigami : Episode Director & Storyboard"
The World God Only Knows: Tenri Arc, Kami nomi zo Shiru Sekai: Tenri-hen,OVA  ,2.0,Manglobe,,"Comedy, Fantasy, Romance, Shounen, Demons, Based on a Manga",3.98,2012.0,,"""As time marches on, Keima Katsuragi finds it increasingly difficult to concentrate on his beloved dating sims. He has his work cut out for him, what with his contract with Hell that demands he seduce women into falling for him and release the escaped souls residing in their hearts. To make matters worse, his former acquaintance Tenri moves in next door and sets off Elsie's detector - but unlike the others, she's possessed by something far more mysterious. Now, Keima must protect this being from the other members of Hell's Runaway Spirit Squad and find out exactly what she is. But the ruthless Nora isn't one to be trifled with, and she'll use any means necessary to catch her prey!""",,"Kami Nomi zo Shiru Sekai, Kami nomi zo Shiru Sekai (Light Novel), Magical Star Kanon 100%, Kami nomi zo Shiru Sekai: On the Train+Pilot Films","The World God Only Knows: Flag 0, The World God Only Knows, Nonstop!! Hunters, The World God Only Knows II, The World God Only Knows: Natsuiro Surprise, The World God Only Knows: Four Girls and an Idol, The World God Only Knows: Magical Star Kanon 100%, The World God Only Knows: Goddesses Arc","Keima Katsuragi : Hiro Shimono, Tenri Ayukawa : Kaori Nazuka, Diana : Kaori Nazuka, Elucia De Lute Ima : Kanae Itou, Nora Floriann Leoria : Megumi Toyoguchi, Ryou Asama : Takuma Terashima, Keima'S Teacher : Miki Makiguchi, Mari Katsuragi : Ryouka Yuzuki, Kazuhiro Yamada
Photography Director, Yoshikazu Iwanami
Sound Director","Kazuhiro Yamada : Photography Director, Yoshikazu Iwanami : Sound Director"
Dusk Maiden of Amnesia, Tasogare Otome x Amnesia,TV   ,12.0,SILVER LINK.,Spring,"Mystery, Romance, Shounen, Ghosts, School Club, School Life, Supernatural, Based on a Manga, Nudity",3.98,2012.0,,"""Teiichi Niiya is a first year middle-school student at Seikyou Private Academy, an institution known for mysterious occurrences. The boy quickly finds these rumors to be true when he meets Yuuko Kanoe, a beautiful, mischievous girl who quickly takes a liking to him... and happens to be a ghost who seemingly no one else can see! Unable to remember anything about her past, Yuuko enlists Teiichi’s help to discover the truth, and together they join the school's Paranormal Investigation Club. With fellow memebers Momoe and Kirie, the pair will investigate the many strange happenings around campus, including the shadowy circumstances surrounding Yuuko’s death.""",Nudity,Dusk Maiden of Amnesia,Dusk Maiden of Amnesia: Ghost Girl,"Teiichi Niiya : Tsubasa Yonaga, Yuuko Kanoe : Yumi Hara, Kirie Kanoe : Eri Kitamura, Momoe Okonogi : Misato Fukuen, Asa : Mana Hirata, Hitomi Nishikawa : Kiyoka Matsu, Manako Kawatou : Saki Ogasawara, Yukariko Kanoe : Gara Takashima, Maybe
Original Creator, Takashi Sakamoto
Director, Shin Oonuma
Director & Episode Director & Storyboard, Keigo Hoashi
Music, Ryuuichi Takada
Music, Yukiko Ban
Character Design, Takeshi Naitou
Art Director, Takashi Tachizaki
Producer","Maybe : Original Creator, Takashi Sakamoto : Director, Shin Oonuma : Director & Episode Director & Storyboard, Keigo Hoashi : Music, Ryuuichi Takada : Music, Yukiko Ban : Character Design, Takeshi Naitou : Art Director, Takashi Tachizaki : Producer"
Kuroko's Basketball: NG-shuu, Kuroko no Basket NG-shuu,DVD S,,Production I.G,,"Comedy, Shounen, Sports, Basketball, Based on a Manga",3.97,2012.0,2013.0,'No synopsis yet - check back soon!',,"Kuroko’s Basketball, Kuroko's Basketball: Replace (Light Novel), Kuroko's Basketball: Extra Game, Kuroko's Basketball: Replace Plus","Kuroko's Basketball: Oshaberi Shiyokka, Kuroko's Basketball, Kuroko's Basketball: Tip Off, Kuroko's Basketball 2, Kuroko's Basketball OVA, Kuroko's Basketball: Let's Do That Again, Kuroko's Basketball: Oshaberi Demo Shimasen ka, Kuroko's Basketball 2: NG-shuu, Kuroko's Basketball 3: NG-shuu, Kuroko's Basketball 3, Kuroko's Basketball: The Greatest Present, Kuroko's Basketball Movie 1: Winter Cup Highlights -Shadow and Light-, Kuroko's Basketball Movie 2: Winter Cup Highlights -Beyond the Tears-, Kuroko's Basketball Movie 3: Winter Cup Highlights -Crossing the Door-, Kuroko's Basketball: Oshaberi Shiyou ka, Kuroko's Basketball: Last Game - NG-shuu, Kuroko's Basketball: Last Game","Taiga Kagami : Yuuki Ono, Tetsuya Kuroko : Kensho Ono, Daiki Aomine : Junichi Suwabe, Junpei Hyuga : Yoshimasa Hosoya, Kazunari Takao : Tatsuhisa Suzuki, Riko Aida : Chiwa Saitou, Ryouta Kise : Ryouhei Kimura, Shintarou Midorima : Daisuke Ono, Tadatoshi Fujimaki
Original Creator",Tadatoshi Fujimaki : Original Creator
Daily Lives of High School Boys Specials, Danshi Koukousei no Nichijou Specials,DVD S,,Sunrise,,"Comedy, Shounen, Slice of Life, Gag, School Life, Based on a Manga",3.97,2012.0,,'No synopsis yet - check back soon!',,"Daily Lives of High School Boys, Daily Lives of High School Boys Anthology",Daily Lives of High School Boys,"Hidenori Tabata : Tomokazu Sugita, Tadakuni : Miyu Irino, Yoshitake Tanaka : Kenichi Suzumura, Motoharu : Daisuke Namikawa, Takahiro Matsumoto : Showtaro Morikubo, Takahiro'S Friend : Junichi Suwabe, Mitsuo : Nobuhiko Okamoto, Overly Self-Conscious Woman : Haruna Ikezawa, Yasunobu Yamauchi
Original Creator",Yasunobu Yamauchi : Original Creator
Another,,TV   ,12.0,P.A. WORKS,Winter,"Horror, Mystery, Countryside, Curse, Psychological, School Life, Supernatural, Transfer Students, Based on a Light Novel, Mature Themes,, Physical Abuse,, Suicide,, Violence",3.97,2012.0,,"'26 years ago, something terrible happened in a middle school’s third year classroom. A popular, talented student named Misaki suddenly died, and the ramifications of that incident have caused each third year class since then to live in fear. It is now 1998, and Kouichi Sakakibara has just transferred into the notorious classroom, curious about the mysterious secret that his peers are hiding from him. He’s drawn to one enigmatic girl named Mei Misaki, a quiet student who wears an eye patch and warns him about getting involved with her, and continues to seek her out against the pleas of his classmates. And that’s when people begin to violently die...'","Mature Themes,, Physical Abuse,, Suicide,, Violence","Another (Light Novel), Another, Another 0, Another Episode S / 0 (Light Novel)","Another 0-kan, Another: Misaki Mei - Shizuka ni","Kouichi Sakakibara : Atsushi Abe, Mei Misaki : Natsumi Takamori, Izumi Akazawa : Madoka Yonezawa, Junta Nakao : Kengo Kasai, Naoya Teshigawara : Tomoaki Maeno, Reiko Mikami : Naoko Sakakibara, Sanae Mizuno : Seiko Yoshida, Takako Sugiura : Misato Fukuen, Yukito Ayatsuji
Original Creator, Tsutomu Mizushima
Director, Kow Otani
Music, Yuriko Ishii
Character Design, Yoshikazu Iwanami
Sound Director, Kenji Horikawa
Producer, Jun Fukuda
Producer, Eriko Aoki
Producer","Yukito Ayatsuji : Original Creator, Tsutomu Mizushima : Director, Kow Otani : Music, Yuriko Ishii : Character Design, Yoshikazu Iwanami : Sound Director, Kenji Horikawa : Producer, Jun Fukuda : Producer, Eriko Aoki : Producer"
Kokoro Connect,,TV   ,13.0,SILVER LINK.,Summer,"Drama, Romance, Androphobia, Body Swapping, Love Triangle, School Club, School Life, Supernatural, Based on a Light Novel",3.96,2012.0,,"""At Yamaboshi High, joining a school club is required, so when Himeko, Iori, Taichi, Yoshifumi and Yui couldn't find a suitable choice, they decided to create their own: the School Culture Club! Together, they pass the days meeting and coming up with topics for the group's newspaper – that is, until one day, Yoshifumi and Yui proclaim that they switched bodies last night! Soon after, all five members of the gang find themselves inadvertently swapping at random, with no end in sight. What, or who, caused this supernatural phenomenon?""",,"Kokoro Connect (Light Novel), Kokoro Connect, Kokoro Connect: On Air",Kokoro Connect: Michi Random,"Himeko Inaba : Miyuki Sawashiro, Iori Nagase : Aki Toyosaki, Taichi Yaegashi : Takahiro Mizushima, Yoshifumi Aoki : Takuma Terashima, Yui Kiriyama : Hisako Kanemoto, Heartseed, Maiko Fujishima : Shizuka Itou, Anzu Kiriyama : Ayane Sakura, Shin Oonuma
Chief Director, Shinya Kawatsura
Director, Yasuhiro Misawa
Music, Toshifumi Akai
Character Design, Kazuhiro Yamada
Photography Director, Takahiro Yamanaka
Producer, Masako Takayama
Producer, Jun Fukuta
Episode Director","Shin Oonuma : Chief Director, Shinya Kawatsura : Director, Yasuhiro Misawa : Music, Toshifumi Akai : Character Design, Kazuhiro Yamada : Photography Director, Takahiro Yamanaka : Producer, Masako Takayama : Producer, Jun Fukuta : Episode Director"
My Little Monster, Tonari no Kaibutsu-kun,TV   ,13.0,Brain's Base,Fall ,"Comedy, Romance, Shoujo, Slice of Life, Opposites Attract, Romantic Comedy, School Life, Based on a Manga",3.95,2012.0,,"""Impassive girl meets trouble maker in a brand new love story! After Mizutani Shizuku, a girl whose sole interest is studying, is asked to deliver some handouts to Yoshida Haru, a boy who hasn't come to school after spilling blood on the first day, she finds herself the target of his affection. This is a story about a boy and a girl who struggle with love and friendship. Opening yourself up to other people forces you to be honest with yourself.""",,My Little Monster,My Little Monster OVA,"Haru Yoshida : Tatsuhisa Suzuki, Shizuku Mizutani : Haruka Tomatsu, Asako Natsume : Atsumi Tanezaki, Kenji Yamaguchi : Takuma Terashima, Souhei Sasahara : Ryouta Oosaka, Chizuru Oshima : Kana Hanazawa, Issei Joujima : Shunzou Miyasaka, Kyoko Misawa : Ai Orikasa, Robiko
Original Creator, Hiro Kaburagi
Director, Masato Nakayama
Music, Tomohiro Kishi
Character Design, Makoto Shiraishi
Producer, Shuko Yokoyama
Producer, Sawako Hamano
Producer, Reiko Sasaki
Producer","Robiko : Original Creator, Hiro Kaburagi : Director, Masato Nakayama : Music, Tomohiro Kishi : Character Design, Makoto Shiraishi : Producer, Shuko Yokoyama : Producer, Sawako Hamano : Producer, Reiko Sasaki : Producer"
Yuru Yuri ♪♪, Yuruyuri: Happy Go Lily - Season 2,TV   ,12.0,Doga Kobo,Summer,"Comedy, GL, Seinen, Shoujo-ai, Slice of Life, School Club, School Life, Based on a Manga",3.95,2012.0,,"'With the Amusement club no longer in danger of being broken up by the student council, its members, Akari Akaza, Kyouko Toshinou, Yui Funami, and Chinatsu Yoshikawa, can finally focus on amusing themselves. More or less allied with the student council, the members of both organizations embark on wacky antics together! Plus, we finally meet the siblings of all these girls as they make the most of their days in middle school!'",,"Yuru Yuri, Risetto!, Big Sister Mode, Yuru Yuri Comic Anthology, Oomuroke","Yuru Yuri, Yuru Yuri: Doushite, Tomaranai, Tokimeki, Doki Doki, Paradox, Eternal, Yuru Yuri Nachu Yachumi!, Yuru Yuri Nachu Yachumi!+, Yuru Yuri San☆Hai!, Yuru Yuri,","Akari Akaza : Shiori Mikami, Chinatsu Yoshikawa : Rumi Ookubo, Kyouko Toshinou : Yuka Ootsubo, Yui Funami : Minami Tsuda, Ayano Sugiura : Saki Fujita, Chitose Ikeda : Aki Toyosaki, Himawari Furutani : Suzuko Mimori, Sakurako Ohmuro : Emiri Katou, Namori
Original Creator, Masahiko Oota
Director, Yasuhiro Misawa
Music, Chiaki Nakajima
Character Design, Takashi Yoshizawa
Producer, Youko Kawahara
Producer","Namori : Original Creator, Masahiko Oota : Director, Yasuhiro Misawa : Music, Chiaki Nakajima : Character Design, Takashi Yoshizawa : Producer, Youko Kawahara : Producer"
Toshokan Sensou: Kakumei no Tsubasa, Library War: The Wings of Revolution,Movie,,Production I.G,,"Action, Comedy, Drama, Library, Military, Political, Based on a Light Novel",3.95,2012.0,,"'A law threatens to clamp down on freedom of expression in 2019, and Iku Kasahara joins the Library Defense Force, a military unit dedicated to protecting books from being confiscated. However, she finds that the job of her childhood dreams is harder than she bargained for.'",,"Toshokan Sensou (Light Novel), Library Wars: Love & War, Toshokan Sensou Spitfire!, Toshokan Sensou: Love & War Bessatsu-hen","Library War, Library War: Romance Impairment","Atsushi Dojo : Tomoaki Hayashi, Iku Kasahara : Marina Inoue, Kurato Touma : Issei Ogata, Asako Shibasaki : Miyuki Sawashiro, Hikaru Tezuka : Tatsuhisa Suzuki, Kazuichi Inamine : Haruo Satou, Mikihisa Komaki : Akira Ishida, Satoshi Tezuka : Hiroyuki Yoshino, Takayuki Hamana
Director & Key Animator & Storyboard, Shigemi Ikeda
Art Director, Shinya Sugai
Cg Director, Takashi Watanabe
Producer, Yoshiaki Kyougoku
Key Animator","Takayuki Hamana : Director & Key Animator & Storyboard, Shigemi Ikeda : Art Director, Shinya Sugai : Cg Director, Takashi Watanabe : Producer, Yoshiaki Kyougoku : Key Animator"
Hidamari Sketch x Honeycomb,,TV   ,12.0,SHAFT,Fall ,"Comedy, Seinen, Slice of Life, Art, Art School, Boarding House, Iyashikei, Neighbors, School Life, Based on a 4-Koma Manga, Based on a Manga",3.95,2012.0,,"'At Hidamari Apartments, which is famous for being a gathering place for weirdos, art student Yuno is surrounded by heartwarming friends of Yamabuki High School. While still getting used to bumping into bizarre and chaotic situations every day, Yuno starts chasing her dreams step by step.'",,"Sunshine Sketch, Hidamari Sketch: Anthology Comic, Hidamari Sketch: Youkoso Hidamari-sou e (Light Novel), Hidamari Sketch: Hidamari School Life (Light Novel)","Hidamari Sketch, Hidamari Sketch Specials, Hidamari Sketch: Chou Hidamatsuri Special, Hidamari Sketch x 365, Hidamari Sketch x 365 EX, Hidamari Sketch x 365 Specials, Hidamari Sketch x Hoshimittsu, Hidamari Sketch x Hoshimittsu Specials, Hidamari Sketch x SP, Hidamari Sketch: Sae & Hiro's Graduation Arc","Hiro : Yuuko Gotou, Miyako : Kaori Mizuhashi, Nazuna : Chiaki Omigawa, Nori : Hitomi Harada, Sae : Ryouko Shintani, Yuno : Kana Asumi, Natsume : Misato Fukuen, Principal : Choo, Ume Aoki
Original Creator, Akiyuki Simbo
Director, Yuki Yase
Director & Ed Director & Episode Director & Op Director & Storyboard, Miku Ooshima
Screenplay & Series Composition, Tomoki Kikuya
Music, Yoshiaki Itou
Animation Director & Character Design & Key Animator, Rei Egami
Photography Director, Hisaharu Iijima
Art Director","Ume Aoki : Original Creator, Akiyuki Simbo : Director, Yuki Yase : Director & Ed Director & Episode Director & Op Director & Storyboard, Miku Ooshima : Screenplay & Series Composition, Tomoki Kikuya : Music, Yoshiaki Itou : Animation Director & Character Design & Key Animator, Rei Egami : Photography Director, Hisaharu Iijima : Art Director"
"Say ""I love you.""", Suki-tte Ii na yo.,TV   ,13.0,Zexcs,Fall ,"Drama, Romance, Shoujo, Slice of Life, School Life, Based on a Manga, Bullying,, Emotional Abuse",3.95,2012.0,,"'Mei Tachibana has had neither a friend nor a boyfriend in 16 years, and she doesn’t plan on ending that streak any time soon. The outcast learned years ago that social obligations only lead to pain, and has carefully guarded her heart to keep from getting hurt. However, the girl can’t stay withdrawn forever, especially after attracting the attention of the handsome Yamato, who finds her caustic personality interesting and strives to date her after she roundhouse kicks him down the stairs. But even the most earnest of romances can be crippled by jealousy and insecurity, and this pair has plenty of both. Can their feelings for each other overcome their own emotional weaknesses, or will this love perish before it even begins?'","Bullying,, Emotional Abuse",Say I Love You.,"Say ""I love you."" - Mei and Marshmallow, Say ""I love you."" OVA","Mei Tachibana : Ai Kayano, Yamato Kurosawa : Takahiro Sakurai, Aiko Mutou : Yumi Uchiyama, Asami Oikawa : Risa Taneda, Kai Takemura : Tomoaki Maeno, Kenji Nakanishi : Nobunaga Shimazaki, Megumi Kitagawa : Minako Kotobuki, Nagi Kurosawa : Mariya Ise, Kanae Hazuki
Original Creator, Toshimasa Kuroyanagi
Director, Takuya Satou
Director, Yuuji Nomi
Music, Yoshiko Okuda
Character Design, Junko Watanabe
Character Design, Shinichi Ikeda
Producer, Tomoko Kawasaki
Producer","Kanae Hazuki : Original Creator, Toshimasa Kuroyanagi : Director, Takuya Satou : Director, Yuuji Nomi : Music, Yoshiko Okuda : Character Design, Junko Watanabe : Character Design, Shinichi Ikeda : Producer, Tomoko Kawasaki : Producer"
The Prince of Tennis II Specials, Shin Tennis no Ouji-sama Specials,DVD S,,M.S.C.,,"Shounen, Sports, Tennis, Based on a Manga",3.95,2012.0,2013.0,"'After Nationals and before attending the U-17 Japanese team training camp, the middle schoolers enjoy a moment of free\xa0time. Tezuka goes lure fishing with his grandfather Kunikazu. Oshitari Yushi and Kenya get heated over a lottery in a shopping mall. Shiraishi is told a shocking truth by his sister Yukari as he cares for his rhinoceros beetle.'",,"Prince of Tennis, Shin Tennis no Ouji-sama","The Prince of Tennis, The Prince of Tennis: The National Tournament, The Prince of Tennis: The National Tournament - Semifinal, The Prince of Tennis: The National Tournament - Final, The Prince of Tennis: Another Story - Kako to Mirai no Message, The Prince of Tennis: Another Story II - Ano Toki no Bokura, The Prince of Tennis II, The Prince of Tennis II OVA vs. Genius 10","Eiji Kikumaru, Kaoru Kaidou, Kunimitsu Tezuka, Kuranosuke Shiraishi, Ryoma Echizen, Sadaharu Inui, Shuichirou Oishi, Shuusuke Fuji, Takeshi Konomi
Original Creator",Takeshi Konomi : Original Creator
Fairy Tail Movie 1: Phoenix Priestess, Fairy Tail Movie 1: Houou no Miko,Movie,,A-1 Pictures,,"Action, Fantasy, Shounen, Magic, Based on a Manga",3.95,2012.0,,"'When four young Fairy Tail members unite, their bond is forged by a power found in neither muscle nor magic and grows stronger with every mission. Whatever you do, don’t mess with these friends or you’ll get a taste of Natsu’s flaming fist or Gray’s ice hammer, suffer a painful blow from one of Lucy’s celestial spirits or catch the edge of Erza’s mighty blade! Whether they’re stopping demons from devastating the world or wrestling in the mess hall, this mystical team manages to inflict as much damage to their rivals as they do to the surrounding area!'",,"Fairy Tail Matsuri, Fairy Tail, Fairy Tail S: Tales from Fairy Tail, Fairy Tail the Movie: Priestess of The Phoenix - The Sunrise, Fairy Tail: Ice Trail, Fairy Tail Zero, Fairy Tail: Blue Mistral, Fairy Girls, Fairy Tail Gaiden, Fairy Tail: 100 Years Quest, Fairy Tail: City Hero","Fairy Tail, Fairy Tail OVA, Fairy Tail Movie 1: Phoenix Priestess - The First Morning, Fairy Tail 2, Fairy Tail 2 OVA, Fairy Tail Movie 2: Dragon Cry, Fairy Tail: Final Season","Eclair : Aya Endou, Erza Scarlet : Sayaka Oohara, Gray Fullbuster : Yuuichi Nakamura, Lucy Heartfilia : Aya Hirano, Momon : Mika Kanai, Natsu Dragneel : Tetsuya Kakihara, Charle : Yui Horie, Gajeel Redfox : Wataru Hatano, Hiro Mashima
Original Creator, Masaya Fujimori
Director, Yasuharu Takanashi
Music, Yuuki Nishioka
Character Design, Hidemasa Tasaka
Producer, Yousuke Imai
Producer, Ryouichi Ishihara
Producer, Hideharu Gomi
Producer","Hiro Mashima : Original Creator, Masaya Fujimori : Director, Yasuharu Takanashi : Music, Yuuki Nishioka : Character Design, Hidemasa Tasaka : Producer, Yousuke Imai : Producer, Ryouichi Ishihara : Producer, Hideharu Gomi : Producer"
Inu X Boku Secret Service Special, Inu x Boku SS Special,DVD S,,David Production,,"Comedy, Romance, Shounen, Age Gap, Apartment Life, Bodyguards, Contemporary Fantasy, Japanese Mythology, Neighbors, Non-Human Protagonists, Supernatural, Youkai, Based on a Manga",3.94,2012.0,,'No synopsis yet - check back soon!',,Inu x Boku SS,Inu x Boku Secret Service,"Ririchiyo Shirakiin : Rina Hidaka, Soushi Miketsukami : Yuuichi Nakamura, Kagerou Shoukiin : Tomokazu Sugita, Karuta Roromiya : Kana Hanazawa, Kotarou Kawasumi : Minami Tsuda, Nobara Yukinokouji : Youko Hikasa, Renshou Sorinozuka : Yoshimasa Hosoya, Banri Watanuki : Takuya Eguchi, Cocoa Fujiwara
Original Creator",Cocoa Fujiwara : Original Creator
Kingdom,,TV   ,38.0,IKIF+,Summer,"Action, Drama, Seinen, Ancient China, Historical, Political, Rebellions, Royalty, Swordplay, War, Based on a Manga, CG Animation",3.94,2012.0,2013.0,"'Shin and Hyou are war-orphans in the kingdom of Qin. They dream of proving themselves on the battlefield until the day Hyou is captured by a minister. The boy manages to escape and return to his village, but he is badly injured. Shin then meets a mysterious youth who bears an eerie resemblance to Hyou—a boy who will one day become emperor!'",,"Kingdom: Soushuu-hen, Kingdom","Kingdom 2, Kingdom 3, Kingdom 4","Lei Qiang : Youko Hikasa, Liao Diao He : Rie Kugimiya, Xin Li : Masakazu Morita, Zheng Ying : Jun Fukuyama, Bi : Kouji Yusa, Duan He Yang : Mie Sonozaki, Qi Wang : Rikiya Koyama, Wen Jun Cheng : Yutaka Nakano, Yasuhisa Hara
Original Creator, Jun Kamiya
Director, Minako Seki
Music, Atsuo Tobe
Character Design, Noriko Otake
Character Design, Masatoshi Hakanda
Character Design, Izumi Nakazawa
Producer, Ryouji Nakamori
Animation Director","Yasuhisa Hara : Original Creator, Jun Kamiya : Director, Minako Seki : Music, Atsuo Tobe : Character Design, Noriko Otake : Character Design, Masatoshi Hakanda : Character Design, Izumi Nakazawa : Producer, Ryouji Nakamori : Animation Director"
To Love Ru: Darkness OVA,,OVA  ,6.0,XEBEC,,"Comedy, Ecchi, Harem, Romance, Sci Fi, Shounen, Slice of Life, Aliens, Love Triangle, Non-Human Protagonists, Panty Shots, Based on a Manga, Nudity,, Sexual Content",3.93,2012.0,2015.0,'No synopsis yet - check back soon!',"Nudity,, Sexual Content","To Love Ru, To Love Ru: Abunai Girls Talk (Light Novel), To Love Ru Darkness, To Love Ru Darkness: Little Sisters (Light Novel)","To Love Ru, To Love Ru OVA, Motto To Love Ru, To Love Ru: Darkness, To Love Ru: Darkness 2nd, To Love Ru: Darkness 2nd Specials, To Love Ru: Darkness 2nd OVA, To Love Ru: Multiplication - Mae kara Ushiro kara","Momo Belia Deviluke : Aki Toyosaki, Rito Yuuki : Akeno Watanabe, Celine : Ryouka Yuzuki, Haruna Sairenji : Sayuri Yahagi, Kyouko Kirisaki : Chiemi Chiba, Mikan Yuuki : Kana Hanazawa, Nana Asta Deviluke : Kanae Itou, Run Elsie Jewelria : Fuyuka Ooura, Saki Hasemi
Original Creator",Saki Hasemi : Original Creator
To Love Ru: Darkness,,TV   ,12.0,XEBEC,Fall ,"Comedy, Ecchi, Harem, Romance, Sci Fi, Shounen, Slice of Life, Aliens, Cohabitation, Interspecies Relationship, Love Triangle, Non-Human Protagonists, Panty Shots, Royalty, School Life, Based on a Manga, Nudity,, Sexual Content",3.93,2012.0,,"'Rito Yuuki has more women in his life than he knows what to do with. In case it wasn’t enough to have all three Devilukean princesses under one roof, he now has alien girls from all over the galaxy attending his school, too! But when the arrival of a mysterious red-haired girl threatens one of their own, Rito and the girls must stand up to a powerful adversary- the likes of which they’ve never seen before.'","Nudity,, Sexual Content","To Love Ru, To Love Ru: Abunai Girls Talk (Light Novel), To Love Ru Darkness, To Love Ru Darkness: Little Sisters (Light Novel), To Love Ru: Rito to Sayaka no Houkago, To Love Ru Darkness: Special","To Love Ru, To Love Ru OVA, Motto To Love Ru, To Love Ru: Darkness OVA, To Love Ru: Darkness 2nd, To Love Ru: Darkness 2nd Specials, To Love Ru: Darkness 2nd OVA, To Love Ru: Multiplication - Mae kara Ushiro kara","Mea Kurosaki : Yuka Iguchi, Momo Belia Deviluke : Aki Toyosaki, Rito Yuuki : Akeno Watanabe, Yami : Misato Fukuen, Celine : Ryouka Yuzuki, Haruna Sairenji : Sayuri Yahagi, Lala Satalin Deviluke : Haruka Tomatsu, Mikan Yuuki : Kana Hanazawa, Saki Hasemi
Original Creator, Atsushi Ootsuki
Director, Yuuichi Oka
Character Design, Takatoshi Chino
Producer, Nobuhiro Nakayama
Producer, Gou Tanaka
Producer, Kentarou Hattori
Producer, Kazumasa Sanjouba
Producer","Saki Hasemi : Original Creator, Atsushi Ootsuki : Director, Yuuichi Oka : Character Design, Takatoshi Chino : Producer, Nobuhiro Nakayama : Producer, Gou Tanaka : Producer, Kentarou Hattori : Producer, Kazumasa Sanjouba : Producer"
Is this a Zombie? Of the Dead, Kore wa Zombie desu ka? Of the Dead,TV   ,10.0,Studio DEEN,Spring,"Comedy, Ecchi, Fantasy, Magical Girl, Shounen, Contemporary Fantasy, Crossdressing, Henshin Heroes, Magic, Parody, School Life, Urban Fantasy, Zombies, Based on a Light Novel",3.93,2012.0,,"'The world’s most eligible zombie is back for another round of cross dressing, decomposing, undead adventures in the only show where corpses get all the chicks! Season Two gets off to a shocking start as Ayumu breaks Haruna’s magic chainsaw and accidentally exposes his fondness for pretty pink dresses to the entire school! Next there’s an incident with a dreadful dance that turns out to be a curse – and an embarrassing trip to a maid café where all the zombie’s roommates work! But the shenanigans take a backseat to bigger problems when Ayumu’s mysterious drinking buddy turns out to be the most powerful magical girl of them all! To save his friends and defeat this adorable new menace, zombie boy must do the unthinkable: throw a mixer for his own murderer! With a little help from his loyal harem of vampires, magical girls, and the world’s cutest necromancer, Ayumu just might survive to rot another day!'",,"Is this a Zombie? (Light Novel), Is this a Zombie?","Is this a Zombie?, Is this a Zombie? OVA, Is this a Zombie? Of the Dead: Yes, This Suits Me Just Fine","Ayumu Aikawa : Junji Majima, Eucliwood Hellscythe : Yui Horie, Haruna : Iori Nomizu, Seraphim : Youko Hikasa, Tomonori : Hisako Kanemoto, Chris : Hitomi Nabatame, Kanami Mihara : Mina, Kyoko : Noriko Shitaya, Takaomi Kanasaki
Director, Shinji Kakijima
Music, Shinobu Tagashira
Character Design, Yoshikazu Iwanami
Sound Director, Satoshi Fujita
Producer, Seiichi Hachiya
Producer, Jun Fukuda
Producer, Fumihiko Shinozaki
Producer","Takaomi Kanasaki : Director, Shinji Kakijima : Music, Shinobu Tagashira : Character Design, Yoshikazu Iwanami : Sound Director, Satoshi Fujita : Producer, Seiichi Hachiya : Producer, Jun Fukuda : Producer, Fumihiko Shinozaki : Producer"
The Familiar of Zero F, Zero no Tsukaima F,TV   ,12.0,J.C.Staff,Winter,"Comedy, Fantasy, Isekai, Magic, Magic School, Master-Servant Relationship, Person in a Strange World, School Life, Tsundere, Based on a Light Novel",3.93,2012.0,,"""Their relationship has been building ever since she first accidentally kidnapped him from Earth, but, even with all they've been though together, are Saito and Louise ready to take their relationship to the next level? The answer, sadly, will have to wait, as once again events in Halkeginia are running out of control and Saito and Louise find themselves, along with several other Void Mages, pressed into service to save the world. And while any mission involving Void Magic is sure to suck at some point, the suck-age is certain to be compounded by the fact that one of the mages they'll be working with is the amply endowed elf Tiffania. Who may have designs on getting familiar with Saito herself. Betrayals, reversals and the inevitable side trip to the hot springs lie ahead as the evil plots get plottier, the dysfunctional relationships get even more dysfunctional and lots of stuff goes BOOM for only vaguely justifiable reasons!""",,"Zero no Tsukaima (Light Novel), Zero's Familiar, Zero no Tsukaima Gaiden: Tabitha no Bouken (Light Novel), Zero no Tsukaima Gaiden: Tabitha no Bouken, Zero no Chukaima - Youchien nano!, Zero's Familiar Chevalier","The Familiar of Zero, The Familiar of Zero: Knight of the Twin Moons, The Familiar of Zero: ""Rondo"" of Princesses, The Familiar of Zero: ""Rondo"" of Princesses Picture Drama, The Familiar of Zero: ""Rondo"" of Princesses - Seductive Beach","Louise Francoise Le Blanc De La Valliere : Rie Kugimiya, Saito Hiraga : Satoshi Hino, Agnes Chevalier De Milan : Michiko Neya, Damian : Mutsumi Tamura, Derflinger : Tetsuo Goto, Doudou : Yuuichi Iguchi, Giulio Cesare : Daisuke Hirakawa, Guiche De Gramont : Takahiro Sakurai, Eiji Usatsuka
Original Character Design, Yoshiaki Iwasaki
Director, Masahiro Fujii
Character Design, Hiromasa Minami
Producer, Masazumi Katou
Producer, Mitsuhiro Matsuo
Producer, Hitoshi Yagi
Producer, Eiji Fukuyama
Key Animator","Eiji Usatsuka : Original Character Design, Yoshiaki Iwasaki : Director, Masahiro Fujii : Character Design, Hiromasa Minami : Producer, Masazumi Katou : Producer, Mitsuhiro Matsuo : Producer, Hitoshi Yagi : Producer, Eiji Fukuyama : Key Animator"
High School DxD,,TV   ,12.0,TNK,Winter,"Action, Ecchi, Fantasy, Harem, Shounen, Contemporary Fantasy, Demons, Newly Co-ed School, School Life, Based on a Light Novel, Nudity,, Sexual Content",3.93,2012.0,,"""All the perverted Issei wants is to squeeze bountiful boobs all day long, so he's thrilled to join Kuou Academy, a once all-female high school filled with gorgeous girls. But little did the boy know that after finally getting a girlfriend, she'd turn out to be a fallen angel who'd drive a lance through his heart, killing him on the spot! Luckily, the beautiful and busty Rias, his popular classmate who's actually a demon, revives him under one condition: that he'll become her servant. Now, Issei finds himself in the middle of a fierce chess game between demons, fallen angels and exorcists, and the fates of his new friends lie in the balance!""","Nudity,, Sexual Content","High School DxD (Light Novel), High School DxD, High School DxD: Asia & Koneko's Secret Contract!?, High School DxD: Akuma no Oshigoto, High School DxD EX (Light Novel), High School DxD DX (Light Novel), Shin High School DxD (Light Novel), High School DxD: Harem Ou Memorial (Light Novel)","High School DxD Specials, High School DxD OVA, High School DxD NEW, High School DxD NEW: Oppai, Tsutsumimasu!, High School DxD BorN, High School DxD BorN Specials, High School DxD BorN: Yomigaeranai Fushichou, High School DxD Hero: Holiness Behind the Gym, High School DxD Hero","Issei Hyoudou :  Yuuki Kaji, Rias Gremory : Youko Hikasa, Akeno Himejima : Shizuka Itou, Asia Argento : Azumi Asakura, Koneko Toujou : Ayana Taketatsu, Raiser Phoenix : Takehito Koyasu, Yuuto Kiba :  Kenji Nojima, Burent : Yuka Keicho, Tetsuya Yanagisawa
Director, Ryousuke Nakanishi
Music, Junji Gotou
Character Design, Shigemi Ikeda
Art Director, Shinsaku Tanaka
Producer, Hisato Usui
Producer, Takurou Hatakeyama
Producer, Shigeru Saitou
Producer","Tetsuya Yanagisawa : Director, Ryousuke Nakanishi : Music, Junji Gotou : Character Design, Shigemi Ikeda : Art Director, Shinsaku Tanaka : Producer, Hisato Usui : Producer, Takurou Hatakeyama : Producer, Shigeru Saitou : Producer"
Good Luck Girl!, Binbougami ga!,TV   ,13.0,Sunrise,Summer,"Comedy, Shounen, Breaking the Fourth Wall, Gag, Gods, Non-Human Protagonists, Parody, School Life, Supernatural, Based on a Manga",3.92,2012.0,,"'On Earth, humans live unaware of the many gods who watch over them and help maintain a sense of balance. But one day, a very special girl named Ichiko Sakura will come face to face with one in the flesh – Momiji, the goddess of misfortune! For Ichiko is unknowingly sapping good fortune from those around her, sporting abnormal levels of beauty, intellect, athletic skill and wealth, and it\'s up to Momiji to help put things back into order. There\'s just one problem: selfish Ichiko is fully satisfied with her life, and wants nothing of the sort! Determined to keep her mojo safe from the cranky goddess\'s giant syringe and wide array of bad luck ""devices"", Ichiko now must deal with a whole host of supernatural lunatics and the fact that her new tormentor has moved in as an unwanted house guest, all the while trying her best to stay as fabulous as possible!'",,Good Luck Girl!,,"Ichiko Sakura : Kana Hanazawa, Momiji : Yumi Uchiyama, Bobby : Yoshihisa Kawahara, Keita Tsuwabuki : Kouki Uchiyama, Momou Inugami : Hiro Shimono, Ranmaru Rindou : Haruka Tomatsu, Akane Tange : Kozue Harashima, Anzu, Yoshiaki Sukeno
Original Creator, Youichi Fujita
Director, Masashi Hamauzu
Music, Kenji Tanabe
Character Design, Tomoyuki Saitou
Producer, Yoshikazu Beniya
Producer, Masayoshi Morita
Producer, Mitsuhiro Yoneda
Episode Director","Yoshiaki Sukeno : Original Creator, Youichi Fujita : Director, Masashi Hamauzu : Music, Kenji Tanabe : Character Design, Tomoyuki Saitou : Producer, Yoshikazu Beniya : Producer, Masayoshi Morita : Producer, Mitsuhiro Yoneda : Episode Director"
Karneval OVA,,OVA  ,1.0,Manglobe,,"Fantasy, Josei, Promotional, Shorts, Based on a Manga",3.9,2012.0,,'No synopsis yet - check back soon!',,"Karneval, Karneval Anthology","Karneval, Karneval Specials","Touya Mikanagi
Original Creator",Touya Mikanagi : Original Creator
K, K Project,TV   ,13.0,GoHands,Fall ,"Action, Mystery, Animeism, Gangs, Supernatural, Superpowers, Original Work",3.89,2012.0,,"'Japan has reclaimed its former glory under the guidance of Kings, charismatic individuals wielding incredible powers. But now, one\xa0of the Red King\'s vassals has been murdered, and a viral video shows the killer\'s confession at the scene. He is one Yashiro Isana, claiming to be the Colorless King; and he is now a wanted man - not only to the Red King\'s faction, but also the Blues charged with keeping the peace. He is even sought by Kuroh Yatogami, a knight of the former Colorless King sworn to slay any unworthy successor. Only, the subject of their struggle, ""Shiro"", is a nondescript young man living an unremarkable life in an island academy, and seems to have no recollection of killing anyone. To keep his life, Shiro must prove his innocence; but what is the truth behind his mysterious past, and what will be the outcome of this confrontation of Kings?'",,"K: Memory of Red, K: Stray Dog Story, K: Side:Blue (Light Novel), K: Side:Red (Light Novel), K: Days of Blue, K: The First, K: Side:Black & White (Light Novel), K: Countdown, K: Lost Small World, Gakuen K, K: Lost Small World (Light Novel), Gakuen K: Wonderful School Days (Light Novel), K: Dream of Green, K: Missing Kings, K: Return of Kings, K: R:B (Light Novel), K: Ao no Jikenbo (Light Novel), K: Side:Green (Light Novel)","K: Missing Kings, K: Missing Kings - Manner Movie, K: Return of Kings, K: Seven Stories Movie 1 - R:B ~Blaze~, K: Seven Stories Movie 2 - SIDE:BLUE ~Sirius~, K: Seven Stories Movie 3 - SIDE:GREEN ~Overwrite World~, K: Seven Stories Movie 4 - Lost Small World ~Outside the Cage~, K: Seven Stories Movie 5 - Memory of Red ~BURN~, K: Seven Stories Movie 6 - Circle Vision ~Nameless Song~","Kuroh Yatogami : Daisuke Ono, Neko : Mikako Komatsu, Yashiro Isana : Daisuke Namikawa, Izumo Kusanagi : Takahiro Sakurai, Mikoto Suoh : Kenjirou Tsuda, Misaki Yata : Jun Fukuyama, Reisi Munakata : Tomokazu Sugita, Saruhiko Fushimi : Mamoru Miyano, Hiromitsu Kanazawa
Director, Susumu Kudou
Director, Shingo Suzuki
Director & Character Design & Storyboard, Mikio Endou
Music, Hiroo Maruyama
Producer, Gou Nakanishi
Producer, Haruki Hayashi
Producer, Ayako Tan
Editor","Hiromitsu Kanazawa : Director, Susumu Kudou : Director, Shingo Suzuki : Director & Character Design & Storyboard, Mikio Endou : Music, Hiroo Maruyama : Producer, Gou Nakanishi : Producer, Haruki Hayashi : Producer, Ayako Tan : Editor"
Strike Witches Movie, Strike Witches Gekijouban,Movie,,AIC,,"Action, Ecchi, Sci Fi, Aliens, Animal Characteristics, Guns, Historical, Magic, Military, Panty Shots, Original Work",3.88,2012.0,,"'Yoshika Miyafuji which has now lost her witch powers and studies to be a doctor in her family clinic, is proposed with a military scholarship to study overseas. Shizuka Hattori, a new recruit of Fuso witches has the mission to escort her. Meanwhile a new kind of Neuroi appears and proves to be a worthy challenge to the abilities of fighting witches.'",,"Strike Witches (Light Novel), Strike Witches: Maidens in the Sky, Strike Witches: Otome no Maki (Light Novel), Strike Witches: The Sky that Connects Us, Strike Witches: 1937 Fuso Sea Incident, Strike Witches: Koushiki Comic à la Carte, Strike Witches: CHIi Sanya, Strike Witches: One-Winged Witches, Strike Witches: 501 Butai Hasshinshimasu!, Strike Witches Zero: 1939 Koukoku no Majo, Strike Witches Gekijouban: Kaeritai Basho (Light Novel), Strike Witches Gekijouban: 501 Butai Hasshinshimasu!, Strike Witches: CHIi Size, Strike Witches: Aurora no Majo, Strike Witches: Dai-501 Tougou Sentou Koukuudan, Strike Witches: Kurenai no Majo-tachi, Noble Witches: Dai 506 Tougou Sentou Koukuudan (Light Novel), Strike Witches: Contrail of Witches, Brave Witches: 502nd JFW Takeoff!, Strike Witches: 501 Butai Hasshinshimasu! Zoku","Strike Witches OVA, Strike Witches, Strike Witches 2, Strike Witches: Operation Victory Arrow, Brave Witches, Brave Witches: The Great Petersburg Strategy, Strike Witches: Road to Berlin","Shizuka Hattori : Aya Uchida, Yoshika Miyafuji : Misato Fukuen, Charlotte E Yeager : Ami Koshimizu, Eila Ilmatar Juutilainen : Ayuru Ohashi, Erica Hartmann : Sakura Nogawa, Francesca Lucchini : Chiwa Saitou, Gertrud Barkhorn : Mie Sonozaki, Heidemarie W. Schnaufer : Kana Ueda, Kazuhiro Takamura
Director & Character Design, Seikou Nagaoka
Music, Koujirou Hayashi
Photography Director, Naoshi Imamoto
Producer, Yoshiyuki Matsuzaki
Producer","Kazuhiro Takamura : Director & Character Design, Seikou Nagaoka : Music, Koujirou Hayashi : Photography Director, Naoshi Imamoto : Producer, Yoshiyuki Matsuzaki : Producer"
Evangelion: 3.0 You Can (Not) Redo, Evangelion Shin Gekijouban: Q,Movie,,Khara,,"Action, Mecha, Sci Fi, Post-apocalyptic, Super Robot, Original Work",3.88,2012.0,,"""Fourteen years after third impact, Shinji Ikari awakens to a world he does not remember. He hasn't aged. Much of Earth is laid in ruins, Nerv has been dismantled, and people who he once protected have turned against him. Befriending the enigmatic Kaworu Nagisa, Shinji continues the fight against the angels and realizes the fighting is far from over, even when it could be against his former allies. The characters' struggles continue amid the battles against the angels and each other, spiraling down to what could inevitably be the end of the world.""",,"Neon Genesis Evangelion, Neon Genesis Evangelion: Angelic Days, Neon Genesis Evangelion: The Shinji Ikari Raising Project, Neon Genesis Evangelion: Campus Apocalypse, Neon Genesis Evangelion: The Shinji Ikari Detective Diary, Tony Takezaki's Neon Genesis Evangelion, Neon Genesis Evangelion: Comic Tribute, Neon Genesis Evangelion: Legend of the Piko Piko Middle School Students","Evangelion: 1.0 You Are (Not) Alone, Evangelion: 2.0 You Can (Not) Advance, JRA Hokan Keikaku, Evangelion Shito, Hakata Shuurai, Evangelion: 3.0+1.0 Thrice Upon a Time","Kaworu Nagisa : Akira Ishida, Shinji Ikari : Megumi Ogata, Asuka Langley Soryu : Yuuko Miyamura, Mari Makinami Illustrious : Maaya Sakamoto, Misato Katsuragi : Kotono Mitsuishi, Rei Ayanami : Megumi Hayashibara, Sakura Suzuhara : Miyuki Sawashiro, Evangelion Unit 01, Hideaki Anno
Chief Director & Original Creator & Screenplay & Storyboard, Kiyotaka Suzuki
Chief Director, Mahiro Maeda
Director, Kazuya Tsurumaki
Director, Masayuki
Director, Ikki Todoroki
Assistant Chief Director, Katsuichi Nakayama
Assistant Director, Daizen Komatsuda
Assistant Director","Hideaki Anno : Chief Director & Original Creator & Screenplay & Storyboard, Kiyotaka Suzuki : Chief Director, Mahiro Maeda : Director, Kazuya Tsurumaki : Director, Masayuki : Director, Ikki Todoroki : Assistant Chief Director, Katsuichi Nakayama : Assistant Director, Daizen Komatsuda : Assistant Director"
Inu x Boku Secret Service, Inu x Boku SS,TV   ,12.0,David Production,Winter,"Comedy, Drama, Romance, Shounen, Age Gap, Apartment Life, Bodyguards, Contemporary Fantasy, Japanese Mythology, Neighbors, Non-Human Protagonists, Supernatural, Tsundere, Youkai, Based on a Manga",3.87,2012.0,,"""Ayakashi Kan is a haunted condominium where every resident is required to have a bodyguard. When socially inept Ririchiyo moves in, she’s looking for peace and quiet. However, she quickly discovers that her bodyguard isn't just foxy; he might actually BE a fox. In fact, all of Ayakashi Kan’s residents, and their agents, have both human and non-human ancestors. Welcome to the weirdest, wackiest mansion in town where no one is entirely human and mayhem is the order of the day in Inu X Boku SS!""",,Inu x Boku SS,Inu X Boku Secret Service Special,"Ririchiyo Shirakiin : Rina Hidaka, Soushi Miketsukami : Yuuichi Nakamura, Banri Watanuki : Takuya Eguchi, Kagerou Shoukiin : Tomokazu Sugita, Karuta Roromiya : Kana Hanazawa, Nobara Yukinokouji : Youko Hikasa, Renshou Sorinozuka : Yoshimasa Hosoya, Zange Natsume : Mamoru Miyano, Cocoa Fujiwara
Original Creator, Naokatsu Tsuda
Director, Kotaro Nakagawa
Music, Haruko Iizuka
Character Design, Shunsuke Saitou
Producer, Yasutaka Kimura
Producer, Kouji Kajita
Producer, Toshihiro Maeda
Producer","Cocoa Fujiwara : Original Creator, Naokatsu Tsuda : Director, Kotaro Nakagawa : Music, Haruko Iizuka : Character Design, Shunsuke Saitou : Producer, Yasutaka Kimura : Producer, Kouji Kajita : Producer, Toshihiro Maeda : Producer"
Place to Place, Acchi Kocchi,TV   ,12.0,AIC,Spring,"Comedy, Romance, Seinen, Slice of Life, Iyashikei, School Life, Based on a 4-Koma Manga, Based on a Manga",3.87,2012.0,,"""Everyone has a circle of friends they hang out with. But even within a small group there are smaller groups of friends, best friends and, here's where it gets complicated, boyfriends and girlfriends. Sometimes relationships just develop in a way where you're not exactly sure what you are to the other person. Which is the problem Tsukimi has when it comes to Io: he seems to be totally clueless about how she's starting to feel. It's a puzzle she'll have to solve in Place to Place.""",,Place to Place,"Place to Place Youchien, Place to Place: Place=Princess","Hime Haruno : Kaori Fukuhara, Io Otonashi : Nobuhiko Okamoto, Mayoi Katase : Hitomi Nabatame, Sakaki Inui : Shintarou Asanuma, Tsumiki Miniwa : Rumi Ookubo, Kana Miyama : Hiromi Konno, Saki Sakimori : Natsumi Takamori, Ami Kirino : Marie Miyake, Ishiki
Original Creator, Fumitoshi Oizaki
Director, Masaru Yokoyama
Music, Atsuko Watanabe
Character Design, Yoshikazu Iwanami
Sound Director, Hiroyuki Kobayashi
Producer, Junichirou Tanaka
Producer, Masashi Takatori
Producer","Ishiki : Original Creator, Fumitoshi Oizaki : Director, Masaru Yokoyama : Music, Atsuko Watanabe : Character Design, Yoshikazu Iwanami : Sound Director, Hiroyuki Kobayashi : Producer, Junichirou Tanaka : Producer, Masashi Takatori : Producer"
"Is this a Zombie? Of the Dead: Yes, This Suits Me Just Fine"," Kore wa Zombie Desu ka? of the Dead: Hai, Minotake ni Attemasu",OVA  ,1.0,Studio DEEN,,"Comedy, Ecchi, Fantasy, Contemporary Fantasy, Crossdressing, School Life, Urban Fantasy, Zombies, Nudity",3.86,2012.0,,"'Haruna accidentally sells a philosopher’s stone, Ayumu becomes temporarily invisible, and a bevy of scantily clad beauties are about to be unwittingly gazed upon by the eyes of a zombie!'",Nudity,"Is this a Zombie? (Light Novel), Is this a Zombie?","Is this a Zombie?, Is this a Zombie? OVA, Is this a Zombie? Of the Dead","Ayumu Aikawa : Junji Majima, Eucliwood Hellscythe : Yuu Kobayashi, Haruna : Iori Nomizu, Seraphim : Youko Hikasa, Orito : Hiroyuki Yoshino, Sarasvati : Aya Gouda, Taeko Hiramatsu : Rie Yamaguchi, Tomonori : Hisako Kanemoto, Yoshikazu Iwanami
Sound Director, Satoshi Fujita
Producer, Seiichi Hachiya
Producer, Jun Fukuda
Producer, Fumihiko Shinozaki
Producer, Seiichi Kawashima
Producer, Yoshikazu Kumagai
Producer, Takumi Morii
Producer","Yoshikazu Iwanami : Sound Director, Satoshi Fujita : Producer, Seiichi Hachiya : Producer, Jun Fukuda : Producer, Fumihiko Shinozaki : Producer, Seiichi Kawashima : Producer, Yoshikazu Kumagai : Producer, Takumi Morii : Producer"
Lupin III: The Woman Called Fujiko Mine, Lupin III: Mine Fujiko to Iu Onna,TV   ,13.0,TMS Entertainment,Spring,"Action, Criminals, Episodic, Noir, Thieves, Nudity",3.86,2012.0,,"""Fujiko Mine: a woman so beguiling that the greatest thief on earth, Lupin III, has vowed to claim her as his most prized quarry. And while men lust after her, she only has eyes for one thing – all the beautiful treasures in the world that she can possibly steal. From the haunted opera houses of Japan to the boobie-trapped pyramids of Egypt, Fujiko uses both violence and sex to manipulate those who stand in her way. But with the tireless Lupin intervening in every situation to 'take' her, and the skilled rogues Jigen and Goemon entangling their own personal vendettas with hers, how is a woman to realize her wildest desires?""",Nudity,"Lupin III, Lupin Kozou, Lupin III: World's Most Wanted","Lupin III: Pilot Film, Lupin III, Lupin III: Part II, Lupin III: The Mystery of Mamo, Lupin III: The Castle of Cagliostro, Lupin III: Part III, Lupin III: Legend of the Gold of Babylon, Lupin III: The Fuma Conspiracy, Lupin III: Secret Files, Lupin III Special 1: Bye Bye, Lady Liberty, Lupin III Special 2: The Hemingway Papers, Lupin III Special 3: Napoleon's Dictionary, Lupin III Special 4: From Siberia With Love, Lupin III Special 5: Voyage To Danger, Lupin III Special 6: Dragon of Doom, Lupin III: Farewell to Nostradamus, Lupin III Special 7: The Pursuit of Harimao's Treasure, Lupin III: Dead or Alive, Lupin III Special 8: The Secret Of The Twilight Gemini, Lupin III Special 9: Island of Assassins, Lupin III Special 10: Crisis in Tokyo, Lupin III Special 11: The Columbus Files, Lupin III Special 12: Missed by a Dollar, Lupin III Special 13: Alcatraz Connection, Lupin III: Return Of Pycal, Lupin III Special 14: Episode 0 - First Contact, Lupin III Special 15: Operation Return the Treasure, Lupin III Special 16: Stolen Lupin, Lupin III Special 17: Angel Tactics, Lupin III Special 18: Seven Days Rhapsody, Lupin III Special 19: The Elusiveness of the Fog, Lupin III: Green vs Red, Lupin III Special 20: Sweet Lost Night, Lupin III Special 21: Lupin III vs Detective Conan, Monkey Majik: Lupin the Third, Lupin III Special 22: The Last Job, Lupin III Special 23: Blood Seal of the Eternal Mermaid, Lupin VIII: Arsene and Cie, Lupin III: Lupin Family All-Stars, Lupin III Special 24: Touhou Kenbunroku - Another Page, Lupin III Special 25: Princess of the Breeze - Kakusareta Kuuchuu Toshi, Lupin III vs Detective Conan: The Movie, Lupin III: Jigen's Gravestone, Lupin III: Part IV, Lupin III Special 26: Italian Game, Lupin III: Goemon's Blood Spray, Lupin III: The First","Arsene Lupin Iii : Kanichi Kurita, Fujiko Mine : Miyuki Sawashiro, Daisuke Jigen : Kiyoshi Kobayashi, Goemon Ishikawa Xiii : Daisuke Namikawa, Koichi Zenigata : Kouichi Yamadera, Luis Yu Almeida : Kanji Furutachi, Oscar : Yuuki Kaji, Aisha : Sanae Kobayashi, Monkey Punch
Original Creator, Sayo Yamamoto
Director, Naruyoshi Kikuchi
Music, Takeshi Koike
Character Design, Toshio Nakatani
Producer, Yuu Kiyozono
Producer, Naoki Iwasa
Producer, Shin Itagaki
Animation Director & Episode Director & Key Animator & Storyboard","Monkey Punch : Original Creator, Sayo Yamamoto : Director, Naruyoshi Kikuchi : Music, Takeshi Koike : Character Design, Toshio Nakatani : Producer, Yuu Kiyozono : Producer, Naoki Iwasa : Producer, Shin Itagaki : Animation Director & Episode Director & Key Animator & Storyboard"
Persona 4 the Animation: The Factor of Hope,,Movie,,AIC ASTA,,"Mystery, Recap, Supernatural, Based on a Video Game",3.85,2012.0,,"'A compilation film, recapping the\xa0Persona 4 the Animation\xa0series.'",,"Persona 3, Persona 4, Tartarus Gekijou, Persona x Tantei Naoto (Light Novel), Persona 4 The Golden: Tohru Adachi - Comic Anthology, P4U2: Persona 4 the Ultimax Ultra Suplex Hold, Persona Q: Shadow of the Labyrinth - Side:P3, Persona 5, Tartarus Gekijou Wild",Persona 4 the Animation,"Kuma, Yu Narukami, Tohru Adachi, Osamu Hosokawa
Producer, Kozue Kaneniwa
Producer, Kazuki Adachi
Producer, Satoshi Eguchi
Producer, Tomonori Kogawa
Animation Director & Key Animator, Shinichirou Kajiura
Key Animator, Jun Arai
Key Animator","Osamu Hosokawa : Producer, Kozue Kaneniwa : Producer, Kazuki Adachi : Producer, Satoshi Eguchi : Producer, Tomonori Kogawa : Animation Director & Key Animator, Shinichirou Kajiura : Key Animator, Jun Arai : Key Animator"
Code Geass: Akito the Exiled, Code Geass Gaiden: Boukoku no Akito,OVA  ,5.0,Sunrise,,"Action, Mecha, Sci Fi, Europe, Political, Real Robot, War, Original Work, Nudity,, Violence",3.85,2012.0,2016.0,"'The side story takes place in 2017 a.t.b., around the time Lelouch took on the alter-ego “Zero” and built up his “Black Knights” rebellion army. The setting is in Europe, where the Euro Universe (E.U.) allied nations are being invaded by the overwhelming forces of the Holy Britannian Empire. On the verge of defeat, the E.U. army forms a special division known as “W-O″, of which a young pilot named Akito Hyuuga is a member. Layla Malkal , a former Britannian Aristocrat comes to the E.U.\'s aid, commanding the “Wyvern” Knightmare corps comprised of Japanese teenagers. They recklessly plunge into a battlefield, where the survival rate is extremely low, at about 5% only. They fight for their freedom, and for a ""home"" to which they can return.'","Nudity,, Violence","Code Geass: Lelouch of the Rebellion, Code Geass: Suzaku of the Counterattack, Code Geass: Nightmare of Nunnally, Code Geass: Lelouch of the Rebellion - Knight: Official Comic Anthology - For Girls, Code Geass: Lelouch of the Rebellion (Light Novel), Code Geass: Tales of an Alternate Shogunate, Code Geass: Lelouch of the Rebellion R2 (Light Novel), Code Geass: Shikkoku no Renya, Barcode Geass: Hanbai no Lelouch, Code Geass: Soubou no Oz, Code Geass: Boukoku no Akito (Light Novel), Kateikyoushi no Lelouch-san","Code Geass: Lelouch of the Rebellion, Code Geass: Lelouch of the Rebellion Recaps, Code Geass: Lelouch of the Rebellion Picture Drama, Code Geass: Lelouch of the Rebellion Special Edition - Black Rebellion, Code Geass: Lelouch of the Rebellion R2, Code Geass: Lelouch of the Rebellion R2 Picture Drama, Code Geass: Lelouch of the Rebellion R2 Flash Specials, Code Geass: Lelouch of the Rebellion R2 Special Edition - Zero Requiem, Code Geass: Lelouch of the Rebellion - Kiseki no Birthday Picture Drama, Code Geass: Nunnally in Wonderland, Code Geass Gaiden: Boukoku no Akito Picture Drama","Akito Hyuga : Ryouka Yuzuki, Leila Malcal : Maaya Sakamoto, Ashley Ashura : Takuma Terashima, Ayano Kousaka : Youko Hikasa, Gene Smilas : Unshou Ishizuka, Jean Rowe : Mariya Ise, Klaus Warwick : Keiji Fujiwara, Ryou Sayama : Satoshi Hino, Gorou Taniguchi
Original Creator, Clamp
Original Character Design, Kazuki Akane
Director, Ichiko Hashimoto
Music, Takahiro Kimura
Character Design, Eiji Inomoto
Cg Director, Jun Yukawa
Producer, Yoshitaka Kawaguchi
Producer","Gorou Taniguchi : Original Creator, Clamp : Original Character Design, Kazuki Akane : Director, Ichiko Hashimoto : Music, Takahiro Kimura : Character Design, Eiji Inomoto : Cg Director, Jun Yukawa : Producer, Yoshitaka Kawaguchi : Producer"
Persona 4 the Animation: No One is Alone,,DVD S,,AIC ASTA,,"Action, Fantasy, Contemporary Fantasy, Based on a Video Game",3.84,2012.0,,'No synopsis yet - check back soon!',,"Persona 3, Persona 4, Tartarus Gekijou, Persona x Tantei Naoto (Light Novel), Persona 4 The Golden: Tohru Adachi - Comic Anthology, P4U2: Persona 4 the Ultimax Ultra Suplex Hold, Persona Q: Shadow of the Labyrinth - Side:P3, Persona 5, Tartarus Gekijou Wild",Persona 4 the Animation,"Yu Narukami, Chie Satonaka, Kanji Tatsumi, Kuma, Margaret, Model Gas Station Attendant, Nanako Dojima, Naoto Shirogane",
The Ambition of Oda Nobuna, Oda Nobuna no Yabou,TV   ,12.0,MADHOUSE,Summer,"Action, Feudal Japan, Historical, Person in a Strange World, Rebellions, Time Travel, War, Based on a Light Novel",3.84,2012.0,,"'Ordinary high schooler Yoshiharu is sent back in time to the Warring States Period, however not the same time line that he remembers. There he meets Nobuna Oda - not Nobunaga, Nobuna. In this world, all the famous figureheads and warlords of the era are female! Nobuna teams up with Yoshiharu to help fuel her ambition and quest to rule the world…'",,"The Ambition of Oda Nobuna (Light Novel), The Ambition of Oda Nobuna, The Ambition of Oda Nobuna: Himesama to Issho, The Ambition of Oda Nobuna: Azuchi Nikki (Light Novel), Oda Nobuna no Gakuen (Light Novel)",The Ambition of Oda Nobuna Recap,"Nobuna Oda : Kanae Itou, Yoshiharu Sagara : Takuya Eguchi, Goemon Hachisuka : Tomoko Kaneda, Hanbei Takenaka : Yui Ogura, Katsuie Shibata : Hitomi Nabatame, Mitsuhide Akechi : Sayuri Yahagi, Nagahide Niwa : Rei Matsuzaki, Toshiie Maeda : Misato Fukuen, Yuuji Kumazawa
Director, Yasuharu Takanashi
Music, Yuka Takashina
Character Design, Shuuhei Yabuta
Cg Director & Op Director & Storyboard, Takashi Tachizaki
Producer, Toshiaki Tanaka
Producer","Yuuji Kumazawa : Director, Yasuharu Takanashi : Music, Yuka Takashina : Character Design, Shuuhei Yabuta : Cg Director & Op Director & Storyboard, Takashi Tachizaki : Producer, Toshiaki Tanaka : Producer"
Place to Place: Place=Princess, Acchi Kocchi: Place=Princess,DVD S,,AIC,,"Comedy, Seinen, Slice of Life, School Life, Based on a 4-Koma Manga, Based on a Manga",3.83,2012.0,,'No synopsis yet - check back soon!',,Place to Place,"Place to Place, Place to Place Youchien","Hime Haruno : Kaori Fukuhara, Io Otonashi : Nobuhiko Okamoto, Mayoi Katase : Hitomi Nabatame, Sakaki Inui : Shintarou Asanuma, Tsumiki Miniwa : Rumi Ookubo, Kana Miyama : Hiromi Konno, Saki Sakimori : Natsumi Takamori, Kyouya Saibara : Tsubasa Yonaga, Ishiki
Original Creator",Ishiki : Original Creator
Squid Girl OVA, Shinryaku!! Ika Musume OVA,OVA  ,3.0,diomedea,,"Comedy, Shounen, Slice of Life, Iyashikei, Ocean, Based on a Manga",3.83,2012.0,2014.0,'The three stooges create a new console that won’t break giving Squid Girl and Eiko a chance to play. Ayumi shares why she can speak with Squid Girl and a special person. Squid Girl makes the mistake of hiding from the family.',,Squid Girl,"Squid Girl, Squid Girls Specials, Squid Girl: Ika Ice Tabena-ika?, Squid Girl 2, Squid Girl: Kore ga Umi e no Ai Janaika!","Eiko Aizawa : Ayumi Fujimura, Ika Musume : Hisako Kanemoto, Chizuru Aizawa : Rie Tanaka, Alex, Ayumi Tokita : Ayako Kawasumi, Clark : Anri Katsu, Cyndi Campbell : Hitomi Nabatame, Gorou Arashiyama : Yuuichi Nakamura, Masahiro Anbe
Original Creator, Tomoki Kikuya
Music, Masakazu Ishikawa
Character Design, Tatsuya Ishiguro
Producer, Takuo Yagi
Producer, Katsumi Koike
Producer, Jun Fukuda
Producer, Youhei Hayashi
Producer","Masahiro Anbe : Original Creator, Tomoki Kikuya : Music, Masakazu Ishikawa : Character Design, Tatsuya Ishiguro : Producer, Takuo Yagi : Producer, Katsumi Koike : Producer, Jun Fukuda : Producer, Youhei Hayashi : Producer"
Detective Conan Magic File 6: Fantasista Flower, Meitantei Conan Bonus File 6: Fantasista no Hana,OVA  ,1.0,,,"Mystery, Shounen, Sports, Age Transformation, Detectives, Soccer, Based on a Manga",3.81,2012.0,,'No synopsis yet - check back soon!',,"Magic Kaitou, Case Closed, Detective Conan: Tokubetsu-hen, Detective Conan: Zero's Tea Time","Detective Conan, Detective Conan OVA 1: Conan vs Kid vs YAIBA, Detective Conan OVA 2: 16 Suspects, Detective Conan OVA 3: Conan and Heiji and the Vanished Boy, Detective Conan OVA 4: Conan and Kid and Crystal Mother, Detective Conan OVA 5: The Target is Kogoro! The Detective Boys' Secret Investigation, Detective Conan OVA 6: Follow the Vanished Diamond! Conan and Heiji vs Kid!, Detective Conan OVA 7: A Challenge from Agasa, Detective Conan OVA 8: High School Girl Detective Sonoko Suzuki's Case Files, Detective Conan Magic File 2: Kudou Shinichi - The Case of the Mysterious Wall and the Black Lab, Detective Conan OVA 9: The Stranger of 10 Years, Detective Conan Magic File 3: Shinichi and Ran: Memories of Mahjong Tiles and Tanabata, Detective Conan OVA 10: Kid in Trap Island, Detective Conan Magic File 4: Osaka Okonomiyaki Odyssey, Detective Conan Magic File 5: Niigata - Tokyo Omiyage Capriccio, Detective Conan OVA 11: A Secret Order from London, Detective Conan vs. Wooo, Detective Conan: Excalibur no Kiseki, The Disappearance of Conan Edogawa: The Worst Two Days in History, Detective Conan Movie 24: The Scarlet Bullet","Conan Edogawa : Minami Takayama, Naomi Sawamura : Yuka Iguchi, Apollo Glass : Motoko Kumai, Hama : Nobuhiko Okamoto, Mizushima : Makoto Yasumura, Oshihara : Atsushi Kisaichi, Ran Mori : Wakana Yamazaki, Ryuusuke Higo : Takahiro Sakurai",
Dusk Maiden of Amnesia: Ghost Girl, Tasogare Otome x Amnesia: Taima Otome,DVD S,,SILVER LINK.,,"Comedy, Mystery, Shounen, Ghosts, School Club, School Life, Supernatural, Based on a Manga",3.81,2012.0,,"""The Paranormal Investigation Club is busy again, researching yet another odd happening at Seikyou Private Academy – or rather, many of them! That's because Momoe has discovered a list of school mysteries that was hidden away in an old book, and now she, joined by fellow club members Teiichi, Yuuko, and Kirie, will attempt to solve these strange incidents one by one. From a match-making séance with dire consequences, to an old-fashioned bath that becomes haunted depending on the number of occupants, nothing will deter the group from uncovering the truth... no matter how ridiculous it turns out to be!""",,Dusk Maiden of Amnesia,Dusk Maiden of Amnesia,"Kirie Kanoe : Eri Kitamura, Momoe Okonogi : Misato Fukuen, Teiichi Niiya : Tsubasa Yonaga, Yuuko Kanoe : Yumi Hara, Maybe
Original Creator, Shin Oonuma
Director, Takashi Sakamoto
Director, Keigo Hoashi
Music, Ryuuichi Takada
Music, Yukiko Ban
Character Design, Takashi Tachizaki
Producer, Tatsuhiro Nitta
Producer","Maybe : Original Creator, Shin Oonuma : Director, Takashi Sakamoto : Director, Keigo Hoashi : Music, Ryuuichi Takada : Music, Yukiko Ban : Character Design, Takashi Tachizaki : Producer, Tatsuhiro Nitta : Producer"
Mardock Scramble: The Third Exhaust,,Movie,,GoHands,,"Sci Fi, Cyberpunk, Gambling, Based on a Novel, Nudity",3.81,2012.0,,"""Rune Balot's struggle to bring the man who killed her to justice continues amid the world of high-stakes gambling and glamour at the Eggnog Blue Casino. The odds are stacked heavily in the house's favor and even with the aid of Dr. Easter and Oeufcoque, Rune's chances of winning are slim. But winning the golden chips containing Shell Septinos' memories is only the next step on a long and treacherous road. Rune's search for answers to the questions that haunt comes to a shattering climax.""",Nudity,Mardock Scramble,"Mardock Scramble: The First Compression, Mardock Scramble: The Second Combustion","Oeufcoque Penteano : Norito Yashima, Rune Balot : Megumi Hayashibara, Ashley Harvest, Dimsdale Boiled : Tsutomu Isobe, Dr. Easter : Hiroki Touchi, Shell Septinos : Kazuya Nakai, Bell Wing, Cleanwill John October, Susumu Kudou
Director, Conisch
Music, Shingo Suzuki
Animation Director & Character Design & Chief Animation Director & Key Animator & Storyboard, Jun Nakai
Character Design","Susumu Kudou : Director, Conisch : Music, Shingo Suzuki : Animation Director & Character Design & Chief Animation Director & Key Animator & Storyboard, Jun Nakai : Character Design"
Tsuritama,,TV   ,12.0,A-1 Pictures,Spring,"Comedy, Sci Fi, Sports, Aliens, Coming of Age, Countryside, Fishing, Island, Iyashikei, Mental Illness, noitaminA, Ocean, Original Work",3.81,2012.0,,"""Yuki is an introverted teenager whose intense fear of public speaking makes it difficult for him to make friends, so hoping for a fresh start, he moves with his grandmother to the small island of Enoshima. Shortly after his arrival he encounters Haru, a strange youth claiming to be an alien - and what's more, the otherworldly visitor requests his help to catch a strange being that inhabits the local waters! Along with fellow classmate and local angling celebrity Natsuki, the boys must now form a bond in the hopes of saving the town from the force that is threatening it. With a mysterious organization also lurking about and posing potential danger, Yuki must put his best face forward and protect the island... with the help of a fishing rod?!""",,Tsuritama (Light Novel),Tsuritama: Harikitte Contest,"Akira Agarkar Yamada : Tomokazu Sugita, Haru : Miyu Irino, Natsuki Usami : Kouki Uchiyama, Yuki Sanada : Ryouta Oosaka, Ayumi Inoue : Daisuke Hosomi, Keito Sanada : Fumi Hirano, Koko : Emiri Katou, Misaki Shimano : Miina Tominaga, Kenji Nakamura
Director, Kuricorder Quartet
Music, Atsuya Uki
Character Design, Makoto Kimura
Producer, Narue Minami
Producer, Shigeru Nishiyama
Editor, Kenjirou Okada
Episode Director, Touko Machida
Screenplay","Kenji Nakamura : Director, Kuricorder Quartet : Music, Atsuya Uki : Character Design, Makoto Kimura : Producer, Narue Minami : Producer, Shigeru Nishiyama : Editor, Kenjirou Okada : Episode Director, Touko Machida : Screenplay"
Waiting in the Summer, Ano Natsu de Matteru,TV   ,12.0,J.C.Staff,Winter,"Drama, Romance, Shounen, Aliens, Countryside, Non-Human Protagonists, Photography, School Life, Original Work",3.8,2012.0,,"'One day, while testing out his new video camera on a bridge in town, Kaito Kirishima sees a bright blue light in the sky and is inexplicably knocked over the side, awakening the next morning in bed with no memory of the event. But upon heading to school, the boy notices a new face that’s familiar to him somehow - her name is Ichika Takatsuki, and she’s new in town. Kaito’s friends, noticing his interest in the girl, all resolve to make a movie this summer and cast her as the lead, to which she immediately approves. Now, the group embarks on what will be a truly memorable summer that no one will forget, as Kaito and Ichika slowly, and clumsily, begin to fall in love.'",,Waiting in the Summer,"Waiting in the Summer: In Our Last Summer in High School, We Await That Summer","Ichika Takatsuki : Haruka Tomatsu, Kaito Kirishima : Nobunaga Shimazaki, Kanna Tanigawa : Kaori Ishihara, Mio Kitahara : Kana Asumi, Remon Yamano : Yukari Tamura, Tetsurou Ishigaki : Hideki Ogihara, Chiharu Arisawa : Yuka Iguchi, Emika Takatsuki : Yui Horie, Tatsuyuki Nagai
Director, Maiko Iuchi
Music, Masayoshi Tanaka
Character Design, Yuuji Matsukura
Producer, Mitsutoshi Ogura
Producer, Ryuutarou Kawakami
Producer, Shigeru Nishiyama
Editor, Kensuke Ishikawa
Animation Director & Assistant Animation Director & Key Animator","Tatsuyuki Nagai : Director, Maiko Iuchi : Music, Masayoshi Tanaka : Character Design, Yuuji Matsukura : Producer, Mitsutoshi Ogura : Producer, Ryuutarou Kawakami : Producer, Shigeru Nishiyama : Editor, Kensuke Ishikawa : Animation Director & Assistant Animation Director & Key Animator"
Minami-ke Omatase,,OVA  ,1.0,feel.,,"Comedy, Seinen, Slice of Life, Gag, Siblings, Based on a Manga",3.8,2012.0,,'No synopsis yet - check back soon!',,Minami-ke,"Minami-ke, Minami-ke Okawari, Minami-ke Okaeri, Minami-ke Betsubara, Minami-ke Tadaima, Minami-ke Natsuyasumi","Chiaki Minami : Minori Chihara, Haruka Minami : Rina Satou, Kana Minami : Marina Inoue, Atsuko : Ryouko Ono, Hayami : Saeko Chiba, Maki : Reiko Takagi, Makoto : Rika Morinaga, Touma Minami :  Nana Mizuki, Coharu Sakuraba
Original Creator, Keiichirou Kawaguchi
Director, Yasuhiro Misawa
Music, Gou Suzuki
Character Design","Coharu Sakuraba : Original Creator, Keiichirou Kawaguchi : Director, Yasuhiro Misawa : Music, Gou Suzuki : Character Design"
High School DxD OVA,,OVA  ,2.0,TNK,,"Action, Ecchi, Fantasy, Contemporary Fantasy, Demons, School Life, Nudity",3.8,2012.0,2013.0,'No synopsis yet - check back soon!',Nudity,"High School DxD (Light Novel), High School DxD, High School DxD: Asia & Koneko's Secret Contract!?, High School DxD: Akuma no Oshigoto, High School DxD EX (Light Novel), High School DxD DX (Light Novel), Shin High School DxD (Light Novel)","High School DxD, High School DxD Specials, High School DxD NEW, High School DxD NEW: Oppai, Tsutsumimasu!, High School DxD BorN, High School DxD BorN Specials, High School DxD BorN: Yomigaeranai Fushichou, High School DxD Hero","Akeno Himejima : Shizuka Itou, Asia Argento : Azumi Asakura, Issei Hyoudou : Yuuki Kaji, Koneko Toujou : Ayana Taketatsu, Rias Gremory : Youko Hikasa, Yuuto Kiba : Kenji Nojima, Grayfia Lucifuge : Saori Seto, High Priest Unas : Shinji Kawada, Tetsuya Yanagisawa
Director, Ryousuke Nakanishi
Music, Junji Gotou
Character Design & Chief Animation Director, Jun Hatano
Producer","Tetsuya Yanagisawa : Director, Ryousuke Nakanishi : Music, Junji Gotou : Character Design & Chief Animation Director, Jun Hatano : Producer"
Horizon in the Middle of Nowhere II, Kyoukai Senjou no Horizon II,TV   ,13.0,Sunrise,Summer,"Action, Ecchi, Sci Fi, War, Based on a Light Novel",3.8,2012.0,,"'Taking advantage of the opportunity that the Mikawa Conflict provides, Tori and his comrades attempt to rescue Horizon from the Testament Union. But even as the Floating City Musashi speeds towards its next destination, the Floating Island England, Tres España is preparing its own armada for war against the British Islanders. Now, as the quest of Horizon’s emotions builds to its climax, Tori’s new battle is about to begin in the land ruled by the Fairy Queen!'",,"Kyoukai Senjou no Horizon (Light Novel), Kyoukai Senjou no Horizon, Kyoukai Senjou no Horako-san, Kyoukai Senjou no Horizon: Kimitoasamade (Light Novel), Kyoukai Senjou no Horako-san: Shucchouban","Horizon in the Middle of Nowhere: Kyokutou Naruhodo Kouza, Horizon in the Middle of Nowhere, Horizon in the Middle of Nowhere Special","Horizon Ariadust : Minori Chihara, Tori Aoi : Jun Fukuyama, Adele Balfetto : Ayuru Ohashi, Futayo Honda : Yuu Kobayashi, Gin Tachibana : Minako Kotobuki, Kimi Aoi : Chiwa Saitou, Kiyonari Urquiaga : Takashi Kuroda, Marga Naruse : Emi Nitta, Manabu Ono
Director, Tatsuya Katou
Music, Kanta Suzuki
Character Design, Satoshi Hirayama
Producer","Manabu Ono : Director, Tatsuya Katou : Music, Kanta Suzuki : Character Design, Satoshi Hirayama : Producer"
Girls und Panzer,,TV   ,12.0,Actas,Fall ,"Action, Military, Military School, School Club, School Life, Tournaments, Original Work",3.79,2012.0,2013.0,"""Forget track and field! At Oorai Girls Academy, they practice Shensha-do, the art of tank combat! But Miho transfers there believing it to be the one school where Shensa-do isn't offered. She's in for a rude awakening, however, when the student council president demands her participation in the sport. Together with four friends, she learns to face her fears, find herself, and have a whole lot of fun along the way. Get ready for tank fighting mayhem in Girls Und Panzer!""",,"Girls und Panzer: Little Army, Girls und Panzer, Girls und Panzer (Light Novel), Girls und Panzer: Motto Love Love Sakusen Desu!, Girls und Panzer: Comic Anthology, Girls und Panzer: Gekitou! Maji no Ikusa Desu!!, Girls und Panzer: Little Army II, Girls und Panzer: 4-koma Anthology Comic, Girls und Panzer: phase.ERIKA, Girls und Panzer der Film Variante, Girls und Panzer: Senshado no Susume, Girls und Panzer: Pravda Senki, Girls und Panzer: Momi no Ki to Tetsu no Hane no Majo, Girls und Panzer: Saishuushou - Keizoku Koukou Harapeko Shokujidou, Girls und Panzer: Avanti! Anzio Koukou","Girls und Panzer: Saishuushou 4, Girls und Panzer: Saishuushou 5, Girls und Panzer: Saishuushou 6, Girls und Panzer: Introductions!, Girls und Panzer Specials, Girls und Panzer: Fushou - Akiyama Yukari no Sensha Kouza, Girls und Panzer: Nihon Senshadou Renmei News, Girls und Panzer: Heartful Tank Disc Picture Drama, Girls und Panzer: Heartful Tank Disc - Akiyama Yukari no Sensha Kouza, Girls und Panzer: This is the Real Anzio Battle!, Girls und Panzer der Film, Girls und Panzer der Film: 3-pun Chotto de Wakaru!! Girls & Panzer, Girls und Panzer der Film: Arisu War!, Girls und Panzer: Dai 63 Kaisen Shadou Zenkoku Koukousei Taikai, Girls und Panzer das Finale: Part 1, Girls und Panzer: Saishuushou 2, Girls und Panzer: Saishuushou 3","Hana Isuzu : Mami Ozaki, Mako Reizei : Yuka Iguchi, Miho Nishizumi : Mai Fuchigami, Saori Takebe : Ai Kayano, Yukari Akiyama : Ikumi Nakagami, Akebi Sasaki : Sakura Nakamura, Anzu Kadotani : Misato Fukuen, Aya Oono : Akina, Tsutomu Mizushima
Director, Shirou Hamaguchi
Music, Isao Sakamoto
Character Design, Yoshikazu Iwanami
Sound Director, Kiyoshi Sugiyama
Producer, Youhei Hayashi
Producer, Takeshi Ishigaki
Producer, Youichi Sekine
Producer","Tsutomu Mizushima : Director, Shirou Hamaguchi : Music, Isao Sakamoto : Character Design, Yoshikazu Iwanami : Sound Director, Kiyoshi Sugiyama : Producer, Youhei Hayashi : Producer, Takeshi Ishigaki : Producer, Youichi Sekine : Producer"
Hakuouki: Dawn of the Shinsengumi, Hakuouki: Reimei-roku,TV   ,12.0,Studio DEEN,Summer,"Action, Drama, Feudal Japan, Historical, Samurai, Based on an Otome Game, Based on a Visual Novel",3.79,2012.0,,"'The beginning of Hakuouki series, this installment tells the story of Ryunosuke Ibuki, a boy who loathes samurai while also being the son of a samurai. After being robbed and left to die on his way to Kyoto, Ryunosuke is rescued by the Roshigumi leader, Kamo Serizawa. Serizawa treats Ryunousuke as a servant and calls him a dog. Meanwhile, Ryunousuke watches as the Roshigumi slowly unravels around him.'",,"Hakuouki Junrenka, Hakuouki, Hakuouki (Naki HIRAKU)","Hakuouki: Demon of the Fleeting Blossom, Hakuouki: Record of the Jade Blood Episode 0, Hakuouki: Record of the Jade Blood, Hakuouki: Demon of the Fleeting Blossom OVA, Hakuouki: A Memory of Snow Flowers, Hakuouki: Dawn of the Shinsengumi Tokuten Disc, Hakuouki Movie 1: Wild Dance of Kyoto, Hakuouki Movie 2: Warrior Spirit of the Blue Sky, Hakuouki: Otogisoushi","Heisuke Toudou : Hiroyuki Yoshino, Kamo Serizawa : Jouji Nakata, Ryuunosuke Ibuki : Tomokazu Seki, Hajime Saitou : Kohsuke Toriumi, Sanosuke Harada : Kouji Yusa, Shinpachi Nagakura : Tomohiro Tsuboi, Souji Okita : Showtaro Morikubo, Toshizou Hijikata : Shinichirou Miki, Osamu Yamasaki
Director, Kow Otani
Music, Atsuko Nakajima
Character Design, Mitsutoshi Ogura
Producer, Asuka Yamazaki
Producer, Youhei Hayashi
Producer, Takashi Iwasaki
Producer","Osamu Yamasaki : Director, Kow Otani : Music, Atsuko Nakajima : Character Design, Mitsutoshi Ogura : Producer, Asuka Yamazaki : Producer, Youhei Hayashi : Producer, Takashi Iwasaki : Producer"
Btooom!,,TV   ,12.0,MADHOUSE,Fall ,"Seinen, Androphobia, Forest, High Stakes Games, Island, Jungle, NEET, Play or Die, PVP, Survival, Based on a Manga, Explicit Violence,, Mature Themes,, Physical Abuse,, Sexual Abuse,, Sexual Content,, Suicide",3.79,2012.0,,"""22-year-old Ryouta is an unemployed good-for-nothing who spends his days living at home and playing Btooom, a wildly popular online game that's sold over three million copies worldwide. Alongside other teammates, Ryouta battles it out with others using powerful bombs and sonar that can reveal hidden enemies, and his dedication has earned him the title of Japan's top player. But soon, Ryouta's pastime becomes a terrifying reality, as he and many others are dropped onto a tropical island and forced to play Btooom – but this time for real. Now, he and the rest must fight to the death by whatever means necessary, as the only way to win this deadly game is\xa0by killing seven of the other players.""","Explicit Violence,, Mature Themes,, Physical Abuse,, Sexual Abuse,, Sexual Content,, Suicide","Btooom!, Btooom! Light, Btooom! Dark",Btooom! Bakusatsu Digest,"Himiko : Suzuko Mimori, Kiyoshi Taira : Tooru Ookawa, Ryota Sakamoto : Kanata Hongou, Hidemi Kinoshita : Youko Hikasa, Kosuke Kira : Miyuki Sawashiro, Masahito Date : Ken Narita, Masashi Miyamoto : Takaya Kuroda, Nobutaka Oda : Yuuichi Nakamura, Junya Inoue
Original Creator, Kotono Watanabe
Director, Keiji Inai
Music, Takahiro Kishida
Character Design, Hiroshi Kawamura
Producer, Masayoshi Matsumoto
Producer, Takema Okamura
Producer, Yasushi Tanaka
Producer","Junya Inoue : Original Creator, Kotono Watanabe : Director, Keiji Inai : Music, Takahiro Kishida : Character Design, Hiroshi Kawamura : Producer, Masayoshi Matsumoto : Producer, Takema Okamura : Producer, Yasushi Tanaka : Producer"
Sankarea, Sankarea: Undying Love,TV   ,12.0,Studio DEEN,Spring,"Comedy, Drama, Romance, Shounen, Supernatural, Zombies, Based on a Manga, Emotional Abuse,, Mature Themes,, Nudity,, Physical Abuse,, Violence",3.78,2012.0,,"""Chihiro is a macabre-loving high school student who collects horror films and thinks shacking up with a zombie chick would be hot. But though the idea of death is alluring, when faced with the actual death of his beloved pet cat, the teen buckles under the grief, and becomes determined to bring his deceased companion back to life. Every night, he sneaks off to an abandoned building and attempts to brew a resurrection potion, and it's here that he meets Rea, the beautiful daughter of the well-to-do Sanka family. However, the girl is having some troubles of her own, and after a mix-up ends up zombified herself! Now the horror fanatic is living the dream with his very own zombie girlfriend, but how will the pair deal with Rea's new diet and the onset of rigor mortis?""","Emotional Abuse,, Mature Themes,, Nudity,, Physical Abuse,, Violence","Sankarea: Undying Love, Sankarea: All Night Rea Long (Light Novel)","Sankarea OVA, Sankarea: Wagahai mo... Zombie de Aru...","Chihiro Furuya : Ryouhei Kimura, Rea Sanka : Maaya Uchida, Danichirou Sanka : Unshou Ishizuka, Mero Furuya : Yuka Iguchi, Ranko Saouji : Sayuri Yahagi, Akino : Emiri Katou, Aria Sanka : Mayumi Asano, Babu : Misato Fukuen, Mitsuru Hattori
Original Creator, Shinichi Omata
Director & Ed Director & Episode Director & Op Director & Storyboard, Yukari Hashimoto
Music, Kyuuta Sakai
Character Design, Nobumitsu Urasaki
Producer, Yuuka Sakurai
Producer, Kensuke Tateishi
Producer, Masashi Takatori
Producer","Mitsuru Hattori : Original Creator, Shinichi Omata : Director & Ed Director & Episode Director & Op Director & Storyboard, Yukari Hashimoto : Music, Kyuuta Sakai : Character Design, Nobumitsu Urasaki : Producer, Yuuka Sakurai : Producer, Kensuke Tateishi : Producer, Masashi Takatori : Producer"
Amagami SS+,,TV   ,13.0,AIC,Winter,"Romance, School Life, Based on a Visual Novel",3.78,2012.0,,"""Junichi's romantic conquests continue in the second season of AMAGAMI SS! The girls return, and this time the series examines what the future with each of his girlfriends would hold! If Junichi can handle a second go-round with Tsukasa, Rihoko, Ai, Kaoru, Sae, Haruka and even Risa is anyone's guess. To add to the fun, little sister Miya returns with her sneaky storyline as well!""",,"Amagami: Sincerely Yours, Amagami: Various Artists, Amagami: Precious Diary, Amagami: Close to You, Amagami: Dreamy Forever, Amagami: Love Goes On!, Amagami: Sunao no Sonoato, Amagami Wa!","Amagami SS, Amagami SS Special, Amagami SS OVA, Amagami SS+ Specials, Amagami SS+ Picture Drama, Seiren","Ai Nanasaki : Yukana, Haruka Lovely Morishima : Shizuka Itou, Jun'Ichi Tachibana : Tomoaki Maeno, Kaoru Tanamachi : Rina Satou, Rihoko Sakurai : Ryouko Shintani, Sae Nakata : Hiromi Konno, Tsukasa Ayatsuji : Kaori Nazuka, Hibiki Tsukahara : Yuu Asakawa, Tomoki Kobayashi
Director, Toshiyuki Omori
Music, Hiroaki Gohda
Character Design, Shinichi Nakamura
Producer, Gou Tanaka
Producer, Youhei Hayashi
Producer, Jiyuu Ougi
Producer, Masako Takayama
Producer","Tomoki Kobayashi : Director, Toshiyuki Omori : Music, Hiroaki Gohda : Character Design, Shinichi Nakamura : Producer, Gou Tanaka : Producer, Youhei Hayashi : Producer, Jiyuu Ougi : Producer, Masako Takayama : Producer"
Accel World,,TV   ,24.0,Sunrise,Spring,"Action, Sci Fi, PVP, Virtual Reality, Based on a Light Novel, Bullying",3.78,2012.0,,"""In a world where everyone connects to an online network, pudgy Haruyuki Arita can't seem to catch a break. Constantly bullied, afraid to face reality and paranoid his two childhood friends pity him, the teenager uses online games as a way to escape his problems. But things change one day when Haruyuki's beautiful upperclassman Kuroyukihime approaches him with a mysterious time-decelerating program known as Brain Burst - there‘s just one catch. To keep the ability, he must defeat other Brain Burst wielders in Accel World, an exclusive, virtual MMORPG, and the newbie player will need all the help he can get. Eager to prove he's not a pathetic weakling, Haruyuki joins forces with Kuroyukihime to challenge fierce competitors and discover just how incredible Accel World and\xa0he truly are.""",Bullying,"Accel World (Light Novel), Accel World, Accel World., Accel World / Dural - Magisa Garden","Accel World: Acchel World., Accel World OVA, Accel World Movie: Infinite Burst","Haruyuki Arita : Yuuki Kaji, Kuroyukihime : Sachika Misawa, Chiyuri Kurashima : Aki Toyosaki, Seiji Noumi : Sanae Kobayashi, Takumu Mayuzumi : Shintarou Asanuma, Yuniko Kouzuki : Rina Hidaka, Amber Penguin : Kazunari Tanaka, Aqua Current : Kana Ueda, Masakazu Obara
Director, Hiroyuki Oshima
Music, Onoken
Music, Yukiko Aikei
Character Design, Nobuhiro Nakayama
Producer, Satoshi Hirayama
Producer, Masato Satou
Episode Director, Minami Yoshida
Chief Animation Director","Masakazu Obara : Director, Hiroyuki Oshima : Music, Onoken : Music, Yukiko Aikei : Character Design, Nobuhiro Nakayama : Producer, Satoshi Hirayama : Producer, Masato Satou : Episode Director, Minami Yoshida : Chief Animation Director"
Poyopoyo, Poyopoyo Kansatsu Nikki,TV   ,52.0,Dax Production,Winter,"Comedy, Seinen, Slice of Life, Animal Protagonists, Cats, Chibi, Countryside, Family Friendly, Gag, Iyashikei, Non-Human Protagonists, Pets, Short Episodes, Based on a 4-Koma Manga, Based on a Manga",3.77,2012.0,,"""It's a basketball! It's a melon! It's… Poyo the cat?! After drunkenly stumbling across the bulbous, cuddly creature on the street one day, Moe Satou decides to bring the stray home and keep him in the house as a family pet. Whether he's lounging around or bringing snacks to the other strays in the neighborhood, Poyo is always getting into a variety of misadventures with his new owners and friends, including the lovable neighbor cat Kurobe, doting father Shigeru and a host of kittens.""",,"PoyoPoyo's Observation Diary, Yorinuki Poyopoyo Kansatsu Nikki",,"Hide Satou : Hidekazu Ichinose, Moe Satou : Suzuko Mimori, Poyo : Ikue Ootani, Shigeru Satou : Akira Kamiya, Hana Sugita : Akira Kamiya, Kouta Suzuki : Genki Muro, Kurobe : Marie Miyake, Maki Yamashita : Fumika Chiba, Ruu Tatsuki
Original Creator, Akitarou Daichi
Director","Ruu Tatsuki : Original Creator, Akitarou Daichi : Director"
Hyouka: What Should Be Had, Hyouka: Motsubeki Mono wa,Web  ,1.0,Kyoto Animation,Summer,"Shounen, Slice of Life, Based on a Novel",3.77,2012.0,,"""Houtarou's sister returns home, and sets her lethargic brother up with a temporary job filling in as a lifeguard at the city pool. Satoshi invites Eru and Mayaka out to see Hotaro at work, and the group stumble upon a minor mystery to be solved.""",,Hyouka,Hyouka,"Houtarou Oreki : Yuuichi Nakamura, Eru Chitanda : Satomi Satou, Mayaka Ibara : Ai Kayano, Satoshi Fukube : Daisuke Sakaguchi, Chief Lifeguard : Eiji Miyashita, Child, Female Lifeguard : Asuka Konno, Male Lifeguard : Ichitarou Ai, Honobu Yonezawa
Original Creator, Futoshi Nishiya
Character Design & Chief Animation Director & Original Character Design, Yasuhiro Takemoto
Director & Screenplay, Shouji Gatou
Series Composition, Kouhei Tanaka
Music, Ryuuta Nakagami
Photography Director, Shuuhei Okude
Art Director, Naomi Ishida
Color Design","Honobu Yonezawa : Original Creator, Futoshi Nishiya : Character Design & Chief Animation Director & Original Character Design, Yasuhiro Takemoto : Director & Screenplay, Shouji Gatou : Series Composition, Kouhei Tanaka : Music, Ryuuta Nakagami : Photography Director, Shuuhei Okude : Art Director, Naomi Ishida : Color Design"
Tiger & Bunny the Movie: The Beginning,,Movie,,Sunrise,,"Action, Comedy, Sci Fi, Death of a Loved One, Superheroes, Superpowers, Original Work",3.77,2012.0,,"'In the city of Stern Bild, superpowered heroes known as NEXT fight crime while promoting their corporate sponsors for the hit show HERO TV. Veteran hero Wild Tiger has years of experience fighting crime, but when his ratings slip he’s forced to team up with Barnaby Brooks Jr., a rookie hero with an attitude.'",,"Tiger & Bunny, Tiger & Bunny Comic Anthology, Tiger & Bunny - The Comic, Tiger & Bunny (Mizuki SAKAKIBARA), Tiger & Bunny: The Beginning","Tiger & Bunny, Tiger & Bunny Recaps, Tiger & Bunny The Movie: The Rising, Tiger & Bunny 2","Barnaby Brooks Jr. : Masakazu Morita, Kotetsu T. Kaburagi : Hiroaki Hirata, Agnes Joubert : Yuko Kaida, Blue Rose : Minako Kotobuki, Dragon Kid : Mariya Ise, Fire Emblem : Kenjirou Tsuda, Origami Cyclone : Nobuhiko Okamoto, Robin Baxter : Kappei Yamaguchi, Yoshitomo Yonetani
Director, Yoshihiro Ike
Music, Kenji Hayama
Character Design, Tokuhiro Itagaki
Character Design, Eriko Kimura
Sound Director, Kazuhiko Tamura
Producer, Chinatsu Matsui
Producer, Masafumi Nishida
Screenplay","Yoshitomo Yonetani : Director, Yoshihiro Ike : Music, Kenji Hayama : Character Design, Tokuhiro Itagaki : Character Design, Eriko Kimura : Sound Director, Kazuhiko Tamura : Producer, Chinatsu Matsui : Producer, Masafumi Nishida : Screenplay"
Inazuma Eleven GO: Chrono Stone,,TV   ,51.0,OLM,Spring,"Sports, Family Friendly, Soccer, Superpowers, Time Travel, Based on a Video Game",3.76,2012.0,2013.0,"'A few months after the conclusion of Holy Road, Tenma returns to Raimon to find that the soccer club has disappeared as if it never existed, thanks to the actions of El Dorado, an organization from the future that seeks to erase soccer from the world. Along with new allies Fei Rune and the robot bear Clark Wonderbot, Tenma seeks to defeat El Dorado and bring back the soccer he loves.'",,"Inazuma Eleven, Inazuma Eleven: Penguin wo Tsugu Mono","Inazuma Eleven, Inazuma Eleven: Saikyou Gundan Ogre Shuurai, Inazuma Eleven GO, Inazuma Eleven GO: Kyuukyoku no Kizuna Gryphon, Inazuma Eleven GO: Galaxy, Inazuma Eleven: Chou Jigen Dream Match, Inazuma Eleven: Outer Code, Inazuma Eleven: Ares no Tenbin","Fei Rune : Akiko Kimura, Kyousuke Tsurugi : Takashi Oohara, Takuto Shindou : Mitsuki Saiga, Tenma Matsukaze : Yuka Terasaki, Alpha : Kishou Taniyama, Aoi Sorano : Sayaka Kitahara, Beta : Mariya Ise, Clark Wonderbot : Hiroyuki Yoshino, Akira Takeuchi
Character Design",Akira Takeuchi : Character Design
"Listen to Me Girls, I'm Your Father!", Papa no Iu Koto wo Kikinasai!,TV   ,12.0,feel.,Winter,"Slice of Life, Childcare, Death of a Loved One, Lifestyle Change, Single Parent, Based on a Light Novel",3.76,2012.0,,"""College student Yuta Segawa is suddenly given custody of his older sister's three daughters, aged 14, 10, and 3. They're now stuck living together in a 10 square meter apartment. Meanwhile Raika, the object of his affection, has a fondness of cuteness, and his unexpected arrivals may finally offer an opportunity for them to get together.""",,"Listen to Me Girls, I'm Your Father! (Light Novel), Listen to Me Girls, I'm Your Father!, Listen to Me Girls, I'm Your Father! The sunny place for Takanashi sisters., Listen to Me Girls, I'm Your Father! Miu-sama no Iu Toori, Listen to Me Girls, I'm Your Father! Usagi no Mark, Listen to Me Girls, I'm Your Father! Rojou Kansatsu Kenkyuukai Nisshi, Listen to Me Girls, I'm Your Father! After (Light Novel)","Listen to Me, Girls, I'm Your Father! Warmth, Listen to Me Girls, I'm Your Father! OVA","Hina Takanashi : Hiromi Igarashi, Miu Takanashi :  Eri Kitamura, Sora Takanashi : Sumire Uesaka, Yuuta Segawa : Wataru Hatano, Kouichi Nimura : Daisuke Ono, Raika Oda : Yui Horie, Shuntarou Sako : Junji Majima, Hanamura : Kenta Miyake, Itsurou Kawasaki
Director & Episode Director & Op Director & Storyboard, Hiroshi Uesugi
Music, Takashi Mamezuka
Character Design, Yasuhisa Kondou
Photography Director, Yoshikazu Iwanami
Sound Director, Tomoko Kawasaki
Producer, Takahiro Yamanaka
Producer, Shinya Shinozaki
Producer","Itsurou Kawasaki : Director & Episode Director & Op Director & Storyboard, Hiroshi Uesugi : Music, Takashi Mamezuka : Character Design, Yasuhisa Kondou : Photography Director, Yoshikazu Iwanami : Sound Director, Tomoko Kawasaki : Producer, Takahiro Yamanaka : Producer, Shinya Shinozaki : Producer"
Medaka Box Abnormal,,TV   ,12.0,GAINAX,Fall ,"Action, Shounen, School Life, Student Council, Based on a Manga",3.76,2012.0,,"'After Medaka Kurokami defeated Myouri Unzen (the head of the disciplinary committee), she is recruited by the headmaster to join the ""13 Party"" - an elite and select group of 13 Abnormal students from Class 13. Medaka discovers that they are taking part in the Flask Plan, which aims to create perfect humans by sacrificing all the students in the school. It is up to Medaka and the rest of the student council to stop it.'",,"Medaka Box (Pilot), Medaka Box, Medaka Box (Light Novel)",Medaka Box,"Kouki Akune : Daisuke Namikawa, Medaka Kurokami : Aki Toyosaki, Mogana Kikaijima : Ai Kayano, Zenkichi Hitoyoshi : Yuuki Ono, Hanasode Shiranui : Emiri Katou, Itami Koga : Madoka Yonezawa, Kei Munakata : Hiroshi Kamiya, Maguro Kurokami : Junichi Suwabe, Nisioisin
Original Creator & Screenplay, Shouji Saeki
Director & Episode Director & Screenplay & Series Composition & Storyboard, Tatsuya Katou
Music, Ikuo Kuwana
Character Design, Tomoyuki Saitou
Producer, Yoshikazu Beniya
Producer, Masazumi Katou
Producer, Yoshiyuki Itou
Producer","Nisioisin : Original Creator & Screenplay, Shouji Saeki : Director & Episode Director & Screenplay & Series Composition & Storyboard, Tatsuya Katou : Music, Ikuo Kuwana : Character Design, Tomoyuki Saitou : Producer, Yoshikazu Beniya : Producer, Masazumi Katou : Producer, Yoshiyuki Itou : Producer"
Sayonara Zetsubou Sensei Blu-ray Box Special,,OVA  ,1.0,SHAFT,,"Comedy, Shounen, Breaking the Fourth Wall, Gag, Parody, Satire, Shorts, Based on a Manga",3.76,2012.0,,'No synopsis yet - check back soon!',,"Sayonara, Zetsubou-Sensei","Sayonara, Zetsubou-Sensei, Sayonara Zetsubou Sensei Jo: Zetsubou Shoujo Senshuu, Zoku Sayonara Zetsubou Sensei, Sayonara Zetsubou Sensei Jo: Zoku Zetsubou Shoujo Senshuu, Goku Sayonara Zetsubou Sensei, Zan Sayonara Zetsubou Sensei, Zan Sayonara Zetsubou Sensei Bangaichi, Sayonara Zetsubou Sensei Special Omake","Meru Otonashi, Nozomu Itoshiki : Hiroshi Kamiya, Abiru Kobushi, Ai Kaga, Chiri Kitsu, Harumi Fujiyoshi, Kaere Kimura, Kafuka Fuura, Kouji Kumeta
Original Creator, Akiyuki Simbo
Director & Series Composition, Naoyuki Tatsuwa
Assistant Director, Shaft
Series Composition, Tomoki Hasegawa
Music, Hideyuki Morioka
Character Design, Junnosuke Miyamoto
Producer","Kouji Kumeta : Original Creator, Akiyuki Simbo : Director & Series Composition, Naoyuki Tatsuwa : Assistant Director, Shaft : Series Composition, Tomoki Hasegawa : Music, Hideyuki Morioka : Character Design, Junnosuke Miyamoto : Producer"
Kuroko's Basketball: Oshaberi Shiyokka, Kuroko no Basket: Oshaberi Shiyokka,OVA  ,1.0,Production I.G,,"Comedy, Shounen, Slice of Life, Sports, Basketball, Recap, Based on a Manga",3.76,2012.0,,'No synopsis yet - check back soon!',,"Kuroko’s Basketball, Kuroko's Basketball: Replace (Light Novel), Kuroko's Basketball: Extra Game, Kuroko's Basketball: Replace Plus","Kuroko's Basketball: NG-shuu, Kuroko's Basketball, Kuroko's Basketball: Tip Off, Kuroko's Basketball 2, Kuroko's Basketball OVA, Kuroko's Basketball: Let's Do That Again, Kuroko's Basketball: Oshaberi Demo Shimasen ka, Kuroko's Basketball 3, Kuroko's Basketball: The Greatest Present, Kuroko's Basketball Movie 1: Winter Cup Highlights -Shadow and Light-, Kuroko's Basketball Movie 2: Winter Cup Highlights -Beyond the Tears-, Kuroko's Basketball Movie 3: Winter Cup Highlights -Crossing the Door-, Kuroko's Basketball: Oshaberi Shiyou ka, Kuroko's Basketball: Last Game","Taiga Kagami : Yuuki Ono, Tetsuya Kuroko : Kensho Ono, Junpei Hyuga : Yoshimasa Hosoya, Riko Aida : Chiwa Saitou, Shinji Koganei : Takuya Eguchi, Shun Izuki : Hirofumi Nojima, Teppei Kiyoshi : Kenji Hamada, Daiki Aomine : Junichi Suwabe, Tadatoshi Fujimaki
Original Creator",Tadatoshi Fujimaki : Original Creator
Nogizaka Haruka no Himitsu: Finale, Haruka Nogizaka's Secret: Finale,OVA  ,4.0,diomedea,,"Comedy, Romance, Otaku Culture, Based on a Light Novel",3.76,2012.0,,"'Yuto and Haruka are looking forward to spending time together on a school trip. However, Shina finally works up the nerve to tell Yuto she has feelings for him. This event drives a wedge between Haruka and Yuto and forces them to confront how they feel.'",,"Nogizaka Haruka no Himitsu (Light Novel), Nogizaka Haruka no Himitsu","Nogizaka Haruka no Himitsu, Nogizaka Haruka no Himitsu: Purezza","Haruka Nogizaka : Mamiko Noto, Yuuto Ayase : Wataru Hatano, Hazuki Sakurazaka : Kaori Shimizu, Mika Nogizaka : Mai Goto, Nanami Nanashiro : Kana Ueda, Shiina Amamiya : Rina Satou, Akiho Nogizaka : Aya Hisakawa, Alistia Rein : Rie Kugimiya, Tsuyoshi Tamai
Series Composition, Yoshikazu Iwanami
Sound Director, Kouhei Kawase
Producer, Tetsurou Satomi
Producer, Nobuhiro Nakayama
Producer, Satoshi Fujita
Producer, Ryousuke Naya
Producer, Jun Fukuda
Producer","Tsuyoshi Tamai : Series Composition, Yoshikazu Iwanami : Sound Director, Kouhei Kawase : Producer, Tetsurou Satomi : Producer, Nobuhiro Nakayama : Producer, Satoshi Fujita : Producer, Ryousuke Naya : Producer, Jun Fukuda : Producer"
Hori-san to Miyamura-kun,,OVA  ,3.0,Hoods Entertainment,,"Comedy, Romance, Shounen, School Life, Based on a 4-Koma Manga, Based on a Manga",3.76,2012.0,2015.0,"'Izumi Miyamura is a lonely teenager who, despite being very recluse, ends up sharing a secret with a classmate. Her name is Kyoko Hori and he helped her younger brother when he got injured. Both are surprised by how different they look and act outside school. From then on, a peculiar bond is formed between them.'",,"Hori-san to Miyamura-kun, Horimiya, Hori-san to Miyamura-kun Omake","Hori-san to Miyamura-kun (2018), Horimiya","Izumi Miyamura : Yoshitsugu Matsuoka, Kyouko Hori : Asami Seto, Kakeru Sengoku : Nobunaga Shimazaki, Remi Ayasaki : Akiko Hasegawa, Sakura Kono : Yui Nomura, Souta Hori : Yumiko Kobayashi, Tooru Ishikawa : Yoshimasa Hosoya, Yuki Yoshikawa : Kana Ueda, Hero
Original Creator, Tetsuo Hirakawa
Director, Shingo Natsume
Director, Erkin Kawabata
Director, Kenichi Kutsuna
Character Design, Satoko Kimura
Color Design, Masaru Nagai
Producer","Hero : Original Creator, Tetsuo Hirakawa : Director, Shingo Natsume : Director, Erkin Kawabata : Director, Kenichi Kutsuna : Character Design, Satoko Kimura : Color Design, Masaru Nagai : Producer"
Saint Young Men OVA, Saint Oniisan OVA,OVA  ,2.0,A-1 Pictures,,"Comedy, Fantasy, Seinen, Slice of Life, Apartment Life, Buddhism, Christianity, Contemporary Fantasy, Gag, Non-Human Protagonists, Parody, Religion, Roommates, Satire, Based on a Manga",3.75,2012.0,2013.0,"'Jesus and Buddha take a vacation from Heaven, and decide to rent an apartment together in Japan. Their new landlady is highly suspicious of her new ""foreign"" tenants since bizarre things seem to happen whenever they are around. Animals flock to them, trees randomly burst into fruit, and strange rumors are floating around that one of them walks on water and the other has a glowing halo. Can these two saintly men peacefully enjoy their holiday undetected, or will their holy hijinx blow their cover?'",,Saint Young Men,Saint Young Men Movie,"Buddha : Gen Hoshino, Jesus : Mirai Moriyama, Sachiyo Matsuda : Reiko Suzuki, Daisuke : Motoko Kumai, Daisuke'S Mother : Mie Sonozaki, Kohei : Aiko Hibi, Kohei'S Mother, Narrator : Ryoko Kinomiya, Hikaru Nakamura
Original Creator, Noriko Takao
Director, Keiichi Suzuki
Music, Ryoumei Shirai
Music, Naoyuki Asano
Character Design, Yuuya Sakuma
Photography Director, Reo Kurosu
Producer, Hideharu Gomi
Producer","Hikaru Nakamura : Original Creator, Noriko Takao : Director, Keiichi Suzuki : Music, Ryoumei Shirai : Music, Naoyuki Asano : Character Design, Yuuya Sakuma : Photography Director, Reo Kurosu : Producer, Hideharu Gomi : Producer"
Fuse: Memoirs of a Huntress, Fuse: Teppou Musume no Torimonochou,Movie,,TMS Entertainment,,"Action, Fantasy, Romance, Animal Transformation, Contemporary Fantasy, Feudal Japan, Samurai, Based on a Novel, Violence",3.74,2012.0,,"""Hamaji, a young huntress from the mountains, stumbles into the middle of a shogun's vendetta against a group of human and dog hybrids - the Fuse. Rumors of Fuse murdering innocent people in the bustling city of Edo have sparked a bounty for their heads. Hamaji joins the hunt for this dangerous quarry along with her brother, but after accidentally befriending one of them, Hamaji is torn between two worlds: her life as a self-reliant huntress, and the young woman her new friend has helped her to uncover.""",Violence,Fuse: Shoujo to Kemono no Rekkatan,,"Dousetsu Ooyama : Katsuyuki Konishi, Hamaji Ooyama : Minako Kotobuki, Shino : Mamoru Miyano, Bansaku, Funamushi : Maaya Sakamoto, Iesada Tokugawa : Hirofumi Nojima, Meido : Kanako Miyamoto, Touta, Masayuki Miyaji
Director, Michiru Ooshima
Music, Seiichi Hashimoto
Character Design, Yousuke Tsuruki
Producer, Kazuaki Takahashi
Producer, Masayuki Otsuka
Producer","Masayuki Miyaji : Director, Michiru Ooshima : Music, Seiichi Hashimoto : Character Design, Yousuke Tsuruki : Producer, Kazuaki Takahashi : Producer, Masayuki Otsuka : Producer"
Humanity Has Declined, Jinrui wa Suitai Shimashita,TV   ,12.0,AIC ASTA,Summer,"Comedy, Fantasy, Dark Comedy, Post-apocalyptic, Based on a Light Novel",3.74,2012.0,,"""Humanity has declined over time, leading to shortages in goods and the beginning of a bizarre relationship between humans and whimsical, sweets-loving fairies. Certain mediators help bridge the gap between the two species, as the magical, surprisingly-technological fairies are known to create various items the townsfolk need, albeit at oft-questionable quality levels. One such mediator, along with her faithful silent assistant, adorable fairy Nakata and frenemies such as yaoi-loving Y, will navigate her eventful daily life, whether it's investigating a strange factory or trying to escape the pages of a comic book.""",,"Jinrui wa Suitai Shimashita (Light Novel), Jinrui wa Suitai Shimashita: Nonbirishita Houkoku, Jinrui wa Suitai Shimashita: Yousei, Shimasu ka?, Jinrui wa Suitai Shimashita: Heijou Unten (Light Novel)","Humanity Has Declined Specials, Humanity Has Declined Recap","Mediator : Mai Nakahara, Assistant : Jun Fukuyama, Curly : Hisako Kanemoto, Grandfather : Unshou Ishizuka, Nakata, Oyage : Nobuyuki Hiyama, Pion : Nana Mizuki, Y : Miyuki Sawashiro, Romeo Tanaka
Original Creator, Sunaho Tobe
Original Character Design, Kouji Itou
Director & Assistant Animation Director, Seiji Kishi
Director & Storyboard, Harume Kosaka
Assistant Director & Episode Director & Op Director & Storyboard, Makoto Uezu
Screenplay & Series Composition, Kow Otani
Music, Kyuuta Sakai
Animation Director & Character Design & Chief Animation Director","Romeo Tanaka : Original Creator, Sunaho Tobe : Original Character Design, Kouji Itou : Director & Assistant Animation Director, Seiji Kishi : Director & Storyboard, Harume Kosaka : Assistant Director & Episode Director & Op Director & Storyboard, Makoto Uezu : Screenplay & Series Composition, Kow Otani : Music, Kyuuta Sakai : Animation Director & Character Design & Chief Animation Director"
Student Council's Discretion Lv. 2, Seitokai no Ichizon Lv. 2,TV   ,10.0,AIC,Fall ,"Comedy, Ecchi, Harem, Shounen, Breaking the Fourth Wall, Parody, School Life, Student Council, Based on a Light Novel",3.74,2012.0,,"'The series revolves around a private high school whose student council is chosen entirely by popularity vote. Because of this, Ken Sugisaki is the only male representative, in the otherwise all bishojo student council, that may enter the “sacred sanctuary” of the council’s meeting room. At the behest of Council President Kurimu Sakurano, Sugisaki records the minutes of the council meetings, which devolve into daily conversations about the students’ lives and interests.'",,"Student Council's Discretion (Light Novel), Student Council's Discretion, Seitokai no Nichijou, Boku wa Tomodachi ga Sukunai x Seitokai no Ichizon Crossover Special, Shin Seitokai no Ichizon","Student Council's Discretion, Seitokai no Ichizon (2013)","Chizuru Akaba : Mina, Ken Sugisaki : Takashi Kondou, Kurimu Sakurano : Mariko Honda, Mafuyu Shiina : Iori Nomizu, Minatsu Shiina : Misuzu Togashi, Satori Magiru : Houko Kuwashima, Asuka Matsubara : Ami Koshimizu, Cafeteria Lady, Sekina Aoi
Original Creator, Kenichi Imaizumi
Director, Takaaki Anzai
Music, Masahito Onoda
Character Design, Naoshi Imamoto
Producer, Yuuji Yanase
Episode Director, Masahiko Yoda
Chief Animation Director","Sekina Aoi : Original Creator, Kenichi Imaizumi : Director, Takaaki Anzai : Music, Masahito Onoda : Character Design, Naoshi Imamoto : Producer, Yuuji Yanase : Episode Director, Masahiko Yoda : Chief Animation Director"
Traveling Daru," Tabisuru Nuigurumi: Traveling ""Daru""",OVA  ,1.0,CoMix Wave Films,,"Adventure, Family Friendly, Shorts",3.74,2012.0,,"""After being rushed to a flight by her mother at the airport, a young girl loses her most prized possession, a plush toy named Daru. Awakened by the girl's tears, Daru sets forth on a grand adventure to find her, crossing continents, communicating with animals and statues alike, and even making a new caterpillar friend along the way. As time passes, will Daru ever be reunited with his beloved owner?""",,,,"Daru, Girl, Caterpillar",
EGOIST: The Everlasting Guilty Crown,,Music,,Production I.G,,,3.74,2012.0,,'No synopsis yet - check back soon!',,Guilty Crown,"Guilty Crown, Guilty Crown Kiseki: Reassortment, Guilty Crown: Lost Christmas","Inori Yuzuriha, Egoist
Song Performance",Egoist : Song Performance
Robotics;Notes,,TV   ,22.0,Production I.G,Fall ,"Action, Mystery, Conspiracy, noitaminA, Robots, School Club, School Life, Based on a Visual Novel",3.74,2012.0,2013.0,"'In the year 2019, the Robotics Club of Central Tanegashima High School has only one goal in mind: to create a working replica of the giant anime robot Gunvarrel! But doing so isn’t easy as the club only has two members: Aki, who took over the project from her now-graduated sister; and Kai, a lazy gamer who’d rather be elsewhere. What’s worse, the school’s vice principal has decided their club is a waste of school funds and plans to shut them down! Now, the duo must convince her otherwise by winning a fighting robot tournament and gaining new, machine-savvy members, but when Kai accidentally stumbles upon an unbelievable conspiracy, the Robotics Club becomes the least of his concerns...'",,"Robotics;Notes, Robotics;Notes: Revival Legacy, Robotics;Notes: Senomiya Misaki no Mihappyou Shuki, Magi-Cu 4-koma: Robotics;Notes, Robotics;Notes: Dream Seeker, Robotics;Notes: Phantom Snow, Robotics;Notes: Pleiades Ambition, Robotics;Notes: Side Junna - Chiisana Natsu no Monogatari",,"Akiho Senomiya : Yoshino Nanjou, Kaito Yashio : Ryouhei Kimura, Airi : Rie Kugimiya, Junna Daitoku : Sora Tokui, Kona Furugoori : Kaori Nazuka, Kou Kimijima : Toshiyuki Morikawa, Misaki Senomiya : Kikuko Inoue, Subaru Hidaka : Yoshimasa Hosoya, Chiyomaru Shikura
Original Creator, Kazuya Nomura
Director, Takeshi Abo
Music, Asami Tachibana
Music, Yuuki Hayashi
Music, Chikashi Kubota
Character Design, Takuma Ebisu
Mechanical Design, George Wada
Producer","Chiyomaru Shikura : Original Creator, Kazuya Nomura : Director, Takeshi Abo : Music, Asami Tachibana : Music, Yuuki Hayashi : Music, Chikashi Kubota : Character Design, Takuma Ebisu : Mechanical Design, George Wada : Producer"
Hiiro no Kakera: The Tamayori Princess Saga 2, Hiiro no Kakera Dai Ni Shou,TV   ,13.0,Studio DEEN,Fall ,"Fantasy, Reverse Harem, Romance, Supernatural, Based on an Otome Game, Based on a Visual Novel",3.73,2012.0,,"'After the events of the Onikirimaru incident, Tamaki thinks that her days of trouble are finally behind her. But when Logos reappears with a deadly plot, one of the five Guardians is revealed to be a traitor! With the people closest to her now in question, Tamaki will have to decide who she can truly trust if she wants to stop Logos for good. The truth behind the Tamayori Princess will finally be revealed as Tamaki battles evil once again!'",,Hiiro no Kakera: Mezame no Toki,"Hiiro no Kakera: The Tamayori Princess Saga, Hiiro no Kakera Taizen: Totsugeki! Tonari no Ikemens","Mahiro Atori : Kousuke Okano, Shinji Inukai : Hiroki Shimowada, Suguru Oomi : Daisuke Hirakawa, Takuma Onizaki : Tomokazu Sugita, Tamaki Kasuga : Marie Miyake, Yuuichi Komura : Daisuke Namikawa, Aria Rosenberg : Tomomi Isomura, Drei : Youji Ueda, Bob Shirohata
Director, Masumi Itou
Music, Naoyuki Onda
Character Design & Chief Animation Director, Nobumitsu Urasaki
Producer, Shigeru Saitou
Producer, Kousaku Sakamoto
Producer, Hiroaki Tsunoda
Producer, Kozue Kaneniwa
Producer","Bob Shirohata : Director, Masumi Itou : Music, Naoyuki Onda : Character Design & Chief Animation Director, Nobumitsu Urasaki : Producer, Shigeru Saitou : Producer, Kousaku Sakamoto : Producer, Hiroaki Tsunoda : Producer, Kozue Kaneniwa : Producer"
Qin Shi Mingyue Si: Wanli Changcheng,,TV   ,37.0,Sparkly Key Animation Studio,,"Action, Ancient China, Chinese Animation, Historical, Wuxia, CG Animation",3.73,2012.0,2013.0,'No synopsis yet - check back soon!',,,"The Legend of Qin, Qin Shi Mingyue: Ye Jin Tianming, Qin Shi Mingyue: Zhu Zi Bai Jia, Qin Shi Mingyue: Kong Shan Niao Yu, Qin Shi Mingyue: Luo Shengtang Xia, Qin Shi Mingyue: Junlin Tianxia, Qin Shi Mingyue 3D: Dianying Longteng Wanli, Qin Shi Mingyue Tebie Pian: Dizi Jiang Xi, Qin Shi Mingyue: Yi Zhe Ru Shi, Qin Shi Mingyue: Canghai Hengliu","Baifeng, Ban, Chilian, Daozhi, Da Siming, Datiechui, Duanmu Rong, Fu Nian",
Saki: Episode of Side A Specials,,TV Sp,,Studio Gokumi,,"Comedy, Ecchi, Shounen, Board Games, Mahjong, School Club, School Life, Tournaments, Based on a Manga",3.73,2012.0,2013.0,'The final four episodes of\xa0Saki: Episode of Side A.',,"Saki, Saki: Achiga-hen - Episode of Side-A, Shinohayu: The Dawn of Age, Toki, Saki re: King's Tile Draw","Saki, Saki Picture Drama, Saki: Episode of Side A, Saki: The Nationals, Saki Biyori, Saki: Episode of Side A - Kuro's Birthday","Ako Atarashi : Nao Touyama, Arata Sagimori : Yumi Uchiyama, Kuro Matsumi : Kana Hanazawa, Shizuno Takakamo : Aoi Yuuki, Yuu Matsumi : Mako, Harue Akado : Naomi Shindou, Hiroko Funakubo : Manami, Ryuuka Shimizudani : Kaori Ishihara, Ritz Kobayashi
Original Creator, Manabu Ono
Director, Takeshi Watanabe
Music, Masakatsu Sasaki
Character Design","Ritz Kobayashi : Original Creator, Manabu Ono : Director, Takeshi Watanabe : Music, Masakatsu Sasaki : Character Design"
Detective Conan: The Magician of Starlight, Meitantei Conan: Hoshikage no Majutsushi,Movie,,,,"Drama, Detectives",3.73,2012.0,,'No synopsis yet - check back soon!',,,"Detective Conan, Detective Conan Movie 24: The Scarlet Bullet",,
Another 0-kan, Another: The Other - Inga,OVA  ,1.0,P.A. WORKS,,"Drama, Based on a Light Novel",3.72,2012.0,,'No synopsis yet - check back soon!',,"Another (Light Novel), Another, Another 0, Another Episode S / 0 (Light Novel)","Another, Another: Misaki Mei - Shizuka ni","Fujioka : Hiromi Igarashi, Mei Misaki : Natsumi Takamori, Aki Matsui, Kouichi Sakakibara : Atsushi Abe, Kyouko Kaneki, Male Student : Takuya Kuriyama, Yoshikazu Iwanami
Sound Director, Kenji Horikawa
Producer, Jun Fukuda
Producer, Eriko Aoki
Producer, Fumihiko Shinozaki
Producer, Seiichi Kawashima
Producer, Yoshikazu Kumagai
Producer, Ali Project
Song Performance","Yoshikazu Iwanami : Sound Director, Kenji Horikawa : Producer, Jun Fukuda : Producer, Eriko Aoki : Producer, Fumihiko Shinozaki : Producer, Seiichi Kawashima : Producer, Yoshikazu Kumagai : Producer, Ali Project : Song Performance"
Little Busters!,,TV   ,26.0,J.C.Staff,Fall ,"Comedy, Drama, School Club, School Life, Supernatural, Based on an Eroge, Based on a Visual Novel",3.72,2012.0,2013.0,"""When Riki was young, a group of friends called the Little Busters helped him move on from a terrible loss and taught him how to smile again; but when their leader Kyousuke moved away, the group slowly drifted apart.\xa0Now in high school, the group is reunited once more when Kyousuke returns, and at his leader's request, Riki is charged with finding new members to add to their family. With an open heart,\xa0the boy must now search for others\xa0who’ve\xa0suffered similar hardships so that they too can find a place where they belong.""",,"Little Busters! The 4-Koma, Little Busters! Novel Anthology (Light Novel), Little Busters!, Little Busters! Ecstasy, Little Busters! EX The 4-Koma, Kud Wafter, Little Busters! Noumi Kudryavka, Little Busters! End of Refrain, Little Busters! Bokura no Chimu Mei (Light Novel), Little Busters! Last of Refrain","Little Busters! OVA, Little Busters! Refrain, Little Busters! EX, Kud Wafter, Kagi-nado, Kagi-nado Season 2","Haruka Saigusa : Keiko Suzuki, Kengo Miyazawa : Katsuaki Arima, Komari Kamikita : Natsumi Yanase, Kud Noumi : Naomi Wakabayashi, Kyousuke Natsume : Hikaru Midorikawa, Masato Inohara : Nobutoshi Canna, Mio Nishizono : Yuiko Tatsumi, Riki Naoe : Yui Horie, Yoshiki Yamakawa
Director, Jun Maeda
Music & Song Composition & Song Lyrics, Haruko Iizuka
Character Design, Yuuji Matsukura
Producer, Kouhei Kawase
Producer, Noriko Dohi
Producer, Shigeru Nishiyama
Editor, Mitsuo Shindou
Key Animator","Yoshiki Yamakawa : Director, Jun Maeda : Music & Song Composition & Song Lyrics, Haruko Iizuka : Character Design, Yuuji Matsukura : Producer, Kouhei Kawase : Producer, Noriko Dohi : Producer, Shigeru Nishiyama : Editor, Mitsuo Shindou : Key Animator"
Patema Inverted: Beginning of the Day, Sakasama no Patema: Beginning of the Day,Web  ,4.0,Studio Rikka,Winter,"Adventure, Sci Fi, Dystopia, Post-apocalyptic, Short Episodes, Original Work",3.72,2012.0,,"'Bored with her claustrophobic underground world, Princess Patema explores the danger zones where terrifying creatures called Batmen reportedly lurk. One day she discovers a huge shaft that disappears into the darkness above and below. After an encounter there with one of the Batmen, Patema finds herself in a topsy-turvy world unlike anything she has seen before and forced to come to grips with a solitary boy, Age, who has, from her point of view, a very surprising outlook upon things.'",,Patema Inverted: Another Side,Patema Inverted,"Patema : Yukiyo Fujii, Age : Nobuhiko Okamoto, Deputy Chief : Shinya Fukumatsu, Izamura, Kaho, Lagos : Masayuki Katou, Porta : Shintarou Oohata, Yasuhiro Yoshiura
Director",Yasuhiro Yoshiura : Director
Tottoko Hamtaro (2012),,TV   ,51.0,TMS Entertainment,Spring,"Adventure, Slice of Life, Animal Protagonists, Family Friendly, Hamsters, Non-Human Protagonists, Pets, Based on a Manga",3.72,2012.0,2013.0,'No synopsis yet - check back soon!',,,"Hamtaro, Tottoko Hamtaro Dechu","Hamtaro : Kurumi Mamiya, Bijou : Kazusa Murai, Boss : Kentarou Itou, Cappy : Ai Uchikawa, Dexter : Chihiro Suzuki, Howdy : Yuu Sugimoto, Jingle : Yuu Asakawa, Maxwell : Takako Honda",
Polar Bear Cafe, Shirokuma Cafe,TV   ,50.0,Pierrot,Spring,"Comedy, Josei, Slice of Life, Animal Protagonists, Anthropomorphic, Bears, Cafe, Non-Human Protagonists, Work Life, Zoo, Based on a Manga",3.72,2012.0,2013.0,"'Welcome to the Polar Bear Café, a place where humans and animals alike can sit back, relax, and order a cup of hot tea, an iced coffee, or even a hearty plate of bamboo. Run under the watchful gaze of Polar Bear, the café is frequented by a lively cast of characters including a lazy panda who works part time at the zoo, a cantankerous penguin with an unrequited crush and a wise llama, amongst others. Join the denizens of the café as they enjoy delicious beverages, indulge in a cherry blossom festival, and even discuss the newest smartphone models!'",,"Polar Bear Café, Polar Bear Café: Today's Special",,"Panda : Jun Fukuyama, Penguin : Hiroshi Kamiya, Polar Bear : Takahiro Sakurai, Anteater : Yuuki Fujiwara, Full-Time Panda : Katsuyuki Konishi, Grizzly : Yuuichi Nakamura, Handa : Wataru Hatano, Llama : Daisuke Ono, Aloha Higa
Original Creator, Mitsuyuki Masuhara
Director, Kenji Kondo
Music, Aya Takano
Character Design, Tomokazu Iizumi
Producer, Masashi Matsui
Producer, Nobutaka Yoda
Ed Director","Aloha Higa : Original Creator, Mitsuyuki Masuhara : Director, Kenji Kondo : Music, Aya Takano : Character Design, Tomokazu Iizumi : Producer, Masashi Matsui : Producer, Nobutaka Yoda : Ed Director"
Resident Evil: Damnation, Biohazard: Damnation,Movie,,Digital Frontier,,"Action, Horror, Sci Fi, Europe, War, Zombies, Based on a Video Game, CG Animation",3.72,2012.0,,"'United States Special agent Leon S. Kennedy sneaks into a small Eastern European country to verify rumors that Bio Organic Weapons (B.O.W.s) are being used in war. Right after his infiltration, the US government orders him to leave immediately. Determined to uncover the truth, Leon ignores the order and enters the battlefield to end the chain of tragedies caused by the B.O.W.s.'",,"Resident Evil: The Umbrella Chronicles - Houkai e no Jokyoku, Resident Evil: The Marhawa Desire, Resident Evil - Heavenly Island","Resident Evil 4D Executor, Resident Evil 4: Incubate, Resident Evil: Degeneration, Resident Evil: Vendetta, Resident Evil: Infinite Darkness","Leon Scott Kennedy : Toshiyuki Morikawa, Sasha : Nobuyuki Hiyama, Ada Wong : Junko Minagawa, J.D. : Shintarou Oohata, Svetlana Belikova : Eriko Kawasaki, Ataman : Shozo Iizuka, Ingrid Hunnigan : Yuu Sugimoto, Scarecrow : Koichi Sakaguchi, Makoto Kamiya
Director, Naoyuki Onda
Character Design, Hiroyuki Kobayashi
Producer","Makoto Kamiya : Director, Naoyuki Onda : Character Design, Hiroyuki Kobayashi : Producer"
High School DxD Specials,,DVD S,,TNK,,"Ecchi, Fantasy, Contemporary Fantasy, Demons, Nudity",3.71,2012.0,,"""Issei, Rias and the rest of the gang continue to have a variety of misadventures with plenty of bountiful breasts to be exposed along the way. Whether they're transporting to an uninhabited island to sunbathe in revealing outfits, accidentally turning Koneko into a pervert with personality-changing tea, or getting a chest workout while making udon dough from scratch, these high school demons have plenty of fun with their friends.""",Nudity,"High School DxD (Light Novel), High School DxD, High School DxD: Asia & Koneko's Secret Contract!?, High School DxD: Akuma no Oshigoto, High School DxD EX (Light Novel), High School DxD DX (Light Novel), Shin High School DxD (Light Novel)","High School DxD, High School DxD OVA, High School DxD NEW, High School DxD NEW: Oppai, Tsutsumimasu!, High School DxD BorN, High School DxD BorN Specials, High School DxD BorN: Yomigaeranai Fushichou, High School DxD Hero","Akeno Himejima : Shizuka Itou, Asia Argento : Azumi Asakura, Issei Hyoudou : Yuuki Kaji, Koneko Toujou : Ayana Taketatsu, Rias Gremory : Youko Hikasa, Yuuto Kiba : Kenji Nojima, Souna Sitri : Natsumi Takamori, Tsubaki Shinra : Akiko Kimura",
Furiko,,Web  ,1.0,,,"Drama, Romance, Aging, Black and White, Shorts",3.71,2012.0,,"'Through persistence, a woman finally wins over the man that she loves. But despite the joy of their life together, the troubles he experiences at work creates a distance between them that does not abate - even as they grow and raise a family together. As the woman weakens with age, all that the man did and did not do comes back to haunt him. Yet what can he do for her that will be meaningful even in the face of the ravages of time?'",,,,"Man, Woman, Daughter, Man'S Superior, Other Woman, Tekken
Director",Tekken : Director
Tari Tari,,TV   ,13.0,P.A. WORKS,Summer,"Drama, Slice of Life, Music, School Club, School Life, Original Work",3.7,2012.0,,"""Wakana Sakai was involved in music, but gave it up one day. Konatsu Miyamoto loves singing and can't be torn from it. Sawa Okita would do anything for her closest friends. They laugh, they fight, they worry, they love... Through their very ordinary lives, little by little the girls learn to move forward. Sometimes they feel as if they can't go on alone, but as long as they have their friends, they believe they'll make it someday. Wakana, Konatsu, Sawa, and the music they make in their ensemble weave a tiny but dazzling story of the power of music.""",,Tari Tari,"Utopia, Tari Tari Special","Konatsu Miyamoto : Asami Seto, Sawa Okita : Saori Hayami, Taichi Tanaka : Nobunaga Shimazaki, Wakana Sakai : Ayahi Takagaki, Wien : Natsuki Hanae, Mahiru Sakai : Sayaka Oohara, Shiho Okita : Mamiko Noto, Tomoko Takahashi : Akiko Kimura, Evergreen
Original Creator, Masakazu Hashimoto
Director, Shirou Hamaguchi
Music, Kanami Sekiguchi
Character Design, Hiroshi Kawamura
Producer, Yousuke Wada
Producer, Tsuyoshi Oda
Producer, Yasushi Ooshima
Producer","Evergreen : Original Creator, Masakazu Hashimoto : Director, Shirou Hamaguchi : Music, Kanami Sekiguchi : Character Design, Hiroshi Kawamura : Producer, Yousuke Wada : Producer, Tsuyoshi Oda : Producer, Yasushi Ooshima : Producer"
Ground Control to Psychoelectric Girl: The Nighttime Sun, Denpa Onna to Seishun Otoko: Mayonaka no Taiyou,DVD S,,SHAFT,,"Comedy, Slice of Life, Based on a Light Novel",3.7,2012.0,,'No synopsis yet - check back soon!',,"Denpa Onna to Seishun Otoko (Light Novel), Denpa Onna to Seishun Otoko",Ground Control to Psychoelectric Girl,"Makoto Niwa : Miyu Irino, Erio Touwa : Asuka Oogame, Maekawa : Mai Fuchigami, Ryuuko Mifune : Emiri Katou, Yashiro Hoshimiya : Yuka Iguchi, Hanazawa, Komaki, Maekawa'S Father, Akiyuki Simbo
Chief Director, Yukihiro Miyamoto
Director","Akiyuki Simbo : Chief Director, Yukihiro Miyamoto : Director"
"Love, Chunibyo & Other Delusions! Lite", Chuunibyou Demo Koi ga Shitai! Lite,Web  ,6.0,Kyoto Animation,Fall ,"Comedy, School Life, Short Episodes, Based on a Light Novel",3.7,2012.0,,"'When one is afflicted with chuunibyou syndrome, a ""disease"" that makes one prone to delusional flights of fancy, even the most mundane, everyday tasks can turn into an epic saga. For chuunibyou-sufferer Rikka, formerly-ill Yuuta and the rest of their friends, learning to play volleyball, an evening stroll through the park, or just going shopping for dinner become noteworthy events given Rikka\'s zany tendencies! And will a look at Rikka and Yuuta\'s mysterious pasts explain it all, or just raise more questions?'",,"Love, Chunibyo & Other Delusions (Light Novel)","Love, Chunibyo & Other Delusions!","Rikka Takanashi : Maaya Uchida, Yuuta Togashi : Jun Fukuyama, Kumin Tsuyuri : Azumi Asakura, Kuzuha Togashi : Kaori Fukuhara, Sanae Dekomori : Sumire Uesaka, Shinka Nibutani : Chinatsu Akasaki, Yumeha Togashi : Mami Shitara, Chimaera : Kanae Oki, Tatsuya Ishihara
Director",Tatsuya Ishihara : Director
Mysterious Girlfriend X OVA, Nazo no Kanojo X: Nazo no Natsu Matsuri,OVA  ,1.0,Hoods Entertainment,,"Comedy, Romance, School Life, Based on a Manga",3.69,2012.0,,"'The story revolves around Tsubaki Akira, who one day notices the anti-social transfer student Urabe Mikoto drooling on her desk while she is sleeping, and he tastes it. Eventually the two begin to date and get to know each other better.'",,Mysterious Girlfriend X,Mysterious Girlfriend X,"Akira Tsubaki : Miyu Irino, Mikoto Urabe : Ayako Yoshitani, Ayuko Oka : Ryou Hirohashi, Kouhei Ueno : Yuuki Kaji, Matsubuya : Hiro Yuuki, Togawa : Megumi Hayashibara, Youko Tsubaki : Misato Fukuen, Riichi Ueshiba
Original Creator, Ayumu Watanabe
Director, Kenichi Konishi
Character Design, Shigemi Ikeda
Art Director, Shinichi Ikeda
Producer, Kenji Sumiya
Producer, Shinpei Kamata
Animation Director & Key Animator","Riichi Ueshiba : Original Creator, Ayumu Watanabe : Director, Kenichi Konishi : Character Design, Shigemi Ikeda : Art Director, Shinichi Ikeda : Producer, Kenji Sumiya : Producer, Shinpei Kamata : Animation Director & Key Animator"
Phi Brain: Puzzle of God 2, Phi Brain: Kami no Puzzle 2,TV   ,25.0,Sunrise,Spring,"Adventure, High Stakes Games, Original Work",3.68,2012.0,,"""The battle with POG is over, but Kaito's determination to rid the world of lethal puzzles remains, stronger than ever. Alongside Ana, Cubic, Gammon and Nonoha, Kaito continues tackling each Puzzle of Fools he can find, taking them down with ease. But soon, the gang discovers that a new group known as the Orpheus Order is in town, and they're willing to do whatever it takes – even manipulating others around them – to achieve their ultimate, sinister goal: to learn more about the Orpheus amulet and force all of humanity to unlock their true potential, no matter the deadly cost. With new treacherous puzzles to solve and their friends' lives at stake, Kaito and the group must use their intellects once more to take down the Orpheus Order.""",,"Phi Brain: Kami no Puzzle, Phi Brain: Saigo no Puzzle","Phi Brain: Puzzle of God, Phi Brain: Puzzle of God 3","Ana Gram : Satsuki Yukino, Cubic Galois : Kouki Miyata, Gammon Sakanoue : Jun Fukuyama, Kaito Daimon : Chiwa Saitou, Nonoha Itou : Kaori Shimizu, Baron Kaidou : Keiji Fujiwara, Doubt : Daisuke Ono, Elena Himekawa : Megumi Nakajima, Sunrise
Original Creator, Junichi Satou
Director, Hirotaka Endou
Director, Mayori Sekijima
Screenplay & Series Composition, Akio Izutsu
Music, Youhei Sasaki
Character Design, Toshihiro Nakajima
Animation Director, Shingo Tamagawa
Key Animator","Sunrise : Original Creator, Junichi Satou : Director, Hirotaka Endou : Director, Mayori Sekijima : Screenplay & Series Composition, Akio Izutsu : Music, Youhei Sasaki : Character Design, Toshihiro Nakajima : Animation Director, Shingo Tamagawa : Key Animator"
This Boy Caught a Merman," Kono Danshi, Ningyo Hiroimashita.",OVA  ,1.0,CoMix Wave Films,,"BL, Drama, Shounen-ai, Interspecies Relationship, Mermaids, Non-Human Protagonists, Psychological, Original Work",3.68,2012.0,,"""When a picture of his late grandfather falls into the ocean, Shima jumps in after it without thinking. Nearly drowning, he is saved by a very perfect stranger - the young merman Isaki. Shima and Isaki quickly bond in ways neither anticipated. After all, Shima and Isaki aren't just from opposite sides of the tracks but from entirely divergent species, which makes maintaining a long term relationship anything but easy sailing.""",,,"This Boy Can Fight Aliens!, This Boy Suffers from Crystallization, This Boy is a Professional Wizard","Isaki : Hikaru Midorikawa, Shima Kawauchi : Yuuki Kaji, Funairi : Yurika Fukuyama, Furue : Takayuki Miyamoto, Gen Kawauchi : Tomomichi Nishimura, Kotsuna : Megumi Toda, Kusatsu : Junta Terashima, Shima'S Father : Yoshimitsu Shimoyama, Soubi Yamamoto
Director & Original Creator & Screenplay, Mitsuyuki Ishibashi
Music, Jun Oosugi
Music & Song Arrangement & Song Composition, Haru Yamada
Sound Director, Yuuichi Sakai
Producer, Hikaru Midorikawa
Song Performance, Sugacchi
Song Lyrics, Yasuhiro Tsujioka
Song Arrangement","Soubi Yamamoto : Director & Original Creator & Screenplay, Mitsuyuki Ishibashi : Music, Jun Oosugi : Music & Song Arrangement & Song Composition, Haru Yamada : Sound Director, Yuuichi Sakai : Producer, Hikaru Midorikawa : Song Performance, Sugacchi : Song Lyrics, Yasuhiro Tsujioka : Song Arrangement"
Onegai My Melody: Yuu & Ai,,Movie,,Studio Comet,,"Comedy, Fantasy, Family Friendly, Sanrio Characters",3.68,2012.0,,"""Set before the events of Sweets Dance Princess, it focuses about My Melody's summer camping in Mary Land and how her friendship with Kuromi is becoming better, despite the upsetting experiences and misunderstandings she had during camp.""",,,"My Melody no Akazukin, Onegai My Melody, Onegai My Melody: Kuru Kuru Shuffle!, Onegai My Melody Sukkiri♪, Onegai My Melody Kirara","Baku : Noboru Maeda, Kuromi : Junko Takeuchi, My Melody : Rei Sakuma, Ruby : Ayaka Saitou, Flat : Kaori Miura, Piano-Chan : Junko Takeuchi, Masao Ookubo
Director, Cheru Watanabe
Music, Tomoko Miyakawa
Character Design","Masao Ookubo : Director, Cheru Watanabe : Music, Tomoko Miyakawa : Character Design"
Sore Ike! Anpanman: Rhythm de Teasobi - Anpanman to Fushigi na Parasol,,Movie,,TMS Entertainment,,"Anthropomorphic, Family Friendly, Food Protagonists, Non-Human Protagonists",3.68,2012.0,,'No synopsis yet - check back soon!',,,"Sore Ike! Anpanman, Sore Ike! Anpanman: Yomigaere Bananajima","Anpanman : Keiko Toda, Takashi Yanase
Original Creator, Toshiya Shinohara
Director, Taku Izumi
Music, Hiroaki Kondo
Music","Takashi Yanase : Original Creator, Toshiya Shinohara : Director, Taku Izumi : Music, Hiroaki Kondo : Music"
"Listen to Me, Girls, I'm Your Father! Warmth", Papa no Iukoto wo Kikinasai! Pokkapoka,DVD S,,feel.,,"Ecchi, Slice of Life, Childcare, Single Parent, Based on a Light Novel",3.68,2012.0,,"'After winning a family trip to a hot springs resort, Yuta and the girls were followed by Raika, Kouichi and Shuntarou. Meanwhile, Raika has to deal with her burgeoning feelings for Yuta.'",,"Listen to Me Girls, I'm Your Father! (Light Novel), Listen to Me Girls, I'm Your Father!, Listen to Me Girls, I'm Your Father! The sunny place for Takanashi sisters., Listen to Me Girls, I'm Your Father! Miu-sama no Iu Toori, Listen to Me Girls, I'm Your Father! Usagi no Mark, Listen to Me Girls, I'm Your Father! Sorairo no Hibiki, Listen to Me Girls, I'm Your Father! Rojou Kansatsu Kenkyuukai Nisshi, Listen to Me Girls, I'm Your Father! After (Light Novel)","Listen to Me Girls, I'm Your Father!, Listen to Me Girls, I'm Your Father! OVA","Hina Takanashi : Hiromi Igarashi, Miu Takanashi : Eri Kitamura, Raika Oda : Yui Horie, Sora Takanashi : Sumire Uesaka, Yuuta Segawa : Wataru Hatano, Kouichi Nimura : Daisuke Ono, Shuntarou Sako : Junji Majima, Itsurou Kawasaki
Director, Hiroshi Uesugi
Music, Takashi Mamezuka
Character Design, Tomoko Kawasaki
Producer, Takahiro Yamanaka
Producer, Shinya Shinozaki
Producer","Itsurou Kawasaki : Director, Hiroshi Uesugi : Music, Takashi Mamezuka : Character Design, Tomoko Kawasaki : Producer, Takahiro Yamanaka : Producer, Shinya Shinozaki : Producer"
Campione!, Campione! Matsurowanu Kamigami to Kamigoroshi no Maou,TV   ,13.0,diomedea,Summer,"Action, Ecchi, Fantasy, Harem, Contemporary Fantasy, Gods, Greek Mythology, Urban Fantasy, Based on a Light Novel",3.68,2012.0,,"'After inadvertently managing to kill the god Verethragna, taking his divine powers in the process, the once-typical teen Godou\'s life changed forever. Now a ""Campione"", a god slayer, the boy constantly attracts both gods\' and other Campiones\' attentions alike, not to mention the affections of a powerful knight, Erica. Whether he\'s dodging Erica\'s advances, proving his strength to others or taking down gods who will wreak havoc on the planet, Godou\'s new life is anything but normal.'",,"Campione! (Light Novel), Campione!, Campione EX! Gunshin Futatabi (Light Novel)",,"Erica Blandelli : Youko Hikasa, Godou Kusanagi : Yoshitsugu Matsuoka, Athena : Yui Ogura, Liliana Kranjcar : Eri Kitamura, Touma Amakasu : Shinobu Matsumoto, Yuri Mariya : Kana Hanazawa, Ame No Murakumo No Tsurugi, Arianna Hayama Arialdi : Sachika Misawa, Keizou Kusakawa
Director, Tatsuya Katou
Music, Masakazu Ishikawa
Character Design, Yoshikazu Iwanami
Sound Director, Kouhei Kawase
Producer, Nobuhiro Nakayama
Producer, Satoshi Fujita
Producer, Jun Fukuda
Producer","Keizou Kusakawa : Director, Tatsuya Katou : Music, Masakazu Ishikawa : Character Design, Yoshikazu Iwanami : Sound Director, Kouhei Kawase : Producer, Nobuhiro Nakayama : Producer, Satoshi Fujita : Producer, Jun Fukuda : Producer"
Aikatsu!,,TV   ,50.0,Sunrise,Fall ,"Idols, Music, Music School, School Life, Showbiz, Based on a Card Game",3.67,2012.0,2013.0,"""Ichigo Hoshimiya is an average first-year middle school student, but after her best friend Aoi encourages her to enter Starlight Academy, a famous idol-training school, Ichigo's whole life changes. She meets various rivals, becomes proficient in abilities that are integral to idols, and uses\xa0Aikatsu!\xa0cards while challenging herself with an array of auditions.""",,"Aikatsu! Secret Story, Aikatsu! Manga & Mangaka Atsudou!","Aikatsu! 2, Aikatsu! 3, Aikatsu! Dai Starmiya Ichigo Matsuri Zenyasai!!, Aikatsu! The Movie, Aikatsu! Music Award: Minna de Shou wo Moracchaima SHOW!, Aikatsu! 4, Aikatsu Stars! The Movie, Aikatsu! Nerawareta Mahou no Aikatsu Card","Aoi Kiriya : Azusa Tadokoro, Ichigo Hoshimiya : Sumire Morohoshi, Ran Shibuki : Ayaka Oohashi, Johnny Bepp : Makoto Yasumura, Kaede Ichinose : Yuuna Mimura, Mizuki Kanzaki : Minako Kotobuki, Orihime Mitsuishi : Kaya Matsutani, Otome Arisugawa : Tomoyo Kurosawa, Ryuichi Kimura
Director & Storyboard, Monaca
Music, Hiroko Yaguchi
Character Design, Hatsuo Nara
Producer, Ryuuta Wakanabe
Producer, Yousuke Imai
Producer, Nobuyuki Hosoya
Producer, Mitsuko Ooya
Episode Director","Ryuichi Kimura : Director & Storyboard, Monaca : Music, Hiroko Yaguchi : Character Design, Hatsuo Nara : Producer, Ryuuta Wakanabe : Producer, Yousuke Imai : Producer, Nobuyuki Hosoya : Producer, Mitsuko Ooya : Episode Director"
Kindaichi Shounen no Jikenbo: Kuromajutsu Satsujin Jiken-hen,,OVA  ,2.0,Toei Animation,,"Mystery, Shounen, Based on a Manga",3.67,2012.0,2013.0,'No synopsis yet - check back soon!',,"The Kindaichi Case Files, Kindaichi Shounen no Jikenbo: Tanpenshuu, The New Kindaichi Files, Kindaichi Shounen no Jikenbo: Shin Series, Kindaichi Shounen no Jikenbo: 20th Shuunen Kinen Series, Kindaichi Shounen no Jikenbo Returns, Kindaichi Shounen no 1-paku 2-ka Shouryokou, Akechi Keibu no Jikenbo","Kindaichi Shounen no Jikenbo Movie 1: Operazakan - Aratanaru Satsujin, Kindaichi Shounen no Jikenbo, Kindaichi Shounen no Jikenbo Movie 2: Satsuriku no Deep Blue, Kindaichi Shounen no Jikenbo (2007), Kindaichi Shounen no Jikenbo Returns, Kindaichi Shounen no Jikenbo Returns (2015), Kindaichi Shounen no Jikenbo Returns: Akechi Keibu no Jikenbo","Hajime Kindaichi : Taiki Matsuno, Miyuki Nanase : Akiko Nakagawa, Yoichi Takato : Kenichi Ono, Toshiaki Komura
Director & Storyboard, Akihiro Asanuma
Character Design, Kenji Sumiya
Producer","Toshiaki Komura : Director & Storyboard, Akihiro Asanuma : Character Design, Kenji Sumiya : Producer"
Sankarea OVA, Sankarea: Undying Love OVA,OVA  ,2.0,Studio DEEN,,"Drama, Shounen, Supernatural, Zombies, Based on a Manga, Emotional Abuse,, Mature Themes,, Nudity,, Physical Abuse",3.67,2012.0,,'No synopsis yet - check back soon!',"Emotional Abuse,, Mature Themes,, Nudity,, Physical Abuse","Sankarea: Undying Love, Sankarea: All Night Rea Long (Light Novel)","Sankarea, Sankarea: Wagahai mo... Zombie de Aru...","Chihiro Furuya, Rea Sanka, Aria Sanka : Mayumi Asano, Doon Furuya : Seirou Ogino, Mero Furuya, Ranko Saouji, Babu :  Misato Fukuen, Butler : Nobuaki Kanemitsu, Mitsuru Hattori
Original Creator, Shinichi Omata
Director & Ed Director & Op Director & Storyboard, Yukari Hashimoto
Music, Kyuuta Sakai
Character Design, Nobumitsu Urasaki
Producer, Yuuka Sakurai
Producer, Kensuke Tateishi
Producer, Masashi Takatori
Producer","Mitsuru Hattori : Original Creator, Shinichi Omata : Director & Ed Director & Op Director & Storyboard, Yukari Hashimoto : Music, Kyuuta Sakai : Character Design, Nobumitsu Urasaki : Producer, Yuuka Sakurai : Producer, Kensuke Tateishi : Producer, Masashi Takatori : Producer"
Hoongi: Sumbakkokjil, Hoongi: Hide and Seek,Music,,,,"Horror, Korean Animation, Supernatural, Vocaloid",3.66,2012.0,,'No synopsis yet - check back soon!',,,,"Hoongi
Music",Hoongi : Music
Lupin III Special 24: Touhou Kenbunroku - Another Page,,TV Sp,,TMS Entertainment,,"Action, Comedy, Seinen, Criminals, Thieves, Based on a Manga",3.66,2012.0,,"""Lupin has become a suspect in the murder of a professor named Theo Argent. The professor had just discovered the missing page of Marco Polo's Record of Observations of the East travel journal. As Lupin is being pursued by the police, he ends up getting unlikely help from the granddaughter of Theo Argent, Lisa.""",,"Lupin III, Lupin Kozou","Lupin III: Pilot Film, Lupin III, Lupin III: Part II, Lupin III: The Mystery of Mamo, Lupin III: The Castle of Cagliostro, Lupin III: Part III, Lupin III: Legend of the Gold of Babylon, Lupin III: The Fuma Conspiracy, Lupin III: Secret Files, Lupin III Special 1: Bye Bye, Lady Liberty, Lupin III Special 2: The Hemingway Papers, Lupin III Special 3: Napoleon's Dictionary, Lupin III Special 4: From Siberia With Love, Lupin III Special 5: Voyage To Danger, Lupin III Special 6: Dragon of Doom, Lupin III: Farewell to Nostradamus, Lupin III Special 7: The Pursuit of Harimao's Treasure, Lupin III: Dead or Alive, Lupin III Special 8: The Secret Of The Twilight Gemini, Lupin III Special 9: Island of Assassins, Lupin III Special 10: Crisis in Tokyo, Lupin III Special 11: The Columbus Files, Lupin III Special 12: Missed by a Dollar, Lupin III Special 13: Alcatraz Connection, Lupin III: Return Of Pycal, Lupin III Special 14: Episode 0 - First Contact, Lupin III Special 15: Operation Return the Treasure, Lupin III Special 16: Stolen Lupin, Lupin III Special 17: Angel Tactics, Lupin III Special 18: Seven Days Rhapsody, Lupin III Special 19: The Elusiveness of the Fog, Lupin III: Green vs Red, Lupin III Special 20: Sweet Lost Night, Lupin III Special 21: Lupin III vs Detective Conan, Monkey Majik: Lupin the Third, Lupin III Special 22: The Last Job, Lupin III Special 23: Blood Seal of the Eternal Mermaid, Lupin VIII: Arsene and Cie, Lupin III: Lupin Family All-Stars, Lupin III: The Woman Called Fujiko Mine, Lupin III Special 25: Princess of the Breeze - Kakusareta Kuuchuu Toshi, Lupin III: Jigen's Gravestone, Lupin III: Part IV, Lupin III Special 26: Italian Game, Lupin III: Goemon's Blood Spray, Lupin III: The First","Arsene Lupin Iii, Daisuke Jigen, Fujiko Mine, Goemon Ishikawa Xiii, Koichi Zenigata, Ami, Bao Long, Bernardo Vilar, Monkey Punch
Original Creator, Hajime Kamegaki
Director, Yuuji Oono
Music, Masatomo Sudou
Character Design, Toshio Nakatani
Producer, Satoshi Kojima
Producer, Naoki Iwasa
Producer, Fumio Maezono
Episode Director & Key Animator","Monkey Punch : Original Creator, Hajime Kamegaki : Director, Yuuji Oono : Music, Masatomo Sudou : Character Design, Toshio Nakatani : Producer, Satoshi Kojima : Producer, Naoki Iwasa : Producer, Fumio Maezono : Episode Director & Key Animator"
Detective Conan: Excalibur no Kiseki, Meitantei Conan: Excalibur no Kiseki,OVA  ,1.0,TMS Entertainment,,"Mystery, Shounen, Sports, Age Transformation, Baseball, Detectives, Based on a Manga",3.66,2012.0,,'No synopsis yet - check back soon!',,"Magic Kaitou, Case Closed, Detective Conan: Tokubetsu-hen, Detective Conan: Zero's Tea Time","Detective Conan, Detective Conan OVA 1: Conan vs Kid vs YAIBA, Detective Conan OVA 2: 16 Suspects, Detective Conan OVA 3: Conan and Heiji and the Vanished Boy, Detective Conan OVA 4: Conan and Kid and Crystal Mother, Detective Conan OVA 5: The Target is Kogoro! The Detective Boys' Secret Investigation, Detective Conan OVA 6: Follow the Vanished Diamond! Conan and Heiji vs Kid!, Detective Conan OVA 7: A Challenge from Agasa, Detective Conan OVA 8: High School Girl Detective Sonoko Suzuki's Case Files, Detective Conan Magic File 2: Kudou Shinichi - The Case of the Mysterious Wall and the Black Lab, Detective Conan OVA 9: The Stranger of 10 Years, Detective Conan Magic File 3: Shinichi and Ran: Memories of Mahjong Tiles and Tanabata, Lupin III Special 21: Lupin III vs Detective Conan, Detective Conan OVA 10: Kid in Trap Island, Detective Conan Magic File 4: Osaka Okonomiyaki Odyssey, Detective Conan Magic File 5: Niigata - Tokyo Omiyage Capriccio, Detective Conan OVA 11: A Secret Order from London, Detective Conan vs. Wooo, Detective Conan Magic File 6: Fantasista Flower, The Disappearance of Conan Edogawa: The Worst Two Days in History, Detective Conan Movie 24: The Scarlet Bullet","Ai Haibara : Megumi Hayashibara, Conan Edogawa : Minami Takayama, Hiroshi Agasa : Kenichi Ogata, Minae : Ai Nonaka, Akira : Kouki Miyata, Ayumi Yoshida : Yukiko Iwai, Coach : Kousei Tomita, Fujio : Daisuke Sakaguchi",
Usagi no Mofy (2012),,Web  ,13.0,Kachidoki Studio,,"Animal Protagonists, Family Friendly, Non-Human Protagonists, Rabbits, Short Episodes, Based on a Picture Book",3.65,2012.0,,'No synopsis yet - check back soon!',,,,Mofy,
Tight-rope,,OVA  ,2.0,Prime Time,,"BL, Romance, Shounen-ai, Childhood Friends, Gangs, Yakuza, Based on a Manga",3.65,2012.0,,"'Tightrope tells the tale of the reluctant heir of a yakuza family and his childhood friend, and follows their love relationship that started budding in their school days and keeps developing slowly but surely.'",,Tight Rope,,"Naoki Satoya : Shinnosuke Tachibana, Ryunosuke Ohara : Tatsuhisa Suzuki, Keigo Nishijima, Kensuke Tachibana : Kazuya Ichijo, Tetsu : Jun Fukushima, Ayano Ohara, Ryunosuke'S Father, Yuuko Satoya, Isaku Natsume
Original Creator, Hiromi
Director, Kazuo Watanabe
Character Design, Toshiyuki Yamamoto
Producer","Isaku Natsume : Original Creator, Hiromi : Director, Kazuo Watanabe : Character Design, Toshiyuki Yamamoto : Producer"
Aesthetica of a Rogue Hero, Hagure Yuusha no Estetica,TV   ,12.0,ARMS,Summer,"Action, Ecchi, Fantasy, Contemporary Fantasy, Demons, Magic, Magic School, Overpowered Main Characters, Person in a Strange World, School Life, Summoned Into Another World, Superpowers, Urban Fantasy, Based on a Light Novel, Nudity,, Sexual Content",3.65,2012.0,,"'After saving a fairy-tale kingdom, Akatsuki returns to the real world with his prize—Myuu, the busty daughter of the defeated Demon\xa0King. It’s one hell of a happy ending until they’re forced to enroll at a school for magic users. There, Akatsuki can’t keep his hands off the girls, Myuu’s constantly ballooning measurements make her a walking wardrobe malfunction, and it seems like someone is always plotting against them.'","Nudity,, Sexual Content","Aesthetica of a Rogue Hero (Light Novel), Aesthetica of a Rogue Hero","Queen's Blade Rebellion vs. Hagure Yuusha no Aesthetica, Aesthetica of a Rogue Hero Specials","Akatsuki Ousawa : Nobuhiko Okamoto, Myuu Ousawa : Youko Hikasa, Chikage Izumi : Kana Ueda, Haruka Nanase : Marina Inoue, Kuzuha Doumoto : Kana Hanazawa, Kyouya Hikami : Takahiro Sakurai, Motoharu Kaidou : Atsushi Abe, Phil Barnett : Noriaki Sugiyama, Rion Kujou
Director, Kayou Konishi
Music, Yukio Kondou
Music, Hiroshi Tsukada
Character Design, Shinsaku Tanaka
Producer, Hisato Usui
Producer, Takurou Hatakeyama
Producer, Tetsuya Tsuchihashi
Producer","Rion Kujou : Director, Kayou Konishi : Music, Yukio Kondou : Music, Hiroshi Tsukada : Character Design, Shinsaku Tanaka : Producer, Hisato Usui : Producer, Takurou Hatakeyama : Producer, Tetsuya Tsuchihashi : Producer"
One Piece Special: Glorious Island,,Other,,Toei Animation,,"Comedy, Shounen, Pirates, Short Episodes, Based on a Manga",3.65,2012.0,,'An exclusive anime prologue to One Piece Film Z with an original story penned by manga creator Eiichiro Oda.',,One Piece,,"Brook : Choo, Franky : Kazuki Yao, Monkey D. Luffy : Mayumi Tanaka, Nami : Akemi Okamura, Robin Nico : Yuriko Yamaguchi, Sanji : Hiroaki Hirata, Tony Tony Chopper : Ikue Ootani, Usopp : Kappei Yamaguchi, Eiichiro Oda
Original Creator",Eiichiro Oda : Original Creator
Joshiraku,,TV   ,13.0,J.C.Staff,Summer,"Comedy, Shounen, Slice of Life, Animeism, Apprenticeship, Breaking the Fourth Wall, Gag, Parody, Rakugo, Satire, Based on a Manga",3.65,2012.0,,"""Marii, Kigurumi, Tetora, Gankyou and Kukuru are five young women with completely different interests and personalities, but there's one thing that they all share: performing Rakugo, a unique form of Japanese comic theatre in which a single artist sits in front of an audience and tells an entire story, portraying multiple characters solely through changes of voice and minimal movements. It's a challenging art but all five of our leading ladies are determined to become the best they can… and in the meantime, they find themselves hanging out together, both at the Rakugo theater and around town. And they also have a shared acquaintance, a mysterious stranger who's always wearing a wrestling mask! What's that about?""",,Joshiraku,Joshiraku OVA,"Gankyou Kuurubiyuutei : Yoshino Nanjou, Kigurumi Haroukitei : Kotori Koiwai, Kukuru Anrakutei : Saori Gotou, Marii Buratei : Ayane Sakura, Tetora Bouhatei : Nozomi Yamamoto, Mask : Aoi Yuuki, Uzann Uzatei : Ryouko Shintani, Association'S Woman : Kimiko Saitou, Kouji Kumeta
Original Creator, Tsutomu Mizushima
Director, Masaru Yokoyama
Music, Masayoshi Tanaka
Character Design, Yoshikazu Iwanami
Sound Director, Yuuji Matsukura
Producer, Kensuke Tateishi
Producer, Shigeru Nishiyama
Editor","Kouji Kumeta : Original Creator, Tsutomu Mizushima : Director, Masaru Yokoyama : Music, Masayoshi Tanaka : Character Design, Yoshikazu Iwanami : Sound Director, Yuuji Matsukura : Producer, Kensuke Tateishi : Producer, Shigeru Nishiyama : Editor"
The [email protected]: 765 Pro to Iu Monogatari,,TV Sp,,A-1 Pictures,,"Idols, Music, Showbiz",3.65,2012.0,,'No synopsis yet - check back soon!',,"THE [email protected] Comic Anthology, THE [email protected] Anthology Comic, The [email protected]: Your [email protected], The [email protected], The [email protected] Relations, Puchimas! Petit [email protected], The [email protected] Break!, The [email protected] Dearly Stars: Neue Green, The [email protected] Dearly Stars: Splash Red, The [email protected] Dearly Stars: Innocent Blue, The [email protected] 2: Nemurihime, The [email protected] 2: Colorful Days, The [email protected] 2: The World Is All One!!, [email protected] of Jupiter - The [email protected], The [email protected] (Mana), The [email protected] Cinderella Girls Shuffle!!, Jupiter: THE [email protected], The [email protected]: Million Live! Back Stage, The [email protected]: Million Live!, The [email protected]: Million Live! Comic Anthology, The [email protected] SideM: Dramatic Stage, The [email protected] Million Live!: Blooming Clover","The [email protected], The [email protected]: Shiny Festa, Puchimas! Wakku Waku!!, Puchimas! Petit [email protected], Puchimas! Petit [email protected] - Takatsuki Gold Densetsu Special!! Harukasan Matsuri, Puchimas! Petit [email protected] OVA, The [email protected]: Onegai Cinderella, Puchimas! Petit Petit [email protected], The [email protected] Movie: Kagayaki no Mukougawa e!, The [email protected]: Cinderella Girls: Special Program, The [email protected]: Cinderella Girls Second Series, The [email protected]: Cinderella Girls Special: Anytime, Anywhere with Cinderella","Ami Futami : Asami Shimoda, Azusa Miura : Chiaki Takahashi, Chihaya Kisaragi : Asami Imai, Haruka Amami : Eriko Nakamura, Hibiki Ganaha : Manami Numakura, Iori Minase : Rie Kugimiya, Makoto Kikuchi : Hiromi Hirata, Mami Futami : Asami Shimoda",
Dog Days',,TV   ,13.0,Seven Arcs,Summer,"Action, Adventure, Ecchi, Fantasy, Animal Characteristics, Isekai, Magic, Person in a Strange World, Royalty, Summoned Into Another World, War, Original Work",3.64,2012.0,,"'Three months have passed since Shinku returned to Earth, and now, he’s been summoned once more to return to the magical kingdom of Flonyard. But this time, he’s bringing a friend! While Shinku reprises his role as Princess Millhiore’s protector, his friend Rebecca, spellbound by this fantastical place, is quickly recruited to be a bordering kingdom’s champion. What’s more, Shinku’s cousin, Natsumi, was also summoned to Flonyard by Biscotti’s strongest rival of all, Leonmitchelli! With more war games on the horizon and plenty of adventures in store, Shinku and his friends must do their best to help their respective ruler win the spoils!'",,Dog Days,"Dog Days, Dog Days' Specials, Dog Days'', Dog Days Recap, Dog Days'': Limone Resort Tenbou Onsen!, Dog Days '': Gravure Talk","Couvert Eschenbach Pastillage : Aoi Yuuki, Leonmitchelli Galette Des Rois : Ami Koshimizu, Millhiore Firianno Biscotti : Yui Horie, Nanami Takatsuki : Nana Mizuki, Rebecca Anderson : Mikako Takahashi, Shinku Izumi : Mamoru Miyano, Adelaide Grand Marnier : Eri Kitamura, Brioche D'Arquien : Youko Hikasa, Masaki Tsuzuki
Original Creator, Junji Nishimura
Director, Maiko Iuchi
Music, Yui Isshiki
Music, Susumu Natsume
Music, Osamu Sakata
Character Design, Hisanori Kunisaki
Producer, Hiroyuki Shimizu
Producer","Masaki Tsuzuki : Original Creator, Junji Nishimura : Director, Maiko Iuchi : Music, Yui Isshiki : Music, Susumu Natsume : Music, Osamu Sakata : Character Design, Hisanori Kunisaki : Producer, Hiroyuki Shimizu : Producer"
Anohana: The Flower We Saw That Day Picture Drama, Ano Hi Mita Hana no Namae wo Bokutachi wa Mada Shiranai. Picture Drama,DVD S,,,,Picture Drama,3.64,2012.0,,'A picture drama bundled with the\xa0Memorial Box BD/DVD release for Anohana: The Flower We Saw That Day.',,,Anohana: The Flower We Saw That Day,"Shigeru Nishiyama
Editor",Shigeru Nishiyama : Editor
Blood-C: The Last Dark,,Movie,,Production I.G,,"Action, Horror, Monsters, Revenge, Supernatural, Swordplay, Vampires, Explicit Violence,, Nudity",3.64,2012.0,,"'Saya is part human, part monster, and has one thing on her mind: REVENGE. Visions of twisted experiments and creatures slaughtering everyone she loved fuel her thirst for vengeance. With blade in hand and rage boiling in her veins, she tracks her tormentor to Tokyo—where flesh-hungry beasts have begun to feed. There, she joins a group of young hackers hunting for the same man. As Saya slices her way through lies, traps, flesh, and bone, how much blood will she shed to cut down the mastermind behind her madness?'","Explicit Violence,, Nudity","Blood: The Last Vampire - Yami wo Izanau Chi (Light Novel), Blood: The Last Vampire 2002, Blood: The Last Vampire - Shanghai Aibyou (Light Novel), Blood+, Blood+ Adagio, Blood+ Kowloon Nights, Blood+ Russian Rose (Light Novel), Blood+ (Light Novel), Blood-C: Demonic Moonlight, Blood-C, Blood-C (Light Novel), Blood-C: The Last Dark (Light Novel)","Blood: The Last Vampire, Blood+, Blood-C","Mana Hiiragi : Ai Hashimoto, Saya Kisaragi : Nana Mizuki, Fumito Nanahara : Kenji Nojima, Haruno Yanagi : Yuko Kaida, Hiro Tsukiyama : Kana Hanazawa, Iori Matsuo : Yuuichi Nakamura, Kuroto Mogari : Hiroshi Kamiya, Shu Fujimura : Yuuki Kaji, Clamp
Original Character Design & Original Creator & Series Composition, Norihiro Naganuma
Chief Director, Naoyoshi Shiotani
Director, Naoki Satou
Music, Kazuchika Kise
Character Design, Yoshikazu Iwanami
Sound Director, Hiroyuki Shimizu
Producer, Tooru Kawaguchi
Producer","Clamp : Original Character Design & Original Creator & Series Composition, Norihiro Naganuma : Chief Director, Naoyoshi Shiotani : Director, Naoki Satou : Music, Kazuchika Kise : Character Design, Yoshikazu Iwanami : Sound Director, Hiroyuki Shimizu : Producer, Tooru Kawaguchi : Producer"
AKB0048,,TV   ,13.0,SATELIGHT,Spring,"Action, Drama, Mecha, Sci Fi, Idols, Music, Outer Space, Showbiz, Original Work",3.64,2012.0,,"""With all forms of entertainment banned, a group of bold young women do the unthinkable: resurrect a legendary J-Pop band, forming an all new Band of Sisters known as AKB0048! But these rockin' rebels aren't just singers. They're trained in combat as well as choreography and willing to sacrifice their lives for intergalactic harmony. As the new recruits enter basic training, the veterans provide the musical soundtrack and pass their batons and battle gear to a new generation of daring divas.""",,"AKB49: Renai Kinshi Jourei, AKB0048: Episode 0, AKB48 Satsujin Jiken, AKB0048: Heart-Gata Operation",AKB0048: Next Stage,"Chieri Sono : Mayu Watanabe, Kanata Shinonome : Haruka Ishida, Makoto Yokomizo : Mao Mita, Mimori Kishida : Sumire Satou, Nagisa Motomiya : Karen Iwata, Orine Aida : Sayaka Nakaya, Sonata Shinonome : Kumi Yagami, Suzuko Kanzaki : Sawako Hata, Shouji Kawamori
Chief Director & Original Creator & Storyboard, Yoshimasa Hiraike
Director, Hiroshi Takaki
Music, Slavek Kowalewski
Music, Risa Ebata
Character Design, Gou Shukuri
Producer, Kenjiro Kawahito
Producer","Shouji Kawamori : Chief Director & Original Creator & Storyboard, Yoshimasa Hiraike : Director, Hiroshi Takaki : Music, Slavek Kowalewski : Music, Risa Ebata : Character Design, Gou Shukuri : Producer, Kenjiro Kawahito : Producer"
The Knight in the Area, Area no Kishi,TV   ,37.0,Shin-Ei Animation,Winter,"Drama, Shounen, Sports, Soccer, Based on a Manga",3.64,2012.0,,"""Believing himself to be useless at soccer, Kakeru Aizawa instead becomes the manager of his school's soccer team, while his brother Suguru is its ace, and is even good enough to represent Japan in the championships. However, Kakeru may have a yet unknown strong talent within himself that only his brother Suguru can see, and they often get into arguments over Kakeru's denial of his skills. Things are made more complicated with the return of Nana, an old friend of theirs that Kakeru has a crush on.""",,"The Knight in the Area, The Knight in the Area: Enokou Early Days",,"Kakeru Aizawa : Yuuko Sanpei, Nana Mishima : Shizuka Itou, Akira Takajo : Yuuichi Nakamura, Akito Horikawa : Takehito Koyasu, Akitoshi Li : Hiroaki Miura, Gou Kaiouji : Masao Harada, Hiromi Kunimatsu : Chihiro Suzuki, Kaoru Matoba : Tsubasa Yonaga, Hiroaki Igano
Original Creator, Hirofumi Ogura
Director, Hitomi Tsuruta
Character Design, Tomoharu Matsuhisa
Producer, Motomichi Araki
Producer, Tomio Yamauchi
Episode Director, Masato Satou
Storyboard, Shinichirou Kajiura
Assistant Animation Director","Hiroaki Igano : Original Creator, Hirofumi Ogura : Director, Hitomi Tsuruta : Character Design, Tomoharu Matsuhisa : Producer, Motomichi Araki : Producer, Tomio Yamauchi : Episode Director, Masato Satou : Storyboard, Shinichirou Kajiura : Assistant Animation Director"
Ninja Hattori Returns Special, Ninja Hattori-kun Returns Special,TV Sp,,Shin-Ei Animation,,"Comedy, Shounen, Ninja, Based on a Manga",3.63,2012.0,,'No synopsis yet - check back soon!',,Ninja Hattori-kun,"Ninja Hattori-kun, Ninja Hattori-kun: Nin Nin Ninpo Enikki no Maki, Ninja Hattori-kun: Nin Nin Furusato Daisakusen no Maki, Ninja Hattori Returns",Hattori Kanzo,
Inazuma Eleven GO vs Danball Senki W Movie,,Movie,,OLM Digital,,"Mecha, Sports, Crossover, Soccer",3.63,2012.0,,'No synopsis yet - check back soon!',,Inazuma Eleven: Penguin wo Tsugu Mono,"Inazuma Eleven GO, Danball Senki W","Ban Yamano : Megumi Kubota, Hiro Oozora : Hiro Shimono, Kyousuke Tsurugi : Takashi Oohara, Takuto Shindou : Mitsuki Saiga, Tenma Matsukaze : Yuka Terasaki, Asta, Fran, Kinako Nanobana : Aoi Yuuki, Yoshikazu Miyao
Director, Yasunori Mitsuda
Music, Rei Kondoh
Music, Natsumi Kameoka
Music, Hiroyuki Nishimura
Character Design, Yuuji Ikeda
Character Design, Yuko Inoue
Character Design, Chizuko Kusakabe
Character Design","Yoshikazu Miyao : Director, Yasunori Mitsuda : Music, Rei Kondoh : Music, Natsumi Kameoka : Music, Hiroyuki Nishimura : Character Design, Yuuji Ikeda : Character Design, Yuko Inoue : Character Design, Chizuko Kusakabe : Character Design"
Tamayura: Hitotose Special," Tamayura: Hitotose - Attakai Kaze no Omoide, Nanode",DVD S,,TYO Animations,,"Photography, Original Work",3.63,2012.0,,'No synopsis yet - check back soon!',,Tamayura,"Tamayura, Tamayura: Hitotose, Tamayura: More Aggressive Picture Drama, Tamayura: More Aggressive, Tamayura: More Aggressive OVA, Tamayura: Sotsugyou Shashin Movie 1 - Kizashi, Tamayura: Sotsugyou Shashin Movie 2 - Hibiki, Tamayura: Sotsugyou Shashin Movie 3 - Akogare, Tamayura: Sotsugyou Shashin Movie 4 - Ashita","Fuu Sawatari : Ayana Taketatsu, Kaoru Hanawa : Kana Asumi, Maon Sakurada : Yuko Gibu, Norie Okazaki : Yuka Iguchi, Chihiro Miyoshi : Minako Kotobuki, Fuu'S Grandfather : Minoru Inaba, Fuu'S Grandmother : Yoshiko Matsuo, Kou Sawatari : Kanako Miyamoto",
Carnival Phantasm: HibiChika Special,,DVD S,,Lerche,,"Comedy, Fantasy, Crossover, Gag, Parody",3.63,2012.0,,'No synopsis yet - check back soon!',,,"Carnival Phantasm: EX Season, Carnival Phantasm, Carnival Phantasm: Illya's Castle","Chikagi Katsuragi : Eri Sendai, Hibiki Hibino : Youko Honda, Shiki Tohno : Kenji Nojima, Shirou Emiya : Noriaki Sugiyama, Akiha Tohno : Hitomi, Arcueid Brunestud : Ryouka Yuzuki, Caren Ortensia : Ami Koshimizu, Ciel : Kumi Sakuma",
.hack // The Movie, .hack//The Movie: Sekai no Mukou ni,Movie,,CyberConnect2 sai,,"Action, Sci Fi, MMORPG, CG Animation",3.63,2012.0,,"'Although all her high school friends are playing ""The World"", an online role playing game, Sora Yuki is reluctant due to her grandfather who seems to be avert to technology. Things change once she finds out that he secretly started playing this game. Now with no restrictions and with the help of her friends, she timidly enters the game and is thoroughly impressed by it. While still learning the basics of how to play, she witnesses an odd event: a mysterious girl being attacked by a smoke-like entity. The girl has no problem in avoiding its charges, but while doing it she approaches Sora and gives her a strange small cube that enters her online body. From then on, news start to appear that some players are losing consciousness while playing ""The World"".'",,".hack//Legend of the Twilight, .hack//AI Buster (Light Novel), .hack//ZERO (Light Novel), .hack//Another Birth (Light Novel), .hack//GnU, .hack//G.U.+, .hack//XXXX, .hack//Alcor, .hack//CELL (Light Novel), .hack//Link, .hack//4koma, .hack//G.U. (Light Novel), .hack//Tasogare no Hibun (Light Novel), .hack//Quantum I, .hack//Sora: Sekai no Mukou ni",".hack//SIGN, .hack//LIMINALITY, .hack//Legend Of The Twilight, .hack//SIGN - Intermezzo, .hack//SIGN - Unison, .hack//GIFT, .hack//Roots, .hack//G.U. Returner, .hack//G.U. Trilogy, .hack//G.U. Trilogy Parody, .hack//Quantum, .hack//Quantum: Go, Our Chim Chims!!, .hack//Versus: The Thanatos Report, Daitai 3-pun de Wakaru: .hack History","Kakeru Tanaka : Tori Matsuzaka, Sora Yuuki : Nanami Sakuraba, Tomohiko Okano : Kei Tanaka, David Steinberg : Greg Dale, Kaho : Yukari Fukui, Sora'S Grandfather : Kenichi Ogata, Tokura : Marina Inoue, Aura, Hiroshi Matsuyama
Director, Chikayo Fukuda
Music, Yuuki Nakamura
Episode Director, Kazunori Ito
Screenplay","Hiroshi Matsuyama : Director, Chikayo Fukuda : Music, Yuuki Nakamura : Episode Director, Kazunori Ito : Screenplay"
Hello Jadoo 2, Annyeong Jaduya 2,TV   ,30.0,,,"Comedy, Slice of Life, Family Friendly, Korean Animation, Based on a Manga",3.63,2012.0,2013.0,'No synopsis yet - check back soon!',,,"Hello Jadoo, Hello Jadoo 3, Hello Jadoo Movie",Choi Jadoo,
Ginga e Kickoff!!,,TV   ,39.0,TYO Animations,Spring,"Shounen, Sports, Soccer, Tournaments, Based on a Novel",3.63,2012.0,2013.0,"'After his team was disbanded, Sho Ota is sixth grader determined on finding new members to reassemble the Momotaro Predators. Despite not being very good himself, he loves football with all his heart. He one day wishes to accomplish his candid dream of becoming a professional player.'",,,Ginga e Kickoff!! Special,"Erika Takatou : Mariko Nakatsu, Kota Furuya : Kenn, Ouzou Furuya : Yoshimasa Hosoya, Reika Saionji : Riiko Tazawa, Ryuuji Furuya : Shinnosuke Tachibana, Shou Oota : Yuu Kobayashi, Akira Kageura : Tomoaki Maeno, Katsura Uchimura : Fuyuka Ooura, Konousuke Uda
Director, James Shimoji
Music, Hajime Watanabe
Character Design, Fumio Maezono
Episode Director & Storyboard, Mitsuko Ooya
Episode Director & Storyboard, Takaaki Ishiyama
Storyboard, Shinichirou Kajiura
Animation Director, Yasuhide Maruyama
Key Animator","Konousuke Uda : Director, James Shimoji : Music, Hajime Watanabe : Character Design, Fumio Maezono : Episode Director & Storyboard, Mitsuko Ooya : Episode Director & Storyboard, Takaaki Ishiyama : Storyboard, Shinichirou Kajiura : Animation Director, Yasuhide Maruyama : Key Animator"
Moyashimon Returns,,TV   ,11.0,Shirogumi,Summer,"Comedy, Seinen, Agriculture, College, Educational, noitaminA, School Life, Based on a Manga",3.62,2012.0,,"'MOYASHIMON RETURNS picks up where the last season left off as our protagonist Tadayasu Sawaki, a first-year college student at an agricultural university, continues to have the unique ability to see and communicate with micro-organisms and bacteria. Still alongside good friend Kei Yuuki, whose family runs a sake brewery, he devolves an even deeper understanding of bacteria world with his special ability!'",,Moyashimon,"Moyashimon, Moyashimon: Microbe Theatre Deluxe","Tadayasu Souemon Sawaki : Daisuke Sakaguchi, Aoi Mutou : Mamiko Noto, Aspergillus Oryzae, Haruka Hasegawa, Hazuki Oikawa : Akemi Kanda, Kaoru Misato : Katsuyuki Konishi, Kei Yuuki : Mitsuki Saiga, Keizou Itsuki : Tomomichi Nishimura, Masayuki Ishikawa
Original Creator, Yuuichirou Yano
Director, Takefumi Haketa
Music, Satomi Higuchi
Character Design, Reo Kurosu
Producer, Yoshinori Takeeda
Producer, Yoshio Usuda
Key Animator","Masayuki Ishikawa : Original Creator, Yuuichirou Yano : Director, Takefumi Haketa : Music, Satomi Higuchi : Character Design, Reo Kurosu : Producer, Yoshinori Takeeda : Producer, Yoshio Usuda : Key Animator"
Sore Ike! Anpanman: Yomigaere Bananajima,,Movie,,TMS Entertainment,,"Anthropomorphic, Family Friendly, Food Protagonists, Non-Human Protagonists",3.62,2012.0,,'No synopsis yet - check back soon!',,,"Sore Ike! Anpanman, Sore Ike! Anpanman: Rhythm de Teasobi - Anpanman to Fushigi na Parasol","Anpanman : Keiko Toda, Baikinman, Banna, Batako-San, Cheese, Creampanda, Currypanman, Dokin-Chan, Takashi Yanase
Original Creator, Hiroyuki Yano
Director, Taku Izumi
Music, Hiroaki Kondo
Music, Minoru Maeda
Character Design","Takashi Yanase : Original Creator, Hiroyuki Yano : Director, Taku Izumi : Music, Hiroaki Kondo : Music, Minoru Maeda : Character Design"
Sankarea: Wagahai mo... Zombie de Aru...," Sankarea: Undying Love - I, Too, Am... a Zombie...",DVD S,,Studio DEEN,,"Comedy, Shounen, Cats, Supernatural, Zombies, Based on a Manga",3.62,2012.0,,"'Despite their decaying bodies, Rea’s zombie power comes in handy both at school and at home, and Babu gets interested in another cat—although this particular feline is one of the living.'",,"Sankarea: Undying Love, Sankarea: All Night Rea Long (Light Novel)","Sankarea, Sankarea OVA","Chihiro Furuya : Ryouhei Kimura, Rea Sanka : Maaya Uchida, Babu : Misato Fukuen, 18, Darin Kuramiya Arnschent : Aiko Kusumi, Heren Shino : Shiori Mikami, Mogi : Saori Hayashi, Ranko Saouji : Sayuri Yahagi, Mitsuru Hattori
Original Creator",Mitsuru Hattori : Original Creator
Tian Xin Ge Ge 2nd Season, Ori-Princess 2nd Season,TV   ,52.0,,,"Chinese Animation, Family Friendly",3.61,2012.0,,'Second season of Tian Xin Ge Ge.',,,"Tianxin Gege, Tian Xin Ge Ge 3rd Season",,
Mysterious Girlfriend X, Nazo no Kanojo X,TV   ,13.0,Hoods Entertainment,Spring,"Comedy, Romance, Seinen, Slice of Life, Fetish, Panty Shots, School Life, Supernatural, Based on a Manga",3.61,2012.0,,"""The new transfer student Mikoto Urabe is weird. She falls asleep at the drop of a hat and bursts out laughing unexpectedly, and it's no surprise that fellow classmates like Akira avoid her like the plague. So when the boy comes across the girl after class, fast asleep and drooling all over her desk, he does what any typical teenager would do… and tastes it?! What's more, there's something special about Mikoto's saliva: it's addictive, and thanks to Akira's poor decision, he must now receive a daily dose to avoid withdrawal. As Akira adjusts to this new and unexpected bond, he discovers that he's not only addicted to Mikoto's spit, but to her as well, much to his confusion!""",,Mysterious Girlfriend X,Mysterious Girlfriend X OVA,"Akira Tsubaki : Miyu Irino, Mikoto Urabe : Ayako Yoshitani, Ayuko Oka : Ryou Hirohashi, Kouhei Ueno : Yuuki Kaji, Youko Tsubaki : Misato Fukuen, Aika Hayakawa : Yu Shimamura, Akira'S Father : Tokuyoshi Kawashima, Arima : Takuya Eguchi, Riichi Ueshiba
Original Creator, Ayumu Watanabe
Director, Tomoki Hasegawa
Music, Kenichi Konishi
Character Design, Shigemi Ikeda
Art Director, Shinichi Ikeda
Producer, Masaru Nagai
Producer, Shin Wakabayashi
Storyboard","Riichi Ueshiba : Original Creator, Ayumu Watanabe : Director, Tomoki Hasegawa : Music, Kenichi Konishi : Character Design, Shigemi Ikeda : Art Director, Shinichi Ikeda : Producer, Masaru Nagai : Producer, Shin Wakabayashi : Storyboard"
Accel World OVA,,OVA  ,2.0,Sunrise,,"Action, Sci Fi, Virtual Reality, Based on a Light Novel",3.61,2012.0,2013.0,"""The Black Legion members are enjoying a rare opportunity to relax – that is, everyone except for Kuroyukihime. Lately the Black King has become more and more concerned with Haruyuki's unexpected aloofness, and what's worse, she and the gang soon discover that someone in the school network is assaulting students' online avatars and stealing their accessories. Can the Black Legion expose the troublemaker, and will Kuroyukihime be able to resolve her relationship with Haruyuki?""",,"Accel World (Light Novel), Accel World, Accel World., Accel World / Dural - Magisa Garden","Accel World, Accel World: Acchel World.","Chiyuri Kurashima : Aki Toyosaki, Haruyuki Arita : Yuuki Kaji, Kuroyukihime : Sachika Misawa, Takumu Mayuzumi : Shintarou Asanuma, Dushka 30 : Yui Makino, Sky Raker : Aya Endou, Ash Roller : Kenichi Suzumura, Blood Leopard : Ayako Kawasumi",
Katayoku no Khronos Gear,,OVA  ,1.0,AIC,,Sci Fi,3.61,2012.0,,"'The story is set in the near future not long from now, when humanity has completed an orbital elevator and begun developing the outer planets in earnest. An enigmatic extraterrestrial enemy known as ""Obliquus"" has set its sights on the solar system, and humanity enters a state of war with the first aliens it has encountered. To counter the enemy\'s overwhelming technological superiority, the Khronos Foundation has assembled the descendants of every country\'s heroes from Japan\'s Musashi Miyamoto and Ryōma Sakamoto to France\'s Napoleon and Joan of Arc. The foundation then fuses the descendants with ""Gear"" battle suits as special biological weapons, thus giving birth to ""Khronos Gear.""'",,Katayoku no Khronos Gear: The promise of engage,,"Jeanne Saya, Musashi Miyamoto, Florence, Geese Khan, Haruka Sasaki, Ikkyuu, Kasuga Tsubomi, Ryou Sakamoto, Hiroki Hayashi
Director, Ryuuichi Makino
Character Design, Shigemi Ikeda
Art Director","Hiroki Hayashi : Director, Ryuuichi Makino : Character Design, Shigemi Ikeda : Art Director"
Haganai: I Don't Have Many Friends - A Round-Robin Story's Ending Is Way Extreme, Boku wa Tomodachi ga Sukunai: Relay Shousetsu wa Ketsumatsu ga Hanpanai,OVA  ,1.0,AIC Build,,"Comedy, School Club, Based on a Light Novel",3.61,2012.0,,"'On one of those lovely, lazy days, Kodoka suggests the novel idea of a Novel Relay! The plan? Everyone takes turns writing a novel, and Kodoka is the main character! The concept seems cool - but the novel just gets stranger and stranger!'",,"Boku wa Tomodachi ga Sukunai (Light Novel), Boku wa Tomodachi ga Sukunai +, Haganai: I Don't Have Many Friends, Haganai: I Don't Have Many Friends - Now With 50% More Fail!, Boku wa Tomodachi ga Sukunai Anthology, Boku wa Tomodachi ga Sukunai x Seitokai no Ichizon Crossover Special, Haganai: I Don't Have Many Friends - Club Minutes, Boku wa Tomodachi ga Sukunai: Connect (Light Novel)","Haganai: I Don't Have Many Friends OVA, Haganai: I Don't Have Many Friends, Haganai: I Don't Have Many Friends NEXT","Kodaka Hasegawa : Ryouhei Kimura, Sena Kashiwazaki : Kanae Itou, Yozora Mikazuki : Marina Inoue, Kobato Hasegawa : Kana Hanazawa, Maria Takayama : Yuka Iguchi, Rika Shiguma : Misato Fukuen, Yukimura Kusunoki : Nozomi Yamamoto, Yomi Hirasaka
Original Creator, Tatsuhiro Nitta
Producer, Yousuke Futami
Producer","Yomi Hirasaka : Original Creator, Tatsuhiro Nitta : Producer, Yousuke Futami : Producer"
Amagami SS+ Specials,,DVD S,,AIC,,"Romance, School Life, Based on a Visual Novel",3.61,2012.0,,'No synopsis yet - check back soon!',,"Amagami: Sincerely Yours, Amagami: Various Artists, Amagami: Precious Diary, Amagami: Close to You, Amagami: Dreamy Forever, Amagami: Love Goes On!, Amagami Wa!","Amagami SS, Amagami SS Special, Amagami SS OVA, Amagami SS+, Amagami SS+ Picture Drama","Ai Nanasaki : Yukana, Haruka Lovely Morishima : Shizuka Itou, Jun'Ichi Tachibana : Tomoaki Maeno, Kaoru Tanamachi : Rina Satou, Rihoko Sakurai : Ryouko Shintani, Sae Nakata : Hiromi Konno, Tsukasa Ayatsuji : Kaori Nazuka",
Natsuyuki Rendezvous,,TV   ,11.0,Doga Kobo,Summer,"Drama, Josei, Romance, Adult Couples, Boss-Employee Relationship, Coworkers, Death of a Loved One, Ghosts, Love Triangle, Mature Romance, noitaminA, Supernatural, Based on a Manga",3.61,2012.0,,"""22-year-old Hazuki lives a boring life in an apartment filled with plants, but secretly he couldn't care less about the vegetation, for the highlight of the young man's day is buying the items from cheery Rokka, a widow who runs the flower shop nearby.\xa0So that he can spend more time with her, Hazuki eagerly accepts a job working part-time at the shop, but after months of working with his crush, the man can't seem to muster the courage to confess his feelings. And it's not just his abrasive personality getting in the way of his ideal relationship - the ghost of Rokka's dead husband haunts the shop and is determined to keep all potential suitors away from his wife.\xa0Despite this unexpected obstacle, Hazuki continues his attempt to woo the older woman and free her from the ghost of her past.""",,"Natsuyuki Rendezvous, Natsuyuki Rendezvous: Bangai-hen",,"Atsushi Shimao : Jun Fukuyama, Rokka Shimao : Sayaka Oohara, Ryosuke Hazuki : Yuuichi Nakamura, Miho Shimao : Yumi Touma, Akko : Marie Miyake, Customer : Chie Nakamura, Delivery Man : Takashi Oohara, Yuki, Haruka Kawachi
Original Creator, Kou Matsuo
Director, Ken Muramatsu
Music, Junichirou Taniguchi
Character Design, Takashi Yoshizawa
Producer, Noriko Ozaki
Producer, Atsushi Takahashi
Producer","Haruka Kawachi : Original Creator, Kou Matsuo : Director, Ken Muramatsu : Music, Junichirou Taniguchi : Character Design, Takashi Yoshizawa : Producer, Noriko Ozaki : Producer, Atsushi Takahashi : Producer"
Pretty Cure All Stars New Stage: Mirai no Tomodachi,,Movie,,Toei Animation,,"Magical Girl, Crossover, Henshin Heroes, Magic",3.6,2012.0,,'No synopsis yet - check back soon!',,"Futari wa Precure, Futari wa Pretty Cure: Splash Star, Eiga: Futari wa Pretty Cure Splash Star - Chikutaku Kiki Ippatsu!, Go! Princess Pretty Cure, Kirakira Precure à la Mode","Pretty Cure, Pretty Cure Max Heart, Pretty Cure Splash Star, Yes! Pretty Cure 5, Yes! Pretty Cure 5 GoGo!, Fresh Pretty Cure!, Heartcatch Pretty Cure!, Suite Pretty Cure♪, Smile Pretty Cure!, Pretty Cure All Stars New Stage 2: Kokoro no Tomodachi, Pretty Cure All Stars New Stage 3: Eien no Tomodachi","Ayumi Sakagami : Mamiko Noto, Miyuki Hoshizora : Misato Fukuen, Akane Hino : Asami Tano, Ako Shirabe : Rumi Ookubo, Candy : Ikue Ootani, Fu-Chan : Sea Kumada, Fusion : Takehito Koyasu, Hibiki Houjou : Ami Koshimizu, Sawako Yamamoto
Key Animator, Haruka Watanabe
Key Animator","Sawako Yamamoto : Key Animator, Haruka Watanabe : Key Animator"
Smile Pretty Cure! Movie: Ehon no Naka wa Minna Chiguhagu!,,Movie,,Toei Animation,,"Fantasy, Magical Girl, Henshin Heroes, Magic",3.6,2012.0,,'No synopsis yet - check back soon!',,"Futari wa Precure, Futari wa Pretty Cure: Splash Star, Eiga: Futari wa Pretty Cure Splash Star - Chikutaku Kiki Ippatsu!, Kirakira Precure à la Mode",Smile Pretty Cure!,"Akane Hino : Asami Tano, Miyuki Hoshizora : Misato Fukuen, Nao Midorikawa : Marina Inoue, Nico : Megumi Hayashibara, Reika Aoki : Chinami Nishimura, Yayoi Kise : Hisako Kanemoto, Candy : Ikue Ootani, Bull Demon King : Hiroki Yasumoto, Narumi Kuroda
Director, Toshie Kawamura
Character Design, Kozue Komatsu
Character Design","Narumi Kuroda : Director, Toshie Kawamura : Character Design, Kozue Komatsu : Character Design"
Haiyore! Nyaruko-san: Yasashii Teki no Shitome-kata, Nyarko-san: Another Crawling Chaos - Yasashii Teki no Shitome-kata,OVA  ,1.0,XEBEC,,"Comedy, Magical Girl, Aliens, Anthropomorphic, Henshin Heroes, Interspecies Relationship, Magic, Non-Human Protagonists, Supernatural, Based on a Light Novel",3.6,2012.0,,'No synopsis yet - check back soon!',,"Haiyore! Nyaruko-san (Light Novel), Haiyore! Nyaruko-san, Haiyore! Super Nyaruko-chan Time","Haiyore! Nyaruko-san, Haiyore! Nyaruko-san W, Haiyore! Nyaruko-san W OVA, Haiyore! Nyaruko-san F","Mahiro Yasaka : Eri Kitamura, Nyaruko : Kana Asumi, Cthuko : Miyu Matsuki, Hasuta : Rie Kugimiya, Luhy Jistone, Shantak, Yoriko Yasaka, Tsuyoshi Nagasawa
Director, Monaca
Music, Masaaki Takiyama
Character Design","Tsuyoshi Nagasawa : Director, Monaca : Music, Masaaki Takiyama : Character Design"
Bakuman.: Deraman.,,Other,,J.C.Staff,,"Shounen, Anime Industry, Manga Industry, Otaku Culture, Recap, Voice Acting, Writers, Based on a Manga",3.6,2012.0,,'A recap episode\xa0of the first two seasons of Bakuman.',,"Bakuman., Otter No. 11, Bakuman. Bangai-hen","Bakuman., Bakuman. 2, Bakuman. 2 Special, Bakuman. 3, Bakuman. 3 Specials","Akito Takagi : Satoshi Hino, Moritaka Mashiro : Atsushi Abe, Eiji Nizuma : Nobuhiko Okamoto, Kazuya Hiramaru : Masakazu Morita, Koji Yoshida : Takehito Koyasu, Shinta Fukuda : Junichi Suwabe, Yuriko Aoki : Ayako Kawasumi, Tsugumi Ohba
Original Creator",Tsugumi Ohba : Original Creator
Dantalian no Shoka: Ibarahime, The Mystic Archives of Dantalian: Ibarahime,OVA  ,1.0,GAINAX,,"Action, Adventure, Mystery, Inheritance",3.59,2012.0,,"'To recover a Phantom Book, Huey Anthony Disward and Dalian head to a remote village where people have been mysteriously disappearing.'",,"Dantalian no Shoka (Light Novel), Dantalian no Shoka, Dantalian no Shoka: Dalian Days",The Mystic Archives of Dantalian,"Dalian : Miyuki Sawashiro, Hugh Anthony Disward : Daisuke Ono, Thalia : Misato Fukuen, Sergeant Carvallos : Kan Tanaka, Yutaka Uemura
Director, Yoshikazu Iwanami
Sound Director","Yutaka Uemura : Director, Yoshikazu Iwanami : Sound Director"
Thermae Romae x LOFT Collaboration,,Other,,DLE,,"Comedy, Seinen, Promotional, Shorts, Based on a Manga",3.59,2012.0,,'No synopsis yet - check back soon!',,Thermae Romae,"Thermae Romae x Asahi Shimbun Digital Collaboration, Thermae Romae, Thermae Romae Specials, Thermae Romae: Kodai Romajin ga Uchuu e, Thermae Romae x TOTO Collaboration, Thermae Romae x Yoyogi Animation Gakuin Collaboration",Lucius Modestus,
The Dino King, Jumbagi: Hanbandoui Gongryong 3D,Movie,,,,"Animal Protagonists, Dinosaurs, Korean Animation, Non-Human Protagonists, Prehistoric, CG Animation",3.58,2012.0,,"""Meet Speckles. He's a Tarbosaurus, and lives a happy life in his forest home with his mom and siblings. Until one day, as he's just learning to hunt, he encounters One-Eye, a Tyrannosaur looking for a new place to live. His herd is attacked, leaving poor Speckles alone in the world. But when he meets Blue Eyes, another lonely and lost Tarbosaur, they become close companions - and then, over time, a family of their own.""",,,,"Speckles, One-Eye",
Humanity Has Declined Specials, Jinrui wa Suitai Shimashita Specials,DVD S,,AIC ASTA,,"Comedy, Fantasy, Post-apocalyptic, Based on a Light Novel",3.58,2012.0,2013.0,'No synopsis yet - check back soon!',,"Jinrui wa Suitai Shimashita (Light Novel), Jinrui wa Suitai Shimashita: Nonbirishita Houkoku, Jinrui wa Suitai Shimashita: Yousei, Shimasu ka?, Jinrui wa Suitai Shimashita: Heijou Unten (Light Novel)","Humanity Has Declined, Humanity Has Declined Recap","Mediator, Grandfather, Yameta",
Aquarion Evol,,TV   ,26.0,8-Bit,Winter,"Action, Comedy, Mecha, Romance, Sci Fi, Aliens, Combining Mecha, Original Work",3.58,2012.0,,"'After accidentally forming the legendary mecha “Aquarion,” Amata finds himself at a pilot-training academy where the flirty girls love to get a rise out of him, and the boys seem more interested in exploring mysterious holes and big bangs than harnessing their Elemental superpowers. It’s all awkward dates, hijinks, and threesomes until otherworldly beings start abducting powerful female students. As a mysterious megalomaniac plots interplanetary disaster, the fate of the galaxy depends on whether or not the hormone-fueled academy coeds can come together to fight evil.'",,"Aquarion: Mirai Shinwa, Aquarion Evol","Aquarion, Aquarion OVA, Aquarion Movie, Aquarion Love, Aquarion Logos","Amata Sora : Yuuki Kaji, Mikono Suzushiro : Ai Kayano, Andy W. Hall : Kohsuke Toriumi, Cayenne Suzushiro : Kenichi Suzumura, Crea Drosera : Sakura Tange, Izumo Kamurogi : Hiroki Yasumoto, Jin Muso : Jun Fukuyama, Kagura Demuri : Kouki Uchiyama, Shouji Kawamori
Chief Director & Mechanical Design & Original Creator & Storyboard, Yuusuke Yamamoto
Director, Ayako Ootsuka
Music, Youko Kanno
Music, Hirotaka Marufuji
Character Design, Kana Ishida
Character Design, Hisanori Kunisaki
Producer, Makoto Itou
Producer","Shouji Kawamori : Chief Director & Mechanical Design & Original Creator & Storyboard, Yuusuke Yamamoto : Director, Ayako Ootsuka : Music, Youko Kanno : Music, Hirotaka Marufuji : Character Design, Kana Ishida : Character Design, Hisanori Kunisaki : Producer, Makoto Itou : Producer"
Haiyore! Nyaruko-san, Nyarko-san: Another Crawling Chaos,TV   ,12.0,XEBEC,Spring,"Action, Comedy, Harem, Romance, Sci Fi, Aliens, Anthropomorphic, Cohabitation, Interspecies Relationship, Non-Human Protagonists, Parody, Based on a Light Novel",3.58,2012.0,,"""The ordinary becomes extraordinary, as our protagonist Mahiro Yasaka – an average high school student – suddenly encounters a Nyarlathotep: a formless Cthulhu deity of chaos, who decides to take form as a silver-haired human-like alien. This Nyarlathotep – aptly named Nyarko – may seem like a normal gal, but there’s much more to her than meets the eye! In their encounters together, she ends up saving Mahiro's life, inextricably tying their lives together…""",,"Haiyore! Nyaruko-san (Light Novel), Haiyore! Nyaruko-san, Haiyore! Super Nyaruko-chan Time, Haiyore! Nyaruko-san Comic Anthology","Haiyore! Nyaruko-san: Yasashii Teki no Shitome-kata, Haiyore! Nyaruko-san W, Haiyore! Nyaruko-san W OVA, Haiyore! Nyaruko-san F","Mahiro Yasaka : Eri Kitamura, Nyaruko : Kana Asumi, Cthuko : Miyu Matsuki, Hasuta : Rie Kugimiya, Luhy Jistone : Mariko Kouda, Takehiko Yoichi : Wataru Hatano, Tamao Kurei : Yuka Ootsubo, Gutatan : Shiori Mikami, Tsuyoshi Nagasawa
Director, Monaca
Music, Masaaki Takiyama
Character Design, Takatoshi Chino
Producer, Hiroyuki Tanaka
Producer, Toshiaki Tanaka
Producer, Shuuichi Takashino
Producer, Touko Machida
Screenplay","Tsuyoshi Nagasawa : Director, Monaca : Music, Masaaki Takiyama : Character Design, Takatoshi Chino : Producer, Hiroyuki Tanaka : Producer, Toshiaki Tanaka : Producer, Shuuichi Takashino : Producer, Touko Machida : Screenplay"
Guilty Crown Kiseki: Reassortment,,TV Sp,,Production I.G,,"Action, Mecha, Sci Fi, noitaminA, Recap, Original Work",3.57,2012.0,,'A recap of the first 11 episodes of Guilty Crown.',,Guilty Crown,"Guilty Crown, Guilty Crown: 4-koma Gekijou, EGOIST: The Everlasting Guilty Crown, Guilty Crown: Lost Christmas","Inori Yuzuriha : Ai Kayano, Shuu Ouma : Yuuki Kaji, Daryl Yan : Kouki Uchiyama, Gai Tsutsugami : Akeno Watanabe, Hare Menjou : Yu Shimamura, Tsugumi : Ayana Taketatsu, Andrei Rowan : Naoya Nosaka, Arisa Kuhouin : Aya Endou, Tetsurou Araki
Director, Supercell
Music, Hiromi Katou
Character Design","Tetsurou Araki : Director, Supercell : Music, Hiromi Katou : Character Design"
Thermae Romae x Asahi Shimbun Digital Collaboration,,Other,,DLE,,"Comedy, Seinen, Promotional, Shorts, Based on a Manga",3.57,2012.0,,'No synopsis yet - check back soon!',,Thermae Romae,"Thermae Romae x LOFT Collaboration, Thermae Romae, Thermae Romae Specials, Thermae Romae: Kodai Romajin ga Uchuu e, Thermae Romae x TOTO Collaboration, Thermae Romae x Yoyogi Animation Gakuin Collaboration",Lucius Modestus,
A Town Where You Live: Tasogare Kousaten, Kimi no Iru Machi: Tasogare Kousaten,OVA  ,2.0,Tatsunoko Production,,"Drama, Romance, Shounen, Fake Romance, Based on a Manga",3.57,2012.0,,"""Kirishima Haruto travels to Tokyo on a school excursion, where he hopes to catch up with Yuzuki Eba, a girl who formerly lived in his house and whom he has feelings for. Things don't go according to plan when fellow student Nanami Kanzaki, who secretly loves Kirishima, asks him to pretend to be her boyfriend.""",,"A Town Where You Live, A Town Where You Live: Mousou 200-wa Special Edition, Kimi no Iru Machi x Princess Lucia Special Collaboration Comic","A Town Where You Live, A Town Where You Live (2014)","Haruto Kirishima : Miyuki Sawashiro, Yuzuki Eba : Megumi Nakajima, Nanami Kanzaki : Saori Hayami, Akari Kaga : Nana Kouno, Haruna Koba : Erina Mano, Rin Eba : Aoi Yuuki, Takashi Yura : Toshiki Masuda, Kouji Seo
Original Creator, Yasuhiro Yoshiura
Director, Hiroshi Kobayashi
Director, Saki
Music, Ryuusuke Chayama
Character Design, Satoko Kimura
Color Design, Kensuke Tateishi
Producer","Kouji Seo : Original Creator, Yasuhiro Yoshiura : Director, Hiroshi Kobayashi : Director, Saki : Music, Ryuusuke Chayama : Character Design, Satoko Kimura : Color Design, Kensuke Tateishi : Producer"
Saki: Episode of Side A, Saki Achiga-hen: Episode of Side-A,TV   ,12.0,Studio Gokumi,Spring,"Comedy, Ecchi, Shounen, Board Games, Mahjong, School Club, School Life, Tournaments, Based on a Manga",3.57,2012.0,,"""When their close friend and fellow mahjong player Nodoka transfers away to Nagano, Shizuno and Ako worry they will never see her again. But, when the two see her on television a year later winning the Middle School National Championship, they revive the defunct mahjong club at Achiga High with the hopes of meeting her at the tables of the high school tournament. It won't be easy, as the competition is full of monsters like Saki Miyanagi who seem to warp the very laws of probability. How can the plucky girls of the Achiga High Mahjong Club hope to compete, and will they manage to see their long lost friend again?""",,"Saki, Saki Biyori, Saki: Achiga-hen - Episode of Side-A, Shinohayu: The Dawn of Age, Saki re: King's Tile Draw","Saki, Saki Picture Drama, Saki: Episode of Side A Specials, Saki: The Nationals, Saki Biyori, Saki: Episode of Side A - Kuro's Birthday","Ako Atarashi : Nao Touyama, Arata Sagimori : Yumi Uchiyama, Harue Akado : Naomi Shindou, Kuro Matsumi : Kana Hanazawa, Shizuno Takakamo : Aoi Yuuki, Yuu Matsumi : Mako, Hiroko Funakubo : Manami, Izumi Nijou : Maho Matsunaga, Ritz Kobayashi
Original Creator, Manabu Ono
Director, Takeshi Watanabe
Music, Masakatsu Sasaki
Character Design, Ryouki Kamitsubo
Episode Director","Ritz Kobayashi : Original Creator, Manabu Ono : Director, Takeshi Watanabe : Music, Masakatsu Sasaki : Character Design, Ryouki Kamitsubo : Episode Director"
Pokemon Black Version 2 and White Version 2, Pokemon Black and White 2: Introduction Movie,Web  ,1.0,OLM,,"Fantasy, Shounen, Family Friendly, Monsters, Promotional, Shorts, Based on a Video Game",3.57,2012.0,,'No synopsis yet - check back soon!',,"Pokemon: Machamp's 24-Hour Champ Police!, Pokemon: The Electric Tale of Pikachu, Pokémon Adventures, Magical Pokemon Journey, Pokemon Getto da ze!, Pokémon: Diamond and Pearl Adventure!, Pokemon Mystery Dungeon: Ginji's Rescue Team, Pokemon Ranger, Pokemon Ranger and the Temple of the Sea, Pokemon: The Rise of Darkrai, Pokemon Diamond Pearl: Regigigas Hokaku Daisakusen!!, Pokemon Ranger Batonnage, Kaitou! Pokemon 7, Pokemon: Giratina & the Sky Warrior!, Pokémon: Arceus and the Jewel of Life, Pokemon ReBURST, Pokemon the Movie: White - Victini and Zekrom, Pokemon + Nobunaga no Yabou - Ranse Iroemaki, Pokémon: Diancie and the Cocoon of Destruction, Pokémon: Omega Ruby & Alpha Sapphire, Pokemon the Movie: Hoopa and the Clash of Ages, Pokemon the Movie XY&Z: Volcanion to Karakuri no Magiana, Pokemon Horizon: Sun & Moon, Pokémon: Sun & Moon, Pokémon the Movie: I Choose You!","Pokemon: Pichu Bros. in Party Panic, Pokemon: Gotta Dance!, Pokemon Movie 6: Jirachi Wish Maker, Pokemon Movie 7: Destiny Deoxys, Pokemon: Pikachu's Summer Festival, Pokemon Movie 8: Lucario and The Mystery of Mew, Pokemon: Pikachu's Ghost Carnival, Pokemon Movie 9: Pokemon Ranger and the Temple of the Sea, Pokemon: Pikachu's Island Adventure, Pokemon: Diamond & Pearl, Pokemon Movie 10: The Rise of Darkrai, Pokemon: Pikachu Tanken Club, Pokemon Mystery Dungeon: Explorers of Time and Darkness, Pokemon Movie 11: Giratina and the Sky Warrior, Pokemon: Pikachu's Great Ice Adventure, Pokemon Movie 12: Arceus and the Jewel of Life, Pokemon: Pikachu's Great Sparking Search, Pokemon Movie 13: Zoroark - Master of Illusions, Pokemon: Pikachu's Big Mysterious Adventure, Pokemon: Black & White, Pokemon Movie 14: Black - Victini and Reshiram, Pokemon Movie 14: White - Victini and Zekrom, Pokemon: Black & White - Rival Destinies, Pokemon: Utae Meloetta - Rinka no Mi wo Sagase!, Pokemon Movie 15: Kyurem vs. The Sword of Justice, Pokemon: Meloetta's Moonlight Serenade, Pokemon: Black & White: Adventures in Unova, Pokemon: Black & White: Adventures in Unova and Beyond, Pokemon: Mewtwo - Prologue to Awakening, Pokemon: Eevee and Friends, Pokemon XY Special: Road to Kalos, Pokemon XY: Mega Evolution, Pokemon XY: Sora no Hahen, Pokemon: Diancie, Princess of the Diamond Domain, Pokemon Movie 17: Diancie and the Cocoon of Destruction, Pokemon: Hoopa, The Mischief Pokemon","Nate : Miyu Irino, Cheren : Ryouhei Kimura, Hugh : Junko Minagawa, Rosa : Aki Toyosaki, Bianca : Ayana Taketatsu, Colress : Junichi Suwabe, Elesa : Miyuki Sawashiro, N : Hiroshi Kamiya",
Dasshutsu Gasshapon,,Other,,,,"Sci Fi, Feudal Japan, Historical, Short Episodes, Time Travel, Based on a Mobile Game",3.56,2012.0,,"'The story revolves around Shouta, a regular high school boy whose life is suddenly changed when a creature called a Gasshapon appears in front of him, and claims to come from the future. The Gasshapon was sent to the past by the future Shouta, from an era in which an alien group called CC (or Cold Cosmo) have made it their mission to change all stars and planets that have light and warmth into dark, cold places like their own. The Gasshapon had intended to take young Shouta to 2080 to save the future, but because time travel had not been fully perfected yet, Shouta is thrown into a completely different time, the era of the Honnou-ji Incident (1582), where Shouta actually becomes the famous warlord Oda Nobunaga.'",,,,,
Jormungand Recap, Jormungand: First Stage Omnibus,TV Sp,,WHITE FOX,,"Action, Seinen, Gangs, Guns, Mercenaries, Recap, Based on a Manga, Violence",3.56,2012.0,,'A recap episode of the first season of Jormungand.',Violence,Jormungand,"Jormungand, Jormungand: Perfect Order","Jonah, Koko Hekmatyar, Keitarou Takahashi
Original Creator",Keitarou Takahashi : Original Creator
Girls und Panzer Specials,,DVD S,,Actas,,"Comedy, Slice of Life, Military, Military School, School Club, School Life, Original Work",3.56,2012.0,2013.0,"""The girls from Oorai are back, and whether they're shopping for swimsuits, camping out or doing the Ankou Dance, they bring their own special brand of Tankery to the task at hand. There's also a tour of the Oorai school ship, a look at what REALLY happened while Yukari and Erwin were out doing reconnaissance, and a team talent contest that's not to be missed!""",,"Girls und Panzer: Little Army, Girls und Panzer, Girls und Panzer (Light Novel), Girls und Panzer: Comic Anthology, Girls und Panzer: Gekitou! Maji no Ikusa Desu!!, Girls und Panzer: Little Army II, Girls und Panzer: 4-koma Anthology Comic, Girls und Panzer: phase.ERIKA, Girls und Panzer: Saishuushou - Keizoku Koukou Harapeko Shokujidou, Girls und Panzer: Avanti! Anzio Koukou",Girls und Panzer,"Hana Isuzu : Mami Ozaki, Mako Reizei : Yuka Iguchi, Miho Nishizumi : Mai Fuchigami, Saori Takebe : Ai Kayano, Yukari Akiyama : Ikumi Nakagami, Anzu Kadotani : Misato Fukuen, Momo Kawashima : Kana Ueda, Akebi Sasaki : Sakura Nakamura",
Wasurenagumo,,Movie,,Production I.G,,"Comedy, Horror, Anime Tamago, Bookstore, Shorts, Supernatural, Original Work",3.56,2012.0,,"""At the Kokumondo book store, Suzuri will do whatever it takes to find the most rare and historic artifacts for his customers – in fact, the man has just procured a tale of a terrifying spider monster who ate the men of a village one by one. But when Suzuri's assistant Mizuki opened the book, little did the two know that the monster herself would be unsealed from the pages, nor that she'd be an adorable little girl!""",,,,"Mizuki : Asami Shimoda, Spider : Tomoko Kaneda, Suzuri : Hiroshi Tsuchida, Geppoan Owner : Mitsuaki Hoshino, Toshihisa Kaiya
Director, Yasuo Sugibayashi
Music, Hideki Takahashi
Character Design, Hidekazu Terakawa
Producer","Toshihisa Kaiya : Director, Yasuo Sugibayashi : Music, Hideki Takahashi : Character Design, Hidekazu Terakawa : Producer"
Muv-Luv Alternative: Total Eclipse,,TV   ,24.0,aNCHOR,Summer,"Action, Mecha, Sci Fi, Aliens, America, Military, Based on an Eroge, Based on a Visual Novel, Violence",3.56,2012.0,,"""The year is 1973 when the BETA, a race of aliens discovered on the moon, first arrive on Earth and begin their systematic extermination of the human race. Mankind's only hope lies with Tactical Surface Fighters, or TSFs, piloted by both military elite and would-be trainees such\xa0as Yui Takamura, a young girl descended from a long line of Imperial Guards. Alongside other amateurs, she finds herself on the front lines of a final defense against the bloodthirsty monsters, unaware of the brutal consequence that awaits them. Three years later, Yuuya Bridges, a half-Japanese, half-American pilot, is assigned to an elite United Nations squadron tasked with developing new TSFs to beat back the alien forces. As humanity struggles to survive, Yuuya must come to terms with his biases in dealing with both his teammates' and other culture’s tactical fighters, including the veteran pilot Yui Takamura herself.""",Violence,"MuvLuv, Muv-Luv Unlimited, Muv-Luv Alternative, Muv-Luv Alternative: Total Eclipse (Light Novel), Muv-Luv Alternative: Total Eclipse, Schwarzesmarken (Light Novel), Muv-Luv Alternative: Tsukikage wa Yamiyo ni Arite","Muv-Luv Alternative: Total Eclipse - Pre-Climax Special, Schwarzesmarken","Yui Takamura : Mai Nakahara, Yuuya Bridges : Mariya Ise, Cryska Barchenowa : Hitomi Nabatame, Cui Yifei : Kaori Ishihara, Edge Sandak : Atsushi Ono, Ibrahim Dogulu : Rikiya Koyama, Inia Sestina : Mamiko Noto, Leon Kuze : Wataru Hatano, Takayuki Inagaki
Director, Masaomi Andou
Director, Seikou Nagaoka
Music, Yumiko Hara
Character Design, Hiroyuki Tanaka
Producer, Hiroaki Oshiro
Producer, Kyota Ide
Producer, Masahiro Kawada
Producer","Takayuki Inagaki : Director, Masaomi Andou : Director, Seikou Nagaoka : Music, Yumiko Hara : Character Design, Hiroyuki Tanaka : Producer, Hiroaki Oshiro : Producer, Kyota Ide : Producer, Masahiro Kawada : Producer"
Lagrange: The Flower of Rin-ne - Season 2, Rinne no Lagrange: Flower Declaration of Your Heart - Season 2,TV   ,12.0,XEBEC,Summer,"Action, Comedy, Drama, Ecchi, Mecha, Sci Fi, Aliens, Original Work",3.56,2012.0,,"""Nearly a year has passed since Lan and Muginami departed Kamogawa in the company of Le Garite and Del Metrio forces, respectively, and Madoka has been carrying on the Jersey Club banner solo while dearly missing her friends. Kirius, Izo, and Array, meanwhile, have taken to running a new beachfront café edition of Madoka's Uncle Hiroshi's restaurant. The continuing presence of Vox Aura (which has been entirely inactive during the interlude) on Pharos is still a powerful lure for both sides, however, for many believe it to be the key both to the destruction on Earth of 20,000 years ago and to\xa0preventing\xa0an eventual catastrophe for both Le Garite and Del Metrio. That brings Lan and Muginami and their Vox units back, albeit initially in conflict until Madoka can break through to them. But can she do the same when their big brothers, former friends and the respective leaders of the warring planets, also come back into the picture? They are not the only ones with long-standing interests in crossing the Rin-ne threshold, either, as other key players finally make their moves and reveal their true natures.""",,"Rinne no Lagrange: Akatsuki no Memoria, Rinne no Lagrange: Flower Declaration of Your Heart","Lagrange: The Flower of Rin-ne, Lagrange: The Flower of Rin-ne Picture Drama, Lagrange: The Flower of Rin-ne - Kamogawa Days, Lagrange: The Flower of Rin-ne - Kamogawa Memoria, Lagrange: The Flower of Rin-ne - Season 2 Picture Drama","Lan : Asami Seto, Madoka Kyouno : Kaori Ishihara, Muginami : Ai Kayano, Array : Yoshitsugu Matsuoka, Balance T. Moid : Kazuyuki Okitsu, Dizelmine Fin E Ld Si : Daisuke Ono, Izo : Hiroyuki Yoshino, Kirius Rakus Lestrine Ha : Kenji Nojima, Tatsuo Satou
Chief Director, Toshimasa Suzuki
Director & Op Director, Saeko Suzuki
Music, Tomisiro
Music, Takushige Norita
Character Design, Chizuru Kobayashi
Character Design, Shousei Itou
Producer, Shuuichi Kitada
Producer","Tatsuo Satou : Chief Director, Toshimasa Suzuki : Director & Op Director, Saeko Suzuki : Music, Tomisiro : Music, Takushige Norita : Character Design, Chizuru Kobayashi : Character Design, Shousei Itou : Producer, Shuuichi Kitada : Producer"
Shakugan no Shana III Specials,,DVD S,,J.C.Staff,,"Comedy, Chibi",3.56,2012.0,,'No synopsis yet - check back soon!',,"Shakugan no Shana, Shakugan no Shana Zero (Light Novel), Shakugan no Shana X Eternal Song - Harukanaru Uta","Shakugan no Shana Specials, Shakugan no Shana OVA, Shakugan no Shana Movie, Shakugan no Shana Movie Special, Shakugan no Shana II Specials, Shakugan no Shana S, Shakugan no Shana S Specials, Shakugan no Shana III","Shana : Rie Kugimiya, Yuuji Sakai : Satoshi Hino, Kazumi Yoshida : Ayako Kawasumi, Barma, Bel-Peol : Sayaka Oohara, Chiara Toscana : Ai Kayano, Decarabia, Francois Auric : Yoshitsugu Matsuoka",
"Love, Election & Chocolate: Ikenai Hazuki-sensei", Koi to Senkyo to Chocolate: Ikenai Hazuki-sensei,DVD S,,,,"Romance, Picture Drama, Based on an Eroge, Based on a Visual Novel",3.56,2012.0,,'No synopsis yet - check back soon!',,,"Love, Election & Chocolate","Hazuki Shinonome : Chiemi Ishimatsu, Yuuki Oojima",
Nazotoki-hime wa Meitantei,,OVA  ,3.0,Synergy SP,,"Mystery, Shoujo, Detectives, Based on a Manga",3.55,2012.0,2013.0,'No synopsis yet - check back soon!',,Nazotokihime wa Meitantei,,"Hinami Shion, Jin Umezaki, Rikka Fujisaki, Mayuki Anan
Original Creator",Mayuki Anan : Original Creator
Flash and Dash S, Lei Su Deng Shandian Chong Xian 3,TV   ,26.0,,,"Action, Comedy, Cars, Chinese Animation, Family Friendly, Racing",3.55,2012.0,,'No synopsis yet - check back soon!',,,"Flash and Dash, Flash and Dash 2",,
Doraemon Movie 32: Nobita to Kiseki no Shima - Animal Adventure,,Movie,,Shin-Ei Animation,,"Adventure, Shounen, Cats, Family Friendly, Non-Human Protagonists, Robots, Based on a Manga",3.55,2012.0,,'No synopsis yet - check back soon!',,"Doraemon, Daichohen Doraemon, Doraemon Plus","Doraemon: Doraemon Comes Back, Doraemon: Doraemon Comes Back (1998), Doraemon (2005)","Doraemon : Wasabi Mizuta, Gian : Subaru Kimura, Nobita Nobi : Megumi Oohara, Shizuka Minamoto : Yumi Kakazu, Suneo Honekawa : Tomokazu Seki, Nobisuke Nobi : Masako Nozawa, Fujiko F. Fujio
Original Creator, Kozo Kuzuha
Director, Kan Sawada
Music, Masaru Ooshiro
Character Design","Fujiko F. Fujio : Original Creator, Kozo Kuzuha : Director, Kan Sawada : Music, Masaru Ooshiro : Character Design"
Shimajirou no Wow!,,TV   ,432.0,The Answer Studio,Spring,"Adventure, Slice of Life, Animal Protagonists, Anthropomorphic, Family Friendly, Non-Human Protagonists, CG Animation",3.55,2012.0,,'No synopsis yet - check back soon!',,,"Shima Shima Tora no Shimajirou, Hakken Taiken Daisuki! Shimajirou, Shimajirou Hesoka, Shimajirou to Tanjoubi no Ohoshi-sama, Shimajirou to Fufu no Daibouken Movie: Sukue! Nana-iro no Hana, Shimajirou to Kujira no Uta, Shimajirou to Ookinaki, Shimajirou to Otsuki-sama no Himitsu, Shimajirou to Ehon no Kuni, Shimajirou to Niji no Oasis, Shimajirou: Mahou no Shima no Daibouken, Shimajirou to Nagareboshi no Negaigoto, Shimajirou to Ururu no Hero Land, Shimajirou to Sora Tobu Fune, Shimajirou to Kirakira Ookoku no Ooji-sama",Shimajirou Shimano,
Mole Zhuang Yuan II: Hai Yao Bao Cang, Legend of the Moles 2: The Treasure of Scylla,Movie,,,,"Adventure, Fantasy, Animal Protagonists, Anthropomorphic, Chinese Animation, Family Friendly, Non-Human Protagonists",3.55,2012.0,,"""The story of the happy, brave and peace-loving moles defeating evils and protecting their home continues. This time they have to protect the secret treasure of the mysterious sirens. They venture onto the ocean to stop the evil magician Kula from destroying all children's dreams.""",,,"Mole Zhuang Yuan: Bing Shi Ji, Mole Zhuang Yuan 3: Mohuan Lieche Da Maoxian",,
Hayate the Combat Butler! Can't Take My Eyes Off You, Hayate no Gotoku! Can't Take My Eyes Off You,TV   ,12.0,Manglobe,Fall ,"Comedy, Harem, Shounen, Butlers, Master-Servant Relationship, Based on a Manga",3.55,2012.0,,"'It’s business as usual at the Sanzenin Manor until a phone call from the Las Vegas police brings some startling news— they have something belonging to Nagi’s late father, and she’ll need to come retrieve it personally! Adding to the chaos is the arrival of a strange girl with a hidden agenda named Ruri, who claims to be Hayate’s sister. The secrets of the Sanzenin family will finally be brought to light when Nagi discovers the existence of a mysterious item that once belonged to her mother.'",,"Hayate the Combat Butler, Hayate the Combat Butler (Light Novel), Hayate no Gotoku! 0","Hayate the Combat Butler!, Hayate the Combat Butler!! OVA, Hayate the Combat Butler!!, Hayate the Combat Butler! Heaven is a Place on Earth, Hayate the Combat Butler! Cuties, Hayate the Combat Butler! (2014)","Hayate Ayasaki : Ryouko Shiraishi, Nagi Sanzenin : Rie Kugimiya, Ayumu Nishizawa : Mikako Takahashi, Hinagiku Katsura : Shizuka Itou, Isumi Saginomiya : Miyu Matsuki, Izumi Segawa : Sayuri Yahagi, Maria : Rie Tanaka, Miki Hanabishi : Eri Nakao, Youichi Ueda
Director, Masashi Kudou
Director & Character Design, Wataru Maeguchi
Music, Yuuko Kobari
Color Design, Akio Matsuda
Producer, Seimei Kidokoro
Episode Director & Storyboard, Takaaki Ishiyama
Storyboard, Toshihiro Nakajima
Animation Director","Youichi Ueda : Director, Masashi Kudou : Director & Character Design, Wataru Maeguchi : Music, Yuuko Kobari : Color Design, Akio Matsuda : Producer, Seimei Kidokoro : Episode Director & Storyboard, Takaaki Ishiyama : Storyboard, Toshihiro Nakajima : Animation Director"
Danball Senki W,,TV   ,58.0,OLM,Winter,"Action, Mecha, Sci Fi, Family Friendly, Based on a Video Game",3.55,2012.0,2013.0,"'One year after the fight with the Innovators, a new terrorist organization called the Detectors threatens the world using LBXs. Ban joins up with new and old friends to stop the Detectors.'",,"LBX: Little Battlers Experience, Danball Senki Wars, Danball Senki Gaiden","Danball Senki, Inazuma Eleven GO vs Danball Senki W Movie, Danball Senki Wars","Ban Yamano : Megumi Kubota, Hiro Oozora : Hiro Shimono, Jessica Kaios : Eri Kitamura, Jin Kaidou : Hisafumi Oda, Ran Hanasaki : Kana Hanazawa, Yuuya Haibara : Yuuki Kaji, Ami Kawamura : Marina Inoue, Hanzou Gouda : Yuuki Hayashi, Naohito Takahashi
Director, Hiroyuki Nishimura
Character Design","Naohito Takahashi : Director, Hiroyuki Nishimura : Character Design"
Bodacious Space Pirates, Mouretsu Pirates,TV   ,26.0,SATELIGHT,Winter,"Adventure, Sci Fi, Outer Space, School Life, Space Pirates, Based on a Light Novel",3.55,2012.0,,"""Marika is living the normal life of an average girl in space: attending her school's yacht club, keeping up with the latest trends, and working part time. One day can change a lot, however. Not only was her late father a notorious space pirate, he was also the Captain of the equally notorious Benten Maru! What's worse, she's just inherited his position and the pirate's life that comes with it.""",,"Miniskirt Uchuu Kaizoku (Light Novel), Minisuka Uchuu Kaizoku, Bodacious Space Pirates: Abyss of Hyperspace",Bodacious Space Pirates Movie: Abyss of Hyperspace,"Chiaki Kurihara : Kana Hanazawa, Gruier Serenity : Haruka Tomatsu, Marika Katou : Mikako Komatsu, Coorie : Yui Horie, Grunhilde Serenity : Hisako Kanemoto, Hyakume : Keiji Fujiwara, Jenny Dolittle : Rina Satou, Kane Mcdougall : Masaya Matsukaze, Tatsuo Satou
Director, Junpei Fujita
Music, Hitoshi Fujima
Music, Hiroshi Takeuchi
Character Design, Shouji Kawamori
Mechanical Design, Kenji Yasuda
Storyboard, Takaaki Fukuyo
Animation Director","Tatsuo Satou : Director, Junpei Fujita : Music, Hitoshi Fujima : Music, Hiroshi Takeuchi : Character Design, Shouji Kawamori : Mechanical Design, Kenji Yasuda : Storyboard, Takaaki Fukuyo : Animation Director"
Hitoshizuku-P x Yama△: Bad ∞ End ∞ Night,,Music,,,,Vocaloid,3.54,2012.0,,'No synopsis yet - check back soon!',,,,"Gakupo Kamui, Gumi, Kaito, Len Kagamine, Luka Megurine, Meiko, Miku Hatsune, Rin Kagamine, Hitoshizuku-P
Producer, Yama△
Producer","Hitoshizuku-P : Producer, Yama△ : Producer"
Gothicmade: Hana no Utame, Hana no Utame Gothicmade,Movie,,Automatic Flowers Studio,,"Mecha, Sci Fi",3.54,2012.0,,'No synopsis yet - check back soon!',,,,"Bellin Ajelli, Donau Ga Toriharon, Mamoru Nagano
Director & Character Design, Ikuko Enomoto
Producer, Yasuhiro Nakura
Animation Director","Mamoru Nagano : Director & Character Design, Ikuko Enomoto : Producer, Yasuhiro Nakura : Animation Director"
Scryed Alteration II: Quan,,Movie,,Sunrise,,"Action, Sci Fi, Recap, Superpowers, Original Work",3.54,2012.0,,'No synopsis yet - check back soon!',,Scryed,"Scryed, Scryed Alteration I: Tao","Kazuma, Ryuho, Asuka Tachibana, Ayase Terada, Banka, Biff, Chuka, Elian Zigmar, Gorou Taniguchi
Director & Storyboard, Hisashi Hirai
Character Design, Hiroko Kuwazono
Producer","Gorou Taniguchi : Director & Storyboard, Hisashi Hirai : Character Design, Hiroko Kuwazono : Producer"
A-Channel + smile,,OVA  ,2.0,Studio Gokumi,,"Comedy, Seinen, Slice of Life, Based on a Manga",3.54,2012.0,,"'More fun is in store for Yuuko, Tooru and the rest of the gang! First, Kitou-sensei manages to hurt her hand while teaching math class, and Tooru attempts to smuggle her cat into the school to meet her friends. And after heading to breakfast to eat a mountain of pancakes, the girls must help out Yuuko, who gets a nasty fever!'",,A-Channel,"A-Channel, +A-Channel, A-Channel: Nabe wo Tabeyou","Nagisa Tennouji : Yumi Uchiyama, Run Momoki : Kaori Fukuhara, Tooru Ichii : Aoi Yuuki, Yuuko Nishi : Minako Kotobuki, Keiko Nishi : Yuka Iguchi, Kimiko Kitou : Minori Chihara, Miho Noyama : Momoko Saito, Yutaka Imai : Ai Matayoshi, Kuroda Bb
Original Creator, Manabu Ono
Director, Satoru Kousaki
Music, Masakatsu Sasaki
Character Design, Koujirou Hayashi
Photography Director, Hiroyuki Kobayashi
Producer, Toshihiro Maeda
Producer, Shinichirou Kashiwada
Producer","Kuroda Bb : Original Creator, Manabu Ono : Director, Satoru Kousaki : Music, Masakatsu Sasaki : Character Design, Koujirou Hayashi : Photography Director, Hiroyuki Kobayashi : Producer, Toshihiro Maeda : Producer, Shinichirou Kashiwada : Producer"
The [email protected]: Shiny Festa,,OVA  ,3.0,A-1 Pictures,,"Idols, Music, Showbiz",3.54,2012.0,,'No synopsis yet - check back soon!',,"THE [email protected] Comic Anthology, The [email protected]: Your [email protected], The [email protected], The [email protected] Relations, Puchimas! Petit [email protected], The [email protected] Break!, The [email protected] Dearly Stars: Neue Green, The [email protected] Dearly Stars: Splash Red, The [email protected] Dearly Stars: Innocent Blue, The [email protected] 2: Nemurihime, The [email protected] 2: Colorful Days, The [email protected] 2: The World Is All One!!, [email protected] of Jupiter - The [email protected], The [email protected] (Mana), The [email protected] Cinderella Girls Shuffle!!, Jupiter: THE [email protected], The [email protected]: Million Live! Back Stage, The [email protected]: Million Live!, The [email protected]: Million Live! Comic Anthology, The [email protected] SideM: Dramatic Stage, The [email protected] Million Live!: Blooming Clover","The [email protected], Puchimas! Wakku Waku!!, The [email protected]: 765 Pro to Iu Monogatari, Puchimas! Petit [email protected], Puchimas! Petit [email protected] - Takatsuki Gold Densetsu Special!! Harukasan Matsuri, Puchimas! Petit [email protected] OVA, The [email protected]: Onegai Cinderella, Puchimas! Petit Petit [email protected], The [email protected] Movie: Kagayaki no Mukougawa e!, The [email protected]: Cinderella Girls: Special Program, The [email protected]: Cinderella Girls Second Series, The [email protected]: Cinderella Girls Special: Anytime, Anywhere with Cinderella","Ami Futami : Asami Shimoda, Azusa Miura : Chiaki Takahashi, Chihaya Kisaragi : Asami Imai, Haruka Amami : Eriko Nakamura, Hibiki Ganaha : Manami Numakura, Iori Minase : Rie Kugimiya, Makoto Kikuchi : Hiromi Hirata, Mami Futami : Asami Shimoda, Atsushi Nishigori
Director",Atsushi Nishigori : Director
Eureka Seven AO, Eureka Seven: Astral Ocean,TV   ,24.0,Bones,Spring,"Mecha, Romance, Sci Fi, Aliens, Animeism, Military",3.53,2012.0,,"'The year is 2025. Earth is engulfed in the crossfire between massive warring alien life forms that leave annihilation in their wake. While searching for clues about his past, Ao is caught in an attack and forced to fly a giant humanoid fighter craft to save himself and his island. Fragments of the teenager’s origin come to light when a hostile shape-shifter seeking revenge on Ao’s missing mother—who vanished two years after his birth—targets him instead. Consumed with learning how his machine of war is connected to his mother and the monster that now pursues him, the young pilot will fly full throttle into combat zones without hesitation.'",,"Eureka Seven: Gravity Boys & Lifting Girl, Eureka Seven, Eureka Seven (Light Novel), Eureka Seven AO, Eureka Seven nAnO","Eureka Seven, Eureka Seven: Navigation ray=out, Eureka Seven: Good Night, Sleep Tight, Young Lovers, Eureka Seven Ao: Aratanari Fukaki Ao, Eureka Seven: New Order, Eureka Seven AO: The Flowers of Jungfrau, Eureka Seven AO Final Episode: One More Time -lord don't slow me down-, Koukyoushihen: Eureka Seven - Hi-Evolution 1, Koukyoushihen: Eureka Seven - Hi-Evolution 2, Koukyoushihen: Eureka Seven - Hi-Evolution 3","Ao Fukai : Yuutarou Honjou, Elena Peoples : Chiaki Omigawa, Fleur Blanc : Ayaka Oohashi, Christophe Blanc : Rokuro Naya, Gazelle : Takuya Kirimoto, Ivica Tanovic : Tetsuo Goto, Maggie Kwan : Ayumi Fujimura, Naru Arata : Kanako Miyamoto, Tomoki Kyoda
Director, Koji Nakamura
Music, Hiro Kanzaki
Character Design, Shouji Kawamori
Mechanical Design, Toshihiro Maeda
Producer, Motoki Mukaichi
Producer, Naoki Amano
Producer, Hirotsugu Ogisu
Producer","Tomoki Kyoda : Director, Koji Nakamura : Music, Hiro Kanzaki : Character Design, Shouji Kawamori : Mechanical Design, Toshihiro Maeda : Producer, Motoki Mukaichi : Producer, Naoki Amano : Producer, Hirotsugu Ogisu : Producer"
Utakoi, Chouyaku Hyakunin Isshu: Uta Koi,TV   ,13.0,TYO Animations,Summer,"Drama, Josei, Romance, Feudal Japan, Historical, Based on a Manga",3.53,2012.0,,"""Utakoi is a historical romance story based on Ogura Hyakunin Isshu's interpretation of a collection of 100 romance poems that are used in traditional Japanese karuta card/memory game Utakoi takes life based of the very liberal interpretation of the Hyakunin Isshu anthology of poems featuring 100 romantic poems from 100 different poets such as The Tale of Genji's Murasaki Shikibu. However this romantic – both in story and artistic design – series starts its focus with some twists and turns centered around the love between Fujiwara and her romantic interest Ariwara…""",,"Utakoi, Uta Koi. Ibun Uta Hen.",Utakoi Special,"Narihira Ariwara : Junichi Suwabe, Sadaie Fujiwara : Yuuki Kaji, Sei Shonagon : Minori Chihara, Komachi Ono : Aya Endou, Sadaakira : Showtaro Morikubo, Takaiko Fujiwara : Saori Hayami, Yasuko : Kumi Takaragi, Abo : Masanori Tomita, Kei Sugita
Original Creator, Kenichi Kasai
Director, Aki Tsunaki
Character Design, Shuko Yokoyama
Producer, Kenji Yasuda
Storyboard","Kei Sugita : Original Creator, Kenichi Kasai : Director, Aki Tsunaki : Character Design, Shuko Yokoyama : Producer, Kenji Yasuda : Storyboard"
Battle Spirits: Sword Eyes,,TV   ,29.0,Sunrise,Fall ,Based on a Card Game,3.53,2012.0,2013.0,"'The story of\xa0Battle Spirits: Sword Eyes\xa0is set 14 years after Atlantia, the largest country in the world of Legendia, was torn apart by riots. The protagonist Tsurugi Tatewaki was secreted away from the chaos at a young age. Oblivious to his true birthplace, Tsurugi grows up as a spirited boy in the neighboring rocky land of Pacifis. One day, Tsurugi suddenly comes across the ""Shining Sword,"" and his great adventure begins.'",,Battle Spirits: Sword Eyes,"Battle Spirits: Shounen Toppa Version, Battle Spirits: Shounen Gekiha Dan, Battle Spirits: Brave, Battle Spirits: Heroes, Battle Spirits: Saikyou Ginga Ultimate Zero, Battle Spirits: Sword Eyes Gekitouden, Battle Spirits: Burning Soul, Battle Spirits: Double Drive","Bringer : Junichi Suwabe, Hagakure Shidou : Jun Fukuyama, Kizakura Kukuri : Yui Horie, Sora Ryuuyou : Yuuki Ono, Tsurugi Tatewaki : Junko Minagawa, Yaiba : Yu Shimamura, Garudos Randall : Shou Hayami, Gordy Dain : Hiroshi Yanaka, Masaki Watanabe
Director, Eishi Segawa
Music, Tomoshige Inayoshi
Character Design","Masaki Watanabe : Director, Eishi Segawa : Music, Tomoshige Inayoshi : Character Design"
Love Live! School Idol Project: Mo Gyutto Love de Sekkinchuu!,,Music,,,,Idols,3.53,2012.0,,"""The teenage idols of\xa0μ's preform their hit song,\xa0Mo Gyutto Love de Sekkinchuu!, on a vibrant neon stage to celebrate Valentine's Day.""",,"Love Live!, Love Live! Sunshine!! Maru no Yon Koma",,"Eli Ayase : Yoshino Nanjou, Hanayo Koizumi : Yurika Kubo, Honoka Kousaka : Emi Nitta, Kotori Minami : Aya Uchida, Maki Nishikino : Pile, Nico Yazawa : Sora Tokui, Nozomi Toujou : Aina Kusuda, Rin Hoshizora : Riho Iida",
Medaka Box,,TV   ,12.0,GAINAX,Spring,"Action, Shounen, School Life, Student Council, Based on a Manga",3.53,2012.0,,"'Medaka Kurokami is the perfect honor student. She has exemplary grades, talent at any sport she tries her hand at, comes from a rich family, is exceptionally popular, and has just become the first ever freshman student to be elected School President! During her inauguration speech she proclaims that she will endeavor to help every student with any problem if they simply submit it to the newly instated suggestion box. But with a bare-bones student council consisting of only herself and her unwilling accomplice Zenkichi, people are unsure whether to take her seriously or not. Regardless, Medaka takes each suggestion and gives her all to fulfil any request, be it ridding the kendo hall of delinquents, writing a love letter, or helping a struggling art student find his muse.'",,"Medaka Box (Pilot), Medaka Box, Medaka Box (Light Novel), Medaka Box Gaiden: Good Loser Kumagawa (Light Novel)",Medaka Box Abnormal,"Kouki Akune : Daisuke Namikawa, Medaka Kurokami : Aki Toyosaki, Mogana Kikaijima : Ai Kayano, Zenkichi Hitoyoshi : Yuuki Ono, Hanasode Shiranui : Emiri Katou, Myouri Unzen : Romi Park, Nekomi Nabeshima : Minako Kotobuki, Aria Ariake : Asuka Oogame, Nisioisin
Original Creator & Screenplay, Shouji Saeki
Director & Op Director & Screenplay & Series Composition & Storyboard, Tatsuya Katou
Music, Ikuo Kuwana
Character Design, Yoshiyuki Itou
Producer, Tomoko Saitou
Producer, Yoshikazu Beniya
Producer, Masazumi Katou
Producer","Nisioisin : Original Creator & Screenplay, Shouji Saeki : Director & Op Director & Screenplay & Series Composition & Storyboard, Tatsuya Katou : Music, Ikuo Kuwana : Character Design, Yoshiyuki Itou : Producer, Tomoko Saitou : Producer, Yoshikazu Beniya : Producer, Masazumi Katou : Producer"
Jin: Souzou Forest, Souzou Forest,Music,,,,Vocaloid,3.53,2012.0,,'No synopsis yet - check back soon!',,,,"Marry Kozakura, Kousuke Seto, Shion Kozakura, Tsubomi Kido, Jin
Producer",Jin : Producer
"Love, Election & Chocolate", Koi to Senkyo to Chocolate,TV   ,12.0,AIC Build,Summer,"Romance, Political, School Club, School Life, Based on an Eroge, Based on a Visual Novel",3.53,2012.0,,"'Yuuki Oojima and his childhood friend Chisato Sumiyoshi belong to the Food Research Club, a sociable place in school dedicated to\xa0chatting and\xa0taste testing the latest snacks. Other members include their close friend Mifuyu, Yuuki’s self-proclaimed homosexual lover Yume, gadget developer Nozomi, the inseparable\xa0duo Ai and Kii, reserved Michiru, and an advisor who drinks all day. But with the next student council presidential election looming, popular candidate Satsuki plans to preserve school funding by terminating obstructive clubs - including theirs! Realizing the Food Research Club is in jeopardy if she is elected, the members declare a presidential campaign of their own. Can Yuuki and his invaluable friends win the election to protect their precious snack-eating society, or will they be disbanded for good?'",,Koi to Senkyo to Chocolate,"Love, Election & Chocolate: Ikenai Hazuki-sensei, Love, Election & Chocolate: Love Sister!","Chisato Sumiyoshi : Eriko Nakamura, Satsuki Shinonome : Yuu Asakawa, Yuuki Oojima : Yuuichi Nakamura, Hazuki Shinonome : Chiemi Ishimatsu, Isara Aomi : Mai Kadowaki, Michiru Morishita : Asami Imai, Mifuyu Kiba : Kaori Mizuhashi, Oboro Yumeshima : Megumi Ogata, Tooru Kitahata
Director, Elements Garden
Music, Hiroaki Gohda
Character Design, Junichirou Tanaka
Producer, Shigeru Saitou
Producer, Kozue Kaneniwa
Producer, Yoshiaki Uraki
Producer, Takanori Koarai
Producer","Tooru Kitahata : Director, Elements Garden : Music, Hiroaki Gohda : Character Design, Junichirou Tanaka : Producer, Shigeru Saitou : Producer, Kozue Kaneniwa : Producer, Yoshiaki Uraki : Producer, Takanori Koarai : Producer"
Maeda Jun x Yanagi Nagi: Owari no Sekai Kara,,Music,,,,"Drama, Romance",3.52,2012.0,,'No synopsis yet - check back soon!',,,,"Jun Maeda
Music, Nagi Yanagi
Music","Jun Maeda : Music, Nagi Yanagi : Music"
Lupin III: Lupin Family All-Stars, Lupin III: Lupin Ikka Seizoroi,OVA  ,1.0,Studio Sakimakura,,"Criminals, Island, Shorts, Thieves",3.52,2012.0,,"""Lupin has invited all of his friends to a villa on a private island. It's the first time they've seen each other for the past five years. Lupin is planning a big surprise while they are all at the villa except Fujiko, Goemon, & Jigen find Lupin's behavior to be unusual. They're also curious on who the man in the iron mask is who is chained up to a wall for reasons they're about to find out.""",,"Lupin III, Lupin Kozou, Lupin Sansei: Neighbor World Princess","Lupin III: Pilot Film, Lupin III, Lupin III: Part II, Lupin III: The Mystery of Mamo, Lupin III: The Castle of Cagliostro, Lupin III: Part III, Lupin III: Legend of the Gold of Babylon, Lupin III: The Fuma Conspiracy, Lupin III: Secret Files, Lupin III Special 1: Bye Bye, Lady Liberty, Lupin III Special 2: The Hemingway Papers, Lupin III Special 3: Napoleon's Dictionary, Lupin III Special 4: From Siberia With Love, Lupin III Special 5: Voyage To Danger, Lupin III Special 6: Dragon of Doom, Lupin III: Farewell to Nostradamus, Lupin III Special 7: The Pursuit of Harimao's Treasure, Lupin III: Dead or Alive, Lupin III Special 8: The Secret Of The Twilight Gemini, Lupin III Special 9: Island of Assassins, Lupin III Special 10: Crisis in Tokyo, Lupin III Special 11: The Columbus Files, Lupin III Special 12: Missed by a Dollar, Lupin III Special 13: Alcatraz Connection, Lupin III: Return Of Pycal, Lupin III Special 14: Episode 0 - First Contact, Lupin III Special 15: Operation Return the Treasure, Lupin III Special 16: Stolen Lupin, Lupin III Special 17: Angel Tactics, Lupin III Special 18: Seven Days Rhapsody, Lupin III Special 19: The Elusiveness of the Fog, Lupin III: Green vs Red, Lupin III Special 20: Sweet Lost Night, Lupin III Special 21: Lupin III vs Detective Conan, Monkey Majik: Lupin the Third, Lupin III Special 22: The Last Job, Lupin III Special 23: Blood Seal of the Eternal Mermaid, Lupin VIII: Arsene and Cie, Lupin III: The Woman Called Fujiko Mine, Lupin III Special 24: Touhou Kenbunroku - Another Page, Lupin III Special 25: Princess of the Breeze - Kakusareta Kuuchuu Toshi, Lupin III: Jigen's Gravestone, Magic Kaito 1412, Lupin III: Part IV, Lupin III Special 26: Italian Game, Lupin III: Goemon's Blood Spray, Lupin III: The First","Arsene Lupin Iii, Daisuke Jigen, Fujiko Mine, Goemon Ishikawa Xiii, Koichi Zenigata, Tekkamen",
Cardfight!! Vanguard: Asia Circuit, Cardfight!! Vanguard: Asia Circuit-hen,TV   ,39.0,TMS Entertainment,Spring,"Action, Fantasy, Card Battles, Family Friendly, Tournaments, Based on a Card Game",3.51,2012.0,2013.0,"'It’s been several weeks since team Q4 won the national Vanguard championship, and the group members have temporarily split up to practice on their own. Upon visiting Card Capital one day Aichi meets a newbie named Takuto who challenges him to a game, but things get complicated when shortly after, Aichi’s royal paladin deck is mysteriously replaced with another, and no one seems to remember Blaster Blade! What’s more, Takuto reveals himself to be the head of a huge corporation and the sponsor of an upcoming competition where top fighters from around the country will battle it out in the arena - and team Q4 is invited. Now, Aichi will once again join forces with Kamui and Misaki in hopes of dominating the Vanguard Asia Circuit and reuniting with Takuto to determine the fate of his beloved deck.'",,"Cardfight!! Vanguard, Mini Vanguard, Another Vanguard: Seidou no Asuka","Cardfight!! Vanguard, Cardfight!! Vanguard: Link Joker, Cardfight!! Vanguard: Legion Mate, Cardfight!! Vanguard G, Cardfight!! Vanguard G: GIRS Crisis, Cardfight!! Vanguard G: Stride Gate, Cardfight!! Vanguard G: Next","Aichi Sendou : Tsubasa Yonaga, Kamui Katsuragi : Shizuka Ishikawa, Misaki Tokura : Izumi Kitta, Dr. O : Nobuhisa Nakamoto, Eiji Saga : Kumiko Higa, Emi Sendou : Atsuko Enomoto, Katsumi Morikawa : Noriaki Sugiyama, Kourin Tatsunagi : Suzuko Mimori, Hatsuki Tsuji
Director, Takayuki Negishi
Music, Mari Tominaga
Character Design, Yoshio Usuda
Animation Director","Hatsuki Tsuji : Director, Takayuki Negishi : Music, Mari Tominaga : Character Design, Yoshio Usuda : Animation Director"
Folktales from Japan, Furusato Saisei: Nippon no Mukashibanashi,TV   ,258.0,Tomason,Spring,"Comedy, Drama, Fantasy, Episodic, Family Friendly, Japanese Mythology, Original Work",3.51,2012.0,2017.0,"'Like in any culture, Japanese kids grow up listening to the stories repeatedly told by their parents and grandparents. The boy born from a peach; the princess from the moon who is discovered inside a bamboo; the old man who can make a dead cherry tree blossom, etc. These short stories that teach kids to see both the dark and bright sides of life have passed traditional moral values from generation to generation.'",,,Folktales from Japan 2nd Season,"Beautiful Girl, Carpenter, Ichi, Ikkyuu, Issun-Boshi, Kind Old Lady, Kind Old Man, Mendicant Monk, Takuo Suzuki
Director & Character Design",Takuo Suzuki : Director & Character Design
Black Rock Shooter TV,,TV   ,,Ordet,Winter,"Action, Drama, Fantasy, Slice of Life, Based on a Song, noitaminA, Psychological, School Life",3.51,2012.0,,"""Athletic Mato is excited to start middle school and meet new people, including Yomi, an artistic girl who doesn't open up easily to others. While awkward around each other at first, things change when the girls discover their mutual obsession for a fantastical picture book. But just as the pair becomes fast friends, they're torn apart by a cruel, wheelchair-bound girl who considers Yomi her personal possession and refuses to let anyone else near her. What's worse, Mato has recently begun to have strange dreams about girls brawling in bizarre colorful worlds that seem to parallel her personal struggles. With jealousy, insecurity, and foreboding dreams always getting in the way, can the two girls ever become true friends?""",,"Black Rock Shooter Chan, Black Rock Shooter: Innocent Soul, Black Rock Shooter: The Game","Supercell: Black Rock Shooter, Black Rock Shooter OVA, Black Rock Shooter: Dawn Fall","Black Rock Shooter : Kana Hanazawa, Mato Kuroi : Kana Hanazawa, Dead Master, Kagari Izuriha : Eri Kitamura, Saya Irino : Mamiko Noto, Strength : Kana Asumi, Yomi Takanashi : Miyuki Sawashiro, Yuu Kotari : Kana Asumi, Shinobu Yoshioka
Director, Hideharu Mori
Music, Supercell
Music, Kazuko Nakashima
Color Design, Hiroshi Nakamura
Producer, Hiroaki Matsuura
Producer, Kana Shundou
Key Animator, Arthell Isom
Background Artist","Shinobu Yoshioka : Director, Hideharu Mori : Music, Supercell : Music, Kazuko Nakashima : Color Design, Hiroshi Nakamura : Producer, Hiroaki Matsuura : Producer, Kana Shundou : Key Animator, Arthell Isom : Background Artist"
Psychic School Wars, Nerawareta Gakuen,Movie,,Sunrise,,"Drama, Romance, Sci Fi, School Life, Time Travel, Based on a Novel",3.5,2012.0,,"'When transfer student Ryoichi Kyogoku appears things take a turn for the weird. Students are missing school, the student council bans cellphones, and Kyogoku begins changing students by awakening their psychic abilities to prevent a future disaster on Earth. Kenji Seki and his friends get caught in the middle and must try to figure out what is going on in time to save their friends and the future.'",,Psychic School Wars,,"Kahori Harukawa : Kana Hanazawa, Kenji Seki : Takuto Yoshinaga, Natsuki Suzuura : Mayu Watanabe, Ryoichi Kyogoku : Daisuke Ono, Kouji : Naoya Uchida, Yuriko Yamagiwa : Haruka Tomatsu, Akari : Risa Uchida, Amano : Taira Kikumoto, Ryousuke Nakamura
Director & Episode Director & Key Animator & Screenplay & Storyboard, Shuusei Murai
Music, Mieko Hosoi
Character Design, Yuuko Kobari
Color Design, Fumi Teranishi
Producer, Akiko Yodo
Producer, Keiichi Tomura
Producer, Eiko Saitou
Key Animator","Ryousuke Nakamura : Director & Episode Director & Key Animator & Screenplay & Storyboard, Shuusei Murai : Music, Mieko Hosoi : Character Design, Yuuko Kobari : Color Design, Fumi Teranishi : Producer, Akiko Yodo : Producer, Keiichi Tomura : Producer, Eiko Saitou : Key Animator"
Code:Breaker,,TV   ,13.0,Kinema Citrus,Fall ,"Action, Shounen, Supernatural, Superpowers, Based on a Manga, Animal Abuse,, Mature Themes",3.49,2012.0,,"'Sakura Sakurakouji may seem like a frail and demure girl, but in reality she’s a powerful martial artist with an unmatched sense of justice. One day, on her way home from school, she witnesses a boy murdering several people with bright blue flames. That boy is Rei Ogami, a merciless assassin known as a ""Code Breaker"", and the latest student to join Sakura’s class! While Rei appears to be the perfect gentleman at school, in truth he lives by the principle of ""an eye for an eye"" and is hired to target and dispose of criminals who have escaped the law. With everyone oblivious to his true nature, only Sakura knows what he really is and his remorseless feelings towards what he does. But despite his icy heart and his threat to burn Sakura and everyone around her should she reveal his secret, the righteous teen can’t help but feel that there’s more to Rei than meets the eye...'","Animal Abuse,, Mature Themes",Code:Breaker,Code:Breaker OVA,"Rei Oogami : Nobuhiko Okamoto, Sakura Sakurakouji : Youko Hikasa, Hitomi : Shinichirou Miki, Masaomi Heike : Subaru Kimura, Rui Hachiouji : Mitsuki Saiga, Toki Fujiwara : Kenichi Suzumura, Yuuki Tenpouin : Toshiyuki Toyonaga, Aoba Takatsu : Eri Sendai, Akimine Kamijyo
Original Creator, Yasuhiro Irie
Director, Takayuki Hattori
Music, Yukie Akiya
Character Design, Katsumi Koike
Producer, Kensuke Tateishi
Producer, Eriko Aoki
Producer, Motoki Mukaichi
Producer","Akimine Kamijyo : Original Creator, Yasuhiro Irie : Director, Takayuki Hattori : Music, Yukie Akiya : Character Design, Katsumi Koike : Producer, Kensuke Tateishi : Producer, Eriko Aoki : Producer, Motoki Mukaichi : Producer"
SOUND HOLIC: X-Buster,,Music,,,,"Action, Sci Fi, Based on a Video Game",3.49,2012.0,,"'The official music video for X-Buster\xa0from the album ROCKMAN HOLIC, made by SOUND HOLIC to commemorate the 25th anniversary\xa0of the Mega Man franchise.'",,,"Rockman: Hoshi ni Negai wo, MegaMan: NT Warrior",,
Zetman,,TV   ,13.0,TMS Entertainment,Spring,"Action, Sci Fi, Superheroes, Superpowers, Vigilantes, Based on a Manga, Violence",3.49,2012.0,,"'Jin is an energetic young boy living in a shanty town and making ends meet by performing good deeds for money. However, when his mentor dies during a fight with a strange monster he finally learns the meaning of death. Having been taken in by a stripper named Akemi whom he once saved, Jin begins to live a quiet and normal life - though in reality he is anything but ordinary. With superhuman abilities and a group of mysterious men searching for him under the name of Zet, over the years Jin finds himself drawn into a world of creatures with dangerous powers called ""Players"". But what is Jin really, and with his vicious methods of defeating these threats, is he really a hero for justice or simply another dangerous monster?'",Violence,"Zetman (1994), Zetman, Alphas: Zetman Another Story (Light Novel)",,"Jin Kanzaki : Daisuke Namikawa, Kouga Amagi : Mamoru Miyano, Gorou Kanzaki : Mitsuo Senda, Hanako Tanaka : Mariya Ise, Hayami : Kenichi Suzumura, Jirou Nakata : Katsunosuke Hori, Konoha Amagi : Kana Hanazawa, Mitsugai Amagi : Shozo Iizuka, Masakazu Katsura
Original Creator, Osamu Nabeshima
Director, Suble
Music, Yuu Yanaura
Music, Megumi Sasano
Music, Yasushi Sasamoto
Music, Gabriele Roberto
Music, Hirotoshi Takaya
Character Design","Masakazu Katsura : Original Creator, Osamu Nabeshima : Director, Suble : Music, Yuu Yanaura : Music, Megumi Sasano : Music, Yasushi Sasamoto : Music, Gabriele Roberto : Music, Hirotoshi Takaya : Character Design"
Fate/Zero Remix,,TV Sp,,ufotable,,"Action, Fantasy, Recap, Based on a Light Novel",3.49,2012.0,,'Two recap episodes that summerize the first season of\xa0Fate/Zero.',,Fate/Labyrinth (Light Novel),Fate/Zero,"Gilgamesh : Tomokazu Seki, Irisviel Von Einzbern : Sayaka Oohara, Kirei Kotomine : Jouji Nakata, Kiritsugu Emiya : Rikiya Koyama, Rider : Akio Ootsuka, Saber : Ayako Kawasumi, Aoi Tohsaka : Hasumi Itou, Assassin : Akina Abe",
Jewelpet Kira Deco!,,TV   ,52.0,Studio Comet,Spring,"Fantasy, Magical Girl, Animal Protagonists, Family Friendly, Henshin Heroes, Magic, Non-Human Protagonists, Sanrio Characters, Original Work",3.49,2012.0,2013.0,"'In the Legends of Jewel Land, the Jewelpets were born from the love and caring of their queen, Jewelina. However a strange meteor crashes into the Mirror Ball, destroying it into a million pieces and its fragments called ""Deco Stones"" were all scattered in Jewel Land. In the present time, Ruby, a dimwitted Rabbit Jewelpet and owner of the Kira Kira Shop, has a thing on sparkly decorations and loves to collect anything that sparkles and shines. However, when she and the others learn about the legend of the Mirror Ball and the Deco Stones, they all decided to go and search for them, until they all meet 5 strange individuals called the KiraDeco 5. The group also has the same goal on wanting to collect the Deco Stones and they befriended the Jewelpets, especially to one of their members: Pink Oomiya. Now, the group need to gather all the Deco Stones and stop the Eternal Darkness from taking over the human world.'",,Lady Jewelpet,"Jewelpet, Jewelpet Twinkle, Jewelpet Sunshine, Jewelpet Movie: Sweets Dance Princess, Jewelpet Happiness, Lady Jewelpet, Jewelpet Magical Change","Blue Knight Ozaki : Daisuke Ono, Garnet : Aya Hirano, Kiichi Furano : Yasutaka Sonoda, Labra : Miyuki Sawashiro, Midori Akagi : Aya Hirano, Pink Oomiya : Aki Toyosaki, Retsu Akagi : Takuma Terashima, Ruby : Ayaka Saitou, Makoto Moriwaki
Director, Cheru Watanabe
Music, Tomoko Miyakawa
Character Design, Yoshikazu Iwanami
Sound Director","Makoto Moriwaki : Director, Cheru Watanabe : Music, Tomoko Miyakawa : Character Design, Yoshikazu Iwanami : Sound Director"
Magic Tree House,,Movie,,Ajia-do,,"Adventure, Magic, Time Travel, Based on a Novel",3.49,2012.0,,"'Jack and Annie are young siblings who find a magic tree house on their way home after chasing a weasel. By using the books available on the tree house, they are able to travel through time and location. The two end up with the difficult task of collecting four medallions, each one hidden in a different place and epoch, in order to help a magician named Morgan.'",,,,"Annie, Jack, Kathleen, Morgan Le Fay, Tracy, Hiroshi Nishikiori
Director, Akira Senju
Music, Yoshiaki Yanagida
Character Design, Keisuke Nakamura
Photography Director, Shigeru Nishiyama
Editor","Hiroshi Nishikiori : Director, Akira Senju : Music, Yoshiaki Yanagida : Character Design, Keisuke Nakamura : Photography Director, Shigeru Nishiyama : Editor"
Tamagotchi! Yume Kira Dream,,TV   ,49.0,OLM,Summer,"Fantasy, Slice of Life, Family Friendly",3.49,2012.0,2013.0,"'Mametchi and his friends return to study abroad at Dream Town, a place that supports the dreams of all who live there. At Dream Town, Mametchi meets the aspiring idol singer Yumemitchi, Kiraritchi and other new characters as they all follow their own dreams.'",,,"Anime TV de Hakken! Tamagotchi, Tamagotchi Honto no Hanashi, Let's Go! Tamagotchi, Tamagotchi Movie 1, Tamagotchi Movie 2: Happiest Story In The Universe!?, Tamagotchi!, Tamagotchi! Miracle Friends, Go-Go Tamagotchi!, Tamagotchi! Tamatomo Daishuu GO, Tamagotchi Movie 3: Himitsu no Otodake Daisakusen!","Julietchi : Akiko Kawase, Kiraritchi : Megumi Toyoguchi, Mametchi : Rie Kugimiya, Memetchi : Ryouka Yuzuki, Yumemitchi : Misato Fukuen, Kuchipatchi : Asami Yaguchi, Spaceytchi : Yasuyuki Kase, Sutacchi : Yuuki Yonai, Jouji Shimura
Director, Sayuri Ichiishi
Character Design, Yasukazu Toukairin
Character Design, Midori Yoshizawa
Key Animator","Jouji Shimura : Director, Sayuri Ichiishi : Character Design, Yasukazu Toukairin : Character Design, Midori Yoshizawa : Key Animator"
Thermae Romae x TOTO Collaboration,,Other,,DLE,,"Comedy, Seinen, Promotional, Shorts, Based on a Manga",3.49,2012.0,,'No synopsis yet - check back soon!',,Thermae Romae,"Thermae Romae x Asahi Shimbun Digital Collaboration, Thermae Romae x LOFT Collaboration, Thermae Romae, Thermae Romae Specials, Thermae Romae: Kodai Romajin ga Uchuu e, Thermae Romae x Yoyogi Animation Gakuin Collaboration",Lucius Modestus,
Re Boot,,Music,,,,Vocaloid,3.49,2012.0,,'No synopsis yet - check back soon!',,,,"Luka Megurine, Miku Hatsune",
Toriko x One Piece Collabo Special 2,"Alt titles: One Piece: A Team is Formed! Save Chopper, Toriko: The Reunion of Toriko and Luffy! Find the Seafood Fruit!",TV Sp,,Toei Animation,,"Action, Adventure, Comedy, Fantasy, Shounen, Crossover, Pirates, Superpowers, Based on a Manga",3.49,2012.0,,"'After catching a Spring Shark, Toriko and Komatsu are surprised to see Luffy come tumbling out its mouth. Luffy needs the gourmet hunter help to save a valuable crew member.'",,"Romance Dawn, One Piece, Toriko, One Piece: Strong World, Chopperman, Chopperman: Yuke Yuke! Minna no Chopper-sensei, One Piece x Toriko: Jisshoku! Akuma no Mi!!, One Piece Ace's Story (Light Novel), One Piece episode A","One Piece, Toriko x One Piece Collabo Special, Toriko TV","Komatsu : Romi Park, Monkey D. Luffy, Toriko : Ryotaro Okiayu, Coco : Takahiro Sakurai, Nami, Sanji, Sunny : Mitsuo Iwata, Tony Tony Chopper",
Brave10,,TV   ,12.0,Studio Sakimakura,Winter,"Action, Seinen, Feudal Japan, Historical, Magic, Ninja, Samurai, Supernatural, Based on a Manga, Violence",3.48,2012.0,,"'Life is tough during the Warring States period of medieval Japan: lords battle lords for control of the country, while samurai and mystical warriors do their bidding from the shadows. Backstabbing and betrayal are common, and legendary ninja Saizou Kirigakure has had enough. He lives only for himself - until a girl with a mysterious dark power falls into his arms. Saizou quickly finds himself dragged into a struggle between powerful warlord Ieyasu Tokugawa, and the strange but alluring Yukimura Sanada. He becomes one of ""Sanada\'s Ten Braves,"" who use their mystical powers and ninja abilities to protect the people and things they care about the most.'",Violence,"Brave 10, Brave 10 S",,"Isanami : Rina Satou, Saizou Kirigakure : Daisuke Ono, Anastasia : Yuu Asakawa, Benmaru : Izumi Kitta, Hanzou Hattori : Takahiro Sakurai, Jinpachi Nezu : Kazuya Nakai, Juzou Kakei : Ryotaro Okiayu, Masamune Date : Takehito Koyasu, Kairi Shimotsuki
Original Creator, Kiyoko Sayama
Director, Seikou Nagaoka
Music, Yukiko Ban
Character Design, Hideaki Miyamoto
Producer, Sachi Kawamoto
Producer, Norikatsu Umeda
Producer, Kensuke Ishikawa
Animation Director","Kairi Shimotsuki : Original Creator, Kiyoko Sayama : Director, Seikou Nagaoka : Music, Yukiko Ban : Character Design, Hideaki Miyamoto : Producer, Sachi Kawamoto : Producer, Norikatsu Umeda : Producer, Kensuke Ishikawa : Animation Director"
Jin: Children Record, Children Record,Music,,,,Vocaloid,3.48,2012.0,,'No synopsis yet - check back soon!',,,,"Azami, Ene, Hibiya Amamiya, Konoha, Kousuke Seto, Marry Kozakura, Momo Kisaragi, Shintaro Kisaragi, Jin
Producer",Jin : Producer
Place to Place Youchien, Acchi Kocchi Youchien,Other,,AIC,,"Comedy, Seinen, Chibi, School Life, Short Episodes, Based on a 4-Koma Manga, Based on a Manga",3.48,2012.0,,'No synopsis yet - check back soon!',,Place to Place,"Place to Place, Place to Place: Place=Princess","Hime Haruno : Kaori Fukuhara, Io Otonashi : Nobuhiko Okamoto, Mayoi Katase : Hitomi Nabatame, Tsumiki Miniwa : Rumi Ookubo, Sakaki Inui : Shintarou Asanuma, Ishiki
Original Creator",Ishiki : Original Creator
Guilty Crown: Lost Christmas,,OVA  ,1.0,Production I.G,,"Action, Mecha, Sci Fi, Pandemic, Shorts, Original Work",3.48,2012.0,,'No synopsis yet - check back soon!',,Guilty Crown,"Guilty Crown, Guilty Crown Kiseki: Reassortment, Guilty Crown: 4-koma Gekijou, EGOIST: The Everlasting Guilty Crown, EGOIST: PLANETES","Carol, Makoto Waltz Segai, Scrooge, Doluudo, Present, Shinpei Ezaki
Director, Yasuyuki Ebara
Character Design, Arifumi Imai
Key Animator","Shinpei Ezaki : Director, Yasuyuki Ebara : Character Design, Arifumi Imai : Key Animator"
Jewelpet Movie: Sweets Dance Princess,,Movie,,Studio Comet,,"Fantasy, Family Friendly, Sanrio Characters",3.48,2012.0,,"""Ruby and friends visit Jewel Land's neighboring Kingdom Sweets Land, to celebrate Princess Mana's birthday with a festival. While the party preparation continues a mysterious gummy falls from the Sky. What appears will have them save their world, and eat all the sweets in the land to help save it.""",,Lady Jewelpet,Jewelpet Kira Deco!,"Angela, Garnet, Jasper, Labra, Princess Mana, Ruby, Sakuran : Rina Hidaka, Sango, Hiroaki Sakurai
Director, Wataru Maeguchi
Music, Hitomi Odashima
Character Design, Yoshikazu Iwanami
Sound Director, Atsushi Takahashi
Producer","Hiroaki Sakurai : Director, Wataru Maeguchi : Music, Hitomi Odashima : Character Design, Yoshikazu Iwanami : Sound Director, Atsushi Takahashi : Producer"
Mitchie M: Ai Dee, Mitchie M: Identity,Music,,,,Vocaloid,3.47,2012.0,,'No synopsis yet - check back soon!',,,,"Luka Megurine, Miku Hatsune, Mitchie M
Producer",Mitchie M : Producer
Pretty Rhythm: Dear My Future,,TV   ,51.0,Tatsunoko Production,Spring,"Comedy, Family Friendly, Fashion, Ice Skating, Idols, Music, Showbiz, Based on a Video Game",3.47,2012.0,2013.0,"'Three years have passed since the events of Aurora Dream. At Pretty Top, a new generation of girls dreaming of being Prism Stars have endeavored through their training. One day, Ayami, Karin and Reina find themselves on the same stage as their predecessors, when Mia Ageha suddenly jumps up on stage and demands to challenge the legendary Prism Show unit MARs. To keep this challenge, the 4 girls are sent to become a new Prism Show unit, Prizmmy☆. As the girls waver and then jump back up, they deepen their friendship and aim for their debut together. To add to it all, 5 girls have come from abroad to Japan to study at Pretty Top to have their debut as well. In order to meet their future, the girls stand on the stage, and the show starts.'",,,"Pretty Rhythm: Aurora Dream, Pretty Rhythm: Rainbow Live, Pretty Rhythm All Stars Selection: Prism Show☆Best Ten Movie, Pretty Rhythm: All Star Selection","Ayami Ooruri : Ayane Sakura, Chae Kyoung : Satomi Akesaka, Hye In : Kanae Itou, Jae Eun : Madoka Yonezawa, Karin Shijimi : Minami Tsuda, Mia Ageha : Rumi Ookubo, Reina Miyama : Natsumi Takamori, Shi Yoon : Hyang-Ri Kim, Akio Watanabe
Original Character Design, Masakazu Hishida
Director, Seikou Nagaoka
Music, Rie Saitou
Character Design, Yoshimi Umino
Art Director, Yoshinobu Tokumoto
Ed Director & Episode Director & Storyboard, Shinichi Watanabe
Storyboard, Jun Arai
Key Animator","Akio Watanabe : Original Character Design, Masakazu Hishida : Director, Seikou Nagaoka : Music, Rie Saitou : Character Design, Yoshimi Umino : Art Director, Yoshinobu Tokumoto : Ed Director & Episode Director & Storyboard, Shinichi Watanabe : Storyboard, Jun Arai : Key Animator"
Jin: Kisaragi Attention,,Music,,,,Vocaloid,3.47,2012.0,,'No synopsis yet - check back soon!',,,,"Momo Kisaragi, Shuuya Kano, Tsubomi Kido, Ene, Kousuke Seto, Marry Kozakura, Shintaro Kisaragi, Jin
Producer",Jin : Producer
Ultimate Otaku Teacher (2012), Denpa Kyoushi (2012),Other,,A-1 Pictures,,"Comedy, Shounen, Otaku Culture, Promotional, School Life, Short Episodes, Teaching, Work Life, Based on a Manga",3.47,2012.0,2013.0,'No synopsis yet - check back soon!',,Denpa Kyoushi,Ultimate Otaku Teacher,"Junichiro Kagami : Daisuke Ono, Suzune Kagami : Kana Asumi, Takeshi Azuma
Original Creator",Takeshi Azuma : Original Creator
Fushigi no Yappo Shima: Pukipuki to Poi, Yappo Island,TV   ,25.0,,,"Family Friendly, Island, Short Episodes, Stop Motion Animation",3.46,2012.0,,'No synopsis yet - check back soon!',,,,,
Spy Penguin,,OVA  ,5.0,Next Media Animation,,"Action, Adventure, Animal Protagonists, Birds, Espionage, Family Friendly, Non-Human Protagonists, Penguins, Short Episodes, CG Animation",3.46,2012.0,,"'In Paris, a wave of darkness threatens to swallow the City of Light. Luckily for Parisians, a covert team of three penguins armed with an amazing array of high-tech weapons fight to save the city. Meet the Spy Penguins! As agents of the secret organization P.E.A.C.E., the Spy Penguins - Rooky, Texture, and Roborobo - will show evildoers that birds of the same feather fight together!'",,,"Spy Penguin (2013), Spy Penguin (2013): White Christmas","Roborobo : Hisao Egawa, Rooky, Texture : Eiji Takemoto, Ouji Hiroi
Producer & Director & Original Creator, Yoshiteru Tsujino
Character Design","Ouji Hiroi : Producer & Director & Original Creator, Yoshiteru Tsujino : Character Design"
Lagrange: The Flower of Rin-ne, Rinne no Lagrange: Flower Declaration of Your Heart,TV   ,12.0,XEBEC,Winter,"Action, Comedy, Drama, Ecchi, Mecha, Sci Fi, Aliens, Original Work",3.46,2012.0,,"""As the sole member of a\xa0club dedicated to helping others, do-gooder Madoka Kyouno didn't hesitate in helping save a girl from drowning one day. But little did she know that she actually saved an alien named Lan, and that soon, Madoka herself would be in the pilot of a giant mecha...""",,"Rinne no Lagrange: Akatsuki no Memoria, Rinne no Lagrange: Flower Declaration of Your Heart","Lagrange: The Flower of Rin-ne Picture Drama, Lagrange: The Flower of Rin-ne - Season 2, Lagrange: The Flower of Rin-ne - Kamogawa Days, Lagrange: The Flower of Rin-ne - Kamogawa Memoria, Lagrange: The Flower of Rin-ne - Season 2 Picture Drama","Lan : Asami Seto, Madoka Kyouno : Kaori Ishihara, Muginami : Ai Kayano, Array : Yoshitsugu Matsuoka, Balance T. Moid : Kazuyuki Okitsu, Izo : Hiroyuki Yoshino, Kirius Rakus Lestrine Ha : Kenji Nojima, Shouzou Tadokoro : Makoto Yasumura, Tatsuo Satou
Chief Director, Toshimasa Suzuki
Director & Episode Director & Storyboard, Tomisiro
Music, Saeko Suzuki
Music, Takushige Norita
Character Design, Chizuru Kobayashi
Character Design, Shuuichi Kitada
Producer, Nao Hirasawa
Producer","Tatsuo Satou : Chief Director, Toshimasa Suzuki : Director & Episode Director & Storyboard, Tomisiro : Music, Saeko Suzuki : Music, Takushige Norita : Character Design, Chizuru Kobayashi : Character Design, Shuuichi Kitada : Producer, Nao Hirasawa : Producer"
Dog Days' Specials,,DVD S,,Seven Arcs,,"Action, Fantasy, Person in a Strange World, Recap, Summoned Into Another World, War",3.46,2012.0,2013.0,"""Rebecca, Nanami, Millhiore, Yukikaze and others recount the story so far, from Shinku's return to Flonyard to Rebecca and Nanami becoming champions, to visiting training camps and beyond!""",,Dog Days,"Dog Days, Dog Days', Dog Days'', Dog Days Recap, Dog Days'': Limone Resort Tenbou Onsen!, Dog Days '': Gravure Talk","Couvert Eschenbach Pastillage : Aoi Yuuki, Leonmitchelli Galette Des Rois : Ami Koshimizu, Millhiore Firianno Biscotti : Yui Horie, Nanami Takatsuki : Nana Mizuki, Rebecca Anderson : Mikako Takahashi, Jaune Clafouti : Yoriko Nagata, Noir Vinocacao : Kana Hanazawa, Ricotta Elmar : Nana Mizuki",
KUROKO,,Web  ,1.0,,,"Comedy, Slice of Life, Shorts",3.46,2012.0,,'No synopsis yet - check back soon!',,,,,
Xia Lan,,TV   ,156.0,Beijing Rocen,,"Action, Adventure, Fantasy, Chinese Animation, CG Animation",3.45,2012.0,2016.0,'No synopsis yet - check back soon!',,,,Nian Chi,
Kyousougiga (2012),,Web  ,5.0,Toei Animation,Summer,"Action, Comedy, Fantasy, Episodic, Supernatural, Original Work",3.45,2012.0,,'No synopsis yet - check back soon!',,Kyousougiga,Kyousougiga (2011),"Koto : Rie Kugimiya, A : Noriko Hidaka, Doctor Shouko : Chiwa Saitou, Monk, Myoue : Kenichi Suzumura, Un : Ryouko Shiraishi, White Tiger Snow, Yase : Eri Kitamura, Rie Matsumoto
Director, Gou Shiina
Music, Yuuki Hayashi
Character Design","Rie Matsumoto : Director, Gou Shiina : Music, Yuuki Hayashi : Character Design"
Lagrange: The Flower of Rin-ne - Kamogawa Memoria, Rinne no Lagrange: Flower Declaration of Your Heart: Kamogawa Memoria,TV Sp,,XEBEC,,Recap,3.45,2012.0,,'No synopsis yet - check back soon!',,"Rinne no Lagrange: Akatsuki no Memoria, Rinne no Lagrange: Flower Declaration of Your Heart","Lagrange: The Flower of Rin-ne, Lagrange: The Flower of Rin-ne Picture Drama, Lagrange: The Flower of Rin-ne - Season 2, Lagrange: The Flower of Rin-ne - Kamogawa Days, Lagrange: The Flower of Rin-ne - Season 2 Picture Drama","Lan, Madoka Kyouno, Muginami, Array, Astelia Lizamarie De Rochefort, Shouzou Tadokoro, Youko Nakaizumi",
Girls und Panzer: Fushou - Akiyama Yukari no Sensha Kouza, Girls und Panzer: Akiyama Yukari's Tank Course,DVD S,,Actas,,"Educational, Military, Original Work",3.45,2012.0,2013.0,'No synopsis yet - check back soon!',,"Girls und Panzer: Little Army, Girls und Panzer (Light Novel), Girls und Panzer: Comic Anthology, Girls und Panzer: Gekitou! Maji no Ikusa Desu!!, Girls und Panzer: Little Army II, Girls und Panzer: 4-koma Anthology Comic, Girls und Panzer: Saishuushou - Keizoku Koukou Harapeko Shokujidou, Girls und Panzer: Avanti! Anzio Koukou","Girls und Panzer, Girls und Panzer: Fushou - Akiyama Yukari no Sensha Kouza - Extra","Yukari Akiyama : Ikumi Nakagami, Akebi Sasaki : Sakura Nakamura, Alisa : Aya Hirano, Ami Chouno : Hekiru Shiina, Anzu Kadotani : Misato Fukuen, Assam, Aya Oono : Akina, Ayumi Yamago : Nozomi Nakazato",
Asura,,Movie,,Toei Animation,,"Action, Drama, Seinen, 15th Century, Feudal Japan, Poverty, Based on a Manga, CG Animation, Cannibalism,, Mature Themes,, Nudity,, Physical Abuse",3.45,2012.0,,"""In a mid-15th century Kyoto ravaged by successive waves of floods, drought, and famine, Asura was left to fend for himself in the wilderness as an infant and grew up into an axe-wielding child surviving on both animal and human flesh. Asura's life took a turn when he became acquainted with Wakasa, a young village girl who taught Asura words and drew out semblances of empathy from within him. Yet Asura's peaceful moments with Wakasa would not last long, as famine began to take its toll on Wakasa's village.""","Cannibalism,, Mature Themes,, Nudity,, Physical Abuse",Asura (George AKIYAMA),,"Asura : Satomi Koorogi, Houshi : Kinya Kitaooji, Jitou : Tesshou Genda, Shichirou : Hiroaki Hirata, Wakasa : Megumi Hayashibara, Fujino : Kaori Yamagata, Gisuke : Bin Shimada, Kabo : Yumiko Kobayashi, George Akiyama
Original Creator, Keiichi Satou
Director, Yoshihiro Ike
Music, Susumu Ueda
Music, Norihito Sumitomo
Music, Yukitoshi Houtani
Character Design, Yoshiyuki Ikezawa
Producer","George Akiyama : Original Creator, Keiichi Satou : Director, Yoshihiro Ike : Music, Susumu Ueda : Music, Norihito Sumitomo : Music, Yukitoshi Houtani : Character Design, Yoshiyuki Ikezawa : Producer"
Kikuo: Soshite Kimi wa Tsuki ni Natta, Kikuo: And Then You Became The Moon,Music,,,,Vocaloid,3.45,2012.0,,"'The official music video for the Vocaloid song\xa0Soshite Kimi wa Tsuki ni Natta, by the producer Kikuo.'",,,,"Si_Ku.K
Director, Kikuo
Producer & Song Composition, Miku Hatsune
Song Performance","Si_Ku.K : Director, Kikuo : Producer & Song Composition, Miku Hatsune : Song Performance"
Hiiro no Kakera: The Tamayori Princess Saga, Hiiro no Kakera: Tamayori Hime Kitan,TV   ,13.0,Studio DEEN,Spring,"Fantasy, Reverse Harem, Romance, Supernatural, Based on an Otome Game, Based on a Visual Novel",3.44,2012.0,,"""When Tamaki is attacked by creatures believed only to exist in myths, she's rescued by a young man who is not only part demon but also her future classmate! Moreover, he is part of a group of protectors that Tamaki will need if she is going to fulfill her destiny as a Tamayori princess--a destiny no one told her about! To add to the chaos, Tamaki is fresh meat at a new high school and has to learn to deal with some very, very old school problems in Hiiro no Kakera ~ The Tamayori Princess Saga!""",,Hiiro no Kakera: Mezame no Toki,"Hiiro no Kakera: The Tamayori Princess Saga 2, Hiiro no Kakera Taizen: Totsugeki! Tonari no Ikemens","Mahiro Atori : Kousuke Okano, Shinji Inukai : Hiroki Shimowada, Suguru Oomi : Daisuke Hirakawa, Takuma Onizaki : Tomokazu Sugita, Tamaki Kasuga : Marie Miyake, Yuuichi Komura : Daisuke Namikawa, Aria Rosenberg : Tomomi Isomura, Drei : Youji Ueda, Bob Shirohata
Director, Masumi Itou
Music, Naoyuki Onda
Character Design & Chief Animation Director, Nobumitsu Urasaki
Producer, Shigeru Saitou
Producer, Kousaku Sakamoto
Producer, Hiroaki Tsunoda
Producer, Kozue Kaneniwa
Producer","Bob Shirohata : Director, Masumi Itou : Music, Naoyuki Onda : Character Design & Chief Animation Director, Nobumitsu Urasaki : Producer, Shigeru Saitou : Producer, Kousaku Sakamoto : Producer, Hiroaki Tsunoda : Producer, Kozue Kaneniwa : Producer"
"So, I Can't Play H!"," Dakara Boku wa, H ga Dekinai.",TV   ,12.0,feel.,Summer,"Action, Comedy, Ecchi, Fantasy, Harem, Shinigami, Supernatural, Based on a Light Novel, Nudity",3.44,2012.0,,"""Self-proclaimed, proud pervert Ryousuke loves women – to him, their butts and breasts are a 'treasure box' of joy for all men. So when the boy spots a fiery-haired girl standing in the rain one day, he invites her to his house – but he didn't expect to be stabbed with a magical sword in return! The girl, Lisara, is actually a high-level shinigami who must absorb the spiritual powers of others to survive in the human world. Until she can find a genius with enormous expendable energy, she's decided to form a contract with Ryousuke, but unfortunately for the busty babe, the horny teen's mojo is fueled only through his constant perversion. While looking for Lisara's true prize, the two must deal with other well-endowed shinigami and other foes alike, all while trying to maintain a 'typical' school life together.""",Nudity,"So, I Can't Play H! (Light Novel), So, I Can't Play H!, So, I Can't Play H! Caesar no Bonnou","So, I Can't Play H! Recap, So, I Can't Play H! OVA","Lisara Restall : Aya Endou, Ryousuke Kaga : Hiro Shimono, Iria Fukumune : Misato Fukuen, Mina Oukura : Kaori Ishihara, Quele Sellier : Arisa Nishiguchi, Almeia Restall, Caesar, Dalnia Earhart, Takeo Takahashi
Director, Cheru Watanabe
Music, Kanetoshi Kamimoto
Character Design, Mitsutoshi Ogura
Producer, Tomoko Kawasaki
Producer, Hiromasa Minami
Producer, Takashi Tachizaki
Producer, Shigeru Saitou
Producer","Takeo Takahashi : Director, Cheru Watanabe : Music, Kanetoshi Kamimoto : Character Design, Mitsutoshi Ogura : Producer, Tomoko Kawasaki : Producer, Hiromasa Minami : Producer, Takashi Tachizaki : Producer, Shigeru Saitou : Producer"
The Window (2012), Chang,Movie,,Studio Dadashow,,"Drama, Korean Animation, Military, Thriller",3.44,2012.0,,"""Sergeant Jeong Cheol-min's squad are staying indoors a corroded stockroom renovated without windows. His squad is well known for their hardworking members until counselor Hong Yeong-soo comes in. Jeong Cheol-min does all he can to make Hong Yeong-soo the right man for his squad and the army requires him to. However, private Hong Yeong-soo doesn't adjust to the surroundings and causes trouble. Jeong Cheol-min starts using violence on him and Hong tries to kill himself. Then the army changes rapidly and corners Jeong Cheol-min and his crew as the attackers.""",,,,"Sang-Ho Yeon
Director",Sang-Ho Yeon : Director
Wonderful Rush,,Music,,,,Idols,3.44,2012.0,,'No synopsis yet - check back soon!',,"Love Live!, Love Live! Sunshine!! Maru no Yon Koma","Bokura no Live Kimi to no Life, Love Live! School Idol Project 2 Recap, Mitaiken Horizon, A song for You! You? You!!","Eli Ayase : Yoshino Nanjou, Hanayo Koizumi : Yurika Kubo, Honoka Kousaka : Emi Nitta, Kotori Minami : Aya Uchida, Maki Nishikino : Pile, Nico Yazawa : Sora Tokui, Nozomi Toujou : Aina Kusuda, Rin Hoshizora : Riho Iida",
Monchicchiisu,,TV   ,20.0,,,"Animal Protagonists, Family Friendly, Non-Human Protagonists, Short Episodes, CG Animation",3.44,2012.0,2013.0,'No synopsis yet - check back soon!',,,Futago no Monchhichi,,
mothy: Akutoku no Judgment, mothy: Judgment of Corruption,Music,,,,Vocaloid,3.44,2012.0,,'No synopsis yet - check back soon!',,,mothy: Nanatsu no Tsumi to Batsu,"Kaito, Miku Hatsune, Mothy
Producer",Mothy : Producer
Ixion Saga: Dimension Transfer,,TV   ,25.0,Brain's Base,Fall ,"Action, Comedy, Fantasy, Isekai, Person in a Strange World, Based on a Video Game",3.43,2012.0,2013.0,"'Kon is a normal teenage boy who is spends his time playing a MMRPG where he is going nowhere, that is, until a girl in the game asks him for his help in the ""real world"" and he agrees. Then he does go somewhere - where, he isn\'t sure, but it is a fantasy setting much like the game, though nothing looks familiar. He saves a princess and her followers upon his arrival from the sky, when he lands squarely upon the leader of the group threatening them. He ends up joining the princess\'s group as he searches for a way back to his own world.'",,"Ixion Saga ED, Ixion Saga: Touzoku no Youhei-dan (Light Novel)",,"Ecarlate : Shiori Mikami, Erecpyle Dukakis : Hiroshi Kamiya, Kon Hokaze : Takuya Eguchi, Mariandale : Jun Fukuyama, Pet : Yoshimasa Hosoya, Sainglain : Kazuya Nakai, Almaflora : Ryouko Shintani, Gustave : Kenichi Suzumura, Shinji Takamatsu
Director, Junpei Fujita
Music, Hitoshi Fujima
Music, Shinji Takeuchi
Character Design, Kazuaki Morijiri
Producer, Mika Shimizu
Producer, Youko Kawahara
Producer, Rie Matsubara
Editor","Shinji Takamatsu : Director, Junpei Fujita : Music, Hitoshi Fujima : Music, Shinji Takeuchi : Character Design, Kazuaki Morijiri : Producer, Mika Shimizu : Producer, Youko Kawahara : Producer, Rie Matsubara : Editor"
Jin: Konoha no Sekai Jijou,,Music,,,,Vocaloid,3.43,2012.0,,'No synopsis yet - check back soon!',,,,"Konoha, Azami, Hibiya Amamiya, Hiyori Asahina, Ayaka Tateyama, Ayano Tateyama, Ene, Kousuke Seto, Jin
Producer",Jin : Producer
Smile Pretty Cure!, Glitter Force,TV   ,48.0,Toei Animation,Winter,"Action, Magical Girl, Family Friendly, Henshin Heroes, Magic, Monster-of-the-week, Sentai, Superheroes, Tokusatsu",3.43,2012.0,2013.0,"'Somewhere in the universe there exists a place called Märchenland, where characters from fairy tales mingled together. Near the corner of Märchenland exists a world called Bad End Kingdom, where the antagonists of all fairy tales gathered. However, the Evil Emperor Pierrot of the Bad End Kingdom decided to invade the country and sealed away its Queen, while his minions traveled to Earth to collect Bad Energy and give the whole world the ""Worst Ending"". In order for the Queen to be revived and prevent the ""Worst Ending"" from happening, Candy, a fairy from Märchenland must gather the 5 legendary warriors called Pretty Cures to collect the Cure Décor, tokens of happiness that has been stolen and hidden away during the kingdom\'s attack. To gather them, Candy follows the 5 Beams of Light to Earth and it\'s there that she meets Miyuki Hoshizora, a transfer student from Nanairogaoka Middle School, who is already running late on her first day of class...'",,"Futari wa Precure, Futari wa Pretty Cure: Splash Star, Eiga: Futari wa Pretty Cure Splash Star - Chikutaku Kiki Ippatsu!, Smile Pretty Cure!, Kirakira Precure à la Mode","Pretty Cure All Stars New Stage: Mirai no Tomodachi, Smile Pretty Cure! Movie: Ehon no Naka wa Minna Chiguhagu!, Pretty Cure All Stars New Stage 3: Eien no Tomodachi, Pretty Cure All Stars: Haru no Carnival♪, Pretty Cure All Stars: Minna de Utau♪ Kiseki no Mahou!, Hugtto! Pretty Cure x Futari wa Pretty Cure Movie: All Stars Memories","Akane Hino : Asami Tano, Candy : Ikue Ootani, Miyuki Hoshizora : Misato Fukuen, Nao Midorikawa : Marina Inoue, Reika Aoki : Chinami Nishimura, Yayoi Kise : Hisako Kanemoto, Akaooni : Hiroshi Iwasaki, Majorina : Miina Tominaga, Atsutoshi Umezawa
Producer, Reiko Sasaki
Producer, Sawako Yamamoto
Key Animator, Eiji Abiko
Key Animator","Atsutoshi Umezawa : Producer, Reiko Sasaki : Producer, Sawako Yamamoto : Key Animator, Eiji Abiko : Key Animator"
Recorder and Randsell Re, Recorder to Randoseru Re♪,TV   ,13.0,Seven,Spring,"Comedy, Seinen, Slice of Life, School Life, Short Episodes, Siblings, Based on a 4-Koma Manga, Based on a Manga",3.43,2012.0,,"'Atsushi and Atsumi are back for more misunderstandings and eventful school days! Atsushi can’t help but continue to get arrested for hanging out with young Hina, Sayo finally learns the truth about Atsumi’s brother’s age and struggles with her feelings for him, the siblings and their parents visit a hot springs resort, and everybody has a good time at a family relay race. Even with their differing sizes, the two always manage to have fun from day to day.'",,Recorder and Randsell,"Recorder and Randsell, Recorder and Randsell OVA, Recorder and Randsell Mi, Recorder and Randsell Mi Special","Atsumi Miyagawa : Rie Kugimiya, Atsushi Miyagawa : Ryotaro Okiayu, Futami Moriyama : Tomoe Tamiyasu, Hina Soejima : Aya Uchida, Sayo : Aya Hirano, Takumi : Aya Gouda, Tetsuya : Yoshino Nanjou, Atsushi'S Father : Tomohisa Hashizume, Meme Higashiya
Original Creator, Hiroshi Kimura
Director, Takaaki Anzai
Music, Naruse Takahashi
Character Design, Tomio Yamauchi
Storyboard","Meme Higashiya : Original Creator, Hiroshi Kimura : Director, Takaaki Anzai : Music, Naruse Takahashi : Character Design, Tomio Yamauchi : Storyboard"
Symphogear, Senki Zesshou Symphogear,TV   ,,Encourage Films,Winter,"Action, Drama, Sci Fi, Music, Superpowers, Original Work, Mature Themes,, Physical Abuse,, Violence",3.43,2012.0,,"'In a world where aliens known as ""The Noise"" threaten the earth, only one thing can protect the human race: the magical armor Symphogear. But in order to save their world, the Symphogear wearers will have to learn from the tragedies of the past.'","Mature Themes,, Physical Abuse,, Violence","Senki Zesshou Symphogear, Senki Zesshou Symphogear GX Anthology Comic: Manga de Zesshou Symphogear","Symphogear G, Symphogear GX, Symphogear AXZ, Symphogear XV","Hibiki Tachibana : Aoi Yuuki, Tsubasa Kazanari : Nana Mizuki, Chris Yukine : Ayahi Takagaki, Genjuurou Kazenaru : Hideo Ishikawa, Miku Kohinata : Yuka Iguchi, Ryouko Sakurai : Miyuki Sawashiro, Aoi Tomosato : Asami Seto, Defense Minister Hiroki, Tatsufumi Itou
Director, Noriyasu Agematsu
Music, Junpei Fujita
Music, Hitoshi Fujima
Music, Satoshi Koike
Character Design, Tsuyoshi Oda
Producer, Keisuke Hori
Producer, Yuusuke Morii
Producer","Tatsufumi Itou : Director, Noriyasu Agematsu : Music, Junpei Fujita : Music, Hitoshi Fujima : Music, Satoshi Koike : Character Design, Tsuyoshi Oda : Producer, Keisuke Hori : Producer, Yuusuke Morii : Producer"
Best Care Group,,Other,,,,"Slice of Life, Aging, No Dialogue, Promotional, Short Episodes",3.42,2012.0,2014.0,'No synopsis yet - check back soon!',,,,"Yuka Imabayashi
Director, Maya Asakura
Director, Masahiko Adachi
Director","Yuka Imabayashi : Director, Maya Asakura : Director, Masahiko Adachi : Director"
Little Charo: Touhoku-hen,,TV   ,12.0,Spring 2012,,"Slice of Life, Animal Protagonists, Dogs, Family Friendly, Non-Human Protagonists, Short Episodes",3.42,2012.0,,"'Charo will venture around Touno, Iwate, a city in Japan\'s Tohoku (Northeast) region, attempting to find the ""Eight-Starred Note"" in order to prevent the reappearance of the Tenaga-Ashinaga monster of local legend.'",,,"Little Charo, Little Charo 2, Little Charo 4: New York Again",Charo,
Kabushikigaisha OPT Shinsotsu Saiyou Movie,,Web  ,1.0,,,"Coworkers, Promotional, Work Life",3.42,2012.0,,'No synopsis yet - check back soon!',,,,"Kousuke Sugimoto
Director",Kousuke Sugimoto : Director
Starship Troopers: Invasion,,Movie,,Sola Digital Arts,,"Action, Sci Fi, Aliens, Insects, Military, War, Based on a Novel, CG Animation, Explicit Violence,, Nudity",3.42,2012.0,,"'After a successful mission a squad of Troopers is recruited by General Johnny Rico to find the missing ship JOHN A. WARDEN, who was commandeered by Dr. Carl Jenkins for a classified Mission. Accompanied by her captain Carmen Ibanez. The Troopers find that the mission was much more dangerous than anyone thought. And The threat of the bugs is about to hit home.'","Explicit Violence,, Nudity",,"Starship Troopers, Starship Troopers: Traitor of Mars","Carmen Ibanez, Carl Jenkins, Juan Rico, Otis Hacks, Ratzass, Chase, Chow, Crysoch, Shinji Aramaki
Director, Tetsuya Takahashi
Music, Masaki Yamada
Character Design","Shinji Aramaki : Director, Tetsuya Takahashi : Music, Masaki Yamada : Character Design"
Pokemon: Black & White - Rival Destinies, Pokemon Best Wishes! Season 2,TV   ,24.0,OLM,Summer,"Adventure, Fantasy, Elemental Powers, Family Friendly, Monsters, Proxy Battles, Based on a Video Game",3.41,2012.0,2013.0,"'Having earned\xa0his final gym badge for entry into the Unova League Championship, Ash is eager to prove he has what it takes to win. But as the event is still several months away, he and the gang head\xa0to East Unova to continue their adventure and participate in the World Championship Junior Cup Tournament. Along the way they meet a new friend, a Pokemon named Melloetta, who travels with the group and cheers them on from the sidelines. But little do they know that Team Rocket is still on the move, and they have their sights set on Melloetta and its mysterious song...'",,"Pokemon: Machamp's 24-Hour Champ Police!, Pokemon: The Electric Tale of Pikachu, Pokémon Adventures, Magical Pokemon Journey, Pokemon Getto da ze!, Pokémon: Diamond and Pearl Adventure!, Pokemon Mystery Dungeon: Ginji's Rescue Team, Pokemon Ranger, Pokemon Ranger and the Temple of the Sea, Pokemon: The Rise of Darkrai, Pokemon Diamond Pearl: Regigigas Hokaku Daisakusen!!, Pokemon Ranger Batonnage, Kaitou! Pokemon 7, Pokemon: Giratina & the Sky Warrior!, Pokémon: Arceus and the Jewel of Life, Pokemon ReBURST, Pokemon the Movie: White - Victini and Zekrom, Pokemon + Nobunaga no Yabou - Ranse Iroemaki, Pokémon: Diancie and the Cocoon of Destruction, Pokémon: Omega Ruby & Alpha Sapphire, Pokemon the Movie: Hoopa and the Clash of Ages, Pokemon the Movie XY&Z: Volcanion to Karakuri no Magiana, Pokemon Horizon: Sun & Moon, Pokémon: Sun & Moon, Pokemon the Movie: I Choose You! Remix, Pokémon the Movie: I Choose You!","Pokemon, Pokemon Advanced, Pokemon: Pichu Bros. in Party Panic, Pokemon: Gotta Dance!, Pokemon Movie 6: Jirachi Wish Maker, Pokemon Movie 7: Destiny Deoxys, Pokemon: Pikachu's Summer Festival, Pokemon Movie 8: Lucario and The Mystery of Mew, Pokemon: Pikachu's Ghost Carnival, Pokemon Movie 9: Pokemon Ranger and the Temple of the Sea, Pokemon: Pikachu's Island Adventure, Pokemon: Diamond & Pearl, Pokemon Movie 10: The Rise of Darkrai, Pokemon: Pikachu Tanken Club, Pokemon Mystery Dungeon: Explorers of Time and Darkness, Pokemon Movie 11: Giratina and the Sky Warrior, Pokemon: Pikachu's Great Ice Adventure, Pokemon Movie 12: Arceus and the Jewel of Life, Pokemon: Pikachu's Great Sparking Search, Pokemon Movie 13: Zoroark - Master of Illusions, Pokemon: Pikachu's Big Mysterious Adventure, Pokemon: Black & White, Pokemon Movie 14: Black - Victini and Reshiram, Pokemon Movie 14: White - Victini and Zekrom, Pokemon Black Version 2 and White Version 2, Pokemon: Utae Meloetta - Rinka no Mi wo Sagase!, Pokemon Movie 15: Kyurem vs. The Sword of Justice, Pokemon: Meloetta's Moonlight Serenade, Pokemon: Black & White: Adventures in Unova, Pokemon: Black & White: Adventures in Unova and Beyond, Pokemon: Mewtwo - Prologue to Awakening, Pokemon Movie 16: Genesect and the Legend Awakened, Pokemon: Eevee and Friends, Pokemon XY Special: Road to Kalos, Pokemon XY, Pokemon XY: Mega Evolution, Pokemon XY: Sora no Hahen, Pokemon: Diancie, Princess of the Diamond Domain, Pokemon Movie 17: Diancie and the Cocoon of Destruction, Pokemon: Hoopa, The Mischief Pokemon, Pokemon XY&Z, Pokemon Sun & Moon, Pokemon Journeys","Ash Ketchum : Rica Matsumoto, Ash'S Pikachu : Ikue Ootani, Cilan : Mamoru Miyano, Iris : Aoi Yuuki, Burgundy : Ikumi Hayama, Cynthia : Tomo Sakurai, Dawn : Megumi Toyoguchi, Dawn'S Piplup : Etsuko Kozakura, Kunihiko Yuyama
Director, Shinji Miyazaki
Music, Toshiya Yamada
Character Design, Shunya Yamada
Character Design, Shigehiro Tanaka
Producer","Kunihiko Yuyama : Director, Shinji Miyazaki : Music, Toshiya Yamada : Character Design, Shunya Yamada : Character Design, Shigehiro Tanaka : Producer"
Infinity Nado, Zhandou Wang Zhi Jufeng Zhan Hun,TV   ,52.0,,,"Chinese Animation, Proxy Battles, Tournaments",3.41,2012.0,2013.0,"'Dawn and Athas find a mysterious sleeping boy, Pandora, who suffers from amnesia after he comes around. When Pandora just arrives at Freewheel Town, he becomes the chasing target of an organization called Ancient Hunter Group, which demands of him to carry out the ""Great Mission"". Under the attack of Jin and his friends, Ancient Hunter Group is temporarily repelled. With the assistance of Jin and his friends, Pandora gradually gets used to life in this world and his skill on top is much improved.Can Pandora regain his memories? What is his ""Great Mission""? The story will tell you......'",,,"Infinity Nado 2, Infinity Nado 3","Jin, Bill King, Cecilia, Davis, Dawn, Eli, Keel King, Lynn King",
Natsuiro Kiseki: 15-kaime no Natsuyasumi, Natsuiro Kiseki: Our 15th Summer Vacation,OVA  ,1.0,Sunrise,,"Slice of Life, Shorts",3.41,2012.0,,'No synopsis yet - check back soon!',,Natsuiro Kiseki,Natsuiro Kiseki,"Natsumi Aizawa, Rinko Tamaki, Saki Mizukoshi, Yuka Hanaki",
Lagrange: The Flower of Rin-ne - Season 2 Picture Drama, Rinne no Lagrange: Flower Declaration of Your Heart - Season 2 Picture Drama,DVD S,,XEBEC,,"Comedy, Picture Drama",3.41,2012.0,2013.0,'No synopsis yet - check back soon!',,"Rinne no Lagrange: Akatsuki no Memoria, Rinne no Lagrange: Flower Declaration of Your Heart","Lagrange: The Flower of Rin-ne, Lagrange: The Flower of Rin-ne Picture Drama, Lagrange: The Flower of Rin-ne - Season 2, Lagrange: The Flower of Rin-ne - Kamogawa Days, Lagrange: The Flower of Rin-ne - Kamogawa Memoria","Lan, Madoka Kyouno, Muginami, Array, Astelia Lizamarie De Rochefort, Grania, Hiroshi Nakaizumi, Izo",
Thermae Romae Specials,,DVD S,,DLE,,"Comedy, Seinen, Historical, Based on a Manga",3.41,2012.0,,'No synopsis yet - check back soon!',,Thermae Romae,"Thermae Romae x Asahi Shimbun Digital Collaboration, Thermae Romae x LOFT Collaboration, Thermae Romae, Thermae Romae: Kodai Romajin ga Uchuu e, Thermae Romae x TOTO Collaboration, Thermae Romae x Yoyogi Animation Gakuin Collaboration","Lucius Modestus, Azuma Tani
Director",Azuma Tani : Director
Picchipichi Shizuku-chan,,TV   ,52.0,Asahi Production,Fall ,"Comedy, Fantasy, Family Friendly",3.41,2012.0,2013.0,'No synopsis yet - check back soon!',,,"Pururun! Shizuku-chan, Pururun! Shizuku-chan Aha","Aseo-Kun : Yasuhiko Kawazu, Koron-Kun : Makoto Yasumura, Miku-Chan : Sayuri Hara, Mirumiru-Chan :  Sayaka Narita, Namida-Kimi : Makoto Ishii, Shizuku-Chan : Miyako Ito, Uruoi-Chan : Ryouka Yuzuki, Kenjirou Okada
Producer",Kenjirou Okada : Producer
Yurumates 3D Plus: Natsuyasumi Maison du Wish Report,,DVD S,,,,"Comedy, Chibi, Based on a 4-Koma Manga, Based on a Manga",3.41,2012.0,,'No synopsis yet - check back soon!',,,Yurumates 3D Plus,"Kumi Tanaka, Matsukichi, Sae Kawano, Sae'S Sister, Yurume Aida",
Maeda Jun x Yanagi Nagi: Muteki no Soldier,,Music,,,,Assassins,3.41,2012.0,,'No synopsis yet - check back soon!',,,,"Jun Maeda
Music, Nagi Yanagi
Music","Jun Maeda : Music, Nagi Yanagi : Music"
Jin: Toumei Answer,,Music,,,,"Romance, Black and White, Vocaloid",3.41,2012.0,,'No synopsis yet - check back soon!',,,,"Jin
Producer",Jin : Producer
Ray: Nagi,,Music,,P.A. WORKS,,Original Work,3.4,2012.0,,'No synopsis yet - check back soon!',,,A Lull in the Sea,"Ray
Song Performance, Mami Kawada
Song Lyrics, Tomoyuki Nakazawa
Song Composition","Ray : Song Performance, Mami Kawada : Song Lyrics, Tomoyuki Nakazawa : Song Composition"
The Vision of Escaflowne Recaps, Tenkuu no Escaflowne Recaps,DVD S,,,,Recap,3.4,2012.0,,'No synopsis yet - check back soon!',,The Vision of Escaflowne,The Vision of Escaflowne,,
Natsuiro Kiseki,,TV   ,12.0,Sunrise,Spring,"Drama, Fantasy, Slice of Life, Animeism, Countryside, Magic, Original Work",3.4,2012.0,,"""Natsumi, Saki, Yuka, and Ringo are best friends. They've grown up in an old agricultural town, experiencing everything together, both happy and sad. But one summer, they are visited by a miracle.""",,Natsuiro Kiseki,Natsuiro Kiseki: 15-kaime no Natsuyasumi,"Natsumi Aizawa : Minako Kotobuki, Rinko Tamaki : Aki Toyosaki, Saki Mizukoshi : Ayahi Takagaki, Yuka Hanaki : Haruka Tomatsu, Daiki Aizawa : Kei Shindou, Takashi Sano : Mamoru Miyano, Akira, Asano, Seiji Mizushima
Director, Ryuichi Kimura
Assistant Director & Episode Director & Storyboard, Masumi Itou
Music, Akito Matsuda
Music, Yuuichi Tanaka
Character Design, Shigemi Ikeda
Art Director, Hiroo Maruyama
Producer, Ryou Ooyama
Producer","Seiji Mizushima : Director, Ryuichi Kimura : Assistant Director & Episode Director & Storyboard, Masumi Itou : Music, Akito Matsuda : Music, Yuuichi Tanaka : Character Design, Shigemi Ikeda : Art Director, Hiroo Maruyama : Producer, Ryou Ooyama : Producer"
EGOIST: PLANETES,,Music,,Production I.G,,,3.4,2012.0,,"""Official music video for Guilty Crown: Lost Christmas'\xa0ending theme PLANETES, performed by EGOIST.""",,,Guilty Crown: Lost Christmas,"Inori Yuzuriha, Shuu Ouma, Ayase Shinomiya, Gai Tsutsugami, Hare Menjou, Tsugumi, Arisa Kuhouin, Arugo, Egoist
Song Performance",Egoist : Song Performance
Kara no Tamago, A Wind Egg,Movie,,,,"Abstract, Shorts",3.4,2012.0,,'No synopsis yet - check back soon!',,,,"Ryo Okawara
Director",Ryo Okawara : Director
Mikito-P: Ii Aru Fanclub, Mikito-P: 12funclub,Music,,,,Vocaloid,3.4,2012.0,,'No synopsis yet - check back soon!',,Ii Aru Fanclub,,"Gumi, Rin Kagamine, Mikito-P
Producer",Mikito-P : Producer
Aimer: Yuki no Furu Machi,,Music,,,,Stop Motion Animation,3.4,2012.0,,"'The official music video for Yuki no Furu Machi, by Aimer.'",,,,"Masakazu Fukatsu
Director, Go Matsuda
Director, Aimer
Song Performance","Masakazu Fukatsu : Director, Go Matsuda : Director, Aimer : Song Performance"
Zhu Zhu Xia: Xingfu Jiuyuan Dui, GG Bond Season 6: Rescue Crew Comes,TV   ,52.0,,,"Animal Protagonists, Anthropomorphic, Chinese Animation, Family Friendly, Non-Human Protagonists, Pigs, CG Animation",3.39,2012.0,,"'Fairy tales always end up with happiness, but our stories just start when things change. GG Bond and his friends resolve all these crises with their wisdom, courage and love and restore the happiness in the fairy tale. Brimmed with fun and laugh, this series would be really appreciated by kids and their families.'",,,"Zhu Zhu Xia: Da Nao Huang Gong, Zhu Zhu Xia: Mo Huan Zhu Luo Ji, Zhu Zhu Xia: Wu Xia 2008, Zhu Zhu Xia: Yong Chuang Weilai Cheng, Bai Bian Zhu Zhu Xia, Zhu Zhu Xia: Jimu Shijie De Tong Hua, Zhu Zhu Xia Movie 1: Jiong Jiong Wei Ji, Zhu Zhu Xia: Bian Shen Xiao Ying Xiong, Zhu Zhu Xia: Bian Shen Zhandu, Zhu Zhu Xia Movie 2: Yong Chuang Juren Dao, Zhu Zhu Xia: Bai Bian Lian Meng, Zhu Zhu Xia Movie 3: Zhong Ji Jue Zhan, Zhu Zhu Xia Movie 3: Zhong Ji Jue Zhan - Qian Ye Pian, Zhu Zhu Xia: Wu Ling Shou Wei Zhe, Zhu Zhu Xia: Guang Ming Shou Wei Zhe, Zhu Zhu Xia: Meng Xiang Shou Wei Zhe, Zhu Zhu Xia: Fan Wai - Pin Zhuang Tegong Dui, Zhu Zhu Xia Movie 4: Ying Xiong Zhu Shao Nian, Zhu Zhu Xia: Chao Xing Meng Chong, Zhu Zhu Xia: Jing Qiu Xiao Yingxiong, Zhu Zhu Xia: Konglong Riji, Zhu Zhu Xia Movie 5: Bukesiyi de Shijie, Zhu Zhu Xia: Jing Su Xiao Yingxiong",,
Code:Breaker OVA,,OVA  ,3.0,Kinema Citrus,,"Action, Comedy, Shounen, Slice of Life, Supernatural, Superpowers, Based on a Manga",3.39,2012.0,2013.0,'No synopsis yet - check back soon!',,Code:Breaker,Code:Breaker,"Rei Oogami : Nobuhiko Okamoto, Sakura Sakurakouji : Youko Hikasa, Toki Fujiwara : Kenichi Suzumura, Masaomi Heike : Subaru Kimura, Nyanmaru : Kanae Itou, Puppy, Rui Hachiouji : Mitsuki Saiga, Yuuki Tenpouin : Toshiyuki Toyonaga, Akimine Kamijyo
Original Creator, Yasuhiro Irie
Director, Takayuki Hattori
Music, Yukie Akiya
Character Design, Katsumi Koike
Producer, Kensuke Tateishi
Producer, Motoki Mukaichi
Producer, Nobuyuki Nakamura
Producer","Akimine Kamijyo : Original Creator, Yasuhiro Irie : Director, Takayuki Hattori : Music, Yukie Akiya : Character Design, Katsumi Koike : Producer, Kensuke Tateishi : Producer, Motoki Mukaichi : Producer, Nobuyuki Nakamura : Producer"
Hiyokoi (2012),,TV Sp,,Production I.G,,"Romance, Shoujo, Short Episodes, Based on a Manga",3.39,2012.0,,'No synopsis yet - check back soon!',,Hiyokoi,Hiyokoi,"Hiyori Nishiyama : Iori Nomizu, Yuushin Hirose : Yuuki Ono, Kisaki Tominaga, Miyoko Mitani, Ritsuka Nakano, Tanaka, Moe Yukimaru
Original Creator",Moe Yukimaru : Original Creator
Puka Puka Juju,,Movie,,The Answer Studio,,"Fantasy, Anime Tamago, Family Friendly, Shorts, Original Work",3.39,2012.0,,"'Little Mika has been waiting to go to the beach with her father all summer, but every time they’re about to head out the door he receives an important call from work and has to reschedule. This time though, they’re definitely going – Mika even picks out an inflatable dugong floatie for her dad because he can’t swim. But right when they’re getting into the car, the usual occurs. Disappointed, Mika is now forced to play in a kiddie pool in the backyard instead of the ocean, but it’s not so bad – especially when the plastic dugong comes to life!'",,,,"Juju : Kikumi Umeda, Mika : Emiri Katou, Papa : Kenta Miyake, Lady Mimika : Kaori Mizuhashi, Mama : Akemi Okamura, Baby, Kame Jiiya : Rokuro Naya, Hiroshi Kawamata
Director, Suzuki Kaiho
Character Design","Hiroshi Kawamata : Director, Suzuki Kaiho : Character Design"
Thermae Romae,,TV Sp,,DLE,,"Comedy, Seinen, Gag, Historical, Italy, noitaminA, Time Travel, Based on a Manga",3.39,2012.0,,"""In ancient Rome, renowned architect Lucius is down on his luck. He has been fired because his style of buildings is unfashionable, and all the bathhouses in the city are noisy, boisterous places that no longer prioritize relaxation. To get some peace and quiet, he sinks below the surface of the water, the only place where his fellow bathers' chatter can't reach him, but a powerful drain pulls him into the depths! Upon emerging, he finds himself in a vastly different bathhouse, and though the architect believes it's just the slaves' quarter, he's actually been pulled through time to modern-day Japan! Now, armed with knowledge of these strange new baths, Lucius is determined to restore his reputation and revolutionize the Roman bathing culture!""",,Thermae Romae,"Thermae Romae x Asahi Shimbun Digital Collaboration, Thermae Romae x LOFT Collaboration, Thermae Romae Specials, Thermae Romae: Kodai Romajin ga Uchuu e, Thermae Romae x TOTO Collaboration, Thermae Romae x Yoyogi Animation Gakuin Collaboration, REACH x Thermae Romae: Pietrada no Kekkon, Thermae Romae Novae","Lucius Modestus : Frogman, Marcus Pietoras : Hiroki Touchi, Consul Lepidus : Hiroshi Shirokuma, Hadrian : Akio Ootsuka, Mami Yamaguchi : Kana Ueda, Narrator : Asa Ueno, Old Man : Hiroki Gotou, Onsen No Oyaji : Naoya Uchida, Mari Yamazaki
Original Creator, Azuma Tani
Director, Toshimitsu Takechi
Character Design, Takeshi Shimokawa
Producer","Mari Yamazaki : Original Creator, Azuma Tani : Director, Toshimitsu Takechi : Character Design, Takeshi Shimokawa : Producer"
Tiger & Bunny Recaps,,OVA  ,2.0,Sunrise,,"Action, Comedy, Sci Fi, Superheroes, Superpowers, Original Work",3.39,2012.0,2013.0,'No synopsis yet - check back soon!',,"Tiger & Bunny, Tiger & Bunny Comic Anthology, Tiger & Bunny - The Comic, Tiger & Bunny (Mizuki SAKAKIBARA), Tiger & Bunny: The Beginning","Tiger & Bunny, Tiger & Bunny the Movie: The Beginning, Tiger & Bunny The Movie: The Rising, Tiger & Bunny: Too many cooks spoil the broth.",,
Blood-C: Special Edition, Blood-C: Tokubetsu Henshuu Version,DVD S,,Production I.G,,"Action, Horror, Supernatural, Vampires",3.39,2012.0,,'No synopsis yet - check back soon!',,Blood-C: Demonic Moonlight,Blood-C,"Saya Kisaragi : Nana Mizuki, Fumito Nanahara : Kenji Nojima, Inu : Jun Fukuyama, Itsuki Tomofusa : Atsushi Abe, Kanako Tsutsutori : Miho Miyagawa, Nene Motoe : Misato Fukuen, Nono Motoe : Misato Fukuen, Shinichirou Tokizane : Tatsuhisa Suzuki",
C³ Special, C³: Cube x Cursed x Curious Special,DVD S,,SILVER LINK.,,"Ecchi, Fantasy, Based on a Light Novel",3.39,2012.0,,'No synopsis yet - check back soon!',,"C³ (Light Novel), C³",C³,"Fear Kubrick : Yukari Tamura, Haruaki Yachi : Yuuki Kaji, Kirika Ueno : Eri Kitamura, Konoha Muramasa : Minori Chihara, Gabriel Sekaibashi : Shuuichi Ikeda, Ganon Houjou : Kotono Mitsuishi, Kana Miyama : Kana Asumi, Kuroe Ningyohara : Yui Ogura, Jun Ichikawa
Music, Miwa Ooshima
Character Design","Jun Ichikawa : Music, Miwa Ooshima : Character Design"
Backstage Idol Story,,TV   ,,Fall 2012,,"Idols, CG Animation",3.38,2012.0,,'No synopsis yet - check back soon!',,,,"Hirano Nozomi Iii-Sei : Nozomi Hirano, Michibayashi Rio 5-Sei : Rio Michibayashi, Pour Lui 13-Sei : Pour Lui, Terashima Yufu 9-Sei : Yufu Terashima, Wakisaka Yurika 11-Sei : Yurika Wakisaka",
Yu-Gi-Oh! Zexal II,,TV   ,73.0,Gallop,Fall ,"Shounen, Card Battles, High Stakes Games, Based on a Manga",3.38,2012.0,2014.0,'Continuation of\xa0Yu-Gi-Oh! Zexal.',,"Yu-Gi-Oh!, Yu-Gi-Oh! Duelist, Yu-Gi-Oh! Millennium World, Yu-Gi-Oh! R, Yu-Gi-Oh! GX, Yu-Gi-Oh! 5D's, Yu-Gi-Oh! Zexal, Yu-Gi-Oh! Arc-V (Naohito MIYOSHI), Yu-Gi-Oh! Arc-V, Yu-Gi-Oh! Transcend Game","Yu-Gi-Oh! Zexal, Yu-Gi-Oh! Zexal Special, Yu-Gi-Oh! Zexal II: Midokoro Tenkomori Special, Yu-Gi-Oh! Zexal II: Iza! Saishuu Kessen e!! Special","Astral, Yuma Tsukumo, Alito, Cathy, Durbe, Girag, Iii, Iv, Satoshi Kuwabara
Director, Conisch
Music, Yutaka Minobe
Music, Yasufumi Fukuda
Music, Hiroki Harada
Character Design, Teruaki Jitsumatsu
Producer, Touko Machida
Screenplay, Midori Yoshizawa
2Nd Key Animator","Satoshi Kuwabara : Director, Conisch : Music, Yutaka Minobe : Music, Yasufumi Fukuda : Music, Hiroki Harada : Character Design, Teruaki Jitsumatsu : Producer, Touko Machida : Screenplay, Midori Yoshizawa : 2Nd Key Animator"
Huoli Shaonian Wang 3: Xuji, Blazing Teens 4,TV   ,26.0,,,"Chinese Animation, Family Friendly, Proxy Battles",3.38,2012.0,,'No synopsis yet - check back soon!',,,"Huoli Shaonian Wang 3, Huoli Shaonian Wang Zhi Chuanqi Zaixian, Huoli Shaonian Wang Zhi Chuanqi Zaixian: Xuji, Huoli Shaonian Wang Zhi You Quan Yingxiong",,
Tell Your World,,Music,,,,Vocaloid,3.38,2012.0,,'Hatsune Miku preforms in a colorful\xa0but glitched digital world.',,,,"Miku Hatsune, Fantasista Utamaro
Director, Wakamurap
Director, Livetune
Producer","Fantasista Utamaro : Director, Wakamurap : Director, Livetune : Producer"
Akane Aki: FlashBack,,Music,,,,Psychological,3.38,2012.0,,'The official music video for FlashBack\xa0by Akane Aki.',,,,"Boy, Girl, Akane Aki
Music",Akane Aki : Music
Houkiboshi, Minna no Uta: Houkiboshi,Music,,,,"Family Friendly, Minna no Uta",3.38,2012.0,,'No synopsis yet - check back soon!',,,,"Taku Furukawa
Director",Taku Furukawa : Director
Etsuko Yakushimaru: Yami Yami,,Music,,,,Abstract,3.37,2012.0,,"'The official music video for\xa0Yami Yami, by Etsuko Yakushimaru.'",,,Yami Yami,"Takashi Yamaguchi
Director, Etsuko Yakushimaru
Art Director & Song Composition & Song Lyrics & Song Performance","Takashi Yamaguchi : Director, Etsuko Yakushimaru : Art Director & Song Composition & Song Lyrics & Song Performance"
Lagrange: The Flower of Rin-ne - Kamogawa Days, Rinne no Lagrange: Flower Declaration of Your Heart - Kamogawa Days,OVA  ,1.0,XEBEC,,"Comedy, Mecha, Sci Fi, Original Work",3.37,2012.0,,'No synopsis yet - check back soon!',,"Rinne no Lagrange: Akatsuki no Memoria, Rinne no Lagrange: Flower Declaration of Your Heart","Lagrange: The Flower of Rin-ne, Lagrange: The Flower of Rin-ne Picture Drama, Lagrange: The Flower of Rin-ne - Season 2, Lagrange: The Flower of Rin-ne - Kamogawa Memoria, Lagrange: The Flower of Rin-ne - Season 2 Picture Drama","Lan, Madoka Kyouno, Muginami, Array, Izo, Kirius Rakus Lestrine Ha, Astelia Lizamarie De Rochefort, Balance T. Moid, Tatsuo Satou
Chief Director, Toshimasa Suzuki
Director, Saeko Suzuki
Music, Tomisiro
Music, Takushige Norita
Character Design, Chizuru Kobayashi
Character Design, Shousei Itou
Producer, Shuuichi Kitada
Producer","Tatsuo Satou : Chief Director, Toshimasa Suzuki : Director, Saeko Suzuki : Music, Tomisiro : Music, Takushige Norita : Character Design, Chizuru Kobayashi : Character Design, Shousei Itou : Producer, Shuuichi Kitada : Producer"
Swimming to Sea, Padak Padak,Movie,,,,"Drama, Animal Protagonists, Korean Animation, Melancholy, Non-Human Protagonists, Restaurants, CG Animation, Original Work, Animal Abuse,, Explicit Violence,, Mature Themes",3.37,2012.0,,"""In this dark tale, a fish named Padak fights to escape the restaurant she's been captured in and return to sea. The Master, an old flatfish, is the longest surviving fish in the restaurant tank and rules over others with his knowledge of survival. However, when Padak comes along, his leadership is threatened.""","Animal Abuse,, Explicit Violence,, Mature Themes",,,"Padak : Hyeon-Ji Kim, Bream : Gyeong-Su Hyeon, Master Old Flatfish : Yeong-Jun Shi, Sea Bass : Ho-San Lee, Sea Eel : Ho-San Lee, Snapper : Yeong-Mi Ahn, Spotty : Yeong-Mi Ahn, Aunt : Hyeon-Ji Kim",
Nijiiro Hotaru: Eien no Natsuyasumi, Rainbow-Colored Fireflies: The Eternal Summer Vacation,Movie,,Toei Animation,,"Drama, Countryside, Supernatural, Time Travel, Based on a Novel",3.37,2012.0,,"'One blazing hot day a young boy named Yuta visits the Hotarugaoka Dam, a place where his father passed away, and encounters a strange old man. Yuta helps the old man by giving him something to drink, and later that day the man repays his kindness by saving the boy and taking him to the past, one month before the area becomes unoccupied for the construction of the dam. Unaware of why he is there, Yuta meets Saeko, a girl who loves fireflies.'",,Nijiiro Hotaru: Eien no Natsuyasumi,,"Saeko Okuyama, Yuuta Otabe, Kenzou, Yoshizawa, Konousuke Uda
Director, Masataka Matsutouya
Music, Hisashi Mori
Character Design, Shinji Hashimoto
Key Animator, Shinya Oohira
Key Animator","Konousuke Uda : Director, Masataka Matsutouya : Music, Hisashi Mori : Character Design, Shinji Hashimoto : Key Animator, Shinya Oohira : Key Animator"
Otome wa Boku ni Koishiteru: Futari no Elder, Otoboku: Maidens Are Falling For Me! Futari no Elder,OVA  ,3.0,SILVER LINK.,,"All-Girls School, Boarding School, Crossdressing, School Life, Based on an Eroge, Based on a Visual Novel",3.37,2012.0,,"""The story is once again set in Seio Girl's School, the location of the first game and its spin offs. A beautiful, silver-haired student named Chihaya Kisakinomiya\xa0is transferring into the all-female student body at Seio. The catch is that Chihaya is a boy.""",,"Otome wa Boku ni Koishiteru, Magi-Cu 4-koma: Otome wa Boku ni Koishiteru, Otome wa Boku ni Koishiteru 2: Futari no Elder, Otome wa Boku ni Koishiteru 2 (Light Novel)","Otoboku: Maidens Are Falling For Me!, Otome wa Boku ni Koishiteru: Tsunderella, Otoboku: Maidens Are Falling For Me! Trinkle Stars The Animation","Chihaya Kisakinomiya : Yu Shimamura, Kaoruko Nanahara : Eri Kitamura, Fumi Watarai : Sayuri Hara, Kaori Kamichika : Ayana Taketatsu, Kayleigh Glanzelius : Megumi Takamoto, Awayuki Reizei : Hisako Kanemoto, Chitose Kisakinomiya : Mako, Eri Nishina : Satomi Akesaka, Shinya Kawatsura
Director, Kou Nakagawa
Music, Keiichi Sano
Character Design, Shinsaku Tanaka
Producer, Kazuya Takahashi
Producer, Hayato Kaneko
Producer","Shinya Kawatsura : Director, Kou Nakagawa : Music, Keiichi Sano : Character Design, Shinsaku Tanaka : Producer, Kazuya Takahashi : Producer, Hayato Kaneko : Producer"
Crayon Shin-chan Movie 20: Arashi o Yobu! Ora to Uchuu no Princess,,Movie,,Shin-Ei Animation,,"Adventure, Comedy, Sci Fi, Aliens, Crude",3.37,2012.0,,"'The Nohara family is abducted by aliens from an advanced civilization who claim that Himawari is a legendary princess who will save the solar system. Unaware of the consequences, Shinnosuke signs a contract that allows her to be raised in the alien world. This forces him and his parents to go on a desperate quest to bring her back.'",,"Crayon Shin-chan, Shin Crayon Shin-chan, Crayon Shin-chan Shin-Men, Crayon Shin-chan: Gachinko! Gyakushuu no Robot-chan","Crayon Shin-chan, Crayon Shin-chan Movie 1: Action Kamen vs Haigure Maou, Crayon Shin-chan Movie 2: Buriburi Oukoku no Hihou, Crayon Shin-chan Movie 3: Unkokusai no Yabou, Crayon Shin-chan Movie 4: Henderland no Daibouken, Crayon Shin-chan Movie 5: Ankoku Tamatama Daitsuiseki, Crayon Shin-chan Movie 6: Dengeki! Buta no Hizume Daisakusen, Crayon Shin-chan Movie 7: Bakuhatsu! Onsen Wakuwaku Daikessen, Crayon Shin-chan Movie 8: Arashi wo Yobu Jungle, Crayon Shin-chan Movie 9: The Adult Empire Strikes Back, Crayon Shin-chan Movie 10: Arashi wo Yobu Appare! Sengoku Daikassen, Crayon Shin-chan Movie 11: Arashi wo Yobu Eikou no Yakiniku Road, Crayon Shin-chan Movie 12: Arashi wo Yobu! Yuuhi no Kasukabe Boys, Crayon Shin-chan Movie 13: Densetsu wo Yobu Buriburi 3 Pun Dai Shingeki, Crayon Shin-chan Movie 14: Densetsu wo Yobu Odore! Amigo!, Crayon Shin-chan Movie 15: Arashi wo Yobu Utau Ketsu dake Bakudan!, Crayon Shin-chan Movie 16: Chou Arashi wo Yobu Kinpoko no Yuusha, Crayon Shin-chan Movie 17: Otakebe! Kasukabe Yasei Oukoku, Crayon Shin-chan Movie 18: Chou Jikuu! Arashi wo Yobu Ora no Hanayome, Crayon Shin-chan Movie 19: Arashi wo Yobu Ougon no Spy Daisakusen, Crayon Shin-chan Movie 21: Bakauma! B-Kyuu Gourmet Survival Battle!!, Crayon Shin-chan Movie 22: Gachinko! Gyakushuu no Robo To-chan, Crayon Shin-chan Movie 23: Ora no Hikkoshi Monogatari - Saboten Dai Shuugeki, Crayon Shin-chan Movie 24: Bakusui! Yumemi World Dai Totsugeki, Crayon Shin-chan Movie 25: Shurai! Uchujin Shiriri, Crayon Shin-chan Movie 26: Bakumori! Kung-Fu Boys - Ramen Tairan, Crayon Shin-chan Movie 27: Shinkon Ryokou Hurricane - Ushinawareta Hiroshi, Crayon Shin-chan Movie 28: Gekitotsu! Rakuga Kingdom to Hobo Yonin no Yuusha, Crayon Shin-chan Movie 29: Nazo Meki! Hana no Tenkasu Gakuen","Hiroshi Nohara : Keiji Fujiwara, Misae Nohara : Miki Narahashi, Shinnosuke Nohara : Akiko Yajima, Bo : Chie Satou, Bunta Takakura : Rokuro Naya, Masao Sato : Mie Suzuki, Micchi Hatogaya : Makiko Ohmoto, Nene Sakurada : Tamao Hayashi, Yoshito Usui
Original Creator",Yoshito Usui : Original Creator
Chao Wa Zhanshi: Weiwu Jiaoguan,,Movie,,,,"Action, Sci Fi, Chinese Animation, CG Animation",3.37,2012.0,,'No synopsis yet - check back soon!',,,Chao Wa Zhanshi,,
y0c1e: To Dimension,,Music,,,,"Vocaloid, CG Animation",3.36,2012.0,,'No synopsis yet - check back soon!',,,,"Miku Hatsune, Wakamurap
Director, Y0C1E
Producer","Wakamurap : Director, Y0C1E : Producer"
Zhu Zhu Xia Movie 1: Jiong Jiong Wei Ji, GG Bond Movie 1: GG Bond & Hatching,Movie,,,,"Animal Protagonists, Anthropomorphic, Chinese Animation, Family Friendly, Non-Human Protagonists, Pigs, CG Animation",3.36,2012.0,,'No synopsis yet - check back soon!',,,"Zhu Zhu Xia: Da Nao Huang Gong, Zhu Zhu Xia: Mo Huan Zhu Luo Ji, Zhu Zhu Xia: Wu Xia 2008, Zhu Zhu Xia: Yong Chuang Weilai Cheng, Bai Bian Zhu Zhu Xia, Zhu Zhu Xia: Jimu Shijie De Tong Hua, Zhu Zhu Xia: Xingfu Jiuyuan Dui, Zhu Zhu Xia: Bian Shen Xiao Ying Xiong, Zhu Zhu Xia: Bian Shen Zhandu, Zhu Zhu Xia Movie 2: Yong Chuang Juren Dao, Zhu Zhu Xia: Bai Bian Lian Meng, Zhu Zhu Xia Movie 3: Zhong Ji Jue Zhan, Zhu Zhu Xia Movie 3: Zhong Ji Jue Zhan - Qian Ye Pian, Zhu Zhu Xia: Wu Ling Shou Wei Zhe, Zhu Zhu Xia: Guang Ming Shou Wei Zhe, Zhu Zhu Xia: Meng Xiang Shou Wei Zhe, Zhu Zhu Xia: Fan Wai - Pin Zhuang Tegong Dui, Zhu Zhu Xia Movie 4: Ying Xiong Zhu Shao Nian, Zhu Zhu Xia: Chao Xing Meng Chong, Zhu Zhu Xia: Jing Qiu Xiao Yingxiong, Zhu Zhu Xia: Konglong Riji, Zhu Zhu Xia Movie 5: Bukesiyi de Shijie, Zhu Zhu Xia: Jing Su Xiao Yingxiong",,
Handsome Kenya: Shuuseki Life,,Music,,,,,3.36,2012.0,,'No synopsis yet - check back soon!',,,,"Kousuke Sugimoto
Director, Handsome Kenya
Music","Kousuke Sugimoto : Director, Handsome Kenya : Music"
The House of Greed,,Movie,,,,"Horror, No Dialogue, Shorts, Violence",3.36,2012.0,,'A spindly-legged house is hungry for fowl and on the prowl! But what will it do when its victims start to fight back?',Violence,,,"House, Iku Ogawa
Director",Iku Ogawa : Director
Ninja Hattori Returns, Ninja Hattori-kun Returns,TV   ,52.0,Shin-Ei Animation,Spring,"Comedy, Shounen, Ninja, Based on a Manga",3.36,2012.0,2015.0,"'Hailing from the mountains of Iga, Kanzo Hattori moves in with elementary school student Kenichi Mitsuba and his family to hone his skills as a ninja.'",,Ninja Hattori-kun,"Ninja Hattori-kun, Ninja Hattori-kun: Nin Nin Ninpo Enikki no Maki, Ninja Hattori-kun: Nin Nin Furusato Daisakusen no Maki, Ninja Hattori Returns Special","Hattori Kanzo, Tetsuo Yasumi
Director, Shunsuke Kikuchi
Music, Sadayoshi Tominaga
Character Design","Tetsuo Yasumi : Director, Shunsuke Kikuchi : Music, Sadayoshi Tominaga : Character Design"
Soprano Rain, Minna no Uta: Soprano Rain,Music,,,,"Family Friendly, Minna no Uta",3.36,2012.0,,'No synopsis yet - check back soon!',,,,"Yosuke Omomo
Director",Yosuke Omomo : Director
NAKAIMO: My little sister is among them!," Kono Naka ni Hitori, Imouto ga Iru!",TV   ,12.0,Studio Gokumi,Summer,"Comedy, Ecchi, Harem, Romance, Childhood Promise, School Life, Based on a Light Novel, Nudity",3.36,2012.0,,"""Shougo Mikadono’s deceased father left his son with a final request: attend his old high school to search for a suitable spouse, get married, and take his place as the rightful president of the prestigious Mikadono Corporation. Eagerly accepting the criteria, the teenager enrolls and quickly garners the attention of class rep beauty Konoe and one wealthy maiden after another due to his illustrious family legacy. What's more, Shougo then receives a very unexpected phone call from an unknown fellow student claiming to be his long lost sister - and she, too, wants to marry him! Can Shougo restrain his youthful desires while lustful beauties throw themselves at him in\xa0school, at home and even in his own bed\xa0long enough to determine who among them is his hidden little sister?""",Nudity,"Kono Naka ni Hitori, Imouto ga Iru! (Light Novel), Kono Naka ni Hitori, Imouto ga Iru!","NAKAIMO: My Little Sister Is Among Them! Brother, Sister, Lover","Konoe Tsuruma : Kaori Ishihara, Mana Tendou : Asuka Oogame, Mei Sagara : Rina Hidaka, Miyabi Kannagi : Ayane Sakura, Rinka Kunitachi : Ayana Taketatsu, Shougo Mikadono : Takahiro Sakurai, Ikusu Mizutani : Ami Koshimizu, Maiko Kotori : Arisa Noto, Munenori Nawa
Director, Kenichirou Katsura
Character Design, Yoshikazu Iwanami
Sound Director, Yasuhiro Kuroda
Producer, Katsumi Koike
Producer, Gou Tanaka
Producer, Oshi Yoshinuma
Producer, Masatoshi Ishizuka
Producer","Munenori Nawa : Director, Kenichirou Katsura : Character Design, Yoshikazu Iwanami : Sound Director, Yasuhiro Kuroda : Producer, Katsumi Koike : Producer, Gou Tanaka : Producer, Oshi Yoshinuma : Producer, Masatoshi Ishizuka : Producer"
Recorder and Randsell OVA, Recorder to Randoseru OVA,OVA  ,2.0,Seven,,"Comedy, Seinen, Short Episodes, Based on a 4-Koma Manga, Based on a Manga",3.36,2012.0,,'No synopsis yet - check back soon!',,Recorder and Randsell,"Recorder and Randsell, Recorder and Randsell Re, Recorder and Randsell Mi, Recorder and Randsell Mi Special","Atsumi Miyagawa, Atsushi Miyagawa, Futami Moriyama, Hina Soejima, Jun, Midori, Miura, Sayo",
xx,,Movie,,,,"Abstract, No Dialogue, Shorts",3.35,2012.0,,"'The red ribbon of the double spiral is bondage “xx” to connect the girls; the transmitted touch of the soft hand, and the gentle memories only girls can inherit. Those dreamy moments abruptly end and the bodies transform regardless of their intentions. “Xx” gives and takes. It is an inescapable thread of fate. This is a girly animation to warn the end of girlhood, hatred, and resistance to the adult society and flee to the innocence.'",,,,,
Last Note: Akatsuki Arrival,,Music,,,,Vocaloid,3.35,2012.0,,'No synopsis yet - check back soon!',,,,"Luka Megurine, Miku Hatsune, Last Note
Producer",Last Note : Producer
Last Note: Houkago Stride,,Music,,,,Vocaloid,3.35,2012.0,,'No synopsis yet - check back soon!',,"Mikagura School Suite, Mikagura School Suite (Light Novel), Mikagura School Suite: Koushiki Anthology Comic","Last Note: Mukiryoku Coup d'État, Last Note: Garakuta Innocence, Last Note: Izayoi Seeing, Mikagura School Suite, Last Note: Uchouten Vivace, Last Note: Esoragoto Spiral","Eruna Ichinomiya, Asuhi Imizu, Bimii, Himi Yasaka, Kyouma Kuzuryu, Sadamatsu Minatogawa, Seisa Mikagura, Shigure Ninomiya, Last Note
Producer",Last Note : Producer
Planetarium: Space Brothers - One Point of Light, Planetarium: Uchuu Kyoudai - Itten no Hikari,Movie,,Digital Media Lab,,"Drama, Seinen, Slice of Life, Childhood Promise, Based on a Manga",3.35,2012.0,,"""The anime's original story features Mutta and Hibito during one summer when they were children. During the summer when Mutta and Hibito made their promise to go to space, they met a young girl who also had a wish.""",,Space Brothers,Space Brothers,"Hibito Namba, Mutta Namba, Hikari, Sharon Kaneko",
Naruto Spin-Off: Rock Lee & His Ninja Pals, Naruto SD: Rock Lee no Seishun Full-Power Ninden,TV   ,51.0,Pierrot,Spring,"Comedy, Shounen, Chibi, Gag, Ninja, Parody, Based on a Manga",3.35,2012.0,2013.0,"'Rock Lee is a youth from the Hidden Leaf Village who strives to become a worthwhile ninja - despite the fact that he is unable to use ninjutsu! Alongside fellow teammates Neji and Tenten, Lee must overcome this obstacle while completing a variety of absurd training routines, protecting the village from the always-scheming Orochimaru, and somehow finding time to win over the heart of his beloved Sakura, who rejects his every advance. However, this matters not to the eternally cheerful and energetic boy, who seems to be undeterred by failure of any sort. Whether competing at the annual sports meet, acting as bodyguard for the Hokage, or battling against his friend and rival Naruto, Lee always gives 110% effort, determined to live out his springtime of youth to the fullest!'",,"Naruto (Pilot), Naruto, Rock Lee's Springtime of Youth, Naruto Jinraiden: Okami no Naku Hi (Light Novel), Naruto: Chibi Sasuke’s Sharingan Legend, Naruto Secret Chronicles (Light Novel), Naruto True Story (Light Novel), Naruto Gaiden: Michita Tsuki ga Terasu Michi, Naruto: Konoha Shinden - Yukemuri Ninpouchou (Light Novel)",Naruto Shippuden,"Neji Hyuga : Kouichi Toochika, Rock Lee : Yoichi Masukawa, Tenten : Yukari Tamura, Choji Akimichi : Kentarou Itou, Ino Yamanaka, Kabuto Yakushi : Nobutoshi Canna, Kakashi Hatake : Kazuhiko Inoue, Konohamaru Sarutobi : Ikue Ootani, Kenji Taira
Original Creator, Masashi Kishimoto
Original Creator, Masahiko Murata
Director & Episode Director & Key Animator & Op Director & Storyboard, Seiji Muto
Music, Jun Abe
Music, Chiyuki Tanaka
Character Design, Naoji Hounokidani
Producer, Arthell Isom
Background Artist","Kenji Taira : Original Creator, Masashi Kishimoto : Original Creator, Masahiko Murata : Director & Episode Director & Key Animator & Op Director & Storyboard, Seiji Muto : Music, Jun Abe : Music, Chiyuki Tanaka : Character Design, Naoji Hounokidani : Producer, Arthell Isom : Background Artist"
Doukoku no Nightmare,,Web  ,16.0,Fall 2012,,"Sci Fi, Androids, Music, Robots, Short Episodes, Superpowers, CG Animation, Original Work",3.35,2012.0,2015.0,'No synopsis yet - check back soon!',,,,,
kemu: Kamisama Nejimaki,,Music,,,,Vocaloid,3.35,2012.0,,'No synopsis yet - check back soon!',,,kemu: Ikasama Life Game,"Kemu
Producer",Kemu : Producer
Pleasant Goat and Big Big Wolf Movie 4: Mission Incredible - Adventures on the Dragon's Trail, Xi Yangyang Yu Hui Tailang Zhi Kaixin Chuang Long Nian,Movie,,Creative Power Entertaining,,"Adventure, Animal Protagonists, Anthropomorphic, Chinese Animation, Dragons, Family Friendly, Non-Human Protagonists",3.35,2012.0,,"'Weslie and his crew discover an evil mechanical dragon who defeats Wolffy as he was attempting to capture the goats, but a series of good dragons rescue Weslie and the goats. The good dragons say that evil dragons have taken over their world, and they need the help of the goats.'",,,"Pleasant Goat and Big Big Wolf, Pleasant Goat and Big Big Wolf Movie 1: The Super Snail Adventure, Pleasant Goat and Big Big Wolf Movie 2: The Tiger Prowess, Pleasant Goat and Big Big Wolf Movie 3: Moon Castle - The Space Adventure, Pleasant Goat and Big Big Wolf Movie 5: The Mythical Ark - Adventures in Love & Happiness, Pleasant Goat and Big Big Wolf Movie 6: Meet The Pegasus, Pleasant Goat and Big Big Wolf Movie 7: Amazing Pleasant Goat, Pleasant Goat and Big Big Wolf Movie 8",,
Sincho.TV CM,,Web  ,1.0,Ja Regarde,,"Commercials, No Dialogue, Promotional",3.35,2012.0,,'No synopsis yet - check back soon!',,,,"Masanobu Hiraoka
Director, Eduardo Castillo
Music","Masanobu Hiraoka : Director, Eduardo Castillo : Music"
"Love, Chunibyo & Other Delusions! Depth of Field: Love and Hate Theater", Chuunibyou Demo Koi ga Shitai! Depth of Field: Ai to Nikushimi Gekijou,DVD S,,Kyoto Animation,,"Action, Drama, Mecha, Sci Fi, Based on a Light Novel",3.34,2012.0,2013.0,"'Mecha pilot Rikka Takanashi, a Major in the army, has been branded a deserter for refusing to follow orders that would endanger civilian lives. As she flees, she is confronted by her best friend and fellow soldier Sanae Dekomori. With the twin-tailed girl standing between her and freedom, Rikka must come to grips with defeating her dearest comrade - or risking her own life!'",,"Love, Chunibyo & Other Delusions (Light Novel)","Love, Chunibyo & Other Delusions!","Rikka Takanashi : Maaya Uchida, Sanae Dekomori : Sumire Uesaka, Tatsuya Ishihara
Director",Tatsuya Ishihara : Director
Himeyuri,,Movie,,,,"Drama, All-Girls School, Historical, Medical, Nurses, School Life, War, World War 2, Original Work",3.34,2012.0,,"'The 30-minute film centers around a group of high school nurses called Himeyuri who served during the Battle of Okinawa during World War II. The Himeyuri Alumnae Incorporated Foundation, which runs the Himeyuri Peace Museum in Okinawa, produced the film with the aim to convey the experiences of those high school nurses, many of whom lost their lives during the battle, to children.'",,,,Narrator,
AKB48: Yume no Kawa,,Music,,,,,3.34,2012.0,,'The official music video for Yume no Kawa by AKB48.',,,,"Tekken
Director, Akb48
Music","Tekken : Director, Akb48 : Music"
Maeda Jun x Yanagi Nagi: Last Smile,,Music,,,,"Drama, Romance, Illness, Melancholy",3.34,2012.0,,'No synopsis yet - check back soon!',,,,"Jun Maeda
Music, Nagi Yanagi
Music","Jun Maeda : Music, Nagi Yanagi : Music"
kimpaksa: Alone,,Music,,,,"Korean Animation, Vocaloid",3.34,2012.0,,'No synopsis yet - check back soon!',,,,"Kimpaksa
Music",Kimpaksa : Music
Lupin Shanshei,,OVA  ,10.0,TMS Entertainment,,"Parody, Short Episodes, Thieves, Flash Animation",3.34,2012.0,,'No synopsis yet - check back soon!',,,,"Arsene Lupin Iii, Daisuke Jigen, Fujiko Mine, Goemon Ishikawa Xiii, Koichi Zenigata, Frogman
Director & Character Design",Frogman : Director & Character Design
rerulili: Nou Shou Sakuretsu Girl, rerulili: Brain Fluid Explosion Girl,Music,,,,Vocaloid,3.34,2012.0,,'No synopsis yet - check back soon!',,"Noushou Sakuretsu Girl (Light Novel), Noushou Sakuretsu Girl",,"Gumi, Miku Hatsune, Rerulili
Producer",Rerulili : Producer
kemu: Jinsei Reset Button, kemu: Life Reset Button,Music,,,,Vocaloid,3.34,2012.0,,'No synopsis yet - check back soon!',,Jinsei Reset Button (Light Novel),,"Gumi, Kemu
Producer",Kemu : Producer
The Sakuramoto Broom Workshop,,Movie,,,,"Drama, Aging, No Dialogue, Shorts, Stop Motion Animation, Work Life",3.34,2012.0,,"'An old couple lives in a Japanese village. They make blooms for living. They have been together for life and work for a long time. Recently the husband noticed the wife has had some symptoms of the disease, which caused some obstacles in their work'",,,,,
Baa-cha no Kingyo, A Grandma's Goldfish,Web  ,1.0,,,"Adventure, Slice of Life, Family Friendly, Shorts, Original Work",3.34,2012.0,,'No synopsis yet - check back soon!',,,,Old Woman,
Onii-chan Dakedo Ai Sae Areba Kankeinai yo ne!, OniAi,TV   ,12.0,SILVER LINK.,Fall ,"Comedy, Ecchi, Harem, Romance, Brother Complex, Siblings, Based on a Light Novel, Incest,, Mature Themes",3.33,2012.0,,"'Akito Himenokouji and his twin sister Akiko are close - in fact, maybe a little too close for Akito’s comfort, as his sister has an unrestrained brother complex! Though her brother doesn’t take her lustful feelings seriously, Akiko is determined to set the record straight with the other ladies around him, including the three other beauties that live in his dorm and want the boy for themselves. Every morning, noon and night, the girl continues her mission to cross the line with Akito, and she won’t let any girl or sense or morality get in her way - for as long as there’s love, it doesn’t matter if he’s her brother!'","Incest,, Mature Themes","Onii-chan Dakedo Ai Sae Areba Kankeinai yo ne! (Light Novel), Onii-chan Dakedo Ai Sae Areba Kankeinai yo ne!, Sakigake!! Oniichan dakedo Ai sae Areba Kankeinai yo ne",Onii-chan Dakedo Ai Sae Areba Kankeinai yo ne! Specials,"Akiko Himenokouji : Ibuki Kido, Akito Himenokouji : Ryouta Oosaka, Anastasia Nasuhara : Minori Chihara, Arashi Nikaidou : Eri Kitamura, Haruomi Ginbee Sawatari : Asami Shimoda, Arisa Takanomiya : Sumire Morohoshi, Kaoruko Jinno : Megumi Takamoto, Akina : Kei Shindou, Keiichirou Kawaguchi
Director, Takahiro Ando
Music, Kousuke Kawamura
Character Design, Hiromasa Minami
Producer, Takashi Tachizaki
Producer, Yousuke Wada
Producer, Makoto Itou
Producer, Osamu Hosokawa
Producer","Keiichirou Kawaguchi : Director, Takahiro Ando : Music, Kousuke Kawamura : Character Design, Hiromasa Minami : Producer, Takashi Tachizaki : Producer, Yousuke Wada : Producer, Makoto Itou : Producer, Osamu Hosokawa : Producer"
Last Note: Hello Laughter,,Music,,,,Vocaloid,3.33,2012.0,,'No synopsis yet - check back soon!',,,,"Gumi, Ia, Lily, Luka Megurine, Miku Hatsune, Rin Kagamine, Last Note
Producer",Last Note : Producer
"Hanayaka Nari, Waga Ichizoku",,OVA  ,2.0,Anpro,,"Reverse Harem, Romance, Shoujo, Maids, Based on an Otome Game, Based on a Visual Novel",3.32,2012.0,2013.0,"""A girl named\xa0Asagi Haru\xa0works as a maid of the Miyanomori family, which is headed by one of Japan's most powerful magnates. However, the family head suddenly announces that he is retiring, so one of his six sons must assume control of the family.""",,,,"Haru Asagi : Yuka Saitou, Hiroshi Miyanomori : Daisuke Kishio, Isami Miyanomori : Hideki Tasaka, Masashi Miyanomori : Nobuhiko Okamoto, Shigeru Miyanamori : Takeshi Maeda, Susumu Miyanamori : Atsushi Kakehashi, Tadashi Miyanomori : Atsushi Miyauchi, Chitomi Egawa : Keiko Koumyouji, Naoyuki Kuzuya
Director, Maki Fujioka
Character Design, Yoshimi Umino
Art Director","Naoyuki Kuzuya : Director, Maki Fujioka : Character Design, Yoshimi Umino : Art Director"
Ai no Kusabi: The Space Between,,OVA  ,4.0,AIC,,"BL, Drama, Sci Fi, Yaoi, Adult Couples, Mature Romance, Social Gap, Based on a Light Novel, Mature Themes,, Physical Abuse,, Sexual Abuse,, Sexual Content",3.32,2012.0,,"'In a future where social class is determined by the color of one\'s hair, Iason sits at the top of the pecking order as a ""blondie,"" favored by everyone. He is given latitude in his daily life, but draws unwanted attention when he chooses to take a ""mongrel"" named Riki as his pet. Society has no taboos against staking claim to other humans, but the length and nature of this relationship brings unexpected consequences.'","Mature Themes,, Physical Abuse,, Sexual Abuse,, Sexual Content",Ai no Kusabi: the Space Between (Light Novel),Ai no Kusabi,"Iason Mink : Tooru Ookawa, Riki : Kentarou Itou, Guy : Kohsuke Toriumi, Katze : Shinichirou Miki, Kirie : Showtaro Morikubo, Aisha Rosen : Takehito Koyasu, Daryl : Eiji Hanawa, Gideon Lagat : Kenyuu Horiuchi, Katsuhito Akiyama
Director, Tetsuya Takahashi
Music, Naoyuki Onda
Character Design & Chief Animation Director","Katsuhito Akiyama : Director, Tetsuya Takahashi : Music, Naoyuki Onda : Character Design & Chief Animation Director"
Kaiketsu Zorori Movie 1: Da-Da-Da-Daibouken!,,Movie,,Ajia-do,,"Adventure, Comedy, Animal Protagonists, Anthropomorphic, Family Friendly, Non-Human Protagonists, Pigs, Based on a Picture Book",3.31,2012.0,,'Zorori is after a trove of riches discovered by the treasure hunter Zorondo Ron.',,,"Kaiketsu Zorori (1989), Kaiketsu Zorori (1993), Kaiketsu Zorori, Majime ni Fumajime Kaiketsu Zorori, Majime ni Fumajime Kaiketsu Zorori: Nazo no Otakara Daisakusen, Kaiketsu Zorori Movie 2: Mamoru ze! Kyouryuu no Tamago, Kaiketsu Zorori Movie 3: Uchuu no Yuusha-tachi, Kaiketsu Zorori Movie 4: ZZ no Himitsu","Ishishi, Noshishi, Zorori, Airusu, Tomoko Iwasaki
Director, Kouhei Tanaka
Music, Hideyuki Funakoshi
Character Design","Tomoko Iwasaki : Director, Kouhei Tanaka : Music, Hideyuki Funakoshi : Character Design"
New Tokyo Ondo,,Movie,,,,Shorts,3.31,2012.0,,'No synopsis yet - check back soon!',,,,,
Nemuranu Machi no Cinderella: Hirose Ryouichi - Memorial Date,,Web  ,1.0,,,Romance,3.31,2012.0,,'No synopsis yet - check back soon!',,,,Ryouichi Hirose,
Aesthetica of a Rogue Hero Specials, Hagure Yuusha no Estetica Specials,DVD S,,ARMS,,"Comedy, Ecchi, Fantasy, Contemporary Fantasy, Demons, Magic, Magic School, Person in a Strange World, School Life, Superpowers, Urban Fantasy, Based on a Light Novel, Sexual Content",3.31,2012.0,2013.0,'No synopsis yet - check back soon!',Sexual Content,"Aesthetica of a Rogue Hero (Light Novel), Aesthetica of a Rogue Hero",Aesthetica of a Rogue Hero,"Akatsuki Ousawa : Nobuhiko Okamoto, Chikage Izumi : Kana Ueda, Kuzuha Doumoto : Kana Hanazawa, Myuu Ousawa : Youko Hikasa, Haruka Nanase : Marina Inoue, Listy El Da Sherfied : Rina Satou, Minami Aihara : Ayana Taketatsu",
Kenshi Yonezu: Koi to Byonetsu,,Music,,Minakata Laboratory,,,3.31,2012.0,,'No synopsis yet - check back soon!',,,,"Kenshi Yonezu
Music",Kenshi Yonezu : Music
Yami Yami, Minna no Uta: Yami Yami,Music,,,,"Family Friendly, Minna no Uta",3.31,2012.0,,'No synopsis yet - check back soon!',,,Etsuko Yakushimaru: Yami Yami,"Toshiko Hata
Director, Etsuko Yakushimaru
Song Composition & Song Lyrics & Song Performance","Toshiko Hata : Director, Etsuko Yakushimaru : Song Composition & Song Lyrics & Song Performance"
Bloomed Words, Ohanashi no Hana,Web  ,1.0,,,Shorts,3.31,2012.0,,'No synopsis yet - check back soon!',,,,"Amika Kubo
Director",Amika Kubo : Director
Sword Art Online: Sword Art Offline,,DVD S,,,,"Comedy, Chibi",3.31,2012.0,2013.0,'No synopsis yet - check back soon!',,"Sword Art Online (Light Novel), Sword Art Online: Aincrad, Sword Art Online 4-koma, Sword Art Online SS: Calibur SS-han (Light Novel), Sword Art Online: Fairy Dance, Sword Art Online Side Stories (Light Novel), Sword Art Online: Progressive (Light Novel), Sword Art Online Comic Anthology, Sword Art Online: Girls' Ops, Sword Art Online: Progressive, Sword Art Online Alternative: Gun Gale Online (Light Novel), Sword Art Online: Mother's Rosary, Sword Art Online: Phantom Bullet, Sword Art Online: Calibur, Sword Art Online Alternative: Gun Gale Online, Sword Art Online: Aincrad Night of Kirito, Sword Art Online Alternative: Clover's Regret (Light Novel), Sword Art Online: Project Alicization, Sword Art Online: Hollow Realization, Sword Art Online Iden: Kibaou-han!, Sword Art Online: Hopeful Chant (Light Novel), Sword Art Online: Ordinal Scale, Sword Art Online: Kirito no Gun Gale Wars, Sword Art Online: Progressive - Barcarolle of Froth, Sword Art Online: Kiss and Fly","Sword Art Online, Sword Art Online: Extra Edition, Sword Art Online: Sword Art Offline - Extra Edition, Sword Art Online II, Sword Art Online II: Debriefing, Sword Art Online II: Sword Art Offline II, Sword Art Online Movie: Ordinal Scale, Sword Art Online: Fatal Bullet - The Third Episode, Sword Art Online Alternative: Gun Gale Online, Sword Art Online Alternative: Gun Gale Online - Refrain","Asuna Yuuki : Haruka Tomatsu, Kirito : Yoshitsugu Matsuoka, Klein : Hiroaki Hirata, Lisbeth : Ayahi Takagaki, Silica : Rina Hidaka, Suguha Kirigaya : Ayana Taketatsu, Yui : Kanae Itou, Agil",
Fojiao Donghua: Dashi Zhi Pusa Nianfo Yuantong Zhang,,Other,,,,"Drama, Buddhism, Chinese Animation, Religion",3.31,2012.0,,'No synopsis yet - check back soon!',,,,,
Kando≠Reduction,,Music,,,,,3.3,2012.0,,'No synopsis yet - check back soon!',,,,,
Tokyo Disney Resort: Yume ga Kanau Basho,,Other,,Production I.G,,"Slice of Life, Amusement Park, Commercials, Disney, Promotional",3.3,2012.0,,'No synopsis yet - check back soon!',,,,"Yumeno Maihama, Chisato, Kanon, Ken, Mai, Narrator : Yuu Aoi, Mizuho Nishikubo
Director",Mizuho Nishikubo : Director
Neru: Enmei Chiryou, Neru: Life Prolonging Treatment,Music,,,,Vocaloid,3.3,2012.0,,'No synopsis yet - check back soon!',,,,"Ia, Neru
Producer",Neru : Producer
Lupin III 3DCG,,Other,,Marza Animation Planet,,"Action, Criminals, Thieves, Based on a Manga, CG Animation",3.3,2012.0,,'No synopsis yet - check back soon!',,"Lupin III, Lupin Kozou","Lupin III, Lupin III: The Castle of Cagliostro, Lupin III Special 5: Voyage To Danger, Lupin III Special 8: The Secret Of The Twilight Gemini, Lupin III: Return Of Pycal, Lupin III Special 14: Episode 0 - First Contact, Lupin III vs Detective Conan: The Movie, Lupin III: The First",,
Pokemon Movie 15: Kyurem vs. The Sword of Justice, Pokemon Movie 15: Kyurem vs. Seikenshi,Movie,,OLM,,"Adventure, Fantasy, Shounen, Elemental Powers, Family Friendly, Monsters, Based on a Video Game",3.3,2012.0,,"'Keldeo is determined to become a Sword of Justice, but to do so, Keldeo must defeat Kyurem, one of the most powerful Dragon-type Pokémon in the world. Keldeo challenges Kyurem, unleashing a destructive force even Ash and Pikachu may be powerless to stop!'",,"Pokemon: The Electric Tale of Pikachu, Pokémon Adventures, Magical Pokemon Journey, Pokémon: Diamond and Pearl Adventure!, Pokemon Mystery Dungeon: Ginji's Rescue Team, Pokemon Ranger, Pokemon Ranger and the Temple of the Sea, Pokemon: The Rise of Darkrai, Pokemon Ranger Batonnage, Kaitou! Pokemon 7, Pokemon: Giratina & the Sky Warrior!, Pokemon ReBURST, Pokemon the Movie: White - Victini and Zekrom, Pokemon the Movie: Kyurem vs. The Sword of Justice, Pokemon + Nobunaga no Yabou - Ranse Iroemaki, Pokémon: Diancie and the Cocoon of Destruction, Pokémon: Omega Ruby & Alpha Sapphire, Pokemon the Movie: Hoopa and the Clash of Ages, Pokemon the Movie XY&Z: Volcanion to Karakuri no Magiana, Pokemon Horizon: Sun & Moon, Pokémon: Sun & Moon, Pokémon the Movie: I Choose You!","Pokemon: Pichu Bros. in Party Panic, Pokemon: Gotta Dance!, Pokemon Movie 6: Jirachi Wish Maker, Pokemon Movie 7: Destiny Deoxys, Pokemon: Pikachu's Summer Festival, Pokemon Movie 8: Lucario and The Mystery of Mew, Pokemon: Pikachu's Ghost Carnival, Pokemon Movie 9: Pokemon Ranger and the Temple of the Sea, Pokemon: Pikachu's Island Adventure, Pokemon: Diamond & Pearl, Pokemon Movie 10: The Rise of Darkrai, Pokemon: Pikachu Tanken Club, Pokemon Mystery Dungeon: Explorers of Time and Darkness, Pokemon Movie 11: Giratina and the Sky Warrior, Pokemon: Pikachu's Great Ice Adventure, Pokemon Movie 12: Arceus and the Jewel of Life, Pokemon: Pikachu's Great Sparking Search, Pokemon Movie 13: Zoroark - Master of Illusions, Pokemon: Pikachu's Big Mysterious Adventure, Pokemon: Black & White, Pokemon Movie 14: Black - Victini and Reshiram, Pokemon Movie 14: White - Victini and Zekrom, Pokemon Black Version 2 and White Version 2, Pokemon: Black & White - Rival Destinies, Pokemon: Utae Meloetta - Rinka no Mi wo Sagase!, Pokemon: Meloetta's Moonlight Serenade, Pokemon: Black & White: Adventures in Unova, Pokemon: Black & White: Adventures in Unova and Beyond, Pokemon: Mewtwo - Prologue to Awakening, Pokemon: Eevee and Friends, Pokemon XY Special: Road to Kalos, Pokemon XY: Mega Evolution, Pokemon XY: Sora no Hahen, Pokemon: Diancie, Princess of the Diamond Domain, Pokemon Movie 17: Diancie and the Cocoon of Destruction, Pokemon: Hoopa, The Mischief Pokemon","Ash Ketchum : Rica Matsumoto, Ash'S Pikachu : Ikue Ootani, Cilan : Mamoru Miyano, Iris : Aoi Yuuki, Keldeo : Shouko Nakagawa, Cobalion : Kouichi Yamadera, Iris' Axew : Minami Tsuda, Kyurem : Katsumi Takahashi, Kunihiko Yuyama
Director, Shinji Miyazaki
Music, Kazumi Satou
Character Design, Sayuri Ichiishi
Character Design, Norihiro Matsubara
Character Design, Kazuaki Mouri
Character Design, Shunya Yamada
Character Design, Junya Okamoto
Producer","Kunihiko Yuyama : Director, Shinji Miyazaki : Music, Kazumi Satou : Character Design, Sayuri Ichiishi : Character Design, Norihiro Matsubara : Character Design, Kazuaki Mouri : Character Design, Shunya Yamada : Character Design, Junya Okamoto : Producer"
"Neru: Kodama, Hekikai, Nayuta wo Misadamu Aglaophonos no Shihen"," Neru: Echoes, The Blue Sea, A Collection of Poems by Aglaophonos Grasping Great Numbers",Music,,,,Vocaloid,3.3,2012.0,,'No synopsis yet - check back soon!',,,,"Gumi, Neru
Producer",Neru : Producer
Pinocchio-P: Common World Domination, Pinnochio-P: Arifureta Sekai Seifuku,Music,,,,Vocaloid,3.3,2012.0,,'No synopsis yet - check back soon!',,,,"Miku Hatsune, Pinocchio-P
Producer",Pinocchio-P : Producer
"Fear, and Loathing in Las Vegas: Just Awake",,Music,,,,,3.29,2012.0,,"""The official music video for Hunter x Hunter (2011)'s\xa0first ending theme.""",,,Hunter x Hunter (2011),"Hiroshi Moriyama
Director, Fear, And Loathing In Las Vegas
Music","Hiroshi Moriyama : Director, Fear, And Loathing In Las Vegas : Music"
Kubbe PV Full ver.,,Web  ,1.0,TMS Entertainment,,"Fantasy, Anthropomorphic, Family Friendly, Promotional, Based on a Picture Book, CG Animation",3.29,2012.0,,'No synopsis yet - check back soon!',,,"Kubbe Kort Animasjon, Kubbe no Ongakukai, Kubbe Gachapin Mukku",Kubbe,
The Everyday Tales of a Cat God: Ohanami Ghostbusters, Nekogami Yaoyorozu: Ohanami Ghostbusters,OVA  ,1.0,AIC PLUS+,,"Comedy, Fantasy, Seinen, Animal Characteristics, Japanese Mythology, Non-Human Protagonists, Based on a Manga",3.29,2012.0,,'No synopsis yet - check back soon!',,Nekogami Yaoyorozu,"The Everyday Tales of a Cat God, The Everyday Tales of a Cat God Specials","Gonta : Yuuko Sanpei, Mayu : Haruka Tomatsu, Yuzu Komiya : Yui Horie, Ghost Girl, Hasumi Shirasaki : Asami Shimoda, Meiko : Ayana Taketatsu, Sasana Shousouin : Ai Kayano, Akane Shinozaki : Maho Tomita, Flipflops
Original Creator, Hiroaki Sakurai
Director, Touko Machida
Series Composition, Atsuko Watanabe
Character Design, Hajime Maruyama
Producer, Yuuka Sakurai
Producer, Asuka Yamazaki
Producer, Takema Okamura
Producer","Flipflops : Original Creator, Hiroaki Sakurai : Director, Touko Machida : Series Composition, Atsuko Watanabe : Character Design, Hajime Maruyama : Producer, Yuuka Sakurai : Producer, Asuka Yamazaki : Producer, Takema Okamura : Producer"
Maken-Ki! It's Summer! It's Swimsuits! It's Training Camp!, Maken-Ki! Natsu da! Mizugi da! Gasshuku da!,OVA  ,1.0,AIC Spirits,,"Ecchi, Harem, Shounen, Ocean, Based on a Manga",3.29,2012.0,,"'Takeru and the rest of the gang head to the beach for some serious training, so you know what that means: tiny swimsuits, a giant octopus attack, and one promiscuous sleep-groper!'",,"Maken-Ki!, Maken-Ki! Kai!!","Maken-ki! Specials, Maken-ki!, Maken-ki! Two: Takeru Nyotaika!? Minami no Shima de Supoon, Maken-ki! Two Specials, Maken-ki! Two","Haruko Amaya : Noriko Shitaya, Minori Rokujo : Mina, Takeru Ooyama : Tomoaki Maeno, Inaho Kushiya : Iori Nomizu, Kengo Usui : Satoshi Tsuruoka, Kodama Himegami : Sayuri Yahagi, Yuuka Amado : Natsumi Takamori, Aki Nijou : Hitomi Harada, Yoshikazu Iwanami
Sound Director, Naoshi Imamoto
Producer","Yoshikazu Iwanami : Sound Director, Naoshi Imamoto : Producer"
Channeler,,Movie,,,,Shorts,3.29,2012.0,,'No synopsis yet - check back soon!',,,,"Takashi Ohashi
Director",Takashi Ohashi : Director
Ninja Scroll BURST,,Web  ,1.0,MADHOUSE,,"Ninja, Promotional",3.29,2012.0,,'No synopsis yet - check back soon!',,,"Ninja Scroll, Ninja Scroll: The Series","Yoshiaki Kawajiri
Director",Yoshiaki Kawajiri : Director
Yoligongju Loopy," Loopy, the Cooking Princess",TV   ,,,,"Comedy, Animal Protagonists, Anthropomorphic, Family Friendly, Food and Beverage, Korean Animation, Non-Human Protagonists, Short Episodes",3.28,2012.0,,'No synopsis yet - check back soon!',,,Pororo the Little Penguin 2,Loopy,
Morita-san wa Mukuchi TV Specials,,DVD S,,Seven,,"Comedy, Seinen, School Life, Based on a 4-Koma Manga, Based on a Manga",3.28,2012.0,,'No synopsis yet - check back soon!',,Morita-san wa Mukuchi,"Morita-san wa Mukuchi, Morita-san wa Mukuchi TV, Morita-san wa Mukuchi. 2","Chihiro Miura, Hana Matsuzaka, Mayu Morita : Kana Hanazawa, Miki Murakoshi, Ritsuki Yamamoto, Maki",
Mitchie M: Idol wo Sakase, Mitchie M: Blooming the Idol,Music,,,,"Music, Vocaloid",3.27,2012.0,,'No synopsis yet - check back soon!',,,,"Miku Hatsune, Mitchie M
Producer",Mitchie M : Producer
Kita no Kaze to Taiyou to, Minna no Uta: Kita no Kaze to Taiyou to,Music,,,,Minna no Uta,3.27,2012.0,,'No synopsis yet - check back soon!',,,,,
Nem: Super Hero,,Music,,,,Vocaloid,3.27,2012.0,,'No synopsis yet - check back soon!',,,,"Len Kagamine, Nem
Producer",Nem : Producer
Ito Koishi,,Web  ,1.0,,,"Romance, No Dialogue, Shorts",3.27,2012.0,,'No synopsis yet - check back soon!',,,,,
Last Note: Dead Line Circus,,Music,,,,"Circus, Vocaloid",3.27,2012.0,,'No synopsis yet - check back soon!',,,,"Gakupo Kamui, Gumi, Len Kagamine, Last Note
Producer",Last Note : Producer
Shuwashuwa-P: SPL, Shuwashuwa-P: Soda Pop Love,Music,,,,"Romance, Demons, Monsters, Vocaloid",3.27,2012.0,,'No synopsis yet - check back soon!',,,,"Len Kagamine, Miku Hatsune, Shiteyanyo, Shuwashuwa-P
Producer",Shuwashuwa-P : Producer
Sacred Seven Movie: Shirogane no Tsubasa,,Movie,,Sunrise,,"Action, Sci Fi, Superpowers, Original Work",3.27,2012.0,,"'Kijima Naito and Fei Zhui Lau are fugitives of a laboratory that cruelly researches the effects of the Sacred Seven crystals on humans. Parallel to what is happening in the Sacred Seven TV series, this is the story being told from their perspective.'",,,"Sacred Seven, Sacred Seven Movie: Shirogane no Tsubasa Picture Drama","Alma Tandoji : Takuma Terashima, Fei Zhui Lau : Iori Nomizu, Night Kijima : Nobuhiko Okamoto, Makoto Kagami : Miyu Irino, Ruri Aiba : Megumi Nakajima, Sp : Ai Takabe, Yuuji Kenmi : Katsuyuki Konishi, Zero, Yoshimitsu Oohashi
Director, Yuriko Chiba
Character Design, Hiroko Kuwazono
Producer, Hirotsugu Ogisu
Producer, Toshihiro Nakajima
Key Animator","Yoshimitsu Oohashi : Director, Yuriko Chiba : Character Design, Hiroko Kuwazono : Producer, Hirotsugu Ogisu : Producer, Toshihiro Nakajima : Key Animator"
Macross FB7: Ginga Rukon Ore no Uta wo Kike!,,Movie,,SATELIGHT,,"Action, Mecha, Sci Fi, Aliens, Idols, Music, Transforming Mecha",3.27,2012.0,,"'The war between the Macross 7, the Sound Forces and the Proto Devil are a mystery and the legendary band Fire Bomber have become a myth. Until Ozuma Lee receives a mysterious tape about the events of the war. They slowly discover the truth behind the mysterious lead singer of Fire Bomber, Nekki Basara.'",,"Super Dimensional Fortress Macross II, Super Dimensional Fortress Macross the First","Macross 7, Macross Frontier","Mylene Flare Jenius : Tomo Sakurai, Nekki Basara : Nobutoshi Canna, Goram : Arihiro Hase, Kanaria Berstein : Houko Kuwashima, Ranka Lee : Megumi Nakajima, Sheryl Nome : Aya Endou, Shouji Kawamori
Mechanical Design & Original Creator, Studio Nue
Original Creator, Tetsurou Amino
Director, Risa Ebata
Character Design, Yuuichi Takahashi
Character Design","Shouji Kawamori : Mechanical Design & Original Creator, Studio Nue : Original Creator, Tetsurou Amino : Director, Risa Ebata : Character Design, Yuuichi Takahashi : Character Design"
Sunset Flower Blooming, Yuugeshou,Movie,,,,"Aging, Historical, No Dialogue, Shorts",3.27,2012.0,,"'The film is set in China, in the 1960s. An old woman cools herself in the garden. The sunset makes the sky orange. Sunset flower starts to bloom. The flower guides her to daydream. The woman dreams of childhood memories and when she was young and beautiful.'",,,,"Yuanyuan Hu
Director, Takahisa Yamamoto
Music, Koji Yamamura
Producer","Yuanyuan Hu : Director, Takahisa Yamamoto : Music, Koji Yamamura : Producer"
Monkey Majik x Kazumasa Oda: A Christmas Song,,Music,,,,"Christmas, Family Friendly",3.26,2012.0,,'No synopsis yet - check back soon!',,,,"Kazumasa Oda
Music, Monkey Majik
Music","Kazumasa Oda : Music, Monkey Majik : Music"
OSTER project: Drossel no Tsurugi, OSTER project: Sword of Drossel,Music,,,,Vocaloid,3.26,2012.0,,'No synopsis yet - check back soon!',,,,"Oster Project
Producer",Oster Project : Producer
Nagareboshi Lens, Shooting Star Lens,OVA  ,1.0,Kinema Citrus,,"Romance, Shoujo, School Life, Shorts, Based on a Manga",3.26,2012.0,,"""Risa is a high school girl with zero experience in romance. Meanwhile, a boy named Yuugure is the most popular student in Risa's school year. Even though the two have had no contact with each other in the past, they find themselves at school at the same time one night.""",,Nagareboshi Lens,Nagareboshi Lens Specials,"Risa Hanakago : Kana Hanazawa, Touga Yuugure : Shintarou Asanuma, Takechi : Hikaru Midorikawa, Tomochin : Kei Shindou, Yukko : Saori Hayami, Yuudai : Ryouhei Kimura, Class 2 Teacher :  Kazuya Nakai, Class 6 Teacher : Shinya Takahashi, Mayu Murata
Original Creator, Asuka Sakai
Music, Majiro
Character Design, Eiji Inomoto
Cg Director, Shingo Kaneko
Episode Director & Storyboard","Mayu Murata : Original Creator, Asuka Sakai : Music, Majiro : Character Design, Eiji Inomoto : Cg Director, Shingo Kaneko : Episode Director & Storyboard"
Eureka Seven: New Order,,TV Sp,,Bones,,"Sci Fi, Recap, Original Work",3.26,2012.0,,'No synopsis yet - check back soon!',,"Eureka Seven: Gravity Boys & Lifting Girl, Eureka Seven, Eureka Seven (Light Novel), Eureka Seven AO, Eureka Seven nAnO","Eureka Seven, Eureka Seven: Navigation ray=out, Eureka Seven: Good Night, Sleep Tight, Young Lovers, Eureka Seven Ao: Aratanari Fukaki Ao, Eureka Seven AO, Eureka Seven AO: The Flowers of Jungfrau, Eureka Seven AO Final Episode: One More Time -lord don't slow me down-","Eureka : Kaori Nazuka, Renton Thurston : Yuuko Sanpei, Anemone : Ami Koshimizu, Dominic Sorel : Shigenori Yamazaki, Holland Novak : Keiji Fujiwara, Talho Yuuki : Michiko Neya, Adroc Thurston, Axel Thurston : Takeshi Aono",
Next A-Class,,Web  ,1.0,Production I.G,Fall ,"Sci Fi, Cars, Promotional, Shorts, Urban Legend",3.26,2012.0,,"'In the future, legends tell of an elusive ramen truck that drives through the city streets at breakneck speeds, and the only way to sample its tasty wares is to catch up with it. After spotting the elusive vehicle, Nico, Gatsu and Makito band together in their trusty Mercedes-Benz A-Class car to try to intercept the goods, no matter the cost!'",,,,"Koku Ganaha : Kenjirou Tsuda, Kuniko Kai : Miyuki Sawashiro, Makito Kasuya : Kenichi Suzumura, Old Man : Yukimasa Kishino, Old Man'S Cat, Mizuho Nishikubo
Director, Kenji Kawai
Music, Yoshiyuki Sadamoto
Character Design","Mizuho Nishikubo : Director, Kenji Kawai : Music, Yoshiyuki Sadamoto : Character Design"
Tsuritama: Harikitte Contest,,DVD S,,A-1 Pictures,,"Comedy, Sci Fi, Aliens, Picture Drama",3.26,2012.0,,'No synopsis yet - check back soon!',,,Tsuritama,"Akira Agarkar Yamada, Haru, Natsuki Usami, Yuki Sanada, Sakura Usami, Tapioca",
Paboo & Mojies,,TV   ,52.0,Dongwoo A&E,,Family Friendly,3.25,2012.0,2013.0,"'Nelvana welcomes you to Mojies Town – a magical land filled with Mojies – where letters and learning combine to create laughter for all! Paboo is a fun loving and curious boy panda, and he and his group of larger-than-life friends explore and problem-solve in their quirky, imaginative and sometimes zany world! Each episode sees the Mojies (Japanese for letters of the alphabet) and Maki (the Mojies book fairy of course!) help Paboo to discover the Magic Word and solve the problem of the day!'",,,,"David Dog, Emma Elephant, Paboo Panda, Pappy, Peggy Pig, Peter Pig, Rosie Rabbit, Zorro Zebra, Mayori Sekijima
Screenplay & Series Composition, Masashi Kubota
Screenplay","Mayori Sekijima : Screenplay & Series Composition, Masashi Kubota : Screenplay"
Yu-Gi-Oh! Zexal Special,,Other,,Gallop,,"Shounen, Card Battles, Based on a Manga",3.25,2012.0,,'No synopsis yet - check back soon!',,"Yu-Gi-Oh!, Yu-Gi-Oh! Duelist, Yu-Gi-Oh! Millennium World, Yu-Gi-Oh! R, Yu-Gi-Oh! GX, Yu-Gi-Oh! 5D's, Yu-Gi-Oh! Zexal, Yu-Gi-Oh! Arc-V (Naohito MIYOSHI), Yu-Gi-Oh! Arc-V, Yu-Gi-Oh! Transcend Game","Yu-Gi-Oh! Zexal, Yu-Gi-Oh! Zexal II, Yu-Gi-Oh! Zexal II: Midokoro Tenkomori Special, Yu-Gi-Oh! Zexal II: Iza! Saishuu Kessen e!! Special","Astral, Taiki Kimura, Yuma Tsukumo, Kotori Mizuki, Takashi Todoroki, Tetsuo Takeda",
rerulili: Seishun Shoukougun, rerulili: Youth Syndrome,Music,,,,Vocaloid,3.25,2012.0,,'No synopsis yet - check back soon!',,,,"Rerulili
Producer",Rerulili : Producer
Mai Zhu, Pig Sale,Movie,,,,"Comedy, Chinese Animation, Crude, Pigs, Poverty",3.25,2012.0,,'No synopsis yet - check back soon!',,,,,
Recorder and Randsell, Recorder to Randoseru Do♪,TV   ,13.0,Seven,Winter,"Comedy, Seinen, Slice of Life, School Life, Short Episodes, Siblings, Based on a 4-Koma Manga, Based on a Manga",3.25,2012.0,,"""As siblings go, Atsumi and Atsushi are anything but typical. High schooler Atsumi is exceptionally small for her age, and elementary schooler Atsushi is abnormally tall with a deep voice, leading to misunderstandings on both sides! Whether Moriyama-sensei gets embarassed by Atsushi's every move, or Atsumi is offered candy meant for children, or poor Atsushi is arrested for being a perv that’s trying to snatch kids on their way to class, this brother and sister duo is bound to have an eventful day-to-day life!""",,Recorder and Randsell,"Recorder and Randsell Re, Recorder and Randsell OVA, Recorder and Randsell Mi, Recorder and Randsell Mi Special","Atsumi Miyagawa : Rie Kugimiya, Atsushi Miyagawa : Ryotaro Okiayu, Futami Moriyama : Tomoe Tamiyasu, Hina Soejima : Aya Uchida, Sayo : Aya Hirano, Take-Nii : Takahiro Sakurai, Takumi : Aya Gouda, Tetsuya : Yoshino Nanjou, Meme Higashiya
Original Creator, Hiroshi Kimura
Director, Takaaki Anzai
Music, Naruyo Takahashi
Character Design, Tomio Yamauchi
Storyboard","Meme Higashiya : Original Creator, Hiroshi Kimura : Director, Takaaki Anzai : Music, Naruyo Takahashi : Character Design, Tomio Yamauchi : Storyboard"
Dear November boy., 11-gatsu Umare no Otokonoko no Tame ni.,Web  ,1.0,,,"Family Friendly, Shorts, Stop Motion Animation, Original Work",3.25,2012.0,,'A small surprise is given to a boy\xa0on the morning of the first snow.',,,,"Takeshi Yashiro
Director",Takeshi Yashiro : Director
Wolf Children x House Shokuhin Stew, Ookami Kodomo no Ame to Yuki x House Shokuhin Stew,Other,,,,"Slice of Life, Promotional",3.25,2012.0,,'No synopsis yet - check back soon!',,,Wolf Children,"Ame, Hana, Yuki",
Mass Effect: Paragon Lost,,Movie,,Production I.G,,"Action, Sci Fi, Aliens, Outer Space, Based on a Video Game",3.25,2012.0,,"'This prequel to Mass Effect 3 follows the early career of Alliance Marine, James Vega. Vega leads an elite Special Forces squad into battle against a mysterious alien threat known as The Collectors. Stationed at a colony in a remote star system, Vega and his soldiers must protect the civilians from a ruthless invasion determined to capture the population for unknown purposes.'",,,,"James Vega : Freddie Prinze Jr., Treeya : Monica Rial, Brood : Justin Cook, Essex : Eric Vale, Kamille : Laura Bailey, Mason : Marc Swint, Messner : Vic Mignogna, Milque : Todd Haberkorn, Atsushi Takeuchi
Director",Atsushi Takeuchi : Director
Pororo the Little Penguin 4, Porong Porong Pororo 4,TV   ,26.0,,,"Fantasy, Slice of Life, Animal Protagonists, Anthropomorphic, Birds, Korean Animation, Non-Human Protagonists, Penguins, Short Episodes, CG Animation",3.25,2012.0,,'No synopsis yet - check back soon!',,,"Pororo the Little Penguin, Pororo to the Cookie Castle, Pororo the Little Penguin 2, Pororo the Little Penguin 3, Porong Porong Rescue Mission, Pororo the Little Penguin: The Racing Adventure, Pororo the Little Penguin 5, Porong Porong: Snow Fairy Adventure, Pororo the Little Penguin 6","Crong : Mija Lee, Eddy : Sujeong Ham, Harry : Seoyeong Kim, Loopy : Soyeong Hong, Petty : Misook Jeong, Poby : Hwanjin Kim, Pororo : Seon Lee, Rody : Mija Lee",
My Life,,Web  ,1.0,,,"Slice of Life, No Dialogue, Shorts, Original Work",3.25,2012.0,,'No synopsis yet - check back soon!',,,,"Girl, Junichi Yamamoto
Director",Junichi Yamamoto : Director
Nagareboshi Lens Specials, Shooting Star Lens Specials,TV Sp,,,,"Romance, Shoujo, Commercials, Promotional, Short Episodes, Based on a Manga",3.24,2012.0,,'No synopsis yet - check back soon!',,Nagareboshi Lens,Nagareboshi Lens,"Risa Hanakago : Yuuka Nanri, Mayu Murata
Original Creator",Mayu Murata : Original Creator
His Lipstick,,Other,,RG Animation Studios,,"Animal Protagonists, Korean Animation, Non-Human Protagonists, Rabbits, Shorts, CG Animation",3.24,2012.0,,'No synopsis yet - check back soon!',,,,Rabbit,
Pokemon: Meloetta's Moonlight Serenade, Pokemon: Meloetta no Kirakira Recital,Movie,,OLM,,"Fantasy, Shounen, Family Friendly, Monsters, Based on a Video Game",3.24,2012.0,,"'Meloetta no Kirakira Recital\xa0featured only Pokemon creatures, and revolved around the extremely rare telekinetic Pokemon\xa0Meloetta. The film also co-star Pikachu, Oshawott, Axew, Totodile, Chikorita, Torchic, and Piplup, among other popular Pokemon creatures.'",,"Pokemon: Machamp's 24-Hour Champ Police!, Pokemon: The Electric Tale of Pikachu, Pokémon Adventures, Magical Pokemon Journey, Pokemon Getto da ze!, Pokémon: Diamond and Pearl Adventure!, Pokemon Mystery Dungeon: Ginji's Rescue Team, Pokemon Ranger, Pokemon Ranger and the Temple of the Sea, Pokemon: The Rise of Darkrai, Pokemon Diamond Pearl: Regigigas Hokaku Daisakusen!!, Pokemon Ranger Batonnage, Kaitou! Pokemon 7, Pokemon: Giratina & the Sky Warrior!, Pokémon: Arceus and the Jewel of Life, Pokemon ReBURST, Pokemon the Movie: White - Victini and Zekrom, Pokemon + Nobunaga no Yabou - Ranse Iroemaki, Pokémon: Diancie and the Cocoon of Destruction, Pokémon: Omega Ruby & Alpha Sapphire, Pokemon the Movie: Hoopa and the Clash of Ages, Pokemon the Movie XY&Z: Volcanion to Karakuri no Magiana, Pokemon Horizon: Sun & Moon, Pokémon: Sun & Moon, Pokémon the Movie: I Choose You!","Pokemon: Pichu Bros. in Party Panic, Pokemon: Gotta Dance!, Pokemon Movie 6: Jirachi Wish Maker, Pokemon Movie 7: Destiny Deoxys, Pokemon: Pikachu's Summer Festival, Pokemon Movie 8: Lucario and The Mystery of Mew, Pokemon: Pikachu's Ghost Carnival, Pokemon Movie 9: Pokemon Ranger and the Temple of the Sea, Pokemon: Pikachu's Island Adventure, Pokemon: Diamond & Pearl, Pokemon Movie 10: The Rise of Darkrai, Pokemon: Pikachu Tanken Club, Pokemon Mystery Dungeon: Explorers of Time and Darkness, Pokemon Movie 11: Giratina and the Sky Warrior, Pokemon: Pikachu's Great Ice Adventure, Pokemon Movie 12: Arceus and the Jewel of Life, Pokemon: Pikachu's Great Sparking Search, Pokemon Movie 13: Zoroark - Master of Illusions, Pokemon: Pikachu's Big Mysterious Adventure, Pokemon: Black & White, Pokemon Movie 14: Black - Victini and Reshiram, Pokemon Movie 14: White - Victini and Zekrom, Pokemon Black Version 2 and White Version 2, Pokemon: Black & White - Rival Destinies, Pokemon: Utae Meloetta - Rinka no Mi wo Sagase!, Pokemon Movie 15: Kyurem vs. The Sword of Justice, Pokemon: Black & White: Adventures in Unova, Pokemon: Black & White: Adventures in Unova and Beyond, Pokemon: Mewtwo - Prologue to Awakening, Pokemon: Eevee and Friends, Pokemon XY Special: Road to Kalos, Pokemon XY: Mega Evolution, Pokemon XY: Sora no Hahen, Pokemon: Diancie, Princess of the Diamond Domain, Pokemon Movie 17: Diancie and the Cocoon of Destruction, Pokemon: Hoopa, The Mischief Pokemon","Ash'S Pikachu : Ikue Ootani, Jessie'S Wobbuffet : Yuuji Ueda, Meloetta : Megumi Nakajima, Team Rocket’S Meowth : Inuko Inuyama, Ash'S Oshawott : Misato Fukuen, Ash'S Scraggy : Akeno Watanabe, Ash'S Snivy : Megumi Hayashibara, Ash'S Tepig : Wasabi Mizuta, Kunihiko Yuyama
Director, Akifumi Tada
Music, Norihiro Matsubara
Character Design, Reiji Kasuga
Art Director, Junya Okamoto
Producer, Chouji Yoshikawa
Producer, Akiko Odawara
Producer, Takemoto Mori
Producer","Kunihiko Yuyama : Director, Akifumi Tada : Music, Norihiro Matsubara : Character Design, Reiji Kasuga : Art Director, Junya Okamoto : Producer, Chouji Yoshikawa : Producer, Akiko Odawara : Producer, Takemoto Mori : Producer"
Kumorina: Namae no Nai Hi,,Music,,,,"Abstract, Outer Space",3.24,2012.0,,'No synopsis yet - check back soon!',,,,"Takaharu Shimizu
Director, Kumorina
Music","Takaharu Shimizu : Director, Kumorina : Music"
Kill Me Baby,,TV   ,13.0,J.C.Staff,Winter,"Comedy, Seinen, Slice of Life, Assassins, Gag, School Life, Slapstick, Based on a 4-Koma Manga, Based on a Manga",3.24,2012.0,,"'Sonya may look like a regular school girl, but in truth she’s a deadly assassin who keeps to herself. Despite many warnings not to get involved with her, ditzy Yasuna decides that she is her friend, even if it means getting her arm broken or ending up in a headlock each time she surprises the young hitman. And just to make matters worse, ninja girl, Agiri - an associate of Sonya\'s -\xa0also attends the same school. With Sonya resorting to violence at every turn and Agiri parading her various ""techniques"" at every turn, Yasuna’s school life is about to get all the more hectic... that is, if she can manage to survive in one piece!'",,Kill Me Baby,Kill Me Baby OVA,"Sonya : Mutsumi Tamura, Yasuna Oribe : Chinatsu Akasaki, Agiri Goshiki : Ai Takabe, Bear, Little Girl : Satomi Arai, Tsuchinoko : Choo, Unused Character : Rie Kugimiya, Kaduho
Original Creator, Yoshiki Yamakawa
Director, Shinya Hasegawa
Character Design, Hiroyuki Kobayashi
Producer, Yuuji Matsukura
Producer, Shinichi Nakamura
Producer, Junichirou Tanaka
Producer, Shigeru Nishiyama
Editor","Kaduho : Original Creator, Yoshiki Yamakawa : Director, Shinya Hasegawa : Character Design, Hiroyuki Kobayashi : Producer, Yuuji Matsukura : Producer, Shinichi Nakamura : Producer, Junichirou Tanaka : Producer, Shigeru Nishiyama : Editor"
The Ambition of Oda Nobuna Recap, Oda Nobuna no Yabou Soushuuhen,TV Sp,,MADHOUSE,,"Action, Feudal Japan, Historical, Person in a Strange World, Rebellions, Recap, Time Travel, War, Based on a Light Novel",3.24,2012.0,,'No synopsis yet - check back soon!',,"The Ambition of Oda Nobuna (Light Novel), The Ambition of Oda Nobuna, The Ambition of Oda Nobuna: Himesama to Issho, The Ambition of Oda Nobuna: Azuchi Nikki (Light Novel)",The Ambition of Oda Nobuna,"Nobuna Oda, Yoshiharu Sagara, Yuuji Kumazawa
Director, Yasuharu Takanashi
Music, Yuka Takashina
Character Design","Yuuji Kumazawa : Director, Yasuharu Takanashi : Music, Yuka Takashina : Character Design"
Tantei Opera Milky Holmes: Alternative,,TV Sp,,J.C.Staff,,"Comedy, Mystery, Detectives",3.24,2012.0,,'No synopsis yet - check back soon!',,Tantei Opera Milky Holmes: Radical Time,"Tantei Opera Milky Holmes, Tantei Opera Milky Holmes: Summer Special, Tantei Opera Milky Holmes 2, Futari wa Milky Holmes, Tantei Opera Milky Holmes TD, Tantei Opera Milky Holmes Movie: Milky Holmes' Counterattack, Tantei Opera Milky Holmes: Fun Fun Pearly Night - Ken to Janet no Okurimono","Cordelia Glauca : Izumi Kitta, Hercule Barton : Mikoi Sasaki, Nero Yuzurisaki : Sora Tokui, Sherlock Shellingford : Suzuko Mimori, Edgar Moran : Shinji Ogawa, Inspector Hartley Quinn : Mai Nakahara, Kitty Evans : Harumi Sakurai, Lily Adler : Kana Asumi, Yoshiaki Iwasaki
Director, Satoru Inohara
Music, Seiya Numata
Character Design","Yoshiaki Iwasaki : Director, Satoru Inohara : Music, Seiya Numata : Character Design"
Squid Girl: Kore ga Umi e no Ai Janaika!, Shinryaku! Ika Musume: Kore ga Umi e no Ai Janaika!,Music,,diomedea,,"Comedy, Ocean, Based on a Manga",3.24,2012.0,,'No synopsis yet - check back soon!',,Squid Girl,"Squid Girl, Squid Girls Specials, Squid Girl: Ika Ice Tabena-ika?, Squid Girl 2, Squid Girl OVA","Ika Musume, Sanae Nagatsuki, Takeru Aizawa, Alex, Ayumi Tokita, Chizuru Aizawa, Clark, Cyndi Campbell, Masahiro Anbe
Original Creator",Masahiro Anbe : Original Creator
OSTER project: Summer Idol,,Music,,,,Vocaloid,3.23,2012.0,,'No synopsis yet - check back soon!',,,,"Miku Hatsune, Rin Kagamine, Oster Project
Producer",Oster Project : Producer
Thermae Romae: Kodai Romajin ga Uchuu e,,Other,,DLE,,"Comedy, Seinen, Outer Space, Promotional, Shorts, Based on a Manga",3.23,2012.0,,'No synopsis yet - check back soon!',,Thermae Romae,"Thermae Romae x Asahi Shimbun Digital Collaboration, Thermae Romae x LOFT Collaboration, Thermae Romae, Thermae Romae Specials, Thermae Romae x TOTO Collaboration, Thermae Romae x Yoyogi Animation Gakuin Collaboration",Lucius Modestus,
Blossom,,Other,,Ordet,,"Drama, Angels, Countryside, Natural Disaster, Shorts",3.23,2012.0,,"'After a devastating tsunami, an old man works tirelessly to help life grow again, as angels watch over him.'",,,,"Old Man, Yutaka Yamamoto
Director, Sunao Chikaoka
Character Design","Yutaka Yamamoto : Director, Sunao Chikaoka : Character Design"
Yukkedoluce: Ringo Uri no Utakata Shoujo, Yukkedoluce: The Transient Apple Salesgirl,Music,,,,"Drama, Vocaloid",3.23,2012.0,,'No synopsis yet - check back soon!',,,,"Yukkedoluce
Producer",Yukkedoluce : Producer
Arashi no Yoru ni: Himitsu no Tomodachi,,TV   ,26.0,Sparky Animation,Spring,"Animal Protagonists, Countryside, Family Friendly, Non-Human Protagonists, Based on a Novel, CG Animation",3.23,2012.0,,"'""One stormy night."" These are the words Mei will say outside of the barn to identify his new friend. ""One stormy night."" Gabu will say this phrase to finally meet the friend he made in the darkness of the storm. Mei and Gabu had taken shelter in the barn, and in the darkness they comforted each other, only to find that they were very similar, striking a friendship there and then. ""One stormy night"", and they would finally meet face to face at their promised place and time, but on this fateful night Mei, an orphan goat, and Gabu, a wolf, finally see each other. Will their friendship work? Will their communities allow it?'",,,Arashi no Yoru ni,"Gabu : Hiroyuki Yoshino, Mei : Rie Kugimiya, Giro : Kouichi Yamadera, Mina : Yui Horie, Risu : Asaki Takase, Tapper : Tatsuhisa Suzuki, Tetsurou Amino
Director, Makoto Furukawa
Producer, Jun Takei
Producer","Tetsurou Amino : Director, Makoto Furukawa : Producer, Jun Takei : Producer"
"Open Play, Forgetting Eye"," Hirakareta Asobi, Wasureru Me",Movie,,,,"Abstract, No Dialogue, Shorts, Nudity",3.22,2012.0,,"'Employing the methodology of the Surrealist “exquisite corpse,” this work is a way to play at “linking forgotten images.” When we draw pictures day after day, we sometimes forget the pictures we draw some days earlier. With the use of a sliding black support, pictures are connected together at random to produce new images.'",Nudity,,,"Alimo
Director, Hoshiko Yamane
Music, Koji Yamamura
Producer","Alimo : Director, Hoshiko Yamane : Music, Koji Yamamura : Producer"
kemu: Chikyuu Saigo no Kokuhaku o,,Music,,,,Vocaloid,3.22,2012.0,,'No synopsis yet - check back soon!',,,kemu: Ikasama Life Game,"Kemu
Producer",Kemu : Producer
Neru: Saikyouiku, Neru: Re-Education,Music,,,,Vocaloid,3.22,2012.0,,'No synopsis yet - check back soon!',,,,"Len Kagamine, Rin Kagamine, Neru
Producer",Neru : Producer
Ukiyodoko,,Movie,,,,"Comedy, Rakugo, Shorts",3.22,2012.0,,"'The film is based on Ukiyodoko, a rakugo storytelling piece. Hanzo, the hero, brags to his friends to make a party go. Human nature remains unchanged once and now, as the time goes. We love meaningless conversations among boon companions. Different communication methods are visually tangled in different times, Edo and today. The theme is an “interchange between the transient and the immutable.”'",,,,Hanzo,
daniwell: Love Logic,,Music,,,,Vocaloid,3.22,2012.0,,'No synopsis yet - check back soon!',,,,"Mayu, Daniwell
Producer",Daniwell : Producer
B-Daman Fireblast, Cross Fight B-Daman eS,TV   ,52.0,Synergy SP,Fall ,"Action, Adventure, Fantasy, Shounen, Family Friendly, Short Episodes, Based on a Manga, Based on a Video Game",3.22,2012.0,2013.0,"'In ""Crest Land,"" a\xa0mysterious ""B-Crystal"" has started to go berserk. The main protagonist Kamon Godai lives in the south area of Crest Land, and is an energetic boy who loves B-Daman. However, he lost his all past memories of B-Daman and his family, except for his big sister Aona who lives with him. One day, Kamon meets Garuburn, a B-Daman at his local B-Daman shop, ""B-Junk,"" and he finds Garuburn strangely familiar. Garuburn becomes his partner, and he returns to the B-Daman battles once again.'",,,B-Daman Crossfire,"Dorashian : Kentarou Itou, Kakeru Ryuugazaki : Momoko Ohara, Kamon Godai : Yasuaki Takumi, Subaru Shirogane : Sachi Kokuryu, Basara Kurofuchi : Shinnosuke Tachibana, Daiki Watari : Yuki Kaida, Dravise : Ryouta Takeuchi, Gouichirou Tsukiwa : Akio Suyama, Yoshinori Odaka
Director, Kenji Fujisaki
Character Design","Yoshinori Odaka : Director, Kenji Fujisaki : Character Design"
La Storia Della Arcana Famiglia, Arcana Famiglia: La Storia della Arcana Famiglia,TV   ,12.0,J.C.Staff,Summer,"Action, Comedy, Drama, Gangs, Mafia, Superpowers, Based on an Otome Game, Based on a Visual Novel",3.22,2012.0,,"""The Arcana Famiglia is no ordinary mafia. The organization, headed by the powerful Mondo, lives on Regalo Island and protects its citizens from crime and corruption with the help of certain members who wield supernatural powers known as Arcana. But Mondo is growing older, and has decided to organize a tournament to determine which Arcana wielder will take his place – and his daughter Felicitá's hand in marriage, much to her dismay. Now, as Felicitá herself and other friends and colleagues wait to enter the competition, they reminisce\xa0about old times, perform good deeds for the townsfolk and continue to hone their Arcana skills.""",,Arcana Famiglia: Amore Mangiare Cantare!,La Storia Della Arcana Famiglia: Capriccio - stile Arcana Famiglia,"Felicitá : Mamiko Noto, Libertà : Jun Fukuyama, Nova : Tsubasa Yonaga, Dante : Juurouta Kosugi, Debito : Hiroyuki Yoshino, Jolly : Kouji Yusa, Luca : Yuuichi Nakamura, Mondo : Fumihiko Tachiki, Chiaki Kon
Director, Yasuhiro Misawa
Music, Mai Matsuura
Character Design, Mika Nomura
Producer, Hiroyuki Oomori
Producer, Kozue Kaneniwa
Producer, Fuminori Yamazaki
Producer, Takanori Honma
Producer","Chiaki Kon : Director, Yasuhiro Misawa : Music, Mai Matsuura : Character Design, Mika Nomura : Producer, Hiroyuki Oomori : Producer, Kozue Kaneniwa : Producer, Fuminori Yamazaki : Producer, Takanori Honma : Producer"
Nem: Aru Bakeneko no Koi Monogatari,,Music,,,,Vocaloid,3.22,2012.0,,'No synopsis yet - check back soon!',,,,"Len Kagamine, Nem
Producer",Nem : Producer
Inferno Cop,,Web  ,13.0,CoMix Wave Films,Fall ,"Action, Comedy, Anime Bancho, Gag, Short Episodes, Original Work",3.22,2012.0,2013.0,"'In the crime infested Jack Knife Edge Town, Inferno Cop is a brutal police officer who stands up against the powerful Southern Cross organization. He must go on an insane adventure plotted by the evil group to eliminate him and allow them to conquer the world.'",,,"Inferno Cop 2nd Season, Inferno Cop: Fact Files, Inferno Cop Specials","Inferno Cop, Mecha Cop, Mr. Judge, Ariel Suzuki, Baby, Fbi, Heel Bad Billy, Hell Fire Boy, Akira Amemiya
Director",Akira Amemiya : Director
Eureka Seven AO: The Flowers of Jungfrau, Eureka Seven AO: Jungfrau no Hanabana-tachi,OVA  ,1.0,Bones,,"Sci Fi, Original Work",3.22,2012.0,,"""Team Pied Piper is assigned to take part in a special festival in Switzerland as part of Generation Bleu's public relations policy, but Fleur and Elena have Ao dress up as a girl much to his chagrin. At the festival, the trio find themselves running away from an insistent journalist until they are called back to confront a Secret that appears on the border of Italy.""",,"Eureka Seven: Gravity Boys & Lifting Girl, Eureka Seven, Eureka Seven (Light Novel), Eureka Seven AO, Eureka Seven nAnO","Eureka Seven, Eureka Seven: Navigation ray=out, Eureka Seven: Good Night, Sleep Tight, Young Lovers, Eureka Seven Ao: Aratanari Fukaki Ao, Eureka Seven: New Order, Eureka Seven AO, Eureka Seven AO Final Episode: One More Time -lord don't slow me down-","Ao Fukai : Yuutarou Honjou, Elena Peoples : Chiaki Omigawa, Fleur Blanc : Ayaka Oohashi, Gazelle : Takuya Kirimoto, Han Juno : Yoshinori Fujita, Pippo : Keikou Sakai, Sophia C. Friday : Rina Satou, Chloe Mccaffrey, Tomoki Kyoda
Director, Hiroko Kazui
Director, Koji Nakamura
Music, Hiro Kanzaki
Character Design, Shouji Kawamori
Mechanical Design, Motoki Mukaichi
Producer, Naoki Amano
Producer, Hirotsugu Ogisu
Producer","Tomoki Kyoda : Director, Hiroko Kazui : Director, Koji Nakamura : Music, Hiro Kanzaki : Character Design, Shouji Kawamori : Mechanical Design, Motoki Mukaichi : Producer, Naoki Amano : Producer, Hirotsugu Ogisu : Producer"
"Say ""I love you."" - Mei and Marshmallow", Sukitte Ii na yo.: Mei and Marshmallow,DVD S,,Zexcs,,"Comedy, Chibi, CG Animation",3.21,2012.0,2013.0,'No synopsis yet - check back soon!',,Say I Love You.,"Say ""I love you."", Say ""I love you."" OVA","Marshmallow, Mei Tachibana : Ai Kayano, Kuro, Mei'S Mother : Yuu Kobayashi",
HoneyWorks: Suki Kirai,"Alt titles: HoneyWorks: Like, Dislike, Suki Kirai",Music,,,,Vocaloid,3.21,2012.0,,'No synopsis yet - check back soon!',,,,"Honeyworks
Producer",Honeyworks : Producer
Azuma Hitomi: Harinezumi,,Music,,,,,3.21,2012.0,,'No synopsis yet - check back soon!',,,,,
Fate/Zero: Onegai! Einzbern Soudanshitsu,,DVD S,,ufotable,,"Comedy, Fantasy",3.21,2012.0,,'No synopsis yet - check back soon!',,"Fate/Stay Night: Comic Battle, Fate/Stay Night, Himuro no Tenchi Fate/School Life, Fate/Zero (Light Novel), Fate/Tiger Colosseum Upper, Fate/Kaleid Liner Prisma Illya, Fate/Kaleid Liner Prisma Illya 2wei!, Fate/Extra, Fate/Kaleid Liner Prisma Illya 3rei!!, Fate/Prototype: Tribute Phantasm, Fate/Extra: CCC Fox Tail, Fate/Hollow Ataraxia, Fate/Prototype: Soukan no Fragments (Light Novel), Fate/Kaleid Liner Prisma Illya (Light Novel), Fate/strange Fake, Fate/Mahjong Night: Seihai Sensou, Fate/Gudaguda Order, Fate/strange Fake (Light Novel), Fate/stay night: Garden of Avalon (Light Novel), Fate/Labyrinth (Light Novel), Fate/Apocrypha, Today's Menu for Emiya Family, Fate/Ixtella","Fate/stay night, Fate/stay night: TV reproduction, Fate/stay night: Unlimited Blade Works Movie, Fate/Zero, Fate/Prototype, Fate/Zero 2, Fate/Kaleid Liner Prisma Illya, Fate/Kaleid Liner Prisma Illya Specials, Fate/Kaleid Liner Prisma Illya 2wei! First Bra - Illya-hen, Fate/Kaleid Liner Prisma Illya: Undoukai de Dance!, Fate/Kaleid Liner Prisma Illya 2wei!, Fate/stay night: Unlimited Blade Works, Fate/Kaleid Liner Prisma Illya 2wei! OVA, Fate/stay night: Unlimited Blade Works 2 - Sunny Day, Fate/stay night: Unlimited Blade Works 2, Fate/kaleid Liner Prisma Illya 2wei Herz!, Fate/kaleid Liner Prisma Illya 2wei Herz! Specials, Fate/Kaleid Liner Prisma Illya 3rei!!, Fate/Kaleid Liner Prisma Illya 3rei!! Special, Fate/stay night: Heaven's Feel I. presage flower","Irisviel Von Einzbern : Sayaka Oohara, Taiga Fujimura : Miki Itou, Assassin : Akina Abe, Berserker : Ryotaro Okiayu, Caster : Satoshi Tsuruoka, Lancer : Hikaru Midorikawa",
Nem: Hatsukoi Gakuen Junai Ka,,Music,,,,"School Life, Vocaloid",3.21,2012.0,,'No synopsis yet - check back soon!',,,,"Gumi, Len Kagamine, Rin Kagamine, Nem
Producer",Nem : Producer
Da Capo III Special,,TV Sp,,Actas,,Based on a Visual Novel,3.21,2012.0,,"'Da Capo III is about to begin, but first, enjoy a countdown of your favorite opening and ending tracks from past seasons while the cast is introduced by none other than Rikka Morizono!'",,"Da Capo, Da Capo Second Graduation, Da Capo II: Imaginary Future","Da Capo, Da Capo Second Season, Da Capo Second Season Specials, Da Capo II, Da Capo if, Da Capo II Second Season, Da Capo: D.C I & II P.S.P, T.P. Sakura: Time Paladin Sakura, Da Capo III","Rikka Morizono : Emi Nitta, Aoi Hinomoto, Charles Yoshino, Himeno Katsuragi, Kiyotaka Yoshino : Yuuki Ono, Sara Rukawa, Aisia, Akane Hanasaki",
Kyoto Animation CM: Megane-hen,,Other,,Kyoto Animation,,"Action, Fantasy, Commercials, Contemporary Fantasy, Magic, Promotional, Shorts, Urban Fantasy, Based on a Light Novel",3.21,2012.0,,'No synopsis yet - check back soon!',,,Beyond the Boundary,"Akihito Kanbara, Hiroomi Nase, Mirai Kuriyama, Mitsuki Nase, Izumi Nase",
Nem: Kaitou Peter & Jenny,,Music,,,,Vocaloid,3.21,2012.0,,'No synopsis yet - check back soon!',,,,"Len Kagamine, Rin Kagamine, Nem
Producer",Nem : Producer
47 Todoufuken Specials,,TV Sp,,Pollyanna Graphics,,"Animal Protagonists, Family Friendly, Non-Human Protagonists, Short Episodes",3.21,2012.0,,'No synopsis yet - check back soon!',,,"47 Todoufuken, 47 Todoufuken R",,
Dragon Age: Dawn of the Seeker, Dragon Age: Blood Mage no Seisen,Movie,,Oxybot,,"Action, Fantasy, Magic, Swordplay, Based on a Video Game, CG Animation, Violence",3.21,2012.0,,"""A brash young Seeker - Cassandra - is accused of treason as she fights a conspiracy that threatens the realm's most powerful religious order. With her life on the line, she must clear her name and expose those working to destroy the Divine.""",Violence,,,"Cassandra Pentaghast : Chiaki Kuriyama, Regalyan D'Marcall : Shosuke Tanihara, Byron : Tetsuo Komura, Divine : Gara Takashima, Frenic : Hiroshi Iwasaki, Grand Cleric : Kaya Matsutani, Knight-Commander : Gackt, Alte : Hajime Iijima, Fumihiko Sori
Director, Tetsuya Takahashi
Music, Daisuke Nakayama
Character Design, Tomohiko Iwase
Producer","Fumihiko Sori : Director, Tetsuya Takahashi : Music, Daisuke Nakayama : Character Design, Tomohiko Iwase : Producer"
Usogui,,OVA  ,1.0,,,"Seinen, Gambling, High Stakes Games, Based on a Manga",3.2,2012.0,,"""Usogui follows the exploits of Bak Madarame known as The Lie Eater as he gambles against malevolent people who wish to kill him in the ultimate gamble. The games are as depraved as the people who place the bet such as Old Maid, Hangman and Escape the Abandoned Building. Bak's ultimate goal to keep his life and in this process enters Kagerou the third party who oversees and secures these games and gets rid of anyone who interferes with them. Follow Bak as he attempts to out-gamble and get control of Kagerou.""",,Usogui,,"Baku Madarame, Toshio Sako
Original Creator, Kazuo Tomizawa
Director","Toshio Sako : Original Creator, Kazuo Tomizawa : Director"
Upotte!! OVA, Upotte!!: Miatte Waratte,OVA  ,1.0,XEBEC,,"Ecchi, Shounen, Slice of Life, Anthropomorphic, The Great Outdoors, Based on a Manga",3.2,2012.0,,"'The cast heads off to camp in the mountains during summer break. Along with fishing, cooking, and splitting watermelons, they discover a hot spring.'",,"Upotte!!, Upotte!! Nano, Upotte!! Rifle Life (Light Novel), Upotte SISTERS!!",Upotte!!,"Eru, Funko, Ichiroku, Shigu, Agu, Emupii, Faru, Fujiko-Sensei : Yuu Asakawa, Kitsune Tennouji
Original Creator",Kitsune Tennouji : Original Creator
Buta,,Movie,,Telecom Animation Film,,"Adventure, Fantasy, Animal Protagonists, Anime Tamago, Non-Human Protagonists, Shorts, Swordplay, Original Work",3.2,2012.0,,"""One night, Kitsune's father tells him about a mysterious treasure map that's been passed down from generation to generation. As the heir to the family, Kitsune is set to inherit the item on his next birthday – but plans change when bandits known as the Torafugu Pirates suddenly burst into the room, stealing both the map, and Kitsune himself. Now far from home and in terrible danger, Kitsune must try to escape and find his way home with the help of an unlikely ally: the mercenary pig Buta.""",,,,"Buta : Masaki Terasoma, Kitsune : Miyuki Sawashiro, Guppy : Satsuki Yukino, Harry : Katsuyuki Konishi, Ony :  Kenta Matsumoto, Torafugu : Shunsuke Sakuya, Kitsune'S Brother : Hiromi Igarashi, Kitsune'S Father : Kazuaki Itou, Kazuhide Tomonaga
Director, Tomonaga Kazuhide
Director, Masaru Yokoyama
Music, Kouji Takeuchi
Producer, Takeuchi Kouji
Producer","Kazuhide Tomonaga : Director, Tomonaga Kazuhide : Director, Masaru Yokoyama : Music, Kouji Takeuchi : Producer, Takeuchi Kouji : Producer"
Duel Masters Victory V,,TV   ,51.0,Shogakukan Music & Digital Entertainment,,"Shounen, Card Battles, Family Friendly, Based on a Manga",3.2,2012.0,2013.0,'No synopsis yet - check back soon!',,,"Duel Masters, Duel Masters Charge, Duel Masters: Curse of the Deathphoenix, Shinseiki Duel Masters Flash, Duel Masters Zero, Zero Duel Masters, Duel Masters Cross, Duel Masters: Lunatic God Saga, Duel Masters Cross Shock, Duel Masters Victory, Duel Masters Victory V3, Duel Masters Versus, Duel Masters Versus Revolution, Duel Masters: Hamukatsu to Dogiragon no Curry-pan Daibouken, Duel Masters Versus Revolution Final","Katta Kirifuda, Shigenobu Matsumoto
Original Creator, Akiko Fujita
Sound Director","Shigenobu Matsumoto : Original Creator, Akiko Fujita : Sound Director"
Wish me mell: Dai 1-kai Mercy Hills Tamago Car Grand Prix,,Web  ,1.0,,,"Animal Protagonists, Family Friendly, No Dialogue, Non-Human Protagonists, Rabbits, Racing, Sanrio Characters, Shorts",3.2,2012.0,,'No synopsis yet - check back soon!',,,Wish Me Mell,"Aro, Chico, Lou, Lutz, Maimai, Marin, Mell, Nina",
Last Note: Route Sphere,,Music,,,,"School Life, Vocaloid",3.19,2012.0,,'No synopsis yet - check back soon!',,,,"Gumi, Last Note
Producer",Last Note : Producer
"Kamaishi no ""Kiseki"": Inochi wo Mamoru Tokubetsu Jugyou",,TV Sp,,,,"Drama, Apocalypse, Educational, Shorts",3.19,2012.0,,'No synopsis yet - check back soon!',,,,,
Last Note: Route Sphere,,Music,,,,"School Life, Vocaloid",3.19,2012.0,,No synopsis yet - check back soon!,,,,"Gumi, Last Note
Producer",Last Note : Producer
"Kamaishi no ""Kiseki"": Inochi wo Mamoru Tokubetsu Jugyou",,TV Sp,,,,"Drama, Apocalypse, Educational, Shorts",3.19,2012.0,,No synopsis yet - check back soon!,,,,,
Bakuman. 2 Special, Bakuman.: Otter No. 11,DVD S,,J.C.Staff,,"Comedy, Writers, Based on a Manga",3.19,2012.0,,No synopsis yet - check back soon!,,"Bakuman., Otter No. 11, Bakuman. Bangai-hen","Bakuman., Bakuman. 2, Bakuman.: Deraman., Bakuman. 3, Bakuman. 3 Specials","Tsugumi Ohba
Original Creator",Tsugumi Ohba : Original Creator
Jin: Nihonbashi Koukashita R Keikaku,,Music,,,,Vocaloid,3.19,2012.0,,No synopsis yet - check back soon!,,,,"Ia, Takuya Hosogane
Director, Jin
Producer","Takuya Hosogane : Director, Jin : Producer"
Upotte!!,,Web  ,10.0,XEBEC,Spring,"Action, Comedy, Ecchi, Shounen, Anthropomorphic, Guns, School Life, Based on a Manga",3.19,2012.0,,"Funko, Shigu, Eru and Ichiroku seem to be typical school girls on the surface, but they're actually powerful, dangerous guns that must be treated with care and respect! Together, they attend Seishou Academy, a special place where not only are all of the students guns, the teachers are as well. That is, except for one new educator who arrives, unaware of the crazy, dangerous times that lie ahead!",,"Upotte!!, Upotte!! Nano, Upotte!! Rifle Life (Light Novel), Upotte SISTERS!!",Upotte!! OVA,"Eru : Misato, Funko : Iori Nomizu, Ichiroku : Misuzu Togashi, Shigu : Kaori Sadohara, Faru : Mina, Galil Ar : Mariko Honda, Ichihachi : Aya Gouda, Ichiyon : Saeko Zougou, Kitsune Tennouji
Original Creator, Takao Kato
Director, Akio Takami
Character Design, Kenjirou Gomi
Producer, Junichirou Tamura
Producer, Takumi Kusakabe
Producer","Kitsune Tennouji : Original Creator, Takao Kato : Director, Akio Takami : Character Design, Kenjirou Gomi : Producer, Junichirou Tamura : Producer, Takumi Kusakabe : Producer"
Kizuna (Tekken),,Web  ,1.0,,,"Romance, Shorts",3.19,2012.0,,No synopsis yet - check back soon!,,,,"Boy, Girl, Tekken
Director",Tekken : Director
Tomato confit,,Movie,,,,"Comedy, Shorts",3.19,2012.0,,"There once lived two brothers in a town. The elder lived alone. The younger lived with his parents. They did not get along well, did neither badly. They called each other occasionally. The elder one was impatient and emotional and does nothing but work. The younger one goes steadily his way. One day the elder brother’s face turned into a tomato…",,,,,
Pinocchio-P: Kaisan Shichatta Band, Pinocchio-P: Disbanded Band,Music,,,,"Music, Vocaloid",3.19,2012.0,,No synopsis yet - check back soon!,,,,"Pinocchio-P
Producer",Pinocchio-P : Producer
Pinocchio-P: Fushigi no Kohanasaichi, Pinocchio-P: Wonderous Little Boxes,Music,,,,Vocaloid,3.18,2012.0,,No synopsis yet - check back soon!,,,,"Miku Hatsune, Pinocchio-P
Producer",Pinocchio-P : Producer
Kyou no Asuka Show,,Web  ,20.0,SILVER LINK.,Summer,"Comedy, Ecchi, Seinen, Slice of Life, Panty Shots, Short Episodes, Based on a Manga",3.18,2012.0,2013.0,"Attractive and airheaded Asuka Kyōno is a middle-school student who lives with her father, whose undisclosed job involves seeing women in various states of undress. She is frequently unaware of the sexual suggestiveness her actions unintentionally have.",,Kyou no Asuka Show,,"Asuka Kyouno : Arisa Noto, Asuka'S Father : Keiji Fujiwara, Kobayashi, Mao Sawada, Mika, Old Woman, Popsicle Seller, Takkun, Taishi Mori
Original Creator, Masato Jinbou
Director, Tomoki Kikuya
Music, Masashi Kudou
Character Design","Taishi Mori : Original Creator, Masato Jinbou : Director, Tomoki Kikuya : Music, Masashi Kudou : Character Design"
Yuyoyuppe: Who am I?,,Music,,,,"Vocaloid, CG Animation",3.18,2012.0,,No synopsis yet - check back soon!,,,,"Rin Kagamine, Wakamurap
Director, Yuyoyuppe
Producer","Wakamurap : Director, Yuyoyuppe : Producer"
"So, I Can't Play H! Recap", Dakara Boku wa H ga Dekinai Recap,TV Sp,,feel.,,"Action, Comedy, Ecchi, Fantasy, Harem, Recap, Supernatural, Based on a Light Novel, Nudity",3.18,2012.0,,"A recap episode, covering episodes 1-7 of So, I Can't Play H!",Nudity,"So, I Can't Play H! (Light Novel), So, I Can't Play H!, So, I Can't Play H! Caesar no Bonnou","So, I Can't Play H!, So, I Can't Play H! OVA","Lisara Restall, Ryousuke Kaga, Iria Fukumune, Mina Oukura, Quele Sellier",
Amagami SS+ Picture Drama,,DVD S,,AIC,,"Romance, Picture Drama, School Life, Based on a Visual Novel",3.18,2012.0,,No synopsis yet - check back soon!,,Amagami Wa!,"Amagami SS, Amagami SS Special, Amagami SS OVA, Amagami SS+, Amagami SS+ Specials","Ai Nanasaki : Yukana, Haruka Lovely Morishima : Shizuka Itou, Jun'Ichi Tachibana : Tomoaki Maeno, Kaoru Tanamachi : Rina Satou, Rihoko Sakurai : Ryouko Shintani, Sae Nakata : Hiromi Konno, Tsukasa Ayatsuji : Kaori Nazuka",
Neru: Shounen Shoujo Chameleon Symptom, Neru: Boy and Girl Chameleon Symptom,Music,,,,Vocaloid,3.18,2012.0,,No synopsis yet - check back soon!,,,,"Rin Kagamine, Neru
Producer",Neru : Producer
OverTheDogs: It's a Small World,,Music,,,,Romance,3.18,2012.0,,No synopsis yet - check back soon!,,,,"Ryo Hirano
Director, Overthedogs
Music","Ryo Hirano : Director, Overthedogs : Music"
Puchimas! Wakku Waku!!,,OVA  ,1.0,,,Chibi,3.17,2012.0,,No synopsis yet - check back soon!,,"THE [email protected] Comic Anthology, The [email protected]: Your [email protected], The [email protected], The [email protected] Relations, Puchimas! Petit [email protected], The [email protected] Break!, The [email protected] Dearly Stars: Neue Green, The [email protected] Dearly Stars: Splash Red, The [email protected] Dearly Stars: Innocent Blue, The [email protected] 2: Nemurihime, The [email protected] 2: Colorful Days, The [email protected] 2: The World Is All One!!, [email protected] of Jupiter - The [email protected], The [email protected] (Mana), The [email protected]: Cinderella Girls - Ensemble!, The [email protected] Cinderella Girls Shuffle!!, The [email protected]: Million Live! Back Stage, The [email protected]: Million Live!, The [email protected]: Million Live! Comic Anthology, The [email protected] SideM: Dramatic Stage","The [email protected], The [email protected]: Shiny Festa, The [email protected]: 765 Pro to Iu Monogatari, Puchimas! Petit [email protected], Puchimas! Petit [email protected] - Takatsuki Gold Densetsu Special!! Harukasan Matsuri, Puchimas! Petit [email protected] OVA, The [email protected]: Onegai Cinderella, Puchimas! Petit Petit [email protected], The [email protected] Movie: Kagayaki no Mukougawa e!, The [email protected]: Cinderella Girls: Special Program, The [email protected]: Cinderella Girls Second Series, The [email protected]: Cinderella Girls Special: Anytime, Anywhere with Cinderella","Afuu : Akiko Hasegawa, Ami Futami : Asami Shimoda, Azusa Miura : Chiaki Takahashi, Chibiki :  Manami Numakura, Chicchan : Naomi Wakabayashi, Chihaya Kisaragi : Asami Imai, Chihya : Asami Imai, Haruka Amami : Eriko Nakamura",
WWF 100% Renewable Energy,,Web  ,1.0,,,"Educational, Environmental, Promotional, Shorts",3.17,2012.0,,This film was made for the campaign for using renewable energy completely in the future was sponsored by WWF JAPAN against the last nuclear power plant disaster occured in Japan. Let's go on a tour for finding out about the renewable energy with a cute panda!,,,,"Amika Kubo
Director",Amika Kubo : Director
009 Re:Cyborg,,Movie,,Production I.G,,"Action, Sci Fi, Shounen, Cyborgs, Superheroes, Based on a Manga, CG Animation",3.17,2012.0,,"Many years ago, nine humans were captured and transformed into cyborgs for the purposes of becoming agents of evil. Instead, they rebelled, becoming champions of justice anytime the earth was in need. Now, in a post-9/11 world, the meaning of ""justice"" has become clouded. The cyborgs, untouched by time, and some without memory of their status as heroes, have since taken up lives as ordinary civilians. But when a mysterious force known only as ""His Voice"" compels people across the world to commit unspeakable acts of violence, even cyborg 009, Joe Shimamura, falls victim to the irresistible faceless power. In an era when cyber-terrorism is rapidly advancing, how can the cyborgs combat an enemy that has no face, no weapons, and seemingly no motive?",,"Cyborg 009, Dynamic Superobot Wars: Super Robot Retsuden, Cyborg 009 - Trump Tower Hen, Cyborg 009: Kanketsu-hen Conclusion - God's War, 009 RE:CYBORG","Cyborg 009 (1966), Cyborg 009: Kaijuu Sensou, Cyborg 009 (1968), Cyborg 009 (1979), Cyborg 009: Legend of the Super Galaxy, Cyborg 009: The Cyborg Soldier, Cyborg 009: The Reopening, Pepsi Nex x 009 Re:Cyborg, 009 Re:Cyborg: Seishain Cyborg 003, 009 Re:Cyborg x Zip","Jet Link : Daisuke Ono, Joe Shimamura : Mamoru Miyano, Albert Heinrich : Tooru Ookawa, Chang Changku : Tarou Masuoka, Francoise Arnoul : Chiwa Saitou, Geronimo Jr. : Teruyuki Tanzawa, Great Britain :  Hiroyuki Yoshino, Isaac Gilmore : Nobuyuki Katsube, Shotaro Ishinomori
Original Creator, Kenji Kamiyama
Director & Screenplay, Kenji Kawai
Music & Song Composition, Gatou Asou
Character Design, Takahiro Uezono
Photography Director, Yuusuke Takeda
Art Director, Yumiko Katayama
Color Design, Noriki Tsukamoto
Cg Director","Shotaro Ishinomori : Original Creator, Kenji Kamiyama : Director & Screenplay, Kenji Kawai : Music & Song Composition, Gatou Asou : Character Design, Takahiro Uezono : Photography Director, Yuusuke Takeda : Art Director, Yumiko Katayama : Color Design, Noriki Tsukamoto : Cg Director"
Mitchie M: Freely Tomorrow, Freely Tomorrow,Music,,,,Vocaloid,3.17,2012.0,,No synopsis yet - check back soon!,,,,"Miku Hatsune, Mitchie M
Music",Mitchie M : Music
Deep Awakening,,Movie,,,,"Abstract, Shorts, Steampunk",3.17,2012.0,,"“He” has kept moving forward through his life. Nothing else bothered him. But, one day by chance he realized that he has definitely grown old. And eventually, he makes a full stop.",,,,"Shizuka Miyazaki
Director, Ai Watanabe
Music, Taruto Fuyama
Producer","Shizuka Miyazaki : Director, Ai Watanabe : Music, Taruto Fuyama : Producer"
To Heart 2: Dungeon Travelers,,OVA  ,2.0,Chaos Project,,"Fantasy, Harem, RPG, Based on a Video Game",3.17,2012.0,,The game takes the characters from the ToHeart2 romance visual novel franchise by AQUAPLUS and puts them in a fantasy role-playing game.,,"To Heart, To Heart: Remember My Memories, To Heart 2: Colorful Note, To Heart 2, To Heart 2: After School Diary - 4-koma MAXIMUM, To Heart 2 SD: Seitokai Days, To Heart 2: Another Days","To Heart Specials, To Heart, To Heart: Remember My Memories, To Heart 2: Special Compilation, To Heart 2, To Heart ~Remember My Memories~ Specials, To Heart 2 OVA, To Heart 2 AD OVA, To Heart 2 AD Plus, To Heart 2 AD Next","Sasara Kusugawa, Takaaki Kouno, Tamaki Kousaka : Shizuka Itou, Harumi Kouno, Ikuno Komaki, Ilfa, Karin Sasamori, Konomi Yuzuhara, Junichi Sakata
Director, Conisch
Music, Kei Haneoka
Music, Junya Matsuoka
Music, Naoya Shimokawa
Music, Shinya Ishikawa
Music, Kazuhide Nakagami
Music, Michio Kinugasa
Music","Junichi Sakata : Director, Conisch : Music, Kei Haneoka : Music, Junya Matsuoka : Music, Naoya Shimokawa : Music, Shinya Ishikawa : Music, Kazuhide Nakagami : Music, Michio Kinugasa : Music"
GREAT3: Higan,,Music,,,,,3.17,2012.0,,No synopsis yet - check back soon!,,,,"Isamu Gakiya
Director, Great3
Music","Isamu Gakiya : Director, Great3 : Music"
Dangerous Jii-san Ja OVA, Grandpa Danger OVA,OVA  ,1.0,J.C.Staff,,"Comedy, Based on a Manga",3.17,2012.0,,No synopsis yet - check back soon!,,"Zettaizetsumei Denjarasu Jiisan, Dangerous Jiisan Ja","Zettai Zetsumei Dangerous Jii-san 2nd Season, 40-Shuunen da yo! Coro Coro All-Star Shougakkou","Grandpa Danger : Daiki Nakamura, Grandson : Ayumi Tsunematsu, Kazutoshi Soyama
Original Creator, Takashi Watanabe
Director","Kazutoshi Soyama : Original Creator, Takashi Watanabe : Director"
Surprise 4 U.,,Web  ,,Production I.G,,"Sports, Boxing, Hand to Hand Combat, Promotional, Short Episodes",3.17,2012.0,,No synopsis yet - check back soon!,,,,"Junichi Fujisaku
Director",Junichi Fujisaku : Director
matryoshka: Niedola,,Music,,,,Horror,3.17,2012.0,,No synopsis yet - check back soon!,,,,"Mitsuyuki Ishibashi
Director, Matryoshka
Music","Mitsuyuki Ishibashi : Director, Matryoshka : Music"
RAM WIRE: Na mo Nai Mainichi,,Music,,,,Slice of Life,3.17,2012.0,,No synopsis yet - check back soon!,,,,"Ram Wire
Music",Ram Wire : Music
Mitchie M: Eazy Dance,,Music,,,,Vocaloid,3.17,2012.0,,No synopsis yet - check back soon!,,,,"Miku Hatsune, Mitchie M
Producer",Mitchie M : Producer
Taberu Hitotachi, People who are eating,Movie,,,,"Abstract, No Dialogue, Shorts",3.16,2012.0,,"People can show some other personality when eating. Some become like herbivores, chewing so many times. Some become like carps, crowding around bates. Some become like hamsters, with their mouths full, etc.. Everyone is unique and worth observation.",,,,"Saki Muramoto
Director, Haruna Maemura
Music, Koji Yamamura
Producer","Saki Muramoto : Director, Haruna Maemura : Music, Koji Yamamura : Producer"
livetune: Weekender Girl, Weekender Girl,Music,,,,Vocaloid,3.16,2012.0,,No synopsis yet - check back soon!,,,,"Miku Hatsune, Wakamurap
Director",Wakamurap : Director
Kamen Rider Fourze x Crayon Shin-chan,,Other,,,,"Action, Comedy, Commercials, Short Episodes",3.16,2012.0,,"Four short crossover episodes, collectively titled Kamen Rider Fourze × Crayon Shin-chan between Kamen Rider Fourze and Crayon Shin-chan were shown in each show's time slots during April 2012 to promote their respective series' new films: Kamen Rider × Super Sentai: Super Hero Taisen and Crayon Shin-chan: The Storm Called!: Me and the Space Princess. The characters will crossover in two episodes of each respective series. The story follows Shin-chan teaming up with Kamen Rider Fourze in order to go to space and rescue Shin's younger sister who had been taken to Planet Himawari to become its princess. The first and fourth episodes feature both anime and live-action while the second and third were entirely animated.",,,Crayon Shin-chan,Shinnosuke Nohara : Akiko Yajima,
Yurumates 3D Plus,,TV   ,13.0,C2C,Summer,"Comedy, Seinen, Slice of Life, Boarding House, Chibi, Neighbors, Short Episodes, Based on a 4-Koma Manga, Based on a Manga",3.16,2012.0,,"Yurume's everyday life living at the Maison du Wish continues. Her neighbour Sae's strict little sister comes to live with them, and she will not leave until her older sister finally unpacks all the boxes and cleans up the mess in her apartment. Life around Yurume becomes crazier, ever so slightly.",,Yurumates,"Yurumates, Yurumates wa?, Yurumates (2012), Yurumates 3D, Yurumates 3D Plus: Natsuyasumi Maison du Wish Report","Yurume Aida : Haruko Momoi, Kumi Tanaka : Miyu Matsuki, Matsukichi : Satoshi Hino, Sae Kawano : Natsuko Kuwatani, Sae'S Sister : Ayana Taketatsu, Kumi'S Mother : Miyu Matsuki, Saxyun
Original Creator, Tomohiro Tsukimisato
Director, Shuuji Katayama
Music, Jun Kimura
Producer, Daisuke Tomita
Producer","Saxyun : Original Creator, Tomohiro Tsukimisato : Director, Shuuji Katayama : Music, Jun Kimura : Producer, Daisuke Tomita : Producer"
Happening Star ✩,,OVA  ,1.0,,,"Adventure, Sci Fi, Original Work",3.16,2012.0,,"The science-fiction adventure story takes place 46 million light years away from Earth in the Sombrero Galaxy on a planet named Milky. The alien boy Kid, who refers to himself as ""Space's #1 Pilot,"" uses a ""Power Crystal"" to modify his spaceship and travel through dimensions.",,,,"Chihiro Matsumoto
Producer & Director, Makoto Shozu
Music, Tatsuki Tsuboi
Music","Chihiro Matsumoto : Producer & Director, Makoto Shozu : Music, Tatsuki Tsuboi : Music"
Doit Science: Toshi Keikaku,,Music,,,,,3.16,2012.0,,No synopsis yet - check back soon!,,,,"Ai Sugaya
Director & Animation Director, Toshikazu Tamura
Animation Director","Ai Sugaya : Director & Animation Director, Toshikazu Tamura : Animation Director"
.hack//Versus: The Thanatos Report,,DVD S,,,,,3.15,2012.0,,No synopsis yet - check back soon!,,".hack//Legend of the Twilight, .hack//AI Buster (Light Novel), .hack//Another Birth (Light Novel), .hack//GnU, .hack//G.U.+, .hack//XXXX, .hack//Alcor, .hack//CELL (Light Novel), .hack//Link, .hack//4koma, .hack//G.U. (Light Novel)",".hack//SIGN, .hack//LIMINALITY, .hack//Legend Of The Twilight, .hack//SIGN - Intermezzo, .hack//SIGN - Unison, .hack//GIFT, .hack//Roots, .hack//G.U. Returner, .hack//G.U. Trilogy, .hack//G.U. Trilogy Parody, .hack//Quantum, .hack//Quantum: Go, Our Chim Chims!!, .hack // The Movie","David Steinberg, Dominique De Mirabeau, Elenor, Emma Wielant, Fluegel, Jun Banshouya, Kakeru Tanaka, Pi",
matryoshka: Monotonous Purgatory, Monotonous Purgatory,Music,,,,,3.15,2012.0,,No synopsis yet - check back soon!,,,,"Saori Shiroki
Director, Matryoshka
Music","Saori Shiroki : Director, Matryoshka : Music"
Runningman,,Web  ,1.0,Echoes,,"Slice of Life, No Dialogue, CG Animation",3.15,2012.0,,No synopsis yet - check back soon!,,,,"Daughter, Running Man, Wife",
GREAT3: CALiGULA,,Music,,,,,3.15,2012.0,,No synopsis yet - check back soon!,,,,"Great3
Music",Great3 : Music
The Town Musicians of Bremen,,Movie,,,,"Animal Protagonists, Melancholy, Music, No Dialogue, Non-Human Protagonists, Shorts, Based on a Fairy Tale",3.15,2012.0,,"A donkey has grown old and weak after having worked for a human being for a long time. Realizing his prime time has passed, the donkey decides to go to Bremen to join the town musicians. On the way there, he meets a dog, a cat, and a rooster, and they find the robbers’ house. Four animals chase the robbers away from the house. They make their new lives with their new home.",,,,,
Mashiroiro Symphony: The Color of Lovers Picture Drama,,DVD S,,Manglobe,,"Picture Drama, Based on an Eroge, Based on a Visual Novel",3.14,2012.0,,No synopsis yet - check back soon!,,"Mashiroiro Symphony, Mashiroiro Symphony 4-koma, Mashiroiro Symphony: Wind of Silk, Mashiroiro Symphony: Twinkle Moon","Mashiroiro Symphony: The Color of Lovers, Mashiroiro Symphony: Airi ga Anata no Kanojo ni!?","Angelina Nanatsu Sewell : Oma Ichimura, Sakuno Uryuu : Mai Goto, Sana Inui : Mayumi Yoshida, Shingo",
Shiawase no Tokei,,Music,,,,"Family Friendly, Family Life, Minna no Uta",3.14,2012.0,,No synopsis yet - check back soon!,,,,,
One Off,,OVA  ,4.0,TYO Animations,,"Slice of Life, Iyashikei, Motorcycles, Original Work",3.14,2012.0,,"Haruno Shizoaki is a young high school student living in a Japanese rustic small municipality. After sixteen years stuck there, she wants to leave her hometown, but is uneasy about the future. She then meets Cynthia B. Rogers, an Australian who has ridden her bike through many countries around the world and will now work at Niwa, a café owned by Haruno´s family. Cynthia´s presence makes Haruno think about many things and inspires her friends to consider a more adventurous lifestyle.",,One Off,,"Anri Bessho : Sayuri Yahagi, Cynthia B. Rogers : Yuu Kobayashi, Haruno Shiozaki : Saori Gotou, Rie Maezono : Eri Kitamura, Sayo Kaburagi : Saori Hayami, Haruno'S Father : Satoshi Hino, Haruno'S Mother : Aya Hisakawa, Kageyama : Megumi Ogata, Shigeru Kimiya
Chief Director, Junichi Satou
Director, Takashi Harada
Music, Atsuko Watanabe
Character Design, Takeo Ogiwara
Photography Director, Satoshi Yamaguchi
Producer, Hiroshi Kawashima
Producer","Shigeru Kimiya : Chief Director, Junichi Satou : Director, Takashi Harada : Music, Atsuko Watanabe : Character Design, Takeo Ogiwara : Photography Director, Satoshi Yamaguchi : Producer, Hiroshi Kawashima : Producer"
Muse: Follow Me,,Music,,,,"Slice of Life, Black and White",3.14,2012.0,,No synopsis yet - check back soon!,,,,"Tekken
Director",Tekken : Director
Tacica: Newsong,,Music,,,,"Black and White, Post-apocalyptic",3.14,2012.0,,Music video for Naruto Shippuuden's 10th opening theme performed by Tacica.,,,,"Tacica
Music",Tacica : Music
Minori Scramble!,,OVA  ,1.0,ufotable,,"Comedy, Seinen, Androids, Non-Human Protagonists, Robots, Based on a Manga",3.14,2012.0,,"The story revolves around Tamaki Kakegawa, a fifth grade girl whose father is a penguin researcher. As such, Tamaki is constantly surrounded by penguins and has grown to hate them. In order to cure Tamaki's hatred of penguins, a 'penguinoid' named Minori is built to befriend her.",,Minori Scramble!,,"Minori, Tamaki Kakegawa, Akira, Dr. Kakegawa, Shopping District President, Mrs. Kakegawa, Yoshige, Mikage Chihaya
Original Creator, Takuya Nonaka
Director, Takayuki Mogi
Character Design, Atsuhiro Iwakami
Producer, Tsuneo Takechi
Producer","Mikage Chihaya : Original Creator, Takuya Nonaka : Director, Takayuki Mogi : Character Design, Atsuhiro Iwakami : Producer, Tsuneo Takechi : Producer"
Sketch,,Web  ,1.0,,,"Black and White, No Dialogue, Shorts",3.14,2012.0,,No synopsis yet - check back soon!,,,,"Tekken
Director",Tekken : Director
Uobbuchou,,Other,,,,"Comedy, Animal Protagonists, Non-Human Protagonists, Ocean, Work Life, CG Animation",3.14,2012.0,,No synopsis yet - check back soon!,,,,,
Megumi to Taiyou II: Kajuu Gummi Tweet Mystery - Kieta Sapphire Roman no Nazo,,TV Sp,,MADHOUSE,,"Mystery, Promotional",3.14,2012.0,,No synopsis yet - check back soon!,,,"Megumi to Taiyou: Kajuu Gummi Tweet Love Story, Megumi to Taiyou III: Kajuu Gummi Tweet Fantasy - Timeline World","Megumi, Taiyou, Rintarou
Director, Yuusuke Nakamura
Character Design","Rintarou : Director, Yuusuke Nakamura : Character Design"
Mogo-mo,,Other,,,,"Fantasy, Promotional, Shorts, Tourism",3.14,2012.0,,No synopsis yet - check back soon!,,,,,
Salad Land,,Web  ,1.0,,,Stop Motion Animation,3.14,2012.0,,No synopsis yet - check back soon!,,,,,
Keiichirou Shibuya & Hiroki Azuma: Initiation,,Music,,Liberty Animation Studio,,"Abstract, Vocaloid",3.14,2012.0,,No synopsis yet - check back soon!,,,,"Miku Hatsune, Ykbx
Director, Miku Hatsune
Song Performance","Ykbx : Director, Miku Hatsune : Song Performance"
Girls und Panzer: Introductions!, Girls und Panzer: Shoukai Shimasu!,TV Sp,,Actas,,"Action, Military, Military School, Recap, School Club, School Life, Tournaments",3.14,2012.0,,Allow us to introduce the girls of Girls und Panzer!,,"Girls und Panzer: Little Army, Girls und Panzer, Girls und Panzer (Light Novel), Girls und Panzer: Comic Anthology, Girls und Panzer: Gekitou! Maji no Ikusa Desu!!, Girls und Panzer: Little Army II, Girls und Panzer: 4-koma Anthology Comic, Girls und Panzer: Saishuushou - Keizoku Koukou Harapeko Shokujidou, Girls und Panzer: Avanti! Anzio Koukou",Girls und Panzer,"Hana Isuzu : Mami Ozaki, Mako Reizei : Yuka Iguchi, Miho Nishizumi : Mai Fuchigami, Saori Takebe : Ai Kayano, Yukari Akiyama : Ikumi Nakagami, Anzu Kadotani : Misato Fukuen, Momo Kawashima : Kana Ueda, Akebi Sasaki : Sakura Nakamura, Tsutomu Mizushima
Director, Shirou Hamaguchi
Music, Isao Sakamoto
Character Design","Tsutomu Mizushima : Director, Shirou Hamaguchi : Music, Isao Sakamoto : Character Design"
Meg x The Telephones: Tough Boy,,Music,,,,"Action, Parody",3.13,2012.0,,No synopsis yet - check back soon!,,,,"Fantasista Utamaro
Director",Fantasista Utamaro : Director
HoneyWorks: Hatsukoi no Ehon, Hatsukoi no Ehon,Music,,,,"Romance, School Life, Vocaloid",3.13,2012.0,,No synopsis yet - check back soon!,,,,"Honeyworks
Producer",Honeyworks : Producer
Spirits from the Night, Yoru kara Kita Hito-tachi,Movie,,,,"Horror, No Dialogue, Shorts, Supernatural",3.13,2012.0,,A sand man shows up in a child’s bedroom at night. He invites a dusty stuffed animal on the shelf to go out over the hill. The child follows them to get his animal back into the darkness of night.,,,,"Hiroko Satsuma
Director, Kozue Katsuragi
Music, Koji Yamamura
Producer","Hiroko Satsuma : Director, Kozue Katsuragi : Music, Koji Yamamura : Producer"
Chiisana Oji-san,,TV   ,30.0,Kachidoki Studio,Fall ,"Black and White, Short Episodes, Based on a Manga",3.13,2012.0,2013.0,No synopsis yet - check back soon!,,Chiisai Oyaji Nikki,,"Chiisana Ojisan : Choo, Watashi : Nozomi Furuki, Yukichin, Noi Asano
Original Creator",Noi Asano : Original Creator
ClariS: Luminous,,Music,,,,"Fantasy, Magical Girl, Henshin Heroes, Magic",3.13,2012.0,,"Luminous, a song by the pop duo Claris, was used as the opening theme to Mahou Shoujo Madoka Magica Movie 1: Hajimari no Monogatari and Mahou Shoujo Madoka Magica Movie 2: Eien no Monogatari. The music video contains scenes from the first film.",,,"Puella Magi Madoka Magica the Movie Part 1: Beginnings, Puella Magi Madoka Magica the Movie Part 2: Eternal","Alice : Alice, Clara : Clara, Homura Akemi, Kyoko Sakura, Kyubey, Madoka Kaname, Mami Tomoe, Sayaka Miki, Claris
Music",Claris : Music
Honpo Fullkawa: Gekkou Shokudou,,Music,,,,Forest,3.13,2012.0,,No synopsis yet - check back soon!,,,,"Honpo Fullkawa
Music",Honpo Fullkawa : Music
Sayonara Zetsubou Sensei Special Omake,,DVD S,,SHAFT,,"Comedy, Parody, Violence",3.12,2012.0,,No synopsis yet - check back soon!,Violence,,"Sayonara, Zetsubou-Sensei, Sayonara Zetsubou Sensei Jo: Zetsubou Shoujo Senshuu, Zoku Sayonara Zetsubou Sensei, Sayonara Zetsubou Sensei Jo: Zoku Zetsubou Shoujo Senshuu, Goku Sayonara Zetsubou Sensei, Zan Sayonara Zetsubou Sensei, Zan Sayonara Zetsubou Sensei Bangaichi, Sayonara Zetsubou Sensei Blu-ray Box Special","Akiyuki Simbo
Director",Akiyuki Simbo : Director
Guilty Crown: 4-koma Gekijou,,DVD S,,Production I.G,,"Comedy, Chibi",3.12,2012.0,,No synopsis yet - check back soon!,,,"Guilty Crown, Guilty Crown Kiseki: Reassortment, Guilty Crown: Lost Christmas","Shuu Ouma, Kenshirou Morii
Director",Kenshirou Morii : Director
Makura Izumi: Balloon,,Music,,,,Slice of Life,3.12,2012.0,,No synopsis yet - check back soon!,,,,"Makura Izumi
Music",Makura Izumi : Music
Code Geass: Nunnally in Wonderland, Code Geass: Hangyaku no Lelouch: Nunnally in Wonderland,OVA  ,1.0,Sunrise,,"Alice in Wonderland, Picture Drama",3.12,2012.0,,"It's another Alice in Wonderland story when, while spending time with his sister one sunny day, Nunnally requests that Lelouch tells a story, like in old times. To grant his sister's request, Lelouch uses Geass on the entire cast of the Code Geass series.",,"Code Geass: Lelouch of the Rebellion, Code Geass: Suzaku of the Counterattack, Code Geass: Nightmare of Nunnally, Code Geass: Lelouch of the Rebellion - Knight: Official Comic Anthology - For Girls, Code Geass: Lelouch of the Rebellion - Queen: Official Comic Anthology - For Boys, Code Geass: Lelouch of the Rebellion (Light Novel), Code Geass: Tales of an Alternate Shogunate, Code Geass: Lelouch of the Rebellion R2 (Light Novel), Code Geass: Shikkoku no Renya, Barcode Geass: Hanbai no Lelouch, Code Geass: Soubou no Oz, Code Geass: Boukoku no Akito (Light Novel), Kateikyoushi no Lelouch-san","Code Geass: Lelouch of the Rebellion, Code Geass: Lelouch of the Rebellion Recaps, Code Geass: Lelouch of the Rebellion Picture Drama, Code Geass: Lelouch of the Rebellion Special Edition - Black Rebellion, Code Geass: Lelouch of the Rebellion R2, Code Geass: Lelouch of the Rebellion R2 Picture Drama, Code Geass: Lelouch of the Rebellion R2 Flash Specials, Code Geass: Lelouch of the Rebellion R2 Special Edition - Zero Requiem, Code Geass: Lelouch of the Rebellion - Kiseki no Birthday Picture Drama, Code Geass: Akito the Exiled, Code Geass Gaiden: Boukoku no Akito Picture Drama","Lelouch Lamperouge : Jun Fukuyama, Nunnally Lamperouge : Kaori Nazuka, Anya Alstreim : Yuuko Gotou, C.C. : Yukana, Kallen Stadtfeld : Ami Koshimizu, Milly Ashford : Sayaka Oohara, Nina Einstein : Saeko Chiba, Suzaku Kururugi : Takahiro Sakurai, Clamp
Original Character Design, Makoto Baba
Director, Kotaro Nakagawa
Music, Hitomi Kuroishi
Music, Takahiro Kimura
Character Design, Jun Yukawa
Producer, Osamu Hosokawa
Producer","Clamp : Original Character Design, Makoto Baba : Director, Kotaro Nakagawa : Music, Hitomi Kuroishi : Music, Takahiro Kimura : Character Design, Jun Yukawa : Producer, Osamu Hosokawa : Producer"
Xiong Chu Mo, Boonie Bears,TV   ,104.0,,,"Adventure, Comedy, Animal Protagonists, Bears, Chinese Animation, Family Friendly, Forest, Non-Human Protagonists, CG Animation",3.12,2012.0,,"Set in an untouched forest, Boonie Bears tells a story of two brave and mighty bears who try to protect their homeland from the destruction of a sly and persistent woodman. In this war between bears and woodman, you will be given a glimpse of the wit and smarts of two lovely forest protectors. Filled with non-stop comedy, Boonie Bears will surely show bears in a whole new light, as you've never seen them before.",,,"Xiong Chu Mo Season 2: Huanqiu Da Maoxian, Xiong Chu Mo Season 3: Zhong Dong Yuan, Xiong Chu Mo Season 4: Chunri Dui Dui Peng, Xiong Chu Mo Season 5: Dongri Le Fantian, Xiong Chu Mo Season 6: Xiari Lian Lian Kan, Xiong Chu Mo Season 7: Qiu Ri Tuan Tuan Zhuan, Boonie Cubs, Xiong Chu Mo Season 8: Tan Xian Riji, Xiong Chu Mo Season 9: Tan Xian Riji, Boonie Bears: The Wild Life","Bramble, Briar, Babu, Herbert Diggs, Hoo Hoo, Li, Tiki, Vick",
Jirijiri Moyou no Ryuuryuu Tenten,,Other,,,,"Fantasy, Slice of Life, Convenience Store, Shorts",3.12,2012.0,,No synopsis yet - check back soon!,,,,"Rabbit Machine
Director, Purikoko
Music","Rabbit Machine : Director, Purikoko : Music"
Honpo Fullkawa: Gregorio,,Music,,,,,3.12,2012.0,,No synopsis yet - check back soon!,,,,"Honpo Fullkawa
Music",Honpo Fullkawa : Music
Ginga e Kickoff!! Special,,TV Sp,,TYO Animations,,"Sports, Recap, Soccer, Tournaments, Based on a Novel",3.12,2012.0,,No synopsis yet - check back soon!,,,Ginga e Kickoff!!,"Erika Takatou : Mariko Nakatsu, Kota Furuya : Kenn, Ouzou Furuya : Yoshimasa Hosoya, Ryuuji Furuya : Shinnosuke Tachibana, Shou Oota : Yuu Kobayashi, Katsura Uchimura : Fuyuka Ooura, Reika Saionji : Riiko Tazawa, Taro Uematsu :  Atsushi Kousaka",
Monsuno, Juusen Battle Monsuno,TV   ,26.0,LARX Entertainment,Fall ,"Action, Adventure, Fantasy, Monsters, Original Work",3.12,2012.0,,No synopsis yet - check back soon!,,,"Monsuno: Combat Chaos, Monsuno 3rd Season","Yoshiaki Okumura
Director, Yuuichirou Hayashi
Character Design, Takuo Suzuki
Episode Director, Tomonori Kogawa
Animation Director & Storyboard, Jou Tanaka
Animation Director","Yoshiaki Okumura : Director, Yuuichirou Hayashi : Character Design, Takuo Suzuki : Episode Director, Tomonori Kogawa : Animation Director & Storyboard, Jou Tanaka : Animation Director"
Saint Seiya Omega,,TV   ,97.0,Toei Animation,Spring,"Action, Fantasy, Elemental Powers, Hand to Hand Combat, Power Suits, Superpowers",3.11,2012.0,2014.0,"The god of war and guardian of his namesake planet, Mars, was once sealed away by Seiya, but time has passed and his revival is at hand. Meanwhile, Saori Kido (Athena) is raising the boy Kouga, whose life Seiya saved, and he's been training every day to become a Saint in order to prepare for the coming crisis... Unaware of his destiny, when Kouga awakens to the power of his Cosmo hidden inside him, the curtain will rise upon the legend of a new Saint.",,"Knights of the Zodiac, Saint Seiya: Episode G, Saint Seiya: The Lost Canvas, Saint Seiya: Next Dimension, Saint Seiya: The Lost Canvas - Meiou Shinwa Gaiden, Saint Seiya: Saintia Shou, Saint Seiya Omega, Saint Seiya Episode Zero, Saint Seiya: Origin","Saint Seiya: Knights of the Zodiac, Saint Seiya: The Hades Chapter - Sanctuary, Saint Seiya Movie 5: The Heaven Chapter - Overture, Saint Seiya: The Hades Chapter - Inferno, Saint Seiya: The Hades Chapter - Elysion, Saint Seiya: The Lost Canvas - Meiou Shinwa, Saint Seiya: The Lost Canvas - Meiou Shinwa 2nd Chapter","Aquila Yuna : Satsuki Yukino, Dragon Ryuho : Tetsuya Kakihara, Lionet Soma : Katsuyuki Konishi, Pegasus Koga : Hikaru Midorikawa, Wolf Haruto : Kaoru Mizuhara, Aria : Mamiko Noto, Hornet Sonia : Aya Hisakawa, Mars : Hidekatsu Shibata, Masami Kurumada
Original Creator, Tatsuya Nagamine
Director, Morio Hatano
Director, Kouhei Kureta
Director, Toshihiko Sahashi
Music, Yoshihiko Umakoshi
Character Design, Atsutoshi Umezawa
Producer, Gou Wakabayashi
Producer","Masami Kurumada : Original Creator, Tatsuya Nagamine : Director, Morio Hatano : Director, Kouhei Kureta : Director, Toshihiko Sahashi : Music, Yoshihiko Umakoshi : Character Design, Atsutoshi Umezawa : Producer, Gou Wakabayashi : Producer"
azuma: Yumemidori,,Music,,,,Vocaloid,3.11,2012.0,,No synopsis yet - check back soon!,,,,"Yukari Yuzuki, Maki, Azuma
Producer",Azuma : Producer
Computer Kakumei: Saikyou x Saisoku no Zunou Tanjou,,TV Sp,,Production I.G,,"Sci Fi, Slice of Life, Shorts",3.11,2012.0,,"In the year 2020, humans live alongside robots and interact in a variety of ways, from taking fast food orders to attending school together. In Tokyo, Mako and her friends live day to day and experience the impact of technology, whether they're being alerted to an impending earthquake or looking through augmented reality lenses.",,,,"Mako, Hiromi, Mako'S Father, Hiro Yamazaki, Jirou Ogino, Kei, Kitajima, Mako'S Mother, Ryoutarou Makihara
Director, Katsuhiko Kitada
Character Design","Ryoutarou Makihara : Director, Katsuhiko Kitada : Character Design"
Lagrange: The Flower of Rin-ne Picture Drama, Rinne no Lagrange: Flower Declaration of Your Heart Picture Drama,DVD S,,XEBEC,,Picture Drama,3.11,2012.0,,No synopsis yet - check back soon!,,"Rinne no Lagrange: Akatsuki no Memoria, Rinne no Lagrange: Flower Declaration of Your Heart","Lagrange: The Flower of Rin-ne, Lagrange: The Flower of Rin-ne - Season 2, Lagrange: The Flower of Rin-ne - Kamogawa Days, Lagrange: The Flower of Rin-ne - Kamogawa Memoria, Lagrange: The Flower of Rin-ne - Season 2 Picture Drama","Lan, Madoka Kyouno, Muginami, Array, Izo, Kirius Rakus Lestrine Ha, Balance T. Moid, Erika Takakura",
Queen's Blade: Rebellion,,TV   ,12.0,ARMS,Spring,"Action, Ecchi, Fantasy, Borderline H, Explicit Sex",3.11,2012.0,,"Amidst the chaos of the times, a new generation of warriors will assert themselves and bare their naked fury in open rebellion! Queen Claudette holds all the cards, however, with her Amazonian ranks ready and waiting to meet the rebels in open combat. But the incredible wits and assets of the dazzling array of daring damsels willing to risk their gorgeous skins and put their lithesome bodies on line against her, might just expose a few unexpected weaknesses in the queen’s support!",Explicit Sex,"Queen's Blade: Hide & Seek, Queen's Blade Anthology Comics, Queen's Blade: Sword of the Unicorn (Light Novel), Queen's Blade: Rurou no Senshi, Queen's Blade Rebellion: Kedakaki Chikai (Light Novel), Queen's Blade Rebellion: Zero, Queen's Blade Rebellion: Aoarashi no Hime Kishi, Queen's Blade Unlimited (Light Novel)","Queen's Blade: The Exiled Virgin, Queen's Blade: The Exiled Virgin Specials, Queen's Blade 2: The Evil Eye, Queen's Blade 2: The Evil Eye Specials, Queen's Blade: Beautiful Warriors, Queen's Blade OVA, Queen's Blade OVA Specials, Queen's Blade Rebellion vs. Hagure Yuusha no Aesthetica, Queen's Blade: Rebellion Specials, Queen's Blade: Vanquished Queens, Queen's Blade: Vanquished Queens Specials, Queen's Blade: Grimoire, Queen's Blade: Unlimited","Annelotte : Aya Endou, Aldra : Ayana Taketatsu, Branwen : Kikuko Inoue, Eilin : Suzuko Mimori, Elina Vance : Kaori Mizuhashi, Izumi : Minako Kotobuki, Laila : Satomi Satou, Liliana : Shizuka Itou, Shigenori Kageyama
Director & Op Director & Storyboard, Masaru Yokoyama
Music, Kazuaki Morijiri
Producer, Masaaki Yokota
Producer, Shinsaku Tanaka
Producer, Jun Yukawa
Producer, Tetsuya Tsuchihashi
Producer, Kinji Yoshimoto
Ed Director & Key Animator","Shigenori Kageyama : Director & Op Director & Storyboard, Masaru Yokoyama : Music, Kazuaki Morijiri : Producer, Masaaki Yokota : Producer, Shinsaku Tanaka : Producer, Jun Yukawa : Producer, Tetsuya Tsuchihashi : Producer, Kinji Yoshimoto : Ed Director & Key Animator"
Miyako,,Web  ,1.0,,,Psychological,3.1,2012.0,,No synopsis yet - check back soon!,,,,"Rabbit Machine
Director",Rabbit Machine : Director
Megumi to Taiyou III: Kajuu Gummi Tweet Fantasy - Timeline World,,TV Sp,,MADHOUSE,,"Fantasy, Promotional",3.1,2012.0,,No synopsis yet - check back soon!,,,"Megumi to Taiyou: Kajuu Gummi Tweet Love Story, Megumi to Taiyou II: Kajuu Gummi Tweet Mystery - Kieta Sapphire Roman no Nazo","Megumi, Taiyou, Hideki Nimura
Director",Hideki Nimura : Director
Mashiroiro Symphony: Airi ga Anata no Kanojo ni!?,,DVD S,,Manglobe,,"Romance, Based on an Eroge, Based on a Visual Novel",3.1,2012.0,,No synopsis yet - check back soon!,,"Mashiroiro Symphony, Mashiroiro Symphony 4-koma, Mashiroiro Symphony: Wind of Silk, Mashiroiro Symphony: Twinkle Moon","Mashiroiro Symphony: The Color of Lovers, Mashiroiro Symphony: The Color of Lovers Picture Drama","Airi Sena : Ryouko Ono, Shingo Uryuu",
HoneyWorks: Taketori Overnight Sensation,,Music,,,,"Comedy, Vocaloid",3.1,2012.0,,No synopsis yet - check back soon!,,,,"Honeyworks
Producer",Honeyworks : Producer
PistStar,,Web  ,1.0,,,"Idols, Promotional",3.1,2012.0,,No synopsis yet - check back soon!,,,,"Fumie Muroi
Character Design",Fumie Muroi : Character Design
livetune: Transfer,,Music,,,,Vocaloid,3.1,2012.0,,No synopsis yet - check back soon!,,,,"Girl, Fantasista Utamaro
Director, Kazuma Ikeda
Director, Amika Kubo
Assistant Director, Megumi Nakajima
Music, Kubotabee
Character Design, Livetune
Producer","Fantasista Utamaro : Director, Kazuma Ikeda : Director, Amika Kubo : Assistant Director, Megumi Nakajima : Music, Kubotabee : Character Design, Livetune : Producer"
perfume BVH import,,Web  ,1.0,,,"Dancing, Shorts",3.1,2012.0,,No synopsis yet - check back soon!,,,,"Shigeo Shichiji
Director",Shigeo Shichiji : Director
"POPPING, MIXING",,Movie,,,,"Abstract, No Dialogue, Shorts",3.1,2012.0,,No synopsis yet - check back soon!,,,,"Ryoji Yamada
Director, Makoto Takahashi
Music","Ryoji Yamada : Director, Makoto Takahashi : Music"
"Greeeen: Misenai Namida wa, Kitto Itsuka",,Music,,,,"Adventure, Fantasy, Animal Protagonists, Magic, Non-Human Protagonists",3.1,2012.0,,Music video for the theme song of the live-action television series Strawberry Night.,,,,"Greeeen
Music",Greeeen : Music
DECO*27: Yumeyume, Yumeyume,Music,,,,Vocaloid,3.09,2012.0,,No synopsis yet - check back soon!,,,,Miku Hatsune,
The Four Seasons,,Web  ,4.0,P.A. WORKS,Winter,"Promotional, Short Episodes, Tourism",3.09,2012.0,,"Every episode showcases Saitama tourist destinations in spring, summer, fall, and winter. Each ends with an explanation segment that includes travel instructions from Tokyo to the featured areas by train.",,,,"Cap : Misaki Honma, Higan : Fumi Nomura, Kanae : Yuka Kikutani, Kentarou Tanaka : Takanori Yagi, Princess Licori : Maki Suzumiya, Rena Tanaka : Yuka Kikutani, Satomi : Megumi Yoshida, Shoko Tachibana : Rui Tanabe, Yu Suzuki
Director, Katsura Nonoyama
Producer","Yu Suzuki : Director, Katsura Nonoyama : Producer"
Kunchi,,Web  ,1.0,Saigo no Shudan,,"Abstract, Black and White, Shorts",3.09,2012.0,,No synopsis yet - check back soon!,,,,,
Saru Kani Gassen (Yokoku),,Web  ,1.0,,,"Animal Protagonists, No Dialogue, Non-Human Protagonists, Shorts, CG Animation",3.09,2012.0,,No synopsis yet - check back soon!,,,,"Shigeo Shichiji
Director",Shigeo Shichiji : Director
HoneyWorks: Rockbell, Rockbell,Music,,,,"Drama, Vocaloid",3.09,2012.0,,No synopsis yet - check back soon!,,,,"Honeyworks
Producer",Honeyworks : Producer
Cowboy Bebop: Ein's Summer Vacation, Cowboy Bebop: Ein no Natsuyasumi,DVD S,,Sunrise,,"Slice of Life, Picture Drama",3.09,2012.0,,"Ein enjoys a relaxing summer vacation, from snorkeling to playing with markers and even surfing a giant wave.",,"Cowboy Bebop: Shooting Star, Cowboy Bebop","Cowboy Bebop, Cowboy Bebop Session XX: Mish-Mash Blues, Cowboy Bebop: The Movie","Ein, Edward",
Yowai Mushi,,Web  ,1.0,,,"Drama, Slice of Life, Black and White, Shorts",3.09,2012.0,,No synopsis yet - check back soon!,,,,"Tekken
Director",Tekken : Director
TOBACCO,,Movie,,,,"No Dialogue, Shorts",3.09,2012.0,,No synopsis yet - check back soon!,,,,,
Pokemon Mystery Dungeon: Gates to Infinity, Pokemon Fushigi no Dungeon: Magnagate to Mugendai Meikyu,Other,,OLM,,"Adventure, Fantasy, Elemental Powers, Person in a Strange World, Promotional, Short Episodes, Based on a Video Game",3.09,2012.0,,No synopsis yet - check back soon!,,"Pokemon Mystery Dungeon: Honoo no Tankentae, Pokemon the Movie XY&Z: Volcanion to Karakuri no Magiana, Pokemon Horizon: Sun & Moon","Pokemon Mystery Dungeon: Team Go-Getters Out of the Gate!, Pokemon Mystery Dungeon: Explorers of Time and Darkness, Pokemon Mystery Dungeon: The Final Adventure Through Time and Darkness","Azumarill : Lisa Ortiz, Espeon : Ai Nonaka, Pikachu : Rie Kugimiya, Umbreon : Kohsuke Toriumi",
Accel World: Acchel World.,,DVD S,,J.C.Staff,,"Comedy, Chibi, Based on a Light Novel",3.09,2012.0,2013.0,No synopsis yet - check back soon!,,"Accel World (Light Novel), Accel World, Accel World., Accel World / Dural - Magisa Garden","Accel World, Accel World OVA","Haruyuki Arita : Yuuki Kaji, Kuroyukihime : Sachika Misawa, Blood Leopard : Ayako Kawasumi, Chiyuri Kurashima : Aki Toyosaki, Takumu Mayuzumi : Shintarou Asanuma, Yuniko Kouzuki : Rina Hidaka, Ash Roller : Kenichi Suzumura, Baby Leopard",
Kuromajo-san ga Tooru!!,,TV   ,60.0,Shin-Ei Animation,Spring,"Comedy, Fantasy, Magical Girl, Slice of Life, Henshin Heroes, Magic, School Life, Short Episodes, Based on a Novel",3.09,2012.0,2014.0,"Chiyoko Kurotori is a 5th grader who loves the occult. One day, she tries to divine her friend's ""cupid,"" but thanks to a stuffy nose summons a witch named Gyubid instead. From that day on, Gyyubid becomes Chiyoko's magic instructor. She must learn to balance the grueling demands of her training with her normal school life.",,Kuromajo-san ga Tooru!! (Novel),,"Chiyoko Kurotori : Fumiko Orikasa, Gyubid : Romi Park, Ando, Ashura Koukaiji : Rika Komatsu, Daigoro Iwata : Tomo Muranaka, Kyou Oogata : Junko Noda, Mai Ichiro : Yuki Matsuoka, Megu Shion : Maria Yamamoto, Tetsuo Yasumi
Director, Junichirou Kabayama
Music, Masae Ootake
Character Design","Tetsuo Yasumi : Director, Junichirou Kabayama : Music, Masae Ootake : Character Design"
Yuri Seijin Naoko-san (2012),,OVA  ,1.0,ufotable,,"Comedy, Seinen, Aliens, Non-Human Protagonists, Based on a Manga",3.09,2012.0,,No synopsis yet - check back soon!,,Yuri Seijin Naoko-san,Yuri Seijin Naoko-san,"Misuzu : Akari Harashima, Naoko : Satomi Arai, Hii-Chan : Ai Nonaka, Misuzu'S Mother : Kumi Tanaka, Ryouta : Yukari Kokubun, Naoko : Satomi Moriya, Wise Elder, Kashmir
Original Creator, Tetsuya Takeuchi
Director & Character Design, Mosaic.Wav
Music, Masakazu Miyake
Art Director, Yoshikazu Iwanami
Sound Director, Atsuhiro Iwakami
Producer, Tsuneo Takechi
Producer","Kashmir : Original Creator, Tetsuya Takeuchi : Director & Character Design, Mosaic.Wav : Music, Masakazu Miyake : Art Director, Yoshikazu Iwanami : Sound Director, Atsuhiro Iwakami : Producer, Tsuneo Takechi : Producer"
Yurumates (2012), Yurumates 3D: Ushinawareta Genjitsu,OVA  ,2.0,C2C,,"Comedy, Seinen, Slice of Life, Boarding House, Chibi, Neighbors, Short Episodes, Based on a 4-Koma Manga, Based on a Manga",3.08,2012.0,,No synopsis yet - check back soon!,,,"Yurumates, Yurumates wa?, Yurumates 3D, Yurumates 3D Plus","Yurume Aida, Kumi Tanaka, Matsukichi, Sae Kawano, Sae'S Sister, Saxyun
Original Creator",Saxyun : Original Creator
The Surface of the Earth,,Movie,,,,"Abstract, No Dialogue, Shorts",3.08,2012.0,,"Earth is the place and the established existence. Earth is also a ball of dust and a capricious object. At the avalanche of time-layer, falling deep down into the ground, you can see the fallacious landscape far from reality. The body recognizes the reality of the world by touching the landscape to regain reality. It is an adventure between the real and the unreal.",,,,"Sonomi Takada
Director, Yuichi Ito
Producer","Sonomi Takada : Director, Yuichi Ito : Producer"
Beyblade: Shogun Steel, Metal Fight Beyblade Zero G,TV   ,38.0,Synergy SP,Spring,"Action, Adventure, Sci Fi, Shounen, Family Friendly, Monsters, Proxy Battles, Short Episodes, Based on a Manga",3.08,2012.0,,"Seven years have passed since the God of Destruction met his end at the hands of a great Blader. A new era of Beyblade has begun, bringing with it new Blades. When Zero Kurogane witnessed the final battle with the lord of destruction years ago, a fire began to burn within him to push forward to a new future. While Zero is the champion in his hometown, he wants to test himself and seeks out greater opponents, heading to Gingka's hometown. When Zero arrives and discovers that Gingka is nowhere to be found, he learns that Bladers from all over the world have come to test themselves against the Zero Gravity Bey stadium. Wanting to push his skills forward, Zero takes part in the new era of Beyblade, testing his might against the Zero Gravity stadiums.",,"Beyblade, Beyblade Taisen Seiryuuden, Metal Fight Beyblade, Metal Fight Beyblade Zero G, Beyblade Burst, Bakuten Shoot Beyblade: Rising","Beyblade, Beyblade: V-Force, Beyblade the Movie: Fierce Battle, Beyblade: G Revolution, Beyblade: Metal Fusion, Metal Fight Beyblade vs. Taiyou: Shakunetsu no Shinryakusha Sol Blaze, Beyblade: Metal Masters, Beyblade: Metal Fury, Beyblade: Shogun Steel Specials, Beyblade: Burst, Beyblade: Burst God","Eight Unabara : Yuki Kodaira, Kite Unabara : Takuma Terashima, Maru : Sumire Morohoshi, Ren Kurenai : Kanae Oki, Shinobu Hiryuin : Kouki Uchiyama, Zero Kurogane : Nobuhiko Okamoto, Benkei Hanawa : Kenta Miyake, Blader Guy : Shintarou Asanuma, Kunihisa Sugishima
Director, Neil Parfitt
Music, Scott Bucsis
Music, Kayo Nagamori
Character Design","Kunihisa Sugishima : Director, Neil Parfitt : Music, Scott Bucsis : Music, Kayo Nagamori : Character Design"
Hide-and-seek, Kakurenbo,Movie,,,,"Abstract, Shorts",3.08,2012.0,,"The film covered a residential area with superb view of both ocean and mountain. From that day this town became dark as pitch. Hidden in this darkness were lights in the town, my way home, my mother, and my expected baby in my belly. This animation depicts the truth hiding behind the facts.",,,,,
Nulu-chan and Me, Nulu-chan to Boku,Web  ,1.0,,,"Comedy, Fantasy, School Life, Shorts",3.07,2012.0,,"This is the story of the mysterious creature Nulu-chan, and the boy who Nulu-chan keeps following around.",,,,"Boy, Nulu-Chan, Jun Aoki
Director",Jun Aoki : Director
Future Diary: Ura Mirai Nikki, Mirai Nikki: Ura Mirai Nikki,DVD S,,asread,,"Comedy, Supernatural",3.07,2012.0,,No synopsis yet - check back soon!,,"Future Diary, Future Diary: Mosaic, Future Diary: Paradox, Future Diary: Mosaic Keshi, Future Diary: Redial","Future Diary OVA, Future Diary, Future Diary: Redial","Muru Muru, Ai Mikami, Aru Akise, Deus Ex Machina : Norio Wakamoto, John Balks, Kamado Ueshita, Karyuudo Tsukishima, Marco Ikusaba",
Akane-chan no Wasuremono,,Web  ,1.0,,,"Action, Supernatural",3.07,2012.0,,No synopsis yet - check back soon!,,,,,
Kakusansei Million Arthur OP,,Web  ,1.0,,,"Fantasy, Opening Animation, Promotional, Based on a Mobile Game",3.07,2012.0,,The opening animation for the mobile game Kakusansei Million Arthur.,,,"Kairisei Million Arthur, Jakusansei Million Arthur, Koukyousei Million Arthur OP",,
Yu-Gi-Oh! Zexal II: Midokoro Tenkomori Special,,TV Sp,,Gallop,,"Shounen, Card Battles, Recap, Based on a Manga",3.06,2012.0,,"A recap episode, covering episodes 1-8 of Yu-Gi-Oh! Zexal II.",,"Yu-Gi-Oh!, Yu-Gi-Oh! Duelist, Yu-Gi-Oh! Millennium World, Yu-Gi-Oh! R, Yu-Gi-Oh! GX, Yu-Gi-Oh! Arc-V (Naohito MIYOSHI), Yu-Gi-Oh! Arc-V, Yu-Gi-Oh! Transcend Game","Yu-Gi-Oh! Zexal, Yu-Gi-Oh! Zexal Special, Yu-Gi-Oh! Zexal II, Yu-Gi-Oh! Zexal II: Iza! Saishuu Kessen e!! Special","Astral, Yuma Tsukumo, Aika Hanazoe, Chitaro Ariga, Daisuke Katagiri, Durbe, Fuma, Gilag",
QQQ,,Movie,,,,"Abstract, No Dialogue, Shorts",3.06,2012.0,,"Three Qs and more make QQQ. QQQ spin and roll. And QQQ transform themselves, spinning. QQQ transforms, spinning, rolling, swinging, turning and traveling.",,,,,
Shiranpuri,,Movie,,Shirogumi,,"Drama, Anime Tamago, Psychological, School Life, Shorts, Bullying",3.06,2012.0,,"Don, a quiet, kind boy, is being bullied mercilessly by Yaragase and his gang, for no other reason than accidentally sneezing on him one day. Boku and his friends notice these acts, but refuse to take action as they don't want to be the group's next targets. But as the days pass, Boku can't stop thinking of poor Don, and wonders if he needs to finally speak up for the boy...",Bullying,,,"Boku : Issei Kojima, Don : Akiko Yajima, Seiya : Mana Hirata, Yaragase : Ami Koshimizu, Yatai No Ojisan : Banjou Ginga, Yocchin : Mami Fujita, Boku'S Mother, Marimo : Yumi Uchiyama, Shinpei Miyashita
Director, Kousuke Itou
Music, Naoyuki Asano
Character Design, Kenichirou Hayafune
Producer","Shinpei Miyashita : Director, Kousuke Itou : Music, Naoyuki Asano : Character Design, Kenichirou Hayafune : Producer"
Peeping Life: The Perfect Explosion,,OVA  ,10.0,CoMix Wave Films,,"Comedy, Short Episodes",3.06,2012.0,,No synopsis yet - check back soon!,,,"Peeping Life, Peeping Life Specials, Peeping Life: The Perfect Emotion, Peeping Life: The Perfect Emotion Specials, Peeping Life: The Perfect Evolution Specials, Peeping Life: The Perfect Evolution, Peeping Life: The Perfect Extension, Peeping Life: World History, Peeping Life: YouTuber-kun, Peeping Life: This is Fate!, Peeping Life: This is Fate! 2, Peeping Life x Beppu City Collaboration, Peeping Life: Shinkon-chan Kansai ni Irasshai, Peeping Life TV: Season 1??",,
Kaisoku Tokyo: Kaijuu,,Music,,,,Monsters,3.06,2012.0,,No synopsis yet - check back soon!,,,,"Ryu Okubo
Director",Ryu Okubo : Director
Onii-chan Dakedo Ai Sae Areba Kankeinai yo ne! Specials, OniAi Specials,DVD S,,SILVER LINK.,,"Ecchi, Picture Drama, Based on a Light Novel, Sexual Content",3.06,2012.0,2013.0,No synopsis yet - check back soon!,Sexual Content,,Onii-chan Dakedo Ai Sae Areba Kankeinai yo ne!,"Akiko Himenokouji : Ibuki Kido, Anastasia Nasuhara : Minori Chihara, Arashi Nikaidou : Eri Kitamura, Haruomi Ginbee Sawatari : Asami Shimoda, Arisa Takanomiya : Sumire Morohoshi, Ayumi Himekawa : Yui Hase, Kaoruko Jinno : Megumi Takamoto, Reika Ryuuzaki : Mana Watarai, Koujirou Hayashi
Photography Director",Koujirou Hayashi : Photography Director
"I am alone, walking on the straight road",,Movie,,,,"Slice of Life, Shorts",3.06,2012.0,,"I tried to symbolize the emotion of loneliness with the motif of the poet, Taneda Santoka, who has broken the haiku form. The cutout method depicts subtle facial expressions of the man who is slightly drunk in the mountain in the course of his trip.",,,,,
Lai Lai Lai Team: Tengoku,,Music,,,,"Abstract, Music",3.06,2012.0,,No synopsis yet - check back soon!,,,,"Onionskin
Director, Lai Lai Lai Team
Music, Toshikazu Tamura
Animation Director, Ai Sugaya
Animation Director","Onionskin : Director, Lai Lai Lai Team : Music, Toshikazu Tamura : Animation Director, Ai Sugaya : Animation Director"
Suck a Stew Dry: Ishitsubutsu Toriatsukaijo,,Music,,,,,3.06,2012.0,,No synopsis yet - check back soon!,,,,"Suck A Stew Dry
Music",Suck A Stew Dry : Music
Eureka Seven Ao: Aratanari Fukaki Ao,,Web  ,10.0,Bones,,"Comedy, Chibi, Short Episodes",3.06,2012.0,,No synopsis yet - check back soon!,,"Eureka Seven: Gravity Boys & Lifting Girl, Eureka Seven, Eureka Seven (Light Novel), Eureka Seven AO, Eureka Seven nAnO","Eureka Seven, Eureka Seven: Navigation ray=out, Eureka Seven: Good Night, Sleep Tight, Young Lovers, Eureka Seven: New Order, Eureka Seven AO, Eureka Seven AO: The Flowers of Jungfrau, Eureka Seven AO Final Episode: One More Time -lord don't slow me down-","Ao Fukai : Yuutarou Honjou, Naru Arata : Kanako Miyamoto, Elena Peoples : Chiaki Omigawa, Fleur Blanc : Ayaka Oohashi",
Jin: World Calling, World Calling,Music,,,,Vocaloid,3.05,2012.0,,No synopsis yet - check back soon!,,,,"Ia, Jin
Producer",Jin : Producer
Celebration and Chorale, Shukuten no Chorale,Other,,,,"No Dialogue, Shorts, Original Work",3.05,2012.0,,No synopsis yet - check back soon!,,,,"Yukie Nakauchi
Director",Yukie Nakauchi : Director
Pinocchio-P: Don't Kill the Love Song, Pinnochio-P: Love Song wo Korosanaide,Music,,,,Vocaloid,3.05,2012.0,,No synopsis yet - check back soon!,,,,"Miku Hatsune, Pinocchio-P
Producer",Pinocchio-P : Producer
Blue Exorcist Movie Special, Ao no Exorcist Movie Special,Other,,,,"Comedy, Crossover, Shorts",3.04,2012.0,,No synopsis yet - check back soon!,,Blue Exorcist,"Blue Exorcist, Blue Exorcist Specials, Blue Exorcist: Kuro's Trip Away From Home, Blue Exorcist Movie, Blue Exorcist: Kyoto Saga, Blue Exorcist OVA",,
"sasakure.UK: *Hello, Planet.",,Music,,,,Vocaloid,3.04,2012.0,,No synopsis yet - check back soon!,,,,"Miku Hatsune, Sasakure.Uk
Producer",Sasakure.Uk : Producer
Humanity Has Declined Recap," Jinrui wa Suitai Shimashita: Ningen-san no, Yousei-san Memo",Web  ,1.0,AIC ASTA,Fall ,Recap,3.04,2012.0,,No synopsis yet - check back soon!,,"Jinrui wa Suitai Shimashita (Light Novel), Jinrui wa Suitai Shimashita: Nonbirishita Houkoku, Jinrui wa Suitai Shimashita: Yousei, Shimasu ka?, Jinrui wa Suitai Shimashita: Heijou Unten (Light Novel)","Humanity Has Declined Specials, Humanity Has Declined","Mediator, Assistant, Y",
The Life of Budori Gusko (2012), Guskou Budori no Denki (2012),Movie,,Tezuka Productions,,"Drama, Fantasy, Animal Protagonists, Anthropomorphic, Cats, Countryside, Non-Human Protagonists, Based on a Novel",3.04,2012.0,,"An anthromorphic cat named Budori lives in the forests of Ihatov. After a series of misfortunes, including the spiriting away of his beloved sister, Budori sets off to build a better life - but a deadly winter is coming, and Budori finds himself the unlikely hero with a plan that can save everyone.",,,The Life of Budori Gusko (1994),"Budori, Neri, Redbeard'S Father : Sukekiyo Kameyama, Gisaburou Sugii
Director, Marisuke Eguchi
Character Design, Yukio Abe
Art Director","Gisaburou Sugii : Director, Marisuke Eguchi : Character Design, Yukio Abe : Art Director"
Teekyuu,,TV   ,12.0,MAPPA,Fall ,"Comedy, Shounen, Sports, Gag, School Club, School Life, Short Episodes, Tennis, Based on a Manga",3.03,2012.0,,"Kanae, Marimo, Nasuno and Yuri are four friends who make up a tennis club at school. Whether they're going to a bakery to eat cakes, wrestling Yuri's panties from Marimo's mouth or actually playing tennis for once, the girls always manage to have a fun time in the process.",,Teekyuu,"Ketsuekigata-kun! Featuring Yuri & Nasuno, Teekyuu 2, Teekyuu 3, Teekyuu 2 Specials, Teekyuu 3 Specials, Teekyuu 4, Takamiya Nasuno desu!, Teekyuu 5, Teekyuu 4 Specials, Teekyuu 6, Teekyuu 5 Specials, Teekyuu 7, Teekyuu 6 Specials, Usakame, Teekyuu 7 Specials, Teekyuu 8, Teekyuu 8 Specials, Teekyuu 9","Kanae Shinjo : Suzuko Mimori, Marimo Bandou : Kana Hanazawa, Nasuno Takamiya : Kyouko Narumi, Yuri Oshimoto : Yui Watanabe, Nasuno'S Father : Shinya Takahashi, Tenchio Keikiya : Hirokazu Machida, Yakatan : Shinya Takahashi, Roots
Original Creator, Shin Itagaki
Director & Animation Director & Character Design & Episode Director & Screenplay & Sound Director & Storyboard, Makoto Moriwaki
Producer, Atsushi Iwanami
Producer, Eisuke Imanishi
Producer, Hiroshi Gotou
Producer","Roots : Original Creator, Shin Itagaki : Director & Animation Director & Character Design & Episode Director & Screenplay & Sound Director & Storyboard, Makoto Moriwaki : Producer, Atsushi Iwanami : Producer, Eisuke Imanishi : Producer, Hiroshi Gotou : Producer"
Kyoto Animation CM: Ikitaku Naru Omise-hen,,Other,,Kyoto Animation,,"Fantasy, Commercials, Promotional, Shorts, Urban Fantasy",3.03,2012.0,,"A girl travels far across a beautiful fantasy world by train, by airship, and by foot, to visit the KyoAni Shop.",,,,"Girl : Shizuka Furuya, Cat Pilot, Naoko Yamada
Key Animator",Naoko Yamada : Key Animator
Stitch and the Planet of Sand, Stitch to Suna no Wakusei,TV Sp,,Shin-Ei Animation,,"Adventure, Comedy, Sci Fi, Aliens, Disney, Family Friendly, Non-Human Protagonists, Based on a Cartoon",3.03,2012.0,,"To confront a planetary war at the sand planet of Katuuna, Stitch! must leave Yuuna and Earth behind.",,,"Stitch!, Stitch!: The Mischievous Alien's Great Adventure, Stitch! Challenge From Piko, Stitch! Son of Sprout, Stitch!: Best Friends Forever, Stitch!: Best Friends Forever - Ace's Back, Stitch! Perfect Memory",,
Columbos,,Movie,,,,"Drama, Mystery, No Dialogue, Police, Shorts, Stop Motion Animation",3.03,2012.0,,No synopsis yet - check back soon!,,,,"Kawai Okamura
Director",Kawai Okamura : Director
After School Midnighters, Houkago Midnighters,Movie,,Koo-Ki,,"Comedy, Fantasy, CG Animation",3.03,2012.0,,"Mako, Miko, and Mutsuko are three young girls visiting St. Claire Elementary, a school filled with strange legends. The girls have an encounter with Kunstrijk, a human body anatomy model, and Goth, a skeleton model. Seeking revenge for being vandalized by the girls, Kunstrijk invites them to the school´s midnight party in order to scare them.",,,After School Midnighters: Short Movies Season 2,"Goth : Hiromasa Taguchi, Kunstrijk : Kouichi Yamadera, Mako : Haruka Tomatsu, Miko : Sakiko Uran, Mutsuko : Minako Kotobuki, Dunkelheit : Ikuko Tani, Franz Peter Schubert : Hozumi Gouda, Fred : Houchuu Ootsuka, Hitoshi Takekiyo
Director, Reiji Kitazato
Music","Hitoshi Takekiyo : Director, Reiji Kitazato : Music"
sasakure.UK & DECO*27: 39,,Music,,,,Vocaloid,3.03,2012.0,,No synopsis yet - check back soon!,,,,"Miku Hatsune, Deco*27
Producer, Sasakure.Uk
Producer","Deco*27 : Producer, Sasakure.Uk : Producer"
Kemurikusa (2012),,Web  ,1.0,Yaoyorozu,,"Action, Sci Fi, Insects, Non-Human Protagonists, Siblings, Survival, CG Animation, Original Work",3.03,2012.0,,"The science-fiction action story follows girls who fight with weird entities nicknamed ""mushi"" (bugs) and survive in a world of red fog.",,Kemurikusa: Wakaba Memo,Kemurikusa,,
Tripshots: Gift nor Art,,Music,,,,"Vocaloid, CG Animation",3.03,2012.0,,No synopsis yet - check back soon!,,,,"Miku Hatsune, Tripshots
Producer",Tripshots : Producer
Thermae Romae x Yoyogi Animation Gakuin Collaboration,,Other,,DLE,,"Comedy, Seinen, Anime Industry, Promotional, Shorts, Based on a Manga",3.03,2012.0,,No synopsis yet - check back soon!,,Thermae Romae,"Thermae Romae x Asahi Shimbun Digital Collaboration, Thermae Romae x LOFT Collaboration, Thermae Romae, Thermae Romae Specials, Thermae Romae: Kodai Romajin ga Uchuu e, Thermae Romae x TOTO Collaboration","Lucius Modestus, Regulus",
Himitsukessha Taka no Tsume NEO, Eagle Talon NEO,TV   ,38.0,DLE,Spring,"Comedy, Parody, Short Episodes, Superheroes, Flash Animation, Original Work",3.03,2012.0,2013.0,Third season of Himitsukessha Taka no Tsume.,,,"Himitsukessha Taka no Tsume, Himitsukessha Taka no Tsume Countdown, Himitsukessha Taka no Tsume MAX, Himitsukessha Taka no Tsume EX, Himitsukessha Taka no Tsume DO, Himitsukessha Taka no Tsume GT, Himitsukessha Taka no Tsume: Golden Spell","Soutou, Yoshida, Frogman
Director",Frogman : Director
Chou Soku Henkei Gyrozetter,,TV   ,51.0,A-1 Pictures,Fall ,"Action, Mecha, Sci Fi, Cars, Family Friendly, Transforming Mecha, Based on a Video Game",3.03,2012.0,2013.0,"New Yokohama Center is the famed city of the future, promoting widespread use of AI cars and home to Arcadia Academy – a learning institution founded to educate the next generation of AI car specialists.  Kakeru and Rinne used to think they were typical students at Arcadia, until they discovered that the school is actually a façade for a secret defense agency, and what's more, the two of them are fated to become mecha pilots! Now, the duo, along with other friends, must race and battle in transforming cars to put a stop to the evil organization Zenon's plans.",,,,"Kakeru Todoroki : Marina Inoue, Michinori Hane : Akio Suyama, Rinne Inaba : Yuka Iguchi, Satori Miwa : Arisa Kiyoto, Shunsuke Hayami : Yoshitsugu Matsuoka, Souta Gunji : Mutsumi Tamura, Claude : Jouji Nakata, Goat : Takaya Kuroda, Shinji Takamatsu
Director, Dai Satou
Series Composition, Naoki Satou
Music, Yoshinori Yumoto
Character Design, Shouji Kawamori
Mechanical Design, Tomonori Ochikoshi
Producer, Masahiro Sugasawa
Producer, Yoshinobu Tokumoto
Episode Director & Storyboard","Shinji Takamatsu : Director, Dai Satou : Series Composition, Naoki Satou : Music, Yoshinori Yumoto : Character Design, Shouji Kawamori : Mechanical Design, Tomonori Ochikoshi : Producer, Masahiro Sugasawa : Producer, Yoshinobu Tokumoto : Episode Director & Storyboard"
au x Rope,,Web  ,3.0,,,"Comedy, Animal Protagonists, Anthropomorphic, Non-Human Protagonists, Rabbits, Short Episodes",3.03,2012.0,,No synopsis yet - check back soon!,,,"Kamiusagi Rope, Kamiusagi Rope Movie Episode 0, Felix x Kamiusagi Rope, Kamiusagi Rope x Boruto: Naruto Next Generations, Elleair x Kamiusagi Rope","Akira, Rope",
Sakura Wars: Kanadegumi, Sakura Taisen Kanadegumi,Music,,A-1 Pictures,,"Reverse Harem, Based on a Manga",3.02,2012.0,,The story follows a girl named Neko Miyabi and her interactions with five attractive young men. The story takes place in Tokyo and centers on an imperial opera company named Kanadegumi.,,"Sakura Taisen, Sakura Taisen: Kanadegumi","Sakura Wars: Ouka Kenran, Sakura Wars: Gouka Kenran, Sakura Wars TV, Sakura Wars: The Movie, Sakura Wars: Sumire, Sakura Wars: Ecole de Paris, Sakura Wars: Le Nouveau Paris, Sakura Wars: New York NY., Sakura Kakumei ~Hana Saku Otome-tachi~","Francisco Lewes Astorga, Genji Touhou, Genzaburou Touhou, Hugo Julliard, Neko Miyabi, G.O. Bach, Syou Seiryuuin",
Btooom! Bakusatsu Digest,,DVD S,,MADHOUSE,,"Forest, High Stakes Games, Island, Jungle, Play or Die, PVP, Recap, Survival, Based on a Manga, Explicit Violence,, Mature Themes",3.02,2012.0,,No synopsis yet - check back soon!,"Explicit Violence,, Mature Themes",,Btooom!,,
Umineco Sounds: Jirijiri,,Music,,,,Slice of Life,3.02,2012.0,,No synopsis yet - check back soon!,,,,"Umineco Sounds
Music",Umineco Sounds : Music
HoneyWorks: SpaceDEV, SpaceDEV,Music,,,,Vocaloid,3.02,2012.0,,No synopsis yet - check back soon!,,,,"Honeyworks
Producer",Honeyworks : Producer
Pokemon: Utae Meloetta - Rinka no Mi wo Sagase!, Pokemon: Sing Meloetta - Search for the Rinka Berries,OVA  ,1.0,,,"Fantasy, Family Friendly, Monsters, Shorts, Based on a Video Game",3.01,2012.0,,No synopsis yet - check back soon!,,"Pokemon: The Electric Tale of Pikachu, Pokémon Adventures, Magical Pokemon Journey, Pokémon: Diamond and Pearl Adventure!, Pokemon Mystery Dungeon: Ginji's Rescue Team, Pokemon Ranger and the Temple of the Sea, Pokemon: The Rise of Darkrai, Pokemon Ranger Batonnage, Kaitou! Pokemon 7, Pokemon the Movie: White - Victini and Zekrom, Pokemon + Nobunaga no Yabou - Ranse Iroemaki, Pokémon: Diancie and the Cocoon of Destruction, Pokémon: Omega Ruby & Alpha Sapphire, Pokemon the Movie: Hoopa and the Clash of Ages, Pokemon the Movie XY&Z: Volcanion to Karakuri no Magiana, Pokemon Horizon: Sun & Moon, Pokémon: Sun & Moon, Pokémon the Movie: I Choose You!","Pokemon: Pichu Bros. in Party Panic, Pokemon: Gotta Dance!, Pokemon Movie 6: Jirachi Wish Maker, Pokemon Movie 7: Destiny Deoxys, Pokemon: Pikachu's Summer Festival, Pokemon Movie 8: Lucario and The Mystery of Mew, Pokemon: Pikachu's Ghost Carnival, Pokemon Movie 9: Pokemon Ranger and the Temple of the Sea, Pokemon: Pikachu's Island Adventure, Pokemon: Diamond & Pearl, Pokemon Movie 10: The Rise of Darkrai, Pokemon: Pikachu Tanken Club, Pokemon Mystery Dungeon: Explorers of Time and Darkness, Pokemon Movie 11: Giratina and the Sky Warrior, Pokemon: Pikachu's Great Ice Adventure, Pokemon Movie 12: Arceus and the Jewel of Life, Pokemon: Pikachu's Great Sparking Search, Pokemon Movie 13: Zoroark - Master of Illusions, Pokemon: Pikachu's Big Mysterious Adventure, Pokemon: Black & White, Pokemon Movie 14: Black - Victini and Reshiram, Pokemon Movie 14: White - Victini and Zekrom, Pokemon Black Version 2 and White Version 2, Pokemon: Black & White - Rival Destinies, Pokemon Movie 15: Kyurem vs. The Sword of Justice, Pokemon: Meloetta's Moonlight Serenade, Pokemon: Black & White: Adventures in Unova, Pokemon: Black & White: Adventures in Unova and Beyond, Pokemon: Mewtwo - Prologue to Awakening, Pokemon: Eevee and Friends, Pokemon XY Special: Road to Kalos, Pokemon XY: Mega Evolution, Pokemon XY: Sora no Hahen, Pokemon: Diancie, Princess of the Diamond Domain, Pokemon Movie 17: Diancie and the Cocoon of Destruction, Pokemon: Hoopa, The Mischief Pokemon","Ash'S Pikachu : Ikue Ootani, Meloetta : Megumi Nakajima, Jessie'S Wobbuffet : Yuuji Ueda, Team Rocket’S Meowth : Inuko Inuyama, Ash'S Oshawott : Misato Fukuen, Ash'S Snivy : Megumi Hayashibara, Chikorita : Mika Kanai, Dawn'S Piplup : Etsuko Kozakura, Junya Okamoto
Producer, Chouji Yoshikawa
Producer, Akiko Odawara
Producer, Takemoto Mori
Producer, Kouichi Kawase
Producer","Junya Okamoto : Producer, Chouji Yoshikawa : Producer, Akiko Odawara : Producer, Takemoto Mori : Producer, Kouichi Kawase : Producer"
Shining Hearts Picture Drama, Shining Hearts: Shiawase no Pan Picture Drama,DVD S,,Production I.G,,Picture Drama,3.01,2012.0,,No synopsis yet - check back soon!,,,Shining Hearts,"Airy Ardet, Amil Manaflare, Neris Filiam, Rick Elwood, Lana",
Yuyoyuppe: Reon, Reon,Music,,,,Vocaloid,3.01,2012.0,,No synopsis yet - check back soon!,,,,"Luka Megurine, Yuyoyuppe
Producer",Yuyoyuppe : Producer
Muv-Luv Alternative: Total Eclipse - Pre-Climax Special,,TV Sp,,aNCHOR,,"Action, Mecha, Sci Fi, Aliens, America, Military, Recap, Violence",3.01,2012.0,,"A summary ep that reviews the characters and important events of the preceding episodes, and gives important information that will help you enjoy the climax 10 times as much!",Violence,"MuvLuv, Muv-Luv Unlimited, Muv-Luv Alternative, Muv-Luv Alternative: Total Eclipse (Light Novel), Muv-Luv Alternative: Total Eclipse, Schwarzesmarken (Light Novel)","Muv-Luv Alternative: Total Eclipse, Schwarzesmarken","Takayuki Inagaki
Director, Masaomi Andou
Director, Seikou Nagaoka
Music, Yumiko Hara
Character Design, Hiroyuki Tanaka
Producer, Hiroaki Oshiro
Producer, Kyota Ide
Producer, Masahiro Kawada
Producer","Takayuki Inagaki : Director, Masaomi Andou : Director, Seikou Nagaoka : Music, Yumiko Hara : Character Design, Hiroyuki Tanaka : Producer, Hiroaki Oshiro : Producer, Kyota Ide : Producer, Masahiro Kawada : Producer"
DOIMOI: Circles,,Music,,,,,3.01,2012.0,,No synopsis yet - check back soon!,,,,"Doimoi
Music",Doimoi : Music
Lupin VIII: Arsene and Cie, Lupin Hassei,OVA  ,1.0,TMS Entertainment,,"Action, Criminals, Thieves",3.01,2012.0,,"5 generations after Lupin the 3rd, Lupin the 8th plies his trade in an airship that flies above a futuristic Paris.",,"Lupin III, Lupin Kozou","Lupin III: Pilot Film, Lupin III, Lupin III: Part II, Lupin III: The Mystery of Mamo, Lupin III: The Castle of Cagliostro, Lupin III: Part III, Lupin III: Legend of the Gold of Babylon, Lupin III: The Fuma Conspiracy, Lupin III: Secret Files, Lupin III Special 1: Bye Bye, Lady Liberty, Lupin III Special 2: The Hemingway Papers, Lupin III Special 3: Napoleon's Dictionary, Lupin III Special 4: From Siberia With Love, Lupin III Special 5: Voyage To Danger, Lupin III Special 6: Dragon of Doom, Lupin III: Farewell to Nostradamus, Lupin III Special 7: The Pursuit of Harimao's Treasure, Lupin III: Dead or Alive, Lupin III Special 8: The Secret Of The Twilight Gemini, Lupin III Special 9: Island of Assassins, Lupin III Special 10: Crisis in Tokyo, Lupin III Special 11: The Columbus Files, Lupin III Special 12: Missed by a Dollar, Lupin III Special 13: Alcatraz Connection, Lupin III: Return Of Pycal, Lupin III Special 14: Episode 0 - First Contact, Lupin III Special 15: Operation Return the Treasure, Lupin III Special 16: Stolen Lupin, Lupin III Special 17: Angel Tactics, Lupin III Special 18: Seven Days Rhapsody, Lupin III Special 19: The Elusiveness of the Fog, Lupin III: Green vs Red, Lupin III Special 20: Sweet Lost Night, Lupin III Special 21: Lupin III vs Detective Conan, Monkey Majik: Lupin the Third, Lupin III Special 22: The Last Job, Lupin III Special 23: Blood Seal of the Eternal Mermaid, Lupin III: Lupin Family All-Stars, Lupin III: The Woman Called Fujiko Mine, Lupin III Special 24: Touhou Kenbunroku - Another Page, Lupin III Special 25: Princess of the Breeze - Kakusareta Kuuchuu Toshi, Lupin III: Jigen's Gravestone, Lupin III: Part IV, Lupin III Special 26: Italian Game, Lupin III: Goemon's Blood Spray, Lupin III: The First","Lupin Viii, Rintarou
Director",Rintarou : Director
Shining Hearts Specials, Shining Hearts: Shiawase no Pan Specials,DVD S,,Production I.G,,"Comedy, Chibi",3.01,2012.0,,No synopsis yet - check back soon!,,,Shining Hearts,"Airy Ardet, Amil Manaflare, Neris Filiam, Rick Elwood, Alvin, Lana",
dOPPO: Owakare,,Music,,,,"Music, Stop Motion Animation",3.01,2012.0,,No synopsis yet - check back soon!,,,,"Onionskin
Director, Toshikazu Tamura
Director & Animation Director, Doppo
Music, Ai Sugaya
Animation Director","Onionskin : Director, Toshikazu Tamura : Director & Animation Director, Doppo : Music, Ai Sugaya : Animation Director"
Yurumates 3D,,TV   ,13.0,C2C,Spring,"Comedy, Seinen, Slice of Life, Boarding House, Chibi, Neighbors, Short Episodes, Based on a 4-Koma Manga, Based on a Manga",3.01,2012.0,,"The story follows Yurume, an 18-year-old high school graduate who has yet to be accepted into college. In an effort to study for exams, she moves to Maison du Wish, an apartment complex on the outskirts of Tokyo which is full of other out-of-school ""rōnin."" Maybe that has something to do with the rumor about Maison du Wish: no one who lives there passes the entrance exam.",,Yurumates,"Yurumates, Yurumates wa?, Yurumates (2012), Yurumates 3D Plus","Yurume Aida : Haruko Momoi, Kumi Tanaka : Miyu Matsuki, Matsukichi : Satoshi Hino, Sae Kawano : Natsuko Kuwatani, Sae'S Sister, Saxyun
Original Creator, Tomohiro Tsukimisato
Director, Shuuji Katayama
Music, Takeshi Oda
Character Design, Jun Kimura
Producer, Daisuke Tomita
Producer","Saxyun : Original Creator, Tomohiro Tsukimisato : Director, Shuuji Katayama : Music, Takeshi Oda : Character Design, Jun Kimura : Producer, Daisuke Tomita : Producer"
Queen's Blade: Rebellion Specials,,DVD S,,ARMS,,"Ecchi, Borderline H, Explicit Sex",3.01,2012.0,,No synopsis yet - check back soon!,Explicit Sex,"Queen's Blade: Hide & Seek, Queen's Blade Anthology Comics, Queen's Blade: Sword of the Unicorn (Light Novel), Queen's Blade: Rurou no Senshi, Queen's Blade Rebellion: Kedakaki Chikai (Light Novel), Queen's Blade Rebellion: Zero, Queen's Blade Rebellion: Aoarashi no Hime Kishi, Queen's Blade Unlimited (Light Novel)","Queen's Blade: The Exiled Virgin, Queen's Blade: The Exiled Virgin Specials, Queen's Blade 2: The Evil Eye Specials, Queen's Blade: Beautiful Warriors, Queen's Blade OVA, Queen's Blade OVA Specials, Queen's Blade: Rebellion, Queen's Blade: Vanquished Queens, Queen's Blade: Vanquished Queens Specials, Queen's Blade: Grimoire, Queen's Blade: Unlimited","Aldra, Annelotte, Dogura, Eilin, Liliana, Luna Luna, Mirim, Sigui",
009 Re:Cyborg: Seishain Cyborg 003,,Other,,,,"Sci Fi, Commercials, Cyborgs, Promotional, Short Episodes, Superpowers, Work Life, CG Animation",3.0,2012.0,,No synopsis yet - check back soon!,,,"009 Re:Cyborg x Zip, 009 Re:Cyborg",Francoise Arnoul : Chiwa Saitou,
Arata-naru Sekai,,OVA  ,1.0,MADHOUSE,,"Mystery, Sci Fi, Time Travel, Original Work",2.99,2012.0,,"The story follows a ""time researcher"" and a group of children in a depopulated world that finds itself stuck in time. In order to save humanity, some of the characters are chosen to travel to the future (depicted in the anime), and others to the past (depicted in the manga), while those who are deemed unsuitable for the technology stay in the present (depicted in the novel.)",,"Arata-naru Sekai: Kako-hen, Arata-naru Sekai: Gendai-hen (Light Novel)",,"Arisa Hoshigaoka : Yuka Iguchi, Hongou : Rumi Ookubo, Ichimiya : Yumi Uchiyama, Yakusa : Risa Taneda, Arata Nakamura : Yoriko Nagata, Sakyouyama : Junichi Yanagita, Kirishima : Ryouhei Kimura, Yuzuru Tachikawa
Director, Naoki Chiba
Music, Shinichi Kurita
Character Design, Shuuhei Yabuta
Cg Director, Takahiro Tanaka
Key Animator, Shin Wakabayashi
Key Animator, Kana Shundou
Key Animator","Yuzuru Tachikawa : Director, Naoki Chiba : Music, Shinichi Kurita : Character Design, Shuuhei Yabuta : Cg Director, Takahiro Tanaka : Key Animator, Shin Wakabayashi : Key Animator, Kana Shundou : Key Animator"
DEMIAN,,Web  ,1.0,,,"Action, Mecha, Sci Fi, Combining Mecha",2.99,2012.0,,A story about an elite government team that pilots a five into one super robot fighting force. They are called to take down their robot’s creator who is now a terrorist.,,,,,
Kenshi Yonezu: vivi,,Music,,,,Fantasy,2.99,2012.0,,"A song from a concept album about an imaginary town that is built on top of a catfish. All of the songs are stories that happen in the town. The idea of having a miniature town was one of Yonezu's first when planning the album, and he created characters and stories for the people who lived in the town. Yonezu considers the lyrics of ""vivi"" to be the closest to his own feelings.",,,,"Kenshi Yonezu
Director & Music",Kenshi Yonezu : Director & Music
Haru wa Kuru, Spring Arrives,Web  ,1.0,Studio 4°C,,"Adventure, Fantasy, Promotional, Shorts",2.98,2012.0,,"A creature wanders through a fantastical landscape, beneath the sun and the moon, through a bustling city, and even turning into a mermaid and deer along the way. No matter what, he keeps on walkin'.",,,,"Shoujirou Nishimi
Director & Character Design & Screenplay, Miyuki Itou
Color Design, Eiko Tanaka
Producer","Shoujirou Nishimi : Director & Character Design & Screenplay, Miyuki Itou : Color Design, Eiko Tanaka : Producer"
Shining Hearts, Shining Hearts: Shiawase no Pan,TV   ,12.0,Production I.G,Spring,"Action, Comedy, Fantasy, Harem, Romance, Based on a Video Game",2.98,2012.0,,"Over the years, many strange things have washed up on the shores of Windaria. Rick, a former swordsman, knows this all too well, having been found on the beach with a profound case of amnesia himself. Perhaps that's why Rick takes a quick interest in Kaguya, a girl who arrives in Windaria in a similar waterlogged and memory-less condition. It soon becomes apparent that his swordsmanship will be needed to protect her. For dark forces are on the move, all of whom seem to be seeking Kaguya!",,,"Shining Hearts Specials, Shining Hearts Picture Drama","Airy Ardet : Shiori Mikami, Amil Manaflare : Kanae Itou, Neris Filiam : Mai Aizawa, Rick Elwood : Hiroshi Kamiya, Hank : Masaharu Satou, Kaguya : Houko Kuwashima, Lagnas Wyndaria : Hikaru Midorikawa, Lorna Murasume : Ryou Hirohashi, Itsurou Kawasaki
Director & Ed Director & Episode Director & Op Director & Screenplay & Series Composition & Storyboard, Hiroki Kikuta
Music, Masanori Gotou
Producer, Gorou Shinjuku
Producer, Takayuki Hamana
Key Animator","Itsurou Kawasaki : Director & Ed Director & Episode Director & Op Director & Screenplay & Series Composition & Storyboard, Hiroki Kikuta : Music, Masanori Gotou : Producer, Gorou Shinjuku : Producer, Takayuki Hamana : Key Animator"
Holy Knight,,OVA  ,2.0,Lyrics,,"Ecchi, Seinen, Supernatural, Vampires, Based on a Manga, Nudity",2.98,2012.0,,"Shinta Mizumura's seemingly normal life suddenly changes when Lilith Kishimoto, a beautiful half-human, half-vampire girl, transfers to his school and surprises him with an unexpected demand.",Nudity,Holy Knight,,"Lilith Kishimoto : Maaya Uchida, Shinta Mizumura : Hiro Shimono, Chizuru Makimura : Yuiko Tatsumi, Cliff Strive : Shinichirou Miki, Plum Shuttery : Kenichi Suzumura, Agent 1 : Víctor Ruiz, Agent 2, Camilla : Yukari Kokubun, Maya Miyazaki
Original Creator, Jirou Fujimoto
Director, Hiroyuki Shimazu
Director, Vi-M
Music, Mai Toda
Character Design, Aoi Takeuchi
Sound Director, Daisuke Kimura
Producer, Kazuteru Kaneko
Producer","Maya Miyazaki : Original Creator, Jirou Fujimoto : Director, Hiroyuki Shimazu : Director, Vi-M : Music, Mai Toda : Character Design, Aoi Takeuchi : Sound Director, Daisuke Kimura : Producer, Kazuteru Kaneko : Producer"
Pinocchio-P: M/es,,Music,,,,"Vocaloid, CG Animation",2.97,2012.0,,No synopsis yet - check back soon!,,,,"Miku Hatsune, Pinocchio-P
Producer",Pinocchio-P : Producer
Fukashigi no Kazoekata,,Web  ,1.0,,,"Educational, Family Friendly",2.97,2012.0,,No synopsis yet - check back soon!,,,,,
Peeping Life: World History,,Web  ,40.0,CoMix Wave Films,,"Slice of Life, Anime Bancho, Short Episodes",2.97,2012.0,2013.0,"Throughout the world and throughout history, ordinary people live ordinary lives, discussing a variety of topics along the way. There are plenty of conversations to be had, such as builders in ancient Japan debating the size of a giant Buddha statue, cleaning ladies in present day gossiping about the job, two co-workers going on a date for the first time and other musings.",,,"Peeping Life, Peeping Life Specials, Peeping Life: The Perfect Emotion, Peeping Life: The Perfect Emotion Specials, Peeping Life: The Perfect Evolution Specials, Peeping Life: The Perfect Evolution, Peeping Life: The Perfect Extension, Peeping Life: The Perfect Explosion, Peeping Life: YouTuber-kun, Peeping Life: This is Fate!, Peeping Life: This is Fate! 2, Peeping Life x Beppu City Collaboration, Peeping Life: Shinkon-chan Kansai ni Irasshai, Peeping Life TV: Season 1??",Mutu,
Futon,,Movie,,,,Shorts,2.97,2012.0,,"A futon, a traditional Japanese mattress, as seen by Yoriko Mizushiri, becomes the vehicle of dream fantasies combining the most pleasant sensations such as the morning coffee, the warmth of bedding and a soft rice carpet under one’s feet. Lazy stretching serves as a start of sensuous, sleepy gymnastics. With a fluid movement, the passive body will turn once again from the left to the right of the mattress to dive into the fantasies of even deeper unconsciousness a little while later.",,,,"Yoriko Mizushiri
Director, Mari Fukuhara
Music, Seiji Toda
Music","Yoriko Mizushiri : Director, Mari Fukuhara : Music, Seiji Toda : Music"
Ozma,,TV   ,,GONZO,Spring,"Action, Adventure, Drama, Sci Fi, Desert, Leijiverse, Post-apocalyptic, Ship, Original Work",2.97,2012.0,,"In the distant future, Earth's oceans have dried up, leaving a vast sandy desert in their place. On this inhospitable planet lives Sam, a boy whose older brother went missing years ago while chasing the sand whale, a behemoth that lurks beneath the sand. Now, Sam has teamed up with the local gang of sand pirates, and has dedicated his life to hunting the whale down himself. But when the boy accidentally rescues a mysterious girl from a fleet of military ships, little did he know that she'd be connected to his long lost brother...",,,,"Bynas : Atsuko Tanaka, Maya : Rie Tanaka, Mimei : Ayumi Fujimura, Sam Coin : Tetsuya Kakihara, Gaira Gido : Shou Hayami, Bokus Rafu, Carla, Danga Shogun, Leiji Matsumoto
Original Creator, Ryousuke Takahashi
Chief Director, Takahiro Ikezoe
Director, Kousuke Yamashita
Music, Tomohisa Shitara
Cg Director, Daisuke Katagiri
Producer, Jun Nakajima
Producer, Toshiaki Obata
Producer","Leiji Matsumoto : Original Creator, Ryousuke Takahashi : Chief Director, Takahiro Ikezoe : Director, Kousuke Yamashita : Music, Tomohisa Shitara : Cg Director, Daisuke Katagiri : Producer, Jun Nakajima : Producer, Toshiaki Obata : Producer"
Sacred Seven Movie: Shirogane no Tsubasa Picture Drama,,DVD S,,Sunrise,,Picture Drama,2.96,2012.0,,No synopsis yet - check back soon!,,,"Sacred Seven, Sacred Seven Movie: Shirogane no Tsubasa","Alma Tandoji : Takuma Terashima, Fei Zhui Lau : Iori Nomizu, Makoto Kagami : Miyu Irino, Night Kijima : Nobuhiko Okamoto, Ruri Aiba : Megumi Nakajima, Teacher",
Kuraki Mai: Stay The Same,,Music,,,,"Animal Protagonists, Cats, Family Friendly, Non-Human Protagonists, Rabbits, Sanrio Characters",2.96,2012.0,,"The music video was bundled with the limited first edition of Kuraki Mai's 10th album, Over the Rainbow. The song is part of the Uta no Kotoba (Words of Songs) collaborative project between Sanrio's Wish me mell characters and Kuraki Mai.",,,,"Lutz, Maimai, Mell, Roseanne, Chico, Marin, Poco, Mai Kuraki
Music",Mai Kuraki : Music
Airy Me,,Movie,,,,"Abstract, Shorts",2.96,2012.0,,No synopsis yet - check back soon!,,,,"Yoko Kuno
Director, Cuushe
Music","Yoko Kuno : Director, Cuushe : Music"
Kyoto Animation CM: Kasa-hen,,Other,,Kyoto Animation,,"Action, Commercials, Promotional, Shorts",2.95,2012.0,,"While out on a walk, three kids suddenly find themselves in danger. Luckily for them, a very unusual woman appears to save them...",,,,"Boy, Girl, Girl With Glasses, Mysterious Woman, Dog",
Red Dracul Scar Tissue x Jazztronik: Answer,,Music,,,,Music,2.95,2012.0,,No synopsis yet - check back soon!,,,,"Ac-Bu
Director",Ac-Bu : Director
Busou Shinki: Armored War Goddess,,TV   ,12.0,8-Bit,Fall ,"Sci Fi, Slice of Life, Androids, Non-Human Protagonists, Robots",2.95,2012.0,,"Some guys wait their entire lives to meet the girl of their dreams, but Rihito already lives with four dream girls who are eager to please him. That’s because they’re Shinki: 6-inch high, customizable androids. Don’t let their tiny size fool you. These ladies have full-sized intelligence and emotions, and since each one would prefer to be Rihito’s favorite, there’s sure to be friction! Get ready for sparks to fly as four battery powered princesses take charge of Rihito’s world in Busou Shinki!",,"Busou Shinki 2036, Busou Shinki (Light Novel)","Busou Shinki Moon Angel, Busou Shinki OVA","Altines : Kaori Mizuhashi, Altlene : Megumi Nakajima, Arnval : Kana Asumi, Strarf : Minori Chihara, Eukrante : Emiri Katou, Howling : Eri Kitamura, Maochao : Mai Hashimoto, Rihito : Takahiro Mizushima, Yasuhito Kikuchi
Director, Tetsurou Oda
Music, Ryouma Ebata
Character Design, Masashi Takatori
Producer, Yoshiaki Uraki
Producer, Mitsuhiro Yoneda
Episode Director & Op Director, Michio Fukuda
Storyboard, Shinichirou Kajiura
Animation Director","Yasuhito Kikuchi : Director, Tetsurou Oda : Music, Ryouma Ebata : Character Design, Masashi Takatori : Producer, Yoshiaki Uraki : Producer, Mitsuhiro Yoneda : Episode Director & Op Director, Michio Fukuda : Storyboard, Shinichirou Kajiura : Animation Director"
Cinnamon's Parade,,Web  ,1.0,Sanrio,,"Adventure, Amusement Park, Animal Protagonists, Dogs, Family Friendly, Non-Human Protagonists, Rabbits, Sanrio Characters, Shorts",2.95,2012.0,,"In the eight-minute video to celebrate Cinnamoroll's tenth anniversary, the white puppy takes a nap and falls into an abandoned amusement park where he meets the rabbit Chocolat.",,,Cinnamon the Movie,"Cinnamoroll, Chocolat, Miyuki Okumura
Character Design",Miyuki Okumura : Character Design
Blood-C: None-None Gekijou,,Web  ,7.0,,,"Comedy, Chibi, Short Episodes",2.95,2012.0,,No synopsis yet - check back soon!,,Blood-C: Demonic Moonlight,Blood-C,"Nene Motoe : Misato Fukuen, Nono Motoe : Misato Fukuen",
Corpse Party: Missing Footage,,OVA  ,1.0,asread,,"Horror, Supernatural, Based on a Doujinshi, Based on a Video Game, Explicit Violence,, Nudity",2.94,2012.0,,No synopsis yet - check back soon!,"Explicit Violence,, Nudity","Corpse Party: Blood Covered, Corpse Party: Musume, Corpse Party: Book of Shadows, Corpse Party: Another Child, Corpse Party: Sachiko no Renai Yuugi - Hysteric Birthday 2U, Corpse Party Cemetery 0: Kaibyaku no Ars Moriendi, Corpse Party",Corpse Party: Tortured Souls,"Ayumi Shinozaki : Asami Imai, Mayu Suzumoto : Yuuka Nanri, Naomi Nakashima : Rina Satou, Sakutarou Morishige : Tetsuya Kakihara, Satoshi Mochida : Hiro Shimono, Seiko Shinohara : Satomi Arai, Yoshiki Kishinuma : Yuuichi Nakamura, Yuka Mochida : Eri Kitamura, Akira Iwanaga
Director, Masaki Tanaka
Character Design, Naoki Hiramatsu
Producer","Akira Iwanaga : Director, Masaki Tanaka : Character Design, Naoki Hiramatsu : Producer"
Hashi no Mukou,,Web  ,1.0,Iyasakadou,Summer,"Action, Horror, Mystery, Military",2.94,2012.0,,No synopsis yet - check back soon!,,,,"Shigeyoshi Tsukahara
Director & Character Design, Chouta Akatsuki
Music","Shigeyoshi Tsukahara : Director & Character Design, Chouta Akatsuki : Music"
Vocaloid China Project Senden Animation,,Other,,Seven Stone,,"Slice of Life, Chinese Animation, Idols, Music, No Dialogue, Promotional, Short Episodes, Vocaloid",2.94,2012.0,,No synopsis yet - check back soon!,,,,"Luo Tianyi, Mo Qingxian, Yuezheng Ling, Zhiyu Moke, Bei Chen, Fei, Shi Tian, Tian Dian",
Kid Icarus, Shin Hikari Shinwa: Palutena no Kagami,Web  ,6.0,Production I.G,,"Action, Fantasy, Promotional, Short Episodes, Based on a Video Game",2.94,2012.0,,"Humans are under attack! The evil God of Death Thanatos is on a rampage, and it's up to Pit to put a stop to the Underworld Army's path of destruction. Armed with the Power of Flight that was granted to him from the goddess Palutena, Pit sets forth to complete his goal.",,,,"Palutena : Aya Hisakawa, Pit : Minami Takayama, Thanatos : Eiji Itou, Akiyuki Simbo
Director, Kazuto Nakazawa
Director & Character Design & Screenplay, Junichi Fujisaku
Director & Screenplay, Hideyuki Morioka
Character Design, Shinichirou Etou
Photography Director, Takeshi Naitou
Art Director, Minoru Nishida
Art Director, Wakako Takahashi
Color Design","Akiyuki Simbo : Director, Kazuto Nakazawa : Director & Character Design & Screenplay, Junichi Fujisaku : Director & Screenplay, Hideyuki Morioka : Character Design, Shinichirou Etou : Photography Director, Takeshi Naitou : Art Director, Minoru Nishida : Art Director, Wakako Takahashi : Color Design"
Queen's Blade Rebellion vs. Hagure Yuusha no Aesthetica,,Other,,,,"Action, Ecchi, Fantasy, Crossover, Short Episodes, Nudity",2.94,2012.0,,A promotional video for Hagure Yuusha no Estetica featuring a battle against Queen's Blade: Rebellion characters.,Nudity,"Queen's Blade: Sword of the Unicorn (Light Novel), Aesthetica of a Rogue Hero","Queen's Blade: Rebellion, Aesthetica of a Rogue Hero",,
sasakure.UK: Little Cry of The Abyss, asakure.UK: Little Cry of The Abyss,Music,,,,Vocaloid,2.94,2012.0,,No synopsis yet - check back soon!,,,,"Sasakure.Uk
Producer",Sasakure.Uk : Producer
Moka: Lost Forest, Lost Forest,Music,,David Production,,,2.94,2012.0,,No synopsis yet - check back soon!,,,,"Moka
Music",Moka : Music
Salmon-chan, Syake-chan,Web  ,1.0,,,"Comedy, Animal Protagonists, Anthropomorphic, Dark Comedy, Gag, Non-Human Protagonists, Shorts, Original Work",2.93,2012.0,,"Salmon-chan is determined to be eaten, but keeps getting rejected by everyone she meets. Bears walk away, a fisherman cut their line, and campers flee in terror. Can she finally find someone who will turn her into a tasty meal?",,,,"Salmon-Chan, Bear, Reporter, Father, Lisa, Mother, Takeshi, Yumiko Toyoshima
Director",Yumiko Toyoshima : Director
sasakure.UK: The Trash-Heap Princess and Apostrophe, The Trash-Heap Princess and Apostrophe,Music,,,,Vocaloid,2.93,2012.0,,No synopsis yet - check back soon!,,,,"Girl, Sasakure.Uk
Producer",Sasakure.Uk : Producer
Gakkatsu!,,TV   ,25.0,Spring 2012,,"Comedy, Chibi, School Life, Short Episodes, Flash Animation, Original Work",2.93,2012.0,,"Inayama Junior High is no ordinary school – at this learning institution, homeroom period is managed by the students themselves and used for discussing any topics they choose. For one classroom, this extra hour is used to the fullest with lively debates about the existence of aliens, foreigner classmates and even the real reason why boys at school refuse to use the bathroom stalls, amongst other topics.",,,Gakkatsu! 2nd Season,"Chiho Takachiho : Miyuki Kawasho, Hiroshi : Youhei Azakami, Kuroda : Sota Arai, Abe : Ami Naga, Alpako : Ami Naga, Announcer : Sota Arai, Charaotoko : Youhei Azakami, Gray, Rareko
Director & Music",Rareko : Director & Music
Bloody Bunny, Bloody Bunny: Don't Be My Enemy,TV   ,26.0,Kachidoki Studio,Summer,"Comedy, Animal Protagonists, Assassins, Non-Human Protagonists, Rabbits, Short Episodes",2.92,2012.0,2013.0,No synopsis yet - check back soon!,,,,,
Otome Nadeshiko Koi Techou,,OVA  ,1.0,,,"Shoujo, Historical, Shorts, Based on a Light Novel",2.92,2012.0,,The story follows a 16-year-old girl who is experiencing her first love during Japan's Taishou period (1912-1926).,,Otome Nadeshiko Koi Techou (Light Novel),,"Chizuru Touguu : Akiko Kawase, Sougetsu Suzumoto : Eiji Takeuchi, Editor : Yasuhiro Yoshimoto, Ranko : Saori Sudo, Saiyo : Mayu Isshiki, Hijiri Sanpei
Director, Masao Nakamura
Producer, Takashi Nishigata
Producer, Fumio Maezono
Episode Director & Storyboard","Hijiri Sanpei : Director, Masao Nakamura : Producer, Takashi Nishigata : Producer, Fumio Maezono : Episode Director & Storyboard"
Crazy For It,,Movie,,,,"Abstract, No Dialogue, Shorts",2.92,2012.0,,No synopsis yet - check back soon!,,,,"Yuutarou Kubo
Director, Taku Furukawa
Producer","Yuutarou Kubo : Director, Taku Furukawa : Producer"
Gokujo. Gokurakuin Joshikou Ryou Monogatari,,TV   ,12.0,LMD,Winter,"Comedy, Ecchi, GL, Seinen, Yuri, All-Girls School, Boarding School, Episodic, School Life, Short Episodes, Slapstick, Based on a Manga, Sexual Content",2.92,2012.0,,"Aya Akabane is anything but typical. She's arrogant, believes her bra is a fashion accessory that's meant to be worn in public and takes out her aggression on her closest friends – especially poor Konatsu, who is frequently picked up and spun around by her ponytail. Together with her friends, Aya enjoys an action-packed, event-filled high school life, whether she's trying to steal the panties her friends are wearing or secretly trying to film her classmates underwater!",Sexual Content,Gokujo. Gokurakuin Joshikou Ryou Monogatari,Gokujo. Gokurakuin Joshikou Ryou Monogatari: Souda Onsen ni Ikou!!,"Ai Nanasato : Maaya Uchida, Asuka Utsunomiya : Nozomi Sasaki, Aya Akabane : Youko Hikasa, Konatsu Toro : Natsumi Takamori, Madoka Owada : Satomi Akesaka, Kaname Oku : Yukari Kokubun, Minami Kurihashi : Ayana Taketatsu, Saya Akabane : Mamiko Noto, Maya Miyazaki
Original Creator, Futoshi Higashide
Director, Fumihide Sai
Character Design","Maya Miyazaki : Original Creator, Futoshi Higashide : Director, Fumihide Sai : Character Design"
Ebiten: Ebisugawa Public High School's Tenmonbu, Ebiten: Kouritsu Ebi Sugawa Koukou Tenmonbu,Web  ,10.0,AIC Classic,Summer,"Comedy, Ecchi, Harem, Shounen, Parody, School Club, School Life, Based on a Manga",2.91,2012.0,,"Take a group of fan girls, toss out all social rules, mix them in a basement, and what do you get? Besides a recipe for disaster, you get the Astronomy Club, where the wall between reality and fantasy shatters! As if things aren’t wild enough, throw in a manga fanatic who always ends up in her underwear, a maid on a mission, an archenemy, and a CAT as the faculty adviser! One thing’s certain: the Student Council will most definitely NOT approve when the Insane-O-Meter redlines in EBITEN!",,Ebiten,"Ebiten: Ebisugawa Public High School's Tenmonbu Specials, Ebiten OVA","Hakata Kanamori : Asuka Nishi, Itsuki Noya : Mariya Ise, Izumiko Todayama : Iori Nomizu, Kyouko Todayama : Kana Asumi, Rikei Hiromatsu : Risako Murai, Hasumi Ooba : Satomi Satou, Shouko Oomori : Kaori Nazuka, Yuka Iseda : Midori Tsukimiya, Hideki Okamoto
Director, Yuichi Nonaka
Music, Atsuko Watanabe
Character Design, Satoshi Fujita
Producer, Seiichi Hachiya
Producer, Jun Fukuda
Producer, Bunpei Ogawa
Producer, Atsuyuki Okamoto
Producer","Hideki Okamoto : Director, Yuichi Nonaka : Music, Atsuko Watanabe : Character Design, Satoshi Fujita : Producer, Seiichi Hachiya : Producer, Jun Fukuda : Producer, Bunpei Ogawa : Producer, Atsuyuki Okamoto : Producer"
Crash!,,Web  ,3.0,Fall 2012,,"Comedy, Reverse Harem, Romance, Shoujo, Idols, Music, Short Episodes, Based on a Manga",2.91,2012.0,,No synopsis yet - check back soon!,,Crash!,,"Sakura Yui : Chinatsu Akasaki, Hana Shiraboshi, Junpei Akamatsu : Tetsuya Kakihara, Kazuhiko Midorikawa : Kouki Uchiyama, Kiri Kurose : Tatsuhisa Suzuki, Rei Shinozuka : Shinnosuke Tachibana, Yugo Aoyagi : Junichi Yanagita, Yuka Fujikawa
Original Creator",Yuka Fujikawa : Original Creator
Fantasy,,Other,,,,"Black and White, Shorts, Original Work",2.91,2012.0,,No synopsis yet - check back soon!,,,,"Tomomi Komazaki
Director",Tomomi Komazaki : Director
Sengoku Collection,,TV   ,26.0,Brain's Base,Spring,"Action, Comedy, Ecchi, Fantasy, Slice of Life, Episodic, Person in a Strange World, Reverse Isekai, Based on a Video Game",2.9,2012.0,,"Sengoku Collection revolves around many samurai who are accidentally removed from a parallel universe inhabited by well-known historic characters. Unlike the historical war period known to us, all inhabitants in this unique world look like high school girls. Coming from the medieval era and finding themselves totally amazed by everything they encounter in modern day Tokyo, the girls become best friends through their adventures.",,,,"Nobunaga Oda :  Rumi Ookubo, Amago Tsunehisa : Eri Kitamura, Bokuden Tsukahara : Sayuri Hara, Gennai Hiraga : Haruka Kudou, Hisahide Matsunaga : Atsuko Tanaka, Hojo Soun : Ryou Hirohashi, Ieyasu Tokugawa : Kana Hanazawa, Isami Kondou : Chiaki Takahashi, Keiji Gotou
Director, Tomoki Kikuya
Music, Katsunori Shibata
Character Design, Shingo Kaneko
Episode Director & Storyboard, Touko Machida
Screenplay, Shouko Nakamura
Key Animator","Keiji Gotou : Director, Tomoki Kikuya : Music, Katsunori Shibata : Character Design, Shingo Kaneko : Episode Director & Storyboard, Touko Machida : Screenplay, Shouko Nakamura : Key Animator"
sasakure.UK: Tiger Rampage, Tiger Rampage,Music,,,,Vocaloid,2.9,2012.0,,No synopsis yet - check back soon!,,,,"Sasakure.Uk
Producer",Sasakure.Uk : Producer
Pinocchio-P: Scheveningen,,Music,,,,Vocaloid,2.9,2012.0,,No synopsis yet - check back soon!,,,,"Miku Hatsune, Pinocchio-P
Producer",Pinocchio-P : Producer
Chitose Get You!!,,TV   ,26.0,SILVER LINK.,Summer,"Comedy, Seinen, School Life, Short Episodes, Based on a Manga",2.89,2012.0,,The manga revolves around an energetic elementary school student named Chitose who has a crush on a young town hall worker named Hiroshi. Chitose hassles Hiroshi endlessly.,,Chitose Get You!!,Asako Get You!!,"Asako Fuji : Kotono Mitsuishi, Chitose Sakuraba : Sayaka Nakaya, Hinako Hiiragi : Mako, Misaki : Sora Tokui, Hiroshi Kashiwabara : Wataru Hatano, Junior Teacher : Rikako Yamaguchi, Mika Kashiwabara : Satomi Akesaka, Shige : Shinpachi Tsuji, Etsuya Mashima
Original Creator, Takao Sano
Director & Character Design, Asuka Yamazaki
Producer, Hayato Kaneko
Producer","Etsuya Mashima : Original Creator, Takao Sano : Director & Character Design, Asuka Yamazaki : Producer, Hayato Kaneko : Producer"
sasakure.UK: to Asteroid B-612,,Music,,,,Vocaloid,2.89,2012.0,,No synopsis yet - check back soon!,,,,"Sasakure.Uk
Producer",Sasakure.Uk : Producer
40meterP: Do Re Mi Fa Rondo, Do Re Mi Fa Rondo,Music,,,,"Chibi, Dogs, Family Friendly, Vocaloid",2.89,2012.0,,No synopsis yet - check back soon!,,,,"Dog, Miku Hatsune, Gumi, Len Kagamine, Luka Megurine, Rin Kagamine, Shohei Suzuki, Tanaka, 40Meterp
Producer",40Meterp : Producer
Baku Tech! Bakugan,,TV   ,51.0,Shogakukan Music & Digital Entertainment,Spring,"Shounen, Card Battles, Proxy Battles, Short Episodes, Based on a Manga",2.89,2012.0,2013.0,No synopsis yet - check back soon!,,,"Baku Tech! Bakugan Gachi, Baku Tech! Bakugan Gachi: Tokubetsu-hen","Harubaru Hinode : Marie Mizuno, Takao Kato
Director, Mayori Sekijima
Series Composition, Shuhei Naruse
Music","Takao Kato : Director, Mayori Sekijima : Series Composition, Shuhei Naruse : Music"
Mama Guitar: Eat You Up/Bunny,,Music,,,,"Black and White, Music, Rock Music",2.89,2012.0,,No synopsis yet - check back soon!,,,,"Shintaro Sakamoto
Director, Mama Guitar
Music","Shintaro Sakamoto : Director, Mama Guitar : Music"
sasakure.UK: The UniversaL ElekiteL, The UniversaL ElekiteL,Music,,,,Vocaloid,2.89,2012.0,,No synopsis yet - check back soon!,,,,"Sasakure.Uk
Producer",Sasakure.Uk : Producer
Jumbo Monster Gomera, Gomera,Web  ,5.0,,,"Comedy, Kaijuu, Monsters, Parody, Short Episodes, CG Animation",2.88,2012.0,2013.0,"The story centers on Gomera, a monster who aspires to become fierce like his fellow giant creatures Godzilla and Gamera. Gomera has trouble achieving that goal because of his friendly and nervous nature.",,,,Gomera,
Kindan no Tasuketsu: Nosferatu,,Music,,,,,2.87,2012.0,,No synopsis yet - check back soon!,,,,"Tomoko Oshima
Director, Kindan No Tasuketsu
Music","Tomoko Oshima : Director, Kindan No Tasuketsu : Music"
"People In The Box: Dance, Dance, Dance",,Music,,,,"Dancing, Ocean",2.87,2012.0,,No synopsis yet - check back soon!,,,,"Woman, Ryu Kato
Director, People In The Box
Song Performance","Ryu Kato : Director, People In The Box : Song Performance"
Gon,,TV   ,50.0,Daewon Media,Spring,"Adventure, Comedy, Seinen, Animal Protagonists, Dinosaurs, Family Friendly, Non-Human Protagonists, Prehistoric, Based on a Manga, CG Animation",2.87,2012.0,2013.0,"He's small, he's scaly, he's Gon! This tiny Tyrannosaurus Rex may seem like nothing but a lazy reptile that lounges around and causes mischief, but he's also a pint-sized powerhouse filled with energy who can defend himself when the right kind of food is involved. Whether he's riding a sabertooth tiger like a horse, catching fish to make friends or trying to impress peacocks, Gon manages to get into trouble on every adventure he takes.",,Gon,Gon 2nd Season,"Gon : Motoko Kumai, Icchii : Naru Kawamoto, Jack : Takeshi Kusao, Nicchii : Momoko Ohara, Puroro : Chisa Yuuki, Sacchii : Yoshiyuki Shimozuma, Sue : Rikako Yamaguchi, Ussu : Hidenari Ugaki, Masashi Tanaka
Original Creator",Masashi Tanaka : Original Creator
Aoi Sekai no Chuushin de, World War Blue,TV Sp,,5th Avenue,,"Action, Ecchi, Fantasy, Anthropomorphic, Parody, Superpowers, War, Based on a Manga",2.87,2012.0,2013.0,"For years, the kingdoms of Segua and Ninteldo have been locked in a bitter, brutal war to control the land of Consume. The blue-eyed Segua soldiers have been on the defensive, while the red-eyed Ninteldo warriors remain in power, controlling 90% of the world. That is, until a man named Gear blessed extraordinary speed joins the Segua army after the death of his friend, an act that may turn the tide of battle in the underdog's favor. Together, he, his sister Nel, archer Opal and perverted Tejirof will do their best to try to help Segua regain its former glory.",,World War Blue,,"Gear : Nobuhiko Okamoto, Opal : Izumi Kitta, Tejirof : Hiro Shimono, Marcus : Atsushi Ono, Nel : Suzuko Mimori, Ramses : Yukiko Monden, Zelig : Takehito Koyasu, Bays : Kouta Oshita, Anastasia Shestakova
Original Creator, Tetsuya Yanagisawa
Director, Tomohiko Kishimoto
Music, Maki Fujii
Character Design, Takashi Kanda
Character Design, Uchiyama Shigeo
Producer, Takahashi Kouta
Producer, Sekido Kimito
Producer","Anastasia Shestakova : Original Creator, Tetsuya Yanagisawa : Director, Tomohiko Kishimoto : Music, Maki Fujii : Character Design, Takashi Kanda : Character Design, Uchiyama Shigeo : Producer, Takahashi Kouta : Producer, Sekido Kimito : Producer"
Koi-ken! Watashi-tachi Anime ni Nacchatta!,,Web  ,12.0,Marvy Jack,Winter,"Comedy, Idols, Short Episodes, Based on a Mobile Game",2.86,2012.0,,"KoiKen Love Research club member Kaede Wakamiya comments that being an idol must be extremely easy - a comment that irritates idol Nagisa Toyama. At the suggestion of her manager, all female members of the KoiKen club are invited to become an idol unit with Nagisa. Kaede then realizes that maybe being an idol isn't so easy after all...",,,,"Haruka Kikui : Kikuko Inoue, Hotaru Yamabuki : Sakura Tange, Kaede Wakamiya : Haruka Tomatsu, Mari Kikui : Rie Kugimiya, Nagisa Toyama : Kaori Nazuka, Sakura Akagi : Ryouko Shintani, Wakaba Otowa : Aki Toyosaki, Satsuki Hatsukari : Ai Kayano, Takahiro Ando
Music, Kazuhiko Tamura
Character Design, Hiromasa Minami
Producer, Takeshi Ishigaki
Producer, Toshiaki Tanaka
Producer","Takahiro Ando : Music, Kazuhiko Tamura : Character Design, Hiromasa Minami : Producer, Takeshi Ishigaki : Producer, Toshiaki Tanaka : Producer"
Wooser no Sono Higurashi, Wooser's Hand-to-Mouth Life,TV   ,12.0,SANZIGEN,Fall ,"Comedy, Animal Protagonists, Non-Human Protagonists, Short Episodes, Based on a Manga, CG Animation",2.85,2012.0,,"Wooser is an adorable creature with a not-so-adorable fetish for panties and school girls. Alongside the lovely ladies Miho, Ren and Rin, Wooser always manages to have a fun time, whether the gang has a DJ dance party, forms sculptures out of clay or even volunteers at the zoo.",,,"Wooser no Sono Higurashi: Ken to Pantsu to Wooser to, Wooser no Sono Higurashi 2, Wooser no Sono Higurashi 3","Wooser : Mamoru Miyano, Darth Wooser, Miho : Yuri Sato, Ren : Haruka Nagamune, Rin : Minori Ozawa, Yuu : Tia, Ajipon, White Bird, Yoshiki Usa
Original Creator, Toyonori Yamada
Director, Tomoko Fujinoki
Character Design","Yoshiki Usa : Original Creator, Toyonori Yamada : Director, Tomoko Fujinoki : Character Design"
Yuyoyuppe: Story of Hope, Story of Hope,Music,,,,Vocaloid,2.85,2012.0,,No synopsis yet - check back soon!,,,,"Luka Megurine, Yuyoyuppe
Producer",Yuyoyuppe : Producer
Asa Made Jugyou Chu!, See Me After Class,OVA  ,1.0,GoHands,,"Comedy, Seinen, Borderline H, Cohabitation, Crossdressing, Panty Shots, Based on a Manga, Explicit Sex",2.85,2012.0,,"Yuuki's scored a full scholarship to a very prestigious school. The only catch? A ditzy teacher's error means he now has to crossdress to keep his real identity a secret! Will Yuuki pull it off... or will he be pulled to pieces by a cute, curious classmate?",Explicit Sex,See Me After Class,,"Ayana Kakinozaka : Azumi Asakura, Yuuki Kagami : Asami Shimoda, Risa Takebane : Suzuko Mimori, Headmistress : Akiko Toda, Nato-Sensei, Akiyoshi Ohta
Original Creator, Hiromitsu Kanazawa
Director, Funta
Music, Takayuki Uchida
Character Design, Shinsaku Tanaka
Producer, Masatoshi Takahashi
Producer","Akiyoshi Ohta : Original Creator, Hiromitsu Kanazawa : Director, Funta : Music, Takayuki Uchida : Character Design, Shinsaku Tanaka : Producer, Masatoshi Takahashi : Producer"
Ebiten: Ebisugawa Public High School's Tenmonbu Specials, Ebiten: Kouritsu Ebisugawa Koukou Tenmonbu Specials,DVD S,,AIC Classic,,"Comedy, Shounen, Based on a Manga",2.85,2012.0,2013.0,No synopsis yet - check back soon!,,Ebiten,"Ebiten: Ebisugawa Public High School's Tenmonbu, Ebiten OVA","Hakata Kanamori : Asuka Nishi, Hasumi Ooba : Satomi Satou, Itsuki Noya : Mariya Ise, Izumiko Todayama : Iori Nomizu, Kyouko Todayama : Kana Asumi, Rikei Hiromatsu : Risako Murai, Shouko Oomori : Kaori Nazuka, Yuka Iseda : Midori Tsukimiya, Sca-Ji
Original Creator",Sca-Ji : Original Creator
Gohan Kaijuu Pap CM,,Other,,DLE,,"Comedy, Commercials, Food and Beverage, Food Protagonists, Monsters, Non-Human Protagonists, Promotional, Short Episodes",2.85,2012.0,,No synopsis yet - check back soon!,,,Gohan Kaijuu Pap,Pap,
Himitsukessha Taka no Tsume Gaiden: Mukashi no Yoshida-kun, Eagle Talon Gaiden: Mukashi no Yoshida-kun,TV   ,,DLE,Winter,"Adventure, Comedy, Parody, Promotional, Short Episodes, Superheroes, Flash Animation, Original Work",2.84,2012.0,,"The television shorts follow the original anime's Yoshida-kun character as he travels through western Japan's Shimane Prefecture, his birthplace, in the past. Each episode of the Shimane sightseeing guide program introduce one famous place in the prefecture.",,,Himitsukessha Taka no Tsume,"Yoshida, Frogman
Director & Character Design & Original Creator",Frogman : Director & Character Design & Original Creator
OOIOO: SOL,,Music,,,,Abstract,2.84,2012.0,,"A story of a child who has been inheriting a negative legacy of humankind that continuously accumulates in diverse ways. The child keeps carrying the legacy, that is too heavy and too much to bear for her body, feverishly without knowing the real meaning of the act. Soon, the child starts to act out a vision of knowledge, prayers, courage and curiosity. She realizes that positive power is the best balance towards purification and she should stop carrying on the negativity through a negative attitude.",,,,"Shoji Goto
Director, Ooioo
Music","Shoji Goto : Director, Ooioo : Music"
Kamiusagi Rope Movie Episode 0,,Web  ,1.0,,,"Comedy, Slice of Life, Anthropomorphic, Shorts",2.83,2012.0,,No synopsis yet - check back soon!,,,"Kamiusagi Rope, Kamiusagi Rope 2, Kamiusagi Rope 3, au x Rope, Felix x Kamiusagi Rope, Elleair x Kamiusagi Rope",,
sasakure.UK: Lost and Found, Lost and Found,Music,,,,Vocaloid,2.83,2012.0,,No synopsis yet - check back soon!,,,,"Sasakure.Uk
Producer",Sasakure.Uk : Producer
Fly,,Movie,,,,"Fantasy, Shorts",2.83,2012.0,,No synopsis yet - check back soon!,,,,,
Space Brothers: Apo's Dream, Uchuu Kyoudai: Apo's Dream,OVA  ,1.0,,,"Comedy, Seinen, Animal Protagonists, Dogs, Non-Human Protagonists, Shorts, Based on a Manga, Flash Animation",2.83,2012.0,,No synopsis yet - check back soon!,,Space Brothers,Space Brothers,"Apo, Hibito Namba, Mutta Namba, Mutta'S Father, Mutta'S Mother",
sasakure.UK x DECO*27: Snow Song Show,,Music,,,,Vocaloid,2.83,2012.0,,"The official music video for the Vocaloid song Snow Song Show, by the producers sasakure.UK and DECO*27",,,,"Miku Hatsune, Sasakure.Uk
Producer & Mix & Song Arrangement & Song Composition, Deco*27
Producer & Song Lyrics, Miku Hatsune
Song Performance, Akka
Illustrator","Sasakure.Uk : Producer & Mix & Song Arrangement & Song Composition, Deco*27 : Producer & Song Lyrics, Miku Hatsune : Song Performance, Akka : Illustrator"
Hatoya,,Other,,,,"Fantasy, Shorts",2.82,2012.0,,No synopsis yet - check back soon!,,,,"Axe Owner, Water Inhabitant, Ryou Inoue
Director",Ryou Inoue : Director
Kakegae no,,Web  ,1.0,,,"Black and White, Shorts",2.82,2012.0,,No synopsis yet - check back soon!,,,,"Girl, Truck-Kun, Rapparu
Director",Rapparu : Director
Hachioji-P: Fake Doll,,Music,,,,Vocaloid,2.82,2012.0,,No synopsis yet - check back soon!,,,,"Miku Hatsune, Wakamurap
Director, Hachioji-P
Producer","Wakamurap : Director, Hachioji-P : Producer"
Komachi to Dangorou,,Web  ,4.0,MAPPA,,Short Episodes,2.82,2012.0,2015.0,No synopsis yet - check back soon!,,,,"Dangorou Sasa : Iori Nomizu, Komachi Hanano : Yuuka Nanri, Lip : Ami Nanase, Ryuuto : Yutaka Sasakura",
Machigerita-P: DarkerHalloweenYumYummyGillia, DarkerHalloweenYumYummyGillia,Music,,,,Vocaloid,2.8,2012.0,,No synopsis yet - check back soon!,,,,"Machigerita-P
Producer",Machigerita-P : Producer
Love Like Aliens,,Movie,,Shirogumi,,"Sci Fi, Androids, Robots, Shorts, CG Animation",2.8,2012.0,,"In a future not too far from now, humanity has advanced to a point where the line between Homo Sapiens and Androids have blurred completely. This has occurred so that the species could survive. Technology has allowed humans to travel into deep space to colonize other planets and galaxies deep in the universe because Earth has become uninhabitable. One of the many unfortunate results of this robotic Darwinism is that human behavior and consciousness has also changed over the years. Much of what makes one human -- love, family, intimacy etc., have all become things of the past. Almost legend...",,,,"Atterion, Sparra",
The Mystical Laws, Shinpi no Hou,Movie,,HS Pictures Studio,,"Fantasy, Sci Fi, Happy Science, Religion",2.79,2012.0,,"The film takes place in 201X, when the newly-formed ""Empire of Godom"" is threatening to take over the world by using mysterious technology offered to them by Reika Chan, the mysterious female president of a trading company. The protagonist of the film Sho Shishimaru is the one man who has the ""mystical technology"" that can stop the Empire of Godom, but after being hunted down by the Empire, he is saved by ""mysterious Indians,"" who tell him about a prophecy about the ""second coming of a savior.""",,,,"Reika Chan, Shou Shishimaru, Tatha Gata Killer, Isamu Imakake
Director, Yuichi Mizusawa
Music","Isamu Imakake : Director, Yuichi Mizusawa : Music"
Gunbuster 2: Science Lessons,"Alt titles: Aim For the Top 2! Science Lessons, Top wo Nerae 2! Kagaku Kouza",DVD S,,GAINAX,,Original Work,2.79,2012.0,,No synopsis yet - check back soon!,,Gunbuster 2,"Gunbuster, Gunbuster: Science Lessons, Gunbuster Renewal EX, Gunbuster 2, Gunbuster Movie, Gunbuster 2 Movie, Gunbuster: Science Lessons Return","Lal'C Melk Mark, Nono",
ClariS: Wake Up,,Music,,,,Crossover,2.79,2012.0,,"The official music video for Wake Up from the album ClariS -Single Best 1st-, by ClariS.",,,Moyashimon,"Alice : Alice, Clara : Clara, Aspergillus Oryzae, Junya Morita
Director, Claris
Music, Satomi Higuchi
Character Design","Junya Morita : Director, Claris : Music, Satomi Higuchi : Character Design"
Mameshiba x Kyary Pamyu Pamyu, Mameshi-Pamyu-Pamyu,Other,,,,"Commercials, Family Friendly, Promotional, Short Episodes",2.79,2012.0,2013.0,No synopsis yet - check back soon!,,4-Koma Mameshiba Gakuen,Mameshiba,,
ClariS: Naisho no Hanashi,,Music,,,,,2.79,2012.0,,"Naisho no Hanashi, a song by the pop duo ClariS, was used as the ending theme to Nisemonogatari.",,Bakemonogatari,Nisemonogatari,"Alice : Alice, Clara : Clara, Kazuaki Nakamura
Director, Claris
Music","Kazuaki Nakamura : Director, Claris : Music"
009 Re:Cyborg x Zip,,Web  ,10.0,,,"Crossover, Promotional, Short Episodes, CG Animation",2.78,2012.0,,No synopsis yet - check back soon!,,,"009 Re:Cyborg: Seishain Cyborg 003, 009 Re:Cyborg","Albert Heinrich : Tooru Ookawa, Chang Changku : Tarou Masuoka, Francoise Arnoul : Chiwa Saitou, Geronimo Jr. : Teruyuki Tanzawa, Great Britain : Hiroyuki Yoshino, Ivan Whisky : Sakiko Tamagawa, Jet Link : Daisuke Ono, Joe Shimamura : Mamoru Miyano",
sasakure.UK: Non-World Harmonize, Non-World Harmonize,Music,,,,"Drama, Sci Fi, Androids, Melancholy, Robots, War, Violence",2.78,2012.0,,No synopsis yet - check back soon!,Violence,,,"Sasakure.Uk
Producer",Sasakure.Uk : Producer
Zarizari mo you no Ruru Tenten,,Web  ,1.0,,,Shorts,2.78,2012.0,,No synopsis yet - check back soon!,,,,"Rabbit Machine
Director, Purikoko
Music","Rabbit Machine : Director, Purikoko : Music"
Amakage,,Web  ,1.0,,,"Fantasy, Shorts",2.78,2012.0,,No synopsis yet - check back soon!,,,,"Rabbit Machine
Director, Purikoko
Music","Rabbit Machine : Director, Purikoko : Music"
40meterP: Heartbreak Headline, Heartbreak Headline,Music,,,,"Journalism, Vocaloid",2.78,2012.0,,No synopsis yet - check back soon!,,,,"Gumi, Shohei Suzuki, Tanaka, Yamada, 40Meterp
Producer",40Meterp : Producer
DECO*27: HEART'S HOMING INSTINCT, HEART'S HOMING INSTINCT,Music,,,,Vocaloid,2.77,2012.0,,No synopsis yet - check back soon!,,,,"Deco*27
Producer",Deco*27 : Producer
Ippatsu Hicchuu!! Devander,,OVA  ,1.0,Tatsunoko Production,,"Action, Mecha, Sci Fi, Aliens, Parody, Superpowers, Original Work",2.76,2012.0,,"The story revolves around a spirited, carefree boy named Kazuma Harukaze, who lives with his little sister Sakura and his horse Lovely on a farm within sight of Mt. Fuji. One day, a ""meteor"" lands nearby, and it turns out to be Hinkeeru — a messenger from Muzanda who has come to warn Earth of a grave danger — and a robot horse named Robony.",,,,"Kazuma Harukaze : Yuuki Kaji, Hinkeil : Megumi Han, King Bull : Tooru Oohira, Roboly : Hiroki Tasaka, Sakura Harukaze : Rumi Ookubo, Lovely : Emi Yamamoto, Prince Oasis : Koutarou Nakamura, Tv Reporter, Hiroshi Sasagawa
Director, Futago Kamikita
Character Design","Hiroshi Sasagawa : Director, Futago Kamikita : Character Design"
Gunbuster: Science Lessons Return,"Alt titles: Aim For the Top! Science Lessons Return, Top wo Nerae! Science Lessons Return",DVD S,,GAINAX,,Original Work,2.76,2012.0,,No synopsis yet - check back soon!,,,"Gunbuster, Gunbuster: Science Lessons, Gunbuster Renewal EX, Gunbuster 2, Gunbuster Movie, Gunbuster 2 Movie, Gunbuster 2: Science Lessons",,
Sekiei Ayakashi Mangatan,,Web  ,3.0,Winter 2012,,"Fantasy, Seinen, Historical, Short Episodes, Based on a Manga",2.76,2012.0,,No synopsis yet - check back soon!,,Sekiei Ayakashi Mangatan,,"Sayu Shouya, Sekiei Karasuyama, Keuke, Yoyo, Kosodenote, Takanori Kawai
Original Creator",Takanori Kawai : Original Creator
"Boku no Imouto wa ""Oosaka Okan"": Haishin Gentei Oosaka Okan.",,Web  ,1.0,Charaction,Fall ,"Comedy, Siblings, Flash Animation, Original Work",2.76,2012.0,,No synopsis yet - check back soon!,,,"Boku no Imouto wa ""Oosaka Okan""","Kyousuke Ishihara : Ryouko Shiraishi, Namika Ishihara : Kana Asumi",
Kyoto Animation CM: Hassou-hen,,Other,,Kyoto Animation,,"Commercials, Promotional, Shorts",2.76,2012.0,,"While waiting for a friend, a young woman lets her imagination wander and her surroundings come to life.",,,,"Woman, Woman'S Friend",
Hoka Hoka Oden no Uta, Song of the Oden,Web  ,1.0,,,"Food and Beverage, No Dialogue, POV, Restaurants, Shorts",2.76,2012.0,,No synopsis yet - check back soon!,,,,"Takuya Hosogane
Director, Yuuyu
Music","Takuya Hosogane : Director, Yuuyu : Music"
Haitai Nanafa,,TV   ,13.0,Passione,Fall ,"Comedy, Fantasy, Slice of Life, Family Friendly, Short Episodes, Original Work",2.75,2012.0,,"The story of Haitai Nanafa revolves around an energetic middle school girl named Nanafa Kyan. Nanafa lives in Okinawa with her grandmother who runs the ""Kame Soba"" soba shop, her beautiful older sister Nao who is in high school, and her younger sister Kokona, who is in elementary school and has a strong ability to sense the supernatural. One day, Nanafa witnesses a seal fall off of a Chinese banyan tree, and three spirits who live in that tree are unleashed. These spirits include Niina and Raana, who are ""jimunaa"" spirits. The third spirit is Iina, who is an incarnation of an Okinawan lion statue. As spirits start appearing one after another, the peaceful life of Nanafa and her family begins to change.",,,Haitai Nanafa 2,"Kokona Kyan : Karin Yabiku, Nanafa Kyan : Ritsu Yonamine, Nao Kyan : Ruka Matsuda, Niina : Rei Matsuzaki, Iina : Hiromi Igarashi, Laana : Nana Inoue, Obaa : Izumi Kishaba, Himeno Ganaha : Ai Kawamitsu, Hiroshi Kimura
Director, Hisayoshi Hirasawa
Producer, Osamu Fukunaga
Producer, Toshinari Hatanaka
Producer","Hiroshi Kimura : Director, Hisayoshi Hirasawa : Producer, Osamu Fukunaga : Producer, Toshinari Hatanaka : Producer"
Mr. Children: Joutoku,,Music,,,,"Abstract, Black and White",2.75,2012.0,,No synopsis yet - check back soon!,,,,"Toshiaki Hanzaki
Director, Mr. Children
Music","Toshiaki Hanzaki : Director, Mr. Children : Music"
mathru: Bacterial Contamination, Bacterial Contamination,Music,,,,"Horror, Monsters, Vocaloid, CG Animation, Nudity",2.75,2012.0,,No synopsis yet - check back soon!,Nudity,,,Calne Ca,
sasakure.UK: The Fantastic Reality of Aesop, The Fantastic Reality of Aesop,Music,,,,Vocaloid,2.73,2012.0,,No synopsis yet - check back soon!,,,,"Sasakure.Uk
Producer",Sasakure.Uk : Producer
kous: Camille, Camille,Music,,,,Vocaloid,2.73,2012.0,,No synopsis yet - check back soon!,,,,"Kous
Producer",Kous : Producer
Tokyo Girls' Style: LolitA☆Strawberry in Summer, LolitA☆Strawberry in Summer,Music,,,,,2.73,2012.0,,No synopsis yet - check back soon!,,,,"Tokyo Girls' Style
Music",Tokyo Girls' Style : Music
Kremlin,,Web  ,5.0,DLE,,"Comedy, Cats, Pets, Short Episodes, Flash Animation",2.72,2012.0,2013.0,"The gag comedy centers around a purported college student named Haruo ""Cat"" Kyattsuyama who only went to his school, the low-tier Kunekune College, once. One day, he sees a cute Russian Blue cat named Kan-u abandoned in a cardboard box on the roadside somewhere in Japan. Kyattsuyama pretends not to see the cat, and continues to do so for an entire year. Surprisingly, no one has shown up to try to save the cat, so Kyattsuyama finally decides to pick the cat up — however, by then, there are now three Russian Blue cats instead of just one. Kyattsuyama asked the cats for their names, and they all said ""Kan-u.""",,KРΣМЛЬ,"Kodansha Morning CM, Kodansha Morning Two CM","Guan Yu, Guan Yu, Guan Yu, Haruo Kyattsuyama, Kaoru Curryzawa
Original Creator",Kaoru Curryzawa : Original Creator
Zekkyou Gakkyuu,,TV Sp,,,,"Horror, Shoujo, Promotional, Short Episodes, Supernatural, Based on a Manga",2.72,2012.0,,"The screaming lessons, a guide to the dark world behind our everyday life. No textbooks or pencils are needed, only courage...",,"Zekkyou Gakkyuu, Awadatsu Yoru: Zekkyou Gakkyuu Another Story, Zekkyou Gakkyuu: Tensei",Zekkyou Gakkyuu: Tensei,"Yomi, Emi Ishikawa
Original Creator",Emi Ishikawa : Original Creator
PES: Peace Eco Smile,,Web  ,7.0,Studio 4°C,Spring,"Promotional, Short Episodes, Original Work",2.72,2012.0,,"It takes place in Kichijoji, one of the most popular cities in Japan. Pes saves Kurumi when she almost falls into the pond of Iinokashira Park. Pes falls in love with Kurumi as soon as she kisses him. Pes starts working as a part-time in the flower shop and begins his adventures on Earth",,,,"Kurumi, Pes, Ken Minai, Bi, Haruru, Kurumi'S Father, Kurumi'S Grandfather, Kurumi'S Grandmother, Yuuichirou Hayashi
Director, Eiko Tanaka
Producer","Yuuichirou Hayashi : Director, Eiko Tanaka : Producer"
IMERUAT: Black Ocean,,Music,,,,Ship,2.72,2012.0,,No synopsis yet - check back soon!,,,,"Tomoyuki Sugimoto
Director, Imeruat
Music, Masashi Hamauzu
Producer","Tomoyuki Sugimoto : Director, Imeruat : Music, Masashi Hamauzu : Producer"
sasakure.UK: A Soliloquy of The Boy who Cried Wolf,,Music,,,,"Black and White, Vocaloid",2.71,2012.0,,No synopsis yet - check back soon!,,,,"Sotte Bosse
Music, Sasakure.Uk
Producer","Sotte Bosse : Music, Sasakure.Uk : Producer"
40meterP: Hachigatsu no Kaze, Hachigatsu no Kaze,Music,,,,"Childhood Friends, Vocaloid",2.71,2012.0,,No synopsis yet - check back soon!,,,,"Boy, Girl, Man, Woman, 40Meterp
Producer",40Meterp : Producer
Gokicha!! Cockroach Girls,,Web  ,2.0,MooGoo,Winter,"Comedy, Seinen, Insects, Non-Human Protagonists, Short Episodes, Based on a 4-Koma Manga, Based on a Manga",2.71,2012.0,,"Cockroaches Gokicha and Chaba move from Kanto to Hokkaido, giving their newly-found life experiences from the perspective of this indestructible insect. Though others see them only as squashable nuisances, these vermin are personified using young female faces and voices, as they open their misunderstood world to us in their own uniquely cute way.",,"Gokiburi Gijinka, Gokicha!! Cockroach Girls",,"Chaba : Rie Kugimiya, Gokicha : Mamiko Noto, Tamachi Rui
Original Creator",Tamachi Rui : Original Creator
Genki-kun no Oshougatsu @ Tokyo-eki,,Web  ,1.0,TERADAMOKEI,,"Shorts, Stop Motion Animation",2.71,2012.0,,No synopsis yet - check back soon!,,,,,
Tanken Driland,,TV   ,37.0,Toei Animation,Summer,"Adventure, Fantasy, Chibi, Family Friendly, Medieval, Based on a Mobile Game",2.69,2012.0,2013.0,"In the medieval land of Driland, hunters explore ruins in search of treasures. Princess Mikoto dreams of one day becoming a hunter despite of her royal responsibility of one day assuming the throne of the country of Elua. Following the words of Bonny, an experienced hunter who is an inspiration to the future empress, Mikoto starts a journey with the desire to see the world and then come back to her homeland.",,,Tanken Driland: 1000-nen no Mahou,"Mikoto : Kanako Miyamoto, Pan : Kouki Uchiyama, Pollon : Motoko Kumai, Wallens : Kenji Nojima, Bulilian : Taiki Matsuno, Diago : Kappei Yamaguchi, Django : Tetsu Inada, Lala : Kanako Kondou, Toshinori Fukuzawa
Director, Yuuki Hayashi
Character Design, Makoto Furukawa
Producer, Gyarmath Bogdan
Producer, Akira Takeuchi
Animation Director & Key Animator, Saki Takahashi
Key Animator, Yoshio Usuda
Key Animator","Toshinori Fukuzawa : Director, Yuuki Hayashi : Character Design, Makoto Furukawa : Producer, Gyarmath Bogdan : Producer, Akira Takeuchi : Animation Director & Key Animator, Saki Takahashi : Key Animator, Yoshio Usuda : Key Animator"
Ikeike! Momon-chan,,TV   ,15.0,Fall 2012,,"Comedy, Promotional, Short Episodes",2.67,2012.0,2013.0,No synopsis yet - check back soon!,,,"Ikeike! Momon-chan Specials, Momon's Sand Witch Bangai-hen: Tanu no Kyuujitsu, Momon's Sand Witch Episode Zero, Momon's Sand Witch","Momon-Chan, Tanu",
Kotoura-san: Haruka no Heya,,Web  ,6.0,AIC Classic,,"Comedy, Chibi, Short Episodes, Supernatural, Based on a 4-Koma Manga, Based on a Manga",2.67,2012.0,2013.0,No synopsis yet - check back soon!,,Kotoura-san,The Troubled Life of Miss Kotoura,"Haruka Kotoura : Hisako Kanemoto, Daichi Muroto : Hiro Shimono, Hiyori Moritani : Yurika Kubo, Yoshihisa Manabe : Jun Fukushima, Yuriko Mifune : Kana Hanazawa",
Gyo, GYO: Tokyo Fish Attack,OVA  ,1.0,ufotable,,"Horror, Sci Fi, Seinen, Apocalypse, Survival, Zombies, Based on a Manga, Mature Themes,, Nudity,, Sexual Content",2.67,2012.0,,"The country is being invaded by ferocious fish with sharp metal legs, hell-bent on death and destruction! Amidst the carnage, Kaori embarks on a desperate quest to find her missing boyfriend before he is lost to the mayhem that is sweeping the land. Facing four-legged killer sharks, machine driven squid and the myriad dangers of Tokyo, now an urban war zone, Kaori must find the truth behind these mechanical monsters and face an evil greater than she ever could have imagined.","Mature Themes,, Nudity,, Sexual Content",Gyo,,"Kaori Sawahara : Mirai Kataoka, Tsuyoshi Shirakawa : Hideki Abe, Aki : Masami Saeki, Dr. Koyanagi : Hiroshi Okazaki, Erika : Ami Taniguchi, Tadashi : Takuma Negishi, Fish In A Bag, Ringmaster, Junji Ito
Original Creator, Takayuki Hirao
Director, Gou Shiina
Music, Takuro Takahashi
Character Design, Atsuhiro Iwakami
Producer, Junya Okamoto
Producer, Tsuneo Takechi
Producer, Hikaru Kondo
Producer","Junji Ito : Original Creator, Takayuki Hirao : Director, Gou Shiina : Music, Takuro Takahashi : Character Design, Atsuhiro Iwakami : Producer, Junya Okamoto : Producer, Tsuneo Takechi : Producer, Hikaru Kondo : Producer"
Ai Mai! Moe Can Change!,,OVA  ,1.0,Frontier Works,,"Comedy, Sci Fi, Slice of Life, Based on a Mobile Game",2.66,2012.0,,"In a near future, Kiyan Chie and Anna Moeki have just been hired by the AMB Company as ""navi girls"" to promote a new service called Moe Can Change. They get to know each other as they test this wacky new service that allows people to change their outfits instantly simply by using a smartphone.",,,,"Ai Server : Saki Fujita, Anna Moeki : Mai Aizawa, Chie Kiyan : Emiri Katou, Kanna Moeki : Rina Hidaka, Lamp : Ryouko Shintani, Maya Oshiro : Sayaka Oohara, Mi Server : Saki Fujita, Sarari : Asuka Oogame, Takeo Takahashi
Director, Kazuya Kuroda
Character Design","Takeo Takahashi : Director, Kazuya Kuroda : Character Design"
Dir En Grey: Rinkaku, Rinkaku,Music,,,,"Abstract, Black and White",2.66,2012.0,,No synopsis yet - check back soon!,,,,"Keita Kurosaka
Director, Dir En Grey
Music","Keita Kurosaka : Director, Dir En Grey : Music"
Sumiko no Egao,,Music,,,,,2.66,2012.0,,No synopsis yet - check back soon!,,,"Sumiko: I Don't Like Your Attitude, Sumiko Forever, Sumiko TV",Sumiko Yoshida,
Ijime, Ijime: Ikenie no Kyoushitsu,OVA  ,1.0,Synergy SP,,"Drama, Shoujo, School Life, Shorts, Based on a Manga, Bullying,, Emotional Abuse,, Mature Themes,, Physical Abuse",2.65,2012.0,,"The anime deals with Sera, a girl who is treated like a queen in a school that is her ""castle.""","Bullying,, Emotional Abuse,, Mature Themes,, Physical Abuse",Ijime Series,,"Fumika Kimijima : Nao Touyama, Sera Kojou : Kasumi Hitosugi, Emi : Naoko Komori, Narrator : Kaho Kouda, Sera'S Father : Ryousuke Morita, Sera'S Mother : Kozue Harashima, Kaoru Igarashi
Original Creator",Kaoru Igarashi : Original Creator
Yumekuri,,OVA  ,1.0,diomedea,,"Fantasy, Seinen, Slice of Life, Hotels and Inns, Shorts, Based on a Manga",2.65,2012.0,,"The story revolves around Makoto Yukami, a high school boy whose hobby is visiting hot springs. His 100th hot spring visit is at Miyama-kan, an inn run by four ""poster girls"": Tokura, Akino, Tsutsuji and Mitomo. There, Yukami spies Yuri, a goddess of the hot springs, and unexpectedly usurps her powers. Makoto ends up working at the inn.",,Yumekuri,,"Akino Mikogai : Hisako Kanemoto, Makoto Yukami : Yuuichi Nakamura, Mitomo Rokuya : Kanae Itou, Tokura Ushiki : Ai Kayano, Tsutsuji Tounosawa : Asuka Oogame, Yuri Shirahane : Satomi Satou, Cat, Hiro
Original Creator, Katsumi Koike
Producer","Hiro : Original Creator, Katsumi Koike : Producer"
Ai Sky Tree 21,,Web  ,1.0,,,Shorts,2.64,2012.0,,No synopsis yet - check back soon!,,,,"Rapparu
Director",Rapparu : Director
Hyadain: Kara-age-kun Ondo 2012,,Music,,,,"Food and Beverage, Promotional, Vocaloid",2.64,2012.0,,No synopsis yet - check back soon!,,,,"Akikoloid, Kenichi Maeyamada
Producer",Kenichi Maeyamada : Producer
Genki-kun no Christmas @ Tokyo-eki,,Web  ,1.0,TERADAMOKEI,,"Christmas, Shorts, Stop Motion Animation",2.64,2012.0,,No synopsis yet - check back soon!,,,,"Naoki Terada
Producer",Naoki Terada : Producer
Calamity of a Zombie Girl PV, Aru Zombie Shoujo no Sainan PV,Other,,,,"Horror, Promotional, Supernatural, Zombies, Based on a Light Novel",2.63,2012.0,,No synopsis yet - check back soon!,,Aru Zombie Shoujo Series (Light Novel),Calamity of a Zombie Girl,"Abe Masahiro, Alma V, Azuma Hiroshi, Euphrosyne Studion, Mako Takanashi, Noriko Sudo, Sayaka Kamoshida, Syuichiro Takanashi",
InaDan Movie x Mameshiba Collab CM, Gekijou-ban Inazuma Eleven Go and Danball Senki W X Mameshiba Collab CM,Other,,,,"Sports, Commercials, Crossover, Family Friendly, Promotional, Short Episodes, Soccer",2.61,2012.0,,No synopsis yet - check back soon!,,4-Koma Mameshiba Gakuen,Mameshiba,"Edamame, Asta, Ban Yamano : Megumi Kubota, Fran, Hakuryuu, Hiro Oozora : Hiro Shimono, Kyousuke Tsurugi, San",
JRA Hokan Keikaku,,Web  ,3.0,GAINAX,,"Mecha, Commercials, Promotional, Short Episodes",2.61,2012.0,,"The first two ads, ""Unknown Horse"" and ""Birth of Eva-Impact,"" begin with the Evangelion anime's Spear of Longinus falling from the heavens. Real-life jockey Yutaka Take, not being able to synchronize with an EVA unit weapon, tells Shinji, Rei and Asuka of the secret decision that has been made. ""Eva-Impact"" is an humanoid thoroughbred developed by JRA and Nerv as the ""Final Battle Weapon Type Horse."" Eva-Impact was born from the combination of Nerv technology and DNA extracted from legendary horses with a 150-year lineage. The fall of the Spear of Longinus triggered the development of this weapon.",,,Evangelion: 3.0 You Can (Not) Redo,,
"Boku no Imouto wa ""Oosaka Okan""",,TV   ,12.0,Charaction,Fall ,"Comedy, Short Episodes, Siblings, Flash Animation, Original Work",2.6,2012.0,2013.0,"Of all the residents of Osaka who lead interesting lives just by living normally, by far the most interesting of them all is the ""Osaka Momma."" A little sister with this sort of ""Osaka Momma"" personality has just moved to Tokyo to live with her brother after living apart for ten years!",,,"Boku no Imouto wa ""Oosaka Okan"": Haishin Gentei Oosaka Okan., Boku no Imouto wa ""Oosaka Okan"": Uchi no Onii-chan wa Tokyo Rule","Kyousuke Ishihara : Ryouko Shiraishi, Namika Ishihara : Kana Asumi, Kaede : Yuka Iguchi, 10Q Employee : Yuka Iguchi, Actress : Yuka Iguchi, Janitor : Yuka Iguchi, Lunch Lady : Yuka Iguchi, Mieko Numakami, Junichi Inoue
Music",Junichi Inoue : Music
Ki ni Masaru Mono,,Web  ,1.0,,,"Crude, No Dialogue, Shorts",2.58,2012.0,,No synopsis yet - check back soon!,,,,"Uruma Delvi
Director",Uruma Delvi : Director
Ikeike! Momon-chan Specials,,TV Sp,,,,Short Episodes,2.57,2012.0,2013.0,No synopsis yet - check back soon!,,,"Ikeike! Momon-chan, Momon's Sand Witch",Momon-Chan,
Oden My Life,,Music,,,,"Commercials, Food and Beverage, Promotional, Vocaloid",2.57,2012.0,,No synopsis yet - check back soon!,,,,Akikoloid,
Oshiri no Yama wa Everest, Minna no Uta: Oshiri no Yama wa Everest,Music,,,,"Adventure, Comedy, Animal Protagonists, Anthropomorphic, Family Friendly, Minna no Uta, Non-Human Protagonists",2.55,2012.0,,No synopsis yet - check back soon!,,,,"Apple, Bottom Biting Bug, Cherry, Orange, Peach, Bottom Biting Bug'S Father, Bottom Biting Bug'S Mother",
PES: Peace Eco Smile - Drive Your Heart,,Web  ,1.0,Studio 4°C,,Promotional,2.53,2012.0,,No synopsis yet - check back soon!,,,,"Kurumi, Pes, Bi, Na, Su",
Ichigeki Sacchuu!! Hoihoi-san: Legacy,,Web  ,,Bridge,,"Comedy, Non-Human Protagonists, Robots, Shorts, Based on a Manga",2.5,2012.0,,No synopsis yet - check back soon!,,Ichigeki Sacchu HoiHoi-san,Ichigeki Sacchuu!! HoiHoi-san,,
Shiba Inuko-san,,TV   ,26.0,Dax Production,Spring,"Comedy, Seinen, Animal Protagonists, Anthropomorphic, Dogs, Non-Human Protagonists, School Life, Short Episodes, Based on a 4-Koma Manga, Based on a Manga",2.5,2012.0,,"Shiba Inuko-san is no ordinary middle school student – she's a dog, but not many people seem to notice! Alongside her friends and classmates Chako and Naporin, Shiba Inuko experiences the joys of daily life such as learning the proper technique of using chopsticks, horoscope woes and epic battles of skill in physical education class!",,Shiba Inuko-san,,"Chako Ishibashi : Misaki Suzuki, Naho : Mikuru Sugimoto, Shiba Inuko : Mikoi Sasaki, Yuuta Ishibashi : Kana Marutsuka, Art Teacher : Natsumi Morita, Boy : Sora Tokui, Hosaka : Shuuta Morishima, Kouhai : Aimi, Uzu
Original Creator, Pippuya
Director","Uzu : Original Creator, Pippuya : Director"
DECO*27: DECOUSTIC, DECOUSTIC,Music,,,,"Music, Vocaloid",2.49,2012.0,,No synopsis yet - check back soon!,,,,"Deco*27
Producer",Deco*27 : Producer
Requiem (2012),,Web  ,1.0,,,"Abstract, Shorts, Nudity",2.49,2012.0,,No synopsis yet - check back soon!,Nudity,,,"Sawako Kabuki
Director",Sawako Kabuki : Director
Ai wa KAT-TUN,,Other,,,,"Slice of Life, Short Episodes, Original Work",2.49,2012.0,,"In the story, animated versions of the singers Kazuya Kamenashi, Junnosuke Taguchi, Koki Tanaka, Tatsuya Ueda, and Yuichi Nakamaru appear in unintentionally romantic situations with their younger sister. Each of the mobile anime series' five 50-second episodes highlights one KAT-TUN performer.",,,,"Girl, Junnosuke Taguchi : Junnosuke Taguchi, Kazuya Kamenashi : Kazuya Kamenashi, Kouki Tanaka : Kouki Tanaka, Tatsuya Ueda : Tatsuya Ueda, Yuuichi Nakamaru : Yuuichi Nakamura",
Mahou Tsukai Nara Miso wo Kue!,,Web  ,1.0,AIC,Spring,"Action, Ecchi, Fantasy, Magic, Shorts, Based on a Light Novel",2.48,2012.0,,"The existence of magic has been known for a century as a mysterious power to rival science. However, the discovery of MISO — the Material of an Impediment to the Sorcerer's Orders — made magic into not a special power, but a technique that can be developed and nutured. One morning, while Hacchouya Shouta (a high school boy attending a magic academy) was tasting miso soup, a princess of Majieeru suddenly breaks in. Majieeru happens to be the birthplace of magic.",,Mahou Tsukai Nara Miso wo Kue! (Light Novel),,"Artemisia Genevieve De Maziere : Rina Hidaka, Shouta Hacchouya : Tatsuhisa Suzuki, Celestine Edith De Maziere : Mai Nakahara, Manuela Benchetrit : Ryou Hirohashi, Buichi Morooka, Narrator : Fumihiko Tachiki, Reira Tanaka, Makoto Bessho
Director, Kz
Music, Miwa Ooshima
Character Design, Hisaharu Iijima
Art Director","Makoto Bessho : Director, Kz : Music, Miwa Ooshima : Character Design, Hisaharu Iijima : Art Director"
Inferno Cop: Fact Files,,Web  ,12.0,CoMix Wave Films,Fall ,"Comedy, Anime Bancho, Short Episodes",2.48,2012.0,2013.0,No synopsis yet - check back soon!,,,Inferno Cop,,
Red Colored Bridge,,Other,,,,"Abstract, Short Episodes",2.47,2012.0,,No synopsis yet - check back soon!,,,,"Keiichi Tanaami
Director",Keiichi Tanaami : Director
Katte ni Shiyagatte,,Music,,,,Abstract,2.44,2012.0,,No synopsis yet - check back soon!,,,,,
Marimo no Hana: Saikyou Butouha Shougakusei Densetsu,,OVA  ,1.0,Kinema Citrus,,"Action, Shoujo, School Life, Shorts, Based on a Manga",2.44,2012.0,,"Marimo is an extremely kind girl who almost never gets angry. Despite not liking conflicts, she becomes nearly invincible when fighting to protect her friends.",,Marimo no Hana - Saikyou Butouha Shougakusei Densetsu,,"Marimo Nogami : Yuki Kashiwagi, Masaru : Sae Miyazawa, Risa, Shun : Takahiro Sakurai, Yuki, Marimo'S Father, Tetsu, Yasushi Akimoto
Original Creator, Akitoshi Yokoyama
Director, Yuma Yumaguchi
Music, Junko Yamanaka
Character Design","Yasushi Akimoto : Original Creator, Akitoshi Yokoyama : Director, Yuma Yumaguchi : Music, Junko Yamanaka : Character Design"
Bottom Biting Bug, Oshiri Kajiri Mushi,TV   ,20.0,Kinema Citrus,Fall ,"Comedy, Animal Protagonists, Anthropomorphic, Family Friendly, Insects, Non-Human Protagonists, Short Episodes",2.42,2012.0,2013.0,"Whether you're depressed, disenchanted with the world, or just plain lethargic, there's one guaranteed pick-me-up that never fails: a good bite on the bottom! Luckily, there's an entire species of bugs just waiting to give your rear end that much needed nibble. Bottom Biting Bug is a young butt-chomping insect learning the ways of his kind. From experiencing the fatalistic nature of surprise farts, to partaking in special jaw technique exams and finding out about the legendary golden bottom, Bottom Biting Bug will give his all to perfect his abilities and give each butt the best bite possible.",,,"Bottom Biting Bug 2, Bottom Biting Bug 3, Bottom Biting Bug 4","Bottom Biting Bug : Tomoko Kaneda, Bottom Biting Bug'S Father : Yasuhiko Tokuyama, Bottom Biting Bug'S Mother : Kimiko Saitou, Capline : Megumi Han, Fatton : Takuma Suzuki, Gabriel : Shinya Hamazoe, Gabuya : Naoya Uchida, Apple, Pon Kozutsumi
Director, Masayuki Kojima
Director, Kimitaka Matsumae
Music, Uruma Delvi
Character Design","Pon Kozutsumi : Director, Masayuki Kojima : Director, Kimitaka Matsumae : Music, Uruma Delvi : Character Design"
Maji de Otaku na English! Ribbon-chan: Eigo de Tatakau Mahou Shoujo,,TV   ,12.0,AIC Frontier,Summer,"Comedy, Magical Girl, Henshin Heroes, Magic",2.39,2012.0,,"Ribbon-chan used to be a normal girl until one day the magical cat Toner arrived from a magical world, granting her with a wand that turned her into a very special magical girl! Alongside other fantastical friends like Bell, Garnet and Valko, she and the gang will have a variety of misadventures, from attending an otaku convention in the USA to pondering various 'what if' scenarios and beyond, all while trying to learn the English language.",,,Maji de Otaku na English! Ribbon-chan: Eigo de Tatakau Mahou Shoujo The TV,"Bell : Hisako Kanemoto, Garnet : Rina Satou, Nerd : Shiho Nakakuma, Ribbon : Sakura Tange, Valko : Yuu Kobayashi, Jet : Takayuki Kondou, Tank : Yuuya Murakami, Toner : Hiroko Igarashi, Yoshihito Nishouji
Director",Yoshihito Nishouji : Director
Lychee DE Light Club,,TV   ,,Kachidoki Studio,Fall ,"Comedy, Chibi, Parody, School Club, School Life, Short Episodes, Based on a Manga",2.37,2012.0,,"The cramped town of Keiko-cho is stained black with factory exhaust and oil. Late one night, a piercing whistle echoes from some ruins in a seemingly empty corner of the town, accompanied by the eerie echoes of harsh words spoken in German. The sounds come from a group of nine boys dressed in the starched collars and caps of high school uniforms. There in the darkness stands a secret base built by these nine boys under the leadership of Zera, the ""king of the ruins,"" known as the Light Club.",,"Lychee Light Club, Bokura no Hikari Club",,"Hiroshi Tamiya, Hiroyuki Tsunekawa : Ryou Kimura, Kanon, Lychee, Norimizu Ameya, Kobuhei Yamada, Hakuei, Katsuya Tabuse, Usamaru Furuya
Original Creator",Usamaru Furuya : Original Creator
Rui no Masaiban,,Web  ,1.0,,,"Fantasy, Promotional, Shorts",2.36,2012.0,,"The original dark fantasy story revolves around Rui, the youngest ever ""magical judge"" who weighs the fate of demons.",,,,,
The Great Rabbit,,Movie,,,,Shorts,2.35,2012.0,,"Once we called the noble, profound and mysterious existence The Great. We have moved with the time, our thought and consciousness has changed. And yet what makes us still keep calling it The Great?",,,,"Atsushi Wada
Director",Atsushi Wada : Director
Zettai Junpaku: Mahou Shoujo,,OVA  ,1.0,Project No.9,,"Action, Ecchi, Fantasy, Harem, Magical Girl, Aliens, Henshin Heroes, Magic, School Life, Shorts, Based on a Doujinshi, Nudity",2.33,2012.0,,No synopsis yet - check back soon!,Nudity,,,"Erika Kuramoto : Ayako Kawasumi, Kotone Sasaki : Mamiko Noto, Misa Suzuhara : Rie Tanaka, Yui Nitta : Ai Kayano, Asai, Shinsuke Yanagi
Director, Taketeru Sunamori
Music, Miyako Matsuoka
Music, Tomoyuki Shitaya
Character Design","Shinsuke Yanagi : Director, Taketeru Sunamori : Music, Miyako Matsuoka : Music, Tomoyuki Shitaya : Character Design"
Nantokashite Alguard,,Other,,,,"Promotional, Shorts",2.24,2012.0,,Hayfever beware! The Alguard sisters are new in town and ready to battle the epidemic with their effective countermeasures!,,,,,
"1,2,3,4,",,Web  ,1.0,,,"Abstract, No Dialogue, Non-Human Protagonists, Shorts",2.06,2012.0,,No synopsis yet - check back soon!,,,,"Rabbit Machine
Director, Purikoko
Music","Rabbit Machine : Director, Purikoko : Music"
NO LITTERING,,Web  ,1.0,,,"Comedy, Horror, Dark Comedy, Environmental, No Dialogue, Shorts, Stop Motion Animation, Explicit Violence",2.03,2012.0,,No synopsis yet - check back soon!,Explicit Violence,,,"Jason Voorhees, Man, Woman, Takena Nagao
Director",Takena Nagao : Director
C.L.A.Y.,,Web  ,1.0,,,"Horror, No Dialogue, Shorts, Stop Motion Animation, Explicit Violence",2.0,2012.0,,It's coming!,Explicit Violence,,,"Clay, Woman, Takena Nagao
Director",Takena Nagao : Director
Pinky,,Web  ,1.0,,,"No Dialogue, Shorts, Stop Motion Animation, Explicit Violence",1.87,2012.0,,No synopsis yet - check back soon!,Explicit Violence,,,"Cameraman, Pink-Haired Girl, Victim, Takena Nagao
Director",Takena Nagao : Director
Ai (2012),,Web  ,1.0,,,Shorts,1.67,2012.0,,No synopsis yet - check back soon!,,,,"Rapparu
Director",Rapparu : Director
Shitcom,,Web  ,1.0,,,"Romance, Crude, Dark Comedy, No Dialogue, Shorts, Stop Motion Animation",1.39,2012.0,,A story about love.,,,,"Man, Woman, Takena Nagao
Director",Takena Nagao : Director
Happa no Leaf Monogatari,,Movie,,,,Shorts,,2012.0,,No synopsis yet - check back soon!,,,,,
Shao Nian Effendi,,TV   ,104.0,,,"Chinese Animation, Family Friendly, Short Episodes",,2012.0,,No synopsis yet - check back soon!,,,,,
"Chotto Ugoku!? ""Futeneko""",,OVA  ,1.0,,,"Comedy, Animal Protagonists, Black and White, Cats, Non-Human Protagonists",,2012.0,,No synopsis yet - check back soon!,,,,,
unpi,,Web  ,1.0,,,"Crude, No Dialogue, Shorts",,2012.0,,No synopsis yet - check back soon!,,,,"Haruka Suzuki
Director",Haruka Suzuki : Director
group_inou: ORIENTATION,,Music,,,,Comedy,,2012.0,,"The official music video for ORIENTATION from the album DAY, by group_inou.",,,,"Ac-Bu
Director, Group_Inou
Song Performance","Ac-Bu : Director, Group_Inou : Song Performance"
Mole Zhuang Yuan: Zhou Bo Ju,,Web  ,9.0,,,"Chinese Animation, Family Friendly, Short Episodes",,2012.0,,No synopsis yet - check back soon!,,,Mole Zhuang Yuan,,
Penguin no Mondai POW,,TV   ,51.0,Shogakukan Music & Digital Entertainment,,"Comedy, Animal Protagonists, Birds, Family Friendly, Non-Human Protagonists, Penguins, Short Episodes",,2012.0,2013.0,No synopsis yet - check back soon!,,,"Penguin no Mondai, Penguin no Mondai Movie: Shiawase no Aoi Tori de Go-Pen-nasai, Penguin no Mondai Max, Penguin no Mondai DX?",,
Showa Joshi Daigaku Kankyou Design Gakka PV, Showa Women’s University Department of Environmental Science and Design PV,Web  ,1.0,,,"No Dialogue, Promotional",,2012.0,,A promotional video for Showa Women’s University Department of Environmental Science and Design.,,,,"Ryu Kato
Director",Ryu Kato : Director
Fu Wu Shu: Zhanguo Fengyun,,TV   ,26.0,,,"Adventure, Animal Protagonists, Anthropomorphic, Chinese Animation, Family Friendly, Short Episodes",,2012.0,,No synopsis yet - check back soon!,,,Fu Wu Shu: Sunzi Bingfa,,
Chuangyi Hao Shaonian,,TV   ,200.0,,,"Chinese Animation, Short Episodes",,2012.0,,No synopsis yet - check back soon!,,,,,
Papan Ga Panda!,,Web  ,21.0,,,"Animal Protagonists, Dancing, Family Friendly, Non-Human Protagonists, Short Episodes, CG Animation",,2012.0,,No synopsis yet - check back soon!,,,,"Cocket, Niyau, Panny, Papan, Tonbu, Wow",
Mole Zhuang Yuan 2nd Season,,TV   ,52.0,,,"Chinese Animation, Family Friendly, Short Episodes",,2012.0,,The second season of Mole Zhuang Yuan.,,,"Mole Zhuang Yuan, Mole Zhuang Yuan 3rd Season",,
Encounter, Yujian,Movie,,,,"Drama, Chinese Animation, No Dialogue, Shorts, Stop Motion Animation, Original Work",,2012.0,,"A boy going home from school was curious and went into a senior citizen’s house. The boy happily played with the items in the house, especially a radio and robot that tried to scare him away. The senior was extremely irate and grabbed the boy. At that moment, she happened to see a picture of her grandson, who was killed in a car accident. The boy was able to understand the senior’s situation, but he also gave her peace of mind.",,,,"Qing Wang
Director, Siqi Song
Director","Qing Wang : Director, Siqi Song : Director"
Huainanzi Chuanqi,,TV   ,26.0,,,"Adventure, Fantasy, Chinese Animation, Historical",,2012.0,,No synopsis yet - check back soon!,,,Huainanzi Chuanqi 2nd Season,,
Lao Xiao Effendi, Lao Xiao A Fan Ti,TV   ,,,,"Chinese Animation, Short Episodes",,2012.0,,No synopsis yet - check back soon!,,,,,
Shiritori Mambo, Minna no Uta: Shiritori Mambo,Music,,,,"Family Friendly, Minna no Uta",,2012.0,,The official music video for Shiritori Mambo by Kazuo Kumakura and Happy Life that was featured on NHK's Minna no Uta program.,,,,"Tadahiko Horiguchi
Director, Kazuo Kumakura
Song Performance, Happy Life
Song Performance, Ichinen Miura
Song Arrangement & Song Composition","Tadahiko Horiguchi : Director, Kazuo Kumakura : Song Performance, Happy Life : Song Performance, Ichinen Miura : Song Arrangement & Song Composition"
Rain Drops,,Movie,,,,"Abstract, No Dialogue, Shorts",,2012.0,,"The film is on the water cycle. Each of the raindrops transforms its shape of water, while it travels the cycle of nature, uniting each other, parting, or being absorbed in the course of the journey.",,,,"Satomi Usui
Director, Mari Ohno
Music, Mitsuko Okamoto
Producer","Satomi Usui : Director, Mari Ohno : Music, Mitsuko Okamoto : Producer"
Guobao Te Gong 2nd Season, Fruity Robo 2nd Season,Web  ,52.0,,,"Comedy, Sci Fi, Chinese Animation, Family Friendly, Non-Human Protagonists, Robots, CG Animation",,2012.0,,Second season of Guobao Te Gong.,,,"Guobao Te Gong, Guobao Te Gong 3rd Season, Guobao Te Gong 4th Season",,
Sakura to Sakurin,,OVA  ,1.0,,,"Educational, Family Friendly",,2012.0,,No synopsis yet - check back soon!,,,,"Sakura, Sakurin",
Kubire 3 Shimai,,TV   ,,Kachidoki Studio,,"Comedy, Short Episodes",,2012.0,,No synopsis yet - check back soon!,,,,,
Zumomo to Nupepe,,TV   ,32.0,Studio Egg,,"Comedy, Short Episodes, Flash Animation, Original Work",,2012.0,2013.0,No synopsis yet - check back soon!,,,,"Kei Yoshimizu
Director, Noriyuki Nakamura
Director, Hiroshi Igarashi
Music, Rumparo Tita
Character Design","Kei Yoshimizu : Director, Noriyuki Nakamura : Director, Hiroshi Igarashi : Music, Rumparo Tita : Character Design"
Seer Da Dianying 2: Leiyi Yu Maiersi, Sai Er Hao Da Dianying 2: Leiyi Yu Maiersi,Movie,,,,"Sci Fi, Chinese Animation, Robots",,2012.0,,No synopsis yet - check back soon!,,,"Seer Da Dianying: Xunzhao Fenghuang Shenshou, Seer, Seer Da Dianying 3: Zhanshen Lianmeng",,
DE_RIRIA_SUBASUTAIMU,,Movie,,,,"Abstract, Shorts",,2012.0,,No synopsis yet - check back soon!,,,,"Shinsaku Hidaka
Director",Shinsaku Hidaka : Director
McDull: Xiang Dang Dang Ban Wo Xin, McDull: The Pork of Music,Movie,,,,"Comedy, Animal Protagonists, Anthropomorphic, Chinese Animation, Family Friendly, Non-Human Protagonists, Pigs",,2012.0,,"Springfield Kindergarten is desperately in need of money - The principal is behind on the rent, and the electricity is getting cut off. After a fundraising dinner ends in spectacular failure, the music-loving principal decides to form a student choir as last resort. With the help of a shady talent manager named Big M, the Springfield Kindergarten Choir becomes a huge success, and little McDull discovers that a little thickness really can make a great voice.",,,"McDull: Xiang Dang Dang, McDull: Wo He Wo Mama","Mcbing, Mcdull",
Kioka,,TV   ,78.0,Winter 2012,,"Family Friendly, Short Episodes",,2012.0,2013.0,No synopsis yet - check back soon!,,,,,
Panda no Taputapu,,TV   ,431.0,Kachidoki Studio,,"Comedy, Animal Protagonists, Bears, Family Friendly, Non-Human Protagonists, Short Episodes",,2012.0,2013.0,No synopsis yet - check back soon!,,,,,
Vary Peri, Sweet Fairies,TV   ,40.0,,,"Comedy, Fantasy, Animal Protagonists, Anthropomorphic, Chinese Animation, Family Friendly, Non-Human Protagonists, CG Animation",,2012.0,2013.0,No synopsis yet - check back soon!,,,,"Mousse Bibi, Anna, Blueberry Angel, Cherry Dandan, Crepe Gugu, Honey Peach, Ice Cream Sarah, Jeff",
Neko no Sumu Shima,,TV Sp,,Ashi Productions,,"Drama, Animal Protagonists, Cats, Non-Human Protagonists, Shorts",,2012.0,,"Tashirojima is a real-life local island nicknamed ""Cat Island"" for the countless felines who lived carefree lives there before the earthquake. The story follows kittens who get separated from their loved ones amid the devastation and falling snow, and they struggle to find and reconnect with each other.",,,,"Hideaki Ooba
Director, Katsumi Shimazaki
Character Design","Hideaki Ooba : Director, Katsumi Shimazaki : Character Design"
Kiraware Mono no Rasu,,Movie,,,,"Fantasy, Educational, Family Friendly, Ocean",,2012.0,,No synopsis yet - check back soon!,,,,,
Rescue YoYo,,Other,,,,"Family Friendly, Shorts, Stop Motion Animation",,2012.0,,No synopsis yet - check back soon!,,,,Yoyo,
Cats run, Dallyeora Goyangi,Movie,,,,"Comedy, Animal Protagonists, Cats, Korean Animation, No Dialogue, Non-Human Protagonists, Shorts",,2012.0,,"One day, two cats come across a baby bird on the road. The cats decide to save the bird who has chosen a dangerous way to live.",,,,"Yung-Gwang Kim
Director, Jin-Yung Kim
Director","Yung-Gwang Kim : Director, Jin-Yung Kim : Director"
Q-ban Sanguo: San Xiao Qiang,,TV   ,52.0,,,"Comedy, Chibi, Chinese Animation",,2012.0,,No synopsis yet - check back soon!,,,"Q-ban Sanguo, Q-ban Sanguo: San Xiao Qiang Movie",,
The Configurators 2, Feng Shu Zhan Jing 2,TV   ,26.0,,,"Action, Adventure, Mecha, Chinese Animation, CG Animation",,2012.0,,Second season of The Configurators.,,,The Configurators,,
Q-Borg,,TV   ,52.0,,,"Chinese Animation, Proxy Battles",,2012.0,,No synopsis yet - check back soon!,,,,,
"Firewood, Kanta and Grandpa", Maki to Kanta to Jiijii to.,Movie,,,,"Drama, Countryside, Family Friendly, Family Life, Shorts, Stop Motion Animation, Original Work",,2012.0,,"A little Kanta and his grandfather live together in the mountain, snow-falling. While the grandfather gets sick in bed, Kanta needs to carry firewoods home but scary road is ahead. Through this journey, he realizes an importance of firewoods and his grandfather's love.",,,,"Grandpa, Kanta, Takeshi Yashiro
Director",Takeshi Yashiro : Director
Owanko,,Web  ,7.0,,,"Comedy, Animal Protagonists, Dogs, Non-Human Protagonists, Short Episodes",,2012.0,2014.0,"He wears a bowl on his head and dances to the rhythms of Samba! What in the world is this creature? It is Owanco! He is a fairy dog who wears a bowl like a hat. He loves food so much that he transforms himself into whatever food he pleases. His biggest fan and the admirer of tea-cupped-poodle, ""Pooko-chan"" and his rival cat, ""Nori-Tama"" (Nori=seaweed, Tama=the most typical name for cats in Japan) will join the fun ride.By the way, what's for dinner tonight?",,,,,
Fusuma no Oku, Over Her Curtain,Movie,,,,"Abstract, No Dialogue, Shorts, Nudity",,2012.0,,"The theme came from the Japanese unique folklore, Red Uncleanness or defilement with blood. A girl, whose thinking pattern jumps at a leap without any train of thought, confines her various thoughts in the other side of the mirror and inside the sliding doors to go outside.",Nudity,,,"Yumi Kawai
Director, Haruna Maemura
Music, Taruto Fuyama
Producer","Yumi Kawai : Director, Haruna Maemura : Music, Taruto Fuyama : Producer"
Present (2012),,Other,,MangoWork Studio,,"Black and White, Chinese Animation, No Dialogue, Shorts",,2012.0,,"My first time doing hand drawing animation, it is an interesting experience. The kids are my little sister and me. The room is designed from my bedroom. ""The Present"" is a drawing board, which inspired me to become an artist till now.",,,,"Po Chou Chi
Director",Po Chou Chi : Director
Tiandi Fengyun Lu: Jiulong Bian,,TV   ,36.0,,,"Action, Fantasy, Chinese Animation, Stop Motion Animation",,2012.0,2013.0,No synopsis yet - check back soon!,,,"Tiandi Fengyun Lu: Juezhan Shike, Tiandi Fengyun Lu: Jian Xing Mo Zong",,
Tiandi Fengyun Lu: Juezhan Shike,,TV   ,20.0,,,"Action, Fantasy, Chinese Animation, Stop Motion Animation",,2012.0,,No synopsis yet - check back soon!,,,"Heibai Long Lang Zhuan, Tiandi Fengyun Lu: Jiulong Bian",,
Recruit Rhapsody, Shuukatsu Kyousokyouku,Movie,,,,"No Dialogue, Shorts",,2012.0,,No synopsis yet - check back soon!,,,,"Maho Yoshida
Director, Yukiko Yoden
Music, Koji Yamamura
Producer","Maho Yoshida : Director, Yukiko Yoden : Music, Koji Yamamura : Producer"
Shuimu Youjiao: Xuetang Xilie - Bai Jia Xing,,TV   ,160.0,,,"Chinese Animation, Family Friendly, Short Episodes",,2012.0,,No synopsis yet - check back soon!,,,,,
Seer, Sai Er Hao,TV   ,52.0,,,"Sci Fi, Chinese Animation, Family Friendly, Robots",,2012.0,,No synopsis yet - check back soon!,,,"Seer Da Dianying: Xunzhao Fenghuang Shenshou, Seer Da Dianying 2: Leiyi Yu Maiersi, Seer 2nd Season",,
Deep In Reflection, Ga Kan,Movie,,,,"Abstract, Black and White, No Dialogue, Shorts",,2012.0,,No synopsis yet - check back soon!,,,,"Mika Seike
Director",Mika Seike : Director
Wanpi De Kexue,,TV   ,84.0,,,"Chinese Animation, Family Friendly, Short Episodes",,2012.0,,No synopsis yet - check back soon!,,,,,
Songshan Qi Yuan,,TV   ,26.0,,,"Chinese Animation, Family Friendly",,2012.0,2013.0,No synopsis yet - check back soon!,,,,,
Shenmi Shijie Lixian Ji Movie 1, Yugo & Lala,Movie,,,,"Adventure, Fantasy, Chinese Animation, Family Friendly, CG Animation",,2012.0,,No synopsis yet - check back soon!,,,"Shenmi Shijie Lixian Ji Movie 2, Shenmi Shijie Lixian Ji Movie 3, Shenmi Shijie Lixian Ji Movie 4",Yugo,
Yu Qilin Gushi Hui: Jingdian Gushi Zong Dong Yuan,,TV   ,10.0,,,"Animal Protagonists, Anthropomorphic, Chinese Animation, Family Friendly, Short Episodes",,2012.0,,No synopsis yet - check back soon!,,,,,
Pleasant Goat and Big Big Wolf: The Happy Diary, Xi Yangyang Yu Hui Tailang: Kaixin Riji,TV   ,60.0,Creative Power Entertaining,,"Adventure, Animal Protagonists, Anthropomorphic, Chinese Animation, Family Friendly, Non-Human Protagonists, Short Episodes, Original Work",,2012.0,2013.0,No synopsis yet - check back soon!,,,"Pleasant Goat and Big Big Wolf, Pleasant Goat and Big Big Wolf: The Athletic Carousel, Pleasant Goat and Big Big Wolf: Happy Formula",,
Pleasant Goat and Big Big Wolf: The Athletic Carousel, Xi Yangyang Yu Hui Tailang Zhi Jingji Da Lianmeng,TV   ,60.0,Creative Power Entertaining,,"Adventure, Sports, Animal Protagonists, Anthropomorphic, Chinese Animation, Family Friendly, Non-Human Protagonists, Short Episodes, Original Work",,2012.0,,No synopsis yet - check back soon!,,,"Pleasant Goat and Big Big Wolf, Pleasant Goat and Big Big Wolf: Happy, Happy, Bang! Bang!, Pleasant Goat and Big Big Wolf: The Happy Diary",,
Danao Tiangong 3D, The Monkey King: Uproar in Heaven (3D),Movie,,Shanghai Animation Film Studio,,"Adventure, Fantasy, Animal Protagonists, Anthropomorphic, Chinese Animation, Journey to the West, Non-Human Protagonists, Based on a Novel",,2012.0,,"A completely remade animation film based on the original 1961 animation The Monkey King, set in mythical ancient China. Born from some magic stones that fell to the Earth a long time ago when Goddess Nuwa mended the sky, Sun Wukong, also known as the Monkey King, sets off on his first adventure to gain a worthy weapon. This earns the attention of the Jade Emperor of Heaven.",,,Danao Tiangong,Sun Wukong,
La La La De Ma Xi Ya Second Season,,Web  ,10.0,,,"Action, Fantasy, Chinese Animation, Short Episodes, Based on a Video Game",,2012.0,,No synopsis yet - check back soon!,,,"La La La De Ma Xi Ya, La La La De Ma Xi Ya Third Season",,
Shuimu Juchang Yiqian Ling Yi Ye,,TV   ,50.0,,,"Chinese Animation, Short Episodes",,2012.0,,No synopsis yet - check back soon!,,,,,
MAZE (2012),,Movie,,,,"Abstract, No Dialogue, Shorts, Stop Motion Animation",,2012.0,,This film was made in the Kyoto Art Center Gallery with audience participation. The tracing paper in a grid pattern was inspired by the landscape of Kyoto. Using simple lines and animated symbols represents how people get lost in the rigid world.,,,,"Tochka
Director",Tochka : Director
Zhongguo Xiongmao,,TV   ,156.0,,,"Animal Protagonists, Anthropomorphic, Bears, Chinese Animation, Family Friendly",,2012.0,,No synopsis yet - check back soon!,,,,,
Ninja & Soldier,,Movie,,,,Shorts,,2012.0,,"Two eight-year-old boys compete in a game of childish bravado. Ken is a Ninja, Nito a child soldier from the Congo who was forced to kill his own mother. Their naïve game addresses cruel realities, and they talk about their differences and what they have in common. Accompanied by contrasting graphics, the film explores the types of acts of which humankind is capable.",,,,"Isamu Hirabayashi
Director",Isamu Hirabayashi : Director
Lata Dawang Qiyu Ji Movie, The Slovenly Boy's Adventure Movie,Movie,,Shanghai Animation Film Studio,,"Animal Protagonists, Anthropomorphic, Chinese Animation, Family Friendly, Non-Human Protagonists",,2012.0,,No synopsis yet - check back soon!,,,Lata Dawang Qiyu Ji,,
Yahabe,,OVA  ,1.0,,,"Adventure, Shounen, Time Travel, CG Animation",,2012.0,,No synopsis yet - check back soon!,,Yahabe,,"Yahabe, Yosuke Kamogawa",
Effendi Xin Chuan: Bu Ting Hua De Gou,,Movie,,,,"Comedy, Chinese Animation, Dogs, Shorts",,2012.0,,No synopsis yet - check back soon!,,,,,
Kuaile Tuo Mo Ta: Xiao Zhen Le Fantian,,TV   ,52.0,,,"Comedy, Animal Protagonists, Anthropomorphic, Chinese Animation, Family Friendly",,2012.0,2013.0,No synopsis yet - check back soon!,,,"Kuaile Tuo Mo Ta, Kuaile Tuo Mo Ta: Baoxiao Cheng Yuhui",,
Sayonara Ponytail: Natalie,,Music,,,,,,2012.0,,"The official music video for Natalie from the album Melody of Magic, by Sayonara Ponytail.",,,,"Ac-Bu
Director, Sayonara Ponytail
Song Composition & Song Lyrics & Song Performance","Ac-Bu : Director, Sayonara Ponytail : Song Composition & Song Lyrics & Song Performance"
ReBuild,,Movie,,,,"Abstract, Shorts, Stop Motion Animation",,2012.0,,"After the Great East Japan earthquake and tsunami of March 11, 2011, I witnessed many changes. Towns were lost in a moment. Children living in Fukushima couldn’t go out and play freely. This work was made from the pictures drawn in the landscapes of parts of Japan. Using the reflection of sunlight, we tried to capture people’s emotion for ""energy"".",,,,"Tochka
Director",Tochka : Director
Vicky the Victim,,Movie,,,,"Comedy, Dark Comedy, No Dialogue, Shorts, Explicit Violence",,2012.0,,"The unfortunate Vicky keeps meeting an untimely demise, whether from a well-placed trap or a regrettable, accidental decapitation!",Explicit Violence,,,"Iku Ogawa
Director, Mami Fujita
Music","Iku Ogawa : Director, Mami Fujita : Music"
Yama no Kamisama,,Web  ,1.0,,,"Adventure, Family Friendly, Shorts, Supernatural",,2012.0,,No synopsis yet - check back soon!,,,,"Touko Yatabe
Director",Touko Yatabe : Director
Kijeu CSI: Gwahaksusadae,,TV   ,104.0,,,"Adventure, Mystery, Korean Animation",,2012.0,2014.0,No synopsis yet - check back soon!,,,,,
Jishin ga Kitarou Dousuru? Mushi Mushi Mura no Bousai Kunren,,OVA  ,1.0,,,Educational,,2012.0,,No synopsis yet - check back soon!,,,,"Kenjirou Okada
Director",Kenjirou Okada : Director
Xiong Chu Mo Season 2: Huanqiu Da Maoxian, Boonie Bears Or Bust,TV   ,104.0,,,"Adventure, Comedy, Animal Protagonists, Bears, Chinese Animation, Family Friendly, Forest, Non-Human Protagonists, CG Animation",,2012.0,,"Here opens a brand new chapter in the story of Briar and Bramble bear! This time their fight with Logger Vick has turned into a chase around the world. From the tranquility of life in the countryside to the hustle and bustle of the city, from the mysterious forest into the modern world, the bear brothers stay one step ahead of the marauding Logger Vick who is determined to hunt them down.",,,"Xiong Chu Mo, Xiong Chu Mo Season 3: Zhong Dong Yuan, Xiong Chu Mo Season 4: Chunri Dui Dui Peng, Xiong Chu Mo Season 5: Dongri Le Fantian, Xiong Chu Mo Season 6: Xiari Lian Lian Kan, Xiong Chu Mo Season 7: Qiu Ri Tuan Tuan Zhuan, Xiong Chu Mo Season 8: Tan Xian Riji, Xiong Chu Mo Season 9: Tan Xian Riji","Bramble, Briar",
The Thief And The Hat,,Movie,,,,"Chinese Animation, No Dialogue, Shorts",,2012.0,,"Three thieves are trying to get the hat back from the moon, but...",,,,"Liu Xinxin
Director",Liu Xinxin : Director
"Otsukare Oyasumi, Yumeko.",,Web  ,1.0,,,"Abstract, Shorts",,2012.0,,No synopsis yet - check back soon!,,,,"Haruka Suzuki
Director",Haruka Suzuki : Director
