Name,Japanese_name,Type,Episodes,Studio,Release_season,Tags,Rating,Release_year,End_year,Description,Content_Warning,Related_Mange,Related_anime,Voice_actors,staff
Hunter x Hunter (2011),,TV   ,148.0,MADHOUSE,Fall ,"Action, Adventure, Drama, Fantasy, Shounen, Monsters, Superpowers, Based on a Manga, Violence",4.51,2011.0,2014.0,"'Drawn to the mystique of the unknown, Hunters travel the world in search of terrifying creatures, incredible riches, and unexplored lands. Gon Freecss is a naive-yet-determined young boy who aspires to join the ranks of these individuals, in order to find his missing father Ging - a master of the profession himself. To reach his goal, he partakes in the formidable Hunter Exam, a series of tests that push the participants to their physical and mental limits, with a Hunter License as the prize. During the exam Gon befriends vengeful Kurapika, doctor-to-be Leorio, and skilled assassin Killua, who have entered for their own reasons. But with the sinister Hisoka standing in their way, will Gon and his friends be able to succeed in obtaining their reward, or even escaping with their lives?'",Violence,"Hunter x Hunter, Hunter x Hunter: Kurapika Tsuioku-hen","Hunter x Hunter: Jump Super Anime Tour 1998, Hunter x Hunter, Hunter x Hunter OVA, Hunter x Hunter OVA 2: Greed Island, Hunter x Hunter OVA 3: Greed Island Final, Fear, and Loathing in Las Vegas: Just Awake, Hunter x Hunter: Phantom Rouge, Hunter x Hunter: The Last Mission","Gon Freecss : Megumi Han, Killua Zoldyck : Mariya Ise, Biscuit Krueger : Chisa Yokoyama, Chrollo Lucilfer : Mamoru Miyano, Hisoka Morow : Daisuke Namikawa, Ikalgo : Kenyuu Horiuchi, Illumi Zoldyck : Masaya Matsukaze, Knuckle Bine : Wataru Takagi, Yoshihiro Togashi
Original Creator, Hiroshi Koujina
Director, Yoshihisa Hirano
Music, Takahiro Yoshimatsu
Character Design, Manabu Tamura
Producer, Toshio Nakatani
Producer, Naoki Iwasa
Producer, Hiroyuki Kiyouno
Producer","Yoshihiro Togashi : Original Creator, Hiroshi Koujina : Director, Yoshihisa Hirano : Music, Takahiro Yoshimatsu : Character Design, Manabu Tamura : Producer, Toshio Nakatani : Producer, Naoki Iwasa : Producer, Hiroyuki Kiyouno : Producer"
Steins;Gate,,TV   ,24.0,WHITE FOX,Spring,"Sci Fi, Conspiracy, LGBT Themes, Psychological, Thriller, Time Travel, Based on a Visual Novel, Mature Themes,, Suicide",4.44,2011.0,,"""The eccentric mad scientist Okabe, his childhood friend Mayuri, and the otaku hacker Daru have banded together to form the Future Gadget Research Laboratory, and spend their days in a ramshackle laboratory hanging out and occasionally attempting to invent incredible, yet generally useless, futuristic gadgets. However, their claymore is a hydrator and their hair dryer flips breakers, and the only invention that’s even remotely interesting is their Phone Microwave, which transforms bananas into oozing green gel. But when an experiment goes awry the gang discovers that the Phone Microwave can also send text messages to the past. And what's more, the words they send can affect the flow of time and have unforeseen, far-reaching consequences...""","Mature Themes,, Suicide","Steins;Gate, Steins;Gate: Boukan no Rebellion, Steins;Gate: Onshuu no Brownian Motion, Magi-Cu 4-koma: Steins;Gate - Sekaisen Hendouritsu x. 091015%, Steins;Gate: Youen no Valhalla (Light Novel), Steins;Gate: Comic Anthology, Steins;Gate: Enkan Rensa no Ouroboros (Light Novel), Steins;Gate: Hiyoku Renri no Sweets Honey, Steins;Gate: Shijou Saikyou no Slight Fever, Steins;Gate!, Steins;Gate: Comic Anthology: Time Traveler's Tale, Steins;Gate: Chouyoku no Divergence - Reverse (Light Novel), Steins;Gate: Hoshikuzu no Duplet, Robotics;Notes, Steins;Gate: Aishin Meizu no Babel, Steins;Gate: Heni Kuukan no Octet, Steins;Gate: Hiyoku Renri no Future Honey, Steins;Gate: Heiji Kyokusen no Epigraph (Novel), Steins;Gate: Heiji Kyokusen no Epigraph, Steins;Gate Movie: Load Region of Deja Vu, Steins;Gate: Eigoukaiki no Pandora, Steins;Gate 0 Dengeki Comic Anthology, Steins;Gate 0","Steins;Gate: Egoistic Poriomania, Steins;Gate Movie: Load Region of Deja Vu, Steins;Gate: Soumei Eichi no Cognitive Computing, Steins;Gate: Kyoukaimenjou no Missing Link - Divide By Zero, Steins;Gate 0","Itaru Hashida : Tomokazu Seki, Kurisu Makise : Asami Imai, Mayuri Shiina : Kana Hanazawa, Rintaro Okabe : Mamoru Miyano, Faris Nyannyan : Haruko Momoi, Moeka Kiryuu : Saori Gotou, Ruka Urushibara : Yuu Kobayashi, Suzuha Amane : Yukari Tamura, Hiroshi Hamasaki
Director, Takuya Satou
Director, Jun Murakami
Music, Takeshi Abo
Music, Kyuuta Sakai
Character Design, Keisuke Nakamura
Photography Director, Shinsaku Tanaka
Producer, Gaku Iwasa
Producer","Hiroshi Hamasaki : Director, Takuya Satou : Director, Jun Murakami : Music, Takeshi Abo : Music, Kyuuta Sakai : Character Design, Keisuke Nakamura : Photography Director, Shinsaku Tanaka : Producer, Gaku Iwasa : Producer"
Gintama',,TV   ,51.0,Sunrise,Spring,"Action, Comedy, Drama, Sci Fi, Shounen, Aliens, Breaking the Fourth Wall, Crude, Feudal Japan, Gag, Parody, Samurai, Slapstick, Swordplay, Based on a Manga",4.43,2011.0,2012.0,"'Gintoki Sakata, Kagura, and Shinpachi Shimura continue to scrape together a living as the freelance jack-of-all-trades group Yorozuya in Edo while living among the several odd humans and aliens that inhabit the peculiar metropolis.'",,"Gintama, 3-Z Class's Ginpachi-sensei (Light Novel), Gintama Kanketsu-hen: Yorozuya yo Eien Nare (Light Novel)","Gintama, Gintama: Yorinuki Gintama-san on Theater 2D, Gintama': Enchousen, Gintama°, Gintama., Gintama.: Shirogane no Tamashii-hen, Gintama.: Shirogane no Tamashii-hen 2, Gintama: The Very Final","Gintoki Sakata : Tomokazu Sugita, Kagura : Rie Kugimiya, Shinpachi Shimura : Daisuke Sakaguchi, Ayumu Tojo : Kouji Yusa, Catherine : Yuu Sugimoto, Elizabeth : Tooru Furuya, Isao Kondo : Susumu Chiba, Kotarou Katsura : Akira Ishida, Hideaki Sorachi
Original Creator, Youichi Fujita
Director, Audio Highs
Music, Shinji Takeuchi
Character Design, Fukashi Azuma
Producer, Naoki Sasada
Producer, Shinjirou Yokoyama
Producer, Shinnosuke Wada
Producer","Hideaki Sorachi : Original Creator, Youichi Fujita : Director, Audio Highs : Music, Shinji Takeuchi : Character Design, Fukashi Azuma : Producer, Naoki Sasada : Producer, Shinjirou Yokoyama : Producer, Shinnosuke Wada : Producer"
Natsume's Book of Friends Season 3, Natsume Yuujinchou San,TV   ,13.0,Brain's Base,Summer,"Drama, Shoujo, Slice of Life, Bodyguards, Cats, Countryside, Episodic, Iyashikei, Japanese Mythology, Orphans, Supernatural, Youkai, Based on a Manga",4.36,2011.0,,"'Takashi Natsume sees spirits, and with the help of his lazy and sake-guzzling bodyguard Nyanko-sensei he returns to spirits their names that were stolen by his grandmother Reiko Natsume. Not all of the spirits are peaceful though, and he often fights to keep himself and his family and friends safe while at the same time fighting the loneliness that plagued him before he found his home.'",,"Natsume's Book of Friends, Natsume's Book of Friends (Light Novel), Nyanko-sensei ga Iku!","Natsume's Book of Friends, Natsume's Book of Friends Season 2, Zoku Natsume Yuujinchou: 3D Nyanko-sensei Gekijou, Natsume's Book of Friends Season 4, Natsume's Book of Friends: Nyanko-sensei & The First Errand, Natsume Yuujinchou: Itsuka Yuki no Hi ni, Natsume's Book of Friends Season 5, Natsume's Book of Friends Season 6, Natsume's Book of Friends Movie: Ephemeral Bond, Natsume's Book of Friends Movie 2","Nyanko-Sensei : Kazuhiko Inoue, Takashi Natsume : Hiroshi Kamiya, Kaname Tanuma : Kazuma Horie, Shigeru Fujiwara : Eiji Itou, Shuichi Natori : Akira Ishida, Tooru Taki : Rina Satou, Touko Fujiwara : Miki Itou, Aokuchinashi : Hisako Kyouda, Yuki Midorikawa
Original Creator, Takahiro Oomori
Director, Makoto Yoshimori
Music, Akira Takada
Character Design, Shuko Yokoyama
Producer, Tomomi Kyoutani
Producer, Reiko Sasaki
Producer, Hirofumi Sugawara
Producer","Yuki Midorikawa : Original Creator, Takahiro Oomori : Director, Makoto Yoshimori : Music, Akira Takada : Character Design, Shuko Yokoyama : Producer, Tomomi Kyoutani : Producer, Reiko Sasaki : Producer, Hirofumi Sugawara : Producer"
Hotarubi no Mori e, To the Forest of Firefly Lights,Movie,,Brain's Base,,"Drama, Romance, Shoujo, Coming of Age, Forest, Japanese Mythology, Loneliness, Melancholy, Supernatural, Youkai, Based on a Manga",4.36,2011.0,,"""While visiting her uncle for the summer, six year old Hotaru gets lost in the woods outside the village. Scared, the crying girl is eventually rescued by a gentle youkai named Gin, who is burdened with a curse that will cause him to disappear if ever touched by a human. Though they are barred from physical contact, the two become close friends.\xa0But after a few short years it becomes apparent that Gin ages more slowly than humans, so while Hotaru is growing up and changing, Gin remains in stasis. How will Hotaru adapt to the complicated emotions she develops as her and Gin's ages gradually converge?""",,Hotarubi no Mori e,,"Gin : Kouki Uchiyama, Hotaru Takegawa : Ayane Sakura, Hotaru'S Grandfather : Shinpachi Tsuji, Forest Spirit : Hiroki Gotou, Hotaru'S Mother : Izumi Sawada, Ryouta : Hayato Taya, Tree Youkai : Masanori Machida, Yuki Midorikawa
Original Creator, Takahiro Oomori
Director & Screenplay, Makoto Yoshimori
Music & Song Arrangement & Song Composition & Song Lyrics, Akira Takada
Animation Director & Character Design, Hiromi Miyawaki
Color Design, Masanori Miyake
Producer, Shuko Yokoyama
Producer, Tomomi Kyoutani
Producer","Yuki Midorikawa : Original Creator, Takahiro Oomori : Director & Screenplay, Makoto Yoshimori : Music & Song Arrangement & Song Composition & Song Lyrics, Akira Takada : Animation Director & Character Design, Hiromi Miyawaki : Color Design, Masanori Miyake : Producer, Shuko Yokoyama : Producer, Tomomi Kyoutani : Producer"
Bunny Drop, Usagi Drop,TV   ,11.0,Production I.G,Summer,"Drama, Josei, Slice of Life, Childcare, Family Life, Iyashikei, Lifestyle Change, noitaminA, Single Parent, Based on a Manga",4.3,2011.0,,"""When Daikichi's grandfather dies he leaves behind a young daughter named Rin. However, as most of the family is embarrassed at the idea of a 79-year-old man having a six-year-old child, they can't seem to figure out what to do with her. Disgusted by this behavior, Daikichi decides to take care of her himself, but he's a bachelor, has no idea how to raise a child, and isn't even all that comfortable with kids! Now, Daikichi must do the normal things a parent does such as enroll her in school, buy her clothing and teach her about the life and world around her. But more importantly, he must also help her deal with her father's death and decide whether or not she should try to find her mother. Together, the two begin their unlikely relationship as father and daughter, navigating each of life's bumps along the way.""",,Bunny Drop,Bunny Drop Specials,"Daikichi Kawachi : Hiroshi Tsuchida, Rin Kaga : Ayu Matsuura, Kouki Nitani : Noa Sakai, Kouki'S Mother : Sayaka Oohara, Masako Yoshii : Maaya Sakamoto, Dark Brown-Haired Counselor : Yumi Yoshimura, Female Funeral Director : Tomomi Watanabe, Gotou : Yui Kano, Yumi Unita
Original Creator, Kanta Kamei
Director, Suguru Matsutani
Music, Yuu Yamashita
Character Design, Miho Tanaka
Color Design, Tetsuya Nakatake
Producer, Noriko Ozaki
Producer, Daisuke Konaka
Producer","Yumi Unita : Original Creator, Kanta Kamei : Director, Suguru Matsutani : Music, Yuu Yamashita : Character Design, Miho Tanaka : Color Design, Tetsuya Nakatake : Producer, Noriko Ozaki : Producer, Daisuke Konaka : Producer"
Anohana: The Flower We Saw That Day, Ano Hi Mita Hana no Namae wo Bokutachi wa Mada Shiranai.,TV   ,11.0,A-1 Pictures,Spring,"Drama, Romance, Childhood Friends, Coming of Age, Death of a Loved One, Ghosts, Melancholy, noitaminA, Supernatural, Unrequited Love, Original Work",4.25,2011.0,,"'Long ago, young Meiko Honma tragically died and her tight-knit group of friends, shaken by the event, drifted apart. Now, ten years later, Meiko has re-appeared as a ghost that only Jinta, the former leader of the gang and an avid shut-in, can see. All she desires is for Jinta to fulfill her final wish so that she can move on to the afterlife, but with no memory of what it was, it’s up to the teenager to gather his former friends and discover what will allow his beloved friend to rest in peace. With so many feelings left unsaid, can this group work out their strife and help the ghost of the girl they once adored?'",,"Ano Hi Mita Hana no Namae wo Bokutachi wa Mada Shiranai. (Novel), Ano Hi Mita Hana no Namae wo Bokutachi wa Mada Shiranai.","Anohana: The Flower We Saw That Day Picture Drama, Anohana: The Flower We Saw That Day Movie, Meiji x Kokosake & Anohana Receipt Oubo Campaign","Atsumu Matsuyuki : Takahiro Sakurai, Chiriko Tsurumi : Saori Hayami, Jinta Yadomi : Miyu Irino, Meiko Honma : Ai Kayano, Naruko Anjou : Haruka Tomatsu, Tetsudou Hisakawa : Takayuki Kondou, Aki : Yui Makino, Atsushi Yadomi : Mitsuru Ogata, Tatsuyuki Nagai
Director, Remedios
Music, Masayoshi Tanaka
Character Design, Kazuko Nakashima
Color Design, Shunsuke Saitou
Producer, Noriko Ozaki
Producer, Mari Okada
Screenplay, Kensuke Ishikawa
Key Animator","Tatsuyuki Nagai : Director, Remedios : Music, Masayoshi Tanaka : Character Design, Kazuko Nakashima : Color Design, Shunsuke Saitou : Producer, Noriko Ozaki : Producer, Mari Okada : Screenplay, Kensuke Ishikawa : Key Animator"
Bakuman. 2,,TV   ,25.0,J.C.Staff,Fall ,"Drama, Shounen, Anime Industry, Manga Industry, Otaku Culture, Voice Acting, Writers, Based on a Manga",4.24,2011.0,2012.0,"'With their manga, Detective Trap, about to begin serialization, Mashiro and Takagi are on cloud nine. But just obtaining a regular series in Shounen Jack is only the start, as they must work harder than ever to stay high enough in the rankings and avoid cancellation. Now, as the pair gets used to working with both assistants and their new editor, the enthusiastic and inexperienced Miura, they prepare to battle it out in the user surveys. But have they struck it lucky with their new editor, and will they be able to keep up the pace as they compete with their friends, take the manga world by storm, and attain that all-important goal of having their story become an anime?'",,"Bakuman., Bakuman. Bangai-hen","Bakuman., Bakuman.: Deraman., Bakuman. 2 Special, Bakuman. 3, Bakuman. 3 Specials","Akito Takagi : Satoshi Hino, Moritaka Mashiro : Atsushi Abe, Aiko Iwase : Ayumi Fujimura, Akira Hattori : Kentarou Tone, Eiji Nizuma : Nobuhiko Okamoto, Gorou Miura : Daisuke Kirii, Hisashi Sasaki : Kenyuu Horiuchi, Kaya Miyoshi : Sayuri Yahagi, Tsugumi Ohba
Original Creator, Noriaki Akitaya
Director, Kenichi Kasai
Director, Tomoyuki Shitaya
Character Design, Yoshinobu Tokumoto
Episode Director","Tsugumi Ohba : Original Creator, Noriaki Akitaya : Director, Kenichi Kasai : Director, Tomoyuki Shitaya : Character Design, Yoshinobu Tokumoto : Episode Director"
Major: World Series,,OVA  ,2.0,Synergy SP,,"Drama, Shounen, Sports, Baseball, Based on a Manga",4.22,2011.0,2012.0,"""Goro is determined to help the Indiana Hornets win the World Series against the Texas Raiders. In Game 6 a ball flies at his head, a ball similar to the same shot that killed his dad, from Gibson Junior. The Hornets go on to lose Game 6, setting up a decisive Game 7. Goro must try to convince his coach and his teammates that he can play despite the risk of a concussion. At the same time Shigeno goes into labor with her and Goro's first child, a little baby girl. Shigeno hides this information from Goro hoping he can play in Game 7 and become the best in the world, but the rest of her family questions the decision, knowing Goro's stubborn streak.""",,"Major, Major 2nd","Major Season 1, Major Season 2, Major Season 3, Major Season 4, Major Movie: Yuujou no Winning Shot, Major Season 5, Major Season 6, Major: Message, Major 2nd","Goro Honda : Showtaro Morikubo, Joe Gibson Jr. : Kouji Ochiai, Kaoru Shimizu : Yuko Sasamoto, Momoko Hoshino : Junko Noda, Toshiya Sato : Masakazu Morita, Hideki Shigeno : Shunsuke Sakuya, Izumi Shigeno, Jeff Keene : Toshiyuki Morikawa, Takuya Mitsuda
Original Creator, Toshinori Fukushima
Director, Masahiro Saitou
Producer, Jou Tanaka
Animation Director","Takuya Mitsuda : Original Creator, Toshinori Fukushima : Director, Masahiro Saitou : Producer, Jou Tanaka : Animation Director"
K-On! Movie,,Movie,,Kyoto Animation,,"Comedy, Seinen, Slice of Life, England, Europe, Iyashikei, Music, Based on a 4-Koma Manga, Based on a Manga",4.22,2011.0,,"""Graduation time is finally here, but the girls of the Sakuragaoka Girl's High Light Music Club aren't going to let the end of high school be the end of all they've built together. First though, they have to keep a promise to take a trip together, and like everything else they do, they're not doing it halfway. So it's time to hop on the bus - the double-decker bus that is - and go around the world as the band heads for the birthplace of the British Invasion: the United Kingdom! And on the way they're going to have to solve that one last big puzzle that's been vexing them: what to get for their underclassman rhythm guitarist Azusa, who will be taking over the club once they don their caps and gowns and leave Sakuragaoka for the last time. Get ready for a Magical Musical Tour as the whole gang takes in the sights and sounds of London and prepares for one last amazing encore.""",,"K-On!, K-On! Anthology Comic, K-On! College, K-On! High School, K-On! Shuffle","K-On!, K-On! Ura-On!, K-On! Live House!, K-On!!, K-On!! Ura-On!!, K-On!!: Plan!","Azusa Nakano : Ayana Taketatsu, Mio Akiyama : Youko Hikasa, Ritsu Tainaka : Satomi Satou, Tsumugi Kotobuki : Minako Kotobuki, Yui Hirasawa : Aki Toyosaki, Sawako Yamanaka : Asami Sanada, Ui Hirasawa : Madoka Yonezawa, Akane Satou, Kakifly
Original Creator, Naoko Yamada
Director & Episode Director & Storyboard, Hajime Hyakkoku
Music & Song Arrangement, Yukiko Horiguchi
Animation Director & Character Design & Chief Animation Director & Key Animator, Rin Yamamoto
Photography Director, Seiki Tamura
Art Director, Akiyo Takeda
Color Design, Youko Hatta
Producer","Kakifly : Original Creator, Naoko Yamada : Director & Episode Director & Storyboard, Hajime Hyakkoku : Music & Song Arrangement, Yukiko Horiguchi : Animation Director & Character Design & Chief Animation Director & Key Animator, Rin Yamamoto : Photography Director, Seiki Tamura : Art Director, Akiyo Takeda : Color Design, Youko Hatta : Producer"
Fate/Zero,,TV   ,13.0,ufotable,Fall ,"Action, Fantasy, Contemporary Fantasy, Magic, Proxy Battles, Rivalries, Superpowers, Urban Fantasy, Based on a Light Novel, Violence",4.18,2011.0,,"'Ten years before Shirou Emiya\'s and Saber\'s fateful meeting, Japan is the stage for the fourth Holy Grail War. Seven Masters, each with his own dreams, step forward to win the boon of the mystic relic. Into this fray comes Kiritsugu Emiya, the enigmatic ""Mage Killer"" who wants to use the Grail to make a better world. Can he, paired with the indomitable Saber win the War? Or will he fall to the ambitions of the other mages?'",Violence,"Fate/Stay Night: Comic Battle, Fate/stay Night: DNA Comic Manga Anthology, Fate/Stay Night, Himuro no Tenchi Fate/School Life, Fate/Zero (Light Novel), Fate/Tiger Colosseum Upper, Fate/Kaleid Liner Prisma Illya, Fate/Zero: Heart of Freaks (Novel), Fate/Kaleid Liner Prisma Illya 2wei!, Fate/Zero, Fate/Extra, Fate/Apocrypha (Light Novel), Fate/Kaleid Liner Prisma Illya 3rei!!, Fate/Prototype: Tribute Phantasm, Fate/Extra: CCC Fox Tail, Fate/Hollow Ataraxia, Fate/Prototype: Soukan no Fragments (Light Novel), Fate/Kaleid Liner Prisma Illya (Light Novel), Fate/strange Fake, Fate/Mahjong Night: Seihai Sensou, Fate/Gudaguda Order, Fate/strange Fake (Light Novel), Fate/stay night: Garden of Avalon (Light Novel), Fate/Labyrinth (Light Novel), Fate/Apocrypha, Today's Menu for Emiya Family, Fate/Ixtella, Fate/Requiem (Light Novel)","Fate/stay night, Fate/stay night: TV reproduction, Fate/stay night: Unlimited Blade Works Movie, Carnival Phantasm: Illya's Castle, Fate/Prototype, Fate/Zero: Onegai! Einzbern Soudanshitsu, Fate/Zero Remix, Fate/Zero 2, Fate/Kaleid Liner Prisma Illya, Fate/Kaleid Liner Prisma Illya Specials, Fate/Zero Cafe, Fate/Kaleid Liner Prisma Illya 2wei! First Bra - Illya-hen, Fate/Kaleid Liner Prisma Illya: Undoukai de Dance!, Fate/Kaleid Liner Prisma Illya 2wei!, Fate/stay night: Unlimited Blade Works Prologue, Fate/stay night: Unlimited Blade Works, Fate/Kaleid Liner Prisma Illya 2wei! OVA, Fate/stay night: Unlimited Blade Works 2 - Sunny Day, Fate/stay night: Unlimited Blade Works 2, Fate/kaleid Liner Prisma Illya 2wei Herz!, Fate/kaleid Liner Prisma Illya 2wei Herz! Specials, Fate/Kaleid Liner Prisma Illya 3rei!!, Fate/Kaleid Liner Prisma Illya 3rei!! Special, Fate/stay night: Heaven's Feel I. presage flower, Lord El-Melloi II's Case Files {Rail Zeppelin} Grace note - A Grave Keeper, a Cat, and a Mage, Lord El-Melloi II's Case Files {Rail Zeppelin} Grace note","Irisviel Von Einzbern : Sayaka Oohara, Kirei Kotomine : Jouji Nakata, Kiritsugu Emiya : Rikiya Koyama, Saber : Ayako Kawasumi, Assassin : Takuo Kawamura, Caster : Satoshi Tsuruoka, Gilgamesh : Tomokazu Seki, Kariya Matou : Tarusuke Shingaki, Gen Urobuchi
Original Creator, Ei Aoki
Director & Ed Director & Episode Director & Storyboard, Yuki Kajiura
Music, Tomonori Sudou
Character Design, Atsushi Ikariya
Character Design, Yoshikazu Iwanami
Sound Director, Atsuhiro Iwakami
Producer, Yoshinao Doi
Producer","Gen Urobuchi : Original Creator, Ei Aoki : Director & Ed Director & Episode Director & Storyboard, Yuki Kajiura : Music, Tomonori Sudou : Character Design, Atsushi Ikariya : Character Design, Yoshikazu Iwanami : Sound Director, Atsuhiro Iwakami : Producer, Yoshinao Doi : Producer"
Sekai-ichi Hatsukoi: World's Greatest First Love 2, Sekai-ichi Hatsukoi 2,TV   ,12.0,Studio DEEN,Fall ,"BL, Comedy, Drama, Romance, Shounen-ai, Adult Couples, Boss-Employee Relationship, Coworkers, Editors, LGBT Themes, Manga Industry, Mature Romance, Neighbors, Otaku Culture, Romantic Comedy, Work Life, Yaoi Hand Syndrome, Based on a Manga, Sexual Content",4.18,2011.0,,"""Because Ritsu Onodera hates to rely on family connections he quits a job as a literature editor at his parents' company, Onodera Publishing, and winds up taking a job at Marukawa Books. To his chagrin, he is assigned to the shōjo manga department in spite of having no interest or experience in it. And on top of that, he has an awful first impression of his high-handed editor-in-chief, Masamune Takano.""",Sexual Content,"The World's Greatest First Love: The Case of Ritsu Onodera, Sekai-ichi Hatsukoi: Yoshino Chiaki no Baai (Light Novel), Sekai-ichi Hatsukoi: Yokozawa Takafumi no Baai (Light Novel)","Sekai-ichi Hatsukoi: World's Greatest First Love OVA, Sekai-ichi Hatsukoi: World's Greatest First Love, Sekai-ichi Hatsukoi: Yokozawa Takafumi no Baai, Sekai-ichi Hatsukoi: Valentine-hen, Sekai-ichi Hatsukoi: World's Greatest First Love - Proposal-hen","Masamune Takano : Katsuyuki Konishi, Ritsu Onodera : Takashi Kondou, Chiaki Yoshino : Shinnosuke Tachibana, Kou Yukina, Shouta Kisa : Nobuhiko Okamoto, Takafumi Yokozawa : Kenyuu Horiuchi, Yoshiyuki Hatori : Yuuichi Nakamura, Yuu Yanase : Hiroshi Kamiya, Shungiku Nakamura
Original Creator, Chiaki Kon
Director, Youko Kikuchi
Character Design, Junka Kobayashi
Producer, Satoshi Fujita
Producer, Jun Fukuda
Producer, Eriko Aoki
Producer, Shinichi Omata
Episode Director","Shungiku Nakamura : Original Creator, Chiaki Kon : Director, Youko Kikuchi : Character Design, Junka Kobayashi : Producer, Satoshi Fujita : Producer, Jun Fukuda : Producer, Eriko Aoki : Producer, Shinichi Omata : Episode Director"
Nichijou: My Ordinary Life,,TV   ,26.0,Kyoto Animation,Spring,"Comedy, Shounen, Slice of Life, Androids, Episodic, Gag, Robots, School Life, Slapstick, Based on a Manga",4.18,2011.0,,"'Yuuko, Mio and Mai are regular high school girls who lead a normal everyday life. However, with bizarre explosions causing random objects to rain down on their heads, lunch turning into an epic battle between girl and wiener, and students riding to school on goats, their lives are anything but ordinary. Meanwhile android Nano spends her days wishing she were a normal human, but keeping house for her creator, the playful and immature child genius Hakase, dealing with talking cat Sakamoto, and trying to keep a hold of her multitude of easily-detachable body parts, her dream is far from a reality...'",,Nichijou: My Ordinary Life,"Nichijou: My Ordinary Life Episode 0, Nichijou: My Ordinary Life Specials, Amemiya-san","Hakase : Hiromi Konno, Mai Minakami : Misuzu Togashi, Mio Naganohara : Mai Aizawa, Nano Shinonome : Shizuka Furuya, Sakamoto : Minoru Shiraishi, Yuuko Aioi : Mariko Honda, Izumi Sakurai : Mami Kosuge, Kenzaburou Daiku : Ryouta Yoshizaki, Keiichi Arawi
Original Creator, Tatsuya Ishihara
Director, Yuuji Nomi
Music, Futoshi Nishiya
Character Design, Kengo Shigemura
Editor, Naoko Yamada
Episode Director & Key Animator & Storyboard, Yoshiji Kigami
Episode Director & Storyboard, Junichi Uda
Key Animator","Keiichi Arawi : Original Creator, Tatsuya Ishihara : Director, Yuuji Nomi : Music, Futoshi Nishiya : Character Design, Kengo Shigemura : Editor, Naoko Yamada : Episode Director & Key Animator & Storyboard, Yoshiji Kigami : Episode Director & Storyboard, Junichi Uda : Key Animator"
Detective Conan Movie 15: Quarter of Silence, Meitantei Conan Movie 15: Chinmoku no Quarter,Movie,,TMS Entertainment,,"Action, Mystery, Shounen, Age Transformation, Detectives, Thriller, Based on a Manga",4.17,2011.0,,"'When a tunnel bombing nearly claims the life of its target, the governor of Tokyo, Conan takes the case to find the culprit.\xa0His investigation leads him to the snowy mountain village of Kitanosawa, but when he arrives there, he finds that the sleepy town has plenty of secrets. After learning that the local nurse’s son was found unconscious at the foot of a hill on the same night as a hit-and-run eight years earlier, the young detective finds the coincidence all too suspicious - especially when another tragic event occurs soon after. Now Conan must to find out what really happened on the mountain that night many years ago, and what relevance it all has to the recent attempt on Governor Asakura’s life.'",,"Magic Kaitou, Case Closed, Detective Conan: Tokubetsu-hen, Detective Conan (Shima MIZUKI) (Light Novel), Detective Conan: Zero's Tea Time","Detective Conan, Detective Conan Movie 1: The Time Bombed Skyscraper, Detective Conan Movie 2: The Fourteenth Target, Detective Conan Movie 3: The Last Magician of the Century, Detective Conan Movie 4: Captured In her Eyes, Detective Conan Movie 5: Countdown to Heaven, Detective Conan Movie 6: The Phantom of Baker Street, Detective Conan Movie 7: Crossroad in the Ancient Capital, Detective Conan Movie 8: Magician of the Silver Sky, Detective Conan Movie 9: Strategy Above the Depths, Detective Conan Movie 10: The Private Eyes' Requiem, Detective Conan Movie 11: Jolly Roger in the Deep Azure, Detective Conan Movie 12: Full Score of Fear, Detective Conan Movie 13: The Raven Chaser, Detective Conan Movie 14: The Lost Ship in the Sky, Detective Conan Movie 16: The Eleventh Striker, Detective Conan Movie 17: Zekkai no Private Eye, Detective Conan Movie 18: The Sniper From Another Dimension, Detective Conan Movie 19: The Hellfire Sunflowers, Detective Conan Movie 20: The Darkest Nightmare, Detective Conan Movie 21: Kara Kurenai no Love Letter, Detective Conan Movie 22: Zero The Enforcer, Detective Conan Movie 23: The Fist of Blue Sapphire, Detective Conan Movie 24: The Scarlet Bullet","Conan Edogawa : Minami Takayama, Ai Haibara : Megumi Hayashibara, Ayumi Yoshida : Yukiko Iwai, Fuyumi Tachihara : Mayumi Iizuka, Genta Kojima : Wataru Takagi, Hiroshi Agasa : Kenichi Ogata, Keisuke Yamao : Keiichi Nanba, Kogoro Mori : Rikiya Koyama, Gosho Aoyama
Original Creator, Yasuichiro Yamamoto
Director, Koubun Shizuno
Director, Katsuo Ono
Music","Gosho Aoyama : Original Creator, Yasuichiro Yamamoto : Director, Koubun Shizuno : Director, Katsuo Ono : Music"
Puella Magi Madoka Magica, Mahou Shoujo Madoka Magica,TV   ,12.0,SHAFT,Winter,"Fantasy, Magical Girl, Contemporary Fantasy, Dark Fantasy, Henshin Heroes, Magic, Melancholy, Psychological, School Life, Thriller, Transfer Students, Urban Fantasy, Original Work, Mature Themes,, Suicide",4.17,2011.0,,"""One night, Madoka has a terrible nightmare – against the backdrop of a desolate landscape, she watches a magical girl battle a terrifying creature, and lose. The next day, the teen's dream becomes reality when the girl – Homura – arrives at Mitakihara Middle School as a transfer student, mysteriously warning Madoka to stay just the way she is. But when she and her best friend Miki are pulled into a twisted illusion world and meet a magical creature named Kyubey, the pair discovers that magical girls are real, and what's more, they can choose to become one. All they must do is sign a contract with Kyubey and agree to fight witches that spread despair to the human world, and in return they will be granted a single wish. However, as Homura's omen suggests, there's far more to becoming a magical girl than Madoka and Miki realize...""","Mature Themes,, Suicide","Puella Magi Madoka Magica: Anthology Comic, Puella Magi Kazumi☆Magica: The Innocent Malice, Puella Magi Madoka Magica, Puella Magi Oriko Magica, Puella Magi Madoka Magica (Light Novel), Puella Magi Homura Tamura: Parallel Worlds Do Not Remain Parallel Forever, Mitakihara Youchien Mahougumi, Mitakihara☆Anti-Materials, Puella Magi Madoka☆Magica: The Different Story, Puella Magi Tart Magica: The Legend of ""Jeanne d'Arc"", Puella Magi Madoka Magica: The Movie - Rebellion, Puella Magi Suzune☆Magica, Puella Magi Madoka Magica: Wraith Arc, FM Kamihama Holy Radio Station: Puella Magi Madoka Magica Side Story: Magia Record, Magia Record: Puella Magi Madoka Magica Side Story","Puella Magi Madoka Magica the Movie Part 4: Walpurgisnacht - Rising, Puella Magi Sonico Magica, Puella Magi Madoka Magica the Movie Part 1: Beginnings, Puella Magi Madoka Magica the Movie Part 2: Eternal, Puella Magi Madoka Magica the Movie Part 3: Rebellion, Puella Magi Madoka Magica: Concept Movie, Magia Record: Puella Magi Madoka Magica Side Story","Homura Akemi : Chiwa Saitou, Kyubey : Emiri Katou, Madoka Kaname : Aoi Yuuki, Sayaka Miki : Eri Kitamura, Junko Kaname : Yuuko Gotou, Kyoko Sakura : Ai Nonaka, Mami Tomoe : Kaori Mizuhashi, Anja, Magica Quartet
Original Creator, Ume Aoki
Original Character Design, Akiyuki Simbo
Director, Yukihiro Miyamoto
Director & Episode Director, Yuki Kajiura
Music, Takahiro Kishida
Character Design, Shinichirou Etou
Photography Director, Hitoshi Hibino
Color Design","Magica Quartet : Original Creator, Ume Aoki : Original Character Design, Akiyuki Simbo : Director, Yukihiro Miyamoto : Director & Episode Director, Yuki Kajiura : Music, Takahiro Kishida : Character Design, Shinichirou Etou : Photography Director, Hitoshi Hibino : Color Design"
Kimi ni Todoke - From Me To You 2nd Season,,TV   ,12.0,Production I.G,Winter,"Comedy, Drama, Romance, Shoujo, School Life, Based on a Manga",4.16,2011.0,,"'It’s now mid-February and, while Sawako continues to grow closer than ever to Chizu and Ayane, her relationship with Kazehaya has skidded to a halt, with both parties still unable to admit to their feelings for each other. As another school year arrives however, a new man enters Sawako’s life, the flirtatious Kent – and he’s taken a special interest in the awkward teen! With a new man grabbing at his crush’s attention, Kazehaya’s patience is beginning to run out. But what exactly are Kent’s motives, and will Sawako ever be able to find a way to convey her sentiments to the boy she loves?'",,"Kimi ni Todoke: From Me to You, Kimi ni Todoke: From Me to You (Light Novel), Kimi ni Todoke: From Me to You Bangai-hen - Unmei no Hito","Kimi ni Todoke - From Me To You, Kimi ni Todoke - From Me To You 2nd Season: A Crush, Kimi ni Todoke - From Me To You 2nd Season Specials","Sawako Kuronuma : Mamiko Noto, Shota Kazehaya : Daisuke Namikawa, Ayane Yano : Miyuki Sawashiro, Chizuru Yoshida : Yuuko Sanpei, Kento Miura : Mamoru Miyano, Ryu Sanada : Yuuichi Nakamura, Ume Kurumizawa : Aya Hirano, Chigusa Takahashi : Yurin, Karuho Shiina
Original Creator, Hiro Kaburagi
Director, S.E.N.S.
Music, Yuka Shibata
Character Design, Manabu Tamura
Producer, George Wada
Producer, Toshio Nakatani
Producer, Hiroyuki Kiyouno
Producer","Karuho Shiina : Original Creator, Hiro Kaburagi : Director, S.E.N.S. : Music, Yuka Shibata : Character Design, Manabu Tamura : Producer, George Wada : Producer, Toshio Nakatani : Producer, Hiroyuki Kiyouno : Producer"
Nura: Rise of the Youkai Clan - Demon Capital, Nurarihyon no Mago: Sennen Makyou,TV   ,24.0,Studio DEEN,Summer,"Action, Shounen, Demons, Monsters, Supernatural, Youkai, Based on a Manga",4.13,2011.0,,"'Peace has returned to the Nura Clan following their victory against the Shikoku yokai, but things do not stay quiet for long. Ryuji Keikain, brother of Yura the Onmyoji, arrives in Ukiyoe Town bringing dire news: Hagoromo-Gitsune, the great yokai who was once stopped by Supreme Commander Nurarihyon, has returned! The Third Heir Rikuo Nura must now travel across Japan to gain new powers and allies in order to face down his most powerful enemy!'",,"Nura: Rise of the Yokai Clan (Pilot), Nura: Rise of the Yokai Clan, Nura: Rise of the Yokai Clan (Light Novel)","Nura: Rise of the Youkai Clan, Nura: Rise of the Youkai Clan Recaps, Nura: Rise of the Youkai Clan - Jump Super Anime Tour Special, Nura: Rise of the Youkai Clan - Demon Capital Recaps, Nura: Rise of the Youkai Clan OVA","Rikuo Nura : Eri Kitamura, Yuki-Onna : Yui Horie, Yura Keikain : Ai Maeda, Aotabou : Hiroki Yasumoto, Hagoromo-Gitsune : Mamiko Noto, Itaku : Daisuke Kishio, Jirou Shima : Tetsuya Kakihara, Kana Ienaga : Aya Hirano, Hiroshi Shiibashi
Original Creator, Michio Fukuda
Director & Episode Director & Storyboard, Kouhei Tanaka
Music, Kazuhiko Sawaguchi
Music, Mariko Oka
Character Design, Masahito Otani
Episode Director, Hiromasa Kitahara
Chief Animation Director","Hiroshi Shiibashi : Original Creator, Michio Fukuda : Director & Episode Director & Storyboard, Kouhei Tanaka : Music, Kazuhiko Sawaguchi : Music, Mariko Oka : Character Design, Masahito Otani : Episode Director, Hiromasa Kitahara : Chief Animation Director"
Sekai-ichi Hatsukoi: World's Greatest First Love OVA, Sekai-ichi Hatsukoi OVA,OVA  ,2.0,Studio DEEN,,"BL, Comedy, Romance, Shounen-ai, Romantic Comedy, School Life, Based on a Manga",4.12,2011.0,,"'Ritsu Onodera has been admiring a classmate from afar for some time, even noticing when the boy rescues an abandoned kitten on the street. Things change, however, when the two bump into each other at the library one day and Ritsu confesses his feelings. What will become of this budding first love?'",,"The World's Greatest First Love: The Case of Ritsu Onodera, Sekai-ichi Hatsukoi: Yoshino Chiaki no Baai (Light Novel), Sekai-ichi Hatsukoi: Yokozawa Takafumi no Baai (Light Novel)","Sekai-ichi Hatsukoi: World's Greatest First Love, Sekai-ichi Hatsukoi: World's Greatest First Love 2, Sekai-ichi Hatsukoi: Yokozawa Takafumi no Baai, Sekai-ichi Hatsukoi: Valentine-hen, Sekai-ichi Hatsukoi: World's Greatest First Love - Proposal-hen","Chiaki Yoshino, Masamune Takano : Katsuyuki Konishi, Ritsu Onodera : Takashi Kondou, Yoshiyuki Hatori, Chinatsu Yoshino, Shouta Kisa : Nobuhiko Okamoto, Sorata, Yoriko Yoshino, Shungiku Nakamura
Original Creator, Chiaki Kon
Director, Youko Kikuchi
Character Design, Eriko Aoki
Producer","Shungiku Nakamura : Original Creator, Chiaki Kon : Director, Youko Kikuchi : Character Design, Eriko Aoki : Producer"
Chihayafuru,,TV   ,25.0,MADHOUSE,Fall ,"Drama, Josei, Romance, Sports, Childhood Promise, Love Triangle, School Club, School Life, Tournaments, Based on a Manga",4.11,2011.0,2012.0,"'Chihaya Ayase is a famous beauty at her school, but she’s far from a conventional girl. Three years ago in her final year of elementary school, Chihaya and her friend Taichi became infatuated with the card game, Karuta, after connecting with a lonely boy named Arata Wataya. But when the trio graduated from elementary school, they each went their separate ways but shared one common goal: to excel in the game and meet each other at the national championships. Now, Chihaya is attempting to share her passion for the game by creating a competitive Karuta club at school, but when she reunites with Taichi it seems that maybe she’s the only one with the intention of fulfilling their childhood promise...'",,"Chihayafuru, Chihayafuru: Chuugakusei-hen (Light Novel), Chihayafuru: Chuugakusei-hen","Chihayafuru OVA, Chihayafuru 2, Chihayafuru 3","Arata Wataya : Yoshimasa Hosoya, Chihaya Ayase : Asami Seto, Taichi Mashima : Mamoru Miyano, Hideo Harada : Unshou Ishizuka, Kanade Oe : Ai Kayano, Taeko Miyauchi : Toshiko Fujita, Tsutomu Komano : Tsubasa Yonaga, Yuusei Nishida : Tooru Nara, Yuki Suetsugu
Original Creator, Morio Asaka
Director, Kousuke Yamashita
Music, Kunihiko Hamada
Character Design","Yuki Suetsugu : Original Creator, Morio Asaka : Director, Kousuke Yamashita : Music, Kunihiko Hamada : Character Design"
Sekai-ichi Hatsukoi: World's Greatest First Love, Sekai-ichi Hatsukoi,TV   ,12.0,Studio DEEN,Spring,"BL, Comedy, Drama, Romance, Shounen-ai, Adult Couples, Boss-Employee Relationship, Coworkers, Editors, LGBT Themes, Manga Industry, Mature Romance, Neighbors, Otaku Culture, Romantic Comedy, Work Life, Yaoi Hand Syndrome, Based on a Manga, Sexual Content",4.1,2011.0,,"""When Ritsu was in high school, he fell in love with a boy who broke his heart, changing his view of love forever. Now a jaded adult, Ritsu has just transferred to the Marukawa Shoten company in hopes of publishing literature, only to be told that he'll be working in the shoujo manga division instead. What's worse, his boss is brash, rude and seems to have an interest in him! However, the biggest surprise is yet to come for Ritsu, as he soon discovers that his boss is none other than his lover of his past!""",Sexual Content,"The World's Greatest First Love: The Case of Ritsu Onodera, Sekai-ichi Hatsukoi: Yoshino Chiaki no Baai (Light Novel), Sekai-ichi Hatsukoi: Yokozawa Takafumi no Baai (Light Novel)","Sekai-ichi Hatsukoi: World's Greatest First Love OVA, Sekai-ichi Hatsukoi: World's Greatest First Love 2, Sekai-ichi Hatsukoi: Yokozawa Takafumi no Baai, Sekai-ichi Hatsukoi: Valentine-hen, Sekai-ichi Hatsukoi: World's Greatest First Love - Proposal-hen","Masamune Takano : Katsuyuki Konishi, Ritsu Onodera : Takashi Kondou, Chiaki Yoshino : Shinnosuke Tachibana, Kou Yukina : Tomoaki Maeno, Shouta Kisa : Nobuhiko Okamoto, Takafumi Yokozawa : Kenyuu Horiuchi, Yoshiyuki Hatori : Yuuichi Nakamura, Yuu Yanase : Hiroshi Kamiya, Shungiku Nakamura
Original Creator, Chiaki Kon
Director, Hijiri Anze
Music, Youko Kikuchi
Character Design, Junka Kobayashi
Producer, Satoshi Fujita
Producer, Jun Fukuda
Producer, Sawako Yamamoto
Animation Director","Shungiku Nakamura : Original Creator, Chiaki Kon : Director, Hijiri Anze : Music, Youko Kikuchi : Character Design, Junka Kobayashi : Producer, Satoshi Fujita : Producer, Jun Fukuda : Producer, Sawako Yamamoto : Animation Director"
The World God Only Knows II, Kami nomi zo Shiru Sekai II,TV   ,12.0,Manglobe,Spring,"Comedy, Fantasy, Romance, Shounen, Demons, Otaku Culture, School Life, Based on a Manga",4.09,2011.0,,"'Keima Kasuragi’s love affair with dating sims has been perpetually disrupted since he unknowingly agreed to a contract with Hell. The high school student, who can conquer any 2D girl, is charged with tracking down runaway spirits from Hell that reside in girls’ hearts. With the help of his demon buddy Elsie, this ""Capturing God"" must coerce these women into falling in love with him and force the intruders out. But after capturing four such spirits, Keima is starting to find that not every love story can play by the rules of his beloved games. More loose souls reside out in the world, and its up to Keima to release their hosts from their parasitic grasps!'",,"Kami Nomi zo Shiru Sekai, Kami nomi zo Shiru Sekai (Light Novel), Magical Star Kanon 100%, Kami nomi zo Shiru Sekai: On the Train+Pilot Films","The World God Only Knows: Flag 0, The World God Only Knows, Nonstop!! Hunters, The World God Only Knows: Natsuiro Surprise, The World God Only Knows: Four Girls and an Idol, The World God Only Knows: Tenri Arc, The World God Only Knows: Magical Star Kanon 100%, The World God Only Knows: Goddesses Arc","Elucia De Lute Ima : Kanae Itou, Keima Katsuragi : Hiro Shimono, Chihiro Kosaka : Kana Asumi, Haqua Du Lot Herminium : Saori Hayami, Jun Nagase : Aki Toyosaki, Kusunoki Kasuga : Ami Koshimizu, Airi, Ayumi Takahara : Ayana Taketatsu, Tamiki Wakaki
Original Creator, Kazuhiro Yamada
Photography Director, Yoshikazu Iwanami
Sound Director, Akio Matsuda
Producer, Michio Fukuda
Storyboard, Tsutomu Yabuki
Storyboard, Eiji Abiko
Key Animator, Ryota Furukawa
Key Animator","Tamiki Wakaki : Original Creator, Kazuhiro Yamada : Photography Director, Yoshikazu Iwanami : Sound Director, Akio Matsuda : Producer, Michio Fukuda : Storyboard, Tsutomu Yabuki : Storyboard, Eiji Abiko : Key Animator, Ryota Furukawa : Key Animator"
Kaiji - Against All Rules, Gyakkyou Burai Kaiji: Hakairoku-hen,TV   ,26.0,MADHOUSE,Spring,"Seinen, Debt, Gambling, High Stakes Games, Prison, Psychological, Thriller, Based on a Manga, Mature Themes",4.09,2011.0,,"""Sunk deep in colossal debt, Kaiji must spend the next decades of his life working it off in an underground slave pit, shovelling dirt with other disgraced down-and-outs. But far be it for Kaiji to have learned his lesson from his experiences on the Espoir. Upon discovering that the only fast track out of gambling-induced slavery is to gamble even more in a dice game called chinchirorin, he throws caution – and presumably his senses – to the fickle winds of luck! As well as giving him plenty of reasons to weep, this takes him up against formidable foes like his supervisor, Ohtsuki, whose dirty delight is to ruin the workers psychologically as well as financially. As the saying goes, in a bet there's a fool and a thief, and Kaiji can only hope he will not end up the former.""",Mature Themes,"Gambling Apocalypse Kaiji, Tobaku Hakairoku Kaiji, Tobaku Datenroku Kaiji, Gambling Apocalypse Kaiji: Kazuya Arc, Tobaku Datenroku Kaiji: One Poker-hen, Mr. Tonegawa: Middle Management Blues, 1-nichi Gaishutsuroku Hanchou, Tobaku Datenroku Kaiji: 24-oku Dasshutsu Hen","Kaiji - Ultimate Survivor, Mr. Tonegawa: Middle Management Blues","Kaiji Ito : Masato Hagiwara, Kotaro Sakazaki : Issei Futamata, Narrator : Fumihiko Tachiki, Ohtsuki : Choo, Seiya Ichijou : Daisuke Namikawa, Yuuji Endou : Naoya Uchida, Hiromitsu Ishida : Kohsuke Toriumi, Isawa : Youichi Nishijima, Nobuyuki Fukumoto
Original Creator, Yuuzou Satou
Director, Hideki Taniuchi
Music","Nobuyuki Fukumoto : Original Creator, Yuuzou Satou : Director, Hideki Taniuchi : Music"
Touhou Gensou Mangekyou: The Memories of Phantasm,,OVA  ,16.0,,,"Fantasy, Japanese Mythology, Magic, Based on a Doujinshi, Based on a Video Game",4.08,2011.0,,"'Marisa, an ordinary magician, suspects a youkai is behind the winterly weather in the middle of spring. She goes off to investigate and soon arrives in the netherworld, facing the youkai behind the strange incident. Will her friend, the shrine maiden Reimu, arrive in time to save the day or will all be lost?'",,"Touhou Sangetsusei: Eastern and Little Nature Deity, Touhou Sangetsusei: Strange and Bright Nature Deity, Touhou Gumonshiki: Memorizable Gensokyo, Touhou Bougetsushou: Silent Sinner in Blue, Touhou Bougetsushou: Tsuki no Inaba to Chijou no Inaba, Touhou Bougetsushou: Cage in Lunatic Runagate (Light Novel), Touhou Sangetsusei: Oriental Sacred Place, Touhou Ibara Kasen: Wild and Horned Hermit., Touhou Sangetsusei: Visionary Fairies in Shrine.","Touhou Niji Sousaku Doujin Anime: Musou Kakyou, Anime Tenchou x Touhou Project, Touhou Niji Sousaku Doujin Anime: Musou Kakyou Special, Hifuu Katsudou Kiroku: The Sealed Esoteric History","Marisa Kirisame, Reimu Hakurei, Alice Margatroid, Aya Shameimaru, Cirno, Daiyousei, Flandre Scarlet, Kaguya Horaisan, Zun
Original Creator",Zun : Original Creator
Bunny Drop Specials, Usagi Drop Specials,DVD S,,Production I.G,,"Josei, Slice of Life, Childcare, Christmas, Single Parent, Based on a Manga",4.08,2011.0,2012.0,"'Rin and Daikichi continue their happy life together. The pair colors on fallen autumn leaves while learning about flounder, starfish, and other sea critters. Later, Daikichi does his best to make Christmas as wonderful as possible for Rin. For this new family, every season is full of happy memories.'",,Bunny Drop,Bunny Drop,"Daikichi Kawachi : Hiroshi Tsuchida, Rin Kaga : Ayu Matsuura, Kouki Nitani : Noa Sakai, Kouki'S Mother : Sayaka Oohara, Haruko Maeda : Kana Ueda, Reina Maeda, Yumi Unita
Original Creator",Yumi Unita : Original Creator
From Up on Poppy Hill, Kokuriko-Zaka Kara,Movie,,Studio Ghibli,,"Drama, Romance, Shoujo, Slice of Life, Coming of Age, Historical, School Life, Based on a Manga",4.08,2011.0,,"'Yokohama, 1963. Japan is picking itself up from the devastation of World War II and preparing to host the Olympics. The mood is one of both optimism and conflict as the young generation struggles to throw off the shackles of a troubled past. Against this backdrop of hope and change, a friendship begins to blossom between high school students Umi \xa0and Shun – but a buried secret from their past emerges to cast a shadow on the future and pull them apart.'",,From Up on Poppy Hill,,"Shun Kazama : Junichi Okada, Umi Matsuzaki : Masami Nagasawa, Shirou Mizunuma : Shunsuke Kazama, Sora Matsuzaki :  Haruka Shiraishi, Akio Kazama : Nao Omori, Clubhouse Head : Ron Howard, Fish Seller : Jake Steinfeld, Front Desk Assistant, Tetsurou Sayama
Original Creator, Goro Miyazaki
Director, Satoshi Takebe
Music, Katsuya Kondou
Character Design, Toshio Suzuki
Producer, Hayao Miyazaki
Screenplay","Tetsurou Sayama : Original Creator, Goro Miyazaki : Director, Satoshi Takebe : Music, Katsuya Kondou : Character Design, Toshio Suzuki : Producer, Hayao Miyazaki : Screenplay"
Broken Blade Movie 5: The Gap Between Life & Death, Break Blade Movie 5: Shisen no Hate,Movie,,Production I.G,,"Action, Fantasy, Mecha, Magic, Military, War, Violence",4.07,2011.0,,"'Girghe is questioned by Narvi over his surprise attack against Borcuse forces and is put under house arrest. Meanwhile, the forces of Athens regroup for another stand.'",Violence,Broken Blade,"Broken Blade Movie 1: The Time of Awakening, Broken Blade Movie 2: The Path of Separation, Broken Blade Picture Drama, Broken Blade Movie 3: Scars from an Assassin's Blade, Broken Blade Movie 4: The Land of Calamity, Broken Blade Movie 6: Fortress of Lamentation","Rygart Arrow : Souichirou Hoshi, General Baldr : Masashi Sugawara, General Borcuse : Kazuya Nakai, Girghe Baldr : Kohsuke Toriumi, Narvi Stryze : Marina Inoue, Bardess : Kazuyoshi Hayashi, Captain Konoe Sakura : Nanaho Katsuragi, Cleo Sabrafu : Kana Hanazawa, Yunosuke Yoshinaga
Original Creator, Tetsurou Amino
Director, Nobuyoshi Habara
Director, Yoshihisa Hirano
Music, Takushige Norita
Character Design, Masumi Itou
Song Arrangement","Yunosuke Yoshinaga : Original Creator, Tetsurou Amino : Director, Nobuyoshi Habara : Director, Yoshihisa Hirano : Music, Takushige Norita : Character Design, Masumi Itou : Song Arrangement"
Saint Seiya: The Lost Canvas - Meiou Shinwa 2nd Chapter, Saint Seiya: The Lost Canvas - Meiou Shinwa 2,OVA  ,13.0,TMS Entertainment,,"Action, Fantasy, Sci Fi, Shounen, 18th Century, Europe, Gods, Greek Mythology, Hand to Hand Combat, Historical, Non-Human Protagonists, Power Suits, Superpowers, Based on a Manga, Violence",4.07,2011.0,,"'The ""Holy War,"" a battle fought between the Goddess Athena and the Underworld King Hades, has been taking place since the age of legends. This story takes place in the 18th century - far before the era of ""Saint Seiya."" It is a new story involving the Pegasus Saints, the Underworld King Hades, and the Goddess Athena! When Hades finishes his giant painting that covers the sky, ""The Lost Canvas,"" it is said that all lives on Earth will be lost. Tenma, who became a Pegasus Saint, wishes to stop his best friend Alone, who was chosen to become a vessel for Hades. Look out for him as he heads for Hades\' castle!'",Violence,"Knights of the Zodiac, Saint Seiya: Episode G, Saint Seiya: The Lost Canvas, Saint Seiya: Next Dimension, Saint Seiya: The Lost Canvas - Meiou Shinwa Gaiden, Saint Seiya: Saintia Shou, Saint Seiya: Origin","Saint Seiya: Knights of the Zodiac, Saint Seiya Movie 4: Warriors of the Final Holy Battle, Saint Seiya: The Hades Chapter - Sanctuary, Saint Seiya Movie 5: The Heaven Chapter - Overture, Saint Seiya: The Hades Chapter - Inferno, Saint Seiya: The Hades Chapter - Elysion, Saint Seiya: The Lost Canvas - Meiou Shinwa, Saint Seiya Omega","Pegasus Tenma : Tetsuya Kakihara, Sasha : Aya Hirano, Unicorn Yato : Atsushi Abe, Yuzuriha : Sanae Kobayashi, Alone : Hiro Shimono, Aries Shion : Shinichirou Miki, Cancer Manigoldo : Akeno Watanabe, Capricorn El Cid : Kazuya Nakai, Masami Kurumada
Original Creator, Osamu Nabeshima
Director, Kaoru Wada
Music, Yuuko Iwasa
Character Design, Yousuke Tsuruki
Producer, Yukiyo Komito
Chief Animation Director","Masami Kurumada : Original Creator, Osamu Nabeshima : Director, Kaoru Wada : Music, Yuuko Iwasa : Character Design, Yousuke Tsuruki : Producer, Yukiyo Komito : Chief Animation Director"
Blue Exorcist, Ao no Exorcist,TV   ,25.0,A-1 Pictures,Spring,"Action, Fantasy, Shounen, Contemporary Fantasy, Demons, Exorcists, Monster School, School Life, Siblings, Supernatural, Urban Fantasy, Based on a Manga",4.06,2011.0,,"""Rin Okumura is a seemingly ordinary boy living at the Southern Cross Boys' Monastery. One day, however, Rin encounters a boy who has been possessed by a demon. Amidst the struggle, he not only awakens latent powers sealed within him, but also learns that he is the son of Satan! No longer able to stay under the protection of the church and with his very existence straddling the line between human and demon, Rin decides to fight against his parentage and joins the True Cross Order as an exorcist. Now, the teen must attend the True Cross Academy and begin special exorcist training alongside his new comrades all while keeping his identity a secret; but can the son of Satan really become a true exorcist?""",,"Time Killers: Kazue Kato Short Story Collection, Blue Exorcist, Blue Exorcist (Light Novel), Salaryman Futsumashi Okumura Yukio no Aishuu","Blue Exorcist Specials, Blue Exorcist: Kuro's Trip Away From Home, Blue Exorcist Movie Special, Blue Exorcist Movie, Blue Exorcist: Kyoto Saga, Blue Exorcist OVA","Rin Okumura : Akeno Watanabe, Yukio Okumura : Ayumi Fujimura, Izumo Kamiki : Eri Kitamura, Konekomaru Miwa : Yuuki Kaji, Kuro : Ayahi Takagaki, Mephisto Pheles : Hiroshi Kamiya, Renzou Shima : Kouji Yusa, Ryuji Suguro : Reiko Takagi, Kazue Katou
Original Creator, Tensai Okamura
Director, Hiroyuki Sawano
Music, Keigo Sasaki
Character Design, Hiroo Maruyama
Producer, Kozue Kaneniwa
Producer, Makoto Furukawa
Producer, Takamitsu Inoue
Producer","Kazue Katou : Original Creator, Tensai Okamura : Director, Hiroyuki Sawano : Music, Keigo Sasaki : Character Design, Hiroo Maruyama : Producer, Kozue Kaneniwa : Producer, Makoto Furukawa : Producer, Takamitsu Inoue : Producer"
Saiyuki Gaiden,,OVA  ,3.0,Anpro,,"Action, Fantasy, Journey to the West, Based on a Manga",4.05,2011.0,2012.0,"""In their former lives, Genjyo and his crew were gods; but they didn't act divine. When Goku flies into a murderous rage after seeing his best friend die, Heaven's had enough and wants him dead! But Konzen Douji, Field Marshal Tenpou and General Kenren are willing to do anything to protect Goku, even if it means turning all of Heaven against them. Will the three of them be enough to break through the Heavenly Western Army and escape to the Lower World?""",,"Saiyuki, Saiyuki Gaiden, Saiyuki Reload, Saiyuki Reload Blast, Saiyuki Ibun, Saiyuki Anthology","Saiyuki OVA, Saiyuki, Saiyuki Requiem, Saiyuki Interactive, Saiyuki Reload: Urasai, Saiyuki Reload, Saiyuki Reload Gunlock, Saiyuki Reload: Burial, Saiyuki Gaiden: Tokubetsu-hen - Kouga no Shou, Saiyuki Reload Blast, Saiyuki Reload: Zeroin","Goku Son, Kenren Taishou, Konzen Douji, Tenpou Gensui, Goujun, Kanzeon Bosatsu, Nataku Taishi",
Working'!!, Wagnaria!! 2,TV   ,13.0,A-1 Pictures,Fall ,"Comedy, Romance, Seinen, Slice of Life, Androphobia, Coworkers, Restaurants, Work Life, Based on a 4-Koma Manga, Based on a Manga",4.04,2011.0,,"'Life at Wagnaria continues as it ever has, with its oddball staff causing more mayhem than ever. While Poplar continues to be plagued by her height complex, Satou takes every opportunity to tease and trick the gullible young waitress. And with Inami continuing to run for cover whenever men frequent the restaurant, Kyouku munching her way through parfaits all day long, and Yamada’s clumsiness massacring the crockery, it’s a miracle that the customers are served at all…'",,"Working!! Neko-gumi, Working!!, Working!! - Re:Order","Working!!, Working'!! Announcement Specials, Working!!! Lord of the Takanashi, Working!!!, www.Working!!","Aoi Yamada : Ryou Hirohashi, Hiroomi Souma : Hiroshi Kamiya, Jun Satou : Daisuke Ono, Mahiru Inami : Saki Fujita, Poplar Taneshima : Kana Asumi, Souta Takanashi : Jun Fukuyama, Yachiyo Todoroki : Eri Kitamura, Kirio Yamada : Satoshi Hino, Karino Takatsu
Original Creator, Atsushi Ootsuki
Director, Shingo Adachi
Character Design, Shunsuke Saitou
Producer, Yasuomi Umetsu
Key Animator, Yuuta Yamazaki
Key Animator","Karino Takatsu : Original Creator, Atsushi Ootsuki : Director, Shingo Adachi : Character Design, Shunsuke Saitou : Producer, Yasuomi Umetsu : Key Animator, Yuuta Yamazaki : Key Animator"
Broken Blade Movie 6: Fortress of Lamentation, Break Blade Movie 6: Doukoku no Toride,Movie,,Production I.G,,"Action, Fantasy, Mecha, Magic, Military, War, Violence",4.03,2011.0,,"'Borcuse decides to invade Binoten with his current forces without waiting for the rest of the Invasion force. Meanwhile, Narvi, Nile and Loggin manage to survive.'",Violence,Broken Blade,"Broken Blade Movie 1: The Time of Awakening, Broken Blade Movie 2: The Path of Separation, Broken Blade Picture Drama, Broken Blade Movie 3: Scars from an Assassin's Blade, Broken Blade Movie 4: The Land of Calamity, Broken Blade Movie 5: The Gap Between Life & Death","Rygart Arrow : Souichirou Hoshi, Bardess : Kazuyoshi Hayashi, Captain Konoe Sakura : Nanaho Katsuragi, Cleo Sabrafu : Kana Hanazawa, General Baldr : Masashi Sugawara, General Borcuse : Kazuya Nakai, Hodr : Yuuichi Nakamura, Io : Takuma Terashima, Yunosuke Yoshinaga
Original Creator, Tetsurou Amino
Director, Nobuyoshi Habara
Director, Yoshihisa Hirano
Music, Takushige Norita
Character Design, Masumi Itou
Song Arrangement","Yunosuke Yoshinaga : Original Creator, Tetsurou Amino : Director, Nobuyoshi Habara : Director, Yoshihisa Hirano : Music, Takushige Norita : Character Design, Masumi Itou : Song Arrangement"
Baka and Test - Summon the Beasts 2, Baka to Test to Shoukanjuu Ni!,TV   ,13.0,SILVER LINK.,Summer,"Comedy, Chibi, Magic, Magic School, School Life, Based on a Light Novel",4.01,2011.0,,"'It’s summer time, and even when they’re not at school, the students of Class 2-F are as idiotic as ever. With Akihisa and Yuji attempting to pick up girls at the beach and a simple trip to the festival turning into a cross-dressing beauty pageant, the holidays are proving to be just as stressful for the boys. But even back at school, life doesn\'t settle down. With Hideyoshi and his sister swapping places for the day, games of ""strip doubt"" after class, and academic training camps, it seems this semester will be just as hectic as the last.'",,"Baka and Test: Summon the Beasts (Light Novel), Baka to Test to Shoukanjuu‎ Dya, Baka and Test: Summon the Beasts","Baka and Test - Summon the Beasts Christmas Special, Baka and Test - Summon the Beasts, Baka and Test - Summon the Beasts Specials, Baka to Test to Shoukanjuu: Spinout! Sore ga Bokura no Nichijou, Baka and Test - Summon the Beasts OVA, Baka and Test - Summon the Beasts OVA PV, Baka and Test - Summon the Beasts 2: Magical Hideyoshi Hideyoshi","Akihisa Yoshii : Hiro Shimono, Hideyoshi Kinoshita : Emiri Katou, Kouta Tsuchiya : Kouki Miyata, Minami Shimada : Kaori Mizuhashi, Mizuki Himeji : Hitomi Harada, Yuji Sakamoto : Tatsuhisa Suzuki, Aiko Kudo : Yoshino Nanjou, Miharu Shimizu : Ayana Taketatsu, Shin Oonuma
Director & Ed Director & Episode Director & Op Director & Screenplay & Storyboard, Akito Matsuda
Music, Miwa Ooshima
Character Design, Takashi Tachizaki
Producer, Yousuke Wada
Producer, Tatsuhiro Nitta
Producer, Yoshiyuki Itou
Producer, Shinichi Watanabe
Episode Director & Storyboard","Shin Oonuma : Director & Ed Director & Episode Director & Op Director & Screenplay & Storyboard, Akito Matsuda : Music, Miwa Ooshima : Character Design, Takashi Tachizaki : Producer, Yousuke Wada : Producer, Tatsuhiro Nitta : Producer, Yoshiyuki Itou : Producer, Shinichi Watanabe : Episode Director & Storyboard"
K-On!!: Plan!, K-On!!: Keikaku!,DVD S,,Kyoto Animation,,"Comedy, Seinen, Slice of Life, Based on a 4-Koma Manga, Based on a Manga",4.0,2011.0,,"'When Mugi gives the girls some souvenirs from one of her trips abroad, the members of the Light Music Club decide that what they all need is their own trip overseas. Having just returned from the summer festival and with college entrance exams looming, the gang decides that the best thing to do is to wait and have their trip after graduation as a special retreat for the whole club. With the prospect of something to look forward to, Yui, Mio and the others all begin excitedly planning their vacation, but first they need to sort out their passports and decide on somewhere to go.'",,"K-On!, K-On! Anthology Comic, K-On! College, K-On! High School, K-On! Shuffle","K-On!, K-On! Ura-On!, K-On! Live House!, K-On!!, K-On!! Ura-On!!, K-On! Movie","Azusa Nakano : Ayana Taketatsu, Mio Akiyama : Youko Hikasa, Ritsu Tainaka : Satomi Satou, Tsumugi Kotobuki : Minako Kotobuki, Yui Hirasawa : Aki Toyosaki, Nodoka Manabe : Chika Fujitou, Sawako Yamanaka : Asami Sanada, Ui Hirasawa : Madoka Yonezawa, Kakifly
Original Creator, Hajime Hyakkoku
Music, Yukiko Horiguchi
Character Design","Kakifly : Original Creator, Hajime Hyakkoku : Music, Yukiko Horiguchi : Character Design"
The Tibetan Dog, Tibet Inu Monogatari,Movie,,MADHOUSE,,"Drama, Countryside, Dogs, Family Friendly, Pets, Original Work",4.0,2011.0,,"""After the death of his mother, ten-year-old Tianjin moves from the city of Xi'an to rural Tibet to live with his estranged father, LaGeBa. But becoming accustomed to the strange customs, relentless wilderness, and bullying neighbors of his new home on the steppe proves more difficult than expected. Worse yet, the boy's father is absolutely devoted to his job as a doctor, and hardly pays any attention to his struggling son, instead demanding that he spend his days herding the family's flock of sheep. One day, while being ignored as usual by the sheep he's attempting to herd, Tianjin is attacked by an enormous bear, which is chased off in the nick of time by a mysterious golden dog. Though cautious by nature, the Tibetan Mastiff warms to the lonely boy, and the two develop an intense friendship.""",,,,"Doogee Yongzhi, Tianjin : Tatsuomi Hamada, Amala : Hiroshi Iwasaki, Jialuo : Norio Wakamoto, Lageba : Kakei Toshio, Meiduolamu : Kaori Yamagata, Nari, Nuopu : Houko Kuwashima, Masayuki Kojima
Director, Shuusei Murai
Music, Shigeru Fujita
Character Design","Masayuki Kojima : Director, Shuusei Murai : Music, Shigeru Fujita : Character Design"
Hanasaku Iroha,,TV   ,26.0,P.A. WORKS,Spring,"Drama, Romance, Slice of Life, Coming of Age, Countryside, Coworkers, Hotels and Inns, Lifestyle Change, Work Life, Original Work, Mature Themes,, Physical Abuse,, Domestic Abuse",,2011.0,,"'Ohana Matsumae is a sixteen-year-old girl with no purpose or direction in life. One day, however, she gets the chance to reinvent herself when her mother and her boyfriend do a moonlight flit to escape his debts. Left alone, Ohana goes to live with her estranged grandmother, but when she arrives she finds herself forced to work at the family’s hot spring resort, the Kissuiso Inn. With her grandmother considering her nothing more than an employee and a roommate who hates her, Ohana’s happy dream of a new life soon turns into a nightmare. Now the wide-eyed girl must learn the value of hard work as she attempts to make friends and familiarise herself with life at the resort.'","Mature Themes,, Physical Abuse,, Domestic Abuse","Hanasaku Iroha, Hanasaku Iroha: Green Girls Graffiti","Hanasaku Iroha: Home Sweet Home, Utopia","Minko Tsurugi : Chiaki Omigawa, Nako Oshimizu : Aki Toyosaki, Ohana Matsumae : Kanae Itou, Denroku Tasukawa : Choo, Enishi Shijima : Youko Hikasa, Koichi Tanemura : Yuuki Kaji, Renji Togashi : Tarou Yamaguchi, Satsuki Matsumae : Takako Honda, Masahiro Andou
Director, Shirou Hamaguchi
Music, Kanami Sekiguchi
Character Design, Kei Fukura
Producer, Hiroshi Kawamura
Producer, Yousuke Wada
Producer, Shigeru Saitou
Producer, Tsuyoshi Oda
Producer","Masahiro Andou : Director, Shirou Hamaguchi : Music, Kanami Sekiguchi : Character Design, Kei Fukura : Producer, Hiroshi Kawamura : Producer, Yousuke Wada : Producer, Shigeru Saitou : Producer, Tsuyoshi Oda : Producer"
Seitokai Yakuindomo OVA,,OVA  ,8.0,GoHands,,"Comedy, Shounen, Crude, Newly Co-ed School, Parody, School Life, Student Council, Based on a 4-Koma Manga, Based on a Manga, Sexual Content",3.99,2011.0,2013.0,"""It is the start of Takatoshi Tsuda's second year as the put-upon vice president of the student council and his sister Kotomi is entering school as a first year. New friends and double entendres are made.""",Sexual Content,Seitokai Yakuindomo,"Seitokai Yakuindomo, Seitokai Yakuindomo*, Seitokai Yakuindomo* OVA, Seitokai Yakuindomo Movie, Seitokai Yakuindomo Movie 2","Aria Shichijou : Satomi Satou, Shino Amakusa : Youko Hikasa, Suzu Hagimura : Sayuri Yahagi, Takatoshi Tsuda : Shintarou Asanuma, Kotomi Tsuda : Asami Shimoda, Nene Todoroki : Hekiru Shiina, Ranko Hata : Satomi Arai, Boa : Minoru Shiraishi, Tozen Ujiie
Original Creator, Hiromitsu Kanazawa
Director, Yuuya Mori
Music, Makoto Furuta
Character Design, Shingo Suzuki
Key Animator","Tozen Ujiie : Original Creator, Hiromitsu Kanazawa : Director, Yuuya Mori : Music, Makoto Furuta : Character Design, Shingo Suzuki : Key Animator"
Luo Xiaohei Zhan Ji, The Legend of Luo Xiaohei,Web  ,28.0,,,"Comedy, Fantasy, Cats, Chinese Animation, Short Episodes, Based on a Manga, Flash Animation",3.98,2011.0,2019.0,"'A cat spirit, while stealing the framed Heavenly Bright Pearl, was injured heavily by Diting and turned back into a cat. While wandering the streets, he was adopted by Luo Xiaobai, and became Luo Xiaohei. Their story begins now.'",,Luo Xiaohei Zhan Ji,"Luo Xiaohei Zhan Ji: Fan Wai, The Legend of Hei, Luo Xiaohei Zhan Ji: Zhongsheng Zhi Men","Diting, Lao Jun, Luo Xiaobai, Shanxin, Xiaohei Luo, Xuanli",
Beelzebub,,TV   ,60.0,St. Signpost,Winter,"Action, Comedy, Shounen, Childcare, Delinquents, Demons, Master-Servant Relationship, Overpowered Main Characters, Single Parent, Superpowers, Based on a Manga",3.98,2011.0,2012.0,"""Ishiyama High is home to a whole host of delinquents, including Oga, a legendary badass who's downright devilish. One day Oga finds a man floating down a river, after which the man splits open to reveal a baby inside – but it’s no ordinary baby! The cute tot is actually Beelzebub, the future king of the demons! And as Oga is as mean as they come, Beelzebub latches on to its newfound 'father', much to the other demons' dismay. Now, in addition to battling rival gangs and becoming the strongest delinquent around, Oga must buy diapers, comfort and carry around an annoying baby who's more of a devil than he is!""",,"Beelzebub, Dai Tanpen Beelzebub (Light Novel), Beelzebub Bangai-hen, Minna no Kochikame x Beelzebub","Beelzebub Jump Super Anime Tour Special, Beelzebub Specials","Aoi Kunieda : Aki Toyosaki, Beelzebub : Miyuki Sawashiro, Hildagarde : Shizuka Itou, Takayuki Furuichi : Takahiro Mizushima, Tatsumi Oga : Katsuyuki Konishi, Bathym De Alaindelon : Wataru Takagi, Chiaki Tanimura : Aoi Yuuki, Hajime Kanzaki : Tomokazu Sugita, Ryuuhei Tamura
Original Creator, Yoshihiro Takamoto
Director, Yasuharu Takanashi
Music, Kenji Fujisawa
Music, Tsuyoshi Yoshioka
Character Design, Kouji Nagai
Producer, Makoto Furukawa
Producer, Yasuomi Umetsu
Animation Director & Ed Director & Key Animator & Storyboard","Ryuuhei Tamura : Original Creator, Yoshihiro Takamoto : Director, Yasuharu Takanashi : Music, Kenji Fujisawa : Music, Tsuyoshi Yoshioka : Character Design, Kouji Nagai : Producer, Makoto Furukawa : Producer, Yasuomi Umetsu : Animation Director & Ed Director & Key Animator & Storyboard"
Future Diary, Mirai Nikki,TV   ,26.0,asread,Fall ,"Action, Shounen, Battle Royale, High Stakes Games, Obsessive Love, Play or Die, Possessive Lovers, Psychological, PVP, Stalkers, Supernatural, Based on a Manga, Explicit Violence,, Mature Themes,, Nudity,, Sexual Abuse,, Sexual Content,, Domestic Abuse",3.97,2011.0,2012.0,"""Yuki is\xa0a disaffected middle school boy who has no dreams or goals in life; in fact, the only thing he\xa0has is his diary. Writing down everything he observes and documenting every thought, the young boy uses it as an outlet for his imagination. One morning, however,\xa0Yuki wakes up to find his cell phone filled with diary entries for the next ninety days. Thinking nothing of it, he continues his morning until he begins to realize that everything on his phone is rapidly coming to pass, and it isn't just mere coincidence. Now, Yuki suddenly finds himself thrust into a survival game against other future diary owners to become the new Lord of Time.""","Explicit Violence,, Mature Themes,, Nudity,, Sexual Abuse,, Sexual Content,, Domestic Abuse","Future Diary, Future Diary: Mosaic, Future Diary: Paradox, Future Diary: Mosaic Keshi, Future Diary (Light Novel), Future Diary: Redial","Future Diary OVA, Future Diary: Ura Mirai Nikki, Future Diary: Redial","Yukiteru Amano : Misuzu Togashi, Yuno Gasai : Tomosa Murata, Ai Mikami : Natsuko Kuwatani, Aru Akise : Akira Ishida, Deus Ex Machina : Norio Wakamoto, Hinata Hino : Yuki Matsuoka, John Balks : Takaya Hashi, Kamado Ueshita : Hiromi Konno, Sakae Esuno
Original Creator, Naoto Hosoda
Director, Tatsuya Katou
Music, Hidetsugu Hirayama
Character Design, Yuuji Yanase
Episode Director & Storyboard, Mitsuhiro Yoneda
Episode Director & Storyboard, Kinji Yoshimoto
Storyboard","Sakae Esuno : Original Creator, Naoto Hosoda : Director, Tatsuya Katou : Music, Hidetsugu Hirayama : Character Design, Yuuji Yanase : Episode Director & Storyboard, Mitsuhiro Yoneda : Episode Director & Storyboard, Kinji Yoshimoto : Storyboard"
Hakuouki: A Memory of Snow Flowers, Hakuouki: Sekka-roku,OVA  ,6.0,Studio DEEN,,"Action, Feudal Japan, Historical, Samurai, Based on an Otome Game, Based on a Visual Novel",3.97,2011.0,2012.0,"""Taking place between episodes 8 and 9 of the first season of Hakuoki, Chizuru goes on an undercover mission in Shimabara for the Shinsegumi. Dressing as a geisha, each episode tells the story of the undercover mission through the point of view of each captain. But it isn't just the rival clans the Shinsengumi need to worry about. It's the demons that keep popping up with the intent to kill anyone in their path that makes this Hakuoki installment worth watching!""",,"Hakuouki Junrenka, Hakuouki, Hakuouki (Naki HIRAKU)","Hakuouki: Demon of the Fleeting Blossom, Hakuouki: Record of the Jade Blood Episode 0, Hakuouki: Record of the Jade Blood, Hakuouki: Demon of the Fleeting Blossom OVA, Hakuouki: Dawn of the Shinsengumi, Hakuouki: Dawn of the Shinsengumi Tokuten Disc, Hakuouki Movie 1: Wild Dance of Kyoto, Hakuouki Movie 2: Warrior Spirit of the Blue Sky, Hakuouki: Otogisoushi","Chizuru Yukimura : Houko Kuwashima, Hajime Saitou : Kohsuke Toriumi, Heisuke Toudou : Hiroyuki Yoshino, Sanosuke Harada : Kouji Yusa, Souji Okita : Showtaro Morikubo, Toshizou Hijikata : Shinichirou Miki, Chikage Kazama : Kenjirou Tsuda, Shinpachi Nagakura : Tomohiro Tsuboi, Osamu Yamasaki
Director, Kow Otani
Music, Atsuko Nakajima
Character Design, Yoshikazu Iwanami
Sound Director, Mitsutoshi Ogura
Producer, Asuka Yamazaki
Producer, Kazuhiko Hasegawa
Producer","Osamu Yamasaki : Director, Kow Otani : Music, Atsuko Nakajima : Character Design, Yoshikazu Iwanami : Sound Director, Mitsutoshi Ogura : Producer, Asuka Yamazaki : Producer, Kazuhiko Hasegawa : Producer"
Macross Frontier Movie 2: Sayonara no Tsubasa, Macross Frontier Movie 2: The Wings of Goodbye,Movie,,SATELIGHT,,"Action, Drama, Mecha, Romance, Sci Fi, Idols, Love Triangle, Music, Real Robot, Transforming Mecha",3.96,2011.0,,"""Ranka's star career flourishes while Sheryl's health rapidly deteriorates after collapsing during a live performance. At the same time, separate factions are maneuvering behind the scenes seeking to control the Vajra horde by utilizing the singing abilities of the two songstresses. As the entire Macross Frontier fleet begins to wage the final war on the Vajra, Alto finally makes a choice between Ranka and Sheryl.""",,"Super Dimensional Fortress Macross II, Macross Frontier: Hold Me Tight to the End of the Galaxy, Super Dimensional Fortress Macross the First","Macross Frontier, Macross Frontier Movie 1: Itsuwari no Utahime, Macross Frontier: Sayonara no Tsubasa - the end of triangle","Alto Saotome : Yuuichi Nakamura, Ranka Lee : Megumi Nakajima, Sheryl Nome : Aya Endou, Bobby Margot : Kenta Miyake, Brera Sterne : Souichirou Hoshi, Grace O'Connor : Kikuko Inoue, Jeffrey Wilder : Tooru Ookawa, Klan Klang : Megumi Toyoguchi, Shouji Kawamori
Director & Mechanical Design & Original Creator & Screenplay & Storyboard, Studio Nue
Original Creator, Youko Kanno
Music, Risa Ebata
Character Design, Yuuichi Takahashi
Character Design, Hisanori Kunisaki
Producer, Toshiharu Murata
Chief Animation Director, Masaki Hinata
Key Animator","Shouji Kawamori : Director & Mechanical Design & Original Creator & Screenplay & Storyboard, Studio Nue : Original Creator, Youko Kanno : Music, Risa Ebata : Character Design, Yuuichi Takahashi : Character Design, Hisanori Kunisaki : Producer, Toshiharu Murata : Chief Animation Director, Masaki Hinata : Key Animator"
Sket Dance,,TV   ,77.0,Tatsunoko Production,Spring,"Comedy, Shounen, Slice of Life, Breaking the Fourth Wall, Episodic, Gag, School Club, School Life, Based on a Manga",3.96,2011.0,2012.0,"'At the Kaimei Academy three classmates, “Bossun” Yusuke, “Onihime” Himeko and “Switch” Kazuyoshi have established their own club: the Academy Activity Support Club. Known as Sket-Dan for short, the trio accept any odd jobs that come their way in the name of maintaining a peaceful life for the students of the academy. Whether identifying a graffiti artist, fixing the school gym shed or helping a new student fend off his childhood bullies, no task is too big and no job too small for the Sket-Dan.'",,"Sket Dance (Pilot), Sket Dance","Sket Dance: Demystifying Special, SKET Dance: SD Character Flash Anime, Sket Dance OVA","Hime Onizuka : Ryouko Shiraishi, Kazuyoshi Usui : Tomokazu Sugita, Yusuke Fujisaki : Hiroyuki Yoshino, Akane Fujisaki : Akeno Watanabe, Ayumi Kuramoto : Mai Aizawa, Chiaki Takahashi : Satomi Satou, Enigman : Satoshi Hino, Hani Usami : Yuka Iguchi, Kenta Shinohara
Original Creator, Keiichirou Kawaguchi
Director, Shuhei Naruse
Music, Manabu Nakatake
Character Design, Makoto Hijikata
Producer, Ken Yoda
Producer, Yousuke Imai
Producer, Shinichi Watanabe
Episode Director & Storyboard","Kenta Shinohara : Original Creator, Keiichirou Kawaguchi : Director, Shuhei Naruse : Music, Manabu Nakatake : Character Design, Makoto Hijikata : Producer, Ken Yoda : Producer, Yousuke Imai : Producer, Shinichi Watanabe : Episode Director & Storyboard"
Tiger & Bunny,,TV   ,25.0,Sunrise,Spring,"Action, Comedy, Sci Fi, Death of a Loved One, Superheroes, Superpowers, Original Work, Mature Themes,, Physical Abuse,, Domestic Abuse",3.96,2011.0,,"""In Sternbuild City, corporate logos not only cover billboards, but also the costumes of the super-powered heroes that act as its protectors. Veteran and newcomer warriors of justice alike compete in a reality TV show that offers points for apprehending criminals while giving champions' sponsors a chance to promote their brand. When the low-ranking Wild Tiger loses his backing after a string of outrageous, botched rescues, he finds himself paired with an up-and-coming spotlight-seeker called Barnaby. But with their wildly different personalities, will the pair be able to save their beloved Sternbuild City and win the game show, or will their constant tension be the undoing of the world's first hero team?""","Mature Themes,, Physical Abuse,, Domestic Abuse","Tiger & Bunny, Tiger & Bunny Comic Anthology, Tiger & Bunny - The Comic, Tiger & Bunny (Mizuki SAKAKIBARA), Tiger & Bunny: The Beginning","Tiger & Bunny the Movie: The Beginning, Tiger & Bunny Recaps, Tiger & Bunny The Movie: The Rising, Tiger & Bunny: Too many cooks spoil the broth., Tiger & Bunny 2","Barnaby Brooks Jr. : Masakazu Morita, Kotetsu T. Kaburagi : Hiroaki Hirata, Agnes Joubert : Yuko Kaida, Albert Maverick : Nobuaki Fukuda, Alexander Lloyds : Wataru Yokojima, Blue Rose : Minako Kotobuki, Doc Saito : Hiroshi Iwasaki, Dragon Kid : Mariya Ise, Kunihiro Mori
Chief Director, Keiichi Satou
Director, Masafumi Nishida
Screenplay & Series Composition, Yoshihiro Ike
Music, Kenji Hayama
Character Design, Masaki Yamada
Character Design, Eriko Kimura
Sound Director, Hiroo Maruyama
Producer","Kunihiro Mori : Chief Director, Keiichi Satou : Director, Masafumi Nishida : Screenplay & Series Composition, Yoshihiro Ike : Music, Kenji Hayama : Character Design, Masaki Yamada : Character Design, Eriko Kimura : Sound Director, Hiroo Maruyama : Producer"
Shiki Specials,,DVD S,,Daume,,"Horror, Countryside, Psychological, Supernatural, Vampires, Based on a Light Novel, Explicit Violence",3.95,2011.0,,"'The hunt for the Shiki is in full swing, and with dawn approaching, the undead are desperately searching for somewhere to hide during the daylight hours. One group has ventured into the unused irrigation pipes at the edge of the village, but as they sleep their whereabouts are discovered. Then, as everyone continues to patrol the streets, Motoko Maeda suffers the consequences of her tragic encounters with the Shiki.'",Explicit Violence,"Shiki (Light Novel), Shiki",Shiki,"Hasegawa : Hayato Nakata, Motoko Maeda : Satomi Sakamoto, Nao Yasumori : Miki Itou, Kanami Yano : Tamako Nohama, Tae Yano : Kaoru Katakai, Tamo Sadafumi : Eiji Miyashita, Toshio Ozaki : Tooru Ookawa, Chiyomi Hasegawa : Sanae Kobayashi, Tetsurou Amino
Director, Yasuharu Takanashi
Music, Shinji Ochi
Character Design, Ai Abe
Producer, Takamitsu Inoue
Producer, Noriko Ozaki
Producer, Hideo Isono
Producer","Tetsurou Amino : Director, Yasuharu Takanashi : Music, Shinji Ochi : Character Design, Ai Abe : Producer, Takamitsu Inoue : Producer, Noriko Ozaki : Producer, Hideo Isono : Producer"
Hakuouki: Demon of the Fleeting Blossom OVA, Hakuouki Shinsengumi Kitan OVA,OVA  ,2.0,Studio DEEN,,"Reverse Harem, Parody, School Life, Short Episodes, Based on an Otome Game, Based on a Visual Novel",3.95,2011.0,,'No synopsis yet - check back soon!',,"Hakuouki Junrenka, Hakuouki Shinsengumi Kitan (Light Novel)","Hakuouki: Demon of the Fleeting Blossom, Hakuouki: Record of the Jade Blood Episode 0, Hakuouki: Record of the Jade Blood, Hakuouki: A Memory of Snow Flowers, Hakuouki: Dawn of the Shinsengumi, Hakuouki: Dawn of the Shinsengumi Tokuten Disc, Hakuouki Movie 1: Wild Dance of Kyoto, Hakuouki Movie 2: Warrior Spirit of the Blue Sky, Hakuouki: Otogisoushi","Chizuru Yukimura : Houko Kuwashima, Hajime Saitou : Kohsuke Toriumi, Heisuke Toudou : Hiroyuki Yoshino, Sanosuke Harada : Kouji Yusa, Shinpachi Nagakura : Tomohiro Tsuboi, Souji Okita : Showtaro Morikubo, Toshizou Hijikata : Shinichirou Miki, Chikage Kazama : Kenjirou Tsuda",
Naruto Shippuden Movie 5: Blood Prison,,Movie,,Pierrot,,"Action, Shounen, Island, Ninja, Prison, Based on a Manga",3.94,2011.0,,"'After being falsely accused of attempting to kill the Raikage, Naruto is sent to Blood Prison - an island penitentiary surrounded by deadly whirlpools. Designed for convicted shinobi, the facility is governed by the merciless warden Mui, whose iron rule has left the prisoners with no hope for escape. Binding the chakra of all inmates with the ""Heavenly Prison"" jutsu, he prevents them from using any ninja techniques. Naruto, rendered powerless, must now team up with fellow inmate Ryuuzetsu to unravel the truth behind the crime and try to prove his innocence. Will the young ninja and his ally be able to escape and free the prison from its dark history, or will they succumb to the despair of lifetime imprisonment?'",,"Naruto (Pilot), Naruto, Naruto: Innocent Heart, Demonic Blood (Light Novel), Rock Lee's Springtime of Youth, Naruto Shippuden Movie 5: Blood Prison (Light Novel), Road to Naruto the Movie, Naruto Jinraiden: Okami no Naku Hi (Light Novel), Naruto: Mission - Protect the Waterfall Village! (Light Novel), Naruto: Chibi Sasuke’s Sharingan Legend, Boruto: Road to ""B"", Naruto Secret Chronicles (Light Novel), Naruto: The Seventh Hokage and the Scarlet Spring, Boruto: Naruto the Movie Tokubetsu Bangai-hen - Naruto ga Hokage ni Natta Hi, Boruto: Naruto the Movie (Light Novel), Naruto True Story (Light Novel), Naruto Gaiden: Michita Tsuki ga Terasu Michi, Naruto: Konoha Shinden - Yukemuri Ninpouchou (Light Novel)","Naruto Shippuden, Naruto Shippuden Movie 1, Naruto Shippuden: Konoha Gakuen Picture Drama Special, Naruto Shippuden Movie 2: Bonds, Naruto Shippuden Movie 3: The Will of Fire, Naruto Shippuden Movie 4: The Lost Tower, Naruto Shippuden OVA: Sage Naruto vs Sasuke, Naruto: Honoo no Chuunin Shiken! Naruto vs Konohamaru!!, Naruto Shippuden Movie 6: Road to Ninja, Naruto Shippuden: Sunny Side Battle!, The Last: Naruto the Movie","Mui : Masaki Terasoma, Naruto Uzumaki : Junko Takeuchi, Ryuuzetsu : Mie Sonozaki, Gamabunta : Hiroshi Naka, Killer B : Hisao Egawa, Maroi : Takaya Kamikawa, Muku : Yuuichi Nakamura, A : Hideaki Tezuka, Masashi Kishimoto
Original Creator, Masahiko Murata
Director & Episode Director & Key Animator & Storyboard, Yasuharu Takanashi
Music, -Yaiba-
Music, Tetsuya Nishio
Character Design, Hirofumi Suzuki
Character Design, Kouji Yabuno
Character Design, Hiroyuki Yamashita
Character Design","Masashi Kishimoto : Original Creator, Masahiko Murata : Director & Episode Director & Key Animator & Storyboard, Yasuharu Takanashi : Music, -Yaiba- : Music, Tetsuya Nishio : Character Design, Hirofumi Suzuki : Character Design, Kouji Yabuno : Character Design, Hiroyuki Yamashita : Character Design"
Carnival Phantasm,,OVA  ,12.0,Lerche,,"Comedy, Fantasy, Crossover, Gag, Parody, Based on a Manga",3.93,2011.0,,"'This anime is based on Takenashi Eri’s Take Moon manga and commemorates Type-Moon’s 10th anniversary. Various characters from Type-Moon’s works such as Kara no Kyoukai, Fate/Stay Night, and Tsukihime are featured in this.'",,"Tsukihime, Take Moon, Fate/Stay Night, Melty Blood, Fate/Zero (Light Novel), Fate/Zero, Melty Blood X","Lunar Legend Tsukihime, Fate/stay night, Carnival Phantasm: EX Season, Carnival Phantasm: Illya's Castle, Carnival Phantasm: HibiChika Special, Fate/Grand Carnival","Arcueid Brunestud : Ryouka Yuzuki, Rin Tohsaka : Kana Ueda, Saber : Ayako Kawasumi, Shiki Tohno : Kenji Nojima, Shirou Emiya : Noriaki Sugiyama, Akiha Tohno : Hitomi, Archer : Junichi Suwabe, Ciel : Kumi Sakuma, Seiji Kishi
Director, Yasuharu Takanashi
Music, Kazuaki Morita
Character Design, Tomohito Hirose
Character Design, Yuuji Yanase
Storyboard, Yoshiyuki Sanami
Storyboard, Masayuki Hiraoka
Key Animator, Jou Tanaka
Key Animator","Seiji Kishi : Director, Yasuharu Takanashi : Music, Kazuaki Morita : Character Design, Tomohito Hirose : Character Design, Yuuji Yanase : Storyboard, Yoshiyuki Sanami : Storyboard, Masayuki Hiraoka : Key Animator, Jou Tanaka : Key Animator"
Fairy Tail OVA,,OVA  ,5.0,A-1 Pictures,,"Comedy, Fantasy, Shounen, Magic, Based on a Manga",3.93,2011.0,2013.0,'No synopsis yet - check back soon!',,"Fairy Tail Matsuri, Fairy Tail, Fairy Tail S: Tales from Fairy Tail, Fairy Tail the Movie: Priestess of The Phoenix - The Sunrise, Fairy Tail: Ice Trail, Fairy Tail Zero, Fairy Tail: Blue Mistral, Fairy Girls, Fairy Tail Gaiden, Fairy Tail: City Hero","Fairy Tail, Fairy Tail Movie 1: Phoenix Priestess, Fairy Tail Movie 1: Phoenix Priestess - The First Morning, Fairy Tail 2, Fairy Tail 2 OVA, Fairy Tail Movie 2: Dragon Cry, Fairy Tail: Final Season","Erza Scarlet : Sayaka Oohara, Gray Fullbuster : Yuuichi Nakamura, Lucy Heartfilia : Aya Hirano, Natsu Dragneel : Tetsuya Kakihara, Charle : Yui Horie, Elfman Strauss : Hiroki Yasumoto, Gajeel Redfox : Wataru Hatano, Happy : Rie Kugimiya, Hiro Mashima
Original Creator & Storyboard, Shinji Ishihira
Director, Yasuharu Takanashi
Music, Midori Yamamoto
Character Design, Ayano Iida
Producer, Hideharu Gomi
Producer, Hiroshi Tatsukawa
Producer, Ryouichi Ishihara
Producer","Hiro Mashima : Original Creator & Storyboard, Shinji Ishihira : Director, Yasuharu Takanashi : Music, Midori Yamamoto : Character Design, Ayano Iida : Producer, Hideharu Gomi : Producer, Hiroshi Tatsukawa : Producer, Ryouichi Ishihara : Producer"
Towanoquon Movie 6: Eternal Quon, Towa no Quon Movie 6: Towa no Quon,Movie,,Bones,,"Sci Fi, Supernatural, Superpowers, Original Work",3.93,2011.0,,"'Quon recalls the destruction of his village and feels regret and anger that he was unable to save the villagers and Towa. Using blueprints to the Custos Headquarters, the group set out to save Tei and Towa. Once inside, they face immediate danger.'",,Towa no Quon,"Towanoquon Movie 1: The Ephemeral Petals, Towanoquon Movie 2: Dancing Orchard in Chaos, Towanoquon Movie 3: The Complicity of Dreams, Towanoquon Movie 4: The Roaring Anxiety, Towanoquon Movie 5: The Return of the Invincible","Epsilon : Kohsuke Toriumi, Quon Mitsuchi : Hiroshi Kamiya, Delta : Minako Kotobuki, Genji Kamishiro : Shinichirou Miki, Kazui Yuuma : Ryouko Shiraishi, Ryou : Tatsuhisa Suzuki, Seiji Kannazuki : Tooru Ookawa, Takao : Miyu Irino, Takeshi Mori
Director, Umanosuke Iida
Director, Kenji Kawai
Music, Toshihiro Kawamoto
Character Design, Toshiaki Doushita
Producer, Hisato Usui
Producer, Osamu Hosokawa
Producer, Makoto Watanabe
Producer","Takeshi Mori : Director, Umanosuke Iida : Director, Kenji Kawai : Music, Toshihiro Kawamoto : Character Design, Toshiaki Doushita : Producer, Hisato Usui : Producer, Osamu Hosokawa : Producer, Makoto Watanabe : Producer"
Hetalia: World Series Extra Episodes,,Web  ,4.0,Studio DEEN,,"Comedy, Anthropomorphic, Chibi, Gag, Historical, Parody, Political, Satire, Short Episodes, Based on a Manga",3.93,2011.0,2012.0,'No synopsis yet - check back soon!',,"Hetalia: Axis Powers, Hetalia: World Stars","Hetalia: Axis Powers, Hetalia: World Series, Hetalia: Axis Powers Fan Disc, Hetalia Axis Powers: Paint it, White!, Hetalia: The Beautiful World, Hetalia: The Beautiful World Specials, Hetalia: The Beautiful World Extra Disc, Hetalia: The World Twinkle Specials, Hetalia: The World Twinkle, Hetalia: The World Twinkle - Surprise Halloween!","Germany : Hiroki Yasumoto, Iceland : Ayumu Asakura, Italy : Daisuke Namikawa, China : Yuki Kaida, Denmark : Hiroshi Shimozaki, England : Noriaki Sugiyama, Finland : Takahiro Mizushima, France : Masaya Onosaka, Hidekaz Himaruya
Original Creator",Hidekaz Himaruya : Original Creator
Baka and Test - Summon the Beasts OVA, Baka to Test to Shoukanjuu: Matsuri,OVA  ,2.0,SILVER LINK.,,"Comedy, School Life, Based on a Light Novel",3.93,2011.0,,"'It’s school festival time at Fumizaki Academy and as everyone is frantically preparing for the occasion, the idiots of Class F are more interested in slacking off. However, with the prospect of upgrading their classroom to accommodate actual desks and the threat of Mizuki being transferred if they fail, the whole group gets the motivation they need. Having decided upon a Chinese café, the day of the festival arrives and business seems to be booming. Although with troublesome customers, Mizuki’s toxic cooking and rumors circulating about their café’s cleanliness, will Class F be able to raise enough to stop Mizuki’s parents from forcing her to leave?'",,"Baka and Test: Summon the Beasts (Light Novel), Baka to Test to Shoukanjuu‎ Dya, Baka and Test: Summon the Beasts","Baka and Test - Summon the Beasts Christmas Special, Baka and Test - Summon the Beasts, Baka and Test - Summon the Beasts Specials, Baka to Test to Shoukanjuu: Spinout! Sore ga Bokura no Nichijou, Baka and Test - Summon the Beasts OVA: Sentakushi Ikou nomi, Baka and Test - Summon the Beasts 2, Baka and Test - Summon the Beasts OVA PV, Baka and Test - Summon the Beasts 2: Magical Hideyoshi Hideyoshi","Akihisa Yoshii : Hiro Shimono, Hideyoshi Kinoshita : Emiri Katou, Kouta Tsuchiya : Kouki Miyata, Minami Shimada : Kaori Mizuhashi, Mizuki Himeji : Hitomi Harada, Yuji Sakamoto : Tatsuhisa Suzuki, Hazuki Shimada : Mana Hirata, Shouko Kirishima : Tomomi Isomura, Shin Oonuma
Director & Storyboard, Akito Matsuda
Music, Miwa Ooshima
Character Design, Takashi Tachizaki
Producer, Yousuke Wada
Producer, Tatsuhiro Nitta
Producer, Osamu Hosokawa
Producer, Yoshiyuki Itou
Producer","Shin Oonuma : Director & Storyboard, Akito Matsuda : Music, Miwa Ooshima : Character Design, Takashi Tachizaki : Producer, Yousuke Wada : Producer, Tatsuhiro Nitta : Producer, Osamu Hosokawa : Producer, Yoshiyuki Itou : Producer"
The Prince of Tennis Movie 2: Eikoku-shiki Teikyuu Shiro Kessen!, Tennis no Ouji-sama Movie 2: Eikoku-shiki Teikyuu Shiro Kessen!,Movie,,M.S.C.,,"Shounen, Sports, Tennis, Based on a Manga",3.93,2011.0,,"'Seigaku and a familiar selection of Japan\'s other top junior tennis teams gather in Wimbledon, London, for a tennis tournament. During tennis practice, the Japanese players are suddenly attacked by a violent ""street tennis"" group that calls themselves ""Clack"". An encounter with a former Clack member named Siu leads Ryoma and his friends into a battle with Clack to confront its leader, Keith, and discover his reasons for having such a violent approach to tennis.'",,"Prince of Tennis, Shin Tennis no Ouji-sama","The Prince of Tennis, The Prince of Tennis II: U-17 World Cup","Keith, Peter, Ryoma Echizen, Akaya Kirihara : Showtaro Morikubo, Eiji Kikumaru, Kaoru Kaidou, Keigo Atobe : Junichi Suwabe, Kunimitsu Tezuka, Takeshi Konomi
Original Creator, Shunsuke Tada
Director, Cheru Watanabe
Music, Akiharu Ishii
Character Design","Takeshi Konomi : Original Creator, Shunsuke Tada : Director, Cheru Watanabe : Music, Akiharu Ishii : Character Design"
Heaven's Lost Property Movie 1: The Angeloid of Clockwork, Sora no Otoshimono Movie 1: Tokeijikake no Angeloid,Movie,,AIC ASTA,,"Comedy, Ecchi, Fantasy, Shounen, Angels, Panty Shots, Based on a Manga",3.92,2011.0,,"'Hiyori joins the New World Discovery Club to get closer to her crush, Tomoki. She finds herself bonding with Ikaros and the gang - until a tragic accident reveals a surprising, dangerous connection to the Angeloids!'",,"Heaven’s Lost Property, Heaven's Lost Property Pico","Heaven's Lost Property, Heaven's Lost Property: Project Pink, Heaven's Lost Property Forte, Heaven's Lost Property Final Movie 2: Eternally My Master","Astraea : Kaori Fukuhara, Hiyori Kazane : Youko Hikasa, Ikaros : Saori Hayami, Nymph : Iori Nomizu, Sohara Mitsuki : Mina, Tomoki Sakurai : Souichirou Hoshi, Eishiro Sugata : Tatsuhisa Suzuki, Mikako Satsukitane : Ayahi Takagaki, Suu Minazuki
Original Creator, Hisashi Saitou
Chief Director & Storyboard, Tetsuya Yanagisawa
Director & Episode Director & Storyboard, Motoyoshi Iwasaki
Music, Yoshihiro Watanabe
Character Design & Chief Animation Director, Hiroshi Gouroku
Art Director, Yuuko Sugiyama
Art Director, Chieko Hibi
Color Design","Suu Minazuki : Original Creator, Hisashi Saitou : Chief Director & Storyboard, Tetsuya Yanagisawa : Director & Episode Director & Storyboard, Motoyoshi Iwasaki : Music, Yoshihiro Watanabe : Character Design & Chief Animation Director, Hiroshi Gouroku : Art Director, Yuuko Sugiyama : Art Director, Chieko Hibi : Color Design"
The Princess and the Pilot,"Alt titles: Recollections of a Certain Pilot, Toaru Hikuushi e no Tsuioku",Movie,,MADHOUSE,,"Romance, Aviation, Mercenaries, Military, Social Gap, War, Based on a Light Novel",3.92,2011.0,,"""The war between the Levamme Empire and the Amatsukami Imperium has been raging for years. In the midst of this struggle, the prince of the Levamme Empire declares his love for Juana del Moral and vows to end the war in one year, as part of his marriage proposal. When the Amatsukami catch wind of this, they assault the del Moral residence, targeting Juana's life. As a last-ditch effort to bring the prince his bride, the San Maltilia Airforce employs a mercenary of mixed blood—a bestado—to fly Juana to the prince in secret.""",,"Toaru Hikuushi e no Tsuioku (Light Novel), The Pilot's Love Song (Light Novel), Toaru Hikuushi e no Tsuioku, Toaru Hikuushi e no Seiyaku (Light Novel)",The Pilot's Love Song,"Charles Karino : Ryunosuke Kamiki, Fana Del Moral : Sumire Morohoshi, Carlo : Daisuke Ono, Domingo Garcia : Yutaka Nakano, Takeo Chijiwa : Takeshi Tomizawa, Cana : Sari Kakuta, Chise Karino : Seiko Niizuma, Diego Del Moral : Masaki Terasoma, Jun Shishido
Director, Shirou Hamaguchi
Music, Hidenori Matsubara
Character Design, Yuuko Kobari
Color Design, Shuuhei Yabuta
Cg Director, Tomohisa Shitara
Cg Director, Hideaki Miyamoto
Producer","Jun Shishido : Director, Shirou Hamaguchi : Music, Hidenori Matsubara : Character Design, Yuuko Kobari : Color Design, Shuuhei Yabuta : Cg Director, Tomohisa Shitara : Cg Director, Hideaki Miyamoto : Producer"
Towanoquon Movie 4: The Roaring Anxiety, Towa no Quon Movie 4: Guren no Shoushin,Movie,,Bones,,"Sci Fi, Supernatural, Superpowers, Original Work",3.92,2011.0,,"""The secret is out, and the Atractor's sanctuary has been revealed to the enemy. With Quon badly hurt, it's up to the rest to defend their homes, their lives, and their freedom.""",,Towa no Quon,"Towanoquon Movie 1: The Ephemeral Petals, Towanoquon Movie 2: Dancing Orchard in Chaos, Towanoquon Movie 3: The Complicity of Dreams, Towanoquon Movie 5: The Return of the Invincible, Towanoquon Movie 6: Eternal Quon","Epsilon : Kohsuke Toriumi, Quon Mitsuchi : Hiroshi Kamiya, Delta : Minako Kotobuki, Genji Kamishiro : Shinichirou Miki, Midori Wakatsuki : Sanae Kobayashi, Takao : Miyu Irino, Technology Chief Kusutosu : Tomoyuki Shimura, Tei Ryumonji : Kaori Nazuka, Takeshi Mori
Director, Umanosuke Iida
Director, Kenji Kawai
Music, Toshihiro Kawamoto
Character Design, Toshiaki Doushita
Producer, Hisato Usui
Producer, Osamu Hosokawa
Producer, Makoto Watanabe
Producer","Takeshi Mori : Director, Umanosuke Iida : Director, Kenji Kawai : Music, Toshihiro Kawamoto : Character Design, Toshiaki Doushita : Producer, Hisato Usui : Producer, Osamu Hosokawa : Producer, Makoto Watanabe : Producer"
The Prince of Tennis: Another Story II - Ano Toki no Bokura, Tennis no Ouji-sama: Another Story II - Ano Toki no Bokura,OVA  ,4.0,Production I.G,,"Shounen, Sports, Tennis, Based on a Manga",3.91,2011.0,,'No synopsis yet - check back soon!',,"Prince of Tennis, Shin Tennis no Ouji-sama","The Prince of Tennis, The Prince of Tennis: The National Tournament, The Prince of Tennis: The National Tournament - Semifinal, The Prince of Tennis: The National Tournament - Final, The Prince of Tennis: Another Story - Kako to Mirai no Message, The Prince of Tennis: Another Story II - Ano Toki no Bokura Specials, The Prince of Tennis II, The Prince of Tennis II Specials, The Prince of Tennis II OVA vs. Genius 10, The Prince of Tennis II: U-17 World Cup","Eiji Kikumaru, Kaoru Kaidou, Kunimitsu Tezuka, Kuranosuke Shiraishi, Ryoma Echizen, Sadaharu Inui, Shuichirou Oishi, Shuusuke Fuji, Takeshi Konomi
Original Creator",Takeshi Konomi : Original Creator
No. 6,,TV   ,11.0,Bones,Summer,"BL, Sci Fi, Shounen-ai, Dystopia, Isolated Society, LGBT Themes, noitaminA, Post-apocalyptic, Based on a Light Novel",3.91,2011.0,,"""Sion is intelligent, highly educated and lives a privileged life within the walls of No. 6, one of six city-states that was built after the world was destroyed from war. But Sion's comfortable existence changes forever when he meets Nezumi, an escaped convict, on the eve of his twelfth birthday. Due to his assistance in keeping Nezumi safe, Sion loses his rights and is forced to live in the lower town, where he becomes a normal citizen. Four years later, Sion finds himself back in Nezumi's company and in the midst of a dangerous conspiracy that leaves a trail of bodies in its wake. What is really going on in No. 6?""",,"No. 6 (Novel), No. 6",,"Nezumi : Yoshimasa Hosoya, Sion : Yuuki Kaji, Inukashi : Kei Shindou, Karan : Rei Sakuma, Safu : Kiyono Yasuno, Ann : Ayahi Takagaki, Betty : Chika Fujimura, Hamlet, Kenji Nagasaki
Director, Keiichi Suzuki
Music, Satoshi Ishino
Character Design, Noritomo Yonai
Producer, Takuya Matsushita
Producer, Reo Kurosu
Producer, Yoshinori Takeeda
Producer, Koutarou Tamura
Storyboard","Kenji Nagasaki : Director, Keiichi Suzuki : Music, Satoshi Ishino : Character Design, Noritomo Yonai : Producer, Takuya Matsushita : Producer, Reo Kurosu : Producer, Yoshinori Takeeda : Producer, Koutarou Tamura : Storyboard"
"Daisy, A Hen into the Wild", Madangeul Naon Amtak,Movie,,,,"Adventure, Drama, Fantasy, Animal Protagonists, Birds, Family Friendly, Korean Animation, Non-Human Protagonists, Based on a Novel",3.9,2011.0,,'No synopsis yet - check back soon!',,,,"Greenie : Toby Proctor, Leafie : Stacey Depass, Mayor, One-Eyed Weasel : Stacey Depass, Rooster, Wanderer",
Shakugan no Shana III,,TV   ,24.0,J.C.Staff,Fall ,"Action, Drama, Fantasy, Contemporary Fantasy, Magic, Supernatural, Tsundere, Urban Fantasy, Based on a Light Novel",3.9,2011.0,2012.0,"""Yuuji disappeared the fateful night he was supposed to choose between a life combatting evil by Shana's side or as a normal teenager. He returns from near-death to lead the Crimson Denizens in a dubious plot to bring peace to the universe - but Shana isn't fooled. In an explosive reunion, the fiery warrior faces her unlikeliest of foes while Flame Hazes from across the world join forces to ignite a war that will determine the fate of all supernatural kind.""",,"Shakugan no Shana (Light Novel), Shakugan no Shana, Shakugan no Shana Zero (Light Novel), Shakugan no Shana X Eternal Song - Harukanaru Uta","Shakugan no Shana, Shakugan no Shana OVA, Shakugan no Shana II, Shakugan no Shana S, Shakugan no Shana III Specials","Shana : Rie Kugimiya, Snake Of The Festival : Shou Hayami, Yuuji Sakai : Satoshi Hino, Alastor : Masashi Ebara, Bel-Peol : Sayaka Oohara, Chiara Toscana : Ai Kayano, Eita Tanaka : Takayuki Kondou, Hecate : Mamiko Noto, Takashi Watanabe
Director, Kow Otani
Music, Mai Ootsuka
Character Design, Yuuji Matsukura
Producer, Kouhei Kawase
Producer, Nobuhiro Nakayama
Producer, Isao Hidaka
Producer, Kentarou Hattori
Producer","Takashi Watanabe : Director, Kow Otani : Music, Mai Ootsuka : Character Design, Yuuji Matsukura : Producer, Kouhei Kawase : Producer, Nobuhiro Nakayama : Producer, Isao Hidaka : Producer, Kentarou Hattori : Producer"
Mitsudomoe Zouryouchuu!,,TV   ,,Bridge,Winter,"Comedy, Shounen, Slice of Life, School Life, Siblings, Based on a Manga",3.9,2011.0,,"'The lives of the Marui triplets remain as hectic as ever, both at school and at home. Mitsuba continues to battle with her weight, even using Futaba as a makeshift dieting machine, all while attempting to keep a hold of her reputation and status within the class. Meanwhile, Hitoha’s adoration for the Gachi Rangers remains as strong as ever, though she’s finding it increasingly difficult to escape occult freak Sakiko. Finally, amongst the rampaging antics of his students, Yabe struggles on with his own issues, particularly in his non-existent relationship with the clumsy school nurse, Kuriyama. With panties flying, Futaba’s breast fetish raging, and the triplet’s suspicious dad causing embarrassment to his daughters at every turn, there’s plenty left in store for the girls and their long-suffering teacher.'",,Mitsudomoe,"Mitsudomoe, Mitsudomoe Special","Futaba Marui : Satomi Akesaka, Hitoha Marui : Haruka Tomatsu, Mitsuba Marui : Ayahi Takagaki, Aiko Kuriyama : Momoko Saito, Miku Sugisaki : Chiwa Saitou, Miyashita : Momoko Ohara, Sakiko Matsuoka : Ikumi Hayama, Satoshi Yabe : Hiro Shimono, Norio Sakurai
Original Creator, Masahiko Oota
Director, Yasuhiro Misawa
Music, Takaharu Osumi
Character Design, Hiromasa Minami
Producer, Yousuke Wada
Producer, Takuo Yagi
Producer, Yoshiyuki Itou
Producer","Norio Sakurai : Original Creator, Masahiko Oota : Director, Yasuhiro Misawa : Music, Takaharu Osumi : Character Design, Hiromasa Minami : Producer, Yousuke Wada : Producer, Takuo Yagi : Producer, Yoshiyuki Itou : Producer"
Children Who Chase Lost Voices, Hoshi wo Ou Kodomo,Movie,,CoMix Wave Films,,"Adventure, Fantasy, Romance, Contemporary Fantasy, Isekai, Original Work",3.89,2011.0,,"'When she hears a strange song from a crystal radio, Asuna tunes into more than just a magical stream of music. Soon, she is transported to a mysterious world where mythical beasts roam and brave warriors fight for their lives. Agartha is a land of breathtaking beauty and unimaginable danger-a place where, it is believed, even the dead can be brought back to life. But at what cost?'",,"Children Who Chase Lost Voices from Deep Below, Children Who Chase Lost Voices from Deep Below (Light Novel)",,"Asuna Watase : Hisako Kanemoto, Ryuuji Morisaki : Kazuhiko Inoue, Shin : Miyu Irino, Mimi : Junko Takeuchi, Asuna'S Mother : Fumiko Orikasa, Asuna'S Teacher : Risa Mizuno, Lisa : Sumi Shimamoto, Mana : Rina Hidaka, Makoto Shinkai
Director, Tenmon
Music, Takayo Nishimura
Character Design, Toshiaki Doushita
Producer, Tomohiro Ogawa
Producer, Atsushi Iwasaki
Producer, Kouichirou Itou
Producer, Hiroshi Takiguchi
Background Artist","Makoto Shinkai : Director, Tenmon : Music, Takayo Nishimura : Character Design, Toshiaki Doushita : Producer, Tomohiro Ogawa : Producer, Atsushi Iwasaki : Producer, Kouichirou Itou : Producer, Hiroshi Takiguchi : Background Artist"
Towanoquon Movie 5: The Return of the Invincible, Towa no Quon Movie 5: Souzetsu no Raifuku,Movie,,Bones,,"Sci Fi, Supernatural, Superpowers, Original Work",3.89,2011.0,,"'With their home in jeopardy, some feel it is time to abandon the gardens. A new character steps in, one that Quon knows very well. The end is near, the players are set, and the final battle is about to begin!'",,Towa no Quon,"Towanoquon Movie 1: The Ephemeral Petals, Towanoquon Movie 2: Dancing Orchard in Chaos, Towanoquon Movie 3: The Complicity of Dreams, Towanoquon Movie 4: The Roaring Anxiety, Towanoquon Movie 6: Eternal Quon","Epsilon : Kohsuke Toriumi, Quon Mitsuchi : Hiroshi Kamiya, Seiji Kannazuki : Tooru Ookawa, Delta : Minako Kotobuki, Genji Kamishiro : Shinichirou Miki, Kazui Yuuma : Ryouko Shiraishi, Kiri Jougasaki : Saori Hayami, Ryou : Tatsuhisa Suzuki, Takeshi Mori
Director, Umanosuke Iida
Director, Kenji Kawai
Music, Toshihiro Kawamoto
Character Design, Toshiaki Doushita
Producer, Hisato Usui
Producer, Osamu Hosokawa
Producer, Makoto Watanabe
Producer","Takeshi Mori : Director, Umanosuke Iida : Director, Kenji Kawai : Music, Toshihiro Kawamoto : Character Design, Toshiaki Doushita : Producer, Hisato Usui : Producer, Osamu Hosokawa : Producer, Makoto Watanabe : Producer"
Hidamari Sketch x SP,,TV Sp,,SHAFT,,"Comedy, Seinen, Slice of Life, Art, Art School, Based on a 4-Koma Manga, Based on a Manga",3.89,2011.0,,"""When they're not working hard at school, the girls of the Hidamari apartments love to get out and about. Whether they decide to visit an art museum on a day off, go for barbecue with the landlady, or visit the pool at the height of summer, Yuno and the gang know how to make the most of every situation they're in. But sometimes it's just as nice to relax at home with friends, from enjoying a peaceful pajama party, to helping Hiro wash her curtains and blowing bubbles with the detergent.""",,"Sunshine Sketch, Hidamari Sketch: Anthology Comic, Hidamari Sketch: Youkoso Hidamari-sou e (Light Novel), Hidamari Sketch: Hidamari School Life (Light Novel)","Hidamari Sketch, Hidamari Sketch Specials, Hidamari Sketch: Chou Hidamatsuri Special, Hidamari Sketch x 365, Hidamari Sketch x 365 EX, Hidamari Sketch x 365 Specials, Hidamari Sketch x Hoshimittsu, Hidamari Sketch x Hoshimittsu Specials, Hidamari Sketch x Honeycomb, Hidamari Sketch: Sae & Hiro's Graduation Arc","Hiro : Yuuko Gotou, Miyako : Kaori Mizuhashi, Nazuna : Chiaki Omigawa, Nori : Hitomi Harada, Sae : Ryouko Shintani, Yuno : Kana Asumi, Landlady : Miyuki Sawashiro, Yoshinoya : Miyu Matsuki, Ume Aoki
Original Creator, Akiyuki Simbo
Director, Tomoki Kikuya
Music, Yoshiaki Itou
Animation Director & Character Design & Chief Animation Director & Key Animator & Storyboard, Shinichirou Etou
Photography Director, Hisaharu Iijima
Art Director, Izumi Takizawa
Color Design, Hiroyuki Kobayashi
Producer","Ume Aoki : Original Creator, Akiyuki Simbo : Director, Tomoki Kikuya : Music, Yoshiaki Itou : Animation Director & Character Design & Chief Animation Director & Key Animator & Storyboard, Shinichirou Etou : Photography Director, Hisaharu Iijima : Art Director, Izumi Takizawa : Color Design, Hiroyuki Kobayashi : Producer"
Maid-sama!: Omake dayo!, Kaichou wa Maid-sama!: Omake dayo!,DVD S,,J.C.Staff,,"Comedy, Shoujo, Maids, Based on a Manga",3.88,2011.0,,'Misaki’s day of antics at home starts off with her maid outfit tearing. Soon she finds herself surrounded by unexpected guests!',,"Maid-sama!, Kaichou wa Maid-sama! Marriage","Maid-sama!, Maid-sama! LaLa Special","Misaki Ayuzawa, Suzuna Ayuzawa, Takumi Usui, Hinata Shintani, Minako Ayuzawa, Sakura Hanazono, Shizuko Kaga, Hiro Fujiwara
Original Creator, Wataru Maeguchi
Music, Yuki Imoto
Character Design","Hiro Fujiwara : Original Creator, Wataru Maeguchi : Music, Yuki Imoto : Character Design"
Penguindrum, Mawaru Penguindrum,TV   ,24.0,Brain's Base,Summer,"Comedy, Drama, Conspiracy, Psychological, Siblings, Supernatural, Terrorism, Original Work",3.87,2011.0,,"""Kamba and Shouma Takakura have taken care of their sickly younger sister Himari since their parents disappeared years ago - that is, until the day she died. But as the boys grieve by her hospital bed, Himari sits up, adorned with a strange penguin hat. Suddenly, the three of them are transported to a vibrant world where the hat, using Himari's body as a puppet, charges these brothers with a task: find the Penguin Drum and their sister's life will be saved! Now aided by some odd penguins they received in the mail, the duo must find this mysterious item or risk losing the sister they care for so much. However, they aren't the only ones with their sights on the Penguin Drum, for new enemies await them around every turn, all connected in ways they would have never imagined...""",,"Penguindrum (Light Novel), Penguindrum",Re:cycle of the Penguindrum,"Himari Takakura : Miho Arakawa, Kanba Takakura : Subaru Kimura, Ringo Oginome : Marie Miyake, Shouma Takakura : Ryouhei Kimura, Esmeralda : Yui Horie, Keiju Tabuki : Akira Ishida, Masako Natsume : Yui Horie, Penguin 1 : Subaru Kimura, Shouko Nakamura
Animation Director & Chief Director & Ed Director & Episode Director & Key Animator & Op Director & Storyboard, Kunihiko Ikuhara
Director & Ed Director & Episode Director & Op Director & Screenplay & Series Composition & Sound Director & Storyboard & Storyboard, Yukari Hashimoto
Music, Terumi Nishii
Character Design, Hiroo Maruyama
Producer, Shinichi Ikeda
Producer, Shigeru Nishiyama
Editor, Nobuyuki Takeuchi
Animation Director & Episode Director & Key Animator & Storyboard","Shouko Nakamura : Animation Director & Chief Director & Ed Director & Episode Director & Key Animator & Op Director & Storyboard, Kunihiko Ikuhara : Director & Ed Director & Episode Director & Op Director & Screenplay & Series Composition & Sound Director & Storyboard & Storyboard, Yukari Hashimoto : Music, Terumi Nishii : Character Design, Hiroo Maruyama : Producer, Shinichi Ikeda : Producer, Shigeru Nishiyama : Editor, Nobuyuki Takeuchi : Animation Director & Episode Director & Key Animator & Storyboard"
A Letter to Momo, Momo e no Tegami,Movie,,Production I.G,,"Comedy, Fantasy, Coming of Age, Contemporary Fantasy, Countryside, Death of a Loved One, Family Friendly, Island, Japanese Mythology, Lifestyle Change, Supernatural, Youkai, Original Work",3.87,2011.0,,"'The last time Momo saw her father, they had a fight. Now all she has left to remember him by is an incomplete letter penned with the words ""Dear Momo,"" but nothing more. Moving with her mother to the remote Japanese island of Shio, Momo soon discovers three Yokai living in her attic, a trio of mischievous spirit creatures that only she can see and who create mayhem in the tiny seaside community as she tries desperately to keep them hidden. But these funny monsters have a serious side and may hold the key to helping Momo discover what her father had been trying to tell her.'",,Momo e no Tegami,,"Iwa : Toshiyuki Nishida, Kawa : Kouichi Yamadera, Mame : Choo, Momo Miyaura : Karen Miyama, Grandfather : Yoshisada Sakaguchi, Grandmother : Ikuko Tani, Ikuko Miyaura : Yuka, Youta : Kota Fuji, Hiroyuki Okiura
Director & Character Design, Mina Kubota
Music, Masashi Andou
Character Design, Arimasa Okada
Producer, Motoki Mukaichi
Producer, Keiko Matsushita
Producer, Takahiro Tanaka
Key Animator, Shinya Oohira
Key Animator","Hiroyuki Okiura : Director & Character Design, Mina Kubota : Music, Masashi Andou : Character Design, Arimasa Okada : Producer, Motoki Mukaichi : Producer, Keiko Matsushita : Producer, Takahiro Tanaka : Key Animator, Shinya Oohira : Key Animator"
Persona 4 the Animation,,TV   ,25.0,AIC ASTA,Fall ,"Action, Fantasy, Mystery, Contemporary Fantasy, Supernatural, Based on a Video Game",3.87,2011.0,2012.0,"'The normally sleepy town of Inaba has recently fallen prey to a string of bizarre deaths, where the deceased are discovered dangling from TV antennae and telephone poles. But that’s not the only mystery that’s cropped up lately: the ""Midnight Channel"" has gained notoriety in the local high school for allegedly revealing a person\'s soul-mate to them. When transfer student Yu arrives in town, he quickly becomes enmeshed in the center of all these mysterious goings-on, especially after the teen and his friends are pulled through the television into another world! How is this strange place connected with the other mysteries plaguing Inaba?'",,"Persona 3, Persona 4, Tartarus Gekijou, Persona x Tantei Naoto (Light Novel), Persona 4 The Golden: Tohru Adachi - Comic Anthology, P4U2: Persona 4 the Ultimax Ultra Suplex Hold, Persona Q: Shadow of the Labyrinth - Side:P3, Persona 5, Tartarus Gekijou Wild","Persona 4 the Animation: The Factor of Hope, Persona 4 the Animation: No One is Alone, Persona 4 the Animation: Mr. Experiment Shorts, Persona 4 the Animation: A Brief Lesson on Izanagi & Izanami, Persona 4 the Golden Animation","Chie Satonaka : Yui Horie, Kanji Tatsumi : Tomokazu Seki, Kuma : Kappei Yamaguchi, Naoto Shirogane : Romi Park, Rise Kujikawa : Rie Kugimiya, Yosuke Hanamura : Showtaro Morikubo, Yukiko Amagi : Ami Koshimizu, Yu Narukami : Daisuke Namikawa, Seiji Kishi
Director, Shouji Meguro
Music, Kazuaki Morita
Character Design, Hiroo Maruyama
Producer, Osamu Hosokawa
Producer, Kozue Kaneniwa
Producer, Kazuki Adachi
Producer, Satoshi Eguchi
Producer","Seiji Kishi : Director, Shouji Meguro : Music, Kazuaki Morita : Character Design, Hiroo Maruyama : Producer, Osamu Hosokawa : Producer, Kozue Kaneniwa : Producer, Kazuki Adachi : Producer, Satoshi Eguchi : Producer"
Guilty Crown,,TV   ,22.0,Production I.G,Fall ,"Action, Mecha, Sci Fi, Dystopia, noitaminA, Pandemic, Rebellions, Terrorism, Original Work",3.87,2011.0,2012.0,"'In the near future, the outbreak of a terrible disease called the Apocolypse Virus places Japan under the military rule of a global organization called the GHQ - a group tasked with checking the spread of the virus and administering vaccinations. Apathetic high school student Shuu Ouma lives in Tokyo, spending his days editing videos and trying to be left alone. But things change when he meets the beautiful pop idol, Inori, who is on the run from GHQ soldiers. While trying to save her from her captors, he acquires a mysterious power called the Void Gene that allows him to pull\xa0items or weapons from anyone under the age of seventeen. Now,\xa0Shuu must decide whether to join the efforts of the well-funded radical terrorist group ""Funeral Parlor"" and fight against the GHQ, or shrug off his newfound power and resume his normal life - assuming that either the GHQ or Funeral Parlor\'s charismatic leader, Gai, will let him.'",,"Guilty Crown, Guilty Crown: Princess of Deadpool (Light Novel), Guilty Crown: Dancing Endlaves","Guilty Crown Kiseki: Reassortment, Guilty Crown: 4-koma Gekijou, EGOIST: The Everlasting Guilty Crown, Guilty Crown: Lost Christmas, EGOIST: Departures","Inori Yuzuriha : Ai Kayano, Shuu Ouma : Yuuki Kaji, Arisa Kuhouin : Aya Endou, Ayase Shinomiya : Kana Hanazawa, Daryl Yan : Kouki Uchiyama, Gai Tsutsugami : Akeno Watanabe, Hare Menjou : Yu Shimamura, Haruka Ouma : Chika Fujimura, Tetsurou Araki
Director, Hiroyuki Sawano
Music, Supercell
Music, Hiromi Katou
Character Design, Takuma Ebisu
Mechanical Design, Makoto Kimura
Producer, George Wada
Producer, Narue Minami
Producer","Tetsurou Araki : Director, Hiroyuki Sawano : Music, Supercell : Music, Hiromi Katou : Character Design, Takuma Ebisu : Mechanical Design, Makoto Kimura : Producer, George Wada : Producer, Narue Minami : Producer"
Sengoku Basara: Samurai Kings Movie - The Last Party, Sengoku Basara Movie: The Last Party,Movie,,Production I.G,,"Action, Feudal Japan, Samurai, Swordplay, Based on a Video Game, Violence",3.86,2011.0,,"""The fuse is lit! Prepare to have your mind blown by a multi-megaton explosion of battlefield action in the feature-length climax of the Sengoku Basara saga! Toyotomi Hideyoshi is defeated, but feudal Japan isn't safe yet. The fallen villain's most loyal and lethal minion Ishida Mitsunari is obsessed with carrying on Toyotomi's legacy of violence in the name of vengeance. Ishida brutally cuts a bloody path across the countryside, even as the nation's other warlords rally toward an era of harmony. Unfortunately, for peace to finally be achieved, the fires of war must be unleashed once more.""",Violence,"Sengoku Basara 2, Devil Kings Basara, Gakuen Basara, Sengoku Basara 3 - Roar of Dragon","Mini Sengoku Basara: Chousokabe-kun to Mouri-kun, Sengoku Basara: Samurai Kings, Sengoku Basara: Samurai Kings - Clash in the Inland Sea of Seto! Fugaku, the Great Fire-Belching Fortress of the Sea!, Mini Sengoku Basara Two: Tsukiyo no Katakura-kun, Sengoku Basara: Samurai Kings 2, Sengoku Basara: Samurai Kings 2 - Dragon and Tiger -- Oath of Victory! Souls Racing Towards a Blazing Future!!, Sengoku Basara Movie: 4-Koma Gekijou - Another Last Party, Sengoku Basara: End of Judgement","Ieyasu Tokugawa : Tooru Ookawa, Masamune Date : Kazuya Nakai, Mitsunari Ishida : Tomokazu Seki, Yukimura Sanada : Souichirou Hoshi, Keiji Maeda : Masakazu Morita, Kojuurou Katakura : Toshiyuki Morikawa, Magistrate : Fumihiko Tachiki, Mitsuhide Akechi : Shou Hayami, Kazuya Nomura
Director, Hiroyuki Sawano
Music, Tooru Ookubo
Character Design, Yoshikazu Iwanami
Sound Director, George Wada
Producer, Toshihiro Maeda
Producer, Tetsuya Kinoshita
Producer, Keiichi Nozaki
Producer","Kazuya Nomura : Director, Hiroyuki Sawano : Music, Tooru Ookubo : Character Design, Yoshikazu Iwanami : Sound Director, George Wada : Producer, Toshihiro Maeda : Producer, Tetsuya Kinoshita : Producer, Keiichi Nozaki : Producer"
Towanoquon Movie 3: The Complicity of Dreams, Towa no Quon Movie 3: Mugen no Renza,Movie,,Bones,,"Sci Fi, Supernatural, Superpowers, Original Work",3.86,2011.0,,"'A Strange Journey through the mind leads Quon to ancient Japan. A new Attractor is discovered, and while this dream state becomes more dangerous, so does the situation for their new would-be ally.'",,Towa no Quon,"Towanoquon Movie 1: The Ephemeral Petals, Towanoquon Movie 2: Dancing Orchard in Chaos, Towanoquon Movie 4: The Roaring Anxiety, Towanoquon Movie 5: The Return of the Invincible, Towanoquon Movie 6: Eternal Quon","Epsilon : Kohsuke Toriumi, Quon Mitsuchi : Hiroshi Kamiya, Tei Ryumonji : Kaori Nazuka, Genji Kamishiro : Shinichirou Miki, Midori Wakatsuki : Sanae Kobayashi, Seiji Kannazuki : Tooru Ookawa, Technology Chief Kusutosu : Tomoyuki Shimura, Towa : Hiroki Shimowada, Takeshi Mori
Director, Umanosuke Iida
Director, Kenji Kawai
Music, Toshihiro Kawamoto
Character Design, Toshiaki Doushita
Producer, Hisato Usui
Producer, Osamu Hosokawa
Producer, Makoto Watanabe
Producer","Takeshi Mori : Director, Umanosuke Iida : Director, Kenji Kawai : Music, Toshihiro Kawamoto : Character Design, Toshiaki Doushita : Producer, Hisato Usui : Producer, Osamu Hosokawa : Producer, Makoto Watanabe : Producer"
Detective Conan OVA 11: A Secret Order from London, Meitantei Conan OVA 11: London kara no Maru Hi Shirei,OVA  ,1.0,TMS Entertainment,,"Mystery, Shounen, Age Transformation, Detectives, Europe, Based on a Manga",3.85,2011.0,,"""After receiving an invite from an acquaintance, Conan, Ran, Kogorou and Agasa head to\xa0London. Meanwhile, back in Japan, Mitsuhiko discovers a magazine article about a child star named Grace Aihara, who bears a striking resemblance to Haibara! And when he and Genta receive a call warning them to keep Haibara away from the professor’s house at all costs,\xa0the boys\xa0begin to suspect that something is wrong. Will the two detective boys be able to successfully carry out their mission to keep their friend safe, even with shadowy figures following Haibara's every move?""",,"Magic Kaitou, Case Closed, Detective Conan: Tokubetsu-hen, Detective Conan: Zero's Tea Time","Detective Conan, Detective Conan OVA 1: Conan vs Kid vs YAIBA, Detective Conan OVA 2: 16 Suspects, Detective Conan OVA 3: Conan and Heiji and the Vanished Boy, Detective Conan OVA 4: Conan and Kid and Crystal Mother, Detective Conan OVA 5: The Target is Kogoro! The Detective Boys' Secret Investigation, Detective Conan OVA 6: Follow the Vanished Diamond! Conan and Heiji vs Kid!, Detective Conan OVA 7: A Challenge from Agasa, Detective Conan OVA 8: High School Girl Detective Sonoko Suzuki's Case Files, Detective Conan Magic File 2: Kudou Shinichi - The Case of the Mysterious Wall and the Black Lab, Detective Conan OVA 9: The Stranger of 10 Years, Detective Conan Magic File 3: Shinichi and Ran: Memories of Mahjong Tiles and Tanabata, Lupin III Special 21: Lupin III vs Detective Conan, Detective Conan OVA 10: Kid in Trap Island, Detective Conan Magic File 4: Osaka Okonomiyaki Odyssey, Detective Conan Magic File 5: Niigata - Tokyo Omiyage Capriccio, Detective Conan vs. Wooo, Detective Conan: Excalibur no Kiseki, Detective Conan Magic File 6: Fantasista Flower, The Disappearance of Conan Edogawa: The Worst Two Days in History, Detective Conan Movie 24: The Scarlet Bullet","Ai Haibara : Megumi Hayashibara, Ayumi Yoshida : Yukiko Iwai, Genta Kojima : Wataru Takagi, Mitsuhiko Tsuburaya : Ikue Ootani, Asami Tsuburaya : Ikue Ootani, Chiharu Seino : Satomi Arai, Conan Edogawa : Minami Takayama, Hiroshi Agasa : Kenichi Ogata, Gosho Aoyama
Original Creator",Gosho Aoyama : Original Creator
Squid Girl 2, Shinryaku!? Ika Musume,TV   ,12.0,diomedea,Fall ,"Comedy, Shounen, Slice of Life, Iyashikei, Non-Human Protagonists, Ocean, Based on a Manga",3.85,2011.0,,"""One evening, after watching a film about invading aliens being defeated by humans, Squid Girl finds a new wave of enthusiasm for her own invasion. Determined to prove her formidable nature to everyone, the young invader decides to do everything in her power to get the fear and recognition she deserves. From putting her all into a jellyfish catching contest and facing off against a dog, to attempting to recruit a class of elementary school students to her cause, Squid Girl won't rest until humanity pays for polluting the sea... or at least until she gets her next fix of shrimp.""",,Squid Girl,"Squid Girl, Squid Girls Specials, Squid Girl: Ika Ice Tabena-ika?, Squid Girl: Kore ga Umi e no Ai Janaika!, Squid Girl OVA","Chizuru Aizawa : Rie Tanaka, Eiko Aizawa : Ayumi Fujimura, Ika Musume : Hisako Kanemoto, Cyndi Campbell : Hitomi Nabatame, Gorou Arashiyama : Yuuichi Nakamura, Kiyomi Sakura : Kokoro Kikuchi, Nagisa Saitou : Azusa Kataoka, Sanae Nagatsuki : Kanae Itou, Masahiro Anbe
Original Creator, Yasutaka Yamamoto
Director, Tomoki Kikuya
Music, Masakazu Ishikawa
Character Design, Tatsuya Ishiguro
Producer, Katsumi Koike
Producer, Kentarou Kuramoto
Producer, Toshiaki Tanaka
Producer","Masahiro Anbe : Original Creator, Yasutaka Yamamoto : Director, Tomoki Kikuya : Music, Masakazu Ishikawa : Character Design, Tatsuya Ishiguro : Producer, Katsumi Koike : Producer, Kentarou Kuramoto : Producer, Toshiaki Tanaka : Producer"
Mitsudomoe Special,,DVD S,,Bridge,,"Comedy, Shounen, Slice of Life, School Life, Siblings, Based on a Manga",3.85,2011.0,,"""According to Futaba, Hitoha has the softest cheeks in all of Japan and loves nothing more than fondling them like a\xa0luscious pair of mammaries. However, when the youngest sister wakes up one day with a pimple on her face that bears a startling similarity\xa0to a breast, it’s not just Futaba that gets swept up into a frenzy. Meanwhile, Mitsuba has met her match in the form Miku's old exercise machine and a brand new balance ball...""",,Mitsudomoe,"Mitsudomoe, Mitsudomoe Zouryouchuu!","Futaba Marui : Satomi Akesaka, Hitoha Marui : Haruka Tomatsu, Mitsuba Marui : Ayahi Takagaki, Miku Sugisaki : Chiwa Saitou, Miyashita : Momoko Ohara, Satoshi Yabe : Hiro Shimono, Shinya Satou : Yuuko Sanpei, Yuki Yoshioka : Aki Toyosaki, Norio Sakurai
Original Creator",Norio Sakurai : Original Creator
Doraemon Movie 31: Shin Nobita to Tetsujin Heidan - Habatake Tenshi-tachi,,Movie,,Shin-Ei Animation,,"Sci Fi, Shounen, Cats, Family Friendly, Non-Human Protagonists, Robots, Based on a Manga",3.85,2011.0,,"'In a distant galaxy, a robot society plans to invade Earth and take humans as their slaves. A robot named Riruru is sent ahead as a scout who will make the necessary arrangements for the invasion to occur. Luckily for human race, Nobita accidentally interrupts this reconaissance mission. Nobita and his friends will then need to somehow face an entire army of steel troops and stop the mechanized offensive.'",,"Doraemon, Daichohen Doraemon, The Doraemons: Doraemon Game Comic, Doraemon Plus","Doraemon (1979), Doraemon: Doraemon Comes Back, Doraemon Movie 7: Nobita and the Platoon of Iron Men, Doraemon: Doraemon Comes Back (1998), The Doraemons: Strange, Sweets, Strange?, Doraemon (2005)","Doraemon : Wasabi Mizuta, Gian : Subaru Kimura, Nobita Nobi : Megumi Oohara, Shizuka Minamoto, Suneo Honekawa : Tomokazu Seki, Dorami-Chan : Chiaki, Lilulu, Pippo, Fujiko F. Fujio
Original Creator, Yukiyo Teramoto
Director, Kan Sawada
Music, Shizue Kaneko
Character Design, Takumi Fujimori
Producer, Rika Tsuruzaki
Producer","Fujiko F. Fujio : Original Creator, Yukiyo Teramoto : Director, Kan Sawada : Music, Shizue Kaneko : Character Design, Takumi Fujimori : Producer, Rika Tsuruzaki : Producer"
Heaven's Memo Pad, Kamisama no Memo-chou,TV   ,12.0,J.C.Staff,Summer,"Drama, Mystery, Detectives, Gangs, NEET, Noir, Yakuza, Based on a Light Novel, Drug Use,, Mature Themes,, Suicide",3.85,2011.0,,"'Narumi Fujishima is an ordinary high school boy who is isolated from his classmates. When he reluctantly joins the gardening club and meets the reclusive, genius detective named Alice and her band of detectives known as the NEETs, Alice hires Narumi as an assistant and puts him to work solving the strange mysteries of Angel Fix, an illegal drug that makes people go crazy. Little does he know it could put him and Ayaka in serious trouble.'","Drug Use,, Mature Themes,, Suicide","Heaven's Memo Pad (Light Novel), Heaven's Memo Pad",,"Alice : Yui Ogura, Narumi Fujishima : Yoshitsugu Matsuoka, Ayaka Shinozaki : Ai Kayano, Hiro : Takahiro Sakurai, Major : Kouki Miyata, Meo Kusakabe : Saki Ogasawara, Ming Li Huan : Hitomi Nabatame, Renji Hirasaka : Kenichi Suzumura, Katsushi Sakurabi
Director, Taku Iwasaki
Music, Keiichi Sano
Character Design, Yuuji Matsukura
Producer, Kouhei Kawase
Producer, Satoshi Fujita
Producer, Jun Fukuda
Producer, Yoshiyuki Itou
Producer","Katsushi Sakurabi : Director, Taku Iwasaki : Music, Keiichi Sano : Character Design, Yuuji Matsukura : Producer, Kouhei Kawase : Producer, Satoshi Fujita : Producer, Jun Fukuda : Producer, Yoshiyuki Itou : Producer"
Black Jack Final,,OVA  ,2.0,Tezuka Productions,,"Drama, Shounen, Doctors, Kidnapping, Medical, Based on a Manga, Nudity,, Violence",3.85,2011.0,,"""Black Jack's latest patient holds a link to Pinoko's past.Then, Black Jack is kidnapped by the government of a war-torn country.""","Nudity,, Violence","Black Jack, Ray, Black Jack Alive, Ray+, Black Jack: Aoki Mirai, Young Black Jack",Black Jack OVA,"Black Jack : Akio Ootsuka, Pinoko : Yuuko Mizutani, Midori : Masako Joh, Osamu Tezuka
Original Creator, Masayoshi Nishida
Chief Director, Satoshi Kuwabara
Chief Director, Osamu Dezaki
Director, Eiji Kawamura
Music, Kiyoshi Suzuki
Music, Akio Sugino
Character Design, Keisuke Nakamura
Photography Director","Osamu Tezuka : Original Creator, Masayoshi Nishida : Chief Director, Satoshi Kuwabara : Chief Director, Osamu Dezaki : Director, Eiji Kawamura : Music, Kiyoshi Suzuki : Music, Akio Sugino : Character Design, Keisuke Nakamura : Photography Director"
Toradora! The True Meaning of Bento, Toradora! Bento no Gokui,Other,,J.C.Staff,,"Comedy, Shounen, School Life, Based on a Light Novel",3.84,2011.0,,"""Ryuuji has always taken the art of the bento box for granted - that is, until Kitamura's grandmother makes her grandson a boxed lunch of epic proportions! Now Ryuuji is in for the toughest battle of his life as he strives to overcome the elderly bento goddess, thwarted at every turn by her love for her grandson. He must push himself to the limit of his lunch-making prowess, or use whatever trick he can to achieve total victory against a woman he's never met!""",,"Toradora! (Light Novel), Toradora Spin-off! (Light Novel), Toradora!","Toradora!, Toradora! Recap, Toradora SOS! Hurray for Gourmands","Ryuuji Takasu : Junji Majima, Taiga Aisaka : Rie Kugimiya, Ami Kawashima : Eri Kitamura, Minori Kushieda : Yui Horie, Yuusaku Kitamura : Hirofumi Nojima, Hisamitsu Noto : Kazuyuki Okitsu, Inko : Saori Gotou, Kouji Haruta : Hiroyuki Yoshino",
Detective Conan Magic File 5: Niigata - Tokyo Omiyage Capriccio,,OVA  ,1.0,TMS Entertainment,,"Mystery, Shounen, Age Transformation, Detectives, Based on a Manga",3.84,2011.0,,"'Following the events in Kitanosawa village, Conan is recuperating at home when he’s surprised by a visit from Heiji. Meanwhile, Ayumi, Mitsuhiko and Genta finally give a souvenir gift from the village to their teacher, only to discover that her present was mixed up with the one Sonoko bought for her boyfriend! Confused by the mix-up, the group meets up at the detective agency where Heiji - ever on the hunt for a new mystery - takes it upon himself to discover how the two packages were swapped in the first place...'",,"Magic Kaitou, Case Closed, Detective Conan: Tokubetsu-hen, Detective Conan: Zero's Tea Time","Detective Conan, Detective Conan OVA 1: Conan vs Kid vs YAIBA, Detective Conan OVA 2: 16 Suspects, Detective Conan OVA 3: Conan and Heiji and the Vanished Boy, Detective Conan OVA 4: Conan and Kid and Crystal Mother, Detective Conan OVA 5: The Target is Kogoro! The Detective Boys' Secret Investigation, Detective Conan OVA 6: Follow the Vanished Diamond! Conan and Heiji vs Kid!, Detective Conan OVA 7: A Challenge from Agasa, Detective Conan OVA 8: High School Girl Detective Sonoko Suzuki's Case Files, Detective Conan Magic File 2: Kudou Shinichi - The Case of the Mysterious Wall and the Black Lab, Detective Conan OVA 9: The Stranger of 10 Years, Detective Conan Magic File 3: Shinichi and Ran: Memories of Mahjong Tiles and Tanabata, Lupin III Special 21: Lupin III vs Detective Conan, Detective Conan OVA 10: Kid in Trap Island, Detective Conan Magic File 4: Osaka Okonomiyaki Odyssey, Detective Conan OVA 11: A Secret Order from London, Detective Conan vs. Wooo, Detective Conan: Excalibur no Kiseki, Detective Conan Magic File 6: Fantasista Flower, The Disappearance of Conan Edogawa: The Worst Two Days in History, Detective Conan Movie 24: The Scarlet Bullet","Conan Edogawa : Minami Takayama, Heiji Hattori : Ryou Horikawa, Ayumi Yoshida : Yukiko Iwai, Genta Kojima : Wataru Takagi, Mitsuhiko Tsuburaya : Ikue Ootani, Ran Mori : Wakana Yamazaki, Sonoko Suzuki : Naoko Matsui, Ai Haibara : Megumi Hayashibara, Gosho Aoyama
Original Creator, Yasuichiro Yamamoto
Director, Katsuo Ono
Music, Masatomo Sudou
Character Design, Michihiko Suwa
Producer, Masahito Yoshioka
Producer","Gosho Aoyama : Original Creator, Yasuichiro Yamamoto : Director, Katsuo Ono : Music, Masatomo Sudou : Character Design, Michihiko Suwa : Producer, Masahito Yoshioka : Producer"
Is this a Zombie?, Kore wa Zombie desu ka?,TV   ,12.0,Studio DEEN,Winter,"Comedy, Ecchi, Fantasy, Magical Girl, Contemporary Fantasy, Crossdressing, Henshin Heroes, Magic, Panty Shots, Parody, School Life, Urban Fantasy, Zombies, Based on a Light Novel, Violence",3.84,2011.0,,"""Ayumu was murdered by a serial killer – at least, he was. For after the mysterious Eucliwood Hellscythe revives him, he changes from a human to a zombie, much to his dismay. Now, in addition to being unable to die, the boy must see to the whims of his supernatural, silent companion – but things continue to get worse from there. As once Ayumu accidentally steals a magical girl named Haruna's powers, he is tasked with the embarrassing, obnoxious task of being a magical girl – err, boy – in her stead! Then with the addition of a hostile vampire ninja to his household, can Ayumu manage to maintain his new home life, fight against attacking monsters, and track down the person who killed him all while attempting to keep what little dignity he has left in tact?""",Violence,"Is this a Zombie? (Light Novel), Is this a Zombie?","Is this a Zombie? OVA, Is this a Zombie? Of the Dead, Is this a Zombie? Of the Dead: Yes, This Suits Me Just Fine","Ayumu Aikawa : Junji Majima, Eucliwood Hellscythe : Sakura Tange, Haruna : Iori Nomizu, Seraphim : Youko Hikasa, Head Teacher : Ai Shimizu, King Of The Night : Kouji Yusa, Kyoko : Noriko Shitaya, Orito : Hiroyuki Yoshino, Takaomi Kanasaki
Director, Shinji Kakijima
Music, Shinobu Tagashira
Character Design, Yoshikazu Iwanami
Sound Director, Satoshi Fujita
Producer, Seiichi Hachiya
Producer, Seiichi Kawashima
Producer, Yoshikazu Kumagai
Producer","Takaomi Kanasaki : Director, Shinji Kakijima : Music, Shinobu Tagashira : Character Design, Yoshikazu Iwanami : Sound Director, Satoshi Fujita : Producer, Seiichi Hachiya : Producer, Seiichi Kawashima : Producer, Yoshikazu Kumagai : Producer"
Oreimo Specials, Ore no Imouto ga Konna ni Kawaii Wake ga Nai Specials,DVD S,,AIC Build,,"Comedy, Otaku Culture, Siblings, Based on a Light Novel",3.84,2011.0,,"'The other version of episode 12, ""True Route,"" will continue the story, which will end at episode 15.'",,"Ore no Imouto ga Konna ni Kawaii Wake ga Nai (Light Novel), Oreimo, Oreimo Comic Anthology, Oreimo: Kuroneko, Ore no Imouto ga Konna ni Kawaii Wake ga Nai: 4-koma Koushiki Anthology, Ore no Imouto ga Konna ni Kawaii Wake ga Nai: Ayase if","Oreimo, Oreimo Animated Commentary, ClariS: Nexus, ClariS: Reunion, Oreimo 2, Oreimo 2 Animated Commentary, Oreimo 2 Specials, Oreimo 2: Ore no Imouto ga Konnani Eroge na Wake Nai","Kuroneko : Kana Hanazawa, Kyousuke Kousaka : Yuuichi Nakamura, Gennosuke Miura : Go Inoue, Kaede Makabe : Yoshitsugu Matsuoka, Kirino Kousaka : Ayana Taketatsu, Manami Tamura : Satomi Satou, Sena Akagi : Mariya Ise, Ayase Aragaki : Saori Hayami, Hiroyuki Kanbe
Director, Satoru Kousaki
Music, Hiro Kanzaki
Character Design","Hiroyuki Kanbe : Director, Satoru Kousaki : Music, Hiro Kanzaki : Character Design"
Ojii-san no Lamp,,Movie,,Telecom Animation Film,,"Drama, Slice of Life, Anime Tamago, Countryside, Historical, Orphans, Shorts, Original Work",3.84,2011.0,,"""One day while playing hide-and-seek with his friends, Toichi finds an old oil lamp in the attic. Seeing how entranced his grandson is with the object, the boy's grandfather decides to regale him with a story from fifty years ago. Minosuke is a young orphan who picks up any odd jobs he can in order to scrape a living. After taking on another errand, Minosuke becomes enamored with the various lamps decorating the night-time streets in town. Determined to illuminate his village with this new technology, the strong-willed boy begins selling\xa0the items\xa0to his fellow villagers and soon becomes a successful merchant. However, the advent of electricity soon spells doom for the humble lamp seller's trade...""",,,,"Minosuke : Hiroshi Kamiya, Setsu : Risa Shimizu, Chief, Lampshop Owner : Mitsuru Ogata, Toichi : Mana Hirata, Teiichi Takiguchi
Director, Takefumi Haketa
Music, Minoko Takasu
Character Design, Kouji Takeuchi
Producer","Teiichi Takiguchi : Director, Takefumi Haketa : Music, Minoko Takasu : Character Design, Kouji Takeuchi : Producer"
Rurouni Kenshin: New Kyoto Arc, Kenshin: Shin Kyoto-Hen,OVA  ,2.0,Studio DEEN,,"Action, 19th Century, Feudal Japan, Samurai, Swordplay, Based on a Manga",3.83,2011.0,2012.0,"'Told from the perspective of Misao Makimachi, this alternate retelling of the Kyoto arc chronicles the adventures of wandering swordsman Kenshin Himura and his quest in putting a stop to the evil Makoto Shishio and his plot to take over Japan.'",,"Rurouni Kenshin, Rurouni Kenshin: Voyage to the Moon World (Light Novel), Rurouni Kenshin: Yahiko no Sakabatou, Rurouni Kenshin: Cherry Blossoms in the Spring, Rurouni Kenshin: Restoration, Rurouni Kenshin Uramaku: Honoo wo Suberu, Rurouni Kenshin: Meiji Kenkaku Romantan - Hokkaido-hen, Rurouni Kenshin Side Story: The Ex-Con Ashitaro","Rurouni Kenshin, Rurouni Kenshin: Special Techniques, Rurouni Kenshin Movie, Rurouni Kenshin: Tsuiokuhen, Rurouni Kenshin: Seisouhen","Kenshin Himura : Mayo Suzukaze, Hajime Saitou : Ken Narita, Kaoru Kamiya : Miki Fujitani, Makoto Shishio : Masanori Ikeda, Misao Makimachi : Tomo Sakurai, Seiku Arai : Masaaki Ishikawa, Seta Sojiro : Noriko Hidaka, Yahiko Myojin : Miina Tominaga, Nobuhiro Watsuki
Original Creator, Kazuhiro Furuhashi
Director, Noriyuki Asakura
Music, Hiromitsu Hagiwara
Character Design, Takeshi Naitou
Art Director, Ai Abe
Producer","Nobuhiro Watsuki : Original Creator, Kazuhiro Furuhashi : Director, Noriyuki Asakura : Music, Hiromitsu Hagiwara : Character Design, Takeshi Naitou : Art Director, Ai Abe : Producer"
Fullmetal Alchemist: The Sacred Star of Milos, Hagane no Renkinjutsushi: Milos no Seinaru Hoshi,Movie,,Bones,,"Action, Fantasy, Shounen, Military, Siblings, Based on a Manga",3.83,2011.0,,"'After following an escaped convict named Ashley Crichton to Table City, a town on the border of the neighbouring country Cleta, Ed and Al soon find that this is a much more complicated case than a simple criminal on the run. When their train is attacked upon arrival by a rebel faction known as the Black Bats, the two Elric brothers find themselves at the bottom of a deep valley that is now home to the people of Milos, whose lands were taken from them during bloody battle with both Cleta and Amestris. Headed by the Black Bats, the people of Milos are intent on ending their miserable days as slaves to the military and reclaiming their sacred land. In order to do this, they must find a way to control the legendary alchemy, which requires a Philosopher’s Stone known as the Star of Milos; however, they aren’t alone in their hunt for the gem…'",,"Fullmetal Alchemist, Fullmetal Alchemist (Light Novel), Fullmetal Alchemist Gaiden, Fullmetal Alchemist: The Prototype, Fullmetal Alchemist: The Complete Four-Panel Comics","Fullmetal Alchemist: Brotherhood, Fullmetal Alchemist: The Sacred Star of Milos Specials","Alphonse Elric : Rie Kugimiya, Ashley Crichton : Toshiyuki Morikawa, Edward Elric : Romi Park, Julia Crichton : Maaya Sakamoto, Gonzales : Bruce Dubose, Hershel : Hidenobu Kiuchi, Miranda : Sakiko Tamagawa, Peter Soyuz : Christopher Corey Smith, Hiromu Arakawa
Original Creator, Kazuya Murata
Director, Kiyotaka Oshiyama
Director, Tarou Iwashiro
Music, Kenichi Konishi
Character Design, Hiroo Maruyama
Producer, Masahiko Minami
Producer, Ryou Ooyama
Producer","Hiromu Arakawa : Original Creator, Kazuya Murata : Director, Kiyotaka Oshiyama : Director, Tarou Iwashiro : Music, Kenichi Konishi : Character Design, Hiroo Maruyama : Producer, Masahiko Minami : Producer, Ryou Ooyama : Producer"
Mayo Chiki!,,TV   ,13.0,feel.,Summer,"Comedy, Ecchi, Romance, Seinen, Crossdressing, Gynophobia, School Life, Based on a Light Novel",3.83,2011.0,,"""Due to his upbringing with a wrestler mother and an equally-as-strong sister who beat him up constantly, Kinjirou Sakamachi would rather die than be touched by the opposite sex. So when the boy accidentally discovers that the dreamy school idol (and butler of the wealthy Kanade) Subaru is actually a girl in disguise, Kinjirou finds his life becomes far more complicated. For in exchange for keeping Subaru's gender a secret, Kanade is determined to cure Kinjirou of his gynophobia, with Subaru's help, once and for all...""",,"Mayo Chiki! (Light Novel), Mayo Chiki!, Mayo Mayo!",,"Kanade Suzutsuki : Eri Kitamura, Kinjirou Sakamachi : Satoshi Hino, Subaru Konoe : Yuka Iguchi, Kureha Sakamachi : Kana Hanazawa, Masamune Usami : Mariya Ise, Nagare Konoe : Keiji Fujiwara, Nakuru Narumi : Kana Asumi, Choco, Keiichirou Kawaguchi
Director, Yukari Hashimoto
Music, Kousuke Kawamura
Character Design, Tomoko Kawasaki
Producer, Atsushi Yoshikawa
Producer, Takahiro Yamanaka
Producer, Gorou Shinjuku
Producer, Youhei Hayashi
Producer","Keiichirou Kawaguchi : Director, Yukari Hashimoto : Music, Kousuke Kawamura : Character Design, Tomoko Kawasaki : Producer, Atsushi Yoshikawa : Producer, Takahiro Yamanaka : Producer, Gorou Shinjuku : Producer, Youhei Hayashi : Producer"
Un-Go: Chapter of Inga, Un-Go Episode 0: Inga-ron,Movie,,Bones,,"Mystery, Detectives, Noir, Supernatural, Based on a Novel",3.83,2011.0,,'This prequel reveals the events around when Shinjuurou and Inga first meet and the events leading to their current arrangement.',,Un-Go: Inga-ron,"Un-Go: Inga Nikki, Un-Go","Shinjurou Yuuki : Ryo Katsuji, Bettenou, Inga : Aki Toyosaki, Izumi Koyama : Takako Honda, Makiro Serada : Tokuyoshi Kawashima, Myoushin Oono : Junichi Suwabe, Seigen Hayami : Miyu Irino, Yuuko Kurata : Haruka Tomatsu, Seiji Mizushima
Director, Yun Kouga
Character Design, Yoshihiro Ooyabu
Producer, Yoshinori Takeeda
Producer, Daisuke Konaka
Producer, Eiko Saitou
Animation Director & Key Animator, Yuuta Yamazaki
Key Animator","Seiji Mizushima : Director, Yun Kouga : Character Design, Yoshihiro Ooyabu : Producer, Yoshinori Takeeda : Producer, Daisuke Konaka : Producer, Eiko Saitou : Animation Director & Key Animator, Yuuta Yamazaki : Key Animator"
Dragon Ball Z Kai: Bring Peace to the Future! Goku's Spirit is Eternal, Dragon Ball Kai: Mirai ni Heiwa wo! Goku no Tamashii yo Eien ni,DVD S,,Toei Animation,,"Action, Shounen, Aliens, Hand to Hand Combat, Martial Arts, Superpowers, Based on a Manga",3.82,2011.0,,'No synopsis yet - check back soon!',,"Dragon Ball Z, Dragon Ball Heroes: Victory Mission, Dragon Ball Z: Fukkatsu no F, Dragon Ball Super, Dragon Ball: That Time I Got Reincarnated as Yamcha!, Super Dragon Ball Heroes: Ankoku Makai Mission!, Super Dragon Ball Heroes: Universe Mission!!","Dragon Ball Z, Dragon Ball Z Movie 1: Dead Zone, Dragon Ball Z Movie 2: The World's Strongest, Dragon Ball Z Movie 3: The Tree of Might, Dragon Ball Z Special 1: Bardock - The Father of Goku, Dragon Ball Z Movie 4: Lord Slug, Dragon Ball Z Movie 5: Cooler's Revenge, Dragon Ball Z Movie 6: Return of Cooler, Dragon Ball Z: Atsumare! Goku World, Dragon Ball Z Movie 7: Super Android 13, Dragon Ball Z Special 2: The History of Trunks, Dragon Ball Z Movie 8: Broly - The Legendary Super Saiyan, Dragon Ball Z Movie 9: Bojack Unbound, Dragon Ball Z: Plan to Destroy the Saiyajin, Dragon Ball Z Movie 10: Broly - Second Coming, Dragon Ball Z Movie 11: Bio-Broly, Dragon Ball Z Movie 12: Fusion Reborn, Dragon Ball Z Movie 13: Wrath of the Dragon, Dragon Ball: Yo! The Return of Son-Goku and Friends!!, Dragon Ball Z Kai, Dragon Ball: Plan to Destroy the Saiyajin, Dragon Ball: Episode of Bardock, Dragon Ball Z Movie 14: Battle of Gods, Dragon Ball Z Kai: The Final Chapters, Dragon Ball Z Movie 15: Resurrection 'F'","Future Trunks : Takeshi Kusao, Hina Hikawa, Android 17, Android 18, Bulma, Cell, Chi-Chi, Dr. Brief, Akira Toriyama
Original Creator",Akira Toriyama : Original Creator
Toriko TV,,TV   ,147.0,Toei Animation,Spring,"Action, Adventure, Comedy, Fantasy, Shounen, Food and Beverage, Superpowers, Based on a Manga",3.82,2011.0,2014.0,"'It’s the age of the gourmet and across the land lie countless delectable treats just waiting to be eaten. Unfortunately, many of the rarest and most delicious ingredients require special skills and incredible physical power to obtain them. Enter Toriko, a luxury food provider with a passion for anything edible. The hunter-for-hire travels across the globe alongside his new assistant, chef Komatsu, in order to sample each new ingredient and decide upon his ultimate full course menu. Armed with nothing but his “knife”, “fork” and appetite, can Toriko hunt down his prey and discover the perfect components to make up the banquet of his lifetime?'",,"Toriko, One Piece x Toriko: Jisshoku! Akuma no Mi!!","Toriko, Toriko x One Piece Collabo Special, Toriko 3D: Kaimaku Gourmet Adventure!!, Toriko x One Piece Collabo Special 2, Toriko Movie: Secret Recipe of Gourmet God!, Dream 9 Toriko x One Piece x Dragon Ball Z Super Collabo Special","Komatsu : Romi Park, Toriko : Ryotaro Okiayu, Coco : Takahiro Sakurai, Mansam : Juurouta Kosugi, Match : Kohsuke Toriumi, Midora : Masaki Terasoma, Rin : Asami Tano, Setsuno : Sakiko Uran, Mitsutoshi Shimabukuro
Original Creator, Hidehito Ueda
Director, Akifumi Zako
Director, Hiromi Mizutani
Music, Hisashi Kagawa
Character Design, Masahiro Shimanuki
Character Design, Takashi Washio
Producer, Kazuya Watanabe
Producer","Mitsutoshi Shimabukuro : Original Creator, Hidehito Ueda : Director, Akifumi Zako : Director, Hiromi Mizutani : Music, Hisashi Kagawa : Character Design, Masahiro Shimanuki : Character Design, Takashi Washio : Producer, Kazuya Watanabe : Producer"
Dragon Ball: Episode of Bardock,,Other,,Toei Animation,,"Action, Shounen, Aliens, Hand to Hand Combat, Martial Arts, Non-Human Protagonists, Superpowers, Based on a Manga",3.81,2011.0,,"""Bardock, Goku's father, was supposed to have died when Freezer's attack hit him along with Planet Vegeta. Instead, he was thrown back in time, to an age where the planet was still inhabited by strange creatures. There he met Freezer's ancestor, the space pirate Chilled, and fought against him to protect the planet.""",,"Dragon Ball Z, Dragon Ball: Episode of Bardock, Dragon Ball Heroes: Victory Mission, Dragon Ball Z: Fukkatsu no F, Dragon Ball Super, Dragon Ball: That Time I Got Reincarnated as Yamcha!, Super Dragon Ball Heroes: Ankoku Makai Mission!, Super Dragon Ball Heroes: Universe Mission!!","Dragon Ball Z, Dragon Ball Z Movie 1: Dead Zone, Dragon Ball Z Movie 2: The World's Strongest, Dragon Ball Z Movie 3: The Tree of Might, Dragon Ball Z Special 1: Bardock - The Father of Goku, Dragon Ball Z Movie 4: Lord Slug, Dragon Ball Z Movie 5: Cooler's Revenge, Dragon Ball Z Movie 6: Return of Cooler, Dragon Ball Z: Atsumare! Goku World, Dragon Ball Z Movie 7: Super Android 13, Dragon Ball Z Special 2: The History of Trunks, Dragon Ball Z Movie 8: Broly - The Legendary Super Saiyan, Dragon Ball Z Movie 9: Bojack Unbound, Dragon Ball Z: Plan to Destroy the Saiyajin, Dragon Ball Z Movie 10: Broly - Second Coming, Dragon Ball Z Movie 11: Bio-Broly, Dragon Ball Z Movie 12: Fusion Reborn, Dragon Ball Z Movie 13: Wrath of the Dragon, Dragon Ball: Yo! The Return of Son-Goku and Friends!!, Dragon Ball Z Kai, Dragon Ball: Plan to Destroy the Saiyajin, Dragon Ball Z Kai: Bring Peace to the Future! Goku's Spirit is Eternal, Dragon Ball Z Movie 14: Battle of Gods, Dragon Ball Z Kai: The Final Chapters, Dragon Ball Z Movie 15: Resurrection 'F'","Bardock : Masako Nozawa, Berry : Houko Kuwashima, Chilled : Ryuusei Nakao, Ipana : Masashi Ebara, Dodoria : Takashi Nagasako, Frieza : Ryuusei Nakao, Kyabira : Kazuyuki Ishikawa, Toobi : Keiji Hirai, Akira Toriyama
Original Creator, Yoshihiro Ueda
Director, Hiroshi Takaki
Music, Naoyoshi Yamamuro
Character Design","Akira Toriyama : Original Creator, Yoshihiro Ueda : Director, Hiroshi Takaki : Music, Naoyoshi Yamamuro : Character Design"
Haganai: I Don't Have Many Friends, Boku wa Tomodachi ga Sukunai,TV   ,12.0,AIC Build,Fall ,"Comedy, Ecchi, Harem, Otaku Culture, School Club, School Life, Based on a Light Novel, Nudity",3.8,2011.0,,"'Kodaka is a delinquent. At least, that’s what his fellow classmates seem to think. Thanks to his naturally-blonde hair and an unfortunate series of misunderstandings, the boy can’t seem to shake his false reputation and hasn’t made a single friend. That is, until one day he overhears the normally-aloof Yozora enthusiastically chatting with an imaginary friend, and discovers that she’s just as lonely as he is! In an attempt to finally meet people the duo decides to form the “Neighbors Club”, and are soon joined by a number of other fellow misfits such as Sena, the busty, popular daughter of the school president who can’t seem to connect with others. Together, the gang learns about the joys of friendship through many misadventures such as playing RPGs, visiting the swimming pool or even hunting down delicious takoyaki!'",Nudity,"Boku wa Tomodachi ga Sukunai (Light Novel), Boku wa Tomodachi ga Sukunai +, Haganai: I Don't Have Many Friends, Haganai: I Don't Have Many Friends - Now With 50% More Fail!, Boku wa Tomodachi ga Sukunai Anthology, Boku wa Tomodachi ga Sukunai x Seitokai no Ichizon Crossover Special, Haganai: I Don't Have Many Friends - Club Minutes, Boku wa Tomodachi ga Sukunai: Connect (Light Novel)","Haganai: I Don't Have Many Friends OVA, Haganai: I Don't Have Many Friends - A Round-Robin Story's Ending Is Way Extreme, Haganai: I Don't Have Many Friends NEXT","Kodaka Hasegawa : Ryouhei Kimura, Sena Kashiwazaki : Kanae Itou, Yozora Mikazuki : Marina Inoue, Kobato Hasegawa : Kana Hanazawa, Maria Takayama : Yuka Iguchi, Rika Shiguma : Misato Fukuen, Yukimura Kusunoki : Nozomi Yamamoto, Akari Fujibayashi : Ayako Kawasumi, Yomi Hirasaka
Original Creator, Hisashi Saitou
Director, Yoshihiro Watanabe
Character Design, Tatsuhiro Nitta
Producer, Gou Tanaka
Producer, Satoshi Tanaka
Producer, Yousuke Futami
Producer, Kentaro Iwasa
Producer","Yomi Hirasaka : Original Creator, Hisashi Saitou : Director, Yoshihiro Watanabe : Character Design, Tatsuhiro Nitta : Producer, Gou Tanaka : Producer, Satoshi Tanaka : Producer, Yousuke Futami : Producer, Kentaro Iwasa : Producer"
Is this a Zombie? OVA, Kore wa Zombie desu ka? OVA,OVA  ,2.0,Studio DEEN,,"Comedy, Fantasy, Contemporary Fantasy, Crossdressing, School Life, Urban Fantasy, Zombies",3.8,2011.0,2012.0,"'Haruna throws a carnival where Eu is the prize. Later, Sera tries her hand at cooking, and Ayumu is repeatedly probed in a very uncomfortable area!'",,"Is this a Zombie? (Light Novel), Is this a Zombie?","Is this a Zombie?, Is this a Zombie? Of the Dead, Is this a Zombie? Of the Dead: Yes, This Suits Me Just Fine","Ayumu Aikawa : Junji Majima, Eucliwood Hellscythe : Aya Hisakawa, Haruna : Iori Nomizu, Orito : Hiroyuki Yoshino, Sarasvati : Aya Gouda, Seraphim : Youko Hikasa, Shimomura : Itsuki Takizawa, Taeko Hiramatsu : Rie Yamaguchi, Shinji Kakijima
Music, Shinobu Tagashira
Character Design, Yoshikazu Iwanami
Sound Director, Satoshi Fujita
Producer, Seiichi Hachiya
Producer, Seiichi Kawashima
Producer, Yoshikazu Kumagai
Producer, Tomomi Numata
Producer","Shinji Kakijima : Music, Shinobu Tagashira : Character Design, Yoshikazu Iwanami : Sound Director, Satoshi Fujita : Producer, Seiichi Hachiya : Producer, Seiichi Kawashima : Producer, Yoshikazu Kumagai : Producer, Tomomi Numata : Producer"
Hellsing: The Dawn,,DVD S,,Graphinica,,"Action, Seinen, Europe, Overpowered Main Characters, Supernatural, Vampires, War, World War 2, Based on a Manga, Explicit Violence",3.8,2011.0,2012.0,"'Hellsing, an organization devoted to the elimination of the vampire threat, has recently uncovered information regarding the attempted production of ""man-made undead."" The world is presently in the thick of WWII, and the current leader of Hellsing fears the Nazis could potentially use these creatures as front-line super-soldiers. Although the technology of creating artificial vampires is still in its infancy, it has advanced enough to be a serious threat. In an attempt to put a stop to this perverse and dangerous experimentation, Hellsing has sent two of its most skilled agents to Poland. A young man by the name of Walter C. Dornes - a.k.a. ""The Angel of Death,"" and Alucard, an ancient vampire currently in forced service to the Hellsing Organization. Together, they attempt to stop the progress of the Nazi\'s efforts.'",Explicit Violence,"Hellsing, Hellsing: The Dawn","Hellsing: Psalm of Darkness, Hellsing, Hellsing Ultimate: Digest for Freaks, Hellsing Ultimate","Walter C. Dornez : Romi Park, Arthur Hellsing : Daisuke Namikawa, Hugh Islands : Junichi Suwabe, The Captain, The Doctor : Hiroshi Naka, The Major : Nobuo Tobita, Alucard : Jouji Nakata, Murasaki : Mitsuru Miyamoto",
Deadman Wonderland,,TV   ,12.0,Manglobe,Spring,"Action, Sci Fi, Shounen, Conspiracy, Framed for a Crime, High Stakes Games, Play or Die, Prison, PVP, Superpowers, Weak to Strong, Based on a Manga, Explicit Violence,, Nudity",3.8,2011.0,,"""Middle school student Ganta Igarashi witnessed the slaughter of his entire class by the mysterious 'Red Man', and as the only survivor, he was labeled a mass murderer and sentenced to death. Now an inmate at the privately-owned prison and ‘amusement park' known as Deadman Wonderland, Ganta must try to survive in a place where inmates are the main attraction in brutal gladiator-style games. At the same time, he must attempt to uncover the truth behind the ‘Red Man', his mysterious childhood friend Shiro, and why he was the only survivor that bloody day.""","Explicit Violence,, Nudity","Deadman Wonderland, Another. Deadman Wonderland, Deadman Wonderland (Light Novel)",Deadman Wonderland: The Red Knife Wielder,"Ganta Igarashi : Romi Park, Shiro : Kana Hanazawa, Karako Koshio : Kumiko Itou, Kyouko Kasuga : Chika Horikawa, Makina : Takako Honda, Minatsuki Takami : Iori Nomizu, Nagi Kengamine : Daisuke Ono, Rei Takashima : Mina, Jinsei Kataoka
Original Creator, Kouichi Hatsumi
Director, Narasaki
Music, Masaki Yamada
Character Design, Yoshikazu Iwanami
Sound Director, Naoshi Imamoto
Producer, Takashi Kouchiyama
Producer, Ryuichi Kimura
Episode Director & Storyboard","Jinsei Kataoka : Original Creator, Kouichi Hatsumi : Director, Narasaki : Music, Masaki Yamada : Character Design, Yoshikazu Iwanami : Sound Director, Naoshi Imamoto : Producer, Takashi Kouchiyama : Producer, Ryuichi Kimura : Episode Director & Storyboard"
Naruto Shippuden OVA: Sage Naruto vs Sasuke, Naruto x UT,OVA  ,1.0,Pierrot,,"Action, Shounen, Ninja, Rivalries, Shorts, Based on a Manga",3.8,2011.0,,"'Naruto and Sasuke’s friendship has always been full of rivalry and bitterness from the time they were small children in the academy\xa0 to their work together as chuunins. But despite their quarrels it was their competitive natures that made them the powerful shinobi that they are today. Now, following the latest earth-shattering clash between the two ninjas, the original members of Team Kakashi reminisce about the past as they try to come to terms with the devastation left in the pair’s wake.'",,"Naruto (Pilot), Naruto, Naruto: Innocent Heart, Demonic Blood (Light Novel), Rock Lee's Springtime of Youth, Road to Naruto the Movie, Naruto Jinraiden: Okami no Naku Hi (Light Novel), Naruto: Mission - Protect the Waterfall Village! (Light Novel), Naruto: Chibi Sasuke’s Sharingan Legend, Boruto: Road to ""B"", Naruto Secret Chronicles (Light Novel), Naruto: The Seventh Hokage and the Scarlet Spring, Boruto: Naruto the Movie Tokubetsu Bangai-hen - Naruto ga Hokage ni Natta Hi, Boruto: Naruto the Movie (Light Novel), Naruto True Story (Light Novel), Naruto Gaiden: Michita Tsuki ga Terasu Michi, Naruto: Konoha Shinden - Yukemuri Ninpouchou (Light Novel)","Naruto Shippuden, Naruto Shippuden Movie 1, Naruto Shippuden: Konoha Gakuen Picture Drama Special, Naruto Shippuden Movie 2: Bonds, Naruto Shippuden Movie 3: The Will of Fire, Naruto Shippuden Movie 4: The Lost Tower, Naruto Shippuden Movie 5: Blood Prison, Naruto: Honoo no Chuunin Shiken! Naruto vs Konohamaru!!, Naruto Shippuden Movie 6: Road to Ninja, Naruto Shippuden: Sunny Side Battle!, The Last: Naruto the Movie","Naruto Uzumaki : Junko Takeuchi, Sasuke Uchiha : Noriaki Sugiyama, Kakashi Hatake : Kazuhiko Inoue, Sakura Haruno :  Chie Nakamura, Gaara, Itachi Uchiha, Kabuto Yakushi, Kiba Inuzuka, Masashi Kishimoto
Original Creator",Masashi Kishimoto : Original Creator
Towanoquon Movie 1: The Ephemeral Petals, Towa no Quon 1 Movie: Utakata no Kaben,Movie,,Bones,,"Sci Fi, Supernatural, Superpowers, Original Work",3.8,2011.0,,"'In a futuristic Tokyo, humans who have awakened distinct powers are being hunted by a secret organization named Kestos. Denominated as Attracters, these exceptional individuals are joining forces to defend themselves.'",,Towa no Quon,"Towanoquon Movie 2: Dancing Orchard in Chaos, Towanoquon Movie 3: The Complicity of Dreams, Towanoquon Movie 4: The Roaring Anxiety, Towanoquon Movie 5: The Return of the Invincible, Towanoquon Movie 6: Eternal Quon","Quon Mitsuchi : Hiroshi Kamiya, Genji Kamishiro : Shinichirou Miki, Kazui Yuuma : Mikako Komatsu, Kiri Jougasaki : Saori Hayami, Miu : Chiaki Omigawa, Sayuri Jougasaki : Michie Ikeda, Seiji Kannazuki : Tooru Ookawa, Takao : Miyu Irino, Takeshi Mori
Director, Umanosuke Iida
Director, Kenji Kawai
Music, Toshihiro Kawamoto
Character Design, Toshiaki Doushita
Producer, Hisato Usui
Producer, Osamu Hosokawa
Producer, Makoto Watanabe
Producer","Takeshi Mori : Director, Umanosuke Iida : Director, Kenji Kawai : Music, Toshihiro Kawamoto : Character Design, Toshiaki Doushita : Producer, Hisato Usui : Producer, Osamu Hosokawa : Producer, Makoto Watanabe : Producer"
Tales of Symphonia the Animation: The United World Episode, Tales of Symphonia the Animation: Sekai Tougou-hen,OVA  ,3.0,ufotable,,"Action, Adventure, Fantasy, Magic, Swordplay, Based on a Video Game",3.79,2011.0,2012.0,"'After a long battle, all comes to an end as Lloyd and his comrades fight for the fate of the world. As they reach the Tower of Salvation, where everything began, everything about the past and the future is revealed, and not everyone is who they seem.'",,"Tales of Symphonia, Tales of Symphonia BC Anthology Collection, Tales of Symphonia: Extra Load, BC Anthology Collection: Tales of Symphonia 4-koma Short Comic Selection, Tales of Symphonia: Ratatosk no Kishi - Onshuu no Richter, Tales of Symphonia: Shokuzai no Kratos (Light Novel)","Tales of Symphonia the Animation: Sylvarant Episode, Tales of Symphonia the Animation: Tethe'alla Episode, Tales of Symphonia the Animation: The United World Episode Specials","Colette Brunel : Nana Mizuki, Genis Sage : Ai Orikasa, Kratos Aurion : Fumihiko Tachiki, Lloyd Irving : Katsuyuki Konishi, Presea Combatir : Houko Kuwashima, Raine Sage : Yumi Touma, Regal Bryant : Akio Ootsuka, Sheena Fujibayashi : Akemi Okamura, Haruo Sotozaki
Director, Zizz Studio
Music, Akira Matsushita
Character Design, Takayuki Matsunaga
Producer, Keitarou Sunohara
Producer","Haruo Sotozaki : Director, Zizz Studio : Music, Akira Matsushita : Character Design, Takayuki Matsunaga : Producer, Keitarou Sunohara : Producer"
Towanoquon Movie 2: Dancing Orchard in Chaos, Towa no Quon 2 Movie: Konton no Ranbu,Movie,,Bones,,"Sci Fi, Supernatural, Superpowers, Original Work",3.79,2011.0,,"""Flower drawings are being found near murder victims around the city. Meanwhile, a new player enters the fray. This shy attractor is hiding a big secret, and Quon must figure out what to do before it's too late.""",,Towa no Quon,"Towanoquon Movie 1: The Ephemeral Petals, Towanoquon Movie 3: The Complicity of Dreams, Towanoquon Movie 4: The Roaring Anxiety, Towanoquon Movie 5: The Return of the Invincible, Towanoquon Movie 6: Eternal Quon","Quon Mitsuchi : Hiroshi Kamiya, Delta : Minako Kotobuki, Epsilon : Kohsuke Toriumi, Genji Kamishiro : Shinichirou Miki, Kaoru : Yuuki Kaji, Kiri Jougasaki : Saori Hayami, Miu : Chiaki Omigawa, Tei Ryumonji : Kaori Nazuka, Takeshi Mori
Director, Umanosuke Iida
Director, Kenji Kawai
Music, Toshihiro Kawamoto
Character Design, Toshiaki Doushita
Producer, Hisato Usui
Producer, Osamu Hosokawa
Producer, Makoto Watanabe
Producer","Takeshi Mori : Director, Umanosuke Iida : Director, Kenji Kawai : Music, Toshihiro Kawamoto : Character Design, Toshiaki Doushita : Producer, Hisato Usui : Producer, Osamu Hosokawa : Producer, Makoto Watanabe : Producer"
Inazuma Eleven GO: Kyuukyoku no Kizuna Gryphon,,Movie,,OLM,,"Sports, Island, Soccer, Based on a Video Game",3.79,2011.0,,"""Tenma, Shindou, Tsurugi, and the rest of the Raimon soccer team are busy practicing for their next match when they receive surprising news: they're being ordered to undergo secret training at an undisclosed location! But on their arrival the group soon discovers that this isn’t any normal training routine, it's punishment for refusing to follow match-fixing orders from Fifth Sector, the clandestine governing body of youth soccer. Stranded on an island and firmly in the clutches of the organization, Tenma and the gang are forced into a winner-take-all match against a team of experimentally trained, elite soccer players. With their freedom hanging in the balance, will Raimon be able to beat the odds and come out on top?""",,"Inazuma Eleven, Inazuma Eleven: Penguin wo Tsugu Mono","Inazuma Eleven, Inazuma Eleven: Saikyou Gundan Ogre Shuurai, Inazuma Eleven GO, Inazuma Eleven GO: Chrono Stone, Inazuma Eleven GO: Galaxy, Inazuma Eleven: Chou Jigen Dream Match, Inazuma Eleven: Outer Code, Inazuma Eleven: Ares no Tenbin","Kyousuke Tsurugi : Takashi Oohara, Takuto Shindou : Mitsuki Saiga, Tenma Matsukaze : Yuka Terasaki, Akio Fudou : Yuuki Kaji, Douzan Kibayama : Ryuzaburo Otomo, Hakuryuu : Jun Fukuyama, Heigoro Kabeyama : Megumi Tano, Hikaru Kageyama : Ayumi Fujimura, Yoshikazu Miyao
Director, Shiho Terada
Music, Hitoshi Ueda
Character Design, Yuuji Ikeda
Character Design, Yuko Inoue
Character Design, Chizuko Kusakabe
Character Design, Takashi Honda
Character Design, Kyouko Takeuchi
Character Design","Yoshikazu Miyao : Director, Shiho Terada : Music, Hitoshi Ueda : Character Design, Yuuji Ikeda : Character Design, Yuko Inoue : Character Design, Chizuko Kusakabe : Character Design, Takashi Honda : Character Design, Kyouko Takeuchi : Character Design"
Hourou Musuko, Wandering Son,TV   ,11.0,AIC Classic,Winter,"Drama, Romance, Seinen, Slice of Life, Childhood Friends, Coming of Age, LGBT Themes, noitaminA, School Life, Based on a Manga",3.78,2011.0,,"'Shuichi Nitori is about to start middle school with a terrible secret: he wishes he were a girl and likes wearing their clothes. With the right outfit and his cute, effeminate looks, he is often able to convince people that he is someone else - or even something else. Unfortunately, although his best friend and object of affection, Takatsuki, accepts him as he is, she does not return Shuichi’s feelings. Moreover, school is an unforgiving place and Shuichi walks a fine line between liberating his true self and being labelled a freak by all his peers...'",,Wandering Son,Hourou Musuko Specials,"Saori Chiba : Yuuka Nanri, Shuichi Nitori : Kosuke Hatakeyama, Yoshino Takatsuki : Asami Seto, Anna Suehiro : Yui Horie, Chizuru Sarashina : Saeko Chiba, Kanako Sasa : Yoshino Nanjou, Maho Nitori : Nana Mizuki, Makoto Ariga : Yuuichi Iguchi, Takako Shimura
Original Creator, Ei Aoki
Director & Episode Director & Storyboard, Satoru Kousaki
Music, Keiichi Okabe
Music, Ryuuichi Makino
Character Design, Makoto Kimura
Producer, Shunsuke Saitou
Producer, Jiyuu Ougi
Producer","Takako Shimura : Original Creator, Ei Aoki : Director & Episode Director & Storyboard, Satoru Kousaki : Music, Keiichi Okabe : Music, Ryuuichi Makino : Character Design, Makoto Kimura : Producer, Shunsuke Saitou : Producer, Jiyuu Ougi : Producer"
Hourou Musuko Specials, Wandering Son Specials,DVD S,,AIC Classic,,"Drama, Seinen, Slice of Life, Coming of Age, LGBT Themes, School Life, Based on a Manga",3.78,2011.0,,'No synopsis yet - check back soon!',,Wandering Son,Hourou Musuko,"Shuichi Nitori, Yoshino Takatsuki, Anna Suehiro, Chizuru Sarashina, Kanako Sasa, Maho Nitori, Makoto Ariga, Saori Chiba",
Mardock Scramble: The Second Combustion, Mardock Scramble The Second Combustion,Movie,,GoHands,,"Sci Fi, Cyberpunk, Gambling, Based on a Novel, Explicit Violence,, Nudity",3.78,2011.0,,"'Rescued from a deadly assault on their headquarters, Rune Balot finds temporary shelter in “Paradise” - a high-tech laboratory where the Scramble 09 protocol originated. While the severely injured Oeufcoque regenerates in a healing vat, Rune struggles with her equally injured psyche. As the search for Shell’s hidden memories continues, Rune struggles to bring the man that murdered her to justice in the second combustible volume of Mardock Scramble!'","Explicit Violence,, Nudity",Mardock Scramble,"Mardock Scramble: The First Compression, Mardock Scramble: The Third Exhaust","Oeufcoque Penteano : Norito Yashima, Rune Balot : Megumi Hayashibara, Dimsdale Boiled : Tsutomu Isobe, Dr. Easter : Hiroki Touchi, Shell Septinos : Kazuya Nakai, Ashley Harvest, Bell Wing : Toshiko Fujita, Medium The Fingernail : Norio Wakamoto, Susumu Kudou
Director, Conisch
Music, Jun Nakai
Character Design, Shingo Suzuki
Character Design & Chief Animation Director & Key Animator & Storyboard","Susumu Kudou : Director, Conisch : Music, Jun Nakai : Character Design, Shingo Suzuki : Character Design & Chief Animation Director & Key Animator & Storyboard"
Carnival Phantasm: EX Season,,OVA  ,1.0,Lerche,,"Comedy, Fantasy, Crossover, Gag, Parody",3.78,2011.0,,'No synopsis yet - check back soon!',,,"Lunar Legend Tsukihime, Carnival Phantasm, Carnival Phantasm: Illya's Castle, Carnival Phantasm: HibiChika Special","Arcueid Brunestud : Ryouka Yuzuki, Caren Ortensia : Ami Koshimizu, Lancer : Nobutoshi Canna, Shiki Tohno : Kenji Nojima, Chaos Nero : Kenta Miyake, Gilgamesh : Aya Endou, Illyasviel Von Einzbern : Mai Kadowaki, Len, Seiji Kishi
Director, Yasuharu Takanashi
Music, Kazuaki Morita
Character Design, Tomohito Hirose
Character Design, Kei Fukura
Producer, Masayuki Hiraoka
Key Animator, Jimmy Stone
Key Animator","Seiji Kishi : Director, Yasuharu Takanashi : Music, Kazuaki Morita : Character Design, Tomohito Hirose : Character Design, Kei Fukura : Producer, Masayuki Hiraoka : Key Animator, Jimmy Stone : Key Animator"
Lupin III Special 23: Blood Seal of the Eternal Mermaid, Lupin III Special 23: Chi no Kokuin - Eien no Mermaid,TV Sp,,Telecom Animation Film,,"Action, Comedy, Seinen, Criminals, Thieves, Based on a Manga, Violence",3.77,2011.0,,"""Lupin's latest heist involves stealing a pair of jewels that hold the secret to an even greater treasure, but unfortunatly there's a lot of obstacles in Lupin's way. The smallest one involves Maki, a 14 year old girl who wants Lupin to teach her to be a thief. But what is her connection to the treasure and the mysterious girl Misa. The secrets behind the treasure reach back even into Lupin's own past.""",Violence,"Lupin III, Lupin Kozou","Lupin III: Pilot Film, Lupin III, Lupin III: Part II, Lupin III: The Mystery of Mamo, Lupin III: The Castle of Cagliostro, Lupin III: Part III, Lupin III: Legend of the Gold of Babylon, Lupin III: The Fuma Conspiracy, Lupin III: Secret Files, Lupin III Special 1: Bye Bye, Lady Liberty, Lupin III Special 2: The Hemingway Papers, Lupin III Special 3: Napoleon's Dictionary, Lupin III Special 4: From Siberia With Love, Lupin III Special 5: Voyage To Danger, Lupin III Special 6: Dragon of Doom, Lupin III: Farewell to Nostradamus, Lupin III Special 7: The Pursuit of Harimao's Treasure, Lupin III: Dead or Alive, Lupin III Special 8: The Secret Of The Twilight Gemini, Lupin III Special 9: Island of Assassins, Lupin III Special 10: Crisis in Tokyo, Lupin III Special 11: The Columbus Files, Lupin III Special 12: Missed by a Dollar, Lupin III Special 13: Alcatraz Connection, Lupin III: Return Of Pycal, Lupin III Special 14: Episode 0 - First Contact, Lupin III Special 15: Operation Return the Treasure, Lupin III Special 16: Stolen Lupin, Lupin III Special 17: Angel Tactics, Lupin III Special 18: Seven Days Rhapsody, Lupin III Special 19: The Elusiveness of the Fog, Lupin III: Green vs Red, Lupin III Special 20: Sweet Lost Night, Lupin III Special 21: Lupin III vs Detective Conan, Monkey Majik: Lupin the Third, Lupin III Special 22: The Last Job, Lupin VIII: Arsene and Cie, Lupin III: Lupin Family All-Stars, Lupin III: The Woman Called Fujiko Mine, Lupin III Special 24: Touhou Kenbunroku - Another Page, Lupin III Special 25: Princess of the Breeze - Kakusareta Kuuchuu Toshi, Lupin III: Jigen's Gravestone, Lupin III: Part IV, Lupin III Special 26: Italian Game, Lupin III: Goemon's Blood Spray, Lupin III Special 27: Goodbye Partner, Lupin III: The First","Arsene Lupin Iii : Kanichi Kurita, Daisuke Jigen : Kiyoshi Kobayashi, Fujiko Mine : Miyuki Sawashiro, Goemon Ishikawa Xiii : Daisuke Namikawa, Himuro : Akira Ishida, Koichi Zenigata : Kouichi Yamadera, Maki : Haruka Shibuya, Kageura : Shiro Saito, Teiichi Takiguchi
Director, Yuuji Oono
Music, Yoshiharu Satou
Character Design, Toshio Nakatani
Producer, Kouji Takeuchi
Producer, Yasumichi Ozaki
Producer, Naoki Iwasa
Producer","Teiichi Takiguchi : Director, Yuuji Oono : Music, Yoshiharu Satou : Character Design, Toshio Nakatani : Producer, Kouji Takeuchi : Producer, Yasumichi Ozaki : Producer, Naoki Iwasa : Producer"
Nichijou: My Ordinary Life Episode 0,,OVA  ,1.0,Kyoto Animation,,"Comedy, Shounen, Slice of Life, Androids, Gag, Robots, School Life, Based on a Manga",3.77,2011.0,,"'Everyday life may be full of mundane occurrences, but hidden amongst the banality, you can always find something fun to brighten your day. While schoolgirl Mio attempts to cheer up Yuuko after her horrific test score, Nano desperately tries in vain to get the stubborn Hakase to take her medicine. No matter the situation, these innocent girls can make the most of every situation, even by doing cartwheels at a deserted railway station.'",,Nichijou: My Ordinary Life,"Nichijou: My Ordinary Life, Nichijou: My Ordinary Life Specials","Hakase : Hiromi Konno, Mai Minakami : Misuzu Togashi, Mio Naganohara : Mai Aizawa, Nano Shinonome : Shizuka Furuya, Sakamoto : Minoru Shiraishi, Yuuko Aioi : Mariko Honda, Annaka, Izumi Sakurai, Keiichi Arawi
Original Creator, Tatsuya Ishihara
Director, Futoshi Nishiya
Animation Director & Character Design, Hideaki Hatta
Producer, Atsushi Itou
Producer","Keiichi Arawi : Original Creator, Tatsuya Ishihara : Director, Futoshi Nishiya : Animation Director & Character Design, Hideaki Hatta : Producer, Atsushi Itou : Producer"
Yuru Yuri, YURUYURI - Happy Go Lily,TV   ,12.0,Doga Kobo,Summer,"Comedy, GL, Seinen, Shoujo-ai, Slice of Life, School Club, School Life, Based on a Manga",3.76,2011.0,,"""It's the first day of middle school for Akari, and the enthusiastic girl is determined to reinvent her personality and have tons of fun in the process. Along with her friends, mischievous Kyouko, serious Yui, and adorable Chinatsu, the girl joins the Amusement Club, a group for students who just want to hang out and joke around! Over the year, the girls befriend upperclassmen, impersonate their favorite magical girl characters, and develop crushes... sometimes even on each other!""",,"Yuru Yuri, Risetto!, Big Sister Mode, Yuru Yuri Comic Anthology, Oomuroke","Yuru Yuri: Doushite, Tomaranai, Tokimeki, Doki Doki, Paradox, Eternal, Yuru Yuri ♪♪, Yuru Yuri Nachu Yachumi!, Yuru Yuri Nachu Yachumi!+, Yuru Yuri San☆Hai!, Yuru Yuri,","Akari Akaza : Shiori Mikami, Chinatsu Yoshikawa : Rumi Ookubo, Kyouko Toshinou : Yuka Ootsubo, Yui Funami : Minami Tsuda, Ayano Sugiura : Saki Fujita, Chitose Ikeda : Aki Toyosaki, Himawari Furutani : Suzuko Mimori, Sakurako Ohmuro : Emiri Katou, Namori
Original Creator, Masahiko Oota
Director, Yasuhiro Misawa
Music, Chiaki Nakajima
Character Design, Takashi Yoshizawa
Producer, Youko Kawahara
Producer, Yuuji Yanase
Animation Director & Assistant Animation Director & Storyboard, Daisuke Itou
Chief Assistant Animation Director","Namori : Original Creator, Masahiko Oota : Director, Yasuhiro Misawa : Music, Chiaki Nakajima : Character Design, Takashi Yoshizawa : Producer, Youko Kawahara : Producer, Yuuji Yanase : Animation Director & Assistant Animation Director & Storyboard, Daisuke Itou : Chief Assistant Animation Director"
Blue Exorcist: Kuro's Trip Away From Home, Ao no Exorcist: Tokubetsu Bangai Hen Kuro no Iede,DVD S,,A-1 Pictures,,"Shounen, Cats, Japanese Mythology, Youkai, Based on a Manga",3.75,2011.0,,"'After being teased by Rin and lectured by Yukio, Kuro decides to run away from home and go on an adventure. The demonic cat begins by wandering around campus searching for something to eat -\xa0but unfortunately everyone he meets is more interested in playing with him, trying to kill him, or attempting to feed him inedible sludge! Feeling that he has no place to call home, Kuro decides to go and visit his former master. But will he be able to get there on his own, and will he be able to find\xa0the place where\xa0he truly belongs?'",,"Time Killers: Kazue Kato Short Story Collection, Blue Exorcist, Salaryman Futsumashi Okumura Yukio no Aishuu","Blue Exorcist, Blue Exorcist Specials, Blue Exorcist Movie Special, Blue Exorcist Movie, Blue Exorcist: Kyoto Saga, Blue Exorcist OVA","Kuro : Ayahi Takagaki, Rin Okumura : Nobuhiko Okamoto, Amaimon : Tetsuya Kakihara, Igor Neuhaus : Ryotaro Okiayu, Izumo Kamiki : Eri Kitamura, Kaoru Tsubaki : Kazuhiro Ooguro, Konekomaru Miwa : Yuuki Kaji, Mephisto Pheles : Hiroshi Kamiya, Kazue Katou
Original Creator",Kazue Katou : Original Creator
Ben-To,,TV   ,12.0,David Production,Fall ,"Action, Comedy, Convenience Store, Food and Beverage, Hand to Hand Combat, Based on a Light Novel",3.75,2011.0,,"'After collapsing in the street bloodied and battered, You Satou has no recollection of what happened to him – the only thing he remembers is going to the supermarket to buy a bento lunchbox. After having bizarre encounters the entire following day including a stern warning to stay away from the store, You returns that night to buy dinner. But when he spies the shelf of half-priced bento and reaches out for one, the penniless teen finds himself thrust into a world where the rush to get a good deal becomes an epic battle in which only the strongest survive…'",,"Ben-To (Light Novel), Ben-To",Ben-To Picture Drama,"Ayame Shaga : Emiri Katou, Sen Yarizui : Mariya Ise, You Satou : Hiro Shimono, Asebi Inoue : Ayana Taketatsu, Hana Oshiroi : Aoi Yuuki, Kyou Sawagi : Yukari Tamura, Kyou Sawagi : Yui Horie, Nikaido : Kazuyuki Okitsu, Shin Itagaki
Director & Ed Director & Episode Director & Key Animator & Screenplay & Series Composition & Storyboard, Taku Iwasaki
Music, Katsuzou Hirata
Character Design, Kazuhiro Yamada
Photography Director, Yoshimi Umino
Art Director, Takashi Takano
Producer, Kouji Kajita
Producer, Kazuhiro Kanemitsu
Producer","Shin Itagaki : Director & Ed Director & Episode Director & Key Animator & Screenplay & Series Composition & Storyboard, Taku Iwasaki : Music, Katsuzou Hirata : Character Design, Kazuhiro Yamada : Photography Director, Yoshimi Umino : Art Director, Takashi Takano : Producer, Kouji Kajita : Producer, Kazuhiro Kanemitsu : Producer"
The World God Only Knows: Four Girls and an Idol, Kami nomi zo Shiru Sekai: Yonin to Idol,OVA  ,1.0,Manglobe,,"Comedy, Shounen, Music, School Club, School Life, Based on a Manga",3.73,2011.0,,"""All Chihiro and her friends want is to start a band, but passion doesn't equal talent and the girls sound terrible to say the least! So at Elsie's suggestion, the gang decides to create a light music club in hopes that practice makes perfect, but there's a catch: the ever-oppressive Mr. Kodama won't allow it unless the group scores perfectly on their upcoming English exam! Now to make their dream come true, the girls must study harder than ever - even if it means getting tutored by the Capturing God himself!""",,"Kami Nomi zo Shiru Sekai, Kami nomi zo Shiru Sekai (Light Novel), Kami nomi zo Shiru Sekai: On the Train+Pilot Films","The World God Only Knows: Flag 0, The World God Only Knows, Nonstop!! Hunters, The World God Only Knows II, The World God Only Knows: Natsuiro Surprise, The World God Only Knows: Tenri Arc, The World God Only Knows: Magical Star Kanon 100%, The World God Only Knows: Goddesses Arc","Ayumi Takahara : Ayana Taketatsu, Chihiro Kosaka : Kana Asumi, Elucia De Lute Ima : Kanae Itou, Kanon Nakagawa : Nao Touyama, Miyako Terada : Nozomi Chikamura, Keima Katsuragi : Hiro Shimono, Ichirou Kodama : Ryuusei Nakao, Okada : Miki Itou, Shigehito Takayanagi
Director, Hayato Matsuo
Music, Akio Watanabe
Character Design, Kazuhiro Yamada
Photography Director, Yoshikazu Iwanami
Sound Director, Mitomu Asai
Producer, Takeyuki Suzuki
Producer, Tomotaka Iida
Producer","Shigehito Takayanagi : Director, Hayato Matsuo : Music, Akio Watanabe : Character Design, Kazuhiro Yamada : Photography Director, Yoshikazu Iwanami : Sound Director, Mitomu Asai : Producer, Takeyuki Suzuki : Producer, Tomotaka Iida : Producer"
The House,,Movie,,,,"Korean Animation, Supernatural",3.72,2011.0,,'Ga-young loves beautiful houses and meets house spirits in her shabby neighbourhood.',,,,"Ga-Young, Zipsin",
Kimi ni Todoke - From Me To You 2nd Season Specials,,DVD S,,Production I.G,,"Comedy, Fantasy, Shoujo, Chibi, Based on a Manga",3.72,2011.0,,"'Sawako and the gang have decided to re-enact classic fairy tales complete with their own personal touch. With Kurumi taking centre stage as the heroine, it’s left to Sawako to take on the villain’s role. But with Buddhist chanting substituting for magic and wrecking balls instead of poisoned apples, will Kurumi be able to snag her beloved Prince Kazehaya once and for all?'",,"Kimi ni Todoke: From Me to You, Kimi ni Todoke: From Me to You (Light Novel), Kimi ni Todoke: From Me to You Bangai-hen - Unmei no Hito","Kimi ni Todoke - From Me To You, Kimi ni Todoke - From Me To You 2nd Season: A Crush, Kimi ni Todoke - From Me To You 2nd Season","Sawako Kuronuma : Mamiko Noto, Ume Kurumizawa : Aya Hirano, Kazuichi Arai, Shota Kazehaya, Ayane Yano, Chizuru Yoshida, Kento Miura, Ryu Sanada",
You and Me., Kimi to Boku.,TV   ,13.0,J.C.Staff,Fall ,"Comedy, Shounen, Slice of Life, Childhood Friends, Iyashikei, School Life, Based on a Manga",3.72,2011.0,,"""Shun, Kaname, and the twins Yuuki and Yuuta have known each other since they were young children and are now entering their second year at Homare High School.\xa0However, despite having been friends for many years, their life together isn’t always\xa0smooth sailing. And with the sarcastic and indifferent twins constantly teasing or irritating the serious Kaname, it's left up to the optimistic and kind Shun to keep the peace. But no matter their differences, the four boys stick together through everything, whether they’re simply reminiscing about their days in kindergarten, attempting to get Yuuki interested in a school club, or trying to stop the source of Shun's recent run of bad luck.""",,Kimi to Boku.,You and Me. 2,"Chizuru Tachibana : Mana Hirata, Kaname Tsukahara : Yuuki Ono, Masaki Sato : Miyuki Satou, Shun Matsuoka : Toshiyuki Toyonaga, Yuuki Asaba : Ryouhei Kimura, Yuuta Asaba : Kouki Uchiyama, Fuyuki Matsuoka : Nobuhiko Okamoto, Kayo Sakura : Aya Endou, Kiichi Hotta
Original Creator, Mamoru Kanbe
Director, Masato Nakayama
Music, Masayuki Onchi
Character Design","Kiichi Hotta : Original Creator, Mamoru Kanbe : Director, Masato Nakayama : Music, Masayuki Onchi : Character Design"
Uta no Prince-sama: Maji Love 1000%,,TV   ,13.0,A-1 Pictures,Summer,"Reverse Harem, Shoujo, Music, Music School, School Life, Based on an Otome Game, Based on a Visual Novel",3.72,2011.0,,"'When Haruka gets the chance to take the entrance exam for Saotome Academy for the Performing Arts, it seems as though she’s one step closer to her dream of composing songs for her favorite singer, Hayato. However, this is no gleeful high school musical experience, and Haruka’s hiding a dreadful secret that may silence her musical ambitions forever. And even if she does get into Saotome, the competition will be more brutal than going on Japan’s Top Idol!'",,"Uta no Prince-sama, Uta no Prince-sama Debut, Uta no Prince-sama: Maji Love 2000%","Uta no Prince-sama: Maji Love 2000% Special, Uta no Prince-sama: Maji Love 2000%, Uta no Prince-sama: Maji Love Revolutions, Uta no Prince-sama: Maji Love Legend Star, Setsugetsuka, Uta no Prince Sama: Maji Love Kingdom, Uta no Prince-sama: Maji Love Starish Tours","Haruka Nanami : Miyuki Sawashiro, Masato Hijirikawa : Kenichi Suzumura, Natsuki Shinomiya : Kishou Taniyama, Otoya Ittoki : Takuma Terashima, Ren Jinguuji : Junichi Suwabe, Syo Kurusu : Hiro Shimono, Tokiya Ichinose : Mamoru Miyano, Ringo Tsukimiya : Yuuichi Nakamura, Yuu Kou
Director, Elements Garden
Music, Mitsue Mori
Character Design, Kazuko Nakashima
Color Design, Shigeru Nishiyama
Editor","Yuu Kou : Director, Elements Garden : Music, Mitsue Mori : Character Design, Kazuko Nakashima : Color Design, Shigeru Nishiyama : Editor"
Ah! My Goddess (2011),,OVA  ,3.0,AIC,,"Comedy, Seinen, Amusement Park, Magic, Non-Human Protagonists, Based on a Manga",3.71,2011.0,2013.0,"""An amusement park that Keiichi and Belldandy once went to together is closing down. They decide to go to it again on the closing day for a long overdue outing together. Meanwhile, an excess of happiness in the world is threatening to make the Goddesses unnecessary. It turns out that the source of the excess happiness is Belldandy. Urd and Skuld have to figure out what is causing Belldandy's happiness to overflow before it goes out of control and eliminates the need for Goddesses to exist in this world.""",,"Oh My Goddess!, Oh My Goddess!: Adventures of the Mini-Goddesses, Oh My Goddess! First End (Light Novel), Aa! Shuukatsu no Megami-sama!","Ah! My Goddess, Oh! My Goddess: The Adventures of Mini-Goddess, Ah! My Goddess: The Movie, Ah! My Goddess TV, Ah! My Goddess TV Specials, Ah! My Goddess: Flights of Fancy, Ah! My Goddess: Flights of Fancy Specials, Ah! My Goddess: Fighting Wings","Belldandy : Kikuko Inoue, Keiichi Morisato : Masami Kikuchi, Eir : Yoshino Nanjou, Hild : Gara Takashima, Saga : Yoshino Nanjou, Skuld : Aya Hisakawa, Urd : Yumi Touma, Yuuki Shimano : Shinichirou Ueda, Kosuke Fujishima
Original Creator, Hiroaki Gohda
Director, Hidenori Matsubara
Character Design, Yoshikazu Iwanami
Sound Director","Kosuke Fujishima : Original Creator, Hiroaki Gohda : Director, Hidenori Matsubara : Character Design, Yoshikazu Iwanami : Sound Director"
One Piece 3D: Mugiwara Chase,,Movie,,Toei Animation,,"Action, Adventure, Shounen, Pirates, Superpowers, Based on a Manga, CG Animation",3.71,2011.0,,"'When Luffy’s hat is stolen one night by a large bird, the entire crew begins scouring the ocean in search of the flighty thief. While searching, Usopp and Chopper happen upon a mysterious and sick pirate on an otherwise deserted ship and take him aboard the Thousand Sunny in order to treat him. However, before they can deal with their new guest, the Straw Hat pirates must catch up to the bird, evade the marines that are hot on their tail, and escape from a den of giant sea monsters!'",,One Piece,One Piece,"Monkey D. Luffy : Mayumi Tanaka, Brook : Choo, Franky : Kazuki Yao, Marine Captain, Nami : Akemi Okamura, Robin Nico : Yuriko Yamaguchi, Sanji : Hiroaki Hirata, Schneider : Tomomitsu Yamaguchi, Eiichiro Oda
Original Creator, Hiroyuki Satou
Director, Tokyo Ska Paradise Orchestra
Music, Hideaki Maniwa
Character Design","Eiichiro Oda : Original Creator, Hiroyuki Satou : Director, Tokyo Ska Paradise Orchestra : Music, Hideaki Maniwa : Character Design"
Senjou no Valkyria 3: Tagatame no Juusou,,OVA  ,2.0,A-1 Pictures,,"Action, Fantasy, Europe, War, Based on a Video Game",3.71,2011.0,,"'During the Gallian war with the Empire, the nameless is a renegade squadron in Gallia. Although being labeled as enemies by both the Gallian and Imperial army, the nameless struggle to protect the civilians following their motto, ""where the regular army can\'t, the nameless can"".'",,"Valkyria Chronicles, Valkyria Chronicles: Wish your Smile, Valkyria Chronicles 2: Soukou no Aliasse, Valkyria Chronicles 2, Valkyria Chronicles 2: Gallian Royal Military Academy​ - Our Only Days, Valkyria Chronicles 3: Na mo Naki Chikai no Hana","Valkyria Chronicles: Gallian Chronicles Theater, Valkyria Chronicles","Imca : Masumi Asano, Kurt Irving : Yuuichi Nakamura, Riela Marcellis : Aya Endou, Alfons Auclair : Kouhei Matsumoto, Carisa Contzen, Dahau : Kouichi Yamadera, Deit, Felix Cowley : Daisuke Matsubara, Nobuhiro Kondou
Director, Hitoshi Sakimoto
Music, Kazuko Tadano
Character Design, Yoshiyuki Itou
Producer, Keishi Sakai
Key Animator","Nobuhiro Kondou : Director, Hitoshi Sakimoto : Music, Kazuko Tadano : Character Design, Yoshiyuki Itou : Producer, Keishi Sakai : Key Animator"
Un-Go,,TV   ,11.0,Bones,Fall ,"Mystery, Detectives, Noir, noitaminA, Supernatural, Based on a Novel",3.71,2011.0,,"'In post-war Japan, the nation remains unsettled and crime is as big a problem as ever. Despite his sharp mind and keen deductions, ""Defeated Detective"" Shinjurou Yuuki frequently loses out to his rival, Rinroku Kaishou, whose information network has previously aided many police investigations. However, in spite of his poor reputation, Shinjurou continues to work on every case he\'s recruited to with his mysterious\xa0assistant Inga. With Inga\'s power to transform into a being capable of forcing any person to truthfully answer one question put to them, the pair uses everything at their disposal to get to the bottom of each crime and reveal the true culprit – even if the reality of who solved the case\xa0never reaches the public...'",,Un-Go: Inga-ron,"Un-Go: Inga Nikki, Un-Go: Chapter of Inga","Inga : Aki Toyosaki, Shinjurou Yuuki : Ryo Katsuji, Izumi Koyama : Takako Honda, Kazamori : Marika Matsumoto, Rie Kaishou : Nozomi Yamamoto, Rinroku Kaishou : Shinichirou Miki, Seigen Hayami : Miyu Irino, Ad, Seiji Mizushima
Director, Narasaki
Music, Yun Kouga
Character Design, Yoshihiro Ooyabu
Producer, Yoshinori Takeeda
Producer, Daisuke Konaka
Producer, Ryuichi Kimura
Episode Director & Storyboard, Hiroki Kanno
2Nd Key Animator & Animation Director","Seiji Mizushima : Director, Narasaki : Music, Yun Kouga : Character Design, Yoshihiro Ooyabu : Producer, Yoshinori Takeeda : Producer, Daisuke Konaka : Producer, Ryuichi Kimura : Episode Director & Storyboard, Hiroki Kanno : 2Nd Key Animator & Animation Director"
C: The Money of Soul and Possibility Control, C: Control,TV   ,11.0,Tatsunoko Production,Spring,"Action, Sci Fi, Debt, Economics, High Stakes Games, noitaminA, Original Work",3.7,2011.0,,"""Kimimaro Yoga could use a break. At nineteen years old, he's not only a student at Heisei College of Economics, he's also a part time employee and flat out broke. So when an eerie man offers the boy a special ATM card and an exorbitant amount of cash, Kimimaro gives in to temptation – but there's a catch. In exchange for his good fortune, Kimimaro's very future is put at stake, held as collateral by the Bank of Midas and tied to the amount of yen in his bank account. In addition, he must participate in a special battle every week in the mysterious 'Financial District' – a battle where losing against one's opponent can mean bankruptcy, a fate that carries an unthinkable cost in the normal world...""",,,,"Kimimaro Yoga : Kouki Uchiyama, Msyu : Haruka Tomatsu, Hanabi Ikuta :  Yui Makino, Itaneda : Yuuji Mitsuya, Jennifer Satou : Mayumi Asano, Kakazuzu : Shuusaku Shirakawa, Masakaki : Takahiro Sakurai, Q : Saori Gotou, Kenji Nakamura
Director, Taku Iwasaki
Music, Mebae
Character Design, Makoto Kimura
Producer, Daisuke Konaka
Producer, Shigeru Nishiyama
Editor, Yuuji Yanase
Episode Director, Jun Arai
Key Animator","Kenji Nakamura : Director, Taku Iwasaki : Music, Mebae : Character Design, Makoto Kimura : Producer, Daisuke Konaka : Producer, Shigeru Nishiyama : Editor, Yuuji Yanase : Episode Director, Jun Arai : Key Animator"
Nintama Rantarou Movie 2: Ninjutsu Gakuen Zenin Shutsudou! no Dan,,Movie,,Ajia-do,,"Action, Adventure, Comedy, Shounen, Family Friendly, Ninja, Based on a Manga",3.7,2011.0,,'No synopsis yet - check back soon!',,Rakudai Ninja Rantarou,"Nintama Rantarou, Nintama Rantarou Movie, Nintama Rantarou: Dokutake Onsen no Dan","Kirimasu Settsuno, Rantarou Inadera, Shinbei Fukutomi, Bokuo Hinata, Chouji Nakazaike, Danzou Katou, Denzou Yamada, Fushikizou Tsurumachi, Masaya Fujimori
Director & Character Design, Kouji Makaino
Music, Emiko Niiyama
Character Design, Izumi Nakazawa
Producer","Masaya Fujimori : Director & Character Design, Kouji Makaino : Music, Emiko Niiyama : Character Design, Izumi Nakazawa : Producer"
Otona Joshi no Anime Time: Kawamo o Suberu Kaze,,TV Sp,,The Answer Studio,,"Drama, Romance, Based on a Novel",3.7,2011.0,,"'Several years ago, Noriko married and moved to the United States from Japan along with her husband, giving birth to a child soon after. Now, she has returned to her hometown with her young son, Motoki, and must learn to become at peace with her past and present. Noriko fondly reminisces about the bittersweet memories of her teenaged years, her decisions, and how she will move forward in the future.'",,,Otona Joshi no Anime Time 2,"Noriko : Misato Tanaka, Hisao : Kenji Hamada, Motoki, Noriko'S Father, Noriko'S Mother, Masayuki, Kei Yuikawa
Original Creator, Hiroshi Kawamata
Director, Mine Kawakami
Music, Shinji Saitou
Photography Director, Kazuki Ikeda
Art Director, Shiho Kuriki
Color Design, Takeshi Seyama
Editor, Reiko Yoshida
Screenplay","Kei Yuikawa : Original Creator, Hiroshi Kawamata : Director, Mine Kawakami : Music, Shinji Saitou : Photography Director, Kazuki Ikeda : Art Director, Shiho Kuriki : Color Design, Takeshi Seyama : Editor, Reiko Yoshida : Screenplay"
Squid Girls Specials, Shinryaku! Ika Musume Specials,DVD S,,diomedea,,"Comedy, Shounen, Ocean, Based on a Manga",3.69,2011.0,,"'No more than a few inches tall, Mini Squid Girl goes about her life at Eiko’s house as normal until one day she finds the mischievous Black Mini Squid Girl sleeping in her bed. With the intruder wanting her rival out of the way, Mini Squid Girl must now dodge remote control trucks, projectile rubber bands and all manner of traps if she wants to keep her place in the house. Then while trekking along the scorching beach, Mini Squid Girl smells something delicious coming from Chizuru’s restaurant and goes to investigate…'",,Squid Girl,"Squid Girl, Squid Girl: Ika Ice Tabena-ika?, Squid Girl 2, Squid Girl: Kore ga Umi e no Ai Janaika!, Squid Girl OVA","Mini Squid Girl, Black Mini Squid Girl, Sanae Nagatsuki : Kanae Itou, Chizuru Aizawa, Eiko Aizawa, Ika Musume : Hisako Kanemoto, Nagisa Saitou, Shrimp, Masahiro Anbe
Original Creator",Masahiro Anbe : Original Creator
Amagami SS OVA,,OVA  ,6.0,AIC,,"Romance, School Life, Short Episodes, Based on a Visual Novel",3.69,2011.0,,'No synopsis yet - check back soon!',,"Amagami: Sincerely Yours, Amagami: Various Artists, Amagami: Precious Diary, Amagami: Close to You, Amagami: Dreamy Forever, Amagami: Love Goes On!, Amagami Wa!","Amagami SS, Amagami SS Special, Amagami SS+, Amagami SS+ Specials, Amagami SS+ Picture Drama","Ai Nanasaki : Yukana, Haruka Lovely Morishima : Shizuka Itou, Jun'Ichi Tachibana : Tomoaki Maeno, Kaoru Tanamachi : Rina Satou, Rihoko Sakurai : Ryouko Shintani, Sae Nakata : Hiromi Konno, Tsukasa Ayatsuji : Kaori Nazuka, Manaka Hiba : Hitomi Harada",
Sore Ike! Anpanman Sukue! Kokorin to Kiseki no Hoshi,,Movie,,TMS Entertainment,,"Anthropomorphic, Family Friendly, Food Protagonists, Non-Human Protagonists",3.69,2011.0,,'No synopsis yet - check back soon!',,,"Sore Ike! Anpanman, Sore Ike! Anpanman: Utatte Teasobi! Anpanman to Mori no Takara","Anpanman : Keiko Toda, Baikinman, Batako-San, Cheese, Creampanda, Currypanman, Dokin-Chan, Horrorman, Takashi Yanase
Original Creator, Minoru Maeda
Director & Character Design, Taku Izumi
Music, Hiroaki Kondo
Music","Takashi Yanase : Original Creator, Minoru Maeda : Director & Character Design, Taku Izumi : Music, Hiroaki Kondo : Music"
Amagami SS Special,,DVD S,,AIC,,"Romance, School Life, Based on a Visual Novel",3.69,2011.0,,'No synopsis yet - check back soon!',,"Amagami: Sincerely Yours, Amagami: Various Artists, Amagami: Precious Diary, Amagami: Close to You, Amagami: Dreamy Forever, Amagami: Love Goes On!, Amagami Wa!","Amagami SS, Amagami SS OVA, Amagami SS+, Amagami SS+ Specials, Amagami SS+ Picture Drama","Jun'Ichi Tachibana : Tomoaki Maeno, Miya Tachibana : Kana Asumi, Risa Kamizaki : Mai Kadowaki, Ai Nanasaki : Yukana, Haruka Lovely Morishima : Shizuka Itou, Hibiki Tsukahara : Yuu Asakawa, Kanae Itou : Yuki Matsuoka, Kaoru Tanamachi : Rina Satou",
Croisee in a Foreign Labyrinth, Ikoku Meiro no Croisee,TV   ,12.0,SATELIGHT,Spring,"Shounen, Slice of Life, 19th Century, Europe, France, Historical, Iyashikei, Lifestyle Change, Based on a Manga",3.68,2011.0,,"'In the 19th century, a Japanese girl named Yune arrives in Paris to work at the Enseignes du Roy. There she meets Claude Claudel, a blacksmith who makes street signs. Caught in a new cultural experience, both Yune and Claude learn from each other while they try to keep the shop open despite the declining customers. Once a popular marketplace, many nearby businesses are closing as they are engulfed by the waves of change. Experience culture shock at its cutest in Croisee in a Foreign Labyrinth.'",,"Ikoku Meiro no Croisée, Ikoku Meiro no Alice-chan","Croisee in a Foreign Labyrinth: Concert, Croisee in a Foreign Labyrinth: Yune & Alice, Croisee in a Foreign Labyrinth Picture Drama","Claude Claudel : Rina Satou, Yune : Nao Touyama, Alice Blanche : Aoi Yuuki, Camille Blanche : Sayuri Yahagi, Oscar Claudel : Hideyuki Tanaka, Alan : Takahiro Fujimoto, Butcher : Keiji Hirai, Edgar : Tomohisa Asou, Hinata Takeda
Original Creator, Kenji Yasuda
Director & Ed Director & Episode Director & Op Director & Storyboard, Ko-Ko-Ya
Music, Hideki Inoue
Character Design, Hiromasa Minami
Producer, Shinsaku Tanaka
Producer, Norikatsu Umeda
Producer, Fumihide Sai
Key Animator","Hinata Takeda : Original Creator, Kenji Yasuda : Director & Ed Director & Episode Director & Op Director & Storyboard, Ko-Ko-Ya : Music, Hideki Inoue : Character Design, Hiromasa Minami : Producer, Shinsaku Tanaka : Producer, Norikatsu Umeda : Producer, Fumihide Sai : Key Animator"
Rainbow Sea, Xing Youji,TV   ,26.0,,,"Adventure, Sci Fi, Chinese Animation",3.68,2011.0,,'No synopsis yet - check back soon!',,,"Rainbow Sea 2nd Season, Rainbow Sea 3rd Season",Maidang,
"You're Being Summoned, Azazel", Yondemasuyo Azazel-san,TV   ,13.0,Production I.G,Spring,"Comedy, Fantasy, Seinen, Breaking the Fourth Wall, Crude, Demons, Short Episodes, Based on a Manga",3.68,2011.0,,"""Rinko Sakuma thought she was working for a regular detective agency, but two months into her new job she learns that her employer, Akutabe, is actually a demon summoner who calls creatures from the depths of hell to carry out revenge for his clients. Rinko’s first experience of a demon comes in the form of Azazel, a devil whose power is to incite lust in return for an offering of food. Unfortunately, as if being harassed by the flirtatious demon isn’t enough, Rinko has been forced to into signing a contract with him for eternity! Now the innocent office worker must work with Azazel, the fecal gourmet Beelzebub and a whole host of equally deranged devils to complete jobs for the agency; though with the demons' habit of bungling tasks and making the situation worse, it won’t be easy...""",,Yondemasuyo Azazel-san,"You're Being Summoned, Azazel OVA, You're Being Summoned, Azazel Z","Azazel : Masaya Onosaka, Rinko Sakuma : Rina Satou, Akutabe : Daisuke Namikawa, Koutarou Douchin, Megumi Undine : Yuu Kobayashi, Salamander : Kazuya Nakai, Yuuichi Beelzebub : Hiroshi Kamiya, Curse President, Yasuhisa Kubo
Original Creator, Tsutomu Mizushima
Director, Ryuji Takagi
Music, Junichirou Taniguchi
Character Design, Genki Hayashi
Producer, Ikuno Iida
Producer, Haruki Hayashi
Producer, Ayano Iida
Producer","Yasuhisa Kubo : Original Creator, Tsutomu Mizushima : Director, Ryuji Takagi : Music, Junichirou Taniguchi : Character Design, Genki Hayashi : Producer, Ikuno Iida : Producer, Haruki Hayashi : Producer, Ayano Iida : Producer"
Sengoku Basara: Samurai Kings 2 - Dragon and Tiger -- Oath of Victory! Souls Racing Towards a Blazing Future!!," Sengoku Basara Ni: Ryuko, Itadaki no Chikai! Atsuki Mirai e Kakeru Tamashii!!",DVD S,,Production I.G,,"Action, Feudal Japan, Historical, Samurai, Swordplay, Based on a Video Game, Violence",3.67,2011.0,,"'The action is over-the-top as Date and Yukimura take on a group of disguised fighters. While Date may realize the the\xa0masked men are actually Sasuke, Takeda, and Kojuro, Yukimura appears to have no clue.'",Violence,"Sengoku Basara 2, Devil Kings Basara, Sengoku Basara 3 - Roar of Dragon","Mini Sengoku Basara: Chousokabe-kun to Mouri-kun, Sengoku Basara: Samurai Kings - Clash in the Inland Sea of Seto! Fugaku, the Great Fire-Belching Fortress of the Sea!, Mini Sengoku Basara Two: Tsukiyo no Katakura-kun, Sengoku Basara: Samurai Kings 2, Sengoku Basara Movie: 4-Koma Gekijou - Another Last Party, Sengoku Basara: Samurai Kings Movie - The Last Party, Sengoku Basara: End of Judgement","Masamune Date, Yukimura Sanada, Kojuurou Katakura, Sasuke Sarutobi, Shingen Takeda",
Naruto: Honoo no Chuunin Shiken! Naruto vs Konohamaru!!, Naruto vs Konohamaru: The Burning Chunin Exam,Movie,,Pierrot,,"Action, Shounen, Ninja, Shorts, Based on a Manga",3.67,2011.0,,'No synopsis yet - check back soon!',,"Naruto (Pilot), Naruto, Naruto: Innocent Heart, Demonic Blood (Light Novel), Rock Lee's Springtime of Youth, Road to Naruto the Movie, Naruto Jinraiden: Okami no Naku Hi (Light Novel), Naruto: Mission - Protect the Waterfall Village! (Light Novel), Naruto: Chibi Sasuke’s Sharingan Legend, Naruto Secret Chronicles (Light Novel), Naruto: The Seventh Hokage and the Scarlet Spring, Naruto True Story (Light Novel), Naruto Gaiden: Michita Tsuki ga Terasu Michi, Naruto: Konoha Shinden - Yukemuri Ninpouchou (Light Novel)","Naruto Shippuden, Naruto Shippuden Movie 1, Naruto Shippuden: Konoha Gakuen Picture Drama Special, Naruto Shippuden Movie 2: Bonds, Naruto Shippuden Movie 3: The Will of Fire, Naruto Shippuden Movie 4: The Lost Tower, Naruto Shippuden OVA: Sage Naruto vs Sasuke, Naruto Shippuden Movie 5: Blood Prison, Naruto Shippuden Movie 6: Road to Ninja, Naruto Shippuden: Sunny Side Battle!, The Last: Naruto the Movie","Konohamaru Sarutobi : Ikue Ootani, Naruto Uzumaki : Junko Takeuchi, Ebisu : Nobuo Tobita, Moegi : Noriko Shitaya, Sakura Haruno : Chie Nakamura, Shikamaru Nara : Showtaro Morikubo, Temari : Romi Park, Udon : Tomo Shigematsu, Masashi Kishimoto
Original Creator, Hayato Date
Director, Hiromi Mizutani
Music, Kenji Fujisawa
Music, Tetsuya Nishio
Character Design, Hirofumi Suzuki
Character Design, Fukashi Azuma
Producer, Naoji Hounokidani
Producer","Masashi Kishimoto : Original Creator, Hayato Date : Director, Hiromi Mizutani : Music, Kenji Fujisawa : Music, Tetsuya Nishio : Character Design, Hirofumi Suzuki : Character Design, Fukashi Azuma : Producer, Naoji Hounokidani : Producer"
Pretty Cure All Stars DX3: Mirai ni Todoke! Sekai wo Tsunagu Niji-Iro no Hana,,Movie,,Toei Animation,,"Action, Magical Girl, Crossover, Family Friendly, Henshin Heroes, Magic",3.67,2011.0,,"'The former foes of the Pretty Cure have merged and reincarnated into one colossal being called Black Hole. He intends to find and destroy the Prism Flower, a magical source of light that connects all the different fairy worlds to planet Earth. All Precure must join forces to defeat this overwhelming evil.'",,"Futari wa Precure, Futari wa Pretty Cure: Splash Star, Eiga: Futari wa Pretty Cure Splash Star - Chikutaku Kiki Ippatsu!, Kirakira Precure à la Mode","Pretty Cure Max Heart, Pretty Cure Splash Star, Yes! Pretty Cure 5 GoGo!, Fresh Pretty Cure!, Pretty Cure All Stars DX: Minna Tomodachi - Kiseki no Zenin Daishuugou, Heartcatch Pretty Cure!, Pretty Cure All Stars DX2: Kibou no Hikari - Rainbow Jewel wo Mamore!, Suite Pretty Cure♪","Erika Kurumi : Fumie Mizusawa, Hikari Kujou : Rie Tanaka, Honoka Yukishiro : Yukana, Inori Yamabuki : Akiko Nakagawa, Itsuki Myoudouin : Houko Kuwashima, Kanade Minamino : Fumiko Orikasa, Karen Minazuki : Ai Maeda, Komachi Akimoto : Ai Nagano, Takashi Ootsuka
Director, Mitsuru Aoyama
Character Design","Takashi Ootsuka : Director, Mitsuru Aoyama : Character Design"
Level E,,TV   ,13.0,David Production,Winter,"Comedy, Sci Fi, Shounen, Aliens, Non-Human Protagonists, Based on a Manga",3.67,2011.0,,"""Yukitaka has just left Tokyo, eager to transfer to Kisaragi High where he's been recruited to play baseball. However, upon entering his new apartment, the boy is met by a man with long blonde hair who claims to be… an alien?! After initially scoffing at the notion, Yukitaka discovers that the alien – Ouji – is for real, has amnesia and, what's worse, now wants to live with him in his apartment. The fact that scientists and mysterious guys in black suits are after Ouji becomes the least of Yukitaka's problems as his new guest turns out to be more than a handful to handle!""",,Level E,,"Ouji : Daisuke Namikawa, Colin : Takumi Asahina, Kraft : Takehito Koyasu, Kunimitsu Yokota : Hideyuki Kanetani, Luna Mi Mad Magra : Shouko Nakagawa, Masaya Mayuzumi : Yuka Takakura, Miho Edogawa : Satomi Akesaka, Mohan Ki Et Dogra : Satoshi Hino, Yoshihiro Togashi
Original Creator, Toshiyuki Katou
Director, Kunihiko Ryou
Music, Itsuko Takeda
Character Design, Kouji Kajita
Producer, Hatsuo Nara
Producer, Shin Oonuma
Storyboard","Yoshihiro Togashi : Original Creator, Toshiyuki Katou : Director, Kunihiko Ryou : Music, Itsuko Takeda : Character Design, Kouji Kajita : Producer, Hatsuo Nara : Producer, Shin Oonuma : Storyboard"
Ground Control to Psychoelectric Girl, Denpa Onna to Seishun Otoko,TV   ,12.0,SHAFT,Spring,"Comedy, Seinen, Slice of Life, Based on a Light Novel",3.67,2011.0,,"""Makoto Niwa has just moved from his rural hometown to live with his aunt and experience high school life in the big city first hand. Unfortunately, his dreams of an adolescence filled of dates and school activities are soon shattered by having to share his new home with Erio, his deluded cousin\xa0who thinks she's an alien and spends most of her time wrapped in a futon for protection! Now, in addition to enduring his aunt’s energetic attention and flirting awkwardly with the girls in his class, Makoto finds himself drawn into helping Erio rejoin regular society and stopping her 'alien' antics.""",,"Denpa Onna to Seishun Otoko (Light Novel), Denpa Onna to Seishun Otoko",Ground Control to Psychoelectric Girl: The Nighttime Sun,"Erio Touwa : Asuka Oogame, Makoto Niwa : Miyu Irino, Maekawa : Mai Fuchigami, Meme Touwa : Ai Nonaka, Ryuuko Mifune : Emiri Katou, Yashiro Hoshimiya : Yuka Iguchi, Elliot, Granny Tamura : Hiroko Maruyama, Akiyuki Simbo
Chief Director, Yukihiro Miyamoto
Director & Episode Director, Asako Nishida
Character Design, Takayuki Aizu
Photography Director, Hitoshi Hibino
Color Design, Kozue Kaneniwa
Producer, Junichirou Tanaka
Producer, Rie Matsubara
Editor","Akiyuki Simbo : Chief Director, Yukihiro Miyamoto : Director & Episode Director, Asako Nishida : Character Design, Takayuki Aizu : Photography Director, Hitoshi Hibino : Color Design, Kozue Kaneniwa : Producer, Junichirou Tanaka : Producer, Rie Matsubara : Editor"
Blue Exorcist Specials, Ao no Exorcist Specials,DVD S,,A-1 Pictures,,"Comedy, Shounen, Based on a Manga",3.67,2011.0,2012.0,"""Life at the True Cross Academy isn't\xa0only about\xa0studying and exorcising demons, and from time to time everybody gets the chance to relax. Although, with Yukio having nightmares about the increasing number of spots on his body and discovering a scary truth about Shiemi’s family, and with\xa0Mephisto and Amaimon battling each other in a video game, not everyone's down time is peaceful...""",,"Time Killers: Kazue Kato Short Story Collection, Blue Exorcist, Salaryman Futsumashi Okumura Yukio no Aishuu","Blue Exorcist, Blue Exorcist: Kuro's Trip Away From Home, Blue Exorcist Movie Special, Blue Exorcist Movie, Blue Exorcist: Kyoto Saga, Blue Exorcist OVA","Amaimon : Tetsuya Kakihara, Izumo Kamiki : Eri Kitamura, Konekomaru Miwa : Yuuki Kaji, Mephisto Pheles : Hiroshi Kamiya, Renzou Shima : Kouji Yusa, Ryuji Suguro : Kazuya Nakai, Yukio Okumura : Jun Fukuyama, Shiemi Moriyama : Kana Hanazawa, Kazue Katou
Original Creator",Kazue Katou : Original Creator
Supercell: Perfect Day,,Music,,,,Drama,3.65,2011.0,,"'Years later, two girls relive their precious childhood memories together.'",,,,"Blue-Haired Girl, Pink-Haired Girl, Ryousuke Nakamura
Director, Supercell
Music","Ryousuke Nakamura : Director, Supercell : Music"
The [email protected],,TV   ,25.0,A-1 Pictures,Summer,"Idols, Music, Showbiz, Based on a Video Game",3.65,2011.0,,"""Everybody knows it's tough being an idol, especially the girls at 765 Production. Made up of thirteen young ladies, the group constantly attempts to improve its image by taking new promo shots and booking the best gigs possible, whether it's being a concert star or a quirky cooking show guest. Led by the kind-hearted and determined Producer, these talented performers such as twins Mami and Ami, quiet Yukiho, clumsy Haruka and gifted singer Chihaya will do their best to become the best idols around.""",,"THE [email protected] Comic Anthology, THE [email protected] Anthology Comic, The [email protected]: Your [email protected], The [email protected], The [email protected] Relations, Puchimas! Petit [email protected], The [email protected] Break!, The [email protected] Dearly Stars: Neue Green, The [email protected] Dearly Stars: Splash Red, The [email protected] Dearly Stars: Innocent Blue, The [email protected] 2: Nemurihime, The [email protected] 2: Colorful Days, The [email protected] 2: The World Is All One!!, [email protected] of Jupiter - The [email protected], The [email protected] (Mana), The [email protected]: Cinderella Girls Comic Anthology - cool, The [email protected]: Cinderella Girls Comic Anthology - cute, The [email protected]: Cinderella Girls - Rockin' Girl, The [email protected] Cinderella Girls Shuffle!!, Jupiter: THE [email protected], The [email protected]: Million Live! Back Stage, The [email protected]: Million Live!, The [email protected]: Million Live! Comic Anthology, The [email protected] SideM: Dramatic Stage, The [email protected] SideM: Comic Anthology, The [email protected]: Cinderella Girls - Wild Wind Girl, The [email protected] SideM Anthology: Miracle, The [email protected] SideM: Wake Atte Mini!, The [email protected] Million Live!: Blooming Clover, THE [email protected]: Cinderella Girls - After20, The [email protected] SideM: Wake Atte Mini! Returns, The [email protected]: Shiny Colors - Comic Anthology, The [email protected]: Shiny Colors","The [email protected] Million Live!, The [email protected]: Shiny Festa, Puchimas! Wakku Waku!!, The [email protected]: 765 Pro to Iu Monogatari, Puchimas! Petit [email protected], Puchimas! Petit [email protected] - Takatsuki Gold Densetsu Special!! Harukasan Matsuri, Puchimas! Petit [email protected] OVA, The [email protected]: Onegai Cinderella, Puchimas! Petit Petit [email protected], The [email protected] Movie: Kagayaki no Mukougawa e!, The [email protected]: Cinderella Girls: Special Program, The [email protected]: Cinderella Girls Second Series, The [email protected]: Cinderella Girls Special: Anytime, Anywhere with Cinderella, The [email protected] SideM, [email protected]","Ami Futami : Asami Shimoda, Azusa Miura : Chiaki Takahashi, Chihaya Kisaragi : Asami Imai, Haruka Amami : Eriko Nakamura, Hibiki Ganaha : Manami Numakura, Iori Minase : Rie Kugimiya, Makoto Kikuchi : Hiromi Hirata, Mami Futami : Asami Shimoda, Atsushi Nishigori
Director & Character Design, Touko Machida
Screenplay & Series Composition, Ryuuichi Takada
Music, Kazuko Nakashima
Color Design, Hisanori Kunisaki
Producer, Yasuhiro Yamaguchi
Producer, Yousuke Toba
Producer, Shunichi Uemaru
Producer","Atsushi Nishigori : Director & Character Design, Touko Machida : Screenplay & Series Composition, Ryuuichi Takada : Music, Kazuko Nakashima : Color Design, Hisanori Kunisaki : Producer, Yasuhiro Yamaguchi : Producer, Yousuke Toba : Producer, Shunichi Uemaru : Producer"
Infinite Stratos,,TV   ,12.0,8-Bit,Winter,"Ecchi, Harem, Mecha, Sci Fi, Seinen, All-Girls School, Boarding School, Power Suits, School Life, Tsundere, Based on a Light Novel, Nudity",3.65,2011.0,,"'The development of the Infinite Stratos powered exoskeleton changed the world’s balance of power. While the distribution of IS systems has created peace, only women have been able to pilot them. So when Ichika Orimura is discovered to be the first male with the ability to control an IS, whatever plans he had for his future are tossed out the window even as he’s thrown to the wolves and enrolled at the otherwise entirely female Infinite Stratos Academy by order of the Japanese government!'",Nudity,"Infinite Stratos (Light Novel), Infinite Stratos, IS! (Takuto KON), Infinite Stratos: Official Anthology Comic, Infinite Stratos (Homura YUUKI), IS: Infinite Stratos - Sugar & Honey, Infinite Stratos 2: Official Anthology Comic, Infinite Stratos: Black Bunny/White Bitter","Infinite Stratos Encore: A Sextet Yearns to Be in Love, Infinite Stratos 2, Infinite Stratos 2: One's Summer Memories, Infinite Stratos: World Purge-hen, Infinite Stratos 2: Infinite Wedding","Houki Shinonono : Youko Hikasa, Ichika Orimura :  Kouki Uchiyama, Cecilia Alcott : Yukana, Charles Dunois : Kana Hanazawa, Chifuyu Orimura : Megumi Toyoguchi, Laura Bodewig : Marina Inoue, Lingyin Huang : Asami Shimoda, Charlotte'S Mother, Yasuhito Kikuchi
Director, Masumi Itou
Music, Tomoyasu Kurashima
Character Design, Eiji Inomoto
Cg Director, Katsumi Koike
Producer, Gou Tanaka
Producer, Atsushi Iwasaki
Producer, Mitsuhiro Yoneda
Episode Director","Yasuhito Kikuchi : Director, Masumi Itou : Music, Tomoyasu Kurashima : Character Design, Eiji Inomoto : Cg Director, Katsumi Koike : Producer, Gou Tanaka : Producer, Atsushi Iwasaki : Producer, Mitsuhiro Yoneda : Episode Director"
Pretty Rhythm: Aurora Dream,,TV   ,51.0,Tatsunoko Production,Spring,"Family Friendly, Fashion, Ice Skating, Idols, Music, Showbiz, Based on a Video Game",3.65,2011.0,2012.0,"""The Prism Show is an all-new kind of ice skating show that requires its participants to be figure skaters, models, and singers all at the same time. Aira and Rhythm are two girls who both dream of becoming the Prism Queen. They'll have to train hard and overcome both their quarrels with each other and their blossoming interest in boys if they want to achieve their dream.""",,Pretty Rhythm,"Pretty Rhythm: Aurora Dream Specials, Pretty Rhythm: Dear My Future, Pretty Rhythm: Rainbow Live, Pretty Rhythm All Stars Selection: Prism Show☆Best Ten Movie, Pretty Rhythm: All Star Selection, PriPara & Kiratto Pri-Chan: Kira Kira Memorial Live","Aira Harune : Kana Asumi, Mion Takamine : Azusa Kataoka, Rizumu Amamiya : Sayuri Hara, Beachi : Noriko Hidaka, Hibiki Toudou : Kenn, Jun Takigawa : Susumu Chiba, Nekochi : Motoko Kumai, Rabichi : Risa Hayamizu, Akio Watanabe
Animation Director & Key Animator & Original Character Design, Masakazu Hishida
Director, Seikou Nagaoka
Music, Shou Kawashima
Character Design, Kyoko Kobayashi
Producer, Tomoko Takahashi
Producer, Yuuji Suzuki
Producer, Hideki Tonokatsu
Episode Director & Storyboard","Akio Watanabe : Animation Director & Key Animator & Original Character Design, Masakazu Hishida : Director, Seikou Nagaoka : Music, Shou Kawashima : Character Design, Kyoko Kobayashi : Producer, Tomoko Takahashi : Producer, Yuuji Suzuki : Producer, Hideki Tonokatsu : Episode Director & Storyboard"
The Garden of Sinners: Epilogue, Kara no Kyoukai: Shuushou,OVA  ,1.0,ufotable,,"Drama, Psychological, Supernatural",3.64,2011.0,,"'March 1999: Mikiya Kokutou meets ""Shiki Ryougi"" again at the same place where he met her for the first time four years\xa0ago…'",,"The Garden of Sinners (Light Novel), Kara no Kyoukai: The Garden of Sinners, The Garden of Sinners: Recalled Out Summer (Light Novel), The Garden of Sinners: Shuumatsu Rokuon/The Garden of Oblivion (Light Novel)","Lunar Legend Tsukihime, The Garden of Sinners Movie 1: Thanatos. (Overlooking View), Kara no Kyoukai: Cinema Intros, The Garden of Sinners Movie 2: ...And Nothing Heart. (Murder Speculation Part A), The Garden of Sinners Movie 3: Ever Cry, Never Life. (Remaining Sense of Pain), The Garden of Sinners Movie 4: Garan-no-Dou. (The Hollow Shrine), The Garden of Sinners Movie 5: Paradox Paradigm, The Garden of Sinners Movie 6: Fairy Tale. (Oblivion Recording), The Garden of Sinners Remix: Gate of Seventh Heaven, The Garden of Sinners Movie 7: ......Not Nothing Heart. (Murder Speculation Part B), The Garden of Sinners: Recalled Out Summer, The Garden of Sinners: Recalled Out Summer - Extra Chorus","Mikiya Kokutou : Kenichi Suzumura, Shiki Ryougi : Maaya Sakamoto, Kinoko Nasu
Original Creator, Yuki Kajiura
Music, Hikaru Kondo
Producer","Kinoko Nasu : Original Creator, Yuki Kajiura : Music, Hikaru Kondo : Producer"
Sore Ike! Anpanman: Utatte Teasobi! Anpanman to Mori no Takara,,Movie,,TMS Entertainment,,"Anthropomorphic, Family Friendly, Food Protagonists, Non-Human Protagonists",3.64,2011.0,,'No synopsis yet - check back soon!',,,"Sore Ike! Anpanman, Sore Ike! Anpanman Sukue! Kokorin to Kiseki no Hoshi","Anpanman : Keiko Toda, Baikinman, Batako-San, Cheese, Dokin-Chan, Horrorman, Jam Oji-San, Kintan, Takashi Yanase
Original Creator",Takashi Yanase : Original Creator
Baka and Test - Summon the Beasts OVA PV," Baka to Test to Shoukanjuu: Matsuri - Sentaku ni Yotte Tenkai ga Kawaru ""LIPS Eizou""",DVD S,,SILVER LINK.,,"Comedy, Promotional",3.64,2011.0,,"'In the world of dating sims, setting off the right flags is important, but it can still go wrong, especially when a pinky promise turns sour or when the target of your affections is actually a boy…'",,"Baka and Test: Summon the Beasts (Light Novel), Baka to Test to Shoukanjuu‎ Dya, Baka and Test: Summon the Beasts","Baka and Test - Summon the Beasts Christmas Special, Baka and Test - Summon the Beasts, Baka and Test - Summon the Beasts Specials, Baka to Test to Shoukanjuu: Spinout! Sore ga Bokura no Nichijou, Baka and Test - Summon the Beasts OVA, Baka and Test - Summon the Beasts 2, Baka and Test - Summon the Beasts 2: Magical Hideyoshi Hideyoshi","Akihisa Yoshii : Hiro Shimono, Hideyoshi Kinoshita : Emiri Katou, Hazuki Shimada : Mana Hirata",
Hal no Fue, Hal's Flute,Movie,,TMS Entertainment,,"Adventure, Fantasy, Childcare, Supernatural",3.63,2011.0,,'The story follows a racoon-like tanuki creature named Hal who find an abandoned human baby. Hal names the baby Pal and decides to transform into a human mother to raise him.',,,,"Hal : Masako Nozawa, Pal : Keiko Toda, Hiroshi Kawamata
Director",Hiroshi Kawamata : Director
Nichijou: My Ordinary Life Specials,,DVD S,,Kyoto Animation,,"Comedy, Shounen, Slice of Life, Androids, Robots, Based on a Manga",3.63,2011.0,2012.0,"'Promo spots needn’t be dull affairs, especially when Yuuko and the gang get their hands on the mic! Whether the girls are discussing the zodiac signs and inventing new ones, or Nano and Sakamoto are arguing over how to address the talking black feline, the cast is adding its own brand of zany humor to whatever they set their minds to.'",,Nichijou: My Ordinary Life,"Nichijou: My Ordinary Life Episode 0, Nichijou: My Ordinary Life","Hakase : Hiromi Konno, Mai Minakami : Misuzu Togashi, Mio Naganohara : Mai Aizawa, Nano Shinonome : Shizuka Furuya, Sakamoto : Minoru Shiraishi, Yuuko Aioi : Mariko Honda, Akagi, Annaka, Keiichi Arawi
Original Creator",Keiichi Arawi : Original Creator
Freezing,,TV   ,12.0,A.C.G.T,Winter,"Action, Ecchi, Seinen, Aliens, Panty Shots, Superpowers, Based on a Manga, Mature Themes,, Nudity,, Physical Abuse,, Violence",3.63,2011.0,,"""Earth is under attack by other-dimensional threats known as Nova, and only the Pandora – girls with special implants that grant them enhanced physical abilities – can battle against them to protect the planet. The military academy Genetics helps train the Pandora, who must choose a younger boy known as a Limiter to assist them in combat. Bridgette L Sattelizer, known to her peers as 'Untouchable', is at the top of her class and lets no one near her – that is, until new student Kazuya Aoi falls into her breasts one day...""","Mature Themes,, Nudity,, Physical Abuse,, Violence","Freezing, Freezing: First Chronicle, Freezing Tokuten Manga, Freezing: Zero, Freezing: Second Season, Freezing: Pair Love Stories","Freezing Specials, Freezing Vibration","Kazuya Aoi : Mitsuhiro Ichiki, Satellizer El Bridget : Mamiko Noto, Arnett Mcmillan : Yuu Asakawa, Arthur Climpton : Nobuhiko Okamoto, Attia Simmons : Kana Ueda, Chiffon Fairchild : Marina Inoue, Cleo Brand : Izumi Kitta, Elizabeth Mably : Yuko Kaida, Dal-Young Im
Original Creator, Takashi Watanabe
Director, Masaru Yokoyama
Music, Mayumi Watanabe
Character Design, Shinsaku Tanaka
Producer, Takashi Tachizaki
Producer, Shigeru Nishiyama
Editor, Tomio Yamauchi
Episode Director","Dal-Young Im : Original Creator, Takashi Watanabe : Director, Masaru Yokoyama : Music, Mayumi Watanabe : Character Design, Shinsaku Tanaka : Producer, Takashi Tachizaki : Producer, Shigeru Nishiyama : Editor, Tomio Yamauchi : Episode Director"
Inazuma Eleven GO,,TV   ,47.0,OLM,Spring,"Sports, Family Friendly, Soccer, Based on a Video Game",3.62,2011.0,2012.0,"'It’s been ten years since team Inazuma Japan, comprised mostly of students from Raimon Junior High, won the worldwide soccer tournament known as Football Frontier International. Using that victory as a springboard, the once near-defunct soccer club now has a whole building dedicated to it, and has even become a top choice for incoming students. One such youth is Tenma Matsukaze, a new enrollee who has been looking forward to joining the famed team for years. However what he finds shortly after becoming a member is shocking - youth soccer has come under the control of a mysterious group known as the Fifth Sector, and most of the match results are predetermined! Now Tenma, along with the help of a certain Raimon player from years past, must convince his new teammates to stand up to the feared organization and restore integrity to the game he loves so much!'",,"Inazuma Eleven, Inazuma Eleven GO Anthology!, Inazuma Eleven: Penguin wo Tsugu Mono","Inazuma Eleven, Inazuma Eleven: Saikyou Gundan Ogre Shuurai, Inazuma Eleven GO: Tokubetsu-hen, Inazuma Eleven GO: Kyuukyoku no Kizuna Gryphon, Inazuma Eleven GO: Chrono Stone, Inazuma Eleven GO vs Danball Senki W Movie, Inazuma Eleven GO: Galaxy, Inazuma Eleven: Chou Jigen Dream Match, Inazuma Eleven: Outer Code, Inazuma Eleven: Ares no Tenbin","Kyousuke Tsurugi :  Takashi Oohara, Takuto Shindou : Mitsuki Saiga, Tenma Matsukaze : Yuka Terasaki, Akane Yamana : Yurin, Aoi Sorano : Sayaka Kitahara, Atsushi Minamisawa : Yuuki Kaji, Daichi Amagi : Tooru Nara, Daigo Senguuji : Tokuyoshi Kawashima, Katsuhito Akiyama
Director, Yuuji Ikeda
Character Design, Yuko Inoue
Character Design, Shinnosuke Wada
Producer","Katsuhito Akiyama : Director, Yuuji Ikeda : Character Design, Yuko Inoue : Character Design, Shinnosuke Wada : Producer"
Hayate the Combat Butler! Heaven is a Place on Earth, Hayate no Gotoku! Heaven is a Place on Earth,Movie,,Manglobe,,"Comedy, Romance, Shounen, Slice of Life, Butlers, Master-Servant Relationship, Based on a Manga",3.62,2011.0,,"'Summer break is coming to the end and Hayate, Nagi, and company are spending their last days of freedom at Nishizawa’s vacation home in the country. But their peaceful vacation is quickly interrupted by the appearance of a strange spirit who plots to separate Nagi and Hayate forever! When Nagi disappears, it will be up to Hayate to find her, as their relationship as butler and mistress is put to the ultimate test.'",,"Hayate the Combat Butler, Hayate the Combat Butler (Light Novel), Hayate no Gotoku! 0","Hayate the Combat Butler!, Hayate the Combat Butler!! OVA, Hayate the Combat Butler!!, Hayate the Combat Butler! Can't Take My Eyes Off You, Hayate the Combat Butler! Cuties, Hayate the Combat Butler! (2014)","Hayate Ayasaki : Ryouko Shiraishi, Nagi Sanzenin : Rie Kugimiya, Ayumu Nishizawa : Mikako Takahashi, Chiharu Harukaze, Hinagiku Katsura : Shizuka Itou, Izumi Segawa : Sayuri Yahagi, Kayura Tsurugino, Kyounosuke Kaoru, Kenjirou Hata
Original Creator, Hideto Komori
Director & Character Design, Wataru Maeguchi
Music, Yuuko Kobari
Color Design, Yoshikazu Iwanami
Sound Director, Akio Matsuda
Producer, Takeyuki Suzuki
Producer","Kenjirou Hata : Original Creator, Hideto Komori : Director & Character Design, Wataru Maeguchi : Music, Yuuko Kobari : Color Design, Yoshikazu Iwanami : Sound Director, Akio Matsuda : Producer, Takeyuki Suzuki : Producer"
The Mystic Archives of Dantalian, Dantalian no Shoka,TV   ,12.0,GAINAX,Summer,"Action, Fantasy, Mystery, England, Episodic, Europe, Inheritance, Magic, Based on a Light Novel, Violence",3.61,2011.0,,"'After his grandfather’s untimely death, Hugh Anthony Disward visits the estate of his inheritance where he discovers a library that’s out of this world. Embodying the archive is Dalian, a clever girl with a sharp tongue as biting as her sweet tooth. Circumstance leads to necessity, and she teaches Huey how to harness the power within—a handy trick to learn, seeing as it’s the only way to subdue the monsters brought forth by magical works of literature.'",Violence,"Dantalian no Shoka (Light Novel), Dantalian no Shoka, Dantalian no Shoka: Dalian Days",Dantalian no Shoka: Ibarahime,"Dalian : Miyuki Sawashiro, Hugh Anthony Disward : Daisuke Ono, Armand Jeremiah : Takahiro Sakurai, Camilla Sauer Keynes : Mamiko Noto, Flam : Ami Koshimizu, Hal Kamhout : Masayuki Katou, Ira : Yumiko Kobayashi, Professor : Gou Shinomiya, Yutaka Uemura
Director, Yo Tsuji
Music, Sumie Kinoshita
Character Design, Yoshikazu Iwanami
Sound Director, Yoshikazu Beniya
Producer, Junka Kobayashi
Producer, Yasuhiro Takeda
Producer, Masahiko Murata
Episode Director & Storyboard","Yutaka Uemura : Director, Yo Tsuji : Music, Sumie Kinoshita : Character Design, Yoshikazu Iwanami : Sound Director, Yoshikazu Beniya : Producer, Junka Kobayashi : Producer, Yasuhiro Takeda : Producer, Masahiko Murata : Episode Director & Storyboard"
Kodomo no Jikan: Kodomo no Natsu Jikan, Kodomo no Jikan: A Child`s Summer Time,OVA  ,1.0,diomedea,,"Comedy, Ecchi, Seinen, Slice of Life, Age Gap, Student-Teacher Relationship, Based on a Manga",3.61,2011.0,,"""During the 5th grade summer break, the trio of Usa, Kuro, and Kokonoe accompany Aoki-sensei and Hoin-sensei to Aoki's hometown where they meet up with his younger sister Chika. This side story follows the group as they spend several days of their vacation by the sea.""",,"Kodomo no Jikan, Kodomo no Jikan: Houkago","Kodomo no Jikan: Anata ga Watashi ni Kureta Mono, Kodomo no Jikan, Kodomo no Jikan: Rin's Classroom Diary, Kodomo no Jikan: Kuro-chan to Shiro-chan, Kodomo no Jikan: Ni Gakki","Daisuke Aoki, Kuro Kagami, Mimi Usa, Rin Kokonoe, Kyoko Hoin, Chika Aoki, Masakazu Ishikawa
Character Design",Masakazu Ishikawa : Character Design
Tianxin Gege, Ori-Princess,TV   ,52.0,Puzzle Animation Studio,,"Chinese Animation, Family Friendly",3.6,2011.0,,'No synopsis yet - check back soon!',,,"Tian Xin Ge Ge 2nd Season, Tian Xin Ge Ge 3rd Season",,
Croisee in a Foreign Labyrinth: Concert," Ikoku Meiro no Croisee: Ongakkai ""Recital""",Web  ,1.0,SATELIGHT,Summer,"Shounen, 19th Century, Historical, Based on a Manga",3.6,2011.0,,"'Yune finds herself entranced with a bohemian girl named Anne who sings Japanese songs. With significant interest, Alice invites her over to perform at one of her parties including Yune in the performance.'",,"Ikoku Meiro no Croisée, Ikoku Meiro no Alice-chan","Croisee in a Foreign Labyrinth, Croisee in a Foreign Labyrinth: Yune & Alice, Croisee in a Foreign Labyrinth Picture Drama","Claude Claudel : Takashi Kondou, Yune : Nao Touyama, Alice Blanche : Aoi Yuuki, Anne : Megumi Nakajima, Camille Blanche : Sayuri Yahagi, Oscar Claudel : Hideyuki Tanaka, Edgar : Tomohisa Asou, Shione : Mamiko Noto",
Eun-sil-i, The Dearest,Movie,,,,"Drama, Countryside, Disability, Korean Animation",3.6,2011.0,,"'In-hye and Sun-mi visit their hometown, a small and quiet village in the countryside, after a long time only to face unexpected news: their old friend Eun-sil died while giving birth. The town is left in an uproar because of the baby, whose father is unknown, and it is neglected, protected by no one. While In-hye and Sun-mi try to save the baby with the help of Ji-young, their friend who has stayed in town, they find out that Eun-sil, who was mentally retarded, was a plaything of the village. In-hye and Sun-mi are troubled with the rage they feel against the village people and the guilty conscience they feel towards Eun-sil. Although they abandoned Eun-sil in the past, will they be able to protect her baby until the end?'",,,,"In Hye, Chi Jon, Eun Sin Li, Kun Jon, San Mi",
Thundercats,,TV   ,26.0,Studio 4°C,,"Action, Adventure, Fantasy, Non-Human Protagonists, Based on a Cartoon",3.59,2011.0,2012.0,"'A betrayal. A reluctant leader. A journey like no other.\xa0Evil Mumm-Ra\'s attack on the city of Thundera destroys the cat civilization, leaving only a band of survivors - Tygra, Panthro, Snarf, Cheetara, Wily Kit and Wily Kat - and young prince Lion-O, the surviving ruler of his people. As the threats of Mumm-Ra ring in their ears, these determined cats know what they must do: find the Book of Omens, which holds the key to their future. Using his powerful Sword of Omens to achieve ""sight beyond sight,"" Lion-O guides his friends across the lands, facing vicious foes and making new allies.'",,,Thundercats Snarf: Butterfly Blues,"Cheetara : Grey Delisle, Lion-O : Tara Strong, Panthro : Kevin Michael Richardson, Tygra : Matthew Mercer, Willykat : Eamon Pirruccello, Willykit : Madeleine Hall, Mumm-Ra : Robin Atkin Downes, Pumyra : Pamela Adlon, Yasuhiro Geshi
Director, Yoshiharu Ashino
Director, Rokoh Ogihara
Director, Takahiro Tanaka
Character Design","Yasuhiro Geshi : Director, Yoshiharu Ashino : Director, Rokoh Ogihara : Director, Takahiro Tanaka : Character Design"
Baka to Test to Shoukanjuu: Spinout! Sore ga Bokura no Nichijou, Baka and Test - Summon the Beasts 2: Spinout!,DVD S,,SILVER LINK.,,"Comedy, Slice of Life, Chibi, School Life, Based on a Light Novel",3.59,2011.0,2012.0,'No synopsis yet - check back soon!',,"Baka and Test: Summon the Beasts (Light Novel), Baka to Test to Shoukanjuu‎ Dya, Baka and Test: Summon the Beasts","Baka and Test - Summon the Beasts Christmas Special, Baka and Test - Summon the Beasts, Baka and Test - Summon the Beasts Specials, Baka and Test - Summon the Beasts OVA, Baka and Test - Summon the Beasts 2, Baka and Test - Summon the Beasts OVA PV, Baka and Test - Summon the Beasts 2: Magical Hideyoshi Hideyoshi","Akihisa Yoshii : Hiro Shimono, Hideyoshi Kinoshita : Emiri Katou, Kouta Tsuchiya : Kouki Miyata, Minami Shimada : Kaori Mizuhashi, Mizuki Himeji : Hitomi Harada, Akira Yoshii : Kikuko Inoue, Hazuki Shimada : Mana Hirata, Shouko Kirishima : Tomomi Isomura",
Kimi ni Todoke - From Me To You 2nd Season: A Crush, Kimi ni Todoke 2nd Season: Katamoi,TV Sp,,Production I.G,,"Comedy, Romance, Shoujo, Recap, School Life, Valentine's Day, Based on a Manga",3.59,2011.0,,"'It’s nearly Valentine’s Day, and Kurumi is sitting alone in a café reminiscing about her unrequited love. Ever since a quiet encounter in an empty classroom while they were in middle school, Kurumi has secretly loved Kazehaya, even going so far as to purposely enroll in the same high school as him. Despite being in different classes, the young girl ensures they keep in contact, in the hopes that one day he will return her feelings. However, it soon becomes clear that she has competition for the popular boy’s affections in the form of timid and naïve Sawako, and Kurumi will concoct any scheme possible to try and keep them apart...'",,"Kimi ni Todoke: From Me to You, Kimi ni Todoke: From Me to You (Light Novel), Kimi ni Todoke: From Me to You Bangai-hen - Unmei no Hito","Kimi ni Todoke - From Me To You, Kimi ni Todoke - From Me To You 2nd Season, Kimi ni Todoke - From Me To You 2nd Season Specials","Sawako Kuronuma : Mamiko Noto, Shota Kazehaya : Daisuke Namikawa, Ume Kurumizawa : Aya Hirano, Ryu Sanada : Yuuichi Nakamura, Karuho Shiina
Original Creator, S.E.N.S.
Music, Yuka Shibata
Character Design","Karuho Shiina : Original Creator, S.E.N.S. : Music, Yuka Shibata : Character Design"
Suite Pretty Cure♪,,TV   ,48.0,Toei Animation,Winter,"Action, Magical Girl, Family Friendly, Henshin Heroes, Magic, Monster-of-the-week, Music, Sentai, Superheroes, Tokusatsu",3.59,2011.0,2012.0,"'The world is threatened by Mephisto, the King of Minor Land, who tries to spread the Melody of Unhappiness. Mephisto is after the Legendary Score, in which the Melody of Happiness is written. In order to complete the score and protect the world, new Precure girls stand up to collect the scattered notes of the Melody of Happiness.'",,"Futari wa Precure, Futari wa Pretty Cure: Splash Star, Eiga: Futari wa Pretty Cure Splash Star - Chikutaku Kiki Ippatsu!, Suite Pretty Cure♪, Kirakira Precure à la Mode","Pretty Cure All Stars DX3: Mirai ni Todoke! Sekai wo Tsunagu Niji-Iro no Hana, Pretty Cure kara Minna e no Ouen Movie, Suite Pretty Cure♪ Movie: Torimodose! Kokoro ga Tsunagu Kiseki no Melody♪, Pretty Cure All Stars New Stage: Mirai no Tomodachi, Pretty Cure All Stars New Stage 2: Kokoro no Tomodachi, Pretty Cure All Stars New Stage 3: Eien no Tomodachi, Pretty Cure All Stars: Haru no Carnival♪, Pretty Cure All Stars: Minna de Utau♪ Kiseki no Mahou!, Hugtto! Pretty Cure x Futari wa Pretty Cure Movie: All Stars Memories","Hibiki Houjou : Ami Koshimizu, Hummy : Kotono Mitsuishi, Kanade Minamino : Fumiko Orikasa, Siren : Megumi Toyoguchi, Ako Shirabe : Rumi Ookubo, Aphrodite : Noriko Hidaka, Baritone : Youhei Oobayashi, Bassdrum : Atsushi Ono, Munehisa Sakai
Director, Yasuharu Takanashi
Music, Akira Takahashi
Character Design, Atsutoshi Umezawa
Producer, Reiko Sasaki
Producer, Sawako Yamamoto
Key Animator","Munehisa Sakai : Director, Yasuharu Takanashi : Music, Akira Takahashi : Character Design, Atsutoshi Umezawa : Producer, Reiko Sasaki : Producer, Sawako Yamamoto : Key Animator"
Dream Eater Merry, Yumekui Merry,TV   ,13.0,J.C.Staff,Winter,"Action, Seinen, Dream World, Person in a Strange World, Supernatural, Based on a Manga",3.59,2011.0,,"""Yumeji Fujiwara, a high school student with the ability to give insight into one's dreams, has been forced into battles and misfortune caused by the nightmares that live inside people's dreams. Trapped inside his own dream, he is forced to fight against an army of cats lead by a dream demon who goes by the name Chaser John Doe. When Yumeji meets Merry, another dream demon who suffers from amnesia and is fighting to return to the dream realm, the two decide to become a team. Together they battle foes and gather the answers needed to try and send Merry home.""",,"Yumekui Merry, Yumekui Merry - 4-koma Anthology",,"Merry Nightmare : Ayane Sakura, Yumeji Fujiwara : Nobuhiko Okamoto, Chaser John Doe : Jouji Nakata, Chizuru Kawanami : Kana Ueda, Garden Engi Three-Piece : Aya Endou, Isana Tachibana : Ai Kayano, Leon : Takaya Kuroda, Mistilteinn : Sayuri Yahagi, Shigeyasu Yamauchi
Director, Keiichi Oku
Music, Masahiro Fujii
Character Design, Shinichi Nakamura
Producer, Junichirou Tanaka
Producer, Atsushi Yoshikawa
Producer, Ikuo Katou
Producer, Shigeru Nishiyama
Editor","Shigeyasu Yamauchi : Director, Keiichi Oku : Music, Masahiro Fujii : Character Design, Shinichi Nakamura : Producer, Junichirou Tanaka : Producer, Atsushi Yoshikawa : Producer, Ikuo Katou : Producer, Shigeru Nishiyama : Editor"
Aria the Scarlet Ammo, Hidan no Aria,TV   ,12.0,J.C.Staff,Spring,"Action, Seinen, Guns, School Life, Supernatural, Tsundere, Based on a Light Novel",3.59,2011.0,,"""Tokyo is on edge due to a rash of recent killings targeting Butei - armed mercenaries that perform odd jobs and capture criminals. So when Kinji, a student at a local Butei high school, heads to class one day and discovers a bomb has been rigged to his bike, he’s certain he’ll be the next victim. That is, until Kinji’s elite classmate Aria saves his life, inadvertently triggering his superhuman ability that flares when he’s sexually aroused! Though Kinji would rather slack off at school and be left alone, Aria is now determined to make the teenager her slave, fetching her food\xa0and partnering with her on missions - including one very important to the girl. And nothing will stand in her way... not even Kinji's possessive childhood friend!""",,"Aria the Scarlet Ammo (Light Novel), Aria the Scarlet Ammo, Aria the Scarlet Ammo AA, Hidan no Aria-chan, Aria the Scarlet Ammo: Reloaded - Cast Off Table (Light Novel), Aria the Scarlet Ammo: Shiden's Witch, Aria the Scarlet Ammo: G no Ketsuzoku","Aria the Scarlet Ammo: The Butei Come and Train at a Hot Spring, Aria the Scarlet Ammo AA","Aria H. Kanzaki : Rie Kugimiya, Kinji Tooyama : Junji Majima, Gouki Mutou : Takayuki Kondou, Reki : Kaori Ishihara, Riko Mine : Mariya Ise, Ryou Shiranui : Takuya Eguchi, Shirayuki Hotogi : Mikako Takahashi, Tohru Sayonaki : Kenji Nojima, Chuugaku Akamatsu
Original Creator, Takashi Watanabe
Director, Takumi Ozawa
Music, Kazunori Iwakura
Character Design, Yuuji Matsukura
Producer, Masazumi Katou
Producer, Shigeaki Komatsu
Producer, Youhei Hayashi
Producer","Chuugaku Akamatsu : Original Creator, Takashi Watanabe : Director, Takumi Ozawa : Music, Kazunori Iwakura : Character Design, Yuuji Matsukura : Producer, Masazumi Katou : Producer, Shigeaki Komatsu : Producer, Youhei Hayashi : Producer"
Deadman Wonderland: The Red Knife Wielder, Deadman Wonderland: Akai Naifu Tsukai,OVA  ,1.0,Manglobe,,"Shounen, Police, Superpowers, Based on a Manga, Violence",3.59,2011.0,,"'Before Senji Kiyomasa was a prisoner at Deadman Wonderland, he was a police officer, using his Branches of Sin powers to put a stop to criminals that stood in his way. After helping an orphan escape the clutches of a notorious local gang called Goreless Peace, Senji finds himself courted by Keigo, the very mastermind behind the violence. But little does he know that his refusal to join forces with evil will have dire consequences...'",Violence,"Deadman Wonderland, Another. Deadman Wonderland, Deadman Wonderland (Light Novel)",Deadman Wonderland,"Senji Kiyomasa, Akira : Shinnosuke Tachibana, Hinata : Ai Kayano, Izuru : Fuyuka Ooura, Keigo Ugachi : Kishou Taniyama, Old Man, Toshirou : Noriaki Sugiyama, Domon : Unshou Ishizuka, Jinsei Kataoka
Original Creator, Kouichi Hatsumi
Director, Narasaki
Music, Masaki Yamada
Character Design, Yoshikazu Iwanami
Sound Director, Naoshi Imamoto
Producer, Takashi Kouchiyama
Producer, Eiji Abiko
Key Animator","Jinsei Kataoka : Original Creator, Kouichi Hatsumi : Director, Narasaki : Music, Masaki Yamada : Character Design, Yoshikazu Iwanami : Sound Director, Naoshi Imamoto : Producer, Takashi Kouchiyama : Producer, Eiji Abiko : Key Animator"
Infinite Stratos Encore: A Sextet Yearns to Be in Love, Infinite Stratos Encore: Koi ni Kogareru Rokujuusou,OVA  ,1.0,8-Bit,,"Comedy, Ecchi, Harem, Sci Fi, Slice of Life, Nudity",3.59,2011.0,,"""On a hot day of summer vacation, Charlotte's plan to spend time alone with Ichika at his house is somewhat ruined...""",Nudity,"Infinite Stratos (Light Novel), Infinite Stratos, IS! (Takuto KON), Infinite Stratos: Official Anthology Comic, Infinite Stratos (Homura YUUKI), IS: Infinite Stratos - Sugar & Honey, Infinite Stratos: Black Bunny/White Bitter","Infinite Stratos, Infinite Stratos 2, Infinite Stratos 2: One's Summer Memories, Infinite Stratos: World Purge-hen, Infinite Stratos 2: Infinite Wedding","Houki Shinonono : Youko Hikasa, Ichika Orimura : Kouki Uchiyama, Cecilia Alcott : Yukana, Charles Dunois : Kana Hanazawa, Laura Bodewig : Marina Inoue, Lingyin Huang : Asami Shimoda, Chifuyu Orimura : Megumi Toyoguchi, Dan Gotanda : Makoto Yasumura, Yasuhito Kikuchi
Director, Eiji Inomoto
Cg Director, Katsumi Koike
Producer, Atsushi Iwasaki
Producer","Yasuhito Kikuchi : Director, Eiji Inomoto : Cg Director, Katsumi Koike : Producer, Atsushi Iwasaki : Producer"
Kemy,,TV   ,,,,"Animal Protagonists, Educational, Family Friendly, Korean Animation, Non-Human Protagonists, Short Episodes, CG Animation",3.59,2011.0,,'No synopsis yet - check back soon!',,,"Kemy Lang Buka Chaka, Kemy Tamheomdae",Kemy,
Plastic Nee-san, +Tic Elder Sister,Web  ,12.0,TYO Animations,Spring,"Comedy, Seinen, Gag, School Club, School Life, Short Episodes, Slapstick, Based on a Manga",3.58,2011.0,2012.0,'The story follows a third-year high school girl who likes building plastic models and the wacky conversations she has with her fellow club members.',,Plastic Nee-san,,"Makina Sakamaki : Marina Inoue, Nee-San : Mari Kanou, Okappa : Yumi Uchiyama, Sano : Yuka Saotome, Satomi Ishihara : Chiwa Saitou, Uno, Azuma, Cindy : Chiwa Saitou, Cha Kurii
Original Creator, Tsutomu Mizushima
Director, Tatsuya Katou
Music, Sumie Kinoshita
Character Design, Kouji Sone
Producer, Satoshi Yamaguchi
Producer","Cha Kurii : Original Creator, Tsutomu Mizushima : Director, Tatsuya Katou : Music, Sumie Kinoshita : Character Design, Kouji Sone : Producer, Satoshi Yamaguchi : Producer"
Mashiroiro Symphony: The Color of Lovers,,TV   ,12.0,Manglobe,Fall ,"Drama, Harem, Romance, All-Girls School, School Club, School Life, Tsundere, Based on an Eroge, Based on a Visual Novel, Sexual Content",3.58,2011.0,,"""The traditional girls-only Yuihime Private Academy is considering the possibility of starting to accept both genders and has thus made an agreement with a neighboring school to receive some of its students as an experiment to see the reaction to this adaptation. Shingo Iryu is one of the many students transferred for a ten month experimental phase at Yuihime Academy. He, his sister, and his fellow relocated colleagues are impressed by the sophisticated campus, but even more by the resistance of many students who don't want the boys over there.""",Sexual Content,"Mashiroiro Symphony, Mashiroiro Symphony 4-koma, Mashiroiro Symphony: Wind of Silk, Mashiroiro Symphony: Twinkle Moon","Mashiroiro Symphony: Airi ga Anata no Kanojo ni!?, Mashiroiro Symphony: The Color of Lovers Picture Drama","Airi Sena : Ryouko Ono, Miu Amaha : Noriko Rikimaru, Sana Inui : Mayumi Yoshida, Shingo Uryuu : Takahiro Mizushima, Angelina Nanatsu Sewell : Oma Ichimura, Hayata Mukunashi : Tatsuhisa Suzuki, Pannya : Harumi Sakurai, Sakuno Uryuu : Mai Goto, Eiji Suganuma
Director, Akito Matsuda
Music, Toshie Kawamura
Character Design, Shinsaku Tanaka
Producer, Yuuka Sakurai
Producer, Satoshi Fukao
Producer, Toshio Okada
Producer, Ryota Furukawa
Animation Director & Key Animator","Eiji Suganuma : Director, Akito Matsuda : Music, Toshie Kawamura : Character Design, Shinsaku Tanaka : Producer, Yuuka Sakurai : Producer, Satoshi Fukao : Producer, Toshio Okada : Producer, Ryota Furukawa : Animation Director & Key Animator"
Fullmetal Alchemist: The Sacred Star of Milos Specials, Hagane no Renkinjutsushi: Milos no Sei-Naru Hoshi Specials,DVD S,,Bones,,"Comedy, Shounen, Siblings, Based on a Manga",3.58,2011.0,,'No synopsis yet - check back soon!',,"Fullmetal Alchemist, Fullmetal Alchemist (Light Novel), Fullmetal Alchemist: The Complete Four-Panel Comics",Fullmetal Alchemist: The Sacred Star of Milos,"Alphonse Elric, Edward Elric, Winry Rockbell",
Tatsumi, A Drifting Life,Movie,,,,"Drama, Autobiographies, Historical, Based on a Manga",3.58,2011.0,,'No synopsis yet - check back soon!',,A Drifting Life,,"Yoshihiro Tatsumi, Yoshihiro Tatsumi
Original Creator, Eric Khoo
Director","Yoshihiro Tatsumi : Original Creator, Eric Khoo : Director"
Kurousa-P: Senbonzakura, Kurousa-P: Thousand Cherry Blossoms,Music,,,,Vocaloid,3.58,2011.0,,'No synopsis yet - check back soon!',,,,"Miku Hatsune, Kaito, Len Kagamine, Luka Megurine, Meiko, Rin Kagamine, Kurousa-P
Producer",Kurousa-P : Producer
Toufu Kozou, Little Ghostly Adventures of the Tofu Boy,Movie,,Lapiz,,"Adventure, Comedy, Family Friendly, Supernatural, Youkai, Based on a Novel, CG Animation",3.57,2011.0,,'No synopsis yet - check back soon!',,,,"Toufu Kozou, Daruma, Ai Murota, Mike, Nyuudou Mikoshi, Oroku, Shibai-Mono Tanuki, Shinigami, Gisaburou Sugii
Director, Shinmei Kawahara
Director, S.E.N.S.
Music","Gisaburou Sugii : Director, Shinmei Kawahara : Director, S.E.N.S. : Music"
Green Days: Dinosaur and I, Sojunghan Nal-ui Kkum,Movie,,,,"Drama, Korean Animation",3.57,2011.0,,"'I-Rang fell down intentionally for fear of losing by Min-Jeong in the race, the only event she was confident in, when Min-Jeong overtook her. She is idling away defying any competition ever since. She gets irritated by TV commercials which are saying people remember only the winner. She hates herself who is nothing. She hates herself called by fill-in of someone. One day, Su-Min grabs her attention. She does not care others and does and says whatever she wants to, a girl from Seoul. I-Rang admired her for her uniqueness contrary to her'",,,,"Yi-Rang Oh, Cheol-Soo Kim, Kyeong-Ah Go, Min-Jeong, Soo-Min Han, Uncle",
Harbor Tale,,Movie,,,,"Adventure, Fantasy, Stop Motion Animation, CG Animation, Original Work",3.57,2011.0,,'No synopsis yet - check back soon!',,,,,
Scryed Alteration I: Tao,,Movie,,Sunrise,,"Action, Sci Fi, Recap, Superpowers, Original Work",3.57,2011.0,,'No synopsis yet - check back soon!',,Scryed,"Scryed, Scryed Alteration II: Quan","Kazuma : Souichirou Hoshi, Ryuho : Hikaru Midorikawa, Akira Terada, Asuka Tachibana, Ayase Terada, Biff, Elian Zigmar, Emergy Maxfell, Gorou Taniguchi
Director & Storyboard, Hisashi Hirai
Character Design, Hiroko Kuwazono
Producer","Gorou Taniguchi : Director & Storyboard, Hisashi Hirai : Character Design, Hiroko Kuwazono : Producer"
Fractale,,TV   ,11.0,A-1 Pictures,Winter,"Adventure, Fantasy, Sci Fi, Dystopia, noitaminA, Original Work",3.55,2011.0,,"""Many centuries into the future, humans live as part of the Fractale system, a computer program that moderates their activity to ensure a free and peaceful existence. But while life is indeed comfortable, the cost of growing up in virtual reality communities filled with holographic people called 'doppels' means that it can also get lonely. For Clain living estranged from his parents, adventure finally knocks when he rescues a mysterious girl called Phryne, who appears to be on the run. She spends only a short time with him before hurriedly moving on but leaves behind an unexpected gift: the curious and frustratingly whimsical doppel called Nessa! As Clain learns to adjust to his new friend and survive the scrapes she gets him into, he discovers that she and Phryne are at the heart of a great conspiracy. If he is ever to gain a sense of purpose, Clain will have to leave his comfortable existence and challenge the only thing he has ever known, the Fractale system itself.""",,Fractale,,"Clain : Yuu Kobayashi, Nessa : Kana Hanazawa, Phryne : Minami Tsuda, Barrot : Mitsuru Miyamoto, Dias : Tomoaki Maeno, Enri Granite : Yuka Iguchi, Moeran : Sumi Shimamoto, Sunda Granite : Shintarou Asanuma, Yutaka Yamamoto
Director, Souhei Kano
Music, Masako Tashiro
Character Design, Kazuko Nakashima
Color Design, Tomonori Ochikoshi
Producer, Atsuhito Isoda
Producer, Yasuomi Umetsu
Key Animator, Jun Fujiwara
Key Animator","Yutaka Yamamoto : Director, Souhei Kano : Music, Masako Tashiro : Character Design, Kazuko Nakashima : Color Design, Tomonori Ochikoshi : Producer, Atsuhito Isoda : Producer, Yasuomi Umetsu : Key Animator, Jun Fujiwara : Key Animator"
The Prince of Tennis: Another Story II - Ano Toki no Bokura Specials, Tennis no Ouji-sama: Another Story II - Ano Toki no Bokura Specials,DVD S,,Production I.G,,"Shounen, Chibi, Based on a Manga",3.55,2011.0,,'No synopsis yet - check back soon!',,"Prince of Tennis, Shin Tennis no Ouji-sama",The Prince of Tennis: Another Story II - Ano Toki no Bokura,"Bunta Marui, Eiji Kikumaru, Hiroshi Yagyuu, Kuranosuke Shiraishi, Satoshi Horio, Jirou Akutagawa, Ryoma Echizen, Shuusuke Fuji, Takeshi Konomi
Original Creator",Takeshi Konomi : Original Creator
Luo Xiaohei Zhan Ji: Fan Wai, The Legend of Luo Xiao Hei Specials,Web  ,4.0,,,"Comedy, Fantasy, Cats, Chinese Animation, Short Episodes, Flash Animation",3.55,2011.0,2017.0,'No synopsis yet - check back soon!',,Luo Xiaohei Zhan Ji,Luo Xiaohei Zhan Ji,,
"Last Exile: Fam, the Silver Wing", Last Exile: Ginyoku no Fam,TV   ,21.0,GONZO,Fall ,"Adventure, Fantasy, Sci Fi, Aviation, Military, Steampunk, Original Work",3.54,2011.0,2012.0,"'Years ago, humanity abandoned the ruined Blue World. Generations later, with the planet again capable of sustaining life, mankind returned. In the skies above the reborn world, rebellious young Fam and her best friend Giselle make their living as Sky Pirates. Atop sleek Vespa Vanships, the girls dart fearlessly through the clouds, capturing and selling airborne battleships for profit. It’s a life of care-free swashbuckling – until the Ades Federation attacks. The only nation to remain on Blue World during humanity’s exile, The Ades Federation wages war against those who returned only after the planet’s darkest days had passed. When Fam and Giselle rescue a princess from the clutches of the rampaging Ades armada, they join the young royal’s battle to save her Kingdom from destruction – and undertake the impossible mission of uniting humanity in peace.'",,"Last Exile - Sunadokei no Tabibito, Last Exile: Ginyoku no Fam","Last Exile, Last Exile: Fam, the Silver Wing Recaps, Last Exile: Doyou no Asa, Last Exile: Fam, the Silver Wing Movie - Over the Wishes","Fam Fan Fan : Aki Toyosaki, Giselle Collette : Aoi Yuuki, Millia Il Velch Cutrettola Turan : Ai Kayano, Alauda : Masaya Matsukaze, Alister Agrew : Natsuko Kuwatani, Atamora Collette : Tetsu Inada, Dio Eraclea : Junko Noda, Dyan : Yukana, Yukio Takahashi
Chief Director, Kouichi Chigira
Director, Hitomi Kuroishi
Music, Osamu Horiuchi
Character Design, Junichi Takaoka
Character Design, Range Murata
Character Design, Hiroyuki Birukawa
Producer, Tadashi Hoshino
Producer","Yukio Takahashi : Chief Director, Kouichi Chigira : Director, Hitomi Kuroishi : Music, Osamu Horiuchi : Character Design, Junichi Takaoka : Character Design, Range Murata : Character Design, Hiroyuki Birukawa : Producer, Tadashi Hoshino : Producer"
Jin: Headphone Actor, Headphone Actor,Music,,,,Vocaloid,3.54,2011.0,,'No synopsis yet - check back soon!',,,,"Ene, Jin
Producer",Jin : Producer
Hyouge Mono,,TV   ,39.0,BEE TRAIN,Spring,"Seinen, 16th Century, Feudal Japan, Historical, Samurai, Based on a Manga",3.54,2011.0,2012.0,"'In the age of civil war, when the shadow of Nobunaga Oda was still cast over the land, the warlord Furuta Sasuke lost his soul to the tea ceremony. While war shook the world around him, he faced his own conflict between his desire for promotion and his love for his art.'",,Hyouge Mono,,"Hideyoshi Hashiba : Masashi Ebara, Ieyasu Tokugawa : Shingo Tsurumi, Sasuke Furuta : Kouji Ohkura, Soueki Senno : Nobuo Tanaka, Nobunaga Oda : Rikiya Koyama, Osen : Megumi Toyoguchi, Chacha : Arisa Ogasawara, Choujirou : Mitsuo Senda, Yoshihiro Yamada
Original Creator, Kouichi Mashimo
Director, Hiroyuki Kawasaki
Screenplay & Series Composition, Kow Otani
Music, Yoshimitsu Yamashita
Character Design, Yoshiaki Tsubata
Character Design, Yoshimi Umino
Art Director, Takaaki Ishiyama
Storyboard","Yoshihiro Yamada : Original Creator, Kouichi Mashimo : Director, Hiroyuki Kawasaki : Screenplay & Series Composition, Kow Otani : Music, Yoshimitsu Yamashita : Character Design, Yoshiaki Tsubata : Character Design, Yoshimi Umino : Art Director, Takaaki Ishiyama : Storyboard"
Neru: Tokyo Teddy Bear,,Music,,,,Vocaloid,3.54,2011.0,,'No synopsis yet - check back soon!',,,,"Rin Kagamine, Neru
Producer",Neru : Producer
Ring ni Kakero 1: Sekai Taikai-hen,,TV   ,,Toei Animation,Spring,"Action, Shounen, Sports, Boxing, Hand to Hand Combat, Based on a Manga",3.53,2011.0,,"""After defeating Black Shaft's makeshift Team USA and proving their worth to the Shadow Clan, Team Golden Japan Jr. will finally enter the World Jr. Boxing Tournament. In order to fulfill their goal of a perfect victory they'll have to take on teams from countries like Mexico, Italy, France, Germany, and the mysterious and godlike Team Greece.""",,Ring ni Kakero,"Ring ni Kakero 1, Ring ni Kakero 1: Nichibei Kessen-hen, Ring ni Kakero 1: Shadow","Masami Kurumada
Original Creator, Hiroshi Ikehata
Director, Susumu Ueda
Music","Masami Kurumada : Original Creator, Hiroshi Ikehata : Director, Susumu Ueda : Music"
Phi Brain: Puzzle of God, Phi Brain: Kami no Puzzle,TV   ,25.0,Sunrise,Fall ,"Adventure, High Stakes Games, Original Work",3.53,2011.0,2012.0,"""No one loves puzzles more than Kaito Diamon, and when it comes to solving them, he's the best there is. But when a labyrinth underneath his school leads him to an mysterious armband that can unlock his brain's full potential, he is put on the Puzzle Of God organization's radar as one of the children of Phi-Brain. Now he must push his mind to the limit as the P.O.G. challenges him relentlessly to their deadly puzzles. With a plethora of dangerous, laughable, creative, or down-right demented puzzles being thrown at him, will Kaito have what it takes to solve his way to victory or will he fall against the puzzles he adores so much?""",,"Phi Brain: Kami no Puzzle, Phi Brain: Saigo no Puzzle","Phi Brain: Puzzle of God 2, Phi Brain: Puzzle of God 3","Ana Gram : Satsuki Yukino, Cubic Galois : Kouki Miyata, Gammon Sakanoue : Jun Fukuyama, Kaito Daimon : Chiwa Saitou, Nonoha Itou : Kaori Shimizu, Baron Kaidou : Keiji Fujiwara, Bishop : Mamoru Miyano, Diceman : Kishou Taniyama, Junichi Satou
Director, Mayori Sekijima
Screenplay & Series Composition, Akio Izutsu
Music, Youhei Sasaki
Character Design, Shinichi Omata
Episode Director, Fumio Maezono
Episode Director, Masaki Hinata
Animation Director, Eiji Abiko
Animation Director","Junichi Satou : Director, Mayori Sekijima : Screenplay & Series Composition, Akio Izutsu : Music, Youhei Sasaki : Character Design, Shinichi Omata : Episode Director, Fumio Maezono : Episode Director, Masaki Hinata : Animation Director, Eiji Abiko : Animation Director"
Digimon Xros Wars: Aku no Death General to Shichinin no Oukoku, Digimon Fusion: The Evil Death Generals and the Seven Kingdoms,TV   ,24.0,Toei Animation,Spring,"Action, Adventure, Sci Fi, Shounen, Family Friendly, Monster-of-the-week, Monsters",3.53,2011.0,,'Second season of\xa0Digimon Xros Wars.',,Digimon Xros Wars,"Digimon Xros Wars, Digimon Xros Wars: Toki o Kakeru Shounen Hunter-tachi","Kiriha Aonuma : Takeshi Kusao, Nene Amano : Houko Kuwashima, Shoutmon : Chika Sakamoto, Taiki Kudou : Minami Takayama, Apollomon, Baalmon : Daisuke Kishio, Bagramon : Takeshi Kusao, Ballistamon : Takeshi Kusao, Tetsuya Endou
Director, Kousuke Yamashita
Music, Akihiro Asanuma
Character Design, Hiroyuki Sakurada
Producer, Tomoharu Matsuhisa
Producer","Tetsuya Endou : Director, Kousuke Yamashita : Music, Akihiro Asanuma : Character Design, Hiroyuki Sakurada : Producer, Tomoharu Matsuhisa : Producer"
Beelzebub Specials,,DVD S,,Pierrot,,Comedy,3.52,2011.0,2012.0,'No synopsis yet - check back soon!',,Beelzebub,Beelzebub,"Beelzebub : Miyuki Sawashiro, Takayuki Furuichi : Takahiro Mizushima, Tatsumi Oga : Katsuyuki Konishi, Aoi Kunieda : Aki Toyosaki, Bathym De Alaindelon : Wataru Takagi, Hajime Kanzaki : Tomokazu Sugita, Hidetora Tojo : Tomokazu Seki, Hildagarde : Shizuka Itou",
Tezuka Osamu no Buddha: Akai Sabaku yo! Utsukushiku, Osamu Tezuka's Buddha: The Great Departure,Movie,,Toei Animation,,"Adventure, Drama, Shounen, Buddhism, Coming of Age, Historical, India, Political, Poverty, Psychic Powers, Religion, Royalty, Superpowers, War, Based on a Manga, Mature Themes,, Physical Abuse,, Violence",3.52,2011.0,,"""The time is several millennia ago; the place is India. Droughts and famine plague the country, and its people are forced into a strict caste system that rewards only the elite cream of the crop. Across the land animals and Brahmin alike rejoice, for the blessed child with a birthright to become a god is about to be born. His name is Siddhartha Gautama, later to be known as the Buddha. Meanwhile, in another kingdom, Chapra, a boy born into a life of slavery, is determined to break free of his caste and earn a position of power. As both Chapra and Siddhartha grow and mature, learning about the harshness of India's caste system, the choices they make lead them closer together.""","Mature Themes,, Physical Abuse,, Violence",Buddha,Buddha 2: Tezuka Osamu no Buddha: Owarinaki Tabi,"Chapra : Junko Takeuchi, Siddhartha Gautama : Ai Orikasa, Bandaka : Keiji Fujiwara, Chapra'S Mother : Sayuri Yoshinaga, King Suddhodana : Kiyokazu Kanze, Tatta : Ikue Ootani, Brahman : Tetsuo Nakanishi, Channa : Daisuke Ono, Osamu Tezuka
Original Creator, Kouzou Morishita
Producer & Director, Michiru Ooshima
Music, Hideaki Maniwa
Character Design","Osamu Tezuka : Original Creator, Kouzou Morishita : Producer & Director, Michiru Ooshima : Music, Hideaki Maniwa : Character Design"
Dog Days,,TV   ,13.0,Seven Arcs,Spring,"Action, Adventure, Ecchi, Fantasy, Animal Characteristics, Animal Transformation, Isekai, Magic, Non-Human Protagonists, Person in a Strange World, Royalty, Summoned Into Another World, War, Original Work",3.52,2011.0,,"'In the magical land of Flonyard, animal-eared inhabitants battle each other for resources in harmless war games. One region, Biscotti, has fought valiantly but is on the verge of financial ruin when its princess, Millhiore, makes a decision: she’ll summon a champion who can fight for their honor! Through a magical portal comes Shinku, a once-typical middle school student who’s eager to join the cause. But soon, both Millhiore and Shinku make a terrible discovery: those who are summoned can’t return home! Now, as Shinku continues to train and fight for Biscotti, he and the others must also try to find a way for the boy to someday get back to his loving friends and family.'",,Dog Days,"Dog Days', Dog Days' Specials, Dog Days'', Dog Days Recap, Dog Days'': Limone Resort Tenbou Onsen!, Dog Days '': Gravure Talk","Leonmitchelli Galette Des Rois : Ami Koshimizu, Millhiore Firianno Biscotti : Yui Horie, Shinku Izumi : Mamoru Miyano, Brioche D'Arquien : Youko Hikasa, Eclair Martinozzi : Ayana Taketatsu, Gaul Galette Des Rois : Tetsuya Kakihara, Godwin Dorure : Norio Wakamoto, Lorrain Martinozzi : Takehito Koyasu, Masaki Tsuzuki
Original Creator, Keizou Kusakawa
Director, Maiko Iuchi
Music, Yui Isshiki
Music, Susumu Natsume
Music, Osamu Sakata
Character Design, Hisanori Kunisaki
Producer, Hiroyuki Shimizu
Producer","Masaki Tsuzuki : Original Creator, Keizou Kusakawa : Director, Maiko Iuchi : Music, Yui Isshiki : Music, Susumu Natsume : Music, Osamu Sakata : Character Design, Hisanori Kunisaki : Producer, Hiroyuki Shimizu : Producer"
Kamisama Dolls,,TV   ,13.0,Brain's Base,Summer,"Action, Comedy, Sci Fi, Seinen, Robots, Based on a Manga",3.51,2011.0,,"'When Kyohei moves to Tokyo, he thinks he’s left his old life behind. But when he discovers a bloody corpse, he also discovers that the past isn’t easily left behind, especially when the past is as unusual as Kyohei’s. You see, back in his home town, Kyohei was a “seki,”an individual able to control “kakashi,” ancient wooden “gods” capable of incredible feats, with his mind. Now there’s a kakashi loose in Tokyo, and it just may be up to Kyohei to stop it AND its seki in Kamisama Dolls!'",,Kamisama Dolls,Kamisama Dolls Specials,"Hibino Shiba : Ai Kayano, Kukuri, Kyouhei Kuga : Nobuhiko Okamoto, Utao Kuga : Misato Fukuen, Aki Kuga : Ryouhei Kimura, Kirio : Yumiko Kobayashi, Koushirou Hyuuga : Katsuki Murase, Kuremitsuha, Hajime Yamamura
Original Creator, Seiji Kishi
Director, Masara Nishida
Music, Kazuaki Morita
Character Design, Masakazu Miyake
Art Director, Junya Okamoto
Producer, Yoshikazu Beniya
Producer, Masazumi Katou
Producer","Hajime Yamamura : Original Creator, Seiji Kishi : Director, Masara Nishida : Music, Kazuaki Morita : Character Design, Masakazu Miyake : Art Director, Junya Okamoto : Producer, Yoshikazu Beniya : Producer, Masazumi Katou : Producer"
Rain Town,,Web  ,1.0,,,"Drama, Melancholy, No Dialogue, Non-Human Protagonists, Robots, Shorts, Original Work",3.51,2011.0,,"'One rain-soaked evening, a young girl wanders through the streets and runs across a very curious and unique new friend...'",,,,"Girl, Robot",
Pleasant Goat and Big Big Wolf Movie 3: Moon Castle - The Space Adventure, Xi Yangyang Yu Hui Tailang Zhi Tu Nian Ding Gua Gua,Movie,,Creative Power Entertaining,,"Adventure, Animal Protagonists, Anthropomorphic, Chinese Animation, Family Friendly, Non-Human Protagonists, Outer Space",3.51,2011.0,,'No synopsis yet - check back soon!',,,"Pleasant Goat and Big Big Wolf, Pleasant Goat and Big Big Wolf Movie 1: The Super Snail Adventure, Pleasant Goat and Big Big Wolf Movie 2: The Tiger Prowess, Pleasant Goat and Big Big Wolf Movie 4: Mission Incredible - Adventures on the Dragon's Trail, Pleasant Goat and Big Big Wolf Movie 5: The Mythical Ark - Adventures in Love & Happiness, Pleasant Goat and Big Big Wolf Movie 6: Meet The Pegasus, Pleasant Goat and Big Big Wolf Movie 7: Amazing Pleasant Goat, Pleasant Goat and Big Big Wolf Movie 8",,
A Certain Magical Index-tan II, Toaru Majutsu no Index-tan II,DVD S,,J.C.Staff,,"Comedy, Sci Fi, Gag, Magic, Parody, Psychic Powers, Supernatural, Superpowers",3.51,2011.0,,'No synopsis yet - check back soon!',,"A Certain Magical Index (Light Novel), A Certain Magical Index","A Certain Magical Index-tan, A Certain Magical Index II, A Certain Magical Index Movie: The Miracle of Endymion Special, A Certain Magical Index-tan III","Index : Yuka Iguchi, Touma Kamijou : Atsushi Abe, Accelerator : Nobuhiko Okamoto, Awaki Musujime : Harumi Sakurai, Kazari Uiharu : Aki Toyosaki, Kuroko Shirai : Satomi Arai, Last Order : Rina Hidaka, Mikoto Misaka : Rina Satou",
Jin: Kagerou Daze,,Music,,,,Vocaloid,3.51,2011.0,,'No synopsis yet - check back soon!',,Kagerou Days (Light Novel),,"Hibiya Amamiya, Jin
Producer",Jin : Producer
Ore-sama Kingdom,,OVA  ,14.0,,,"Drama, Romance, Shoujo, Short Episodes, Based on a Manga",3.5,2011.0,2013.0,'No synopsis yet - check back soon!',,Ore-sama Kingdom,,"Hikaru Akagi, Nono Nonohara, Shinogu Hakuba, Shun Kurosawa, Kyouya Isshiki, Mariko Oohigashi, Miwa Kurosawa, Taniguchi, Chitose Yagami
Original Creator",Chitose Yagami : Original Creator
Carnival Phantasm: Illya's Castle, Carnival Phantasm: Illya-jou,Other,,Lerche,,"Comedy, Fantasy, Chibi, Crossover, Gag, Parody",3.5,2011.0,,'No synopsis yet - check back soon!',,Fate/Labyrinth (Light Novel),"Lunar Legend Tsukihime, Fate/stay night, Carnival Phantasm: EX Season, Carnival Phantasm, Fate/Zero, Carnival Phantasm: HibiChika Special","Archer : Junichi Suwabe, Caster : Atsuko Tanaka, Illyasviel Von Einzbern : Mai Kadowaki, Lancer : Nobutoshi Canna, Rider : Yuu Asakawa, Saber : Ayako Kawasumi, Shirou Emiya : Noriaki Sugiyama, Berserker : Tadahisa Saizen",
DECO*27: Egomama, Egomama,Music,,,,Vocaloid,3.5,2011.0,,'No synopsis yet - check back soon!',,,,"Dark Girl, Light Girl, Girl, Boy, Deco*27
Producer",Deco*27 : Producer
Cat Planet Cuties: Come Drop By,"Alt titles: Asobi ni Iku yo! Asobi ni Oide, Bombshells from the Sky: Come Drop By",OVA  ,1.0,AIC PLUS+,,"Ecchi, Harem, Animal Characteristics, Based on a Light Novel, Nudity",3.5,2011.0,,"'Eris is interested in learning more about the games enjoyed on Earth, so the gang spends the day playing several different kinds. Manami raises the stakes by suggesting some serious prizes, some of which prove to be quite incriminating!'",Nudity,"Asobi ni Iku yo! (Light Novel), Let's Go Play!","Cat Planet Cuties, Cat Planet Cuties: Come Drop By - Owari","Aoi Futaba : Kana Hanazawa, Eris : Kanae Itou, Kio Kakazu : Mutsumi Tamura, Manami Kinjou : Haruka Tomatsu, Antonia : Iori Nomizu, Chaika : Minako Kotobuki, Dr. Dreil : Naomi Shindou, Ichika : Ayahi Takagaki, Youichi Ueda
Director, Tomoki Kikuya
Music, Noriko Morishima
Character Design, Akihiro Kurita
Producer, Yuuichirou Takahata
Producer, Jun Fukuda
Producer, Youichi Sekine
Producer, Jiyuu Ougi
Producer","Youichi Ueda : Director, Tomoki Kikuya : Music, Noriko Morishima : Character Design, Akihiro Kurita : Producer, Yuuichirou Takahata : Producer, Jun Fukuda : Producer, Youichi Sekine : Producer, Jiyuu Ougi : Producer"
Gosick Recap,,TV Sp,,Bones,,"Drama, Mystery, Romance, Boarding School, Detectives, Europe, Historical, Library, Recap, Based on a Light Novel, Violence",3.49,2011.0,,"'A recap episode, covering episodes 1-10 of Gosick.'",Violence,"GosickS (Light Novel), Gosick (Light Novel), Gosick, Gosick W",Gosick,"Kazuya Kujo : Takuya Eguchi, Victorique : Aoi Yuuki, Alan, Ambrose, Anastasia, Brian Roscoe : Tooru Ookawa, Cecile Lafitte : Yui Kano, Cordelia Gallo",
Dou Long Zhanshi, Dragon Warrior,Web  ,60.0,,,"Action, Fantasy, Chinese Animation, CG Animation",3.49,2011.0,,'No synopsis yet - check back soon!',,,"Dou Long Zhanshi 2, Dou Long Zhanshi 3, Dou Long Zhanshi 4, Dou Long Zhanshi Movie, Dou Long Zhanshi 5",,
Pretty Rhythm: Aurora Dream Specials,,DVD S,,Tatsunoko Production,,"Ice Skating, Idols, Music, Showbiz, Based on a Video Game",3.49,2011.0,2012.0,'No synopsis yet - check back soon!',,,Pretty Rhythm: Aurora Dream,"Aira Harune : Kana Asumi, Mion Takamine : Azusa Kataoka, Rizumu Amamiya : Sayuri Hara, Kaname Chris : Kanae Itou, Meganee Akai : Kanae Itou",
Supercell: Sekiranun Graffiti,,Music,,,,"Adventure, Fantasy, Vocaloid",3.49,2011.0,,"'A young girl goes on a very special, magical adventure with Miku Hatsune, flying through the sky and visiting many wondrous places.'",,"Chibi Miku-san, Bad End Night (Light Novel)",,"Miku Hatsune, Yuuichi Takahashi
Director & Character Design, Supercell
Music","Yuuichi Takahashi : Director & Character Design, Supercell : Music"
Ba La La Xiao Mo Xian Zhi Caihong Xin Shi, Balala the Fairies: Rainbow Heart Stone,TV   ,36.0,Alpha Group,,"Fantasy, Magical Girl, Chinese Animation, Henshin Heroes",3.48,2011.0,,"""Sara, the potential inheritor of the Fairy Castle, leaves to the Human World to look for her missing mother. There she meets Maggie and Michelle, the students of Shirley the Fairy. After Shirley is assigned to bring Sara back to the Fairy World, Shaman Dragon brainwashes Sara's mother to attack the Fairy Castle. Since the rainbow above Fairy Castle is beginning to fade, the castle itself will be destroyed. Now, Shirley, Maggie and Michelle have to find a way to save the castle, while Sara wants her mother come back to her senses, so she can stop destroying everything...""",,,"Ba La La Xiao Mo Xian Zhi: Qiji Wubu, Ba La La Xiao Mo Xian Zhi: Meng Huan Xuan Lu, Ba La La Xiao Mo Xian Zhi: Feiyue Cai Ling Bao, Ba La La Xiao Mo Xian Zhi: Feiyue Cai Ling Bao 2nd Season, Ba La La Xiao Mo Xian Zhi: Mofa Hai Ying Bao","Gian Xiao, Maggie Lin, Michelle Lin, Sally, Youle, Autumn Rain, Caihong Niao, Dragon",
Hitoshizuku-P x Yama△: Karakuri Burst,,Music,,,,Vocaloid,3.48,2011.0,,'No synopsis yet - check back soon!',,,Hitoshizuku-P x Yama△: Re:birthed,"Len Kagamine, Rin Kagamine, Miku Hatsune, Hitoshizuku-P
Producer, Yama△
Producer","Hitoshizuku-P : Producer, Yama△ : Producer"
Suite Pretty Cure♪ Movie: Torimodose! Kokoro ga Tsunagu Kiseki no Melody♪,,Movie,,Toei Animation,,"Magical Girl, Henshin Heroes, Magic",3.48,2011.0,,"""Ako and her father are about to return to their homeland when they discover that Queen Aphrodite has made music disappear from their country. It's up to the four Pretty Cure to find out why this is happening and save the magical music land.""",,"Futari wa Precure, Futari wa Pretty Cure: Splash Star, Eiga: Futari wa Pretty Cure Splash Star - Chikutaku Kiki Ippatsu!, Suite Pretty Cure♪, Kirakira Precure à la Mode",Suite Pretty Cure♪,"Ako Shirabe : Rumi Ookubo, Hibiki Houjou : Ami Koshimizu, Kanade Minamino : Fumiko Orikasa, Siren : Megumi Toyoguchi, Aphrodite : Noriko Hidaka, Hummy : Kotono Mitsuishi, Mephisto : Kenyuu Horiuchi, Flat : Mitsuaki Madono, Yoko Ikeda
Director, Yasuharu Takanashi
Music, Akira Takahashi
Character Design, Yasuhiro Katou
Cg Director","Yoko Ikeda : Director, Yasuharu Takanashi : Music, Akira Takahashi : Character Design, Yasuhiro Katou : Cg Director"
Tamayura: Hitotose,,TV   ,12.0,Hal Film Maker,Fall ,"Slice of Life, Iyashikei, Photography, School Life, Original Work",3.48,2011.0,,"'In a moment of pure warmth and happiness, it is said that children of the light, known as Tamayura, will appear. Fuu Sawatari is a young girl who loves taking photographs the same way that\xa0her beloved father did while he was alive.\xa0Having recently moved to the town her family frequently visited when she was younger, Fuu enjoys her life to the fullest alongside her friends Kaoru, Norie and Maon. Whether the gang\xa0have a sleepover, chase a furry cat around town, or simply enjoy a delicious lunch, Fuu always has her camera in hand in the hopes of finally capturing the illusive Tamayura on film.'",,Tamayura,"Tamayura, Tamayura: Hitotose Special, Tamayura: More Aggressive Picture Drama, Tamayura: More Aggressive, Tamayura: More Aggressive OVA, Tamayura: Sotsugyou Shashin Movie 1 - Kizashi, Tamayura: Sotsugyou Shashin Movie 2 - Hibiki, Tamayura: Sotsugyou Shashin Movie 3 - Akogare, Tamayura: Sotsugyou Shashin Movie 4 - Ashita","Fuu Sawatari : Ayana Taketatsu, Kaoru Hanawa : Kana Asumi, Maon Sakurada : Yuko Gibu, Norie Okazaki : Yuka Iguchi, Chihiro Miyoshi : Minako Kotobuki, Chimo Yakusa : Miyu Matsuki, Kou Sawatari : Kanako Miyamoto, Riho Shihomi : Erino Hazuki, Junichi Satou
Director, Haruko Iizuka
Character Design, Asuka Yamazaki
Producer, Hidemasa Tasaka
Producer, Kentarou Kai
Producer, Shousei Itou
Producer, Shigehiro Kurita
Producer, Kouji Sone
Producer","Junichi Satou : Director, Haruko Iizuka : Character Design, Asuka Yamazaki : Producer, Hidemasa Tasaka : Producer, Kentarou Kai : Producer, Shousei Itou : Producer, Shigehiro Kurita : Producer, Kouji Sone : Producer"
+A-Channel,,DVD S,,Studio Gokumi,,"Comedy, Seinen, Slice of Life, Based on a Manga",3.47,2011.0,,"""There are many untold stories in the lives of Run and the others, such as the day Tooru received her high school uniform and why she always wears that purple sweater. With the gang witnessing Yuuko's extreme coping mechanisms when they drag her to a horror movie, Satou-sensei's bizarre forehead fetish and Tooru suffering the lingering effects of a nightmare, the girls never run out of things to do or stories to tell.""",,A-Channel,"A-Channel, A-Channel + smile, A-Channel: Nabe wo Tabeyou","Nagisa Tennouji : Yumi Uchiyama, Run Momoki : Kaori Fukuhara, Tooru Ichii : Aoi Yuuki, Yuuko Nishi : Minako Kotobuki, Sachiyo Satou : Daisuke Ono, Kimiko Kitou : Minori Chihara, Tansan",
A Bridge to the Starry Skies, Hoshizora e Kakaru Hashi,TV   ,12.0,Doga Kobo,Spring,"Comedy, Ecchi, Harem, Romance, Countryside, Panty Shots, School Life, Based on an Eroge, Based on a Visual Novel",3.47,2011.0,,"""Kazuma and his little brother Ayumu have arrived at the countryside, eager to begin a new life at the Yorozuyo Inn – a place that Kazuma once visited as a child. There's fresh air, running water and relaxation – a perfect place for the sickly Ayumu to recover. But the pair's arrival is anything but uneventful, what with getting lost, Kazuma meeting and accidentally kissing the lovely Ui in the woods, and enraging her protective friend Ibuki in the process! Now, with a less than ideal first impression on his new classmates and more beautiful women popping up around him each day, Kazuma certainly has his hands full with misunderstandings and budding romances!""",,A Bridge to the Starry Skies,A Bridge to the Starry Skies OVA,"Kazuma Hoshino : Shintarou Asanuma, Ayumu Hoshino : Ayuru Ohashi, Daigo Minamikokubaru : Wataru Hatano, Hina Sakai : Mayumi Yoshida, Ibuki Hinata : Ringo Aoba, Kasane Toudou : Mai Kadowaki, Koyori Toudou : Aiko Ookubo, Madoka Koumoto : Ai Shimizu, Takenori Mihara
Director, Atsushi Umebori
Music, Funta
Music, Haruo Oogawara
Character Design, Makoto Itou
Producer, Takema Okamura
Producer, Yuuichirou Takahata
Producer, Uesama
Producer","Takenori Mihara : Director, Atsushi Umebori : Music, Funta : Music, Haruo Oogawara : Character Design, Makoto Itou : Producer, Takema Okamura : Producer, Yuuichirou Takahata : Producer, Uesama : Producer"
Toriko x One Piece Collabo Special,"Alt titles: One Piece: The Strongest Tag-Team! Luffy and Toriko's Hard Struggle!, Toriko: Arrival on the Gourmet Island! The Gourmet Hunter Toriko Appears!",TV Sp,,Toei Animation,,"Action, Adventure, Comedy, Shounen, Crossover, Food and Beverage, Island, Pirates, Superpowers, Based on a Manga",3.47,2011.0,,"""After being blown off course to an unknown part of the sea, Sanji breaks some devastating news to Luffy: they’ve run out of food! Luckily, it seems salvation is at hand\xa0when the Straw Hats land on an uninhabited island where meat literally grows on trees. However, the isle isn't completely deserted -\xa0it's inhabited by the\xa0Gourmet Hunter, Toriko, and through their love of meat Luffy and the manly food devotee quickly become firm friends. After munching their way through a herd of Grilled Pork, the Straw Hats think of gathering supplies for their voyage and Toriko has the perfect solution: together they will hunt down the legendary Hungri-la bird. But when Nami and Komatsu are kidnapped by Cocoalas, all thoughts of food are gone... well, almost.""",,"One Piece, Toriko, Chopperman: Yuke Yuke! Minna no Chopper-sensei, One Piece x Toriko: Jisshoku! Akuma no Mi!!, One Piece Ace's Story (Light Novel), One Piece episode A","One Piece, Toriko TV, Toriko x One Piece Collabo Special 2","Monkey D. Luffy : Mayumi Tanaka, Toriko : Ryotaro Okiayu, Coco : Takahiro Sakurai, Komatsu : Romi Park, Nami : Akemi Okamura, Rin : Asami Tano, Sanji : Hiroaki Hirata, Sunny : Mitsuo Iwata, Mitsutoshi Shimabukuro
Original Creator, Eiichiro Oda
Original Creator, Naoyuki Itou
Director","Mitsutoshi Shimabukuro : Original Creator, Eiichiro Oda : Original Creator, Naoyuki Itou : Director"
Toriko 3D: Kaimaku Gourmet Adventure!!,,Movie,,Toei Animation,,"Action, Adventure, Comedy, Fantasy, Shounen, Food and Beverage, Superpowers, Based on a Manga",3.47,2011.0,,'A young boy enlists the help of Gourmet Hunter Toriko to help him rid his village of the giant beast plaguing them.',,"Toriko, One Piece x Toriko: Jisshoku! Akuma no Mi!!","Toriko, Toriko TV, Toriko Movie: Secret Recipe of Gourmet God!","Peku, Toriko : Ryotaro Okiayu, Tom, Komatsu : Romi Park, Mitsutoshi Shimabukuro
Original Creator, Junji Shimizu
Director, Hiromi Mizutani
Music, Hisashi Kagawa
Character Design, Tadayoshi Yamamuro
Character Design","Mitsutoshi Shimabukuro : Original Creator, Junji Shimizu : Director, Hiromi Mizutani : Music, Hisashi Kagawa : Character Design, Tadayoshi Yamamuro : Character Design"
Tales of Symphonia the Animation: The United World Episode Specials, Tales of Symphonia the Animation: Sekai Tougou-hen Specials,DVD S,,ufotable,,"Comedy, Fantasy, Magic, Based on a Video Game",3.47,2011.0,2012.0,'No synopsis yet - check back soon!',,"Tales of Symphonia, Tales of Symphonia BC Anthology Collection, Tales of Symphonia: Extra Load, BC Anthology Collection: Tales of Symphonia 4-koma Short Comic Selection, Tales of Symphonia: Ratatosk no Kishi - Onshuu no Richter, Tales of Symphonia: Shokuzai no Kratos (Light Novel)",Tales of Symphonia the Animation: The United World Episode,"Colette Brunel : Nana Mizuki, Kratos Aurion : Fumihiko Tachiki, Lloyd Irving : Katsuyuki Konishi, Raine Sage : Yumi Touma, Yggdrasill : Hideyuki Tanaka, Yuan Ka-Fai : Toshiyuki Morikawa, Zelos Wilder : Masaya Onosaka, Martel Yggdrasill : Misa Watanabe",
Tantei Opera Milky Holmes 2,,TV   ,12.0,J.C.Staff,Winter,"Comedy, Mystery, Detectives, Sherlock Holmes",3.47,2011.0,2012.0,"'Having failed to recover their ""toys"" last season, the four girls of Milky Holmes are still on the outs with student body president Henriette, who also happens to be the mysterious thief Lady Arsene. Henriette wants Milky Holmes to get it together so that she can match wits with them again, but the girls are more preoccupied with their next meal. Will threatening to close down the Detective Academy motivate them to get their toys in working order again?'",,"Tantei Opera Milky Holmes: On Stage!, Tantei Opera Milky Holmes: Radical Time","Tantei Opera Milky Holmes, Tantei Opera Milky Holmes: Summer Special, Tantei Opera Milky Holmes: Alternative, Futari wa Milky Holmes, Tantei Opera Milky Holmes TD, Tantei Opera Milky Holmes Movie: Milky Holmes' Counterattack, Tantei Opera Milky Holmes: Fun Fun Pearly Night - Ken to Janet no Okurimono","Cordelia Glauca : Izumi Kitta, Hercule Barton : Mikoi Sasaki, Nero Yuzurisaki : Sora Tokui, Sherlock Shellingford : Suzuko Mimori, Arsène : Satomi Akesaka, Buta : Rikiya Koyama, Henriette Mystere : Satomi Akesaka, Hirano Hasegawa : Ryouko Shintani, Makoto Moriwaki
Director, Satoru Inohara
Music, Seiya Numata
Character Design & Chief Animation Director, Kei Fukura
Producer, Yasushi Ooshima
Producer, Motohisa Katou
Producer","Makoto Moriwaki : Director, Satoru Inohara : Music, Seiya Numata : Character Design & Chief Animation Director, Kei Fukura : Producer, Yasushi Ooshima : Producer, Motohisa Katou : Producer"
Inazuma Eleven GO: Tokubetsu-hen,,DVD S,,OLM,,"Sports, Recap, Soccer",3.46,2011.0,,'No synopsis yet - check back soon!',,Inazuma Eleven: Penguin wo Tsugu Mono,Inazuma Eleven GO,"Tenma Matsukaze, Jun Tominaga",
Armored Trooper Votoms: Alone Again, Soukou Kihei Votoms: Koei Futatabi,OVA  ,1.0,Sunrise,,"Mecha, Sci Fi, Real Robot, Original Work",3.46,2011.0,,'Chirico meets up with Gotho and friends at an oasis town for the first time in over 30 years.',,Armored Trooper Votoms,"Armored Trooper Votoms, Armored Trooper Votoms: The Last Red Shoulder, Armored Trooper Votoms: Big Battle, Armored Trooper Votoms: Red Shoulder Document - Roots of Treachery, Armor Hunter Mellowlink, Armored Trooper Votoms: The Brilliant Heretic, Armored Trooper Votoms: Pailsen Files, Armored Trooper Votoms: Pailsen Files Movie, Armored Trooper Votoms: Phantom Arc, Armored Trooper Votoms Case;Irvine, Armored Trooper Votoms: Finder","Chirico Cuvie : Hozumi Gouda, Teitania Da Montewells : Youko Matsuoka, Bouleuse Gotho : Kousei Tomita, Coconna : Youko Kawanami, Stevia Vartla : Houko Kuwashima, Vanilla Vartla : Shigeru Chiba, Kazuyoshi Takeuchi
Director, Hiroki Inui
Music, Tetsurou Oda
Music, Norio Shioyama
Character Design, Kentarou Takahashi
Photography Director, Fumio Maezono
Episode Director, Masashi Ikeda
Screenplay & Storyboard","Kazuyoshi Takeuchi : Director, Hiroki Inui : Music, Tetsurou Oda : Music, Norio Shioyama : Character Design, Kentarou Takahashi : Photography Director, Fumio Maezono : Episode Director, Masashi Ikeda : Screenplay & Storyboard"
Danball Senki,,TV   ,44.0,OLM,Winter,"Action, Mecha, Sci Fi, Family Friendly, Based on a Video Game",3.46,2011.0,2012.0,"'Children in the year 2050 have miniature\xa0LBX\xa0robots, which they build, customize and play with in robot battles. Our young hero has control over the\xa0LBX\xa0model, a super-charged version left for him by a mysterious woman. Our hero and his friends, with their own unique robots, are now involved in a global conspiracy in which the robot battles have become deadly serious. The friends have joined together to fight for the very safety of the world.'",,"LBX: Little Battlers Experience, Danball Senki Wars, Danball Senki Gaiden","Danball Senki W, Danball Senki Wars","Ami Kawamura : Marina Inoue, Ban Yamano : Megumi Kubota, Daiki Sendou : Anri Katsu, Hanzou Gouda : Yuuki Hayashi, Jin Kaidou : Hisafumi Oda, Kazuya Aoshima : Daisuke Namikawa, Eiji Yagami : Takanori Hoshino, Ginji Shikano :  Nobuyuki Kobushi, Naohito Takahashi
Director, Rei Kondoh
Music, Hiroyuki Nishimura
Character Design","Naohito Takahashi : Director, Rei Kondoh : Music, Hiroyuki Nishimura : Character Design"
Baka and Test - Summon the Beasts 2: Magical Hideyoshi Hideyoshi, Baka to Test to Shoukanjuu Ni! Mahou Hideyoshi Hideyoshi,DVD S,,SILVER LINK.,,"Fantasy, Magical Girl, Chibi, Crossdressing, Henshin Heroes, Magic, Parody, Based on a Light Novel",3.46,2011.0,,'No synopsis yet - check back soon!',,"Baka and Test: Summon the Beasts (Light Novel), Baka and Test: Summon the Beasts","Baka and Test - Summon the Beasts Christmas Special, Baka and Test - Summon the Beasts, Baka and Test - Summon the Beasts Specials, Baka to Test to Shoukanjuu: Spinout! Sore ga Bokura no Nichijou, Baka and Test - Summon the Beasts OVA, Baka and Test - Summon the Beasts 2, Baka and Test - Summon the Beasts OVA PV","Hideyoshi Kinoshita : Emiri Katou, Minami Shimada : Kaori Mizuhashi, Akihisa Yoshii : Hiro Shimono",
Horizon in the Middle of Nowhere, Kyoukai Senjou no Horizon,TV   ,13.0,Sunrise,Fall ,"Action, Ecchi, Sci Fi, War, Based on a Light Novel",3.46,2011.0,,"'When humans came down from the sky they brought the Testament, the guide to the path they must follow if they wish to return to the skies. Now, in a world where only the islands of Japan are inhabitable, the nations of the world vie for power. But the Testament ends abruptly, and it is now the last year. Is this the end of humanity, or can Toori Aoi and his fellow students somehow affect the course of destiny? Who and what is the Horizon in the Middle of Nowhere?'",,"Kyoukai Senjou no Horizon (Light Novel), Kyoukai Senjou no Horizon, Kyoukai Senjou no Horako-san, Kyoukai Senjou no Horizon: Kimitoasamade (Light Novel), Kyoukai Senjou no Horako-san: Shucchouban","Horizon in the Middle of Nowhere: Kyokutou Naruhodo Kouza, Horizon in the Middle of Nowhere II, Horizon in the Middle of Nowhere Special","Tori Aoi : Jun Fukuyama, Adele Balfetto : Ayuru Ohashi, Futayo Honda : Yuu Kobayashi, Gin Tachibana : Minako Kotobuki, Horizon Ariadust : Minori Chihara, Innocentius : Jouji Nakata, Kimi Aoi : Chiwa Saitou, Kiyonari Urquiaga : Takaya Kuroda, Manabu Ono
Director, Tatsuya Katou
Music, Yukiko Aikei
Character Design, Kanta Suzuki
Character Design, Yuuki Makimoto
Producer, Satoshi Hirayama
Producer","Manabu Ono : Director, Tatsuya Katou : Music, Yukiko Aikei : Character Design, Kanta Suzuki : Character Design, Yuuki Makimoto : Producer, Satoshi Hirayama : Producer"
Fortune Arterial OVA, Fortune Arterial: Akai Yakusoku OVA,OVA  ,1.0,feel.,,"Comedy, Harem, Romance, Based on an Eroge, Based on a Visual Novel",3.46,2011.0,,'No synopsis yet - check back soon!',,"Fortune Arterial: Character's Prelude, Fortune Arterial",Fortune Arterial,"Erika Sendou : Rie Kanda, Haruna Yuuki : Hiroko Taguchi, Kanade Yuuki : Hitomi Nabatame, Kouhei Hasekura : Daisuke Ono, Shiro Tougi : Yukari Minegishi, Iori Sendou : Junichi Suwabe, Kiriha Kuze : Erika Narumi, Seiichirou Tougi : Tomohiro Tsuboi, Munenori Nawa
Director, Takaaki Anzai
Music, Megumi Ishihara
Character Design, Yoshikazu Iwanami
Sound Director, Yoshikazu Beniya
Producer, Naoshi Imamoto
Producer, Yoshio Usuda
Animation Director & Key Animator","Munenori Nawa : Director, Takaaki Anzai : Music, Megumi Ishihara : Character Design, Yoshikazu Iwanami : Sound Director, Yoshikazu Beniya : Producer, Naoshi Imamoto : Producer, Yoshio Usuda : Animation Director & Key Animator"
Aria the Scarlet Ammo: The Butei Come and Train at a Hot Spring, Hidan no Aria: Butei ga Kitarite Onsen Kenshuu,DVD S,,J.C.Staff,,"Seinen, Slice of Life, Based on a Light Novel",3.46,2011.0,,"'Ms. Tsuzuri takes her students to a hot spring in order to undergo Butei training. She tells them that their training starts the next day; however, strange things start happening on their way back to their rooms after enjoying the hot spring bath.'",,"Aria the Scarlet Ammo (Light Novel), Aria the Scarlet Ammo, Aria the Scarlet Ammo AA, Hidan no Aria-chan, Aria the Scarlet Ammo: Reloaded - Cast Off Table (Light Novel), Aria the Scarlet Ammo: Shiden's Witch, Aria the Scarlet Ammo: G no Ketsuzoku","Aria the Scarlet Ammo, Aria the Scarlet Ammo AA","Aria H. Kanzaki : Rie Kugimiya, Kinji Tooyama : Junji Majima, Gouki Mutou : Takayuki Kondou, Jeanne D'Arc : Ayako Kawasumi, Reki : Kaori Ishihara, Riko Mine : Mariya Ise, Shirayuki Hotogi : Mikako Takahashi, Umeko Tsuzuri : Masumi Asano",
Battle Break,,Web  ,1.0,OLM,,"Family Friendly, Proxy Battles",3.46,2011.0,,'No synopsis yet - check back soon!',,,,"Shinji Ushiro
Director",Shinji Ushiro : Director
Kuiba Movie 1: Zhi Shiwanhuoji,,Movie,,Vasoon Animation,,"Action, Adventure, Fantasy, Chinese Animation, Family Friendly, Original Work",3.45,2011.0,,'No synopsis yet - check back soon!',,,"Kuiba Movie 4: Mei Lingluo, Kuiba Movie 2: Dazhan Yuan Yang Jie, Kuiba Yao Xia Zhuan, Kuiba Movie 3: Zhanshen Jueqi",,
A-Channel,,TV   ,12.0,Studio Gokumi,Spring,"Comedy, Seinen, Slice of Life, Iyashikei, School Life, Based on a 4-Koma Manga, Based on a Manga",3.45,2011.0,,"'Having been close friends for years, when young Tooru passes her entrance exam she immediately rushes to tell Run that they will be attending the same school. However, since Run is one year older, not only will the two girls be in different classes, but the air-headed second year has already made her own friends, Yuuko and Nagi. Now the small, volatile and overprotective Tooru must learn to share her best friend and get to know her new acquaintances, as the four girls make the most of each new day.'",,A-Channel,"+A-Channel, A-Channel + smile, A-Channel: Nabe wo Tabeyou","Nagisa Tennouji : Yumi Uchiyama, Run Momoki : Kaori Fukuhara, Tooru Ichii : Aoi Yuuki, Yuuko Nishi : Minako Kotobuki, Kimiko Kitou : Minori Chihara, Miho Noyama : Momoko Saito, Sachiyo Satou : Daisuke Ono, Yutaka Imai : Ai Matayoshi, Kuroda Bb
Original Creator, Manabu Ono
Director, Satoru Kousaki
Music, Masakatsu Sasaki
Character Design, Koujirou Hayashi
Photography Director, Hiroo Maruyama
Producer, Hiroyuki Kobayashi
Producer, Atsuhiro Iwakami
Producer","Kuroda Bb : Original Creator, Manabu Ono : Director, Satoru Kousaki : Music, Masakatsu Sasaki : Character Design, Koujirou Hayashi : Photography Director, Hiroo Maruyama : Producer, Hiroyuki Kobayashi : Producer, Atsuhiro Iwakami : Producer"
A Dark Rabbit Has Seven Lives OVA, Itsuka Tenma no Kuro Usagi OVA,OVA  ,1.0,Zexcs,,"Comedy, Fantasy, Body Swapping, Gender Bender, School Life, Supernatural, Vampires, Based on a Light Novel",3.45,2011.0,,"""After taking a nap, Mirai is thirsty and Gekkou refuses to buy her a drink. She notices a strange looking potion on the table and chugs it despite Yuuichi previously telling her not to touch it. The potion causes the person who consumed it to swap souls (thus switching bodies) with anyone he or she comes in contact with. The main cast spend the day inadvertently swapping bodies due to Mirai's carelessness.""",,"A Dark Rabbit Has Seven Lives (Light Novel), A Dark Rabbit Has Seven Lives, A Dark Rabbit Has Seven Lives: Kurenai Gekkou no Seitokaishitsu","A Dark Rabbit Has Seven Lives, A Dark Rabbit Has Seven Lives Picture Drama","Gekkou Kurenai : Yuuichi Nakamura, Haruka Shigure : Mina, Himea Saito : Megumi Takamoto, Mirai Andou : Iori Nomizu, Taito Kurogane : Shinnosuke Tachibana, Ferris Eris : Ayahi Takagaki, Hinata Kurenai : Jun Fukuyama, Ryner Lute : Jun Fukuyama, Takashi Yamamoto
Director, Shigeo Komori
Music, Satoru Isono
Character Design, Yoshikazu Iwanami
Sound Director, Seiichi Hachiya
Producer, Jun Fukuda
Producer, Fumihiko Shinozaki
Producer, Seiichi Kawashima
Producer","Takashi Yamamoto : Director, Shigeo Komori : Music, Satoru Isono : Character Design, Yoshikazu Iwanami : Sound Director, Seiichi Hachiya : Producer, Jun Fukuda : Producer, Fumihiko Shinozaki : Producer, Seiichi Kawashima : Producer"
The Mechnimals 2, Ji Jia Shou Shen 2,TV   ,,,,"Chinese Animation, Family Friendly, Proxy Battles",3.45,2011.0,,'No synopsis yet - check back soon!',,,The Mechnimals,,
Shin Koihime Musou: Otome Tairan OVA, Shin Koihime Musou: It's A School Festival! Everyone Assemble!,OVA  ,1.0,Doga Kobo,,,3.45,2011.0,,'No synopsis yet - check back soon!',,"Koihime Musou: Doki Otome darake no Sangokushi Engi, Shin Koihime Musou: Otome Ryouran Sangokushi Engi, Shin Koihime Musou: Moeshouden - Otome Mankan Zenseki","Koihime Musou, Koihime Musou: Koihime Flash, Koihime Musou OVA, Shin Koihime Musou, Shin Koihime Musou: Live Revolution, Shin Koihime Musou OVA Omake, Shin Koihime Musou: Otome Tairan, Shin Koihime Musou: Rival Warlords Vacation on a Tropical Island - There Will Also Be Tentacles!, Shin Koihime Musou: Otome Tairan OVA Omake","Kan'U Unchou, Ryuubi Gentoku : Mai Goto, Shokatsuryou Koumei, Bachou Mouki, Batai, Bunshuu, Chinrin, Chouhi Yokutoku",
Haganai: I Don't Have Many Friends OVA, Boku wa Tomodachi ga Sukunai OVA,OVA  ,1.0,AIC Build,,"Comedy, Slice of Life, Food and Beverage, School Club, Based on a Light Novel",3.45,2011.0,,"""Kodaka Hasegawa and his acquaintances have a nabe party as a drill, so that they'll know what to do when invited to a real nabe party.""",,"Boku wa Tomodachi ga Sukunai (Light Novel), Boku wa Tomodachi ga Sukunai +, Haganai: I Don't Have Many Friends, Haganai: I Don't Have Many Friends - Now With 50% More Fail!, Boku wa Tomodachi ga Sukunai Anthology, Boku wa Tomodachi ga Sukunai x Seitokai no Ichizon Crossover Special, Haganai: I Don't Have Many Friends - Club Minutes, Boku wa Tomodachi ga Sukunai: Connect (Light Novel)","Haganai: I Don't Have Many Friends, Haganai: I Don't Have Many Friends - A Round-Robin Story's Ending Is Way Extreme, Haganai: I Don't Have Many Friends NEXT","Kodaka Hasegawa : Ryouhei Kimura, Sena Kashiwazaki : Kanae Itou, Yozora Mikazuki : Marina Inoue, Kobato Hasegawa : Kana Hanazawa, Maria Takayama : Yuka Iguchi, Rika Shiguma : Misato Fukuen, Yukimura Kusunoki : Nozomi Yamamoto, Yomi Hirasaka
Original Creator, Hisashi Saitou
Director, Yoshihiro Watanabe
Character Design, Tatsuhiro Nitta
Producer, Gou Tanaka
Producer, Satoshi Tanaka
Producer, Yousuke Futami
Producer","Yomi Hirasaka : Original Creator, Hisashi Saitou : Director, Yoshihiro Watanabe : Character Design, Tatsuhiro Nitta : Producer, Gou Tanaka : Producer, Satoshi Tanaka : Producer, Yousuke Futami : Producer"
Nem: Yumekui Shirokuro Baku," Nem: Baku, The Monochrome Dream-Eater",Music,,,,"Supernatural, Vocaloid",3.44,2011.0,,"'This song deals with the Japanese mythological creature, the Baku. Baku\'s are known to devour the nightmares/dreams of human beings. In this song the baku is portrayed by Len. Here, he entices an innocent girl\xa0who has trouble sleeping by taking away her bad dreams. He also ""seals the spell"" with a pinky promise and then later a kiss. In the end, ""when the full moon rises"" he steals her soul and takes her empty body to his ""monochrome world""'",,"Baku, The Monochrome Dream-Eater",,"Len Kagamine, Tama
Director & Illustrator, Nem
Producer","Tama : Director & Illustrator, Nem : Producer"
Sket Dance: Demystifying Special,,TV Sp,,Tatsunoko Production,,"Comedy, Shounen, Gag, Recap, School Club, School Life, Based on a Manga",3.44,2011.0,,'No synopsis yet - check back soon!',,"Sket Dance (Pilot), Sket Dance","SKET Dance: SD Character Flash Anime, Sket Dance, Sket Dance OVA","Hime Onizuka, Kazuyoshi Usui, Yusuke Fujisaki, Kenta Shinohara
Original Creator",Kenta Shinohara : Original Creator
Friends: Mononoke Shima no Naki,,Movie,,Robot,,"Comedy, Fantasy, Based on a Novel, CG Animation",3.44,2011.0,,'No synopsis yet - check back soon!',,,,"Naki : Shingo Katori, Gunjou : Kouichi Yamadera, Gouyan : Sadao Abe, Gunjo'S Mother : Shukuko Tsugawa, Konaki : Seishirou Katou, Takashi Yamazaki
Director",Takashi Yamazaki : Director
Goulart Knights: Evoked The Beginning White,,OVA  ,1.0,Studio Blanc.,,"Shoujo, Supernatural, Based on a Manga",3.43,2011.0,,'No synopsis yet - check back soon!',,Goulart Knights,Goulart Knights: Evoked The Beginning Black,"Hokuto : Atsushi Abe, Nile : Yuuki Kaji, Regulus : Kazuma Horie, Ulbireo : Takuma Terashima, Chiron, Kensei, Medius, Takumi Miyajima
Original Creator, Masahiro Sonoda
Director, Tatsuya Katou
Music, Hideki Furukawa
Character Design, Yoshiyuki Itou
Producer, Touko Machida
Screenplay","Takumi Miyajima : Original Creator, Masahiro Sonoda : Director, Tatsuya Katou : Music, Hideki Furukawa : Character Design, Yoshiyuki Itou : Producer, Touko Machida : Screenplay"
Pokemon Movie 14: White - Victini and Zekrom, Pokemon Movie 14 White: Victini to Kuroki Eiyuu Zekrom,Movie,,OLM,,"Fantasy, Elemental Powers, Family Friendly, Monsters, Based on a Video Game",3.43,2011.0,,"'During their travels through the Unova region, Ash and his friends Iris and Cilan arrive in Eindoak Town, built around a castle called the Sword of the Vale. The three Trainers have come to compete in the town’s annual battle competition, and Ash manages to win with some unexpected help from the Mythical Pokémon Victini! It turns out Victini has a special bond with this place... Long ago, the castle watched over the Kingdom of the Vale, and the partnership between Victini and the king protected the people who lived there. But that kingdom has since vanished into memory, leaving behind powerful relics and ancient Pokémon. Damon, a descendant of the People of the Vale, is trying to restore the lost kingdom with the help of his Reuniclus. His quest has taken him to the far reaches of the barren desert, and he has convinced the Legendary Pokémon Reshiram to join him! Damon plans to trap Victini and harness its power, and as that plan gets under way, the entire town of Eindoak faces disaster! Will the power of Ash’s ideals convince the Legendary Pokémon Zekrom to help stop Damon? Can they rescue Victini? The greatest adventure in Pokémon history approaches!'",,"Pokemon: The Electric Tale of Pikachu, Pokémon Adventures, Magical Pokemon Journey, Pokémon: Diamond and Pearl Adventure!, Pokemon Mystery Dungeon: Ginji's Rescue Team, Pokemon Ranger, Pokemon Ranger and the Temple of the Sea, Pokemon: The Rise of Darkrai, Pokemon Ranger Batonnage, Kaitou! Pokemon 7, Pokemon: Giratina & the Sky Warrior!, Pokemon ReBURST, Pokemon the Movie: White - Victini and Zekrom, Pokemon + Nobunaga no Yabou - Ranse Iroemaki, Pokémon: Diancie and the Cocoon of Destruction, Pokémon: Omega Ruby & Alpha Sapphire, Pokemon the Movie: Hoopa and the Clash of Ages, Pokemon the Movie XY&Z: Volcanion to Karakuri no Magiana, Pokemon Horizon: Sun & Moon, Pokémon: Sun & Moon, Pokémon the Movie: I Choose You!","Pokemon: Pichu Bros. in Party Panic, Pokemon: Gotta Dance!, Pokemon Movie 6: Jirachi Wish Maker, Pokemon Movie 7: Destiny Deoxys, Pokemon: Pikachu's Summer Festival, Pokemon Movie 8: Lucario and The Mystery of Mew, Pokemon: Pikachu's Ghost Carnival, Pokemon Movie 9: Pokemon Ranger and the Temple of the Sea, Pokemon: Pikachu's Island Adventure, Pokemon: Diamond & Pearl, Pokemon Movie 10: The Rise of Darkrai, Pokemon: Pikachu Tanken Club, Pokemon Mystery Dungeon: Explorers of Time and Darkness, Pokemon Movie 11: Giratina and the Sky Warrior, Pokemon: Pikachu's Great Ice Adventure, Pokemon Movie 12: Arceus and the Jewel of Life, Pokemon: Pikachu's Great Sparking Search, Pokemon Movie 13: Zoroark - Master of Illusions, Pokemon: Pikachu's Big Mysterious Adventure, Pokemon: Black & White, Pokemon Movie 14: Black - Victini and Reshiram, Pokemon Black Version 2 and White Version 2, Pokemon: Black & White - Rival Destinies, Pokemon: Utae Meloetta - Rinka no Mi wo Sagase!, Pokemon Movie 15: Kyurem vs. The Sword of Justice, Pokemon: Meloetta's Moonlight Serenade, Pokemon: Black & White: Adventures in Unova, Pokemon: Black & White: Adventures in Unova and Beyond, Pokemon: Mewtwo - Prologue to Awakening, Pokemon: Eevee and Friends, Pokemon XY Special: Road to Kalos, Pokemon XY: Mega Evolution, Pokemon XY: Sora no Hahen, Pokemon: Diancie, Princess of the Diamond Domain, Pokemon Movie 17: Diancie and the Cocoon of Destruction, Pokemon: Hoopa, The Mischief Pokemon","Ash Ketchum : Rica Matsumoto, Ash'S Pikachu : Ikue Ootani, Cilan : Mamoru Miyano, Iris : Aoi Yuuki, Victini : Nana Mizuki, Carlita : Satomi Ishihara, Damon : Chiaki Takahashi, Iris' Axew : Minami Tsuda, Kunihiko Yuyama
Director, Kazuhiko Sawaguchi
Music, Akifumi Tada
Music, Kazumi Satou
Character Design, Sayuri Ichiishi
Character Design, Kazuaki Mouri
Character Design, Shunya Yamada
Character Design, Junya Okamoto
Producer","Kunihiko Yuyama : Director, Kazuhiko Sawaguchi : Music, Akifumi Tada : Music, Kazumi Satou : Character Design, Sayuri Ichiishi : Character Design, Kazuaki Mouri : Character Design, Shunya Yamada : Character Design, Junya Okamoto : Producer"
Mahou Sensei Negima! Anime Final,,Movie,,SHAFT,,"Fantasy, Shounen, Magic, Based on a Manga",3.43,2011.0,,'No synopsis yet - check back soon!',,"Negima! Magister Negi Magi, Negima!? Neo, Negiho: Mahora Little Girls, UQ Holder!","Mahou Sensei Negima! Introduction Film, Negima!, Negima!?, Negima!? Haru Special!?, Negima!? Natsu Special!?, Mahou Sensei Negima! ~Shiroki Tsubasa Ala Alba~, Mahou Sensei Negima! ~Mou Hitotsu no Sekai~, Mahou Sensei Negima! ~Mou Hitotsu Sekai~ Magical Girl Yue, UQ Holder!","Asuna Kagurazaka : Akemi Kanda, Ayaka Yukihiro : Junko Minagawa, Chachamaru Karakuri : Akeno Watanabe, Chisame Hasegawa : Yumi Shimura, Evangeline A.K. Mcdowell : Yuki Matsuoka, Kaede Nagase : Ryouko Shiraishi, Kazumi Asakura : Ayana Sasagawa, Konoka Konoe : Ai Nonaka, Ken Akamatsu
Original Creator, Akiyuki Simbo
Director & Series Composition, Kenichi Ishikura
Assistant Director & Storyboard, Shaft
Series Composition, Kei Haneoka
Music, Noboru Jitsuhara
Character Design, Shinichirou Etou
Photography Director, Hitoshi Hibino
Color Design","Ken Akamatsu : Original Creator, Akiyuki Simbo : Director & Series Composition, Kenichi Ishikura : Assistant Director & Storyboard, Shaft : Series Composition, Kei Haneoka : Music, Noboru Jitsuhara : Character Design, Shinichirou Etou : Photography Director, Hitoshi Hibino : Color Design"
Battle Spirits: Heroes,,TV   ,50.0,Sunrise,Fall ,Based on a Card Game,3.43,2011.0,2012.0,"""A new cast of characters takes over the story of\xa0Battle Spirits, based on the popular trading card game. Hajime Hinobori is as enthusiastic about his favorite rice topping as he is about his favorite hobby, Battle Spirits...but one day outside the Battle Spirits store, he's challenged by someone who asks him: what is your fated card?""",,Battle Spirits: Sword Eyes,"Battle Spirits: Shounen Toppa Version, Battle Spirits: Shounen Gekiha Dan, Battle Spirits: Brave, Battle Spirits: Sword Eyes, Battle Spirits: Saikyou Ginga Ultimate Zero, Battle Spirits: Sword Eyes Gekitouden, Battle Spirits: Burning Soul, Battle Spirits: Double Drive","Arata Yakushiji : Wataru Hatano, Hajime Hinobori : Mana Hirata, Kimari Tatsumi : Saki Fujita, Kouta Tatsumi : Reiko Takagi, Tegamaru Tanashi : Jun Fukuyama, Akari Hinobori : Mie Sonozaki, Anthony Stark : Nobunaga Shimazaki, Chihiro Kusaka : Fumie Mizusawa, Akira Nishimori
Director, Eishi Segawa
Music, Ryo Hirata
Character Design, Shingo Tamagawa
Key Animator","Akira Nishimori : Director, Eishi Segawa : Music, Ryo Hirata : Character Design, Shingo Tamagawa : Key Animator"
Mole Zhuang Yuan: Bing Shi Ji, Legend of the Moles: The Frozen Horror,Movie,,,,"Adventure, Fantasy, Animal Protagonists, Anthropomorphic, Chinese Animation, Family Friendly, Non-Human Protagonists",3.42,2011.0,,'No synopsis yet - check back soon!',,,"Mole Zhuang Yuan, Mole Zhuang Yuan II: Hai Yao Bao Cang",,
Tantei Opera Milky Holmes: Summer Special,,TV Sp,,J.C.Staff,,"Comedy, Mystery, Detectives",3.42,2011.0,,'No synopsis yet - check back soon!',,Tantei Opera Milky Holmes: Radical Time,"Tantei Opera Milky Holmes, Tantei Opera Milky Holmes 2, Tantei Opera Milky Holmes: Alternative, Futari wa Milky Holmes, Tantei Opera Milky Holmes TD, Tantei Opera Milky Holmes Movie: Milky Holmes' Counterattack, Tantei Opera Milky Holmes: Fun Fun Pearly Night - Ken to Janet no Okurimono","Kokoro Akechi : Yoshino Nanjou, Sherlock Shellingford : Suzuko Mimori, Arsène : Satomi Akesaka, Cordelia Glauca : Izumi Kitta, Hercule Barton : Mikoi Sasaki, Hirano Hasegawa : Ryouko Shintani, Irene Doala : Sayuri Yahagi, Nero Yuzurisaki : Sora Tokui, Yuuji Matsukura
Producer, Kei Fukura
Producer, Yasushi Ooshima
Producer, Motohisa Katou
Producer, Seiya Numata
2Nd Key Animator & Animation Director & Ed Director & Episode Director & Key Animator & Storyboard","Yuuji Matsukura : Producer, Kei Fukura : Producer, Yasushi Ooshima : Producer, Motohisa Katou : Producer, Seiya Numata : 2Nd Key Animator & Animation Director & Ed Director & Episode Director & Key Animator & Storyboard"
Majikoi: Oh! Samurai Girls!, Maji de Watashi ni Koi Shinasai!!,TV   ,12.0,Lerche,Fall ,"Action, Comedy, Ecchi, Harem, Romance, Samurai, School Life, Superpowers, Based on an Eroge, Based on a Visual Novel, Nudity,, Sexual Content",3.42,2011.0,,"""Kawakami City is famous for its strong dedication to its samurai ancestors. A healthy fighting spirit is always valued and it's even an important factor for success at school. Yamato, a second year student from Kawakami High school, is always with his close friends (4 boys and 3 girls). They have all known each other since they were young and have done many things together. While they have many other friends, this group of seven is a close-knit, inseparable group. They even have a secret base where they meet. With the new semester, they welcome two girls into their group and shortly after things begin to change...""","Nudity,, Sexual Content","Magi-Cu: Majikoi - Oh! Samurai Girls!, Majikoi: Oh! Samurai Girls! (Light Novel), Majikoi: Oh! Samurai Girls!, Majikoi: Oh! Samurai Girls! After Party!!, Majikoi: Oh! Samurai Girls! Animated",,"Christiane Friedrich : Shizuka Itou, Kazuko Kawakami : Akane Tomonaga, Miyako Shiina : Hyosei, Momoyo Kawakami : Yuu Asakawa, Yamato Naoe : Hiroshi Kamiya, Yukie Mayuzumi : Yuuko Gotou, Ami Itagaki : Harumi Sakurai, Angel Itagaki : Yuuki Kajita, Keitarou Motonaga
Director, Ryousuke Nakanishi
Music, Mayumi Watanabe
Character Design, Takurou Hatakeyama
Producer, Jun Fukuda
Producer, Hiroaki Oshiro
Producer, Takeshi Hashimoto
Producer, Yoshikazu Ishihara
Producer","Keitarou Motonaga : Director, Ryousuke Nakanishi : Music, Mayumi Watanabe : Character Design, Takurou Hatakeyama : Producer, Jun Fukuda : Producer, Hiroaki Oshiro : Producer, Takeshi Hashimoto : Producer, Yoshikazu Ishihara : Producer"
Flanders no Inu: Shiawase no Carbonara, The Dog of Flanders: Carbonara of Happiness,Web  ,1.0,Nippon Animation,,"Countryside, Promotional, Shorts",3.42,2011.0,,"""The story centers on a boy named Nello who is transporting milk when his cart breaks down. Nello gets help from a boy to fix his cart, and Nello gets a chance to return the favor when the boy runs in trouble in the street the next day. With the help of a mysterious fairy named Parme and other children, Nello works to solve his friend's problems and reunite him with his mother.""",,,"The Dog of Flanders, The Dog of Flanders: My Patrasche, The Dog of Flanders Movie","Nello, Patrasche",
VitaminX Addiction,,OVA  ,3.0,Nomad,,"Romance, School Life, Based on a Video Game",3.41,2011.0,,"'The story is set at Seitei Gakuen, an elite private academy that teaches every level from kindergarten until college in Tokyo. A new female teacher named Yūri Minami is starting her second year of teaching here, and she is now moving up from teaching middle school students to the assignment she had sought after: grammar for high school students. Unfortunately, she gets assigned to ""Class X,"" an infamous group of seniors; it is said that all of their previous teachers have retired due to ulcers or neurosis. Minami must try to reach out to these students and get them into college.'",,,,"Goro Fumonji, Kajime Kusanagi, Kiyoharu Sendo, Minami Yuuri, Mizuki Madarame, Shun Nanase, Tsubasa Makabe, Ginji Katsuragi, Keiichirou Kawaguchi
Director, Satonobu Kikuchi
Character Design","Keiichirou Kawaguchi : Director, Satonobu Kikuchi : Character Design"
Pokemon: Diamond & Pearl Special,,TV Sp,,OLM,,"Fantasy, Shounen, Elemental Powers, Episodic, Family Friendly, Monsters, Proxy Battles, Based on a Video Game",3.41,2011.0,,"""Dawn has returned home to Twinleaf Town and is already planning to begin a new journey in Hoenn, but she can't decide which of her pokemon to bring along. She meets a brand-new trainer who is also having a hard time deciding what to do, and the girls wind up with a big problem on their hands when\xa0a pair of pokemon run away from Professor Rowan's lab. Meanwhile, Brock is back in Pewter City studying to become a pokemon doctor while his brother Forrest runs the family gym, but a sudden visit from a mysterious challenger threatens to\xa0close their gym down - permanently!""",,,Pokemon: Diamond & Pearl,"Brock : Yuuji Ueda, Dawn : Megumi Toyoguchi, Forrest : Romi Park, Nurse Joy : Kikuko Inoue, Shinko : Noriko Shitaya, Ash Ketchum : Rica Matsumoto, Brock'S Bonsly, Brock'S Croagunk, Norihiko Sutou
Director, Toshiya Yamada
Character Design","Norihiko Sutou : Director, Toshiya Yamada : Character Design"
Macross Frontier: Choujikuu Gekijou,,DVD S,,,,Chibi,3.41,2011.0,,'No synopsis yet - check back soon!',,,Macross Frontier,Klan Klang,
Seibu Tetsudou Ekiin Tako-chan,,Web  ,12.0,Shin-Ei Animation,,"Comedy, Short Episodes, Trains, Work Life",3.41,2011.0,2012.0,"'Tako-chan joins Seibu Railways in 2011, and gets assigned to Tanashi Station. He finally became a railway employee like he always yearned for, but he constantly keeps making blunders, and so all his work seems to be useless. Will the day come when he can stand on his own?'",,,,Tako,
A Bridge to the Starry Skies OVA, Hoshizora e Kakaru Hashi: Kakaru ka? Gakuensai ni Koi no Hashi,OVA  ,1.0,Doga Kobo,,"Comedy, Ecchi, Romance, Countryside, Based on an Eroge, Based on a Visual Novel, Nudity",3.41,2011.0,,"'The school festival is right around the corner and Daigo, having recently watched two of his friends hook up, is down in the dumps about his love life. Unfortunately for the ladies around him the boy is determined to do what it takes to land a date, be it trying to find a nude model for a faux photo shoot, or giving strategic compliments in hopes of some groping action!'",Nudity,,A Bridge to the Starry Skies,"Daigo Minamikokubaru : Wataru Hatano, Ayumu Hoshino : Ayuru Ohashi, Hina Sakai : Mayumi Yoshida, Ibuki Hinata : Ringo Aoba, Kazuma Hoshino : Shintarou Asanuma, Madoka Koumoto : Ai Shimizu, Tsumugi Toudou : Chiaki Takahashi, Ui Nakatsugawa : Eriko Nakamura, Takenori Mihara
Director, Atsushi Umebori
Music, Haruo Oogawara
Character Design, Makoto Itou
Producer, Takema Okamura
Producer, Yuuichirou Takahata
Producer, Uesama
Producer, Hajime Kamata
Producer","Takenori Mihara : Director, Atsushi Umebori : Music, Haruo Oogawara : Character Design, Makoto Itou : Producer, Takema Okamura : Producer, Yuuichirou Takahata : Producer, Uesama : Producer, Hajime Kamata : Producer"
Towel Story,,Web  ,4.0,,,"Slice of Life, Commercials, No Dialogue, Promotional, Short Episodes",3.41,2011.0,2013.0,'A series of animated videos to promote\xa0Shichifuku Towel.',,,,"Gaku Kinoshita
Director",Gaku Kinoshita : Director
Highschool of the Dead: Drifters of the Dead,,OVA  ,1.0,MADHOUSE,,"Adventure, Comedy, Ecchi, Shounen, Apocalypse, Island, Pandemic, Shorts, Survival, Zombies, Based on a Manga, Nudity,, Sexual Content",3.41,2011.0,,"""When the group of survivors leaves mainland Japan for a secluded island, they are beyond relieved to be free of bloodthirsty zombies. They finally feel like things are getting back to normal as they dress in skimpy swimsuits and try to forget what they've seen. But new adventures await them, and life on the island comes with its own brand of danger in High School of the Dead: Drifters of the Dead!""","Nudity,, Sexual Content","Highschool of the Dead, Gakuen Mokushiroku: Highschool of the Head",Highschool of the Dead,"Kota Hirano : Nobuyuki Hiyama, Rei Miyamoto : Marina Inoue, Saeko Busujima : Miyuki Sawashiro, Saya Takagi : Eri Kitamura, Shizuka Marikawa : Yukari Fukui, Takashi Komuro : Junichi Suwabe, Arisu Maresato : Ayana Taketatsu, Zeke : Hitomi Harada, Daisuke Satou
Original Creator, Tetsurou Araki
Director, Takafumi Wada
Music, Masayoshi Tanaka
Character Design, Kazuhiro Yamada
Photography Director, Shuuhei Yabuta
Cg Director, Mitsutoshi Ogura
Producer","Daisuke Satou : Original Creator, Tetsurou Araki : Director, Takafumi Wada : Music, Masayoshi Tanaka : Character Design, Kazuhiro Yamada : Photography Director, Shuuhei Yabuta : Cg Director, Mitsutoshi Ogura : Producer"
The King of Pigs, Dwaejiui Wang,Movie,,Studio Dadashow,,"Drama, Korean Animation, Psychological, School Life, Thriller, Transfer Students, Original Work, Animal Abuse,, Bullying,, Mature Themes,, Physical Abuse,, Violence",3.41,2011.0,,"'Unflinching in its depiction of violence, The King of Pigs begins moments after the brutal murder of a woman at the hands of her husband, a once-successful businessman, Hwang Kyung-mi (Oh Jeong-se, The Unjust), and flashes back to his school days and the abusive events that have shaped his life and that of his estranged fellow classmate Jung Jong-suk (Yang Ik-june, Always Behind You). As school boys, both men were considered part of a lower class of student known as “pigs.” Pitted against the affluent, upper-class “dogs,” the “pigs” hope an end to the abuse will come in the form of transfer student Kim Chul (Kim Hye-na, Flower Island), a rebel who will show the cowering students how to fight fire with fire.'","Animal Abuse,, Bullying,, Mature Themes,, Physical Abuse,, Violence",,,"Chul Kim, Jong-Suk Jung, Kyung-Min Hwang, Sang-Ho Yeon
Director, Been Eom
Music, Young-Kag Cho
Producer","Sang-Ho Yeon : Director, Been Eom : Music, Young-Kag Cho : Producer"
Shuukan Shimakou,,TV   ,22.0,DLE,Spring,"Comedy, Short Episodes, Work Life, Based on a Manga",3.41,2011.0,,'No synopsis yet - check back soon!',,Kachou Shima Kousaku,,"Kousaku Shima : Frogman, Kenshi Hirokane
Original Creator, Frogman
Director","Kenshi Hirokane : Original Creator, Frogman : Director"
40MeterP: Karakuri Pierrot,,Music,,,,Vocaloid,3.41,2011.0,,"'The official music video for the Vocaloid song Karakuri Pierrot, by the producer 40meterP.'",,,,"Miku Hatsune, √Effect
Director, 40Meterp
Producer & Song Composition & Song Lyrics, Miku Hatsune
Song Performance, Gumi
Song Performance, Yamako
Illustrator","√Effect : Director, 40Meterp : Producer & Song Composition & Song Lyrics, Miku Hatsune : Song Performance, Gumi : Song Performance, Yamako : Illustrator"
One Piece 3D: Gekisou! Trap Coaster,,Movie,,Toei Animation,,"Action, Adventure, Comedy, Fantasy, Shounen, Pirates, Shorts, Based on a Manga, CG Animation",3.41,2011.0,,'No synopsis yet - check back soon!',,,One Piece,"Monkey D. Luffy, Zoro Roronoa",
Treasure Hunting, Takara Sagashi,Movie,,Studio Ghibli,,"Animal Protagonists, Anthropomorphic, Family Friendly, Ghibli Museum Shorts, Non-Human Protagonists, Rabbits, Shorts",3.4,2011.0,,"""A boy named Yuji and his friend Gick, a rabbit, find a walking stick. To decide which of them will keep it, they try a foot race, a long jump and sumo wrestling, but each ends up in a tie. Out of ideas, the children go to Gick's Granny for help. Granny tells the children to go treasure hunting. Who will be the winner?""",,,,"Yuji, Gick, Hayao Miyazaki
Series Composition, Michiru
Music","Hayao Miyazaki : Series Composition, Michiru : Music"
Ohayou Ninja-tai Gatchaman ZIP!,,Other,,,,"Comedy, Parody, Short Episodes, Superheroes, Flash Animation",3.4,2011.0,2013.0,'No synopsis yet - check back soon!',,,"Gatchaman, Mazinger ZIP!, Ohayou Hakushon Daimaou ZIP!, Good Morning!!! Doronjo",,
Crayon Shin-chan Movie 19: Arashi wo Yobu Ougon no Spy Daisakusen,,Movie,,Shin-Ei Animation,,"Adventure, Comedy, Crude",3.4,2011.0,,"'In this film, the rambunctious kindergartner becomes a secret agent.'",,"Crayon Shin-chan, Shin Crayon Shin-chan, Crayon Shin-chan Shin-Men, Crayon Shin-chan: Gachinko! Gyakushuu no Robot-chan","Crayon Shin-chan, Crayon Shin-chan Movie 1: Action Kamen vs Haigure Maou, Crayon Shin-chan Movie 2: Buriburi Oukoku no Hihou, Crayon Shin-chan Movie 3: Unkokusai no Yabou, Crayon Shin-chan Movie 4: Henderland no Daibouken, Crayon Shin-chan Movie 5: Ankoku Tamatama Daitsuiseki, Crayon Shin-chan Movie 6: Dengeki! Buta no Hizume Daisakusen, Crayon Shin-chan Movie 7: Bakuhatsu! Onsen Wakuwaku Daikessen, Crayon Shin-chan Movie 8: Arashi wo Yobu Jungle, Crayon Shin-chan Movie 9: The Adult Empire Strikes Back, Crayon Shin-chan Movie 10: Arashi wo Yobu Appare! Sengoku Daikassen, Crayon Shin-chan Movie 11: Arashi wo Yobu Eikou no Yakiniku Road, Crayon Shin-chan Movie 12: Arashi wo Yobu! Yuuhi no Kasukabe Boys, Crayon Shin-chan Movie 13: Densetsu wo Yobu Buriburi 3 Pun Dai Shingeki, Crayon Shin-chan Movie 14: Densetsu wo Yobu Odore! Amigo!, Crayon Shin-chan Movie 15: Arashi wo Yobu Utau Ketsu dake Bakudan!, Crayon Shin-chan Movie 16: Chou Arashi wo Yobu Kinpoko no Yuusha, Crayon Shin-chan Movie 17: Otakebe! Kasukabe Yasei Oukoku, Crayon Shin-chan Movie 18: Chou Jikuu! Arashi wo Yobu Ora no Hanayome, Crayon Shin-chan Movie 20: Arashi o Yobu! Ora to Uchuu no Princess, Crayon Shin-chan Movie 21: Bakauma! B-Kyuu Gourmet Survival Battle!!, Crayon Shin-chan Movie 22: Gachinko! Gyakushuu no Robo To-chan, Crayon Shin-chan Movie 23: Ora no Hikkoshi Monogatari - Saboten Dai Shuugeki, Crayon Shin-chan Movie 24: Bakusui! Yumemi World Dai Totsugeki, Crayon Shin-chan Movie 25: Shurai! Uchujin Shiriri, Crayon Shin-chan Movie 26: Bakumori! Kung-Fu Boys - Ramen Tairan, Crayon Shin-chan Movie 27: Shinkon Ryokou Hurricane - Ushinawareta Hiroshi, Crayon Shin-chan Movie 28: Gekitotsu! Rakuga Kingdom to Hobo Yonin no Yuusha, Crayon Shin-chan Movie 29: Nazo Meki! Hana no Tenkasu Gakuen","Hiroshi Nohara : Keiji Fujiwara, Misae Nohara : Miki Narahashi, Shinnosuke Nohara : Akiko Yajima, Action Kamen : Tesshou Genda, Bo : Chie Satou, Masao Sato : Mie Suzuki, Nene Sakurada : Tamao Hayashi, Tooru Kazama : Mari Mashiba, Yoshito Usui
Original Creator, Souichi Masui
Director, Akifumi Tada
Music, Toshiyuki Arakawa
Music, Keiji Inai
Music, Yuuichirou Sueyoshi
Character Design, Katsunori Hara
Character Design, Rika Tsuruzaki
Producer","Yoshito Usui : Original Creator, Souichi Masui : Director, Akifumi Tada : Music, Toshiyuki Arakawa : Music, Keiji Inai : Music, Yuuichirou Sueyoshi : Character Design, Katsunori Hara : Character Design, Rika Tsuruzaki : Producer"
Maeda Jun x Yanagi Nagi: Killer Song,,Music,,,,"Drama, Desert",3.4,2011.0,,'No synopsis yet - check back soon!',,,,"Jun Maeda
Music, Nagi Yanagi
Music","Jun Maeda : Music, Nagi Yanagi : Music"
Pokemon Movie 14: Black - Victini and Reshiram, Pokemon Movie 14 Black: Victini to Shiroki Eiyuu Reshiram,Movie,,OLM,,"Fantasy, Elemental Powers, Family Friendly, Monsters, Based on a Video Game",3.4,2011.0,,"'During their travels through the Unova region, Ash and his friends Iris and Cilan arrive in Eindoak Town, built around a castle called the Sword of the Vale. The three Trainers have come to compete in the town’s annual battle competition, and Ash manages to win with some unexpected help from the Mythical Pokémon Victini! It turns out Victini has a special bond with this place... Long ago, the castle watched over the Kingdom of the Vale, and the partnership between Victini and the king protected the people who lived there. But that kingdom has since vanished into memory, leaving behind powerful relics and ancient Pokémon. Damon, a descendant of the People of the Vale, is trying to restore the lost kingdom with the help of his Reuniclus. His quest has taken him to the far reaches of the barren desert, and he has convinced the Legendary Pokémon Reshiram to join him! Damon plans to trap Victini and harness its power, and as that plan gets under way, the entire town of Eindoak faces disaster! Will the power of Ash’s ideals convince the Legendary Pokémon Zekrom to help stop Damon? Can they rescue Victini? The greatest adventure in Pokémon history approaches!'",,"Pokemon: The Electric Tale of Pikachu, Pokémon Adventures, Magical Pokemon Journey, Pokémon: Diamond and Pearl Adventure!, Pokemon Mystery Dungeon: Ginji's Rescue Team, Pokemon Ranger, Pokemon Ranger and the Temple of the Sea, Pokemon: The Rise of Darkrai, Pokemon Ranger Batonnage, Kaitou! Pokemon 7, Pokemon: Giratina & the Sky Warrior!, Pokemon ReBURST, Pokemon the Movie: White - Victini and Zekrom, Pokemon + Nobunaga no Yabou - Ranse Iroemaki, Pokémon: Diancie and the Cocoon of Destruction, Pokémon: Omega Ruby & Alpha Sapphire, Pokemon the Movie: Hoopa and the Clash of Ages, Pokemon the Movie XY&Z: Volcanion to Karakuri no Magiana, Pokemon Horizon: Sun & Moon, Pokémon: Sun & Moon, Pokémon the Movie: I Choose You!","Pokemon: Pichu Bros. in Party Panic, Pokemon: Gotta Dance!, Pokemon Movie 6: Jirachi Wish Maker, Pokemon Movie 7: Destiny Deoxys, Pokemon: Pikachu's Summer Festival, Pokemon Movie 8: Lucario and The Mystery of Mew, Pokemon: Pikachu's Ghost Carnival, Pokemon Movie 9: Pokemon Ranger and the Temple of the Sea, Pokemon: Pikachu's Island Adventure, Pokemon: Diamond & Pearl, Pokemon Movie 10: The Rise of Darkrai, Pokemon: Pikachu Tanken Club, Pokemon Mystery Dungeon: Explorers of Time and Darkness, Pokemon Movie 11: Giratina and the Sky Warrior, Pokemon: Pikachu's Great Ice Adventure, Pokemon Movie 12: Arceus and the Jewel of Life, Pokemon: Pikachu's Great Sparking Search, Pokemon Movie 13: Zoroark - Master of Illusions, Pokemon: Pikachu's Big Mysterious Adventure, Pokemon: Black & White, Pokemon Movie 14: White - Victini and Zekrom, Pokemon Black Version 2 and White Version 2, Pokemon: Black & White - Rival Destinies, Pokemon: Utae Meloetta - Rinka no Mi wo Sagase!, Pokemon Movie 15: Kyurem vs. The Sword of Justice, Pokemon: Meloetta's Moonlight Serenade, Pokemon: Black & White: Adventures in Unova, Pokemon: Black & White: Adventures in Unova and Beyond, Pokemon: Mewtwo - Prologue to Awakening, Pokemon: Eevee and Friends, Pokemon XY Special: Road to Kalos, Pokemon XY: Mega Evolution, Pokemon XY: Sora no Hahen, Pokemon: Diancie, Princess of the Diamond Domain, Pokemon Movie 17: Diancie and the Cocoon of Destruction, Pokemon: Hoopa, The Mischief Pokemon","Ash Ketchum : Rica Matsumoto, Ash'S Pikachu : Ikue Ootani, Cilan : Mamoru Miyano, Iris : Aoi Yuuki, Victini : Nana Mizuki, Carlita : Satomi Ishihara, Damon : Chiaki Takahashi, Iris' Axew : Minami Tsuda, Kunihiko Yuyama
Director, Shinji Miyazaki
Music, Kazumi Satou
Character Design, Sayuri Ichiishi
Character Design, Norihiro Matsubara
Character Design, Kazuaki Mouri
Character Design, Shunya Yamada
Character Design, Junya Okamoto
Producer","Kunihiko Yuyama : Director, Shinji Miyazaki : Music, Kazumi Satou : Character Design, Sayuri Ichiishi : Character Design, Norihiro Matsubara : Character Design, Kazuaki Mouri : Character Design, Shunya Yamada : Character Design, Junya Okamoto : Producer"
Tobidase! Dokan-kun,,TV   ,15.0,DLE,Fall ,"Comedy, Flash Animation, Original Work",3.4,2011.0,2012.0,'No synopsis yet - check back soon!',,,"Dennou Senshi Dokan-kun, Susume! Dokan-kun, Tatakae! Dokan-kun: Gekitou-kun, Tatakae! Dokan-kun: Robolympic-hen","Frogman
Director, Manzo
Music","Frogman : Director, Manzo : Music"
Fossil Thief and Dinosaur Stones,"Alt titles: Creator's World Project: Fossil Thief and Dinosaur Stones, Kaseki Dorobou to Kyouryuuseki",Other,,,,"Adventure, Fantasy, Sci Fi, Dinosaurs, Shorts, Original Work",3.4,2011.0,,"""The dinosaur fantasy revolves around a 12-year-old girl named Yuta and her buddy Gobi — who happens to be a fossil. The two embark on a journey to chase a fossil thief and find Gobi's stolen fossil mother.""",,,,,
Shake,,Other,,,,"Shorts, Original Work",3.4,2011.0,,'No synopsis yet - check back soon!',,,,"Masanobu Hiraoka
Director",Masanobu Hiraoka : Director
Yakimochi Caprice,,Other,,AIC,,"Animal Characteristics, Animal Protagonists, Cats, Dogs, Non-Human Protagonists, Short Episodes, Original Work",3.4,2011.0,2012.0,'Special ending sequences for the Anime Seijin ~Tokimeki Recipe~ cooking and talk show. They focus on a kitten named\xa0Loup and a puppy named Noix who both believe they are human girls.',,,,"Loup : Aoi Yuuki, Noix : Kana Hanazawa, Rie Nishino
Director",Rie Nishino : Director
R-15 OVA,,OVA  ,1.0,AIC,,"Comedy, Ecchi, Harem, Island, Based on a Light Novel, Nudity,, Sexual Content",3.39,2011.0,,"""Taketo and the gang find themselves stranded on an island. Little do they know this proves to be a treasure-trove of material for Taketo's unique pornographic literary skills.""","Nudity,, Sexual Content","R-15 (Light Novel), R-15, Chima R-15",R-15,"Taketo Akutagawa : Aya Gouda, Fukune Narukara : Yurina Fukuhara, Raika Meiki : Mana Komatsu, Ran Musen : Kayoko Tsumita, Ritsu Enshuu : Madoka Murakami, Tsukuru Kagaku : Midori Tsukimiya, Utae Sonokoe, Chief : Yui Ariga, Munenori Nawa
Director, Yuichi Nonaka
Music, Mariko Fujita
Character Design, Naoko Kosakabe
Art Director, Naoshi Imamoto
Producer","Munenori Nawa : Director, Yuichi Nonaka : Music, Mariko Fujita : Character Design, Naoko Kosakabe : Art Director, Naoshi Imamoto : Producer"
Beyblade: Metal Fury, Metal Fight Beyblade 4D,TV   ,52.0,Synergy SP,Spring,"Action, Adventure, Sci Fi, Shounen, Family Friendly, Monsters, Proxy Battles, Based on a Manga",3.39,2011.0,2012.0,"'Gingka and his friends save a boy named Yuuki from a mysterious boy called Johannes. It turns out Yuuki, who is a child prodigy astronomer, is also a Blader who owns Mercury Anubius. He tells Gingka and his friends that he came to convey a message of the meteor. He says he saw 10 star fragments falling from the sky the other night.'",,"Beyblade, Beyblade Taisen Seiryuuden, Metal Fight Beyblade, Metal Fight Beyblade Zero G, Beyblade Burst, Bakuten Shoot Beyblade: Rising","Beyblade, Beyblade: V-Force, Beyblade the Movie: Fierce Battle, Beyblade: G Revolution, Beyblade: Metal Fusion, Metal Fight Beyblade vs. Taiyou: Shakunetsu no Shinryakusha Sol Blaze, Beyblade: Metal Masters, Beyblade: Shogun Steel, Beyblade: Shogun Steel Specials, Beyblade: Burst, Beyblade: Burst God","Ginga Hagane : Aki Kanada, Kyouya Tategami : Satoshi Hino, Madoka Amano : Kei Shindou, Benkei Hanawa : Kenta Miyake, Dynamis : Hikaru Midorikawa, Hokuto : Hozumi Gouda, Hyoma : Tetsuya Kakihara, Jigsaw : Houko Kuwashima, Kunihisa Sugishima
Director, Kayo Nagamori
Character Design, Mamiko Aoki
Producer, Yoshikazu Beniya
Producer","Kunihisa Sugishima : Director, Kayo Nagamori : Character Design, Mamiko Aoki : Producer, Yoshikazu Beniya : Producer"
Moshidora,,TV   ,10.0,Production I.G,Spring,"Drama, Sports, Baseball, School Club, School Life, Based on a Light Novel",3.39,2011.0,,"""A high school girl named Minami Kawashima\xa0becomes the baseball team manager at Tokyo's Hodokubo High School. Minami accidentally buys\xa0Management: Tasks, Responsibilities, Practices\xa0— a classic productivity guide by the Austrian-American management guru Peter Drucker — and uses it to rally her dispirited team.""",,"Moshi Koukou Yakyuu no Joshi Manager ga Drucker no ""Management"" wo Yondara (Light Novel), Moshi Koukou Yakyuu no Joshi Manager ga Drucker no ""Management"" wo Yondara",Moshidora Recap,"Minami Kawashima : Youko Hikasa, Yuuki Miyata : Kana Hanazawa, Ayano Houjou : Sayaka Nakaya, Daisuke Niimi : Yasuaki Takumi, Fumiaki Kutsuki : Ryouta Akazawa, Hanae Chin : Yukiko Monden, Jirou Kashiwagi : Akio Suyama, Jun Hoshide : Yoshimasa Hosoya, Natsumi Iwasaki
Original Creator, Takayuki Hamana
Director & Episode Director & Storyboard, Jun Satou
Music, Chieko Miyakawa
Character Design, Hiroyuki Fukushima
Storyboard, Masaki Hinata
Key Animator, Naoki Yoshibe
Key Animator, Arifumi Imai
Key Animator","Natsumi Iwasaki : Original Creator, Takayuki Hamana : Director & Episode Director & Storyboard, Jun Satou : Music, Chieko Miyakawa : Character Design, Hiroyuki Fukushima : Storyboard, Masaki Hinata : Key Animator, Naoki Yoshibe : Key Animator, Arifumi Imai : Key Animator"
"Natsuiro Egao de 1, 2, Jump!",,Music,,Sunrise,,Idols,3.39,2011.0,,'No synopsis yet - check back soon!',,"Love Live!, Love Live! Sunshine!! Maru no Yon Koma",,"Eli Ayase : Yoshino Nanjou, Hanayo Koizumi : Yurika Kubo, Honoka Kousaka : Emi Nitta, Kotori Minami : Aya Uchida, Maki Nishikino : Pile, Nico Yazawa : Sora Tokui, Nozomi Toujou : Aina Kusuda, Rin Hoshizora : Riho Iida, Satoshi Hirayama
Producer, Yoshiyuki Itou
Producer","Satoshi Hirayama : Producer, Yoshiyuki Itou : Producer"
OSTER project: Alice in Musicland,,Music,,,,"Adventure, Fantasy, Alice in Wonderland, Person in a Strange World, Vocaloid, Based on a Novel",3.39,2011.0,,'No synopsis yet - check back soon!',,,,"Miku Hatsune, Kaito, Len Kagamine, Luka Megurine, Meiko, Rin Kagamine, Oster Project
Producer",Oster Project : Producer
Tansu Warashi.,,Movie,,Production I.G,,"Comedy, Fantasy, Slice of Life, Anime Tamago, Shorts, Original Work",3.38,2011.0,,"'Noel Hiragi used to live alone in the city, until her mother sent her an old wardobe one day, claiming that it was ""her turn"" to have it.\xa0Little did the woman know that she\'d return home\xa0to a\xa0strange boy sitting in her apartment eating crackers! When he disappears into the bottom drawer of the dresser, the young office worker decides that she’s simply had too much to drink and dismisses the event.\xa0However, the\xa0following day Noel wakes up to a sparkling clean apartment, a freshly cooked breakfast and not one, but\xa0SIX people living in her wardrobe claiming to serve the current mistress of the Hiragi household! Now Noel must adapt to living with her new housemates as she learns the joy and importance of a well-kept household.'",,,,"Noel Hiragi : Mamiko Noto, Daigoro : Megumi Matsumoto, Hanpei : Etsuko Kozakura, Jirokichi : Yasuhiro Takato, Masa : Fuyuka Ooura, Tae : Kana Ueda, Yuki : Hiromi Konno, Natsuki : Yuuko Sanpei, Kazuchika Kise
Director, Yasuo Sugibayashi
Music, Yoshiaki Kyougoku
Key Animator","Kazuchika Kise : Director, Yasuo Sugibayashi : Music, Yoshiaki Kyougoku : Key Animator"
Maria Holic Alive,,TV   ,12.0,SHAFT,Spring,"Comedy, GL, Seinen, Shoujo-ai, Chibi, Crossdressing, LGBT Themes, School Life, Based on a Manga",3.38,2011.0,,"'It’s been two months since Kanako enrolled at the Ame no Kisaki academy and she is continuing her quest to find her fated lover with even more determination than before. With obstacles in her way such as an abandoned dorm filled with hidden traps, Mariya’s delicious snacks causing her to go on a “desert diet plan”, and blah standing in her way, Kanako must stay positive and keep searching. But in a school where full legal trials are carried out for assault on a dog and hidden study rooms defy the laws of time itself, will the lovestruck teen ever be able to find her one true love?'",,Maria Holic,Maria Holic,"Kanako Miyamae : Asami Sanada, Mariya Shidou : Yuu Kobayashi, Matsurika Shinouji : Marina Inoue, Dorm Mistress : Miyuki Sawashiro, Nanami Kiri : Akemi Kanda, Ryuken Ishima : Yuko Kaida, Sachi Momoi : Ryouko Shintani, Touichirou Kanae : Tomokazu Sugita, Minari Endou
Original Creator, Akiyuki Simbo
Chief Director, Tomokazu Tokoro
Director, Kenichi Ishikura
Assistant Director & Episode Director & Op Director & Storyboard, Hideyuki Morioka
Character Design, Rei Egami
Photography Director, Hisaharu Iijima
Art Director, Izumi Takizawa
Color Design","Minari Endou : Original Creator, Akiyuki Simbo : Chief Director, Tomokazu Tokoro : Director, Kenichi Ishikura : Assistant Director & Episode Director & Op Director & Storyboard, Hideyuki Morioka : Character Design, Rei Egami : Photography Director, Hisaharu Iijima : Art Director, Izumi Takizawa : Color Design"
Kung Fu Cooking Girls, Kung Fu Liaoli Niang,Web  ,1.0,Wolf Smoke,,"Action, Comedy, Ecchi, Chinese Animation, Cooking, Food and Beverage, Hand to Hand Combat, Original Work",3.38,2011.0,,'No synopsis yet - check back soon!',,,,"Sophia, Traveler, Xiao Shaao",
The Everyday Tales of a Cat God Specials, Nekogami Yaoyorozu Specials,DVD S,,AIC PLUS+,,Comedy,3.38,2011.0,2012.0,'No synopsis yet - check back soon!',,Nekogami Yaoyorozu,"The Everyday Tales of a Cat God, The Everyday Tales of a Cat God: Ohanami Ghostbusters",,
Shouwa Monogatari,,Movie,,Wao World,,"Drama, Slice of Life, Family Life, Historical, Recap, Original Work",3.38,2011.0,,'The original story follows the human drama of the Yamazaki family in Tokyo in the Year Showa 39 (1964) — the year that the city hosted the Summer Olympics.',,,Shouwa Monogatari TV,"Masahiro Murakami
Producer & Director, Gido Hayashi
Music, Tatsuo Ryuuno
Character Design, Hiroaki Takeuchi
Producer, Mei Shan Song
Producer","Masahiro Murakami : Producer & Director, Gido Hayashi : Music, Tatsuo Ryuuno : Character Design, Hiroaki Takeuchi : Producer, Mei Shan Song : Producer"
Justeen,,OVA  ,1.0,AIC,,"Action, Mecha, Sci Fi, Original Work",3.38,2011.0,,"'The story is set in the future when a new threat attacks humans just as they are expanding their presence into space. Now, an enigmatic entity from 17 years ago has been set free, and the name of the entity is Justeen.'",,,,"Shigemi Ikeda
Art Director",Shigemi Ikeda : Art Director
Ro-Kyu-Bu: Fast Break!, Ro-Kyu-Bu!,TV   ,12.0,Project No.9,Summer,"Sports, Basketball, School Life, Based on a Light Novel",3.38,2011.0,,"""When his high school's basketball team is suspended for the season, Subaru Hasegawa is offered the coaching position of an elementary school girls’ club. Can a superstar wannabe find true satisfaction while playing sixth man to a team of five girls?""",,"Ro-Kyu-Bu! (Light Novel), Ro-Kyu-Bu!","Ro-Kyu-Bu! Tomoka no Ichigo Sunday, Ro-Kyu-Bu! SS","Airi Kashii : Rina Hidaka, Hinata Hakamada : Yui Ogura, Maho Misawa : Yuka Iguchi, Saki Nagatsuka : Youko Hikasa, Subaru Hasegawa : Yuuki Kaji, Tomoka Minato : Kana Hanazawa, Aoi Ogiyama : Kanae Itou, Mihoshi Takamura : Shizuka Itou, Keizou Kusakawa
Director, Takeshi Watanabe
Music, Takayuki Noguchi
Character Design, Satoshi Fujita
Producer, Jun Fukuda
Producer, Atsushi Wada
Producer, Kinji Yoshimoto
Op Director & Storyboard, Jou Tanaka
Animation Director","Keizou Kusakawa : Director, Takeshi Watanabe : Music, Takayuki Noguchi : Character Design, Satoshi Fujita : Producer, Jun Fukuda : Producer, Atsushi Wada : Producer, Kinji Yoshimoto : Op Director & Storyboard, Jou Tanaka : Animation Director"
Shouwa Monogatari TV,,TV   ,13.0,Wao World,Spring,"Drama, Slice of Life, Family Life, Historical, Original Work",3.38,2011.0,,'The original story follows the human drama of the Yamazaki family in Tokyo in the Year Showa 39 (1964) — the year that the city hosted the Summer Olympics.',,,Shouwa Monogatari,"Kanoko Yamazaki, Kouhei Yamazaki, Taiichi Yamazaki, Yoshi Yamazaki, Yuuko Yamazaki, Yuzo Yamazaki, Goro Tashiro, Hiroko Takeguchi, Mitsuhiro Tougou
Director, Hiroshi Kugimiya
Director, Masahiro Murakami
Producer & Director, Kenichi Ishikura
Assistant Director & Episode Director, Gido Hayashi
Music, Tatsuo Ryuuno
Character Design, Hiroaki Takeuchi
Producer, Mei Shan Song
Producer","Mitsuhiro Tougou : Director, Hiroshi Kugimiya : Director, Masahiro Murakami : Producer & Director, Kenichi Ishikura : Assistant Director & Episode Director, Gido Hayashi : Music, Tatsuo Ryuuno : Character Design, Hiroaki Takeuchi : Producer, Mei Shan Song : Producer"
Supernatural The Animation,,OVA  ,22.0,MADHOUSE,,"Action, America, Episodic, Ghost Hunters, Monster-of-the-week, Supernatural, Based on a TV Series, Violence",3.37,2011.0,,"""Journey down the backroads of America with brothers Sam and Dean as they search for clues to their father's disappearance, hunt down the supernatural in all its unearthly forms, and enter into the unexpected mystery of their destinies.""",Violence,,,"Dean Winchester : Atsushi Abe, Sam Winchester : Yuya Uchida, Bobby : Takashi Taniguchi, Gale, Jake : Shinichirou Miki, Jessica Moore : Mie Sonozaki, John Winchester : Takaya Hashi, Mary Winchester : Mabuki Andou, Shigeyuki Miya
Director, Atsuko Ishizuka
Director, Shuusei Murai
Music, Takahiro Yoshimatsu
Character Design, Shuuhei Yabuta
Cg Director, Fuminori Hara
Producer, Ryousuke Nakamura
Storyboard, Yuuta Yamazaki
Key Animator","Shigeyuki Miya : Director, Atsuko Ishizuka : Director, Shuusei Murai : Music, Takahiro Yoshimatsu : Character Design, Shuuhei Yabuta : Cg Director, Fuminori Hara : Producer, Ryousuke Nakamura : Storyboard, Yuuta Yamazaki : Key Animator"
Kanai, Creator's World Project: Kanai,Other,,,,"Mecha, Sci Fi, Shorts, CG Animation, Original Work",3.37,2011.0,,'The action story follows three girls who grow up on the island of Okinawa — and discover a robot.',,,,,
Cardfight!! Vanguard,,TV   ,65.0,Studio Sakimakura,Winter,"Action, Fantasy, Card Battles, Family Friendly, Tournaments, Based on a Card Game",3.37,2011.0,2012.0,"""Move over, solitaire! Cardfight Vanguard is the card game that all the kids these days are playing. Using carefully prepared decks, players battle it out for fame and glory – the first to receive six damage points loses. After a bully takes Aichi's special card, the boy learns Vanguard to win it back and finds himself inexplicably drawn into the sport. Now determined to prove his skills to himself, as well as to the legendary player Toshiki Kai, Aichi climbs the ranks of Vanguard, making new friends and challenging fierce competitors along the way.""",,"Cardfight!! Vanguard, Mini Vanguard, Bermuda Triangle: Karen on Stage♪, Another Vanguard: Seidou no Asuka","Cardfight!! Vanguard: Asia Circuit, Cardfight!! Vanguard: Link Joker, Mini Vanguard, Cardfight!! Vanguard: Legion Mate, Cardfight!! Vanguard G, Cardfight!! Vanguard G: GIRS Crisis, Cardfight!! Vanguard G: Stride Gate, Cardfight!! Vanguard G: Next, Cardfight!! Vanguard G: Z","Aichi Sendou : Tsubasa Yonaga, Kamui Katsuragi : Shizuka Ishikawa, Misaki Tokura : Izumi Kitta, Toshiki Kai : Takuya Satou, Eiji Saga : Kumiko Higa, Emi Sendou : Atsuko Enomoto, Katsumi Morikawa : Noriaki Sugiyama, Kourin Tatsunagi : Suzuko Mimori, Hatsuki Tsuji
Director, Takayuki Negishi
Music, Mari Tominaga
Character Design, Yoshinobu Tokumoto
Episode Director, Yuuji Yanase
Animation Director, Yoshio Usuda
Animation Director","Hatsuki Tsuji : Director, Takayuki Negishi : Music, Mari Tominaga : Character Design, Yoshinobu Tokumoto : Episode Director, Yuuji Yanase : Animation Director, Yoshio Usuda : Animation Director"
"""hitman"" bang: I=Fantasy",,Music,,,,"Korean Animation, Vocaloid, CG Animation",3.37,2011.0,,'No synopsis yet - check back soon!',,,,"""Hitman"" Bang
Music","""Hitman"" Bang : Music"
"Nem: Aa, Subarashiki Nyansei",,Music,,,,Vocaloid,3.37,2011.0,,'No synopsis yet - check back soon!',,,,"Gumi, Len Kagamine, Luka Megurine, Meiko, Miku Hatsune, Nem
Producer",Nem : Producer
Dark Side Cat VS, Ankoku Cat VS,Web  ,3.0,Fanworks,,"Comedy, Animal Protagonists, Cats, Non-Human Protagonists, Police, Original Work",3.37,2011.0,2012.0,'No synopsis yet - check back soon!',,,Dark Side Cat,Dark Side Cat,
Morita-san wa Mukuchi. 2,,TV   ,13.0,Seven,Fall ,"Comedy, Seinen, Slice of Life, Iyashikei, School Life, Short Episodes, Based on a 4-Koma Manga, Based on a Manga",3.37,2011.0,,"'Despite having made several friends at school, Mayu Morita continues to be as silent and serious as ever, although sometimes her quiet nature pays off – especially when it comes to keeping failed love confessions a secret. But even though most girls her age chatter away, Mayu still manages to enjoy quality time with her friends, whether they’re baking cakes, enjoying a sleepover, visiting the library, or simply stapling print-outs for the teacher.'",,Morita-san wa Mukuchi,"Morita-san wa Mukuchi, Morita-san wa Mukuchi TV, Morita-san wa Mukuchi TV Specials","Mayu Morita : Kana Hanazawa, Miki Murakoshi : Haruka Tomatsu, Chihiro Miura : Saori Hayami, Hana Matsuzaka : Yoshino Nanjou, Ritsuki Yamamoto : Mie Hiraga, Girl With Glasses : Amina Satou, Hama, Kouichi Ouno : Kouta Oshita, Tae Sano
Original Creator",Tae Sano : Original Creator
Kayoe! Chuugaku,,TV   ,431.0,DLE,Summer,"Comedy, Animal Protagonists, Anthropomorphic, Bears, Non-Human Protagonists, School Life, Short Episodes",3.37,2011.0,2014.0,'No synopsis yet - check back soon!',,,,"Araki, Blanco, Ibata, Morino, Wada",
Astarotte's Toy EX, Astarotte no Omocha! EX,OVA  ,1.0,diomedea,,"Comedy, Ecchi, Fantasy, Romance, Seinen, Person in a Strange World, Based on a Manga",3.36,2011.0,,'No synopsis yet - check back soon!',,Lotte no Omocha!,Astarotte's Toy,"Asuha Touhara : Yukari Tamura, Lotte : Rie Kugimiya, Mercelida Ygvar : Yuuko Minaguchi, Naoya Touhara : Rina Satou, Zelda : Ayumi Fujimura, Attley Reginhard : Daisuke Kishio, Effie : Yui Horie, Judit Snorrevik : Hitomi Nabatame, Yui Haga
Original Creator, Fumitoshi Oizaki
Director, Twinpower
Music, Mai Ootsuka
Character Design, Yoshikazu Iwanami
Sound Director, Tatsuya Ishiguro
Producer, Gorou Shinjuku
Producer, Jun Fukuda
Producer","Yui Haga : Original Creator, Fumitoshi Oizaki : Director, Twinpower : Music, Mai Ootsuka : Character Design, Yoshikazu Iwanami : Sound Director, Tatsuya Ishiguro : Producer, Gorou Shinjuku : Producer, Jun Fukuda : Producer"
Fate/Prototype,,OVA  ,1.0,Lerche,,"Action, Fantasy, Magic, Proxy Battles, Shorts, Superpowers",3.36,2011.0,,"'Fate/Prototype is the original Fate/Stay night story by Kinoko Nasu, which he later redesigned to make the visual novel. The story revolves around seven masters and their servants participating in the Holy Grail War.'",,"Fate/Stay Night: Comic Battle, Fate/stay Night: DNA Comic Manga Anthology, Fate/Stay Night, Himuro no Tenchi Fate/School Life, Fate/Zero (Light Novel), Fate/Tiger Colosseum Upper, Fate/Kaleid Liner Prisma Illya, Fate/Kaleid Liner Prisma Illya 2wei!, Fate/Zero, Fate/Extra, Fate/Apocrypha (Light Novel), Fate/Kaleid Liner Prisma Illya 3rei!!, Fate/Prototype: Tribute Phantasm, Fate/Extra: CCC Fox Tail, Fate/Hollow Ataraxia, Fate/Prototype: Soukan no Fragments (Light Novel), Fate/Kaleid Liner Prisma Illya (Light Novel), Fate/strange Fake, Fate/Mahjong Night: Seihai Sensou, Fate/Gudaguda Order, Fate/stay night: Garden of Avalon (Light Novel), Fate/Labyrinth (Light Novel), Fate/Apocrypha, Today's Menu for Emiya Family, Fate/Ixtella, Fate/Requiem (Light Novel)","Fate/stay night, Fate/stay night: TV reproduction, Fate/stay night: Unlimited Blade Works Movie, Fate/Zero, Fate/Zero: Onegai! Einzbern Soudanshitsu, Fate/Zero 2, Fate/Kaleid Liner Prisma Illya, Fate/Kaleid Liner Prisma Illya Specials, Fate/Kaleid Liner Prisma Illya 2wei! First Bra - Illya-hen, Fate/Kaleid Liner Prisma Illya: Undoukai de Dance!, Fate/Kaleid Liner Prisma Illya 2wei!, Fate/stay night: Unlimited Blade Works Prologue, Fate/stay night: Unlimited Blade Works, Fate/Kaleid Liner Prisma Illya 2wei! OVA, Fate/stay night: Unlimited Blade Works 2 - Sunny Day, Fate/stay night: Unlimited Blade Works 2, Fate/kaleid Liner Prisma Illya 2wei Herz!, Fate/kaleid Liner Prisma Illya 2wei Herz! Specials, Fate/Kaleid Liner Prisma Illya 3rei!!, Fate/Kaleid Liner Prisma Illya 3rei!! Special, Fate/stay night: Heaven's Feel I. presage flower","Ayaka Sajou :  Kana Hanazawa, Saber : Takahiro Sakurai, Archer : Yuuichi Nakamura, Lancer : Kazuya Nakai, Sancraid Phahn : Takehito Koyasu, Manaka Sajou : Aki Toyosaki, Master Of Rider : Megumi Ogata, Misaya Reiroukan : Chiwa Saitou, Seiji Kishi
Director, Yasuharu Takanashi
Music, Kei Fukura
Producer, Tomotaka Takeuchi
Producer","Seiji Kishi : Director, Yasuharu Takanashi : Music, Kei Fukura : Producer, Tomotaka Takeuchi : Producer"
Ikkitousen: Shuugaku Toushi Keppuuroku,,OVA  ,1.0,ARMS,,"Action, Ecchi, Seinen, Hand to Hand Combat, Martial Arts, Panty Shots, Romance of the Three Kingdoms, Based on a Manga, Nudity,, Violence",3.36,2011.0,,"""Nanyo Academy along with the other Kanto schools hold class trips to Kyoto. Old rivalries break out, between the schools, but as if that wasn't bad enough, Kyoto's fighters also show up in full force to challenge the Kanto schools' fighters.""","Nudity,, Violence",Battle Vixens,"Ikkitousen, Ikkitousen: Dragon Destiny, Ikkitousen: Dragon Destiny: Hot Springs Grand Final Battle, Ikkitousen: Great Guardians, Ikkitousen: Great Guardians: Battle Tour Club, Sexy Cosplay, Ikkitousen: Xtreme Xecutor, Ikkitousen: Xtreme Xecutor Specials, Ikkitousen: Extravaganza Epoch, Ikkitousen: Western Wolves","Hakufu Sonsaku : Masumi Asano, Shimei Ryomou : Yuko Kaida, Shiryuu Chouun : Yuu Asakawa, Ekitoku Chouhi : Minori Chihara, Koukin Shuuyu : Satoshi Hino, Koumei Shokatsuryou : Mai Kadowaki, Moutoku Sousou : Susumu Akagi, Myousai Kakouen : Eri Kitamura, Yuuji Shiozaki
Original Creator, Rion Kujou
Director, Yasuharu Takanashi
Music, Rin-Sin
Character Design, Shinsaku Tanaka
Producer, Hisato Usui
Producer, Takurou Hatakeyama
Producer, Tetsuya Tsuchihashi
Producer","Yuuji Shiozaki : Original Creator, Rion Kujou : Director, Yasuharu Takanashi : Music, Rin-Sin : Character Design, Shinsaku Tanaka : Producer, Hisato Usui : Producer, Takurou Hatakeyama : Producer, Tetsuya Tsuchihashi : Producer"
C³, C³: Cube x Cursed x Curious,TV   ,12.0,SILVER LINK.,Fall ,"Comedy, Ecchi, Fantasy, Magic, School Life, Based on a Light Novel",3.36,2011.0,,"'Haruaki Yachi has seen his fair share of curses, but despite his familiarity, even Haruaki is out of his element when his father mails him a cursed torture cube with the humanoid figure of a cute young girl named Fear Kubrick (no relation). Now, he’s got to help her break her curse and leave behind her homicidal past before dangerous forces get ahold of her deadly powers. Sassy loudmouth Fear has a hard time keeping a low profile, but with the help of Haruaki’s other cursed comrades, maybe this cubed cutie can find her place in the human world - IF she can break her curse in C3!'",,"C³ (Light Novel), C³",C³ Special,"Fear Kubrick : Yukari Tamura, Haruaki Yachi : Yuuki Kaji, Kirika Ueno : Eri Kitamura, Konoha Muramasa : Minori Chihara, Alice Bivorio Basskreigh : Rie Tanaka, Kana Miyama : Kana Asumi, Kuroe Ningyohara : Yui Ogura, Peavey Barowoi : Sayaka Oohara, Shin Oonuma
Director & Ed Director & Storyboard, Jun Ichikawa
Music, Miwa Ooshima
Character Design, Takahiro Yamanaka
Producer, Shinichi Watanabe
Episode Director & Storyboard","Shin Oonuma : Director & Ed Director & Storyboard, Jun Ichikawa : Music, Miwa Ooshima : Character Design, Takahiro Yamanaka : Producer, Shinichi Watanabe : Episode Director & Storyboard"
Hato no Oyome-san,,TV   ,22.0,DLE,Spring,"Comedy, Short Episodes",3.36,2011.0,,'No synopsis yet - check back soon!',,,,,
Hello Jadoo, Annyeong!! Jaduya!!,TV   ,20.0,Summer 2011,,"Comedy, Slice of Life, Family Friendly, Korean Animation, Short Episodes, Based on a Manga",3.36,2011.0,2016.0,'No synopsis yet - check back soon!',,,"Hello Jadoo 2, Hello Jadoo 3, Hello Jadoo Movie",Choi Jadoo,
Kyousougiga (2011),,Web  ,1.0,Toei Animation,Fall ,"Action, Comedy, Fantasy, Original Work",3.35,2011.0,,"'Koto, A and Un traverse a colorful, bizarre and alternate Kyoto, causing plenty of collateral damage along the way. They’re looking for a special rabbit that can possibly help them get home, but plenty of challenges stand in their way including a robot, the meddling Council of Three, and endless exploration yet to be done!'",,Kyousougiga,Kyousougiga (2012),"Koto : Rie Kugimiya, A : Noriko Hidaka, Koto-Sama : Aya Hisakawa, Kurama : Shigeru Nakahara, Myoue : Kenichi Suzumura, Un : Ryouko Shiraishi, Yase : Eri Kitamura, Bishamaru, Rie Matsumoto
Director, Gou Shiina
Music, Yuuki Hayashi
Character Design","Rie Matsumoto : Director, Gou Shiina : Music, Yuuki Hayashi : Character Design"
Cocomong 2, Naengjang-go Nala Cocomong 2,TV   ,26.0,,,"Episodic, Family Friendly, Food Protagonists, Korean Animation, Non-Human Protagonists, CG Animation",3.35,2011.0,,'No synopsis yet - check back soon!',,,"Cocomong, Cocomong 3",Cocomong,
Konpeitou, Minna no Uta: Konpeitou,Music,,,,"Family Friendly, Minna no Uta",3.35,2011.0,,'No synopsis yet - check back soon!',,,,"Hiromi Outa
Music",Hiromi Outa : Music
Kuricorder Quartet: Ashi,,Music,,,,,3.35,2011.0,,"'The official music video for Ashi\xa0from the album\xa0Hitsuji Dorobou., by Kuricorder Quartet.'",,,,"Tatsutoshi Nomura
Director & Animation Director, Hiroco Ichinose
Animation Director, Masaki Okuda
Animation Director, Yoshiko Misumi
Animation Director, Tomoyoshi Joukou
Animation Director, Manabu Himdeda
Animation Director, Tarafu Otani
Animation Director, Shin Hashimoto
Animation Director","Tatsutoshi Nomura : Director & Animation Director, Hiroco Ichinose : Animation Director, Masaki Okuda : Animation Director, Yoshiko Misumi : Animation Director, Tomoyoshi Joukou : Animation Director, Manabu Himdeda : Animation Director, Tarafu Otani : Animation Director, Shin Hashimoto : Animation Director"
mothy: Nemurase Hime Kara no Okurimono, mothy: Gift from the Princess who Brought Sleep,Music,,,,Vocaloid,3.35,2011.0,,'No synopsis yet - check back soon!',,,mothy: Nanatsu no Tsumi to Batsu,"Miku Hatsune, Kaito, Mothy
Producer",Mothy : Producer
Astarotte's Toy, Astarotte no Omocha!,TV   ,12.0,diomedea,Spring,"Comedy, Ecchi, Fantasy, Romance, Seinen, Age Gap, Demons, Person in a Strange World, Royalty, Tsundere, Based on a Manga",3.35,2011.0,,"""Lotte, the princess of Ygvarland,\xa0hates men - a fact that ordinarily wouldn't be a problem given she's just a child. There's just one issue: the girl is a succubus that must suck the life seed from the male species or die! Now approaching adulthood, Lotte must learn to tolerate the opposite sex, but\xa0her royal highness\xa0won't have any of it. That is, until Judith, the girl's lady-in-waiting, brings Lotte a human boy to the demon world. This unfortunate young man, Naoya, must now open the princess's heart to his gender, but as caring and considerate as he may be, he'll certainly have his work cut out for him!""",,Lotte no Omocha!,Astarotte's Toy EX,"Asuha Touhara : Yukari Tamura, Lotte : Rie Kugimiya, Naoya Touhara : Rina Satou, Cu : Misaki Suzuki, Dora : Kana Asumi, Effie : Yui Horie, Elika Dracul Draupnils : Yuuko Gotou, Ingrid Sorveig Sorgrims : Chiwa Saitou, Yui Haga
Original Creator, Fumitoshi Oizaki
Director, Twinpower
Music, Mai Ootsuka
Character Design, Yoshikazu Iwanami
Sound Director, Tatsuya Ishiguro
Producer, Gorou Shinjuku
Producer, Jun Fukuda
Producer","Yui Haga : Original Creator, Fumitoshi Oizaki : Director, Twinpower : Music, Mai Ootsuka : Character Design, Yoshikazu Iwanami : Sound Director, Tatsuya Ishiguro : Producer, Gorou Shinjuku : Producer, Jun Fukuda : Producer"
Children,,Web  ,1.0,,,"Horror, Abstract, No Dialogue, Psychological, Shorts, CG Animation",3.34,2011.0,,'No synopsis yet - check back soon!',,,,"Takuya Okada
Director",Takuya Okada : Director
Namekuji Aika, Sad Song of the Slug,Web  ,,,,"Animal Protagonists, Non-Human Protagonists",3.34,2011.0,,'No synopsis yet - check back soon!',,,,"Chii
Director",Chii : Director
SKET Dance: SD Character Flash Anime,,Web  ,16.0,Tatsunoko Production,,"Comedy, Shounen, Chibi, Short Episodes, Based on a Manga",3.34,2011.0,,'No synopsis yet - check back soon!',,Sket Dance,"Sket Dance: Demystifying Special, Sket Dance, Sket Dance OVA",,
My Last Day,,Other,,Studio 4°C,,"Christianity, Historical, Religion, Shorts, Based on a Religious Text, Explicit Violence,, Mature Themes,, Physical Abuse",3.34,2011.0,,"'""My Last Day"" depicts the biblical story of the crucifixion of Jesus through the perspective of a thief who was also crucified.'","Explicit Violence,, Mature Themes,, Physical Abuse",,,"Jesus, Penitent Thief, Impenitent Thief, Priest, Rich Man, Roman Soldier 1, Roman Soldier 2, Simon Of Cyrene",
Katte ni Kaizou,,OVA  ,6.0,SHAFT,,"Comedy, Shounen, Crude, Parody, School Club, School Life, Based on a Manga, Sexual Content",3.34,2011.0,,"'Kaizo Katsu is an odd teenager who believes he is a cyborg saved by his classmate Suzu Saien. He thinks she is a scientist and that his classmate Chitan Tsubouchi is her underling. Former student of a school for geniuses, Kaizo and all other students from there became extremely eccentric after a catastrophe that destroyed the academy.'",Sexual Content,Katte ni Kaizou,Katte ni Kaizou Specials,"Kaizou Katsu : Takahiro Sakurai, Chitan Tsubouchi : Chiwa Saitou, Suzu Saien : Aki Toyosaki, Umi Natori : Eri Kitamura, Jun, Kaizou'S Mother, Kazuo Kumon, Maeda, Kouji Kumeta
Original Creator, Akiyuki Simbo
Chief Director, Naoyuki Tatsuwa
Director & Episode Director & Key Animator & Storyboard, Shaft
Series Composition, Ruka Kawada
Music, Hiroki Yamamura
Character Design & Chief Animation Director, Shinichirou Etou
Photography Director, Hisaharu Iijima
Art Director","Kouji Kumeta : Original Creator, Akiyuki Simbo : Chief Director, Naoyuki Tatsuwa : Director & Episode Director & Key Animator & Storyboard, Shaft : Series Composition, Ruka Kawada : Music, Hiroki Yamamura : Character Design & Chief Animation Director, Shinichirou Etou : Photography Director, Hisaharu Iijima : Art Director"
Tekken: Blood Vengeance,,Movie,,Digital Frontier,,"Action, Martial Arts, Revenge, Based on a Video Game, CG Animation",3.34,2011.0,,"'The stage for a final showdown is prepared as Anna Williams and the G Corporation set a trap for her sister Nina, who works for Jin Kazama, head of the Mishima Zaibatsu. Both Jin and his father, Kazuya Mishima of the G Corporation, seek to possess and control the M Cell that will unlock the destructive supernatural powers buried within the Mishima bloodline. Kazuya dispatches Ling Xiaoyu to a prestigious international school to spy on Shin Kamiya, a victim of secret genetic experiments and may hold the key to the M Cell. While investigating Shin, Xiaoyu befriends Alisa Bosconovitch who also shows an interest in Shin. Their new friendship is put to the test as they are caught in the middle of the Mishima family feud.'",,,Tekken: The Motion Picture,"Alisa Boskonovitch : Yuki Matsuoka, Xiaoyu Ling : Maaya Sakamoto, Anna Williams : Akeno Watanabe, Heihachi Mishima : Unshou Ishizuka, Jin Kazama : Isshin Chiba, Kazuya Mishima : Masanori Shinohara, Nina Williams : Atsuko Tanaka, Shin Kamiya : Mamoru Miyano, Youichi Mouri
Director, Hitoshi Sakimoto
Music","Youichi Mouri : Director, Hitoshi Sakimoto : Music"
Fujilog,,TV   ,13.0,Spring 2011,,"Comedy, Slice of Life, Short Episodes, Original Work",3.34,2011.0,,"'The story follows the hapless life of Osamu Fujiyama, 33 years old and NEET (Not in Education, Employment or Training).'",,,,"Osamu Fujiyama : Takeshi Kusao, Kenta Ikejiri : Hiromi Ohtsuda, Kouta Ikejiri : Hiromi Ohtsuda, Mitsuko Fujiyama : Natsumi Sakuma, Reiko Ikejiri : Hiromi Ohtsuda, Takahashi : Tetsu Shiratori, Shigeo Shichiji
Director & Character Design",Shigeo Shichiji : Director & Character Design
The Legend of Heroes: Trails in the Sky, Eiyuu Densetsu: Sora no Kiseki,OVA  ,2.0,Kinema Citrus,,"Action, Adventure, Fantasy, Based on a Video Game",3.34,2011.0,2012.0,"'Ten years ago, an invasion by the Erebonians almost shattered the Kingdom of Liberl. Now Liberl rebuilds with the aid of the Bracer’s Guild, whose mystical use of “Craft” is more intrinsic to the nation’s defense than the army. For Estelle Bright it’s all ancient history. But history repeats; as Estelle and her brother find themselves in the wrong place when mayhem breaks out. When their father’s airship goes missing, they embark on a rescue mission of their own!'",,"The Legend of Heroes: Trails in the Sky, Eiyuu Densetsu: Rei no Kiseki Play Story - Shinpan no Yubiwa, Eiyuu Densetsu: Zero no Kiseki, Trails in the Sky Gaiden: Lowe Monogatari, Eiyuu Densetsu: Zero no Kiseki - Yotsu no Ummei (Light Novel), The Legend of Heroes: Trails in the Sky SC, The Legend of Heroes: Trails of Cold Steel, The Legend of Heroes: Trails of Cold Steel - LINK OF HEARTS case:A.R.","Minna Atsumare! Falcom Gakuen SC, The Legend of Heroes: Trails of Cold Steel","Estelle Bright : Akemi Kanda, Joshua Astray : Mitsuki Saiga, Agate Crosner : Takayuki Kondou, Kloe Rinz : Yuuko Minaguchi, Lowe Leonhardt : Hikaru Midorikawa, Olivier Lenheim : Takehito Koyasu, Renne Hayworth : Kumiko Nishihara, Scherazad Harvey : Yuka Shioyama, Masaki Tachibana
Director, Atsuko Nozaki
Character Design, Eiji Inomoto
Cg Director, Yuuka Sakurai
Producer, Tsuyoshi Oda
Producer, Kouji Morimoto
Producer, Takashi Yoshida
Producer, Satoshi Reizei
Producer","Masaki Tachibana : Director, Atsuko Nozaki : Character Design, Eiji Inomoto : Cg Director, Yuuka Sakurai : Producer, Tsuyoshi Oda : Producer, Kouji Morimoto : Producer, Takashi Yoshida : Producer, Satoshi Reizei : Producer"
The World God Only Knows: Natsuiro Surprise, Kami nomi zo Shiru Sekai: Natsuiro Surprise,Music,,,,"Dancing, Idols, Music",3.33,2011.0,,"'Watch as Kanon enjoys a day in the sun in the music video for her hit, Natsuiro Surprise!'",,"Kami Nomi zo Shiru Sekai, Kami nomi zo Shiru Sekai (Light Novel), Kami nomi zo Shiru Sekai: On the Train+Pilot Films","The World God Only Knows: Flag 0, The World God Only Knows, Nonstop!! Hunters, The World God Only Knows II, The World God Only Knows: Four Girls and an Idol, The World God Only Knows: Tenri Arc, The World God Only Knows: Magical Star Kanon 100%, The World God Only Knows: Goddesses Arc",Kanon Nakagawa : Nao Touyama,
Poo-neko,,TV   ,22.0,DLE,Spring,"Comedy, Seinen, Cats, Short Episodes, Based on a 4-Koma Manga, Based on a Manga, Flash Animation",3.33,2011.0,,'No synopsis yet - check back soon!',,Poo-neko,,"Momoko Momoyama, Masayuki Kitamichi
Original Creator",Masayuki Kitamichi : Original Creator
Dorian: Summer Rich,,Music,,,,,3.33,2011.0,,'No synopsis yet - check back soon!',,,,"Fantasista Utamaro
Director, Dorian
Music","Fantasista Utamaro : Director, Dorian : Music"
Sengoku Basara Movie: 4-Koma Gekijou - Another Last Party,,Other,,Production I.G,,"Comedy, Chibi, Feudal Japan, Samurai, Short Episodes",3.33,2011.0,,'No synopsis yet - check back soon!',,"Sengoku Basara 2, Devil Kings Basara, Gakuen Basara, Sengoku Basara 3 - Roar of Dragon","Mini Sengoku Basara: Chousokabe-kun to Mouri-kun, Sengoku Basara: Samurai Kings, Sengoku Basara: Samurai Kings - Clash in the Inland Sea of Seto! Fugaku, the Great Fire-Belching Fortress of the Sea!, Mini Sengoku Basara Two: Tsukiyo no Katakura-kun, Sengoku Basara: Samurai Kings 2 - Dragon and Tiger -- Oath of Victory! Souls Racing Towards a Blazing Future!!, Sengoku Basara: Samurai Kings Movie - The Last Party, Sengoku Basara: End of Judgement","Masamune Date, Mitsunari Ishida, Yukimura Sanada, Ieyasu Tokugawa, Kanbei Kuroda",
SmileR: Memories,,Music,,,,"Vocaloid, CG Animation",3.32,2011.0,,'No synopsis yet - check back soon!',,,,"Miku Hatsune, Wakamurap
Director, Smiler
Producer","Wakamurap : Director, Smiler : Producer"
Yakusoku (2011), Promises (2011),Movie,,,,"Shorts, Original Work",3.32,2011.0,,"""It was a season when the tree-leaves turn red. There was a woman crying in front of the child's corpse. She takes the shadow off from her dead son. Just to stay with him she runs with the shadow in her arms through the town at night. Then she makes a promise with a man with darkness...""",,,,"Narrator : Mitsunori Hirokawa, Aki Kono
Director, Sayaka Yamamoto
Music, Yuichi Ito
Producer","Aki Kono : Director, Sayaka Yamamoto : Music, Yuichi Ito : Producer"
Baka and Test - Summon the Beasts OVA: Sentakushi Ikou nomi, Baka to Test to Shoukanjuu: Matsuri - Sentakushi Ikou nomi,DVD S,,,,,3.31,2011.0,,'No synopsis yet - check back soon!',,,Baka and Test - Summon the Beasts OVA,,
Appleseed XIII Movie 1: Tartaros,"Alt titles: Appleseed XIII Remix Movie 1: Yuigon, Gekijou Remix Han Appleseed XIII 1: Yuigon",Movie,,Jinni's,,"Action, Sci Fi, Seinen, Cyberpunk, Cyborgs, Police, Recap, Terrorism, Based on a Manga, CG Animation",3.31,2011.0,,'No synopsis yet - check back soon!',,"Appleseed, Appleseed XIII, Appleseed Alpha","Appleseed, Appleseed Movie, Appleseed: Ex Machina, Appleseed XIII Movie 2: Ouranos, Appleseed XIII, Appleseed Alpha","Briareos Hecatonchires : Kouichi Yamadera, Deunan Knute : Maaya Sakamoto, Alcides : Ryotaro Okiayu, Athena Areios : Sakiko Tamagawa, Deia Cides : Naomi Shindou, Hitomi : Mikako Takahashi, Karl Knute : Taiten Kusunoki, Nike : Mayumi Yanagisawa, Eiji Umehara
Screenplay",Eiji Umehara : Screenplay
A Dark Rabbit Has Seven Lives, Itsuka Tenma no Kuro Usagi,TV   ,12.0,Zexcs,Summer,"Fantasy, Romance, Curse, Demons, Vampires, Based on a Light Novel",3.31,2011.0,,"'Freshman Kurogane Taito was always an ordinary, regular guy, except for a promise made to the beautiful vampire, Saitohimea nine years ago.'",,"A Dark Rabbit Has Seven Lives (Light Novel), A Dark Rabbit Has Seven Lives, A Dark Rabbit Has Seven Lives: Kurenai Gekkou no Seitokaishitsu (Light Novel), A Dark Rabbit Has Seven Lives: Kurenai Gekkou no Seitokaishitsu","A Dark Rabbit Has Seven Lives Picture Drama, A Dark Rabbit Has Seven Lives OVA","Himea Saito : Megumi Takamoto, Taito Kurogane : Shinnosuke Tachibana, Gekkou Kurenai : Yuuichi Nakamura, Haruka Shigure : Mina, Hinata Kurenai : Jun Fukuyama, Izumi Aomi : Chika Horikawa, Mirai Andou : Iori Nomizu, Yuuichi Cross Philier : Junichi Suwabe, Takashi Yamamoto
Director, Shigeo Komori
Music, Satoru Isono
Character Design, Yoshikazu Iwanami
Sound Director, Yoshikazu Kumagai
Producer, Akira Yoshikawa
Producer, Jun Fukuda
Producer, Seiichi Kawashima
Producer","Takashi Yamamoto : Director, Shigeo Komori : Music, Satoru Isono : Character Design, Yoshikazu Iwanami : Sound Director, Yoshikazu Kumagai : Producer, Akira Yoshikawa : Producer, Jun Fukuda : Producer, Seiichi Kawashima : Producer"
Be Rockin',,Other,,Anon Pictures,,"Music, Rock Music, Short Episodes, CG Animation, Original Work",3.31,2011.0,,'No synopsis yet - check back soon!',,,,"Shun : Ginpei Sato, Kaori : Ayako Kawasumi, Kyoko : Takako Honda",
Kurozumi-P: Beatrice,,Music,,,,Vocaloid,3.3,2011.0,,'No synopsis yet - check back soon!',,,,"Gumi, Lily, Kurozumi-P
Producer",Kurozumi-P : Producer
Handsome Kenya: Kesshin Sokudo,,Music,,,,,3.3,2011.0,,'No synopsis yet - check back soon!',,,,"Kousuke Sugimoto
Director, Handsome Kenya
Music","Kousuke Sugimoto : Director, Handsome Kenya : Music"
Freezing Specials,,DVD S,,A.C.G.T,,"Comedy, Ecchi, Seinen, Panty Shots, Based on a Manga, Explicit Sex",3.3,2011.0,,'No synopsis yet - check back soon!',Explicit Sex,"Freezing, Freezing: First Chronicle, Freezing Tokuten Manga, Freezing: Zero, Freezing: Second Season, Freezing: Pair Love Stories",Freezing,"Attia Simmons : Kana Ueda, Ganessa Roland : Eri Kitamura, Kazuya Aoi : Mitsuhiro Ichiki, Rana Linchen : Kana Hanazawa, Satellizer El Bridget : Mamiko Noto, Chiffon Fairchild : Marina Inoue, Ingrid Bernstein : Ami Koshimizu, Yumi Kim : Akeno Watanabe, Dal-Young Im
Original Creator",Dal-Young Im : Original Creator
Maken-ki!, Maken-Ki! Battling Venus,TV   ,12.0,AIC Spirits,Fall ,"Ecchi, Fantasy, Harem, Shounen, Contemporary Fantasy, Newly Co-ed School, Panty Shots, School Life, Superpowers, Urban Fantasy, Based on a Manga, Nudity",3.3,2011.0,,"'Takeru enrolled in Tenbi Academy because the girl-to-guy ratio is, like, 3 girls for every guy. But this bevy of bombshells is actually a school where teens beef up their combat skills using a magic power thingy called a Maken. Redheads with wicked high kicks, shocking blonde bullies, and aggressive brunettes are EVERYWHERE. And every time there’s a brawl, their clothes tend to disintegrate. Distracted by all the bouncy brawlers, Takeru has a hard time concentrating on his training. Things get sticky when the hornball can’t figure out how to use his Maken. If he doesn’t find his mojo quick, he’ll be dumped by the school of his dreams—or destroyed by an attacker who’s after his magic power thingy!'",Nudity,"Maken-Ki!, Maken-Ki! Madou Kenkei Kikou Katsudou Houkokusho (Light Novel), Maken-Ki! Kai!!","Maken-ki! Specials, Maken-Ki! It's Summer! It's Swimsuits! It's Training Camp!, Maken-ki! Two: Takeru Nyotaika!? Minami no Shima de Supoon, Maken-ki! Two Specials, Maken-ki! Two","Haruko Amaya : Noriko Shitaya, Inaho Kushiya : Iori Nomizu, Takeru Ooyama : Tomoaki Maeno, Airiru Finian : Rina Hidaka, Akaya Kodai :  Makoto Yasumura, Azuki Shinatsu : Misuzu Togashi, Furan Takaki : Aya Gouda, Kengo Usui : Satoshi Tsuruoka, Hiromitsu Takeda
Original Creator, Kouichi Oohata
Director, Cheru Watanabe
Music, Nobuteru Yuuki
Character Design, Yoshikazu Iwanami
Sound Director, Naoshi Imamoto
Producer, Yoshiyuki Matsuzaki
Producer, Masahito Otani
Episode Director","Hiromitsu Takeda : Original Creator, Kouichi Oohata : Director, Cheru Watanabe : Music, Nobuteru Yuuki : Character Design, Yoshikazu Iwanami : Sound Director, Naoshi Imamoto : Producer, Yoshiyuki Matsuzaki : Producer, Masahito Otani : Episode Director"
Handsome Kenya: Korekuraide Utau,"Alt titles: Korekuraide Utau, Sing In My Own Way",Music,,,,"Slice of Life, Aliens, Music",3.29,2011.0,,'No synopsis yet - check back soon!',,,,"Kousuke Sugimoto
Director, Handsome Kenya
Music","Kousuke Sugimoto : Director, Handsome Kenya : Music"
Kämpfer für die Liebe,,Other,,Nomad,,"Action, Comedy, Ecchi, Magical Girl, Gender Bender, Henshin Heroes, Magic, Based on a Light Novel",3.29,2011.0,,"""Natsuru dreamt of being a lady killer. Instead, he got turned into a Kämpfer, a lady who’s supposed to fight and kill! Now, he’s stuck splitting his/her days between being a typical Japanese boy and an atypical Japanese girl. What's worse, Natsuru’s convinced to move in with three other Kämpfers, and things really get hopping when Natsuru takes a job at the Bunnygirl Café! Getting in touch with your feminine side’s a full-contact, no-holds-barred, Amazon action-fest in Kämpfer für die Liebe!""",,"Kämpfer (Light Novel), Kämpfer","Kämpfer, Kämpfer Picture Drama","Akane Mishima : Yui Horie, Mikoto Kondou : Kana Asumi, Natsuru Senou : Marina Inoue, Shizuku Sangou : Kaori Nazuka, Class Rep : Yuuki Kobayashi, Disemboweled Tiger : Michiko Nomura, Electrocuted Wildcat : Nana Mizuki, Kaede Sakura : Megumi Nakajima, Toshihiko Tsukiji
Original Creator, Yasuhiro Kuroda
Director, Tatsuya Katou
Music, Mariko Fujita
Character Design, Katsumi Koike
Producer, Gou Tanaka
Producer, Yuuji Yanase
Animation Director","Toshihiko Tsukiji : Original Creator, Yasuhiro Kuroda : Director, Tatsuya Katou : Music, Mariko Fujita : Character Design, Katsumi Koike : Producer, Gou Tanaka : Producer, Yuuji Yanase : Animation Director"
Sacred Seven,,TV   ,12.0,Sunrise,Summer,"Action, Sci Fi, Superpowers, Original Work",3.29,2011.0,,"""Following a violent incident in his childhood, Alma Tandoji has been left an outcast at school and wants nothing more than to be quietly left alone. But one day Alma's solitary peace is shattered when a strange monster known as a Dark Stone attacks his hometown. Suddenly the boy finds himself thrust into the struggle between this strange creature and the ones fighting it: the Aiba Foundation and it's leader, the wealthy Ruri. Though reluctant to fight at first, amidst the battle, Alma learns that he possesses a power known as Sacred Seven that is linked to not only these mysterious creatures but also his forgotten past. Now, along with the help of Ruri and her bestpectacled butler Makoto, Alma must take up the mantle of protector to save the world from this new threat.""",,Sacred Seven,"Sacred Seven Movie: Shirogane no Tsubasa, Sacred Seven Movie: Shirogane no Tsubasa Picture Drama","Alma Tandoji : Takuma Terashima, Ruri Aiba : Megumi Nakajima, Fei Zhui Lau : Iori Nomizu, Makoto Kagami : Miyu Irino, Night Kijima : Nobuhiko Okamoto, Onigawara : Tooru Ookawa, Sp : Ai Takabe, Wakana Itou : Kanae Itou, Yoshimitsu Oohashi
Director, Yuriko Chiba
Character Design, Eiji Nakada
Character Design, Toshihiro Maeda
Producer, Hiroko Kuwazono
Producer, Gorou Taniguchi
Storyboard, Toshihiro Nakajima
Key Animator, Eiko Saitou
Key Animator","Yoshimitsu Oohashi : Director, Yuriko Chiba : Character Design, Eiji Nakada : Character Design, Toshihiro Maeda : Producer, Hiroko Kuwazono : Producer, Gorou Taniguchi : Storyboard, Toshihiro Nakajima : Key Animator, Eiko Saitou : Key Animator"
Kankou Taisen Saitama: Sakuya no Tatakai,,Web  ,4.0,Winter 2011,,"Promotional, Short Episodes",3.29,2011.0,,'Promotional videos\xa0to highlight more than 50 tourist destinations throughout Saitama.',,,,,
Appleseed XIII Movie 2: Ouranos,"Alt titles: Appleseed XIII Remix Movie 2: Yogen, Gekijou Remix Han Appleseed XIII 2: Yogen",Movie,,Jinni's,,"Action, Sci Fi, Seinen, Cyberpunk, Cyborgs, Police, Recap, Terrorism, Based on a Manga, CG Animation",3.29,2011.0,,'No synopsis yet - check back soon!',,"Appleseed, Appleseed XIII, Appleseed Alpha","Appleseed, Appleseed Movie, Appleseed: Ex Machina, Appleseed XIII Movie 1: Tartaros, Appleseed XIII, Appleseed Alpha","Briareos Hecatonchires : Kouichi Yamadera, Deunan Knute : Maaya Sakamoto, Alcides : Ryotaro Okiayu, Athena Areios : Sakiko Tamagawa, Deia Cides : Naomi Shindou, Hitomi : Mikako Takahashi, Nike : Mayumi Yanagisawa, Castor : Yuuko Sanpei",
Horizon in the Middle of Nowhere: Kyokutou Naruhodo Kouza, Kyoukaisenjou no Horizon: Kyokutou Naruhodo Kouza,Other,,,,"Comedy, Fantasy, Chibi, Short Episodes, Based on a Light Novel",3.29,2011.0,,'No synopsis yet - check back soon!',,,"Horizon in the Middle of Nowhere, Horizon in the Middle of Nowhere II, Horizon in the Middle of Nowhere Special","Makiko Oriotorai, Tenzo Clothunit, Elizabeth, Marga Naruse, Margot Naito, Tomo Asama, Adele Balfetto, Ben Jonson",
Tono to Issho 2,,TV   ,12.0,Gathering,Spring,"Comedy, Seinen, Feudal Japan, Historical, Parody, Short Episodes, Based on a Manga",3.28,2011.0,,'Second season of Tono to Issho.',,Tono to Issho,"Tono to Issho OVA, Tono to Issho, Tono to Issho 1.5","Dousan Saito, Kanetsugu Naoe, Keiji Maeda, Kenshin Uesugi, Masamune Date, Motochika Chousokabe, Nagamasa Azai, Nobunaga Oda, Mari Takada
Character Design, Kazuya Takahashi
Producer, Sachi Kawamoto
Producer","Mari Takada : Character Design, Kazuya Takahashi : Producer, Sachi Kawamoto : Producer"
Working'!! Announcement Specials,,Web  ,2.0,A-1 Pictures,,"Comedy, Short Episodes",3.28,2011.0,,'No synopsis yet - check back soon!',,,Working'!!,"Aoi Yamada, Daisuke Higashida, Hana Miyakoshi, Poplar Taneshima, Souta Takanashi",
Katte ni Kaizou Specials,,DVD S,,SHAFT,,Recap,3.28,2011.0,,'No synopsis yet - check back soon!',,,Katte ni Kaizou,"Kaizou Katsu : Takahiro Sakurai, Chitan Tsubouchi : Chiwa Saitou, Suzu Saien : Aki Toyosaki, Umi Natori : Eri Kitamura, Kouji Kumeta
Original Creator, Akiyuki Simbo
Chief Director, Naoyuki Tatsuwa
Director, Ruka Kawada
Music, Hiroki Yamamura
Character Design","Kouji Kumeta : Original Creator, Akiyuki Simbo : Chief Director, Naoyuki Tatsuwa : Director, Ruka Kawada : Music, Hiroki Yamamura : Character Design"
Azuma Hitomi: Kirakira,,Music,,,,Abstract,3.28,2011.0,,'No synopsis yet - check back soon!',,,,"Azuma Hitomi
Music",Azuma Hitomi : Music
Fireball Charming,,TV   ,13.0,Jinni's,Spring,"Comedy, Sci Fi, Androids, Episodic, Non-Human Protagonists, Robots, Short Episodes, CG Animation, Original Work",3.28,2011.0,,"'The year is now 48234, and in Merkur, the quirky robots Drossel von Flügel and Gedächtnis continue to ponder the little things in life. What will the two discover together, and more importantly, can Drossel improve her posture?'",,,"Fireball, Fireball Special, Fireball Humorous, Gebäude=Bäude","Drossel Von Flugel : Miyuki Kawasho, Gedächtnis : Tooru Ookawa, Reginald : Kenso Kato, Yuri : Fumihiko Tachiki, Zugzwang : Yoshiyuki Usui, Wataru Arakawa
Director, Yoshiyuki Usui
Music, Takayuki Yanase
Character Design","Wataru Arakawa : Director, Yoshiyuki Usui : Music, Takayuki Yanase : Character Design"
The Grouse in Snow Mountain,,Movie,,,,"Drama, Mountain Climbing, No Dialogue, Shorts, Original Work",3.28,2011.0,,'A man blown by blizzard on Snow Mountain wants to return to his warm home.',,,,"Hiroko Satsuma
Director, Yasutake Hirai
Music, Koji Yamamura
Producer","Hiroko Satsuma : Director, Yasutake Hirai : Music, Koji Yamamura : Producer"
Morita-san wa Mukuchi,,OVA  ,1.0,Studio Gram,,"Comedy, Seinen, Slice of Life, Iyashikei, School Life, Based on a 4-Koma Manga, Based on a Manga",3.28,2011.0,,"""Mayu learned everything she knows about manners from her mother, such as letting others finish their sentences before responding and to clearly articulate your thoughts. Unfortunately for Mayu, this advice is difficult to follow when your friends are a bunch of talkative high school girls, and has left everyone thinking she's overly quiet and shy instead! With good friends such as chatty Miki and shy Hana beside her, Mayu will silently navigate her high school life and have plenty of fun in the process!""",,Morita-san wa Mukuchi,"Morita-san wa Mukuchi TV, Morita-san wa Mukuchi. 2, Morita-san wa Mukuchi TV Specials","Chihiro Miura : Saori Hayami, Hana Matsuzaka : Yoshino Nanjou, Mayu Morita : Kana Hanazawa, Miki Murakoshi : Haruka Tomatsu, Ritsuki Yamamoto : Mie Hiraga, Girl With Glasses : Maki Tsuchiya, Home Economics Teacher, Kouichi Ouno : Kouta Oshita, Tae Sano
Original Creator, Naotaka Hayashi
Director, Takashi Kumazen
Character Design","Tae Sano : Original Creator, Naotaka Hayashi : Director, Takashi Kumazen : Character Design"
Legend of the Millennium Dragon, Onigamiden,Movie,,Pierrot,,"Adventure, Dragons, Feudal Japan, Japanese Mythology, Original Work",3.28,2011.0,,"'Jun Tendo is a young teenager who is taken to the past to fight in a mystic war during the Heian period in Japan. Legend says that Jun should be able to control Orochi, a powerful eight-headed dragon. Viewed as a savior, he is confused on what he is supposed to do.'",,,,"Jun Tendo : Kensho Ono, Gen'Un : Shidou Nakamura, Mizuha : Satomi Ishihara, Raiko Minamoto : Takashi Kondou, Wadatsumi : Masaaki Tsukada, Amanojaku : Ryuji Aigase, Isao Tendo : Mutsumi Tamura, Jun'S Mother, Hirotsugu Kawasaki
Director, Ryuudou Uzaki
Music, Tetsuya Nishio
Character Design, Kazuteru Oshikiri
Producer, Daisuke Gomi
Producer, Hiroshi Tsutsumi
Producer, Shinji Hashimoto
Animation Director, Yuuko Yoshida
Key Animator","Hirotsugu Kawasaki : Director, Ryuudou Uzaki : Music, Tetsuya Nishio : Character Design, Kazuteru Oshikiri : Producer, Daisuke Gomi : Producer, Hiroshi Tsutsumi : Producer, Shinji Hashimoto : Animation Director, Yuuko Yoshida : Key Animator"
Genki!! Ekoda-chan,,TV   ,22.0,DLE,Spring,"Comedy, Seinen, Short Episodes, Based on a 4-Koma Manga, Based on a Manga",3.28,2011.0,,'No synopsis yet - check back soon!',,Rinshi!! Ekoda-chan,Rinshi!! Ekoda-chan,"Ekoda : Kami Hiraiwa, Friend M : Rikako Aikawa, Maa-Kun : Nobuhiko Okamoto, Moukin : Nozomi Sasaki, Narrator : Takashi Nagasako, Onee-Chan : Mai Hoshikawa, Shinja : Benpineko, Yukari Takinami
Original Creator, Benpineko
Director","Yukari Takinami : Original Creator, Benpineko : Director"
ClariS: Connect,,Music,,,,CG Animation,3.28,2011.0,,"'The official music video for\xa0Connect from the album ClariS -Single Best 1st-, by ClariS.'",,,,"Alice : Alice, Clara : Clara, Takumi Shiga
Director, Claris
Music","Takumi Shiga : Director, Claris : Music"
Potecco Babies (2011),,Web  ,12.0,Shin-Ei Animation,,"Comedy, Short Episodes",3.28,2011.0,,'No synopsis yet - check back soon!',,,Potecco Babies,"Jaga : Etsuko Kozakura, Yosuke Suzuki
Director",Yosuke Suzuki : Director
This Boy Can Fight Aliens!," Kono Danshi, Uchuujin to Tatakaemasu.",OVA  ,1.0,CoMix Wave Films,,"Drama, Aliens, Psychological, Original Work",3.27,2011.0,,"""Four months ago aliens invaded Earth, but they're not obliterating cities or abducting huge amounts of people. Instead, they send one single alien to the surface each day and, for reasons unknown, teenager Kakashi is the only person in the world who can fight them. However, this duty takes a huge toll on the boy's psyche, and after a while his memories have all but disappeared. Only his broken cell phone is there to remind him of the life he left behind, but Kakashi is afraid to fix it - for what if there are no new messages, and nobody cares that he's no longer around?""",,,"Ra/Radio Noise*Planet, This Boy Caught a Merman, This Boy Suffers from Crystallization, This Boy is a Professional Wizard","Kakashi : Ryouhei Kimura, Arikawa : Toshiyuki Toyonaga, Shiro : Daisuke Hirakawa, Haruka : Hideyuki Hayami, Toru : Megumi Han, Yamamura : Yoshiyuki Shimozuma, Soubi Yamamoto
Director & Original Creator",Soubi Yamamoto : Director & Original Creator
Kizuna Ichigeki,,Movie,,Ascension,,"Action, Comedy, Anime Tamago, Martial Arts, Shorts, Original Work",3.27,2011.0,,"""In the final round of\xa0the tenth annual World Martial Arts Championship, thirteen-year-old rookie Kizuna easily defeats her behemoth opponent,\xa0Everest Choyama, grabs the prize money and disappears.\xa0But what Everest didn't know is that the girl is actually\xa0two days away from her thirteenth birthday,\xa0and thus was ineligible for the contest.\xa0As such the embittered\xa0man sets a challenge to all fighters: whoever defeats the young girl before her birthday\xa0will be crowned the new champion. Now Kizuna must fight off\xa0countless challengers at her door while also\xa0discussing her life with a freelance journalist named Hanaka.""",,,,"Kintaro Todoroki : Keiji Fujiwara, Kizuna Todoroki : Kiyono Yasuno, Everest Choyama : Rikiya Koyama, Goal Todoroki : Masaki Terasoma, Hanaka Masaka : Ikumi Hayama, Jingoro, Akane Todoroki : Sayuri, Giant Gaga : Seiji Sasaki, Mitsuru Hongo
Director, Shirou Hamaguchi
Music, Yuuichirou Sueyoshi
Character Design","Mitsuru Hongo : Director, Shirou Hamaguchi : Music, Yuuichirou Sueyoshi : Character Design"
Mobile Suit Gundam AGE,"Alt titles: Gundam AGE, Kidou Senshi Gundam AGE",TV   ,49.0,Sunrise,Fall ,"Mecha, Sci Fi, Original Work",3.27,2011.0,2012.0,"""In Advanced Generation 101, the tranquil colony Angel fell to a mysterious force of mobile suits known as the UE – the Unknown Enemy. Seven years later, Flit Asuno and his mother live a quiet life in the Ovan colony as the last remaining members of the famous Asuno mobile suit manufacturing company. But soon, the UE strike again for the first time in years, destroying the colony and mortally wounding Flit's mother in the process. With her dying breath, she gives Flit a set of plans for a mobile suit that can help him become a savior – the Gundam Age. Now, another seven years later, the suit is complete and the UE return once more, decimating Flit's new home of Nora. Eager for revenge, the boy must now pilot Gundam Age alongside his allies to repel the invaders and save his home.""",,"Mobile Suit Gundam: Awakening, Escalation, Confrontation (Light Novel), Mobile Suit Gundam ZZ, Mobile Suit Gundam: The Revival of Zeon, Mobile Suit Gundam: New Revival of Zeon, Mobile Suit Gundam: Hathaway's Flash (Light Novel), Record of MS War: Mobile Suit Gundam Abridged, Mobile Suit Gundam: Silhouette Formula 91, Mobile Suit Gundam: The Origin, Mobile Suit Gundam: The Anthology, Mobile Suit Gundam Climax U.C., Mobile Suit Gundam 00, Mobile Suit Gundam 00 2nd Season, Mobile Suit Gundam AGE, Mobile Suit Gundam: MSV-R - Fabulous Shin Matsunaga, Mobile Suit Gundam: Hunter of Black Clothes, Mobile Suit Gundam 0083: Rebellion, Mobile Suit Gundam: Char's Counterattack - Beltorchika's Children, Mobile Suit Moon Gundam","Mobile Suit Zeta Gundam, Mobile Suit Gundam ZZ, Mobile Suit SD Gundam Mk I, Mobile Suit Gundam: Char's Counterattack, All That Gundam, Mobile Suit Gundam 0080: War in the Pocket, Mobile Suit SD Gundam no Gyakushuu: Arashi wo Yobu Gakuensai, Mobile Suit Gundam F91, Mobile Suit Gundam 0083: Stardust Memory, Mobile Suit Gundam 0083: Stardust Memory - The Mayfly of Space, Mobile Suit Gundam 0083: The Afterglow of Zeon, Mobile Suit Victory Gundam, Mobile Fighter G Gundam, Mobile Suit Gundam Wing, Mobile Suit Gundam: The 08th MS Team, After War Gundam X, Mobile Suit Gundam Wing: Endless Waltz, Mobile Suit Gundam Wing: Endless Waltz Movie, Gundam: Mission To The Rise, Turn A Gundam, Mobile Suit Gundam Evolve, Mobile Suit Gundam MS IGLOO: The Hidden One Year War, Mobile Suit Gundam SEED: After Phase: In the Valley of Stars, Mobile Suit Gundam SEED Destiny, Mobile Suit Gundam MS IGLOO: Apocalypse 0079, Mobile Suit Gundam 00, Mobile Suit Gundam MS IGLOO 2: Juuryoku Sensen, Mobile Suit Gundam 00 Second Season, Mobile Suit Gundam 00 Special Edition I: Celestial Being, Mobile Suit Gundam 00 Special Edition II: End of World, 30th Gundam Perfect Mission, Mobile Suit Gundam ZZ: Gundam Frag., Ring of Gundam, Mobile Suit Gundam 00 Special Edition III: Return the World, Mokei Senshi Gunpla Builders Beginning G, Chou Denei-ban SD Gundam Sangokuden Brave Battle Warriors, Mobile Suit Gundam Unicorn, Mobile Suit Gundam 00 The Movie: A Wakening of the Trailblazer, Mobile Suit Gundam AGE: Memory of Eden, Collection of Key Animation Films, Mobile Suit Gundam: Thunderbolt, Mobile Suit Gundam: The Origin, Mobile Suit Gundam: Iron-Blooded Orphans, Mobile Suit Gundam: Iron-Blooded Orphans 2","Asemu Asuno : Takuya Eguchi, Flit Asuno : Toshiyuki Toyonaga, Kio Asuno : Kazutomi Yamamoto, Zeheart Galette : Hiroshi Kamiya, Arisa Gunhale : Ami Koshimizu, Desil Galette : Takuma Terashima, Dique Gunhale : Kouki Miyata, Emily Amonde : Aya Endou, Susumu Yamaguchi
Director, Kei Yoshikawa
Music, Michinori Chiba
Character Design, Hiroo Maruyama
Producer, Masakazu Ogawa
Producer, Shingo Tamagawa
Key Animator","Susumu Yamaguchi : Director, Kei Yoshikawa : Music, Michinori Chiba : Character Design, Hiroo Maruyama : Producer, Masakazu Ogawa : Producer, Shingo Tamagawa : Key Animator"
Beotkkotnamu Kokkiri Sup, Cherry Blossom Elephant In Forest,Movie,,,,"Abstract, No Dialogue, Shorts",3.27,2011.0,,'No synopsis yet - check back soon!',,,,,
Squid Girl: Ika Ice Tabena-ika?, Shinryaku! Ika Musume: Ika Ice Tabena-ika?,Music,,diomedea,,"Comedy, Ocean, Based on a Manga",3.27,2011.0,,'No synopsis yet - check back soon!',,Squid Girl,"Squid Girl, Squid Girls Specials, Squid Girl 2, Squid Girl: Kore ga Umi e no Ai Janaika!, Squid Girl OVA","Ika Musume : Hisako Kanemoto, Chizuru Aizawa, Cyndi Campbell, Eiko Aizawa, Gorou Arashiyama, Nagisa Saitou, Alex, Clark, Masahiro Anbe
Original Creator",Masahiro Anbe : Original Creator
Higurashi no Naku Koro ni Kira,,OVA  ,4.0,Studio DEEN,,"Comedy, Harem, Countryside, Parody, Based on a Visual Novel",3.26,2011.0,2012.0,"'Wacky hijinks abound as Rika finds herself in a parallel Hinamizawa in which Tokyo is made of superpowered henchman and Rika herself is a magical girl. After returning to her regular Hinamizawa, Rika finds that the time line has not completely straightened out, as her younger self from 4 years prior has accidentally come to the future.'",,"Higurashi When They Cry: Abducted By Demons Arc, Higurashi When They Cry: Demon Exposing Arc, Higurashi When They Cry: Cotton Drifting Arc, Higurashi When They Cry: Curse Killing Arc, Higurashi no Naku Koro ni Kataribanashi-hen, Higurashi When They Cry: Beyond Midnight Arc, Higurashi When They Cry: Atonement Arc, Higurashi When They Cry: Time Killing Arc, Higurashi no Naku Koro ni Kai: Utsutsukowashi-hen, Higurashi When They Cry: Eye Opening Arc, Higurashi When They Cry: Festival Accompanying Arc, Higurashi When They Cry: Massacre Arc, Higurashi no Naku Koro ni: Hirukowashi-hen, Higurashi no Naku Koro ni Jan, Umineko: When They Cry Episode X, Higurashi no Naku Koro ni Jan: Tsubamegaeshi-hen, Umineko no Naku Koro ni Tsubasa, Higurashi When They Cry: Dice Killing Arc, Higurashi When They Cry: Wonderful","When They Cry: Higurashi, When They Cry: Kai, When They Cry: Higurashi - Nekogoroshi-hen, When They Cry: Kai - Ura Higu, When They Cry: Rei, Higurashi no Naku Koro ni Kaku Outbreak","Keiichi Maebara : Souichirou Hoshi, Mion Sonozaki : Satsuki Yukino, Rena Ryuuguu : Mai Nakahara, Rika Furude : Yukari Tamura, Satoko Houjou : Mika Kanai, Hanyuu : Yui Horie, Jirou Tomitake : Tooru Ookawa, Kuraudo Oishi : Chafurin, Hideki Tachibana
Director, Kenji Kawai
Music, Tomoki Kikuya
Music, Tomoyuki Abe
Character Design & Chief Animation Director, Mika Nomura
Producer, Takema Okamura
Producer, Yoshito Danno
Producer, Satoshi Fukao
Producer","Hideki Tachibana : Director, Kenji Kawai : Music, Tomoki Kikuya : Music, Tomoyuki Abe : Character Design & Chief Animation Director, Mika Nomura : Producer, Takema Okamura : Producer, Yoshito Danno : Producer, Satoshi Fukao : Producer"
Busou Shinki Moon Angel,,Web  ,10.0,Kinema Citrus,Fall ,"Sci Fi, Androids, Non-Human Protagonists, Robots, Short Episodes",3.26,2011.0,2012.0,"'Tsubasa is a young boy who dreams of becoming a Shinki master. Shinki are small robot girls which can talk, fight, and fly. On a full moon night, Tsubasa finds a damaged Shinki model and takes it home. After repairing it, he gives her the name of Kaguya. They live a happy life until the former owner of Kaguya finds her.'",,"Busou Shinki 2036, Busou Shinki (Light Novel)","Busou Shinki: Armored War Goddess, Busou Shinki OVA","Kaguya : Kana Asumi, Tsubasa : Marina Inoue, Athena : Marina Inoue, Ken : Tomokazu Sugita, Zero Two : Minori Chihara, Zelnogrard : Ryouko Shiraishi, Masayuki Kojima
Director, Kazuma Jinnouchi
Music, Taraku Uon
Character Design, Atsushi Ikariya
Character Design, Eiji Inomoto
Cg Director, Gou Tanaka
Producer","Masayuki Kojima : Director, Kazuma Jinnouchi : Music, Taraku Uon : Character Design, Atsushi Ikariya : Character Design, Eiji Inomoto : Cg Director, Gou Tanaka : Producer"
Chiruri,,Web  ,1.0,,,"Drama, No Dialogue, Shorts",3.26,2011.0,,'The story of a boy and a girl who try to find the one thing that matters.',,,,"Kenji Kawasaki
Director",Kenji Kawasaki : Director
Shimanchu MiRiKa (2011),,TV Sp,,,,"Promotional, Original Work",3.26,2011.0,,"'The story is about three girls who are into music and dance, Okinawan stage productions, and karate.'",,,,"Kei Asato : Tomoka Takara, Mirika : Noriko Hidaka, Ruri : Shino Shimoji, Jammer : Asako Dodo, Mai : Minami Uehara, Shouta : Arisa Iho, Yuki : Mariko Nishime, Kyuuma Ooshita
Director & Character Design",Kyuuma Ooshita : Director & Character Design
Last Note: The Last Effect,,Music,,,,"Vocaloid, CG Animation",3.26,2011.0,,'No synopsis yet - check back soon!',,,,"Miku Hatsune, Last Note
Producer",Last Note : Producer
Tayo the Little Bus 2, Kkoma Bus Tayo 2,TV   ,26.0,,,"Cars, Family Friendly, Korean Animation, Short Episodes, CG Animation",3.26,2011.0,2012.0,'Second season to Tayo the Little Bus.',,,"Tayo the Little Bus, Tayo the Little Bus 3, Tayo the Little Bus 4, Tayo the Little Bus Movie: Mission Ace, Titipo Titipo, Tayo the Little Bus 5","Tayo, Lani, Rogi, Air, Bongbong, Champ, Hana, Ractor",
The Qwaser of Stigmata II, Seikon no Qwaser II,TV   ,12.0,Hoods Entertainment,Spring,"Action, Ecchi, Shounen, All-Girls School, Borderline H, Fetish, Panty Shots, Supernatural, Superpowers, Based on a Manga, Explicit Sex,, Violence",3.26,2011.0,,"'No sooner has the matter of the Sword of Maria been resolved when word comes of a NEW ancient artifact: the Magdalene of Thunder! Now Sasha will have to go deep undercover as a female student at the all-girls’ Seirei Academy if he wants to discover the identity of the holder of this legendary item. But when another Qwaser also comes searching for the Magdalene, Sasha will have his hands full juggling class and his newly assigned Maria, Hana!'","Explicit Sex,, Violence",The Qwaser of Stigmata,"The Qwaser Of Stigmata, The Qwaser Of Stigmata Picture Drama, The Qwaser of Stigmata: Portrait of the Empress, The Qwaser of Stigmata II Picture Drama","Aleksander Nikolaevich Hell : Yuuko Sanpei, Mafuyu Oribe : Ayumi Fujimura, Ayame Satsuki : Yuiko Tatsumi, Ekaterina Kurae : Aya Hirano, Fumika Mitarai : Kana Hanazawa, Hana Katsuragi : Youko Hikasa, Jita Phrygianos : Fuyuka Ooura, Miyuki Seta : Harumi Sakurai, Hiroyuki Yoshino
Original Creator, Hiraku Kaneko
Director, Tatsuya Katou
Music, Isao Sugimoto
Character Design, Koujirou Hayashi
Photography Director, Masahito Otani
Episode Director, Touko Machida
Screenplay","Hiroyuki Yoshino : Original Creator, Hiraku Kaneko : Director, Tatsuya Katou : Music, Isao Sugimoto : Character Design, Koujirou Hayashi : Photography Director, Masahito Otani : Episode Director, Touko Machida : Screenplay"
Kurozumi-P: Houraku no Dystopia,,Music,,,,Vocaloid,3.25,2011.0,,'No synopsis yet - check back soon!',,,,"Lily, Luka Megurine, Kurozumi-P
Producer",Kurozumi-P : Producer
Blood-C,,TV   ,12.0,Production I.G,Summer,"Action, Horror, Mystery, Supernatural, Swordplay, Explicit Violence",3.25,2011.0,,"'Clumsy, good-natured Saya lives a happy life surrounded by her classmates, her admirers, and the loving guidance of her father, the priest of a shrine. But mysterious, bloodthirsty monsters have begun to appear, and as the daughter of the shrine, Saya is tasked with keeping the village safe – even if it costs the girl her life. Now, between her schoolwork and friendships, Saya must pick up the sword and keep these brutal creatures at bay. Will Saya be able to return to the quiet life she once knew?'",Explicit Violence,"Blood: The Last Vampire - Yami wo Izanau Chi (Light Novel), Blood: The Last Vampire 2002, Blood: The Last Vampire - Shanghai Aibyou (Light Novel), Blood+, Blood+ Adagio, Blood+ Kowloon Nights, Blood+ Russian Rose (Light Novel), Blood+ (Light Novel), Blood-C: Demonic Moonlight, Blood-C, Blood-C (Light Novel)","Blood: The Last Vampire, Blood+, Blood-C: Special Edition, Blood-C: None-None Gekijou, Blood-C: The Last Dark","Saya Kisaragi : Nana Mizuki, Fumito Nanahara : Kenji Nojima, Inu : Jun Fukuyama, Itsuki Tomofusa : Atsushi Abe, Kanako Tsutsutori : Miho Miyagawa, Nene Motoe : Misato Fukuen, Nono Motoe : Misato Fukuen, Shinichirou Tokizane : Tatsuhisa Suzuki, Clamp
Original Character Design & Original Creator & Series Composition, Production I.G
Original Creator, Tsutomu Mizushima
Director, Naoki Satou
Music, Kazuchika Kise
Character Design, Yoshikazu Iwanami
Sound Director, Tooru Kawaguchi
Producer, Motohisa Katou
Producer","Clamp : Original Character Design & Original Creator & Series Composition, Production I.G : Original Creator, Tsutomu Mizushima : Director, Naoki Satou : Music, Kazuchika Kise : Character Design, Yoshikazu Iwanami : Sound Director, Tooru Kawaguchi : Producer, Motohisa Katou : Producer"
Oretachi ni Tsubasa wa Nai: Hada-iro Ritsu Kyuu-wari Zou!?," We, Without Wings - Under the Innocent Sky OVA",OVA  ,1.0,Nomad,,"Ecchi, Panty Shots, Based on an Eroge, Based on a Visual Novel, Nudity",3.25,2011.0,,'No synopsis yet - check back soon!',Nudity,,"We, Without Wings - Under the Innocent Sky","Akira Yoshikawa, Asuka Watarai : Mayumi Yoshida, Hiyoko Tamaizumi : Ryouko Ono, Kobato Haneda : Ai Matayoshi, Masako Takauchi : Yuka Komatsu, Eriko Hino : Kiyomi Asai, Kinako Mochizuki : Chiaki Takahashi, Miyako Yamashina : Yukiko Takaguchi, Shinji Ushiro
Director, Acchorike
Music, Yuuka Sakurai
Producer, Asuka Yamazaki
Producer, Tetsuko Kotani
Producer, Aoi Nishimata
Producer, Akihiko Okada
Producer, Tsuyoshi Kuwabara
Producer","Shinji Ushiro : Director, Acchorike : Music, Yuuka Sakurai : Producer, Asuka Yamazaki : Producer, Tetsuko Kotani : Producer, Aoi Nishimata : Producer, Akihiko Okada : Producer, Tsuyoshi Kuwabara : Producer"
".hack//Quantum: Go, Our Chim Chims!!", .hack//Quantum: Sore ike! Bokura no Chimuchimu-chan!!,DVD S,,Kinema Citrus,,,3.24,2011.0,,'No synopsis yet - check back soon!',,".hack//Legend of the Twilight, .hack//AI Buster (Light Novel), .hack//Another Birth (Light Novel), .hack//GnU, .hack//G.U.+, .hack//XXXX, .hack//Alcor, .hack//CELL (Light Novel), .hack//Link, .hack//4koma, .hack//G.U. (Light Novel)",".hack//SIGN, .hack//LIMINALITY, .hack//Legend Of The Twilight, .hack//SIGN - Intermezzo, .hack//SIGN - Unison, .hack//GIFT, .hack//Roots, .hack//G.U. Returner, .hack//G.U. Trilogy, .hack//G.U. Trilogy Parody, .hack//Quantum, .hack // The Movie, .hack//Versus: The Thanatos Report","Mary : Ayumi Fujimura, Sakuya : Kana Hanazawa, Tobias : Miyuki Sawashiro, Hermit : Yui Ogura",
Tomoyo, Minna no Uta: Tomoyo,Music,,,,"Family Friendly, Minna no Uta, Music, CG Animation",3.24,2011.0,,'No synopsis yet - check back soon!',,,,,
Mameshiba Theme Song,,Other,,,,"Adventure, Food Protagonists, Non-Human Protagonists",3.24,2011.0,,'No synopsis yet - check back soon!',,,Mameshiba,,
Chocolat no Mahou, The Magic of Chocolate,OVA  ,13.0,Synergy SP,,"Drama, Horror, Mystery, Shoujo, Episodic, Magic, Mysterious Shop, Based on a Manga",3.24,2011.0,2013.0,"'Do you know about the chocolate that can grant wishes? Chocolat Aikawa is a chocolatier who can make your wishes come true, but you should always be careful of what you wish for!'",,The Magic of Chocolate,,"Cacao : Kouki Miyata, Shokora Aikawa : Yukana, Ami Imai : Kurumi Mamiya, Aya Nakasu : Sayaka Kinoshita, Eiji Ootsuki : Takahiro Mizushima, Emi Imai : Kiyomi Asai, Flower Fairy : Kozue Kamada, Honami Seo : Yoriko Nagata, Rino Mizuho
Original Creator, Shinichirou Kimura
Director, Takayo Mitsuwaka
Character Design","Rino Mizuho : Original Creator, Shinichirou Kimura : Director, Takayo Mitsuwaka : Character Design"
Three Workers,,Other,,,,"Abstract, No Dialogue, Shorts, Work Life",3.24,2011.0,,'No synopsis yet - check back soon!',,,,"Saki Iyori
Director",Saki Iyori : Director
Fully cooked for you, Onishime Kotabe,Movie,,,,"Cooking, Food and Beverage, Food Protagonists, Non-Human Protagonists, Shorts",3.24,2011.0,,"""A mother making a traditional New Year's vegetable dish for the family, and a child watching. The ingredients are animals of peas, carrots, burdock root and konjak. Enjoy the dish!""",,,,"Yuka Imabayashi
Director, Ayana Hira
Music, Mitsuko Okamoto
Producer","Yuka Imabayashi : Director, Ayana Hira : Music, Mitsuko Okamoto : Producer"
Battle Girls: Time Paradox, Sengoku Otome: Momoiro Paradox,TV   ,13.0,TMS Entertainment,Spring,"Action, Adventure, Comedy, Ecchi, Feudal Japan, Person in a Strange World, Time Travel, Based on a Video Game, Nudity",3.23,2011.0,,"""Hideyoshi is a typical middle school girl, concerned with fashion, trends, and boys. So when she is transported back to the warring period of Japan, culture shock doesn't even begin to describe her reaction! In this world, the inhabitants are only women, and this gender bending take on Japanese history sees Oda Nobunaga seeking the Crimson Armor in order to rule the world! But she'll need Hideyoshi's help to do it in Battle Girls: Time Paradox!""",Nudity,Hyakka Ryouran: Sengoku Otome - Karakuri Soudou-hen,,"Hideyoshino Toyotomi : Rina Hidaka, Mitsuhide Akechi : Eri Kitamura, Nobunaga Oda : Megumi Toyoguchi, Ieyasu Tokugawa : Satomi Akesaka, Kenshin Uesugi : Mariya Ise, Masamune Date : Yuka Hirata, Shingen Takeda : Sachi Kokuryu, Shiro : Nozomu Sasaki, Hideki Okamoto
Director, Touko Machida
Screenplay & Series Composition, Eishi Segawa
Music, Koji Yamakawa
Character Design, Tetsuya Kinoshita
Producer, Yuu Kiyozono
Producer, Masaru Nikaidou
Producer, Yoshito Mikamo
Episode Director","Hideki Okamoto : Director, Touko Machida : Screenplay & Series Composition, Eishi Segawa : Music, Koji Yamakawa : Character Design, Tetsuya Kinoshita : Producer, Yuu Kiyozono : Producer, Masaru Nikaidou : Producer, Yoshito Mikamo : Episode Director"
Anemone,,Web  ,1.0,,,"Drama, Fantasy, Animal Protagonists, No Dialogue, Non-Human Protagonists, Rabbits, Shorts, Supernatural, Original Work, Mature Themes,, Suicide",3.23,2011.0,,"'A girl enters a fantastical, upside-down world and wanders aimlessly until a mysterious rabbit appears next to her. Together, the two embark on a journey to find something special - just the thing that the girl needs...'","Mature Themes,, Suicide",,,"Girl, Rabbit, Junichi Yamamoto
Director, Toki Takeda
Music","Junichi Yamamoto : Director, Toki Takeda : Music"
Digimon Xros Wars: Toki o Kakeru Shounen Hunter-tachi, Digimon Fusion: The Young Hunters Who Leapt Through Time,TV   ,25.0,Toei Animation,Fall ,"Action, Adventure, Sci Fi, Shounen, Family Friendly, Monster-of-the-week, Monsters",3.23,2011.0,2012.0,'Third season of\xa0Digimon Xros Wars.',,Digimon Xros Wars,"Digimon Xros Wars, Digimon Xros Wars: Aku no Death General to Shichinin no Oukoku","Damemon : Masami Kikuchi, Gumdramon : Kumiko Watanabe, Shoutmon : Chika Sakamoto, Tagiru Akashi : Marina Inoue, Taiki Kudou : Minami Takayama, Yuu Amano : Kanae Oki, Airu Suzaki : Megumi Han, Astamon : Takahiro Sakurai, Yukio Kaizawa
Director, Akihiro Asanuma
Character Design, Hiroyuki Sakurada
Producer, Tomoharu Matsuhisa
Producer","Yukio Kaizawa : Director, Akihiro Asanuma : Character Design, Hiroyuki Sakurada : Producer, Tomoharu Matsuhisa : Producer"
Hachioji-P: Sweet Devil,,Music,,,,"Vocaloid, CG Animation",3.23,2011.0,,"'Vocaloid Miku Hatsune sings Sweet Devil, a song about being a temptress and willingness to lie to get a man to love her.'",,,,"Miku Hatsune, Wakamurap
Director, Hachioji-P
Producer","Wakamurap : Director, Hachioji-P : Producer"
R-15,,TV   ,12.0,AIC,Summer,"Comedy, Ecchi, Harem, School Life, Based on a Light Novel, Sexual Content",3.22,2011.0,,"'At a school full of geniuses from varying fields of study, Taketo Akutagawa has a special – albeit different – genius as well: writing harem novels. Now amongst the other geniuses, he aims win the interclass competition and be recognized as the world’s greatest harem writer'",Sexual Content,"R-15 (Light Novel), R-15, Chima R-15",R-15 OVA,"Fukune Narukara : Yurina Fukuhara, Raika Meiki : Mana Komatsu, Ran Musen : Kayoko Tsumita, Ritsu Enshuu : Madoka Murakami, Taketo Akutagawa : Aya Gouda, Chief : Yui Ariga, Tsukuru Kagaku : Midori Tsukimiya, Utae Sonokoe : Nanami Kashiyama, Munenori Nawa
Director, Yuichi Nonaka
Music, Mariko Fujita
Character Design, Naoko Kosakabe
Art Director, Naoshi Imamoto
Producer, Tomio Yamauchi
Key Animator","Munenori Nawa : Director, Yuichi Nonaka : Music, Mariko Fujita : Character Design, Naoko Kosakabe : Art Director, Naoshi Imamoto : Producer, Tomio Yamauchi : Key Animator"
Detective Conan vs. Wooo, Meitantei Conan vs. Wooo,Web  ,2.0,TMS Entertainment,,"Mystery, Shounen, Age Transformation, Detectives, Promotional, Short Episodes, Based on a Manga",3.22,2011.0,,"'There’s a new addition to the Mouri household when Kogoro purchases a new Wooo television set, and everyone is certainly making use of it. While they settle down to watch a drama, the famous ""sleeping"" detective attempts to impress his family by correctly deducing the culprit in a mystery series, but how is he really figuring out the truth? Then, when the famous Maomi Yuuki appears at the agency looking for a way to help her parents and their television recording woes, it seems that Conan and the Wooo may just have the answer...'",,"Magic Kaitou, Case Closed, Detective Conan: Tokubetsu-hen, Detective Conan: Zero's Tea Time","Detective Conan, Detective Conan OVA 1: Conan vs Kid vs YAIBA, Detective Conan OVA 2: 16 Suspects, Detective Conan OVA 3: Conan and Heiji and the Vanished Boy, Detective Conan OVA 4: Conan and Kid and Crystal Mother, Detective Conan OVA 5: The Target is Kogoro! The Detective Boys' Secret Investigation, Detective Conan OVA 6: Follow the Vanished Diamond! Conan and Heiji vs Kid!, Detective Conan OVA 7: A Challenge from Agasa, Detective Conan OVA 8: High School Girl Detective Sonoko Suzuki's Case Files, Detective Conan Magic File 2: Kudou Shinichi - The Case of the Mysterious Wall and the Black Lab, Detective Conan OVA 9: The Stranger of 10 Years, Detective Conan Magic File 3: Shinichi and Ran: Memories of Mahjong Tiles and Tanabata, Lupin III Special 21: Lupin III vs Detective Conan, Detective Conan OVA 10: Kid in Trap Island, Detective Conan Magic File 4: Osaka Okonomiyaki Odyssey, Detective Conan Magic File 5: Niigata - Tokyo Omiyage Capriccio, Detective Conan OVA 11: A Secret Order from London, Detective Conan: Excalibur no Kiseki, Detective Conan Magic File 6: Fantasista Flower, The Disappearance of Conan Edogawa: The Worst Two Days in History, Detective Conan Movie 24: The Scarlet Bullet","Conan Edogawa : Minami Takayama, Kogoro Mori : Rikiya Koyama, Ran Mori : Wakana Yamazaki, Maomi Yuuki : Maomi Yuuki, Hiroshi Agasa : Kenichi Ogata, Maomi'S Father, Maomi'S Mother, Gosho Aoyama
Original Creator",Gosho Aoyama : Original Creator
B-Daman Crossfire,,TV   ,52.0,Synergy SP,Fall ,"Action, Adventure, Fantasy, Shounen, Proxy Battles, Short Episodes",3.22,2011.0,2012.0,"""When Kakeru's friend Natsumi introduced him to the fast-paced world of fighting toys known as B-Daman one day, he had no idea his life would change forever! After working a part-time shift at the local Miracle Shoot B-Daman shop, Kakeru gets his very first B-Daman named Dorasian. And soon thereafter, discovers a hidden tournament known as Cross Fight. Determined to become the very best B-Daman player, Kakeru will try to battle his way to the top, but fierce competitors and friends will challenge his every move...""",,,B-Daman Fireblast,"Dorashian : Kentarou Itou, Dravise : Ryouta Takeuchi, Kakeru Ryuugazaki : Momoko Ohara, Akira Saiga : Makoto Higo, Gouichirou Tsukiwa : Akio Suyama, Kaito Samejima : Meguru Takahashi, Natsumi Inaba : Megumi Takamoto, Reiji Maki : Hitoshi Yanai, Yoshinori Odaka
Director, Kenji Fujisaki
Character Design","Yoshinori Odaka : Director, Kenji Fujisaki : Character Design"
Pretty Cure kara Minna e no Ouen Movie,,Other,,,,"Magical Girl, Henshin Heroes, Shorts, CG Animation",3.21,2011.0,,'No synopsis yet - check back soon!',,"Futari wa Pretty Cure: Splash Star, Eiga: Futari wa Pretty Cure Splash Star - Chikutaku Kiki Ippatsu!, Suite Pretty Cure♪, Kirakira Precure à la Mode","Pretty Cure, Pretty Cure Max Heart, Pretty Cure Splash Star, Yes! Pretty Cure 5, Yes! Pretty Cure 5 GoGo!, Fresh Pretty Cure!, Heartcatch Pretty Cure!, Suite Pretty Cure♪","Erika Kurumi : Fumie Mizusawa, Hibiki Houjou : Ami Koshimizu, Hikari Kujou : Rie Tanaka, Honoka Yukishiro : Yukana, Inori Yamabuki : Akiko Nakagawa, Itsuki Myoudouin : Houko Kuwashima, Kanade Minamino : Fumiko Orikasa, Karen Minazuki : Ai Maeda",
Smileflower, Minna no Uta: Smileflower,Music,,,,Minna no Uta,3.21,2011.0,,'No synopsis yet - check back soon!',,,,"Bump.Y
Music",Bump.Y : Music
Ghost in the Shell: Stand Alone Complex - Solid State Society 3D - Tachikoma na Hibi, Koukaku Kidoutai: Stand Alone Complex - Solid State Society 3D - Tachikoma na Hibi,DVD S,,,,Chibi,3.21,2011.0,,'No synopsis yet - check back soon!',,,"Ghost in the Shell: Stand Alone Complex - Solid State Society, Ghost in the Shell: Stand Alone Complex - Tachikoma Days (2007)",Tachikoma,
Thundercats Snarf: Butterfly Blues,,TV Sp,,Studio 4°C,,"Comedy, Fantasy, Childcare, Non-Human Protagonists, Shorts, Based on a Cartoon",3.21,2011.0,,'No synopsis yet - check back soon!',,,Thundercats,"Lion-O, Snarf, Claudus, Takuo Tominaga
Director",Takuo Tominaga : Director
Morita-san wa Mukuchi TV,,TV   ,13.0,Seven,Summer,"Comedy, Seinen, Slice of Life, Iyashikei, School Life, Short Episodes, Based on a 4-Koma Manga, Based on a Manga",3.21,2011.0,,"""Mayu learned everything she knows about manners from her mother – most importantly, that in any conversation, she should make eye contact at all times and let the other person finish their thoughts completely before responding. Unfortunately for Mayu, this advice is difficult to follow when your friends are a bunch of talkative high school girls, and has left everyone thinking she's overly quiet and shy instead! With good friends such as chatty Miki and shy Hana beside her, Mayu will silently navigate her high school life and have plenty of fun in the process!""",,Morita-san wa Mukuchi,"Morita-san wa Mukuchi, Morita-san wa Mukuchi. 2, Morita-san wa Mukuchi TV Specials","Mayu Morita : Kana Hanazawa, Miki Murakoshi : Haruka Tomatsu, Chihiro Miura : Saori Hayami, Hana Matsuzaka : Yoshino Nanjou, Ritsuki Yamamoto : Mie Hiraga, Brown-Haired Teacher, Brown-Haired University Student, Brown-Haired Waitress, Tae Sano
Original Creator, Naotaka Hayashi
Director, Toshinari Yamashita
Character Design","Tae Sano : Original Creator, Naotaka Hayashi : Director, Toshinari Yamashita : Character Design"
"We, Without Wings - Under the Innocent Sky", Ore-tachi ni Tsubasa wa Nai,TV   ,12.0,Nomad,Spring,"Comedy, Drama, Harem, Romance, Panty Shots, Based on an Eroge, Based on a Visual Novel, Explicit Sex",3.21,2011.0,,"'In the big city of Yanagihara, the masses of people and buildings make it a bustling place to exist, and yet, people will meet and fall in love here in this city.'",Explicit Sex,"Ore-tachi ni Tsubasa wa Nai: Berceuse, Ore-tachi ni Tsubasa wa Nai: Prelude, Ore-tachi ni Tsubasa wa Nai, Ore-tachi ni Tsubasa wa Nai: Rhapsody, Ore-tachi ni Tsubasa wa Nai: Fragments, Ore-tachi ni Tsubasa wa Nai: Fledgling",Oretachi ni Tsubasa wa Nai: Hada-iro Ritsu Kyuu-wari Zou!?,"Asuka Watarai : Mayumi Yoshida, Hayato Narita : Junichi Suwabe, Hiyoko Tamaizumi : Ryouko Ono, Kobato Haneda : Ai Matayoshi, Naru Ootori : Yuuko Gotou, Shuusuke Chitose : Hiroaki Miura, Takashi Haneda : Hiro Shimono, Ai Kouda : Saki Nakajima, Shinji Ushiro
Director, Acchorike
Music, Kumi Ishii
Character Design, Makoto Itou
Producer, Yuuka Sakurai
Producer, Asuka Yamazaki
Producer, Tetsuko Kotani
Producer, Aoi Nishimata
Producer","Shinji Ushiro : Director, Acchorike : Music, Kumi Ishii : Character Design, Makoto Itou : Producer, Yuuka Sakurai : Producer, Asuka Yamazaki : Producer, Tetsuko Kotani : Producer, Aoi Nishimata : Producer"
Panty & Stocking in Sanitary Box,,DVD S,,GAINAX,,"Comedy, Angels, Crude, Non-Human Protagonists, Original Work",3.21,2011.0,,"'Even when they’re not out fighting Ghosts, Panty, Stocking and the gang are still up to as much mischief as ever. With Panty throwing the first pitch at a baseball game in her own ""special"" way, the startling truth behind one of Stockings\' favorite snacks being revealed, and Garterbelt making his own bath time fun, there’s never any peace and quiet for the residents of Daten City.'",,"Panty & Stocking with Garterbelt in Manga Strip, Panty & Stocking with Garterbelt",Panty & Stocking with Garterbelt,"Panty : Arisa Ogasawara, Stocking : Mariya Ise, Briefs : Hiroyuki Yoshino, Chuck : Takashi Nakamura, Garterbelt : Kouji Ishii",
Flowers,,Movie,,,,"Coming of Age, Dancing, No Dialogue, Shorts, Original Work",3.21,2011.0,,"'A girl who loves to dance but has no talent. ""Talent"" is not something to be added on, but rather ""complements what is lacking."" The important thing is to continually keep the easily wilted ""flower"" blooming beautifully.'",,,,"Toyomi Morishita
Director, Tatsuki Tsushima
Music, Yuichi Ito
Producer","Toyomi Morishita : Director, Tatsuki Tsushima : Music, Yuichi Ito : Producer"
Mahou Tsukai Jiji,,Web  ,1.0,,,Shorts,3.21,2011.0,,'No synopsis yet - check back soon!',,,,"Boy, Mahou Jiji, Girl",
Jewelpet Sunshine,,TV   ,52.0,Studio Comet,Spring,"Fantasy, Animal Protagonists, Family Friendly, Non-Human Protagonists, Sanrio Characters",3.2,2011.0,2012.0,"'Ruby, a white Japanese hare, studied with her friends, especially with her classmate and roommate Kanon Mizushirou, they will face various hilarious situations and sometimes will gather to collaborate although they despise each other. Ruby and her friends will do anything to graduate and follow their dreams. The story involves also the love triangle both Ruby, Kanon and Mikage, Moreover, this feelings of both, which have to Mikage, will ensure that the hatred between Ruby and Kanon increases. The Plum Section of the 3rd grade class at the Sunshine Academy in Jewel Land are also known as ""the Leftovers."" Ruby and her classmates aim to graduate and follow their dreams.'",,Lady Jewelpet,"Jewelpet, Jewelpet Twinkle, Jewelpet Kira Deco!, Jewelpet Happiness, Lady Jewelpet, Jewelpet Magical Change","Garnet : Aya Hirano, Hinata Asaka : Aki Toyosaki, Kanon Mizushiro : Rei Matsuzaki, Labra : Miyuki Sawashiro, Ruby : Ayaka Saitou, Sango : Ai Shimizu, Sapphie : Nozomi Sasaki, Shouko Aizawa : Miyuki Sawashiro, Takayuki Inagaki
Director, Shirou Hamaguchi
Music, Mariko Fujita
Character Design, Tomoko Miyakawa
Character Design, Yoshikazu Iwanami
Sound Director, Hideyuki Kachi
Producer, Ryousuke Ono
Producer, Hatsuo Nara
Producer","Takayuki Inagaki : Director, Shirou Hamaguchi : Music, Mariko Fujita : Character Design, Tomoko Miyakawa : Character Design, Yoshikazu Iwanami : Sound Director, Hideyuki Kachi : Producer, Ryousuke Ono : Producer, Hatsuo Nara : Producer"
Blessing of the Campanella: La Campanella Della Benedizione, Shukufuku no Campanella: La Campanella Della Benedizione,OVA  ,1.0,AIC,,,3.2,2011.0,,"'The story takes place in a trading city Eta\'Aria. Leicester Maycraft is an item engineer belonging to an adventurer guild ""Oasis"". One night, he is at a party with his friends to see a meteor stream on the rooftop of a chapel.'",,,"Blessing of the Campanella, Blessing of the Campanella: Isshoni Bath Time","Agnes Boulange : Kaori Mizuhashi, Carina Verritti : Kimiko Koyama, Minette : Mai Kadowaki, Ritos Tortilla : Mai Goto, Salsa Tortilla : Ari Yunohara, Chelsea Arcot : Asami Imai, Golem : Hiroki Yasumoto, Leicester Maycraft : Nobuhiko Okamoto, Shinji Ushiro
Director, Elements Garden
Music, Hajime Maruyama
Producer, Masazumi Katou
Producer, Yuuka Sakurai
Producer, Asuka Yamazaki
Producer, Yoshinobu Tokumoto
Storyboard","Shinji Ushiro : Director, Elements Garden : Music, Hajime Maruyama : Producer, Masazumi Katou : Producer, Yuuka Sakurai : Producer, Asuka Yamazaki : Producer, Yoshinobu Tokumoto : Storyboard"
Space Shower TV BIG HITS! ID (Yoriko Mizushiri),,Other,,,,"Abstract, No Dialogue, Promotional, Station Identifications",3.2,2011.0,,"'A station identification animation for Space Shower TV BIG HITS!, directed by Yoriko Mizushiri.'",,,,"Yoriko Mizushiri
Director",Yoriko Mizushiri : Director
30-sai no Hoken Taiiku Specials,,DVD S,,Gathering,,"Comedy, Ecchi, Supernatural, Based on a Light Novel, Sexual Content",3.2,2011.0,,'No synopsis yet - check back soon!',Sexual Content,"30-sai no Hoken Taiiku (Light Novel), 30-sai no Hoken Taiiku, 30-sai no Hoken Taiiku: Koi no Step Up Hen, 30-sai no Hoken Taiiku: Love Flag Hen",30-sai no Hoken Taiiku,"Daigorou : Ryotaro Okiayu, Ku-Chan : Eri Kitamura, Macaron : Yui Watanabe",
Break Ups,,Web  ,1.0,,,"Drama, Romance, Sci Fi, Korean Animation, Melancholy, Shorts, Time Travel, Original Work",3.2,2011.0,,"""'Break Ups' is a slice of life story about a young couple with an on-and-off relationship. They stumble upon a time machine that takes them back to several periods in their lives as a couple.""",,,,"Ye-Mean, Ye-Mean'S Boyfriend",
On the Table,,Other,,,,"Shorts, Original Work",3.2,2011.0,,'No synopsis yet - check back soon!',,,,"Masanobu Hiraoka
Director",Masanobu Hiraoka : Director
Shin Koihime Musou: Otome Tairan OVA Omake,,DVD S,,,,,3.2,2011.0,,'No synopsis yet - check back soon!',,"Koihime Musou: Doki Otome darake no Sangokushi Engi, Shin Koihime Musou: Otome Ryouran Sangokushi Engi, Shin Koihime Musou: Moeshouden - Otome Mankan Zenseki","Koihime Musou, Koihime Musou: Koihime Flash, Koihime Musou OVA, Shin Koihime Musou, Shin Koihime Musou: Live Revolution, Shin Koihime Musou OVA Omake, Shin Koihime Musou: Otome Tairan, Shin Koihime Musou: Rival Warlords Vacation on a Tropical Island - There Will Also Be Tentacles!, Shin Koihime Musou: Otome Tairan OVA",,
Duel Masters Victory,,TV   ,52.0,Shogakukan Music & Digital Entertainment,,"Shounen, Card Battles, Family Friendly, Based on a Manga",3.2,2011.0,2012.0,'No synopsis yet - check back soon!',,,"Duel Masters, Duel Masters Charge, Duel Masters: Curse of the Deathphoenix, Shinseiki Duel Masters Flash, Duel Masters Zero, Zero Duel Masters, Duel Masters Cross, Duel Masters: Lunatic God Saga, Duel Masters Cross Shock, Duel Masters Victory V, Duel Masters Victory V3, Duel Masters Versus, Duel Masters Versus Revolution, Duel Masters: Hamukatsu to Dogiragon no Curry-pan Daibouken, Duel Masters Versus Revolution Final","Katta Kirifuda, Shigenobu Matsumoto
Original Creator",Shigenobu Matsumoto : Original Creator
Shin Koihime Musou: Otome Tairan OVA Omake,,DVD S,,,,,3.2,2011.0,,No synopsis yet - check back soon!,,"Koihime Musou: Doki Otome darake no Sangokushi Engi, Shin Koihime Musou: Otome Ryouran Sangokushi Engi, Shin Koihime Musou: Moeshouden - Otome Mankan Zenseki","Koihime Musou, Koihime Musou: Koihime Flash, Koihime Musou OVA, Shin Koihime Musou, Shin Koihime Musou: Live Revolution, Shin Koihime Musou OVA Omake, Shin Koihime Musou: Otome Tairan, Shin Koihime Musou: Rival Warlords Vacation on a Tropical Island - There Will Also Be Tentacles!, Shin Koihime Musou: Otome Tairan OVA",,
Duel Masters Victory,,TV   ,52.0,Shogakukan Music & Digital Entertainment,,"Shounen, Card Battles, Family Friendly, Based on a Manga",3.2,2011.0,2012.0,No synopsis yet - check back soon!,,,"Duel Masters, Duel Masters Charge, Duel Masters: Curse of the Deathphoenix, Shinseiki Duel Masters Flash, Duel Masters Zero, Zero Duel Masters, Duel Masters Cross, Duel Masters: Lunatic God Saga, Duel Masters Cross Shock, Duel Masters Victory V, Duel Masters Victory V3, Duel Masters Versus, Duel Masters Versus Revolution, Duel Masters: Hamukatsu to Dogiragon no Curry-pan Daibouken, Duel Masters Versus Revolution Final","Katta Kirifuda, Shigenobu Matsumoto
Original Creator",Shigenobu Matsumoto : Original Creator
Kuragehime Specials, Princess Jellyfish Specials,DVD S,,Brain's Base,,"Comedy, Josei, Based on a Manga",3.19,2011.0,,No synopsis yet - check back soon!,,Princess Jellyfish,"Princess Jellyfish, Kuragehime: Soreike! Amars Tankentai","Banba, Chieko, Jiji, Mayaya, Shuu Koibuchi, Yoshio Hanamori, Keiichirou Koibuchi, Kulala",
Robocar Poli,,TV   ,26.0,,,"Anthropomorphic, Cars, Family Friendly, Korean Animation, CG Animation, Original Work",3.19,2011.0,,"When disaster strikes in Brooms Town, police car Robocar Poli, fire truck Robotruck Roy and their friends on the rescue team race to save the day.",,,Robocar Poli 2nd Season,"Amber : Rebecca Soler, Helly : Kate Bristol, Poli : Marc Thompson, Roy, Annie, Benny, Betty, Bruner",
Hyadain: Ano Hi no Boku e,,Music,,,,,3.19,2011.0,,No synopsis yet - check back soon!,,,,,
MonHun Nikki Girigiri Airu Mura G,,TV   ,13.0,DLE,Summer,"Comedy, Animal Protagonists, Anthropomorphic, Cats, Non-Human Protagonists, Based on a Video Game",3.19,2011.0,,No synopsis yet - check back soon!,,,MonHun Nikki Girigiri Airu Mura: Airu Kiki Ippatsu,"Leader, Nyaito, Nyami, Pakase, Poony, Professor, Newscaster, Poogy, Benpineko
Director & Character Design, Koutarou Yamawaki
Director & Character Design","Benpineko : Director & Character Design, Koutarou Yamawaki : Director & Character Design"
Inumarudashi,,TV   ,,Gathering,Summer,"Comedy, Crude, Short Episodes, Based on a Manga, Flash Animation, Nudity",3.19,2011.0,,"The kindergartener hero Inumaru's chaotic life as he causes lively and funny incidents in this gag manga. Inumaru is just a little strange, with his deep knowledge of celebrity and Shonen Jump gossip, and his stubborn policy of not wearing pants. His teacher Tamako is given the runaround everyday!",Nudity,Inumarudashi,,"Inumaru : Yuu Kobayashi, Tamako Yamada : Haruna Kondou, Kouji Ooishi
Original Creator",Kouji Ooishi : Original Creator
Gohan Kaijuu Pap,,Web  ,29.0,DLE,,"Comedy, Anthropomorphic, Food and Beverage, Food Protagonists, Monsters, Non-Human Protagonists, Short Episodes",3.19,2011.0,2014.0,No synopsis yet - check back soon!,,,Gohan Kaijuu Pap CM,"Pap, Curry Don, Natton, Tamagogon, Umeboshiin",
Croisee in a Foreign Labyrinth Picture Drama, Ikoku Meiro no Croisee Picture Drama,DVD S,,SATELIGHT,,"Shounen, 19th Century, Historical, Picture Drama, Based on a Manga",3.19,2011.0,2012.0,No synopsis yet - check back soon!,,"Ikoku Meiro no Croisée, Ikoku Meiro no Alice-chan","Croisee in a Foreign Labyrinth, Croisee in a Foreign Labyrinth: Concert, Croisee in a Foreign Labyrinth: Yune & Alice","Alice Blanche : Aoi Yuuki, Claude Claudel : Takashi Kondou, Yune : Nao Touyama, Camille Blanche : Sayuri Yahagi, Oscar Claudel : Hideyuki Tanaka",
X-Men,,TV   ,12.0,MADHOUSE,Spring,"Action, Marvel Comics, Psychic Powers, Superheroes, Superpowers, Based on a Comic Book",3.18,2011.0,,"A year has passed since Jean Grey met her tragic demise, and the X-Men and Xavier Institute have yet to recover. Things change when Charles Xavier calls the disbanded mutant team back together, sending them to Japan to help find a missing girl named Hisako. But when they arrive abroad the team discovers that things are far worse than they expected: a shadowy group is abducting mutants, bringing them to secret laboratories, and an insidious, potentially fatal secondary mutation called the Damon-Hall Syndrome is spreading. Together, the X-Men must discover the truth behind these events and put a stop to the violence against mutants.",,"X-Men: The Manga, Wolverine: Snikt!",Wolverine,"Beast : Hideyuki Tanaka, Emma Frost : Kaori Yamagata, Hisako Ichiki : Yukari Tamura, Scott Summers : Toshiyuki Morikawa, Storm : Aya Hisakawa, Wolverine : Rikiya Koyama, Charles Xavier : Katsunosuke Hori, Mastermind : Haruhiko Jo, Fuminori Kizaki
Director, Tetsuya Takahashi
Music, Ai Yokoyama
Character Design, Shigemi Ikeda
Art Director, Takae Iijima
Color Design, Fuminori Hara
Producer, Taro Morishima
Producer, Cort Lane
Producer","Fuminori Kizaki : Director, Tetsuya Takahashi : Music, Ai Yokoyama : Character Design, Shigemi Ikeda : Art Director, Takae Iijima : Color Design, Fuminori Hara : Producer, Taro Morishima : Producer, Cort Lane : Producer"
30-sai no Hoken Taiiku,,TV   ,12.0,Gathering,Spring,"Comedy, Ecchi, Gods, Non-Human Protagonists, Salaryman, Supernatural, Based on a Light Novel, Sexual Content",3.17,2011.0,,"Hayao Imagawa, a 30-year-old salaryman, is visited by Daigorou, a god sent from heaven to help him get rid of his virginity.",Sexual Content,"30-sai no Hoken Taiiku (Light Novel), 30-sai no Hoken Taiiku, 30-sai no Hoken Taiiku: Koi no Step Up Hen, 30-sai no Hoken Taiiku: Love Flag Hen",30-sai no Hoken Taiiku Specials,"Daigorou : Ryotaro Okiayu, Hayao Imagawa : Hiro Shimono, Natsu Andou : Kaori Nazuka, Ku-Chan : Eri Kitamura, Macaron : Yui Watanabe, Pi-Chan : Eri Kitamura, Chimi : Rei Matsuzaki, Hiroshi Hoshi : Yasumichi Kushida, Mankyuu
Director, Sao Tamado
Character Design, Yuuka Sakurai
Producer, Yoshihiro Furusawa
Producer, Poeyama
Key Animator","Mankyuu : Director, Sao Tamado : Character Design, Yuuka Sakurai : Producer, Yoshihiro Furusawa : Producer, Poeyama : Key Animator"
Toto: Windy,,Music,,,,Abstract,3.17,2011.0,,No synopsis yet - check back soon!,,,,"Takaharu Shimizu
Director, Tatsuya Yamada
Music, Toto
Music, Seiichi Hishikawa
Producer","Takaharu Shimizu : Director, Tatsuya Yamada : Music, Toto : Music, Seiichi Hishikawa : Producer"
Al Dente Tango,,Movie,,,,"Comedy, Abstract, Shorts",3.17,2011.0,,No synopsis yet - check back soon!,,,,"Maho Yoshida
Director, Yukiko Yoden
Music, Koji Yamamura
Producer","Maho Yoshida : Director, Yukiko Yoden : Music, Koji Yamamura : Producer"
DECO*27: Renkyori Enai,"Alt titles: Love Distance Long Affair, Renkyori Enai",Music,,,,,3.16,2011.0,,No synopsis yet - check back soon!,,,,"Boy, Girl, Deco*27
Producer",Deco*27 : Producer
Usagi to Kame (2011),,Music,,,,"Animal Protagonists, Family Friendly, Non-Human Protagonists, Rabbits, Racing",3.16,2011.0,,No synopsis yet - check back soon!,,,,,
Hadashi Neko,,TV Sp,,,,"Comedy, Animal Protagonists, Cats, No Dialogue, Non-Human Protagonists, Shorts, Original Work",3.16,2011.0,,Touch da fishy.,,,,Cat,
Umeboshi Jinsei,,Music,,,,"Minna no Uta, Stop Motion Animation",3.16,2011.0,,No synopsis yet - check back soon!,,,,,
DECO*27: Light Lag,,Music,,,,Romance,3.15,2011.0,,No synopsis yet - check back soon!,,,,"Boy, Girl, Deco*27
Producer",Deco*27 : Producer
Croisee in a Foreign Labyrinth: Yune & Alice, Ikoku Meiro no Croisee: Yune & Alice,DVD S,,SATELIGHT,,"Shounen, 19th Century, Historical, Based on a Manga",3.15,2011.0,2012.0,No synopsis yet - check back soon!,,"Ikoku Meiro no Croisée, Ikoku Meiro no Alice-chan","Croisee in a Foreign Labyrinth, Croisee in a Foreign Labyrinth: Concert, Croisee in a Foreign Labyrinth Picture Drama","Alice Blanche : Aoi Yuuki, Yune : Nao Touyama, Claude Claudel : Takashi Kondou, Oscar Claudel : Hideyuki Tanaka",
Pinocchio-P: Floating Shelter,,Music,,,,Vocaloid,3.15,2011.0,,No synopsis yet - check back soon!,,,,"Miku Hatsune, Pinocchio-P
Producer",Pinocchio-P : Producer
Chibi Devi!,,TV   ,75.0,Synergy SP,Fall ,"Comedy, Shoujo, Slice of Life, Childcare, Demons, Short Episodes, Supernatural, Based on a Manga",3.15,2011.0,2014.0,"Honoka Sawada is a lonely fourteen year-old girl who has no friends at school and spends her nights alone - that is, until one day she wakes up to find a fire-breathing baby named Mao in her bed! After meeting the mysterious principal of the Chibi Devil nursery, Honoka learns that Mao is in fact a demon baby, and she is now his surrogate mother. With only her anime-obsessed childhood friend Kyou and his hot-headed pal Shin to rely on, Honoka decides she can’t possibly look after a child and asks the principal to find a replacement parent. Now, until a substitue can be found, Honoka will have to spend the next month looking after Mao, but will she be able to cope?",,Chibi Devi!,,"Honoka Sawada : Yuka Iguchi, Mao : Noriko Shitaya, Shin Sugisaki :  Hiroyuki Yoshino, Itou : Ayumi Fujimura, Karin : Ryou Hirohashi, Natsuki Takayama : Rie Yamaguchi, Principal : Souichirou Hoshi, Rai : Mikako Takahashi, Hiromu Shinozuka
Original Creator, Maki Kamitani
Director, Kotaro Nakagawa
Music, Shouko Hagiwara
Character Design, Akiko Fujita
Sound Director, Tomoya Negishi
Producer, Takeyuki Suzuki
Producer, Masahiro Saitou
Producer","Hiromu Shinozuka : Original Creator, Maki Kamitani : Director, Kotaro Nakagawa : Music, Shouko Hagiwara : Character Design, Akiko Fujita : Sound Director, Tomoya Negishi : Producer, Takeyuki Suzuki : Producer, Masahiro Saitou : Producer"
Omoi Au Christmas 2011,,Other,,,,"Animal Protagonists, Birds, Christmas, Commercials, Non-Human Protagonists, Promotional, Short Episodes",3.14,2011.0,,No synopsis yet - check back soon!,,,,"Daisuke Hashimoto
Director",Daisuke Hashimoto : Director
Nem: virgin suicides,,Music,,,,Vocaloid,3.14,2011.0,,No synopsis yet - check back soon!,,,,"Nem
Producer",Nem : Producer
"LaLaLa, BROTHERS",,Movie,,,,"Abstract, Shorts",3.14,2011.0,,No synopsis yet - check back soon!,,,,"Ryoji Yamada
Director, Makoto Takahashi
Music","Ryoji Yamada : Director, Makoto Takahashi : Music"
Softenni,,TV   ,12.0,XEBEC,Spring,"Comedy, Ecchi, Shounen, Sports, Panty Shots, Tennis, Based on a Manga, Nudity",3.14,2011.0,,"Asuna Harukaze is a girl who loves tennis to the point where she practices her swings with a pitchfork while working on the family farm. At school she is a member of the Soft Tennis Club along with the enthusiastic Kotone, food-crazy Chitose and bizarre yet talented Kurusu. With a big tournament approaching, the girls are taking practice more seriously than ever, but with Asuna’s strange and perverted logic surfacing at every turn and Chitose’s inability to win a single match, can the club emerge triumphant and make it to the nationals?",Nudity,Softenni,Softenni Specials,"Asuna Harukaze : Kanae Itou, Chitose Akiyama : Shizuka Itou, Elizabeth Warren :  Sayuri Yahagi, Kotone Sawamatsu : Eri Kitamura, Kurusu Fuyukawa : Satomi Akesaka, Mishi : Shinobu Matsumoto, Leo Tenchi : Miyuki Sawashiro, Misaki Shidou : Minako Kotobuki, Ryou Azuchi
Original Creator, Ryouki Kamitsubo
Director & Ed Director & Episode Director & Series Composition & Storyboard, Akito Matsuda
Music, Yuuichi Oka
Character Design, Yoshikazu Iwanami
Sound Director, Ryousuke Naya
Producer, Jun Fukuda
Producer, Nobuhiro Nakayama
Producer","Ryou Azuchi : Original Creator, Ryouki Kamitsubo : Director & Ed Director & Episode Director & Series Composition & Storyboard, Akito Matsuda : Music, Yuuichi Oka : Character Design, Yoshikazu Iwanami : Sound Director, Ryousuke Naya : Producer, Jun Fukuda : Producer, Nobuhiro Nakayama : Producer"
TOTO Green Challenge,,Web  ,1.0,,,"Commercials, Educational, Environmental, Promotional, Shorts",3.14,2011.0,,No synopsis yet - check back soon!,,,,,
Holiday,,Movie,,,,"Shorts, Nudity",3.13,2011.0,,No synopsis yet - check back soon!,Nudity,,,"Ryo Hirano
Director",Ryo Hirano : Director
Siraoka: Heya,,Music,,,,Abstract,3.13,2011.0,,No synopsis yet - check back soon!,,,,"Miyo Sato
Director, Siraoka
Music","Miyo Sato : Director, Siraoka : Music"
Kerakera, Minna no Uta: Kerakera,Music,,,,"Animal Protagonists, Family Friendly, Minna no Uta, Non-Human Protagonists",3.13,2011.0,,No synopsis yet - check back soon!,,,,,
Queen's Blade OVA,,OVA  ,2.0,ARMS,,"Action, Ecchi, Fantasy, Borderline H, Explicit Sex",3.13,2011.0,2012.0,No synopsis yet - check back soon!,Explicit Sex,"Queen's Blade: Hide & Seek, Queen's Blade Anthology Comics, Queen's Blade: Sword of the Unicorn (Light Novel), Queen's Blade: Rurou no Senshi, Queen's Blade Rebellion: Kedakaki Chikai (Light Novel), Queen's Blade Rebellion: Zero, Queen's Blade Rebellion: Aoarashi no Hime Kishi, Queen's Blade Unlimited (Light Novel)","Queen's Blade: The Exiled Virgin, Queen's Blade: The Exiled Virgin Specials, Queen's Blade 2: The Evil Eye, Queen's Blade 2: The Evil Eye Specials, Queen's Blade: Beautiful Warriors, Queen's Blade OVA Specials, Queen's Blade: Rebellion, Queen's Blade: Rebellion Specials, Queen's Blade: Vanquished Queens, Queen's Blade: Vanquished Queens Specials, Queen's Blade: Grimoire, Queen's Blade: Unlimited","Annelotte :  Aya Endou, Sigui : Yuri Kobayashi, Alleyne : Eri Kitamura, Ymir, Claudette Vance, Elina Vance, Nowa, Shigenori Kageyama
Director & Storyboard, Masaru Yokoyama
Music, Rin-Sin
Character Design, Masaaki Yokota
Producer, Masanobu Kawahara
Producer, Kan Fukumoto
Episode Director","Shigenori Kageyama : Director & Storyboard, Masaru Yokoyama : Music, Rin-Sin : Character Design, Masaaki Yokota : Producer, Masanobu Kawahara : Producer, Kan Fukumoto : Episode Director"
Softenni Specials,,DVD S,,XEBEC,,"Comedy, Ecchi, Shounen, Based on a Manga, Nudity",3.13,2011.0,,"Following recent events, the girls of the Soft Tennis Club are kicking back and relaxing in the school's secret underground hot spring. Amongst the steam and soaking, the girls soon start to reminisce about their pasts - from Asuna's relationship with her family cow Hanako, to what it was like for Kotone growing up in a Dojo, to debating how big Chitose's breasts were the previous year...",Nudity,Softenni,Softenni,"Asuna Harukaze : Kanae Itou, Chitose Akiyama : Shizuka Itou, Elizabeth Warren : Sayuri Yahagi, Kotone Sawamatsu : Eri Kitamura, Kurusu Fuyukawa : Satomi Akesaka, Yayoi Hiragishi :  Haruka Tomatsu, Ryou Azuchi
Original Creator",Ryou Azuchi : Original Creator
"Last Exile: Fam, the Silver Wing Recaps", Last Exile: Ginyoku no Fam Recaps,TV Sp,,GONZO,,Recap,3.13,2011.0,2012.0,No synopsis yet - check back soon!,,"Last Exile - Sunadokei no Tabibito, Last Exile: Ginyoku no Fam","Last Exile, Last Exile: Fam, the Silver Wing, Last Exile: Fam, the Silver Wing Movie - Over the Wishes","Fam Fan Fan, Giselle Collette, Millia Il Velch Cutrettola Turan, Atamora Collette, Dio Eraclea, Liliana Il Grazioso Merlo Turan, Luscinia Hafez, Tatiana Wisla",
Baby Princess 3D Paradise 0 [Love],,OVA  ,1.0,Studio Comet,,"Comedy, Ecchi, Harem, Based on a Light Novel",3.13,2011.0,,"A high school senior named Yotaro thought he was an only child — until he met his real mother and discovered that she has 19 daughters, from 0 to 18 years old. He ends up living with his ""true family.""",,"Baby Princess (Light Novel), Baby Princess",,"Hikaru : Haruka Tomatsu, Tsurara : Saki Fujita, Youtarou : Yuuki Kaji, Asahi : Asuka Oogame, Fubuki : Minori Chihara, Haruka : Yuuko Gotou, Hotaru : Aya Uchida, Kosame : Yuka Iguchi, Takayuki Inagaki
Director, Akiyo Toda
Music, Yumiko Hara
Character Design, Hisato Usui
Producer, Yousuke Wada
Producer, Shigeru Saitou
Producer, Kentarou Kuramoto
Producer, Kiyoshi Takano
Producer","Takayuki Inagaki : Director, Akiyo Toda : Music, Yumiko Hara : Character Design, Hisato Usui : Producer, Yousuke Wada : Producer, Shigeru Saitou : Producer, Kentarou Kuramoto : Producer, Kiyoshi Takano : Producer"
Yanoya,,Web  ,1.0,,,"Dancing, No Dialogue, Shorts",3.13,2011.0,,No synopsis yet - check back soon!,,,,"Shishi Yamazaki
Director",Shishi Yamazaki : Director
Her Ghost Friend: Houkago no Thesaurus (Saigo no Shudan),,Music,,Saigo no Shudan,,Abstract,3.12,2011.0,,"The official music video directed by Saigo no Shudan for Houkago no Thesaurus, by Her Ghost Friend.",,,Her Ghost Friend: Houkago no Thesaurus,"Her Ghost Friend
Song Performance",Her Ghost Friend : Song Performance
The Everyday Tales of a Cat God, Nekogami Yaoyorozu,TV   ,12.0,AIC PLUS+,Summer,"Comedy, Fantasy, Seinen, Slice of Life, Animal Characteristics, Cats, Gods, Japanese Mythology, Non-Human Protagonists, Based on a Manga",3.12,2011.0,,"Meet Mayu. She's a cat god, but because she couldn't stop getting in trouble, she's been cast down from the heavens and is now doomed to suffer on Earth! Oh, no! But then, one day, she is taken in by the earnest and kind Yuzu, who owns an antiques shop called Antiques Unlimited. As Yuzu is quick to learn, Mayu's laziness knows no bounds. She'd rather play video games than turn over a new leaf. The everyday tales of this cat god and her harrowing adventures to the candy shop, a landfill, and a beach resort show Mayu and her friends that sometimes, the simplest things in life are the best. There is also Gonta, who is obsessed with Yuzu, but Mayu wanted his role in this summary to be minimal. So there you have it.",,Nekogami Yaoyorozu,"The Everyday Tales of a Cat God Specials, The Everyday Tales of a Cat God: Ohanami Ghostbusters","Mayu : Haruka Tomatsu, Yuzu Komiya : Yui Horie, Gonta : Yuuko Sanpei, Meiko : Ayana Taketatsu, Sasana Shousouin : Ai Kayano, Shamo : Aki Toyosaki, Yoshino : Mako, Akane Shinozaki : Maho Tomita, Flipflops
Original Creator, Hiroaki Sakurai
Director, Touko Machida
Screenplay & Series Composition, Atsuko Watanabe
Character Design, Hajime Maruyama
Producer, Yuuka Sakurai
Producer, Asuka Yamazaki
Producer, Takema Okamura
Producer","Flipflops : Original Creator, Hiroaki Sakurai : Director, Touko Machida : Screenplay & Series Composition, Atsuko Watanabe : Character Design, Hajime Maruyama : Producer, Yuuka Sakurai : Producer, Asuka Yamazaki : Producer, Takema Okamura : Producer"
Angus & Cheryl, Vicky & Johnny,TV   ,104.0,,,"Comedy, Korean Animation, Short Episodes, CG Animation",3.12,2011.0,,It's girls vs. boys as Angus and Cheryl attempt to get along while living in a shared house.,,,,"Johnny, Vicky",
kamitani: Tonari no Tonari,,Music,,,,No Dialogue,3.12,2011.0,,No synopsis yet - check back soon!,,,,"Kamitani
Music",Kamitani : Music
Sushi,,Movie,,,,"Food and Beverage, Shorts",3.11,2011.0,,No synopsis yet - check back soon!,,,,"Yoriko Mizushiri
Director",Yoriko Mizushiri : Director
Bakugan Battle Brawlers: Mechtanium Surge,,TV   ,46.0,TMS Entertainment,Winter,"Card Battles, Family Friendly, Proxy Battles",3.11,2011.0,2012.0,"Drago is unable to control the powers he has received from Code Eve, so Dan and Drago contemplate retirement. Meanwhile a new and insidious enemy infiltrates Bakugan Interspace shaking the Battle Brawlers and their fans. The Battle Brawlers must find a way to control Code Eve's powers, with the help of some new allies, or else this new threat could threaten all Bakugan everywhere.",,,"Bakugan Battle Brawlers, Bakugan Battle Brawlers: New Vestroia, Bakugan Battle Brawlers: Gundalian Invaders","Dan Kuso : Scott Mccord, Drago : Jason Deline, Gunz Lazar : Graeme Cornies, Marucho Marukura : Joanne Vannicola, Paige : Annick Obonsawin, Shun Kazami : Zachary Bennett, Julie Makimoto : Katie Griffin, Runo Misaki : Julie Lemieux",
Tales of Gekijou,,Other,,Sunrise,,"Comedy, Chibi, Short Episodes",3.11,2011.0,2012.0,No synopsis yet - check back soon!,,,,"Asbel Lhant, Cheria Barnes, Guy Cecil, Leon Magnus, Luke Fon Fabre, Reid Hershel, Yuri Lowell, Zelos Wilder : Masaya Onosaka, Shigemi Ikeda
Art Director, Hiroyuki Satou
Producer","Shigemi Ikeda : Art Director, Hiroyuki Satou : Producer"
Tottoko Hamtaro Dechu,,TV   ,52.0,TMS Entertainment,,"Animal Protagonists, Family Friendly, Hamsters, Non-Human Protagonists",3.11,2011.0,2012.0,No synopsis yet - check back soon!,,The Adventures of Hamtaro,"Hamtaro, Hamtaro Movie 1: Ham Ham Land no Daibouken, Hamtaro OVA 1: Hamtaro's Birthday! 3000 Hammy Steps in Search of Mommy, Hamtaro Movie 2: Ham Ham Ham~Jya! Maboroshi no Princess, Hamtaro Movie 3: Ham Ham Gran Prix Aurora Tani no Kiseki: Ribbon-chan Kiki Ippatsu, Hamtaro OVA 2: Ham-Hams Ahoy!, Hamtaro Movie 4: Hamtaro to Fushigi no Oni no Emon Tou, Hamtaro OVA 3: Rainbow Rescue, Hamtaro OVA 4: Ham-Ham Games, Tottoko Hamtaro (2012)","Bijou : Kazusa Murai, Hamtaro : Kurumi Mamiya, Oxnard : Rikako Aikawa, Boss : Kentarou Itou, Dexter, Jingle : Yuu Asakawa, Maxwell : Takako Honda, Pashmina : Rei Sakuma, Ritsuko Kawai
Original Creator",Ritsuko Kawai : Original Creator
Nura: Rise of the Youkai Clan - Demon Capital Recaps,"Alt titles: Nurarihyon no Mago: Sennen Makyou Recaps, Nura: Rise of the Youkai Clan: Demon Capital Recaps",TV Sp,,Studio DEEN,,"Recap, Youkai",3.11,2011.0,,No synopsis yet - check back soon!,,"Nura: Rise of the Yokai Clan (Pilot), Nura: Rise of the Yokai Clan, Nura: Rise of the Yokai Clan (Light Novel)","Nura: Rise of the Youkai Clan, Nura: Rise of the Youkai Clan Recaps, Nura: Rise of the Youkai Clan - Jump Super Anime Tour Special, Nura: Rise of the Youkai Clan - Demon Capital, Nura: Rise of the Youkai Clan OVA","Rikuo Nura : Jun Fukuyama, Yura Keikain : Ai Maeda, Hagoromo-Gitsune : Mamiko Noto, Hidemoto Keikain : Hikaru Midorikawa, Nurarihyon : Kouji Yusa, Ryuuji Keikain : Katsuyuki Konishi, Akagappa, Akifusa Keikain : Showtaro Morikubo",
Pinocchio-P: Monster Universe, Pinocchio-P: Bakemono Uchuu,Music,,,,Vocaloid,3.11,2011.0,,No synopsis yet - check back soon!,,,,"Miku Hatsune, Pinocchio-P
Producer",Pinocchio-P : Producer
2NE1: Hate You,,Music,,,,"Action, Korean Animation",3.11,2011.0,,"The official music video for Hate You from the album 2NE1 2nd Mini Album, by 2NE1.",,,,"Bom Park, Cl, Minzy, Sandara Park, 2Ne1
Music",2Ne1 : Music
A Dark Rabbit Has Seven Lives Picture Drama, Itsuka Tenma no Kuro Usagi Picture Drama,DVD S,,Zexcs,,"Picture Drama, Based on a Light Novel",3.11,2011.0,2012.0,No synopsis yet - check back soon!,,"A Dark Rabbit Has Seven Lives (Light Novel), A Dark Rabbit Has Seven Lives, A Dark Rabbit Has Seven Lives: Kurenai Gekkou no Seitokaishitsu","A Dark Rabbit Has Seven Lives, A Dark Rabbit Has Seven Lives OVA","Gekkou Kurenai : Yuuichi Nakamura, Himea Saito : Megumi Takamoto, Mirai Andou : Iori Nomizu, Taito Kurogane : Shinnosuke Tachibana, Haruka Shigure : Mina, Hinata Kurenai : Jun Fukuyama, Izumi Aomi : Chika Horikawa, Yuika Kurogane : Natsumi Takamori",
Babyshiba,,Other,,,,"Family Friendly, Short Episodes",3.11,2011.0,,No synopsis yet - check back soon!,,,"Mameshiba, Babyshiba: Fruits Debut CM",Edamame,
Baka Mukashibanashi: Momotaro no Heya,,OVA  ,1.0,,,"Adventure, Japanese Mythology",3.11,2011.0,,No synopsis yet - check back soon!,,,,,
Daisy x Daisy: Bouei Honou,,Music,,,,,3.11,2011.0,,No synopsis yet - check back soon!,,,,"Daisy X Daisy
Music",Daisy X Daisy : Music
Muybridge's Strings,,Movie,,,,Shorts,3.1,2011.0,,No synopsis yet - check back soon!,,,,"Eadweard Muybridge, Koji Yamamura
Director",Koji Yamamura : Director
Fleeting Dream, Tamayura no Yume,Movie,,,,"Drama, No Dialogue, Pregnancy, Shorts",3.1,2011.0,,"A girl informed by her doctor that she is pregnant. Surprised by the unexpected announcement, she falls into an anguish. She floats between hallucinations and delusions. The fleeting dream is a despairing dream.",,,,"Mayuko Yamakita
Director, Miki Sakurai
Music, Yuichi Ito
Producer","Mayuko Yamakita : Director, Miki Sakurai : Music, Yuichi Ito : Producer"
Golden Kids,,Web  ,2.0,,,"Shounen, Sports, Soccer",3.1,2011.0,,"The Koganedai Downtown FC Golden Kids haven't won a single game since they formed. The captain and goal keeper, Goal Kitagawa is determined to win a game with the current members before he moves away next month. However, even after all the determination to win the next game they lose terribly, extending their losing streak to 22 games. Even the adults in the community who support the team begin to get fed up with all the losses. At school, the constantly losing Golden Kids members start to get picked on and bullied, and the adults worry that the bullying will only get worse. When the team members become depressed and lose their will to play, they see Goal practicing outside, silently and as hard as he can. Once again, the Golden Kids start to practice intensely to get that one win. The next game for the Golden Kids will be against the second best team in the Jonan League, the Wild Tigers. Will the Golden Kids finally get their first win ever? What will the adults decide to do with the team?",,,,"Takayuki Hamana
Director, Seikou Nagaoka
Music, Jouji Sawada
Character Design, Toshiaki Morita
Producer","Takayuki Hamana : Director, Seikou Nagaoka : Music, Jouji Sawada : Character Design, Toshiaki Morita : Producer"
Nem: Hoshi wo Wataru Tori,,Music,,,,Vocaloid,3.1,2011.0,,No synopsis yet - check back soon!,,,,"Len Kagamine, Nem
Producer",Nem : Producer
Jealkb: makemagic,,Music,,,,"Fantasy, Person in a Strange World, Stop Motion Animation",3.1,2011.0,,No synopsis yet - check back soon!,,,,"Jealkb
Music",Jealkb : Music
Kamiusagi Rope 3,,Other,,,,"Comedy, Slice of Life, Animal Protagonists, Anthropomorphic, Non-Human Protagonists, Short Episodes",3.1,2011.0,2012.0,No synopsis yet - check back soon!,,,"Kamiusagi Rope, Kamiusagi Rope 2, Kamiusagi Rope Movie Episode 0, Felix x Kamiusagi Rope, Kamiusagi Rope x Boruto: Naruto Next Generations, Elleair x Kamiusagi Rope, Nagano Toshi Gas x Kamiusagi Rope","Akira, Rope",
Because I Don`t Like My Big Brother at All! Special," Onii-chan no Koto Nanka Zenzen Suki Janain Dakara ne!! Imouto Yori Ai o Komete Ani no ""Sei Tai Kansatsuki""",DVD S,,Zexcs,,"Ecchi, Incest,, Mature Themes",3.1,2011.0,,No synopsis yet - check back soon!,"Incest,, Mature Themes","I Don't Like You At All, Big Brother!!",Because I Don't Like My Big Brother at All!,"Nao Takanashi : Eri Kitamura, Shuusuke Takanashi : Toshiyuki Toyonaga, Iroha Tsuchiura : Marina Inoue, Keiichirou Kishikawa : Shinnosuke Tachibana, Mayuka Kondou : Kazusa Aranami, Daigo Kurosaki : Mitsuhiro Ichiki, Nanaka Takanashi : Sayaka Oohara, Takumi Yamashiro : Kenta Matsumoto",
PSG: Nerenai!!!, PSG: 寝れない!!!,Music,,,,Abstract,3.1,2011.0,,No synopsis yet - check back soon!,,,,"Ryu Okubo
Director, Psg
Music","Ryu Okubo : Director, Psg : Music"
Utatane,,Other,,,,Shorts,3.09,2011.0,,No synopsis yet - check back soon!,,,,"Nana Anzai
Director",Nana Anzai : Director
Rootless Heart,,Movie,,,,"Horror, No Dialogue, Shorts, Stop Motion Animation, Supernatural",3.09,2011.0,,Two high-school students are playing in the ruins. They hear something from the darkness and one of them goes deep into a dark room where something suspicious is hiding and both of them were taken their hearts out. Later a boy and his sister drop by the ruins...,,,,,
Happy Kappy Recap,,TV Sp,,Shogakukan Music & Digital Entertainment,,"Family Friendly, Recap",3.09,2011.0,,No synopsis yet - check back soon!,,,Happy Kappy,,
Yurumates wa?,,OVA  ,1.0,indeprox,,"Comedy, Seinen, Slice of Life, Boarding House, Chibi, Neighbors, Based on a 4-Koma Manga, Based on a Manga",3.09,2011.0,,Sae is unexpectedly visited by her younger sister who starts living with her. The little one notices that Sae is not the only one who lives a slothful life.,,Yurumates,"Yurumates, Yurumates (2012), Yurumates 3D, Yurumates 3D Plus","Yurume Aida, Kumi Tanaka : Miyu Matsuki, Matsukichi, Sae Kawano, Sae'S Sister, Saxyun
Original Creator, Kentarou Hattori
Producer","Saxyun : Original Creator, Kentarou Hattori : Producer"
Un-Go: Inga Nikki,,Web  ,10.0,Bones,Fall ,"Comedy, Chibi, Short Episodes",3.09,2011.0,,No synopsis yet - check back soon!,,Un-Go: Inga-ron,"Un-Go, Un-Go: Chapter of Inga","Inga, Shinjurou Yuuki, Bettenou, Kazamori",
"PLUG, THe NeW WORLD",,Web  ,1.0,Dwarf,,"Fantasy, Promotional, Shorts, Stop Motion Animation",3.09,2011.0,,No synopsis yet - check back soon!,,,,"Enel, Plug, Praffeko, Taiyo-Sun, Doc, Liiom, Praffe, Runner",
Honto ni Atta! Reibai-sensei,,TV   ,22.0,DLE,Spring,"Comedy, Shounen, Slice of Life, Exorcists, School Life, Short Episodes, Supernatural, Based on a Manga, Flash Animation",3.09,2011.0,,"The story revolves around Kibayashi-sensei, a teacher of the occult whose hobby is speaking with the dead and whose special talent is exorcism. Kibayashi-sensei knows everything about the other world, but nothing about our own world.",,Honto ni Atta! Reibai-Sensei,,"Juri Kibayashi : Kaoru Mizuhara, Akiko Yoshii : Miyu Matsuki, Alien Captain : Nozomi Sasaki, Black Cat : Kaoru Mizuhara, Nagara : Miyu Matsuki, Sagan Samaniel : Ikumi Hayama, Saitou : Shinya Takahashi, Tonto Scholace : Ayano Yamamoto, Hidekichi Matsumoto
Original Creator, Azuma Tani
Director","Hidekichi Matsumoto : Original Creator, Azuma Tani : Director"
gdgd Fairies,,TV   ,12.0,Bouncy,Fall ,"Comedy, Fantasy, Magic, CG Animation, Original Work",3.09,2011.0,,"Pkpk, Krkr and ShrShr are three fairies who love to spend time together in the Fairy Forest. Each day they sit around a tree stump, sipping tea and debating how to beat insomnia, the origin of rumors and other oddities, taking occasional breaks to peer in on other unique, bizarre worlds through a magical spring. And when boredom gets the best of them, there are always fun adventures to be had such as bungee jumping from space and even playing a game to see how many old men they can jump over!",,,"gdgd Fairies 2, gdgd Fairies the Movie: tte Iu Eiga wa Dou kana...?, gdgd men's party","Krkr : Satomi Akesaka, Pkpk : Suzuko Mimori, Shrshr : Kaoru Mizuhara, Fusako Mochida : Satomi Akesaka, Morishita-San, Kotaro Ishidate
Director, Junichi Inoue
Music, Souta Sugahara
Character Design","Kotaro Ishidate : Director, Junichi Inoue : Music, Souta Sugahara : Character Design"
Peek-a-boo, Inaiinaibaaba,Movie,,,,"Slice of Life, Shorts, Original Work",3.08,2011.0,,"The old granny playing peek-a-boo is gone. Instead, a stranger appears and draws closer to the child. Peek-a-boo involves exercising memory, and looking directly at your partner.",,,,"Keiko Shiraishi
Director, Kazuki Komai
Music, Yuichi Ito
Producer","Keiko Shiraishi : Director, Kazuki Komai : Music, Yuichi Ito : Producer"
rerulili: JOYRIDE,,Music,,,,Vocaloid,3.08,2011.0,,No synopsis yet - check back soon!,,,,"Rerulili
Producer",Rerulili : Producer
Tiger & Bunny Pilot,,DVD S,,Sunrise,,"Sci Fi, Original Work",3.08,2011.0,,No synopsis yet - check back soon!,,"Tiger & Bunny, Tiger & Bunny Comic Anthology, Tiger & Bunny - The Comic, Tiger & Bunny (Mizuki SAKAKIBARA), Tiger & Bunny: The Beginning",,"Barnaby Brooks Jr., Kotetsu T. Kaburagi, Blue Rose",
Pokemon: Pikachu's Summer Bridge Story, Pokemon: Pikachu no Summer Bridge Story,Other,,OLM,,"Fantasy, Family Friendly, Shorts, Based on a Video Game",3.08,2011.0,,"Ash's Pikachu and friends visit a town with a huge drawbridge, but problems arise when they come across Mijumaru and Pokabu, who have eaten the fruits that wild Gothimu and Darumakka had collected. They head off to collect fruits from the forest across the bridge, but then Meowth appears and tries to steal the fruits. On top of that, the bridge is raised, blocking their passage. What will Pikachu do? The fight for the fruits begins!!",,"Pokémon Adventures, Pokemon the Movie XY&Z: Volcanion to Karakuri no Magiana, Pokemon Horizon: Sun & Moon, Pokémon the Movie: I Choose You!","Pokemon: Pichu Bros. in Party Panic, Pokemon: Pikachu's Summer Festival, Pokemon: Pikachu's Ghost Carnival, Pokemon: Pikachu's Island Adventure, Pokemon: Pikachu Tanken Club, Pokemon: Pikachu's Great Ice Adventure, Pokemon: Pikachu's Great Sparking Search, Pokemon: Pikachu's Big Mysterious Adventure","Ash'S Pikachu : Ikue Ootani, Team Rocket’S Meowth : Inuko Inuyama, Ash'S Oshawott : Misato Fukuen, Ash'S Snivy, Ash'S Tepig : Wasabi Mizuta, Cilan'S Pansage : Chika Fujimura, Iris' Axew, James' Yamask, Kunihiko Yuyama
Director, Shinji Miyazaki
Music, Akifumi Tada
Music, Hirokazu Tanaka
Music, Junya Okamoto
Producer, Chouji Yoshikawa
Producer, Yukio Kawasaki
Producer, Takemoto Mori
Producer","Kunihiko Yuyama : Director, Shinji Miyazaki : Music, Akifumi Tada : Music, Hirokazu Tanaka : Music, Junya Okamoto : Producer, Chouji Yoshikawa : Producer, Yukio Kawasaki : Producer, Takemoto Mori : Producer"
Nyanpire The Animation,,TV   ,12.0,GONZO,Summer,"Comedy, Animal Protagonists, Cats, Non-Human Protagonists, Short Episodes, Vampires, Based on a Doujinshi, Flash Animation",3.08,2011.0,,"Tiny, abandoned Nyanpire would have died when he was the kitten if not for the help of a kind stranger… a stranger that happened to be a blood-sucking vampire! Bringing the feline back to life with a few drops of his blood, the man then vanished, leaving Nyanpire to fend for himself. Now, the whimsical kitty lives with Misaki as her housecat, and spends every moment of the day figuring out a new way to find or beg for blood, even if it means turning to a friend such as the samurai Masamunya or angel Nyantenshi!",,,,"Nyanpire : Ami Koshimizu, Chachamaru : Yuuko Gotou, Masumunya : Noriaki Sugiyama, Misaki : Shion Hirota, Nyantenshi : Jun Fukuyama, Katsuo, Komori, Mouri, Takahiro Yoshimatsu
Director & Character Design",Takahiro Yoshimatsu : Director & Character Design
Tick Tack,,Movie,,,,"Drama, Shorts, Stop Motion Animation",3.08,2011.0,,"A boy who thinks he's hated by his dad. He believed that his Grandpa was his friend, but his extended hand was repelled. The shocked Chinku is heavier, heavier than a giant pencil, and writes a circle with a pencil saying, ""Please go this early.""",,,,"Chinku : Chiaki Shibata, Chinku'S Father, Chinku'S Grandfather : Koga Yasutake",
47 Todoufuken,,Other,,Pollyanna Graphics,,"Animal Protagonists, Family Friendly, Non-Human Protagonists, Short Episodes, Flash Animation",3.08,2011.0,,No synopsis yet - check back soon!,,,"47 Todoufuken Specials, 47 Todoufuken R",Fukuokaken : Yurie Kobori,
Ya-Ne-Sen a Go Go,,Movie,,,,"Slice of Life, Dancing, Shorts",3.08,2011.0,,No synopsis yet - check back soon!,,,,"Shishi Yamazaki
Director",Shishi Yamazaki : Director
Peeping Life: The Perfect Evolution,,OVA  ,10.0,CoMix Wave Films,,Short Episodes,3.07,2011.0,,No synopsis yet - check back soon!,,,"Peeping Life, Peeping Life Specials, Peeping Life: The Perfect Emotion, Peeping Life: The Perfect Emotion Specials, Peeping Life: The Perfect Evolution Specials, Peeping Life: The Perfect Extension, Peeping Life: The Perfect Explosion, Peeping Life: World History, Peeping Life: YouTuber-kun, Peeping Life: This is Fate!, Peeping Life: This is Fate! 2, Peeping Life x Beppu City Collaboration, Peeping Life: Shinkon-chan Kansai ni Irasshai, Peeping Life TV: Season 1??","Ryouichi Mori
Director, Detune.
Music","Ryouichi Mori : Director, Detune. : Music"
Nanana's Buried Treasure PV, Ryuugajou Nanana no Maizoukin PV,Web  ,1.0,A-1 Pictures,,"Ghosts, Promotional, Shorts, Supernatural, Based on a Light Novel",3.07,2011.0,,No synopsis yet - check back soon!,,"Ikkyuu Tensai no Kiwamete Fuhoni na Meisuiri (Light Novel), Ryuugajou Nanana no Maizoukin Bangai-hen (Light Novel)","Nanana's Buried Treasure, Nanana's Buried Treasure Specials","Juugo Yama, Nanana Ryuugajou, Daruku Hoshino, Isshin Yuiga, Tensai Ikkyu, Yuu Ibara, Shiki Maboro, Shuu Todomatsu",
Uchiko no Mama to Okaasan, Uchiko's Mom & Mother,Web  ,1.0,,,Shorts,3.07,2011.0,,No synopsis yet - check back soon!,,,,"Rabbit Machine
Director, Purikoko
Music","Rabbit Machine : Director, Purikoko : Music"
Hatsune Miku: Chime, Chime,Music,,Studio DEEN,,Vocaloid,3.07,2011.0,,No synopsis yet - check back soon!,,"Chibi Miku-san, Bad End Night (Light Novel)",,"Miku Hatsune, Hiroshi Nagahama
Director",Hiroshi Nagahama : Director
Because I Don't Like My Big Brother at All!, Onii-chan no Koto Nanka Zenzen Suki Janain Dakara ne!!,TV   ,12.0,Zexcs,Winter,"Comedy, Ecchi, Harem, Seinen, Panty Shots, Siblings, Based on a Manga, Incest,, Mature Themes",3.07,2011.0,,"The story centers around the ""slightly dangerous relationship"" between Shuusuke, a boy who likes risque books and DVDs, and Nao, Shuusuke's younger sister.","Incest,, Mature Themes","I Don't Like You At All, Big Brother!!",Because I Don`t Like My Big Brother at All! Special,"Iroha Tsuchiura : Marina Inoue, Mayuka Kondou : Kazusa Aranami, Nao Takanashi : Eri Kitamura, Shuusuke Takanashi : Toshiyuki Toyonaga, Daigo Kurosaki : Mitsuhiro Ichiki, Keiichirou Kishikawa : Shinnosuke Tachibana, Ran Yatagai : Minori Chihara, Rin Yatagai : Rina Satou, Kouichi Kusano
Original Creator, Keitarou Motonaga
Director, Tomoki Kikuya
Music, Madoka Hirayama
Character Design, Tomoko Kawasaki
Producer, Takahiro Yamanaka
Producer, Jun Fukuta
Episode Director, Yoshio Usuda
Key Animator","Kouichi Kusano : Original Creator, Keitarou Motonaga : Director, Tomoki Kikuya : Music, Madoka Hirayama : Character Design, Tomoko Kawasaki : Producer, Takahiro Yamanaka : Producer, Jun Fukuta : Episode Director, Yoshio Usuda : Key Animator"
Uneasiness and Triangle,,Web  ,1.0,,,"Abstract, No Dialogue, Shorts",3.07,2011.0,,No synopsis yet - check back soon!,,,,"Masanobu Hiraoka
Director",Masanobu Hiraoka : Director
Nissan Serena x One Piece 3D: Mugiwara Chase,,Other,,,,"Fantasy, Shounen, Commercials, Pirates, Promotional, CG Animation",3.07,2011.0,,No synopsis yet - check back soon!,,"One Piece Ace's Story (Light Novel), One Piece episode A",,"Brook, Franky, Monkey D. Luffy, Robin Nico, Sanji, Tony Tony Chopper, Usopp, Zoro Roronoa",
Yu-Gi-Oh! Zexal,,TV   ,73.0,Gallop,Spring,"Sci Fi, Shounen, Card Battles, High Stakes Games, Tournaments, Based on a Manga",3.06,2011.0,2012.0,"Yuma Tsukumo is perhaps the worst Duel Monsters player of all time, but that never stopped him from challenging anyone and anything that could shuffle a deck. When a strange dream leads him to unlock an inter-dimensional gateway, Yuma finds himself connected to a mysterious being named Astral who suffers from amnesia. He wasn't the only thing to come through the gate though, for the powerful Numbers cards have been unleashed into the world, each containing a fragment of Astral's memory. With Astral as his guide, Yuma must defeat those who posses the Numbers and reclaim them in battles where defeat means death for his new partner.",,"Yu-Gi-Oh!, Yu-Gi-Oh! Duelist, Yu-Gi-Oh! Millennium World, Yu-Gi-Oh! R, Yu-Gi-Oh! GX, Yu-Gi-Oh! 5D's, Yu-Gi-Oh! Zexal, Yu-Gi-Oh! Arc-V (Naohito MIYOSHI), Yu-Gi-Oh! Arc-V, Yu-Gi-Oh! Transcend Game","Yu-Gi-Oh! Zexal Special, Yu-Gi-Oh! Zexal II, Yu-Gi-Oh! Zexal II: Midokoro Tenkomori Special, Yu-Gi-Oh! Zexal II: Iza! Saishuu Kessen e!! Special","Astral : Miyu Irino, Yuma Tsukumo : Mika Itou, Akari Tsukumo : Nami Miyahara, Cathy : Yuu Kobayashi, Dr. Faker : Shinji Ogawa, Droite : Yumi Fukamizu, Gauche : Gou Shinomiya, Haruto Tenjou : Yuuko Sanpei, Kazuki Takahashi
Original Creator, Satoshi Kuwabara
Director, Conisch
Music, Hirotoshi Takaya
Character Design, Ryou Sasaki
Producer, Teruaki Sanematsu
Producer, Teruaki Jitsumatsu
Producer, Takuo Suzuki
Episode Director","Kazuki Takahashi : Original Creator, Satoshi Kuwabara : Director, Conisch : Music, Hirotoshi Takaya : Character Design, Ryou Sasaki : Producer, Teruaki Sanematsu : Producer, Teruaki Jitsumatsu : Producer, Takuo Suzuki : Episode Director"
Youkoso Boku desu, Welcome. It's me,Web  ,1.0,,,"Comedy, Shorts",3.06,2011.0,,No synopsis yet - check back soon!,,,,"Manabu Himdeda
Director",Manabu Himdeda : Director
Tenkou Kotofumi,,Web  ,1.0,,,"Shorts, Original Work",3.06,2011.0,,No synopsis yet - check back soon!,,,,"Rapparu
Director",Rapparu : Director
Powapowa-P: Strobe Light, Strobe Light,Music,,,,Vocaloid,3.06,2011.0,,No synopsis yet - check back soon!,,,,"Miku Hatsune, Kenshiro Morii
Director, Powapowa-P
Producer","Kenshiro Morii : Director, Powapowa-P : Producer"
Hatsune Miku: Downloader,,Music,,Studio DEEN,,Vocaloid,3.06,2011.0,,"Miku Hatsune emerges slowly from an egg, and explores her surroundings...",,,,"Miku Hatsune, Hiroshi Nagahama
Director",Hiroshi Nagahama : Director
"Yuru Yuri: Doushite, Tomaranai, Tokimeki, Doki Doki, Paradox, Eternal",,DVD S,,Doga Kobo,,"Comedy, Fantasy, Seinen, Based on a Manga",3.05,2011.0,,"Chinatsu's horrendous atrocious drawings come to life in a tale about a handsome prince, a hideous girl, and true love!",,"Yuru Yuri, Risetto!, Big Sister Mode, Yuru Yuri Comic Anthology, Oomuroke","Yuru Yuri, Yuru Yuri ♪♪, Yuru Yuri Nachu Yachumi!, Yuru Yuri Nachu Yachumi!+, Yuru Yuri San☆Hai!","Chinatsu Yoshikawa : Rumi Ookubo, Yui Funami, Akari Akaza, Ayano Sugiura, Chitose Ikeda, Himawari Furutani, Kyouko Toshinou, Sakurako Ohmuro",
Imamura Store,,Movie,,,,"Drama, Shorts, Stop Motion Animation, Original Work",3.05,2011.0,,"There is an elderly woman who has run a store in a Japanese town for sixty years. She marries into the Imamura Store and cares for the shop by herself, as she lived each day as the present.",,,,"Toshiko, Narrator : Masumi Takino, Aya Tsugehata
Director, Miki Sakurai
Music, Yuichi Ito
Producer","Aya Tsugehata : Director, Miki Sakurai : Music, Yuichi Ito : Producer"
Hachioji-P: Baby Maniacs,,Music,,,,"Vocaloid, CG Animation",3.05,2011.0,,No synopsis yet - check back soon!,,,,"Miku Hatsune, Wakamurap
Director, Hachioji-P
Producer","Wakamurap : Director, Hachioji-P : Producer"
Megumi to Taiyou: Kajuu Gummi Tweet Love Story,,TV Sp,,MADHOUSE,,Promotional,3.05,2011.0,,No synopsis yet - check back soon!,,,"Megumi to Taiyou II: Kajuu Gummi Tweet Mystery - Kieta Sapphire Roman no Nazo, Megumi to Taiyou III: Kajuu Gummi Tweet Fantasy - Timeline World","Megumi, Taiyou, Rintarou
Director, Yuusuke Nakamura
Character Design","Rintarou : Director, Yuusuke Nakamura : Character Design"
Suzy's Zoo Daisuki! Witzy Special,,DVD S,,,,,3.05,2011.0,,No synopsis yet - check back soon!,,,Suzy's Zoo Daisuki! Witzy,"Boof : Ryouko Shiraishi, Ellie Funt : Saori Gotou, Lulla : Ayana Taketatsu, Patches : Mitsuki Saiga, Witzy : Mai Nakahara",
Bonnie,,Movie,,,,"No Dialogue, Shorts, Stop Motion Animation",3.04,2011.0,,"""BONNIE"" is something like the wind, and she was hoping that everything would get blown away.",,,,"Masanori Okamoto
Director, Shogo Isozaki
Music, Mitsuko Okamoto
Producer","Masanori Okamoto : Director, Shogo Isozaki : Music, Mitsuko Okamoto : Producer"
Extreme Escape Adventure: Good People Die,"Alt titles: Kyokugen Dasshutsu Adv: Zennin Shibou Desu Prologue, Zero Escape: Virtue's Last Reward",Web  ,1.0,GONZO,,"Mystery, High Stakes Games, Play or Die, Promotional, Shorts, Thriller, Based on a Visual Novel",3.04,2011.0,,No synopsis yet - check back soon!,,Kyokugen Dasshutsu 9-jikan 9-nin 9 no Tobira: Alterna (Light Novel),,"Sigma Klim : Kohsuke Toriumi, Alice : Atsuko Tanaka, Dio : Yoshimasa Hosoya, Luna : Mamiko Noto, Phi : Chiaki Omigawa, Quark : Rie Kugimiya, Tenmyouji : Rokuro Naya, Zero Iii : Tarako Isono, Shinji Hosoe
Music",Shinji Hosoe : Music
Appleseed XIII,,OVA  ,13.0,N-Design,,"Action, Sci Fi, Seinen, Cyberpunk, Cyborgs, Police, Terrorism, Based on a Manga, CG Animation",3.04,2011.0,2012.0,"After facing massive destruction from a devastating war, the city Olympus has become the last stronghold as the center of command for the world. In order to protect the city from a group of terrorists known as the Argonauts, former LAPD SWAT member, Deunan Knotts, runs special military forces consisting of Biroids (cloned humans) and her cyborg partner Briareos. Knotts must protect the city at all costs but is met with difficulties when Al Ceides, the Argonaut leader thought to be dead, resurfaces and causes problems.",,"Appleseed, Appleseed XIII, Appleseed Alpha","Appleseed, Appleseed Movie, Appleseed: Ex Machina, Appleseed XIII Movie 1: Tartaros, Appleseed XIII Movie 2: Ouranos, Appleseed Alpha","Briareos Hecatonchires : Kouichi Yamadera, Deunan Knute : Maaya Sakamoto, Athena Areios : Sakiko Tamagawa, Commander Lance : Naoya Uchida, Deia Cides : Naomi Shindou, Hitomi : Mikako Takahashi, Liesse : Kanji Suzumori, Magus : Jouji Nakata, Masamune Shirow
Original Creator, Takayuki Hamana
Director & Storyboard, Conisch
Music, Takayuki Gotou
Character Design, Shinichi Ikeda
Producer, Katsuji Morishita
Producer, Eiji Umehara
Screenplay","Masamune Shirow : Original Creator, Takayuki Hamana : Director & Storyboard, Conisch : Music, Takayuki Gotou : Character Design, Shinichi Ikeda : Producer, Katsuji Morishita : Producer, Eiji Umehara : Screenplay"
Larva,,TV   ,104.0,,,"Comedy, Family Friendly, Insects, Korean Animation, Short Episodes, CG Animation",3.04,2011.0,,No synopsis yet - check back soon!,,,"Larva: House, Larva: New York, Larva: Island, Larva: Island 2nd Season, The Larva Island Movie","Red, Yellow, Black, Blue, Brown, Pink, Rainbow, Violet",
Shiroishi no Yousei Pichi,,Web  ,1.0,Asahi Production,,"Fantasy, Promotional",3.04,2011.0,,No synopsis yet - check back soon!,,,,,
Daisy x Daisy: Towa no Kizuna,,Music,,,,,3.04,2011.0,,No synopsis yet - check back soon!,,,,,
Watashi no Mannaka,,Movie,,,,"Fantasy, Abstract, No Dialogue, Shorts",3.03,2011.0,,No synopsis yet - check back soon!,,,,"Shuuhei Nishizawa
Director",Shuuhei Nishizawa : Director
DD Hokuto no Ken,,TV   ,12.0,,,"Comedy, Chibi, Parody, Short Episodes",3.03,2011.0,,"In the 21st century, the characters of Fist of the North Star are living in peaceful Japan. In particular, Kenshirō is a convenience store worker, Raoh works at a factory, and wracked by illness, Toki is looking for work. The legend of the Fighting NEET (Not in Education, Employment, or Training) North Star begins in the modern day.",,"Fist of the North Star, Fist of the Blue Sky, Fist of the North Star Gaiden: Kinyoku no Garuda - Nanto Goshasei Zenshi, Fist of the Blue Sky: Regenesis","Fist of the North Star, Fist of the North Star: The Movie, Fist of the North Star 2, New Fist of the North Star, Hokuto no Ken: Legend of Heroes, Fist of the North Star: Legend of Raoh - Death for Love, Fist of the Blue Sky, Fist of the Blue Sky Specials, Fist of the North Star: Legend of Yuria, Fist of the North Star: Legend of Raoh - Fierce Fight, Fist of the North Star: Legend of Toki, Legends of the Dark King: A Fist of the North Star Story, Fist of the North Star: Legend of Kenshiro, DD Fist of the North Star, Fist of the North Star: Strawberry Flavor, DD Fist of the North Star II","Kenshiro : Kazufumi Koga, Raoh : Taketora, Amiba, Bat : Masaya Takamura, Fudou, Hyui, Jagi, Juuza : Kazufumi Koga, Kajio
Director, Shinya Naito
Music","Kajio : Director, Shinya Naito : Music"
Oscar's Oasis,,TV   ,78.0,,,"Comedy, Animal Protagonists, Desert, Family Friendly, Non-Human Protagonists, Short Episodes, Slapstick, CG Animation",3.03,2011.0,,"Oscar is a lizard living in a non-specific desert that has features from several different real deserts, like the Sahara, Kalahari Desert, and North American deserts. An asphalt concrete highway runs through the area, used from time to time by various cargo trucks. Oscar is generally searching for food or water; he sometimes discovers liquid, in bottles or elsewhere, but is usually frustrated from recovering it for drink. An oasis supplies the only fresh water in the area, but its thick population of irascible and hungry crocodiles renders it inaccessible. At considerable personal risk (lizard is a delicacy for chickens), Oscar occasionally manages to steal an egg from a nearby hen coop, and he sometimes explores one of the piles of trash that litter the parched landscape. Popy, a fennec fox; Buck, a vulture; and Harchi, a hyena, inhabit a derelict school bus situated on a neighboring hill, but they mostly race about on a cast-off warehouse or grocery cart powered by Harchi and directed by Popy. Like Oscar, the trio constantly search for food and water - often competing with him, sometimes abusing him as a means, but occasionally cooperating with him when it suits their purpose. The main characters often find themselves falling off cliffs a la Wile E. Coyote chasing the Road Runner, wherein the law of gravity is briefly suspended while the character comes to realize their imminent doom.",,,,"Buck, Harchi, Lizardette, Manolo, Oscar, Popy, Roco",
Go Around,,Web  ,1.0,,,"Fantasy, Shorts",3.03,2011.0,,No synopsis yet - check back soon!,,,,,
Kiss Dum: Engage Planet Special,,DVD S,,SATELIGHT,,,3.03,2011.0,,No synopsis yet - check back soon!,,,Kiss Dum: Engage Planet,"Iera Hamon : Akeno Watanabe, Noa Rukina : Aya Endou, Shu Aiba : Daisuke Ono, Varda : Satomi Akesaka, Vaire : Yuka Iguchi, Valar, Rei : Ryouka Yuzuki",
Lyu:Lyu: Bungaku Shounen no Yuuutsu,,Music,,,,Trains,3.02,2011.0,,No synopsis yet - check back soon!,,,,"Lyu:Lyu
Music",Lyu:Lyu : Music
Nonstop!! Hunters,,Music,,Manglobe,,"Action, Fantasy, Demons, Based on a Manga",3.02,2011.0,,"Elsie and Haqua fly through the air, trying their best to capture a demon!",,"Kami Nomi zo Shiru Sekai, Kami nomi zo Shiru Sekai (Light Novel), Kami nomi zo Shiru Sekai: On the Train+Pilot Films","The World God Only Knows: Flag 0, The World God Only Knows, The World God Only Knows II, The World God Only Knows: Natsuiro Surprise, The World God Only Knows: Four Girls and an Idol, The World God Only Knows: Tenri Arc, The World God Only Knows: Magical Star Kanon 100%, The World God Only Knows: Goddesses Arc","Elucia De Lute Ima, Haqua Du Lot Herminium, Keima Katsuragi, Kazuhiro Yamada
Photography Director",Kazuhiro Yamada : Photography Director
Hen Zemi TV,,TV   ,13.0,XEBEC,Spring,"Comedy, Ecchi, Seinen, College, Crude, Fetish, School Life, Short Episodes, Based on a Manga, Sexual Content",3.02,2011.0,,"Nanako Matsutaka is a freshman in college, who like many normal girls has enrolled in a course just so she can get closer to the guy she likes. Unfortunately, she’s now taking the Pervert Physiology Course and her classmates are far from ordinary. With Michikawa lurking under stairwells to take photos of girls' panties and Mizukoshi cultivating flies in her ears, Nanako's wide-eyed innocence makes her the odd one out in a bunch of depraved perverts. Will Nanako be able to pass the class when she can’t even justify the worthiness of a report on farting in the bath, and will she ever catch the eye of the cunning Konogi?",Sexual Content,Hen Zemi,Hen Zemi,"Anna Katou : Ryouko Shintani, Komugi Musashi : Akira Ishida, Makiko Gregory : Shiho Kawaragi, Miwako Mizukoshi : Yukiko Takaguchi, Nanako Matsutaka : Kana Hanazawa, Yesterday Taguchi : Minoru Shiraishi, Hishiyasu Ichikawa : Norihisa Mori, Kenji Meshiya : Takashi Matsuyama, Tagro
Original Creator, Takao Kato
Director, Masaru Yokoyama
Music, Sunao Chikaoka
Character Design, Gou Nakanishi
Producer, Yuuichi Yamada
Producer, Masahiro Hosoda
Episode Director, Kan Fukumoto
Episode Director & Storyboard","Tagro : Original Creator, Takao Kato : Director, Masaru Yokoyama : Music, Sunao Chikaoka : Character Design, Gou Nakanishi : Producer, Yuuichi Yamada : Producer, Masahiro Hosoda : Episode Director, Kan Fukumoto : Episode Director & Storyboard"
Xi Avant,,Movie,,Production I.G,,"Sci Fi, Shorts",3.01,2011.0,,"Kaoru Takamura, an employee of the Foreign Ministry, is on a mission. With the help of his trusty, high-tech Xi phone, Kaoru must find a mysterious man, and the trail leads him directly to Barcelona...",,,,"Kaoru Takamura : Hiroshi Kamiya, Mysterious Girl : Saori Hayami, Task : Sakiko Tamagawa, Akane : Kana Ueda, Kenji Kamiyama
Director, Atsuko Sasaki
Character Design","Kenji Kamiyama : Director, Atsuko Sasaki : Character Design"
Cat Planet Cuties: Come Drop By - Owari,"Alt titles: Asobi ni Iku yo! Asobi ni Oide - Owari, Bombshells from the Sky: Come Drop By - Owari",DVD S,,AIC PLUS+,,Comedy,3.01,2011.0,,No synopsis yet - check back soon!,,"Asobi ni Iku yo! (Light Novel), Let's Go Play!",Cat Planet Cuties: Come Drop By,"Aoi Futaba : Kana Hanazawa, Eris : Kanae Itou, Kio Kakazu : Mutsumi Tamura, Manami Kinjou : Haruka Tomatsu",
Stitch!: Best Friends Forever - Ace's Back, Stitch!: Zutto Saikou no Tomodachi - Ace's Back,TV Sp,,Shin-Ei Animation,,"Disney, Family Friendly, Based on a Cartoon",3.01,2011.0,,No synopsis yet - check back soon!,,,"Stitch!, Stitch!: The Mischievous Alien's Great Adventure, Stitch! Challenge From Piko, Stitch! Son of Sprout, Stitch!: Best Friends Forever, Stitch and the Planet of Sand, Stitch! Perfect Memory",,
Ben-To Picture Drama,,DVD S,,David Production,,Picture Drama,3.0,2011.0,2012.0,No synopsis yet - check back soon!,,"Ben-To (Light Novel), Ben-To",Ben-To,"Ayame Shaga : Emiri Katou, Brunette : Eriko Nakamura, Hana Oshiroi : Aoi Yuuki, Sen Yarizui : Mariya Ise, Ume Shiraume : Ai Kayano, You Satou : Hiro Shimono, Asebi Inoue : Ayana Taketatsu, Beardy : Tomoyuki Higuchi",
Tokyo Art Month,,Web  ,1.0,Saigo no Shudan,,Shorts,3.0,2011.0,,No synopsis yet - check back soon!,,,,,
Tamaki: Yasoukyoku,,Music,,,,,3.0,2011.0,,No synopsis yet - check back soon!,,,,,
Hanabira,,Music,,,,,3.0,2011.0,,No synopsis yet - check back soon!,,,,,
Blade,,TV   ,12.0,MADHOUSE,Summer,"Action, Marvel Comics, Superheroes, Vampires, Based on a Comic Book",3.0,2011.0,,"Bitten by a vampire while pregnant, Eric Brooks' mother gave birth to a baby boy: a child born with all the strengths of a vampire and only one of its weaknesses. Struggling with a blood thirst but imbued with supernatural powers, that child has become the vampire hunter known as Blade. Seeking justice for his mother and peace for himself, Blade tracks Deacon Frost, the vampire who killed her, throughout Asia.",,,,"Blade : Junko Minagawa, Makoto : Maaya Sakamoto, Deacon Frost : Tsutomu Isobe, Kikyo Mikage : Masato Hagiwara, Lucius Isaac : Hiroki Touchi, Noah Van Helsing : Osamu Saka, Razor, Agus : Yuuji Ueda, Mitsuyuki Masuhara
Director, Tetsuya Takahashi
Music, Cindy H. Yamauchi
Character Design & Chief Animation Director, Fuminori Hara
Producer, Taro Morishima
Producer, Cort Lane
Producer, Arthell Isom
Background Artist","Mitsuyuki Masuhara : Director, Tetsuya Takahashi : Music, Cindy H. Yamauchi : Character Design & Chief Animation Director, Fuminori Hara : Producer, Taro Morishima : Producer, Cort Lane : Producer, Arthell Isom : Background Artist"
Suzy's Zoo Daisuki! Witzy,,TV   ,25.0,Digital Media Lab,Spring,"Fantasy, Slice of Life, Animal Protagonists, Bears, Birds, Countryside, Episodic, Family Friendly, Non-Human Protagonists, Rabbits, Short Episodes, CG Animation",3.0,2011.0,,"Witzy is an imaginative little duck who loves to play with his friends Boof, Lulla, Patches, and Elli Funt.",,,Suzy's Zoo Daisuki! Witzy Special,"Boof : Ryouko Shiraishi, Ellie Funt :  Saori Gotou, Lulla : Ayana Taketatsu, Patches : Mitsuki Saiga, Witzy : Mai Nakahara, Peek-A-Boo, Teeter, Totter, Hidekazu Ohara
Director, Wataru Maeguchi
Music, Hitoshi Murakami
Producer","Hidekazu Ohara : Director, Wataru Maeguchi : Music, Hitoshi Murakami : Producer"
Inazuma Eleven x Despicable Me, Inazuma Eleven x Kaitou Gru no Tsuki Dorobou,Other,,OLM,,"Comedy, Crossover, Promotional, Short Episodes",2.99,2011.0,,No synopsis yet - check back soon!,,Inazuma Eleven: Penguin wo Tsugu Mono,Inazuma Eleven,"Gru, Mamoru Endou, Vector",
Wolverine,,TV   ,12.0,MADHOUSE,Winter,"Action, Romance, Gangs, Marvel Comics, Revenge, Superheroes, Superpowers, Yakuza, Based on a Comic Book",2.99,2011.0,,"Wolverine is a mutant, possessing animal-keen senses, enhanced psychical capabilities, three retracting bone claws on each hand and a healing factor that allows him to recover from virtually any wound, disease or toxin at a accelerated rate.",,"X-Men: The Manga, Wolverine: Snikt!",X-Men,"Wolverine : Rikiya Koyama, Yukio : Romi Park, Hideki Kurohagi : Kazuki Yao, Kikyo Mikage : Masato Hagiwara, Koh : Iemasa Kayumi, Mariko Yashida : Fumiko Orikasa, Min : Misato Fukuen, Shingen Yashida : Hidekatsu Shibata, Hiroshi Aoyama
Director, Hajime Ootani
Assistant Director & Episode Director & Storyboard, Tetsuya Takahashi
Music, Hisashi Abe
Character Design, Shin Itagaki
Key Animator & Storyboard, Naoto Abe
Background Artist","Hiroshi Aoyama : Director, Hajime Ootani : Assistant Director & Episode Director & Storyboard, Tetsuya Takahashi : Music, Hisashi Abe : Character Design, Shin Itagaki : Key Animator & Storyboard, Naoto Abe : Background Artist"
Mori no e, Forest Painting,Other,,,,"Art, Forest, Shorts",2.98,2011.0,,No synopsis yet - check back soon!,,,,"Kazuhiro Hocchi
Director",Kazuhiro Hocchi : Director
Queen's Blade OVA Specials,,DVD S,,ARMS,,"Ecchi, Borderline H, Explicit Sex",2.98,2011.0,2012.0,No synopsis yet - check back soon!,Explicit Sex,"Queen's Blade: Hide & Seek, Queen's Blade Anthology Comics, Queen's Blade: Sword of the Unicorn (Light Novel), Queen's Blade: Rurou no Senshi, Queen's Blade Rebellion: Kedakaki Chikai (Light Novel), Queen's Blade Rebellion: Zero, Queen's Blade Rebellion: Aoarashi no Hime Kishi, Queen's Blade Unlimited (Light Novel)","Queen's Blade: The Exiled Virgin, Queen's Blade: The Exiled Virgin Specials, Queen's Blade 2: The Evil Eye Specials, Queen's Blade: Beautiful Warriors, Queen's Blade OVA, Queen's Blade: Rebellion, Queen's Blade: Rebellion Specials, Queen's Blade: Vanquished Queens, Queen's Blade: Vanquished Queens Specials, Queen's Blade: Grimoire, Queen's Blade: Unlimited","Alleyne, Sigui",
Pinky Monkey x FaFa Collaboration Animation: At Afternoon of Sunny Day,,Web  ,1.0,,,"Animal Protagonists, Bears, Non-Human Protagonists, Promotional, Shorts",2.98,2011.0,,No synopsis yet - check back soon!,,,"Pinky Wakuwaku Tabi Stroll, Pinky Monkey no Umareta Hi",Pinky,
Rio: Rainbow Gate! Special,,DVD S,,XEBEC,,,2.98,2011.0,,No synopsis yet - check back soon!,,,Rio: Rainbow Gate!,"Rio Rollins : Marina Inoue, Anya Helsing : Yukari Fukui, Jack Mighty : Yumiko Kobayashi, Mint Clark : Ayana Taketatsu, Chip, Dana, Elle Adams : Maaya Uchida, Ille Adams : Aya Uchida, Takao Kato
Director, Atsushi Umebori
Music, Hisashi Shimura
Character Design, Shinji Horikiri
Producer","Takao Kato : Director, Atsushi Umebori : Music, Hisashi Shimura : Character Design, Shinji Horikiri : Producer"
Peeping Life: The Perfect Extension,,OVA  ,10.0,CoMix Wave Films,,Short Episodes,2.97,2011.0,,No synopsis yet - check back soon!,,,"Peeping Life, Peeping Life Specials, Peeping Life: The Perfect Emotion, Peeping Life: The Perfect Emotion Specials, Peeping Life: The Perfect Evolution Specials, Peeping Life: The Perfect Evolution, Peeping Life: The Perfect Explosion, Peeping Life: World History, Peeping Life: YouTuber-kun, Peeping Life: This is Fate!, Peeping Life: This is Fate! 2, Peeping Life x Beppu City Collaboration, Peeping Life: Shinkon-chan Kansai ni Irasshai, Peeping Life TV: Season 1??","Ryouichi Mori
Director, Detune.
Music","Ryouichi Mori : Director, Detune. : Music"
Wish Upon the Pleiades (2011), Houkago no Pleiades (2011),Web  ,4.0,GAINAX,Winter,"Fantasy, Magical Girl, Henshin Heroes, Magic, Promotional, Short Episodes, Original Work",2.97,2011.0,,"When Subaru ran across a group of her classmates, she had no idea that they were in fact magical girls, and that she'd be recruited to become their newest member. For Aoi and the rest of the gang are on an important mission – they must collect special fragments that can be used to power a spaceship and send an alien friend home. But the girls aren't the only ones after these items...",,"Wish Upon the Pleiades: Prism Palette, Punitto Wish Upon the Pleiades","Wish Upon the Pleiades: Manner Movie, Wish Upon the Pleiades","Subaru : Natsumi Takamori, Aoi : Ayuru Ohashi, Hikaru : Yui Makino, Itsuki : Kanako Tateno, Kaichou : Saki Fujita, Minato : Houko Kuwashima, Nanako : Saki Fujita, Shouji Saeki
Director & Episode Director & Screenplay & Storyboard, Nobuhito Tanahashi
Music, Mai Ootsuka
Character Design","Shouji Saeki : Director & Episode Director & Screenplay & Storyboard, Nobuhito Tanahashi : Music, Mai Ootsuka : Character Design"
Scripta Volant,,Movie,,,,"Black and White, Shorts",2.97,2011.0,,No synopsis yet - check back soon!,,,,"Ryo Orikasa
Director, Kozue Katsuragi
Music","Ryo Orikasa : Director, Kozue Katsuragi : Music"
Space Shower TV: Animatope ID,,Other,,,,"Abstract, No Dialogue, Promotional, Station Identifications",2.97,2011.0,,"A station identification animation for Space Shower TV, directed by Takashi Ohashi.",,,,"Takashi Ohashi
Director, Yuri Habuka
Music, Pupi
Song Performance","Takashi Ohashi : Director, Yuri Habuka : Music, Pupi : Song Performance"
Kuma no Keimusho,,Web  ,1.0,Kachidoki Studio,,"Comedy, Animal Protagonists, Bears, Non-Human Protagonists, Prison, Shorts",2.97,2011.0,,No synopsis yet - check back soon!,,,,,
Last Exile: Doyou no Asa,,Other,,,,"Chibi, Commercials, Promotional, Short Episodes",2.97,2011.0,2012.0,No synopsis yet - check back soon!,,,"Last Exile: Fam, the Silver Wing",,
Norageki!, Five Numbers!,OVA  ,1.0,Sunrise,,"Mystery, Sci Fi, Outer Space, Prison, Original Work",2.96,2011.0,,"In an isolated prison, there are only four prisoners and a cat. One day, a power outage opens all the locks and all of the prisoners are released. However, all of the guards are nowhere to be seen and there are no exits. An extraordinary event occurs in response to an old man's strange behavior.",,,,"Enplein : Seizo Katou, Flashtradekiller : Meg, Pinch-Hitter : Kazuma Mori, Pokerface : Miyu Irino, Sting : Takako Honda, Croupier : Tiffany Grant, Dai Satou
Original Concept, Hiroaki Andou
Director, Yasutaka Nakata
Music, Masaru Gotsubo
Character Design, Hisato Usui
Producer, Yoshimasa Tsuchiya
Producer, Motoki Mukaichi
Producer","Dai Satou : Original Concept, Hiroaki Andou : Director, Yasutaka Nakata : Music, Masaru Gotsubo : Character Design, Hisato Usui : Producer, Yoshimasa Tsuchiya : Producer, Motoki Mukaichi : Producer"
Tu Xia Chuanqi, Legend of Kung Fu Rabbit,Movie,,,,"Action, Comedy, Fantasy, Animal Protagonists, Anthropomorphic, Chinese Animation, Martial Arts, Non-Human Protagonists, Rabbits, CG Animation",2.96,2011.0,,"Fu, a dopey rabbit, is telepathically given the ultimate kung fu power after rescuing Shifu, a martial arts master, from a fatal attack with the promise that he, Fu, would return the martial arts academy tablet to his, Shifu's daughter, Penny. While on his journey to the academy thieves ambush Fu and unbeknownst to him he is rescued by Penny. As they become traveling companions they arrive at the academy only to learn it has been taken over by the evil Slash. As Penny takes Slash on in a kung fu showdown to get back her father's academy Fu will reveal his power and take Slash down while fulfilling his promise.",,,Legend of a Rabbit: The Martial of Fire,,
Jam Fish,,Movie,,,,"No Dialogue, Shorts",2.96,2011.0,,"Depiction of an incident that happened one night in as everyone returns to their hometown for the holidays, told from a child's point of view.",,,,"Senri Iida
Director, Chiemi Munechica
Music, Mitsuko Okamoto
Producer","Senri Iida : Director, Chiemi Munechica : Music, Mitsuko Okamoto : Producer"
Pinocchio-P: Mushroom Mother,,Music,,,,Vocaloid,2.95,2011.0,,No synopsis yet - check back soon!,,,,"Miku Hatsune, Pinocchio-P
Producer",Pinocchio-P : Producer
Taisei Kensetsu: Bosporus Kaikyou Tunnel,,Other,,CoMix Wave Films,,"Slice of Life, Commercials, Promotional, Work Life",2.95,2011.0,,No synopsis yet - check back soon!,,,"Taisei Kensetsu: Singapore, Taisei Kensetsu: Myanmar","Makoto Shinkai
Director, Kenichi Tsuchiya
Character Design","Makoto Shinkai : Director, Kenichi Tsuchiya : Character Design"
Haiyoru! Nyaru-ani: Remember My Love(craft-sensei) Special, Haiyoru! Nyaruani: Remember My Mr. Lovecraft Special,DVD S,,DLE,,"Comedy, Anthropomorphic, Chibi, Interspecies Relationship, Non-Human Protagonists",2.95,2011.0,,"Nyaruko and the others have returned to Mahiro after saving mankind from total destruction. However, selling limited edition figures at Space Comiket is far from the standard methos of protecting the world from complete annihilation...",,"Haiyore! Nyaruko-san (Light Novel), Haiyore! Super Nyaruko-chan Time",Haiyoru! Nyaru-ani: Remember My Love(craft-sensei),"Mahiro Yasaka : Eri Kitamura, Nyaruko : Kana Asumi, Atoko Shirogane, Nyarle, Cthuko : Miyu Matsuki",
Kaichuu! 2nd,,Web  ,2.0,Fall 2011,,"Comedy, Seinen, Sports, Archery, Crossdressing, Short Episodes, Based on a Manga",2.94,2011.0,,"There’s a new transfer student arriving at school, and everybody can’t wait to meet him. But when he – Sasaki Gonzaburou – walks through the door dressed up and talking like a girl, the whole room is taken aback! What’s worse, ‘she’ then decides to join the archery club, much to Tetsuya Tachikawa’s dismay...",,Kaichuu!,Kaichuu!,"Gonzaburou Sasaki, Tetsuya Tachikawa, Kenta Sugimura, Kikushima, Yuuki Hayashi
Original Creator",Yuuki Hayashi : Original Creator
The Tender March, Yasashii March,Movie,,,,"Abstract, Shorts",2.94,2011.0,,No synopsis yet - check back soon!,,,,"Wataru Uekusa
Director",Wataru Uekusa : Director
Spots Spots,,Movie,,,,"Fantasy, No Dialogue, Shorts, Original Work",2.94,2011.0,,A young man is drawing sketches of birds in the woods. The spotted pattern of the bird's wings begins to scatter. He gradually becomes mesmerized by the pattern …,,,,"Yuanyuan Hu
Director, Noriko Iida
Music, Koji Yamamura
Producer","Yuanyuan Hu : Director, Noriko Iida : Music, Koji Yamamura : Producer"
Alice in the Country of Hearts: Wonderful Wonder World, Heart no Kuni no Alice: Wonderful Wonder World,Movie,,Asahi Production,,"Adventure, Comedy, Fantasy, Reverse Harem, Shoujo, Alice in Wonderland, Based on an Otome Game, Based on a Visual Novel",2.94,2011.0,,"Alice living in the Hatter's Mansion begins to have doubts as to whether or not to stay or return home when her vial, her only link back to her world, disappears. The Joker also decides to cause some trouble.",,"Alice in the Country of Hearts, Alice in the Country of Hearts: My Fanatic Rabbit, Alice in the Country of Clover: Ace of Hearts, Alice in the Country of Clover: Cheshire Cat Waltz, Alice in the Country of Clover: Bloody Twins, Alice Love Fables: Toy Box, Alice in the Country of Hearts: The Clockmaker's Story, Alice in the Country of Hearts: The Mad Hatter's Late Night Tea Party, Alice In The Country of Clover: Twin Lovers, Alice in the Country of Clover: Nightmare, Alice in the Country of Clover: The White Rabbit and the Clockwork Trap, Alice in the Country of Hearts: Love Labyrinth of Thorns, Alice in the Country of Clover: The March Hare's Revolution, Alice in the Country of Diamonds: Bet On My Heart (Light Novel), Alice in the Country of Hearts: Junk Box, Alice in the Country of Hearts: White Rabbit and Some Afternoon Tea, Koi no Tamago wa Korogari Ochite: Alice in the Country of Hearts - Wonderful Twin World",,"Alice Liddell : Rie Kugimiya, Blood Dupre : Katsuyuki Konishi, Peter White : Kouki Miyata, Ace : Daisuke Hirakawa, Boris Airay : Noriaki Sugiyama, Julius Monrey : Takehito Koyasu, Nightmare : Tomokazu Sugita, Queen Of Hearts : Yuko Kaida, Hideaki Ooba
Director, Mari
Music, Shuuichi Hara
Character Design, Yutaka Ohashi
Producer, Kouji Sone
Producer","Hideaki Ooba : Director, Mari : Music, Shuuichi Hara : Character Design, Yutaka Ohashi : Producer, Kouji Sone : Producer"
Four Birds,,Web  ,,,,"Comedy, Animal Protagonists, Birds, Family Friendly, Non-Human Protagonists, Shorts",2.94,2011.0,,No synopsis yet - check back soon!,,,,"Uruma Delvi
Director",Uruma Delvi : Director
Kappa Godaime,,Other,,,,"Stop Motion Animation, Youkai, Flash Animation",2.93,2011.0,,"The story centers on a fifth-generation kappa who becomes a delinquent and runs away from home. Kappa joins ""The Evil Organization"" but grows tired of its brutal ways. He and his monster friends decide to reform their lives and live for their hometown, Saga.",,,,"Kappa, Hideyuki Haga
Director",Hideyuki Haga : Director
Tatamp,,Movie,,,,"Abstract, Shorts",2.93,2011.0,,"Each living object has its own sound. Thus the sounds varied when there are more living objects. It becomes chaotic, and at the same time, melodic.",,,,"Mirai Mizue
Director",Mirai Mizue : Director
Ghastly Prince Enma Burning Up, Dororon Enma-kun Meeramera,TV   ,12.0,Brain's Base,Spring,"Comedy, Ecchi, Fantasy, Shounen, Crude, Superpowers",2.93,2011.0,,"Meet the Demon Patrol: a hotheaded demon prince; a sultry, half-naked ice princess; a lusty frog-demon spy; a talking wizard hat... Plus a little girl shows up. This rag-tag group has been charged with the protection of Earth from a multitude of demons who would love nothing more than to bring their world crashing down around them. They'll face off against a vengeful squid, a somnambulant kittycat, a pot full of snakes, a night-stalking deciduous, a hater of crotches, and even a literal butthead! Descend into an unreality filled with pratfalls, lewd behavior, and enough obscure cultural jetsam to drown us all!",,"Dororon Enma-kun, Kikoushi Enma, Satanikus Enma Kerberos, Enma Versus: Dororon Enma-kun Gaiden","Dororon Enma-kun, Demon Prince Enma","Chapeau-Jii : Minoru Inaba, Enma : Kappei Yamaguchi, Harumi Fudou :  Ayako Kawasumi, Kapaeru : Takehito Koyasu, Yukiko : Mamiko Noto, Tsutomu : Rumi Shishido, Benten-Sama : Kikuko Inoue, Chiiko : Kikuko Inoue, Go Nagai
Original Creator, Yoshitomo Yonetani
Director & Series Composition, Keiichi Suzuki
Music, Moonriders
Music, Takahiro Kimura
Character Design, Hiroo Maruyama
Producer, Shinichi Ikeda
Producer, Yoshinaga Minami
Producer","Go Nagai : Original Creator, Yoshitomo Yonetani : Director & Series Composition, Keiichi Suzuki : Music, Moonriders : Music, Takahiro Kimura : Character Design, Hiroo Maruyama : Producer, Shinichi Ikeda : Producer, Yoshinaga Minami : Producer"
Straw Mania,,Web  ,1.0,,,"Comedy, Shorts",2.93,2011.0,,No synopsis yet - check back soon!,,,,"Uruma Delvi
Director",Uruma Delvi : Director
Busou Chuugakusei: Basket Army,,Web  ,5.0,asread,Fall ,"Action, Military, Short Episodes, Based on a Light Novel",2.92,2011.0,2012.0,"The story is set in August of 2026 at the Fuji Training Facility. Natori is a third-year middle school student in the Eastern Defense Academy — Japan's first private organization to be established under the National Defense Education Law two years earlier. On the last day of a harsh training regiment, a force launches an assault that turns the training facility into a sea of blood.",,"Busou Chuugakusei: Basket Army (Light Novel), Busou Chuugakusei: Zero",,"Ann Matsuura : Mana Hirata, Hikari Senami : Nao Touyama, Kazuki Kurobe : Yuuki Kaji, Nanami Kanou : Suzuko Mimori, Satoshi Yoshino : Makoto Furukawa, Tarou Tsurumi : Yuta Odagaki, Touko Natori : Ami Koshimizu, Youji Takatsu : Genki Muro, Romanov Higa
Director & Editor & Storyboard, Kenji Kawai
Music, Masaki Tanaka
Character Design, Ryuuichi Kuwajima
Producer","Romanov Higa : Director & Editor & Storyboard, Kenji Kawai : Music, Masaki Tanaka : Character Design, Ryuuichi Kuwajima : Producer"
Daisy x Daisy: Evidence,,Music,,,,,2.92,2011.0,,No synopsis yet - check back soon!,,,Fairy Tail,"Daisy X Daisy
Music",Daisy X Daisy : Music
wowaka: Antinotice,,Music,,,,,2.92,2011.0,,The official music video for Antinotice by wowaka.,,,,"Girl, Akane Aki
Music, Wowaka
Producer","Akane Aki : Music, Wowaka : Producer"
Usawaltz,,Web  ,1.0,,,"Abstract, Black and White, Music, Shorts",2.92,2011.0,,No synopsis yet - check back soon!,,,"Usaband, Usatalk, Usalullaby","Asami Ike
Director",Asami Ike : Director
People In The Box: Nimrod,,Music,,,,"Fantasy, Abstract, Stop Motion Animation",2.92,2011.0,,No synopsis yet - check back soon!,,,,"Ryu Kato
Director, People In The Box
Song Performance","Ryu Kato : Director, People In The Box : Song Performance"
Kyoto Animation CM: Hoshi-hen,,Other,,Kyoto Animation,,"Adventure, Commercials, Promotional, Shorts",2.92,2011.0,,Two characters jump out of a storyboard artist's page and go on a magical adventure around the animator's office.,,,,"Boy, Girl",
Pepsi Nex x 009 Re:Cyborg,,Other,,,,"Action, Sci Fi, Commercials, Food and Beverage, Promotional, Short Episodes, CG Animation",2.91,2011.0,2013.0,No synopsis yet - check back soon!,,,009 Re:Cyborg,"Francoise Arnoul, Jet Link, Joe Shimamura, Albert Heinrich, Chang Changku, Geronimo Jr., Great Britain, Ivan Whisky",
Starry Tales: Seiza wa Toki o Koete, Starry Tales: Seiza wa Toki wo Koete,Movie,,,,"Fantasy, Educational, Historical, CG Animation",2.91,2011.0,,No synopsis yet - check back soon!,,,,"Astraea, Zeus, Narrator",
TETE x METE,,Web  ,13.0,,,"Comedy, Family Friendly, Forest, Island, Jungle, Monsters, Short Episodes, Shorts",2.9,2011.0,2016.0,No synopsis yet - check back soon!,,,,"Uruma Delvi
Director",Uruma Delvi : Director
Waza no Tabibito,,OVA  ,1.0,,,"Action, Adventure, Ecchi, Fantasy, CG Animation, Original Work",2.9,2011.0,,"The story centers around Tekuni Depagaa, a girl who embarks on a journey to train and become a fighting master known as a ""wazabito.""",,,,"Tekuni Depagaa : Rie Kugimiya, Shun Matsuena
Producer & Director & Character Design & Original Creator, Tenmon
Music","Shun Matsuena : Producer & Director & Character Design & Original Creator, Tenmon : Music"
Maken-ki! Specials,,DVD S,,AIC,,"Comedy, Shounen, Based on a Manga",2.9,2011.0,2012.0,No synopsis yet - check back soon!,,"Maken-Ki!, Maken-Ki! Kai!!","Maken-ki!, Maken-Ki! It's Summer! It's Swimsuits! It's Training Camp!, Maken-ki! Two: Takeru Nyotaika!? Minami no Shima de Supoon, Maken-ki! Two Specials, Maken-ki! Two","Aki Nijou : Hitomi Harada, Azuki Shinatsu : Misuzu Togashi, Haruko Amaya : Noriko Shitaya, Inaho Kushiya : Iori Nomizu, Kodama Himegami : Sayuri Yahagi, Syria Ootsuka : Mariya Ise",
Modern No.2,,Movie,,,,"Abstract, Shorts",2.89,2011.0,,No synopsis yet - check back soon!,,,Modern,"Mirai Mizue
Director",Mirai Mizue : Director
Bannou Yasai Ninninman,,Movie,,P.A. WORKS,,"Fantasy, Slice of Life, Anime Tamago, Family Friendly, Food and Beverage, Food Protagonists, Non-Human Protagonists, Shorts, Original Work",2.89,2011.0,,"Young Mari hates eating vegetables and drinking milk so much that she has nightmares about being force-fed the items. One day at school, the young girl chokes down her milk and vegetables and promptly faints from the shock. When she wakes up in the nurse’s office, she comes face to face with Ninninman, Piman and Milk, three food sprites that only appear when Mari drinks her milk and eats her carrots and peppers. Though Mari is less than enthusiastic about being haunted by her most hated foodstuffs, can the three spirits help her realize the importance of friendship, and maybe even teach her to finish her meals?",,,,"Mari : Saori Hayami, Milk : Kikuko Inoue, Ninninman : Toshiyuki Morikawa, Piman : Rie Kugimiya, Boku, Momo : Mikako Takahashi, Mari'S Father : Takehiko Higuchi, Mari'S Mother : Mami Koyama, Masayuki Yoshihara
Director & Character Design, Yuuki Hayashi
Music, Kenji Horikawa
Producer","Masayuki Yoshihara : Director & Character Design, Yuuki Hayashi : Music, Kenji Horikawa : Producer"
The Qwaser of Stigmata II Picture Drama, Seikon no Qwaser II Picture Drama,DVD S,,Hoods Entertainment,,"Ecchi, Shounen, Borderline H, Picture Drama, Based on a Manga, Explicit Sex",2.89,2011.0,,No synopsis yet - check back soon!,Explicit Sex,The Qwaser of Stigmata,"The Qwaser Of Stigmata, The Qwaser Of Stigmata Picture Drama, The Qwaser of Stigmata: Portrait of the Empress, The Qwaser of Stigmata II","Ekaterina Kurae : Aya Hirano, Ayame Satsuki : Yuiko Tatsumi, Hana Katsuragi : Youko Hikasa, Lulu Shiizaki : Satomi Akesaka, Mafuyu Oribe : Ayumi Fujimura, Miyuki Seta : Harumi Sakurai, Tomo Yamanobe : Aki Toyosaki, Tsubasa Amano : Yoshino Nanjou",
Red Dracul Scar Tissue: Urmă (Zanzou),,Music,,,,"Cars, Supernatural, Vampires",2.88,2011.0,,No synopsis yet - check back soon!,,,,"Ac-Bu
Director, Red Dracul Scar Tissue
Music","Ac-Bu : Director, Red Dracul Scar Tissue : Music"
pair*,,Music,,,,Vocaloid,2.88,2011.0,,No synopsis yet - check back soon!,,,,"Aw, Me",
Kamisama Dolls Specials,,DVD S,,Brain's Base,,"Comedy, Seinen, Based on a Manga",2.88,2011.0,2012.0,No synopsis yet - check back soon!,,Kamisama Dolls,Kamisama Dolls,"Mahiru Hyuuga : Kana Hanazawa, Utao Kuga : Misato Fukuen, Aki Kuga : Ryouhei Kimura, Hibino Shiba : Ai Kayano, Kukuri, Kuremitsuha, Kyouhei Kuga, Magatsuhi",
DECO*27: Sou Ai Sei Ri Ron, Sou Ai Sei Ri Ron,Music,,,,Vocaloid,2.88,2011.0,,No synopsis yet - check back soon!,,,,"Miku Hatsune, Deco*27
Producer",Deco*27 : Producer
PSYCHO FOOD EATERS: Revenge of Green Mutant,,Music,,,,"Sci Fi, Monsters",2.87,2011.0,,No synopsis yet - check back soon!,,,,"Psycho Food Eaters
Music",Psycho Food Eaters : Music
Manyuu Hiken-chou,,TV   ,12.0,Hoods Entertainment,Summer,"Action, Ecchi, Seinen, Samurai, Swordplay, Based on a Manga, Mature Themes,, Nudity,, Sexual Content,, Suicide,, Violence",2.86,2011.0,,"It is currently the Taiheimeji era, during the rule of the Tokugawa shogunate. In this era, breasts mean everything. If you have breasts, you are guaranteed wealth and popularity, but if you lack them, you are rarely considered human. Inside the shogunate, there is a group of warriors that support the government—the Manyū Clan, which helps raise the future big breasts. Written on a secret scroll possessed by the clan, there are said to be various techniques on how to grow big and beautiful breasts. Chifusa is the heir of the clan. However, she takes the secret scroll and runs away with it, hoping to fight against the cruel world that the Manyū Clan has created…","Mature Themes,, Nudity,, Sexual Content,, Suicide,, Violence",Manyuu Hiken-chou,"Manyuu Hiken-chou Picture Drama, Manyuu Hiken-chou Specials","Chifusa Manyuu : Minako Kotobuki, Kaede : Aki Toyosaki, Hatomune Mie : Tooru Ookawa, Kagefusa Manyuu : Kaoru Mizuhara, Muneyuki Manyuu : Kenji Hamada, Ouka Sayama : Mamiko Noto, Ame Shuji, Chichikuri Mito, Hideki Yamada
Original Creator, Hiraku Kaneko
Director, Jun Takagi
Character Design, Koujirou Hayashi
Photography Director, Shigemi Ikeda
Art Director","Hideki Yamada : Original Creator, Hiraku Kaneko : Director, Jun Takagi : Character Design, Koujirou Hayashi : Photography Director, Shigemi Ikeda : Art Director"
Timbre A to Z,,Other,,,,"Abstract, Short Episodes",2.86,2011.0,,No synopsis yet - check back soon!,,,A Long Day of Timbre,"Mirai Mizue
Director",Mirai Mizue : Director
Modern,,Movie,,,,"Abstract, Shorts",2.86,2011.0,,No synopsis yet - check back soon!,,,Modern No.2,"Mirai Mizue
Director",Mirai Mizue : Director
The Epic of Zektbach,,OVA  ,1.0,AIC,,"Action, Swordplay",2.85,2011.0,,"The story begins when the kingdom of Noigllado suddenly invades the small country of Azuelgatt and brings it to the brink of destruction. General Adnowell leads Noigllado's troops against Azuelgatt's final, remaining line of defense: the fortress Doroah, led by a skilled female warrior named Shamshir.",,,,"Shamshir Zamouk Zamouk, Mizuho Nishikubo
Director, Hideki Furukawa
Character Design","Mizuho Nishikubo : Director, Hideki Furukawa : Character Design"
40meterP: Shiryoku Kensa, Shiryoku Kensa,Music,,,,Vocaloid,2.85,2011.0,,No synopsis yet - check back soon!,,Eyesight Test,,"Gumi, Shohei Suzuki, 40Meterp
Producer",40Meterp : Producer
Wienners: Shangri-La,,Music,,,,"Dancing, Music, CG Animation",2.85,2011.0,,No synopsis yet - check back soon!,,,,"Shota Sakamoto
Director, Wienners
Music","Shota Sakamoto : Director, Wienners : Music"
T.P. Sakura: Time Paladin Sakura,,OVA  ,2.0,Nomad,,"Comedy, Magical Girl, Henshin Heroes, Magic, Based on a Visual Novel",2.85,2011.0,,No synopsis yet - check back soon!,,"Da Capo, Da Capo Second Graduation, T.P. Sakura: Time Paladin Sakura","Da Capo, Da Capo Second Season, Da Capo Second Season Specials, Da Capo II, Da Capo if, Da Capo II Second Season, Da Capo: D.C I & II P.S.P, Da Capo III Special, Da Capo III","Sakura Yoshino : Suzuko Mimori, Archimedes : Rie Nakagawa, Junichi Asakura :  Aina Kase, Miharu Amakase : Ayana Taketatsu, Nemu Asakura : Hitomi Haruka, Suginami : Daisuke Kishio, Alice Tsukishiro : Azusa Kataoka, Kotori Shirakawa : Emi Nitta, Takehiro Nakayama
Director, Tatsuya Katou
Music, Makoto Koga
Character Design, Yoshiyuki Itou
Producer","Takehiro Nakayama : Director, Tatsuya Katou : Music, Makoto Koga : Character Design, Yoshiyuki Itou : Producer"
Mofu Mofu: Mofu no Uta,,Music,,,,"Aliens, Family Friendly",2.85,2011.0,,No synopsis yet - check back soon!,,Mofu Mofu: Ichigo Aji,"Mofu Mofu, Moffuri Mofu Mofu Omajinai Dance",,
Guitar Shoujo!,,Other,,,,"Commercials, Promotional",2.84,2011.0,,No synopsis yet - check back soon!,,,,,
LITE: Rabbit,,Music,,,,Abstract,2.84,2011.0,,No synopsis yet - check back soon!,,,,,
Wish Upon the Pleiades: Manner Movie, Houkago no Pleiades: Manner Movie,Movie,,GAINAX,,"Fantasy, Magical Girl, Chibi, Henshin Heroes, Magic, Picture Drama, Promotional, Shorts, Original Work",2.83,2011.0,,A manner movie based on the Houkago no Pleiades anime.,,,"Wish Upon the Pleiades (2011), Wish Upon the Pleiades","Aoi : Ayuru Ohashi, Hikaru : Yui Makino, Itsuki : Kanako Tateno, Nanako : Saki Fujita, Subaru : Natsumi Takamori",
AKB48 Stage Fighter,,Other,,,,"Action, Commercials, Promotional",2.83,2011.0,,Commercial for AKB48 Stage Fighter mobile phone game.,,,,,
Yuyoyuppe: I will find a star, I will find a star,Music,,,,Vocaloid,2.82,2011.0,,No synopsis yet - check back soon!,,,,"Yuyoyuppe
Producer",Yuyoyuppe : Producer
Kanabun no Koushin,,Web  ,1.0,,,"Abstract, Shorts",2.82,2011.0,,No synopsis yet - check back soon!,,,,,
Handsome Kenya: Mushi no Tameiki,"Alt titles: Insect's Sigh, Mushi no Tameiki",Music,,,,"Fantasy, Insects",2.81,2011.0,,A man sings with his trusty guitar against a backdrop of fantasy castles and rainbows. He is joined by a varied cast of creepy crawly insects – including some that can even play musical instruments!,,,,"Kousuke Sugimoto
Director, Handsome Kenya
Music","Kousuke Sugimoto : Director, Handsome Kenya : Music"
Capsule Samurai,,TV   ,40.0,,,"Comedy, Dancing, Family Friendly, Samurai, Short Episodes",2.81,2011.0,,No synopsis yet - check back soon!,,,,"Uruma Delvi
Director",Uruma Delvi : Director
DECO*27: Pedal Heart, Pedal Heart,Music,,,,Vocaloid,2.81,2011.0,,No synopsis yet - check back soon!,,,,"Deco*27
Producer",Deco*27 : Producer
Kuragehime: Soreike! Amars Tankentai, Princess Jellyfish: Soreike! Amars Tankentai,Other,,Brain's Base,,"Adventure, Comedy, Josei, Short Episodes, Based on a Manga",2.81,2011.0,,No synopsis yet - check back soon!,,Princess Jellyfish,"Princess Jellyfish, Kuragehime Specials","Banba, Chieko, Jiji, Mayaya, Tsukimi Kurashita, Akiko Higashimura
Original Creator, Makoto Yoshimori
Music, Kenji Hayama
Character Design","Akiko Higashimura : Original Creator, Makoto Yoshimori : Music, Kenji Hayama : Character Design"
Yura Yura Teikoku: Kimi wa Sou Kimeta,,Music,,,,Black and White,2.81,2011.0,,"The official music video for Kimi wa Sou Kimeta from the album How to Live with a Phantom, by Yura Yura Teikoku.",,,,"Yura Yura Teikoku
Music",Yura Yura Teikoku : Music
Nakanaori, Reconciliation,Other,,,,"Action, Shorts, Swordplay",2.8,2011.0,,No synopsis yet - check back soon!,,,,"Rapparu
Director",Rapparu : Director
Sengoku Paradise: Kiwami,,TV   ,26.0,LMD,Fall ,"Shoujo, Historical, Samurai, Short Episodes, Based on a Mobile Game",2.79,2011.0,2012.0,No synopsis yet - check back soon!,,,,"Hideaki Kobayakawa, Ieyasu Tokugawa, Masamune Date, Mitsunari Ishida, Naomasa Ii, Sakon Shima, Yoshitsugu Ootani, Yukimura Sanada, Katsuya Kikuchi
Director, Kouji Haneda
Character Design, Suzuna Okuyama
Character Design, Nobuyuki Hosoya
Producer, Hideaki Takaiwa
Producer, Minoru Hashimoto
Producer, Tomoyasu Sasano
Producer, Yasushi Horikawa
Producer","Katsuya Kikuchi : Director, Kouji Haneda : Character Design, Suzuna Okuyama : Character Design, Nobuyuki Hosoya : Producer, Hideaki Takaiwa : Producer, Minoru Hashimoto : Producer, Tomoyasu Sasano : Producer, Yasushi Horikawa : Producer"
Kusabiru,,Web  ,1.0,,,"Comedy, Family Friendly, Shorts",2.79,2011.0,,No synopsis yet - check back soon!,,,,"Kusabiru, Uruma Delvi
Director",Uruma Delvi : Director
Rockeppe,,Web  ,1.0,,,"Comedy, Crude, Family Friendly, Outer Space, Shorts",2.78,2011.0,,No synopsis yet - check back soon!,,,,"Uruma Delvi
Director",Uruma Delvi : Director
Manyuu Hiken-chou Specials,,DVD S,,Hoods Entertainment,,"Ecchi, Nudity,, Sexual Content",2.78,2011.0,2012.0,No synopsis yet - check back soon!,"Nudity,, Sexual Content",Manyuu Hiken-chou,"Manyuu Hiken-chou, Manyuu Hiken-chou Picture Drama","Chifusa Manyuu : Minako Kotobuki, Kaede : Aki Toyosaki, Kagefusa Manyuu : Kaoru Mizuhara, Ouka Sayama : Mamiko Noto",
Maria Holic Alive: Runrunriru Ranranrara,,Music,,,,,2.78,2011.0,,No synopsis yet - check back soon!,,,,Mariya Shidou : Yuu Kobayashi,
Mai no Mahou to Katei no Hi,,TV Sp,,P.A. WORKS,,,2.77,2011.0,,"Tatsumi Mai has magic powers, which she uses to understand the feelings of people.",,,,"Mai Tatsumi, Hotaru Tatsumi, Mamoru Tatsumi, Raizou Tatsumi, Yuki Tatsumi, Hikaru Tatsumi, Masayuki Yoshihara
Director & Character Design, Hiromi Makino
Character Design, Kenji Horikawa
Producer, Nobuhiro Kikuchi
Producer","Masayuki Yoshihara : Director & Character Design, Hiromi Makino : Character Design, Kenji Horikawa : Producer, Nobuhiro Kikuchi : Producer"
Wish Me Mell,,Web  ,2.0,Sanrio,,"Animal Protagonists, Family Friendly, Non-Human Protagonists, Rabbits, Sanrio Characters, Short Episodes",2.77,2011.0,,No synopsis yet - check back soon!,,,Wish me mell: Dai 1-kai Mercy Hills Tamago Car Grand Prix,"Maimai, Mell, Nina, Poco, Aro, Chico, Lou, Lutz",
Machigerita-P: Halloween Patisserie Tricka Torka, Halloween Patisserie Tricka Torka,Music,,,,Vocaloid,2.77,2011.0,,No synopsis yet - check back soon!,,,,"Machigerita-P
Producer",Machigerita-P : Producer
kous: Layering Human Shadows, Layering Human Shadows,Music,,,,Vocaloid,2.76,2011.0,,No synopsis yet - check back soon!,,,,"Kous
Producer",Kous : Producer
sasakure.UK: Butterfly Effect,,Music,,,,,2.75,2011.0,,No synopsis yet - check back soon!,,,,"Sasakure.Uk
Producer",Sasakure.Uk : Producer
Bara Bara Film,,Movie,,,,Shorts,2.74,2011.0,,No synopsis yet - check back soon!,,,,"Taku Furukawa
Director",Taku Furukawa : Director
Zombie Clay Animation: Life of the Dead,,Other,,Studio Binzo,,"Short Episodes, Stop Motion Animation, Zombies",2.74,2011.0,2012.0,No synopsis yet - check back soon!,,,Zombie Clay Animation: I'm Stuck!!,Michael,
Kerorinpasu, Kerorin Path,Web  ,1.0,,,,2.74,2011.0,,No synopsis yet - check back soon!,,,,"Rapparu
Director",Rapparu : Director
ATOLS: EDEN,,Music,,,,"Black and White, Vocaloid",2.73,2011.0,,No synopsis yet - check back soon!,,,,"Miku Hatsune, Atols
Producer",Atols : Producer
A Long Day of Timbre,,Web  ,1.0,,,"Abstract, Shorts",2.73,2011.0,,No synopsis yet - check back soon!,,,Timbre A to Z,"Mirai Mizue
Director",Mirai Mizue : Director
Kyoto Animation CM: Ajisai-hen,,Other,,Kyoto Animation,,"Commercials, Dancing, Magic, Promotional, Shorts",2.72,2011.0,,"Mahana leads her friends on a fun, inspiring, and magical adventure using her special powers.",,,,"Honomi, Mahana : Akari Kudou, Miyuu, Sarasa",
Kawaii Cook-san,,Web  ,1.0,Kachidoki Studio,,Shorts,2.72,2011.0,,No synopsis yet - check back soon!,,,,Kawaii Cook-San,
DECO*27: Tori no Ai Uta, Tori no Ai Uta,Music,,,,"Unrequited Love, Vocaloid",2.72,2011.0,,No synopsis yet - check back soon!,,,,"Boy, Girl, Deco*27
Producer",Deco*27 : Producer
Rio: Rainbow Gate!,,TV   ,13.0,XEBEC,Winter,"Comedy, Ecchi, Gambling, Work Life, Based on a Video Game",2.71,2011.0,,"In the mood for some good old-fashioned gambling fun? Head on over to Howard Resort, a famous entertainment destination that's home to the voluptuous, and said to be lucky, dealer Rio. Alongside other casino dealers and staff such as the clumsy Anya and bunnygirl Elle and Ille, Rio helps tend to the whims of the resort's customers. With Mr. Howard constantly forcing her to wear more and more skimpy outfits and even a ghost tinkering with the hotel's plans, it won't be easy! Especially since Rio is the holder of a very special card known as a Gate – a card that other dealers of the world want desperately to acquire, as only then will they earn the title of Most Valuable Card Dealer...",,,Rio: Rainbow Gate! Special,"Rio Rollins : Marina Inoue, Anya Helsing : Yukari Fukui, Cartia Goldschmidt : Sayaka Oohara, Elle Adams : Aya Uchida, Ille Adams : Aya Uchida, Mint Clark : Ayana Taketatsu, Rina Tachibana : Chiaki Takahashi, Rosa Canyon : Kaori Shimizu, Takao Kato
Director, Mayori Sekijima
Screenplay & Series Composition, Atsushi Umebori
Music, Hisashi Shimura
Character Design, Shinji Horikiri
Producer, Wataru Senoo
Producer, Masashi Kubota
Screenplay, Yuuji Yanase
Key Animator","Takao Kato : Director, Mayori Sekijima : Screenplay & Series Composition, Atsushi Umebori : Music, Hisashi Shimura : Character Design, Shinji Horikiri : Producer, Wataru Senoo : Producer, Masashi Kubota : Screenplay, Yuuji Yanase : Key Animator"
Goara,,Web  ,,,,"Comedy, Animal Protagonists, Bears, Family Friendly, Koalas, Non-Human Protagonists, Shorts",2.71,2011.0,,No synopsis yet - check back soon!,,,,"Uruma Delvi
Director",Uruma Delvi : Director
kous: Floating Dream, kous: Floating Fuyuumu,Music,,,,"Fantasy, Vocaloid",2.7,2011.0,,No synopsis yet - check back soon!,,,,"Kous
Producer",Kous : Producer
Neon The Animation,,Web  ,6.0,Spring 2011,,"Comedy, Slice of Life, Promotional, Short Episodes, Original Work",2.69,2011.0,2015.0,No synopsis yet - check back soon!,,,,"Hikari : Nozomi Sasaki, Neon : Yuki Matsuoka",
ClariS: Nexus, Nexus,Music,,,,"Slice of Life, Idols, Music, Siblings",2.69,2011.0,,"The official music video for Nexus from the album ClariS -Single Best 1st-, by ClariS.",,,"Oreimo, Oreimo Animated Commentary, Oreimo Specials, ClariS: Reunion, Oreimo 2, Oreimo 2 Animated Commentary, Oreimo 2 Specials, Oreimo 2: Ore no Imouto ga Konnani Eroge na Wake Nai","Alice : Alice, Clara : Clara, Kirino Kousaka, Kyousuke Kousaka, Ayase Aragaki, Kanako Kurusu, Kuroneko, Manami Tamura, Claris
Music",Claris : Music
Kodansha Morning CM,,Other,,,,"Comedy, Cats, Commercials, Manga Industry, Otaku Culture, Promotional",2.68,2011.0,,No synopsis yet - check back soon!,,"KРΣМЛЬ, Miifa, Neko Darake",Kremlin,"Jun Aoki
Director",Jun Aoki : Director
Toei Robot Girls,,Web  ,1.0,Toei Animation,Summer,"Sci Fi, Anthropomorphic, Parody",2.68,2011.0,,"A pilot film streamed on the anime studio Toei Animation's website. The female leads in the film are dressed as various famous robots in Toei's anime catalog - the girls are personifications of robots in the Gaiking (""Gai-chan""), Magnerobo Ga-Keen (""Gacky""), and Superhuman Combat Team Baratack (""Bara-tan"") and the newly added character is from the anime Planet Robot Danguard Ace.",,Robot Girls Z,"Robot Girls Z: Episode 0, Robot Girls Z, Robot Girls Z Specials, Robot Girls Z+, Robot Girls Z+ Special","Bala, Dandan, Gacky, Gai, Hiroshi Ikehata
Director, Tetsuya Kawakami
Character Design, Yoshihide Moriyama
Producer","Hiroshi Ikehata : Director, Tetsuya Kawakami : Character Design, Yoshihide Moriyama : Producer"
Ants in the sky,,Movie,,,,"Comedy, Fantasy, Insects, Shorts, Original Work",2.68,2011.0,,"There are creatures like this. In the sky. An ”ant” lost on earth and a man left behind. Hey, listen to the request! The man’s ”ant gathering” begins.",,,,"Kazuya Karasawa
Director, Haruna Maemura
Music, Mitsuko Okamoto
Producer","Kazuya Karasawa : Director, Haruna Maemura : Music, Mitsuko Okamoto : Producer"
Nana to Kaoru,,OVA  ,1.0,AIC PLUS+,,"Ecchi, Seinen, BDSM, Fetish, Based on a Manga, Mature Themes",2.68,2011.0,,"On the surface, Nana Chigusa appears to be a typical honor student, loved by the student council and her peers, and surrounded by admirers and friends. But deep down, even good girls need a way to blow off a little steam and de-stress, and for Nana, that means secretive, intense S&M sessions with Kaoru, a well-known pervert and her childhood friend. What experiences and pleasures await this unlikely pair?",Mature Themes,"Nana to Kaoru, Nana to Kaoru Arashi, Nana to Kaoru: Pink Pure, Nana to Kaoru: Last Year",,"Kaoru Sugimura : Junji Majima, Nana Chigusa : Kaoru Mizuhara, Hiroshi Yagami : Ryuta Amazume, Kaoru'S Mother : Kimiko Saitou, Teacher : Kotomi Yamakawa, Yukari Mutsuki : Chinatsu Akasaki, Ryuta Amazume
Original Creator, Hideki Okamoto
Director, Atsuko Watanabe
Character Design","Ryuta Amazume : Original Creator, Hideki Okamoto : Director, Atsuko Watanabe : Character Design"
Puella Magi Sonico Magica, Mahou Shoujo Sonico Magica,Web  ,1.0,,,"Magical Girl, Crossover, Henshin Heroes, Magic, Parody, CG Animation",2.66,2011.0,,This parody intro for a spinoff of the Mahou Shoujo Madoka Magica series was released by Nitroplus as an April Fool's joke.,,,"Puella Magi Madoka Magica, SoniAni: Super Sonico The Animation",Super Sonico,
High Score, HIGH SCORE,TV   ,,DLE,Fall ,"Comedy, School Life, Short Episodes",2.66,2011.0,2012.0,"There's plenty of fun to be had in one typical high school. Whether the popular and egotistical Megumi showers Masamune in kisses, or the feisty Emika pummels the poor and loving Kyousuke with her fists, there's never a dull day amongst these friends!",,"High Score, High Score Hige Score",,"Megumi Fujiwara : Eri Kitamura, Arashi Hashiba : Taishi Murata, Daimon : Yuuki Ono, Emika Matsumoto : Yuu Kobayashi, Izumi Hashiba : Eri Kitamura, Jiro Tokiwazu : Tetsuya Kakihara, Kaori Tachibana : Ikumi Hayama, Kyoko Fujiwara : Aya Endou, Chinami Tsuyama
Original Creator, Hajime Kurihara
Director","Chinami Tsuyama : Original Creator, Hajime Kurihara : Director"
Hietsuki Bushi,,Music,,,,"Adventure, Fantasy, Sci Fi",2.66,2011.0,,No synopsis yet - check back soon!,,,,"Ryo Hirano
Director",Ryo Hirano : Director
Policeman: Galo Sengan,,Music,,,,"Comedy, Parody",2.65,2011.0,,No synopsis yet - check back soon!,,,,"Ac-Bu
Director, Policeman
Song Performance","Ac-Bu : Director, Policeman : Song Performance"
Yadokari,,Web  ,1.0,,,Shorts,2.65,2011.0,,No synopsis yet - check back soon!,,,,"Ryou Inoue
Director",Ryou Inoue : Director
Toru Matsumoto: And And,,Music,,,,Abstract,2.65,2011.0,,No synopsis yet - check back soon!,,,,"Mirai Mizue
Director, Toru Matsumoto
Music","Mirai Mizue : Director, Toru Matsumoto : Music"
Coffee Tadaiku,,Movie,,,,"Food and Beverage, Shorts, Work Life, Original Work",2.64,2011.0,,No synopsis yet - check back soon!,,,Coffee Break,Coffee Drinker,
Count Down,,Movie,,,,"Abstract, Promotional, Shorts",2.64,2011.0,,A promotional video of the exhibition 'ArtPath 2011' by Tokyo University of the Arts Musical Creativity and the Environment. The excitement before ArtPath starts.,,,,"Masaki Okuda
Director, Ryo Okawara
Director, Miki Sakurai
Music","Masaki Okuda : Director, Ryo Okawara : Director, Miki Sakurai : Music"
Anthology With Cranes, Tsuru Shitae Waka Kan,Movie,,Yamamura Animation,,"Abstract, No Dialogue, Shorts, Original Work",2.64,2011.0,,No synopsis yet - check back soon!,,,,"Koji Yamamura
Director",Koji Yamamura : Director
Machigerita-P: Sweet Poison Factory, Sweet Poison Factory,Music,,,,Vocaloid,2.61,2011.0,,No synopsis yet - check back soon!,,,,"Machigerita-P
Producer",Machigerita-P : Producer
Beluga,,Movie,,,,"Horror, Shorts, Nudity,, Violence",2.6,2011.0,,A poor girl suffers even in her own dream.,"Nudity,, Violence",,,"Shin Hashimoto
Director",Shin Hashimoto : Director
Nanako no Orusuban, Nanako's House Sitting,Web  ,1.0,,,"Slice of Life, Family Friendly, Shorts",2.6,2011.0,,No synopsis yet - check back soon!,,,,"Tokio Heidi
Director",Tokio Heidi : Director
Kodansha Morning Two CM,,Other,,,,"Comedy, Commercials, Manga Industry, Otaku Culture, Promotional",2.59,2011.0,,No synopsis yet - check back soon!,,"Hen Zemi, Fantasium, Saint Young Men, KРΣМЛЬ, Tsuratsura Waraji, Shounen Note","Kremlin, Saint Young Men Movie","Jun Aoki
Director",Jun Aoki : Director
Kaitou Tenshi Twin Angel: Kyun Kyun Tokimeki Paradise!!, Twin Angel: Twinkle Paradise,TV   ,12.0,J.C.Staff,Summer,"Comedy, Magical Girl, Henshin Heroes, Magic, School Life, Based on a Video Game",2.59,2011.0,,Haruka Minazuki and Aoi Kannazuki are freshman high school students and best friends who enjoy school life like any other kid. But what's different about them is they live a different life at night fighting off demons and enemies.,,,"Kaitou Tenshi Twin Angel, Kaitou Tenshi Twin Angel: Kyun Kyun Tokimeki Paradise!! OVA, Kaitou Tenshi Twin Angel TV","Aoi Kannazuki : Mamiko Noto, Haruka Minazuki : Yukari Tamura, Kurumi Hazuki : Rie Kugimiya, Alexander : Masaya Onosaka, Black Treder : Rikiya Koyama, Heinojo Nagatsuki : Motomu Kiyokawa, Nine Violet : Ryouka Yuzuki, Salome : Ryouko Shintani, Yoshiaki Iwasaki
Director, Ryouichi Ooki
Character Design, Yuuji Matsukura
Producer, Kenjirou Gomi
Producer, Hideaki Sakaguchi
Producer, Junichirou Tamura
Producer, Seiya Numata
Key Animator, Yuuji Yanase
Key Animator","Yoshiaki Iwasaki : Director, Ryouichi Ooki : Character Design, Yuuji Matsukura : Producer, Kenjirou Gomi : Producer, Hideaki Sakaguchi : Producer, Junichirou Tamura : Producer, Seiya Numata : Key Animator, Yuuji Yanase : Key Animator"
Copihan,,Web  ,7.0,GONZO,Summer,"Comedy, Ecchi, Slice of Life, School Life, Short Episodes, Original Work",2.59,2011.0,,"In the year 2034, life is as fun and exciting as ever for high school students, office workers and city employees alike. In a typical convenience store, quiet Yuna can't seem to stay out of the spotlight even though she constantly says no; Yuzuki is a baseball star who puts all the boys to shame; Hotaru hides a seductive secret; and energetic Sayu and Saya love nothing more than broadcasting recent events over the school intercom, amongst other stories!",,"Copihan: Saya to Sayu no Daisakusen, Copihan: Urino to Ryooma no Gougai desu yo!",,"Asagi Tsugayama : Rei Matsuzaki, Haruhiko Tsugayama : Takahiro Sakurai, Hiromi Urino : Mariya Ise, Hotaru Kitoh : Rie Tanaka, Saya Mihashira : Asami Shimoda, Sayu Mihashira : Akiko Hasegawa, Yuna Kadokura : Saori Seto, Yuzuki Tsugayama : Rumi Ookubo, Takashi Hamada
Music, Yuusuke Kamada
Character Design, Koujirou Hayashi
Photography Director, Yuuichi Furuichi
Color Design","Takashi Hamada : Music, Yuusuke Kamada : Character Design, Koujirou Hayashi : Photography Director, Yuuichi Furuichi : Color Design"
Rhymester: Hands,,Music,,Studio 4°C,,,2.57,2011.0,,No synopsis yet - check back soon!,,,,,
Manyuu Hiken-chou Picture Drama,,DVD S,,Hoods Entertainment,,"Ecchi, Picture Drama, Nudity,, Sexual Content",2.55,2011.0,2012.0,No synopsis yet - check back soon!,"Nudity,, Sexual Content",Manyuu Hiken-chou,"Manyuu Hiken-chou, Manyuu Hiken-chou Specials","Chifusa Manyuu : Minako Kotobuki, Kaede : Aki Toyosaki, Kagefusa Manyuu, Kokage, Mizuki, Muneyuki Manyuu, Oiso, Ouka Sayama",
Double-J,,TV   ,11.0,DLE,Summer,"Comedy, Shounen, Episodic, Gag, School Club, School Life, Short Episodes, Based on a Manga",2.55,2011.0,,The day to day events of the the school's culture club and the shenanigans they get into.,,Double J,,"Hajime Usami : Ayuru Ohashi, Ichirou Toba : Nobuyuki Hiyama, Maria Sassa : Chiaki Omigawa, Sayo Arima : Emiri Katou, Aya Chousokabe : Kanami Satou, Comedy Club President : Yuu Kobayashi, Ema Houjou : Ayana Taketatsu, Boxing Frog : Frogman, Eiji Nonaka
Original Creator, Azuma Tani
Director","Eiji Nonaka : Original Creator, Azuma Tani : Director"
663114,,Movie,,,,"Environmental, Insects, Shorts, Original Work",2.55,2011.0,,"a 66-year-old cicada wakens from its slumber, eager to climb as high as it can, spread its wings, and provide offspring for future generations.",,,,"Cicada, Isamu Hirabayashi
Director, Takashi Watanabe
Music","Isamu Hirabayashi : Director, Takashi Watanabe : Music"
Mr. Socket,,Web  ,1.0,,,Shorts,2.54,2011.0,,No synopsis yet - check back soon!,,,,"Uruma Delvi
Director",Uruma Delvi : Director
Spelunker Sensei,,OVA  ,1.0,Studio Puyukai,,"Comedy, School Life, Flash Animation",2.52,2011.0,,"There's a new teacher in town – Spelunker! This unusual man is anything but a typical instructor, giving speeches about traffic safety to the students, reacting strangely to a humidifier, and enjoying lunch – albeit with ample condiment mishaps. With such a bizarre new role model to learn from, Spelunker's students will never be the same!",,,,"Spelunker : Tomokazu Sugita, Delinquent : Satoshi Hino, Narrator : Norio Wakamoto, Physical Education Teacher : Takaya Kuroda, Teacher : Kana Ueda, Minoru Ashina
Director, Minoru Takehara
Character Design, Kentarou Hattori
Producer","Minoru Ashina : Director, Minoru Takehara : Character Design, Kentarou Hattori : Producer"
Raindrops Falling on My Head, Ojisan no Yasashii Eigo no Uta,Music,,,,Family Friendly,2.51,2011.0,,No synopsis yet - check back soon!,,,,,
Dodobongo,,Web  ,,,,"Comedy, Animal Protagonists, Dogs, Family Friendly, Non-Human Protagonists, Shorts",2.5,2011.0,,No synopsis yet - check back soon!,,,Sono Inu Dodobongo,"Uruma Delvi
Director",Uruma Delvi : Director
Happy Kappy,,TV   ,25.0,Shogakukan Music & Digital Entertainment,Spring,"Fantasy, Shoujo, Animal Protagonists, Family Friendly, Magic, Non-Human Protagonists, Short Episodes, Based on a Manga",2.47,2011.0,,"The story revolves around Suguri Kinoshita, a nine-year-old third-grade girl who loves animals and making fashion accessories. One day, while Suguri is out buying materials for accessories, she comes across an unusual rock. Thinking it would look cute on a bracelet, she goes to pick up the rock and discovers a creature named Kappy. Kappy happens to be the three-year-old prince of Kapimeshia.",,,Happy Kappy Recap,"Kappy : Emiri Katou, Suguri Kinoshita : Rumi Ookubo, An Mochida : Saori Gotou, Natsume Kinoshita : Fuyuka Ooura, Yuzuo Kinoshita : Kentarou Hayami, Pii-Chan, Takuya Minezawa
Director",Takuya Minezawa : Director
Pundarika,,Web  ,1.0,,,"Family Friendly, Shorts",2.41,2011.0,,No synopsis yet - check back soon!,,,,"Kazuhiro Hocchi
Director",Kazuhiro Hocchi : Director
Sorette Dakara ne!,,Web  ,1.0,,,"Drama, School Life, Shorts",2.4,2011.0,,"Ayano is sick, and only a special operation can save her life. But the procedure has a very small chance of succeeding, and the girl has sadly accepted her fate. However, Ayano's friends Nene, Reina, Kaori and others are determined to change the teen's mind so that she may become healthy once more.",,,,"Ayano Takasuga : Erika Ebihara, Nene Hoshino : Natsumi Yanagihashi, Asuka Kouzu : Akina Unakami, Shiori Kagayama : Sanae Fuku, Yuzuki Kagayama : Manami Nakamura, Akane Nagaya : Yuka Watanabe, Kaori Toyohara : Minori Nishi, Koharu Shinoyama : Emi Hirayama, Hiroshi Kon
Producer",Hiroshi Kon : Producer
Warau Kaeru, Frog Laugh,Music,,,,"Abstract, Animal Protagonists, Frogs, Non-Human Protagonists",2.34,2011.0,,No synopsis yet - check back soon!,,,,"Tokio Heidi
Director",Tokio Heidi : Director
Maruosa: Arson Hacks, Arson Hacks,Music,,,,Parody,2.23,2011.0,,No synopsis yet - check back soon!,,,,"Shota Sakamoto
Director, Maruosa
Music","Shota Sakamoto : Director, Maruosa : Music"
Dreams,,Movie,,,,Shorts,2.22,2011.0,,No synopsis yet - check back soon!,,,,"Keiichi Tanaami
Director, Nobuhiro Aihara
Director","Keiichi Tanaami : Director, Nobuhiro Aihara : Director"
From the dolphin,,Movie,,,,"Abstract, No Dialogue, Shorts, Original Work",2.2,2011.0,,The image of dolphins ties together this story.,,,,"Tatsuhiro Ariyoshi
Director & Music, Koji Yamamura
Producer","Tatsuhiro Ariyoshi : Director & Music, Koji Yamamura : Producer"
Henshin Gattai! 5 tsu no Atsuki Tamashii,,Music,,,,"Comedy, Parody",2.14,2011.0,,No synopsis yet - check back soon!,,,,"Shota Sakamoto
Director",Shota Sakamoto : Director
the life of the weed,,Movie,,,,"Slice of Life, No Dialogue, Shorts, Stop Motion Animation, Original Work",2.13,2011.0,,"A town flourishes on the sea, and a weed take shelter there. From then on, the weed endlessly repeats its small and harsh life. The weed uses its own body to perform a dance that condenses the things perceived in that town over a lifetime.",,,,"Sonomi Takada
Director, Natsuko Yokoyama
Music, Yuichi Ito
Producer","Sonomi Takada : Director, Natsuko Yokoyama : Music, Yuichi Ito : Producer"
1000say: HANE,,Music,,,,"Fantasy, CG Animation",2.13,2011.0,,"A young girl wishes that she could grow wings and fly, but will she be able to make her dream come true?",,,,"Pink-Faced Girl, 1000Say
Music",1000Say : Music
Dead Girl,,Web  ,1.0,,,"Horror, Short Episodes, Stop Motion Animation, Supernatural, Zombies, Explicit Violence",2.08,2011.0,,No synopsis yet - check back soon!,Explicit Violence,,,"Dead Girl, Killer, Assassin, Takena Nagao
Director",Takena Nagao : Director
way,,Web  ,1.0,,,"Abstract, Shorts",,2011.0,,No synopsis yet - check back soon!,,,,"Masanobu Hiraoka
Director",Masanobu Hiraoka : Director
Hua Huli Yu Daodan Ya,,TV   ,60.0,,,"Animal Protagonists, Birds, Chinese Animation, Family Friendly, Non-Human Protagonists",,2011.0,2012.0,No synopsis yet - check back soon!,,,,,
creator,,Movie,,,,"Abstract, No Dialogue, Non-Human Protagonists, Shorts, Stop Motion Animation",,2011.0,,"A man is left alone in an empty white space. He starts to create his own world with materials that popped out of nowhere and build a house and made animals. But there is a hole in this world and he wonders about it. In the meanwhile, he learns there is a border where they can survive around the hole.",,,,"Hiroki Kono
Director, Yuichi Ito
Producer","Hiroki Kono : Director, Yuichi Ito : Producer"
Kuaile Chengzhang,,TV   ,38.0,,,"Chinese Animation, Family Friendly, Short Episodes",,2011.0,,No synopsis yet - check back soon!,,,,,
Zhonghua Dizi Gui, The Chinese Standards,TV   ,60.0,,,"Chinese Animation, Family Friendly",,2011.0,,No synopsis yet - check back soon!,,,Zhonghua Dizi Gui 2nd Season,,
Moshidora Recap, Moshidora Futatabi,TV Sp,,,,"Drama, Sports, Recap",,2011.0,,No synopsis yet - check back soon!,,,Moshidora,,
Zhihui Mima,,TV   ,52.0,,,"Chinese Animation, Family Friendly",,2011.0,,No synopsis yet - check back soon!,,,,,
group_inou: HEART,,Music,,,,"Comedy, Romance, Music",,2011.0,,"The official music video for HEART, by group_inou.",,,,"Ac-Bu
Director, Group_Inou
Song Performance","Ac-Bu : Director, Group_Inou : Song Performance"
Chikyuu wo Mitsumete, Encounter with Earth,Movie,,Nippon Animation,,Educational,,2011.0,,"A family animation programme about the Earth's environment. Chasing after a glowing particle, the root of all life, along with our main character Naoko, you will discover a vital truth about what links you with other living beings and our planet.",,,,,
Island of Man, Hito no Shima,Movie,,,,"Abstract, Shorts",,2011.0,,A man dressed in a suit and wearing boots gazes at the beautiful ocean before him. He looks exhausted. The story gradually traces back into his life. This is zen.,,,,"Alimo
Director, Kozue Katsuragi
Music, Koji Yamamura
Producer","Alimo : Director, Kozue Katsuragi : Music, Koji Yamamura : Producer"
Chao Neng Yongshi,,TV   ,52.0,,,"Chinese Animation, Family Friendly",,2011.0,,No synopsis yet - check back soon!,,,,,
Tian You Fan Tong,,TV   ,40.0,,,"Chinese Animation, Family Friendly, Short Episodes",,2011.0,,No synopsis yet - check back soon!,,,,,
Hongse Chuanqi,,TV   ,,,,"Chinese Animation, Family Friendly, Short Episodes",,2011.0,,No synopsis yet - check back soon!,,,,,
Afureko! AR,,Other,,,,"Short Episodes, Voice Acting",,2011.0,,No synopsis yet - check back soon!,,,,,
Paperman,,Web  ,1.0,,,"Action, Comedy, Promotional, Shorts, Based on a Video Game",,2011.0,,No synopsis yet - check back soon!,,,,,
Hoshi wo Mi ni Ikou,,Movie,,,,Shorts,,2011.0,,No synopsis yet - check back soon!,,,,,
Yoroyoro Tamatama,,Movie,,,,"Comedy, Dancing, Shorts, CG Animation",,2011.0,,No synopsis yet - check back soon!,,,,"Souta Sugahara
Director & Song Performance",Souta Sugahara : Director & Song Performance
Penguin no Mondai DX?,,TV   ,52.0,Shogakukan Music & Digital Entertainment,,"Animal Protagonists, Birds, Crude, Family Friendly, Non-Human Protagonists, Penguins, Short Episodes",,2011.0,2012.0,No synopsis yet - check back soon!,,,"Penguin no Mondai, Penguin no Mondai Movie: Shiawase no Aoi Tori de Go-Pen-nasai, Penguin no Mondai Max, Penguin no Mondai POW",,
Jia You Dou Ding,,TV   ,52.0,,,"Chinese Animation, Short Episodes",,2011.0,2012.0,No synopsis yet - check back soon!,,,,,
Nihon Omoshiro Mukashibanashi,,TV   ,12.0,Fall 2011,,"Comedy, Historical, Parody, Based on a Fairy Tale",,2011.0,2012.0,No synopsis yet - check back soon!,,,,"Katsunari Mochizuki
Producer & Director, Mario Gogatsubyou
Character Design, Yusuke Tsuruoka
Producer","Katsunari Mochizuki : Producer & Director, Mario Gogatsubyou : Character Design, Yusuke Tsuruoka : Producer"
Space Shower TV BIG HITS! ID (Takuya Hosogane),,Other,,,,"Abstract, No Dialogue, Promotional, Station Identifications",,2011.0,,"A station identification animation for Space Shower TV BIG HITS!, directed by Takuya Hosogane.",,,,"Takuya Hosogane
Director, Cubesato
Music","Takuya Hosogane : Director, Cubesato : Music"
Ygg no Tori, Ygg's bird,Movie,,,,"Horror, Abstract, Animal Protagonists, Shorts",,2011.0,,"We are all living in a food chain. All the living beings support each other as a predator-prey relationship in the balance of nature. Yet there is a huge and ferocious bird. It is so brutal that all the creatures are afraid of it... Everything repeats itself, slightly changing its form.",,,,"Mariko Saito
Director, Noriko Iida
Music, Yuichi Ito
Producer","Mariko Saito : Director, Noriko Iida : Music, Yuichi Ito : Producer"
How to Eat Your Apple,,Movie,,,,"Abstract, No Dialogue, Shorts",,2011.0,,"How to eat your Apple surrealistically portrays human nature and its essence in the circle of life, its change and death as shown by re-compositing various symbols and objects.",,,,"Erick Oh
Director",Erick Oh : Director
Truncation, Hashikko,Movie,,,,"No Dialogue, Non-Human Protagonists, Shorts",,2011.0,,No synopsis yet - check back soon!,,,,"Tarafu Otani
Director",Tarafu Otani : Director
Konglong Baobei Zhi Longshen Yongshi 2,,TV   ,52.0,,,"Action, Adventure, Comedy, Sci Fi, Chinese Animation, Family Friendly",,2011.0,2012.0,No synopsis yet - check back soon!,,,"Konglong Baobei Zhi Longshen Yongshi, Konglong Baobei Zhi Longshen Yongshi 3",,
Seer Da Dianying: Xunzhao Fenghuang Shenshou, Sai Er Hao Da Dianying: Xunzhao Fenghuang Shenshou,Movie,,,,"Sci Fi, Chinese Animation, Robots",,2011.0,,No synopsis yet - check back soon!,,,"Seer, Seer Da Dianying 2: Leiyi Yu Maiersi",,
Binfen Baobao,,TV   ,200.0,,,"Chinese Animation, Family Friendly, Short Episodes",,2011.0,2012.0,No synopsis yet - check back soon!,,,,,
Ponta to Ensoku,,OVA  ,1.0,,,"Adventure, Drama, Fantasy, Animal Protagonists, Anthropomorphic, Cats, Family Friendly, Non-Human Protagonists, Shorts",,2011.0,,No synopsis yet - check back soon!,,,,"Kenta : Ryousei Karaki, Ponta : Kotori Koiwai",
Kakko-Kawaii Sengen! 2,,Web  ,10.0,Gathering,Fall ,"Comedy, Shounen, Short Episodes, Based on a Manga",,2011.0,,Second Season of Kakko-Kawaii Sengen!.,,Kakko-Kawaii Sengen!,"Kakko-Kawaii Sengen!, Kakko-Kawaii Sengen! Specials","Jigoku No Misawa
Original Creator, Mankyuu
Director, Keiji Fujiwara
Sound Director","Jigoku No Misawa : Original Creator, Mankyuu : Director, Keiji Fujiwara : Sound Director"
Chii-Sui Maru 2nd Season,,TV   ,34.0,,,"Comedy, Insects, Short Episodes, Original Work",,2011.0,,Second season of Chii-Sui Maru.,,,Chii-Sui Maru,"Chii-Sui Maru, Nobuo",
Her Ghost Friend: Houkago no Thesaurus,,Music,,,,,,2011.0,,"The official music video for Houkago no Thesaurus, by Her Ghost Friend.",,,Her Ghost Friend: Houkago no Thesaurus (Saigo no Shudan),"Her Ghost Friend
Director & Song Performance",Her Ghost Friend : Director & Song Performance
Lao Fu Zi Zhi Xiao Shui Hu Chuan Qi,,Movie,,,,"Comedy, Chinese Animation, Based on a Manga",,2011.0,,No synopsis yet - check back soon!,,Old Master Q,Lao Fu Zi Fan Dou Zhen Tan,,
Lolling Seutajeu Movie, Rolling Stars Movie,Movie,,,,"Sports, Baseball, Family Friendly, Korean Animation",,2011.0,,No synopsis yet - check back soon!,,,Lolling Seutajeu,,
Roco Kingdom Movie 1,,Movie,,,,"Adventure, Fantasy, Animal Protagonists, Anthropomorphic, Chinese Animation, Family Friendly, Non-Human Protagonists",,2011.0,,No synopsis yet - check back soon!,,,"Roco Kingdom Movie 2, Roco Kingdom Movie 3, Roco Kingdom Movie 4",,
Tsunagaru Animal,,TV Sp,,,,"Animal Protagonists, Family Friendly, Non-Human Protagonists, Shorts, CG Animation",,2011.0,,No synopsis yet - check back soon!,,,,,
Kakko-Kawaii Sengen! Specials,,DVD S,,Gathering,,"Comedy, Shounen, Based on a Manga",,2011.0,2012.0,No synopsis yet - check back soon!,,Kakko-Kawaii Sengen!,"Kakko-Kawaii Sengen!, Kakko-Kawaii Sengen! 2","Jigoku No Misawa
Original Creator, Mankyuu
Director, Keiji Fujiwara
Sound Director","Jigoku No Misawa : Original Creator, Mankyuu : Director, Keiji Fujiwara : Sound Director"
Interior, Creator's World Project: Interior,Other,,,,"Comedy, Shorts, CG Animation, Original Work",,2011.0,,"The short centers around the unprofitable artist Sam, the unprofitable playwright Bowman, and their friend Gurekku. The one thing they all have in common is that they are poor. The three decide to enter a contest to earn money — but since they cannot afford to mail their entries, they decide to take the long trip to the competition site to bring their entries in person.",,,,,
Domerica the Monster,"Alt titles: Creator's World Project: Domerica the Monster, Monster ni Natta Domerika",Other,,,,"Sci Fi, Monsters, Shorts, CG Animation, Original Work",,2011.0,,"In this ""action epic"" set in the run-down slums, the title character Domerica is transformed into a monster one day.",,,,,
Arigatou Kumanofu,,Other,,Kachidoki Studio,,"Comedy, Animal Protagonists, Bears, Coworkers, Non-Human Protagonists, Short Episodes, Work Life, Flash Animation",,2011.0,2013.0,No synopsis yet - check back soon!,,,,"Takeshi Onaka
Director & Character Design",Takeshi Onaka : Director & Character Design
Shiodome Cable TV,,TV   ,22.0,DLE,,"Comedy, Short Episodes, Flash Animation",,2011.0,,No synopsis yet - check back soon!,,,,,
specimens of obsessions, Hyouhon no tou,Movie,,,,Shorts,,2011.0,,No synopsis yet - check back soon!,,,,"Atsushi Makino
Director",Atsushi Makino : Director
Kurousa-P: ReAct,,Music,,,,Vocaloid,,2011.0,,"The official music video for the Vocaloid song ReAct, by the producer Kurousa-P.",,,Kurousa-P: ACUTE,"Len Kagamine, Miku Hatsune, Rin Kagamine, Kaito, Luka Megurine, Mienohito
Director, Kurousa-P
Producer & Song Composition & Song Lyrics, Miku Hatsune
Song Performance, Rin Kagamine
Song Performance, Len Kagamine
Song Performance, Moka Ichiyou
Illustrator","Mienohito : Director, Kurousa-P : Producer & Song Composition & Song Lyrics, Miku Hatsune : Song Performance, Rin Kagamine : Song Performance, Len Kagamine : Song Performance, Moka Ichiyou : Illustrator"
Chuugakusei,,OVA  ,2.0,,,"Comedy, Original Work",,2011.0,2012.0,"The story takes place on a faraway planet, called ""Chuu-Gakusei,"" where everything is in monochrome. The story follows Tanaka Satou, a junior high school teacher. All his students share the same name of Hiroshi Abe. Both the teacher and students wear a white, skin-tight garment that covers the entire body, including hands, feet and face.A new character, Black Teacher, is introduced and reveals the existence of the Kuro Chuu-Gakusei, an all-black version of the planet.",,,,,
Ganbare!! Nattou-san,,TV   ,,Kachidoki Studio,,"Comedy, Food Protagonists, Non-Human Protagonists, Short Episodes, Flash Animation",,2011.0,,No synopsis yet - check back soon!,,,,,
Sakura no Ondo,,Movie,,ufotable,,"Drama, Shorts, Original Work",,2011.0,,No synopsis yet - check back soon!,,,,"Takayuki Hirao
Director, Keita Shimizu
Character Design","Takayuki Hirao : Director, Keita Shimizu : Character Design"
Mimi-chan no Te to Te to Te,,OVA  ,1.0,,,"Animal Protagonists, Anthropomorphic, Educational, Family Friendly, Non-Human Protagonists, Rabbits",,2011.0,,No synopsis yet - check back soon!,,,,,
Wish upon a Snowdrop, Majutsushi to Yuki no Hana,Movie,,,,Shorts,,2011.0,,No synopsis yet - check back soon!,,,,"Ken Yoshida
Director, Shiro Murakami
Music","Ken Yoshida : Director, Shiro Murakami : Music"
Lei Su Deng Yi Fei Chong Tian, Hover Champs,TV   ,52.0,,,"Action, Chinese Animation, Proxy Battles",,2011.0,2012.0,No synopsis yet - check back soon!,,,,"Matthew, Zoe, Matthew'S Mother",
Tsunagaru,,TV Sp,,,,"Black and White, No Dialogue, Shorts",,2011.0,,No synopsis yet - check back soon!,,,,"Tekken
Director",Tekken : Director
Gattai Robot Atranger,,OVA  ,1.0,AIC,,"Mecha, Sci Fi, Shorts",,2011.0,,No synopsis yet - check back soon!,,,,"Tooru Yoshida
Director, Nittoku Inoue
Music, Hiromitsu Morishita
Character Design","Tooru Yoshida : Director, Nittoku Inoue : Music, Hiromitsu Morishita : Character Design"
Uncapturable Ideas, Idea ga Tsukamaranai.,Movie,,,,"Abstract, Shorts",,2011.0,,No synopsis yet - check back soon!,,,,"Masaki Okuda
Director",Masaki Okuda : Director
Mayi Gongzhu,,TV   ,26.0,,,"Fantasy, Anthropomorphic, Chinese Animation, Family Friendly, Insects, Non-Human Protagonists",,2011.0,,No synopsis yet - check back soon!,,,,,
Tsubuyaki-tai,,Web  ,52.0,,,"Comedy, Short Episodes",,2011.0,2012.0,No synopsis yet - check back soon!,,,Tsubuyaki-tai Specials,"Takashi Taniguchi
Director & Character Design",Takashi Taniguchi : Director & Character Design
Konglong Baobei Zhi Longshen Yongshi 3,,TV   ,52.0,,,"Action, Adventure, Comedy, Sci Fi, Chinese Animation, Family Friendly",,2011.0,,No synopsis yet - check back soon!,,,"Konglong Baobei Zhi Longshen Yongshi, Konglong Baobei Zhi Longshen Yongshi 2",,
Canimals,,TV   ,52.0,,,"Comedy, Animal Protagonists, Anthropomorphic, Cats, Dogs, Family Friendly, Korean Animation, Non-Human Protagonists, Short Episodes, CG Animation",,2011.0,2015.0,Canimals are the Cylinder shape cute animals with their colorful cans to wear. They hide in their cans. The Canimals find something new and interesting in the most common things.,,,,,
Mao Tian Mao Di, Full of Cats,Movie,,Wolf Smoke,,"Comedy, Animal Protagonists, Anthropomorphic, Cats, Chinese Animation, Non-Human Protagonists, Shorts, Flash Animation",,2011.0,,"Mao Tian Mao Di is a school for cats. From students to teachers to janitors, all are cats with unique personalities and quirks. The four protagonists are form one of the classes and undergo a handful of interesting, funny experiences.",,,,,
Ongaku Sekai Ryokou,,TV   ,,,,"Short Episodes, Stop Motion Animation",,2011.0,,No synopsis yet - check back soon!,,,,,
Pakkororin,,TV   ,100.0,,,"Family Friendly, Family Life, Short Episodes, Siblings",,2011.0,,No synopsis yet - check back soon!,,,,"Coron, Pakkun, Rin",
Robocar Poli 2nd Season,,TV   ,26.0,,,"Anthropomorphic, Cars, Family Friendly, Korean Animation, Non-Human Protagonists, Short Episodes, CG Animation, Original Work",,2011.0,2012.0,The second season of Robocar Poli.,,,"Robocar Poli, Robocar Poli 3rd Season","Amber, Helly, Poli, Roy",
"Pleasant Goat and Big Big Wolf: Happy, Happy, Bang! Bang!", Xi Yangyang Yu Hui Tailang Zhi Gei Kuaile Jiayou,TV   ,100.0,Creative Power Entertaining,,"Adventure, Animal Protagonists, Anthropomorphic, Chinese Animation, Family Friendly, Non-Human Protagonists, Short Episodes, Original Work",,2011.0,2012.0,No synopsis yet - check back soon!,,,"Pleasant Goat and Big Big Wolf, Pleasant Goat and Big Big Wolf: Smart Dodging, Pleasant Goat and Big Big Wolf: The Athletic Carousel",,
Kem: Oyasumi,,Music,,Tomoyasu Murata Company,,Dogs,,2011.0,,"The official music video for Oyasumi, by Kem.",,,,"Tomoyasu Murata
Director, Kem
Song Performance","Tomoyasu Murata : Director, Kem : Song Performance"
Pleasant Goat and Big Big Wolf: Smart Dodging, Xi Yangyang Yu Hui Tailang Zhi Qisi Miaoxiang Xi Yangyang,TV   ,60.0,Creative Power Entertaining,,"Adventure, Animal Protagonists, Anthropomorphic, Chinese Animation, Family Friendly, Non-Human Protagonists, Short Episodes, Original Work",,2011.0,,No synopsis yet - check back soon!,,,"Pleasant Goat and Big Big Wolf, Pleasant Goat and Big Big Wolf: Joys of Seasons, Pleasant Goat and Big Big Wolf: Happy, Happy, Bang! Bang!",,
La La La De Ma Xi Ya,,Web  ,10.0,,,"Action, Fantasy, Chinese Animation, Short Episodes, Based on a Video Game",,2011.0,2012.0,No synopsis yet - check back soon!,,,La La La De Ma Xi Ya Second Season,,
Shuimu Juchang 365 Ye Gushi,,TV   ,365.0,,,"Comedy, Chinese Animation, Short Episodes",,2011.0,,No synopsis yet - check back soon!,,,Baobao Yue Xuetang: Binfen Kuaile Hao,,
Shaonian Yuefei Chuanqi, The Legend of Young Yue Fei,Movie,,,,"Drama, Fantasy, Chinese Animation",,2011.0,,No synopsis yet - check back soon!,,,,,
Zoobles!,,TV   ,26.0,Dongwoo A&E,,"Fantasy, Family Friendly",,2011.0,,No synopsis yet - check back soon!,,,,"Chevy : Mai Hirano, Coron : Yuiko Tatsumi, Panky : Manami Numakura, Airo, Alia, Amy, Arl, Blacky : Hiromi Igarashi",
Eori, Eori Iyagi,TV   ,78.0,,,"Adventure, Comedy, Family Friendly, Korean Animation, Short Episodes",,2011.0,2012.0,"Eori has a strong curiosity and is a scamp. One day he helps an unknown friend in trouble in the forest. It turns out Inky, the fairy of all fairy tales in the world. Inky helps Eori get into the book for an exciting story adventure!",,,,"Eori, Inky",
Space Shower TV BIG HITS! ID (gupon),,Other,,,,"Abstract, Black and White, No Dialogue, Promotional, Station Identifications",,2011.0,,"A station identification animation for Space Shower TV BIG HITS!, directed by gupon.",,,,"Gupon
Director, Nyolfen
Music","Gupon : Director, Nyolfen : Music"
Shuxue Huang Dao Lixian Ji 2,,TV   ,40.0,,,"Chinese Animation, Family Friendly",,2011.0,,No synopsis yet - check back soon!,,,"Shuxue Huang Dao Lixian Ji, Shuxue Huang Dao Lixian Ji 3",,
Shuxue Huang Dao Lixian Ji 3,,TV   ,40.0,,,"Chinese Animation, Family Friendly",,2011.0,2013.0,No synopsis yet - check back soon!,,,Shuxue Huang Dao Lixian Ji 2,,
Kaixin Hanzi,,TV   ,100.0,,,"Chinese Animation, Family Friendly, Short Episodes",,2011.0,,No synopsis yet - check back soon!,,,,,
Malasong Wangzi, Marathon Prince,TV   ,52.0,,,"Sports, Chinese Animation, Family Friendly, Running, Short Episodes",,2011.0,,No synopsis yet - check back soon!,,,,,
Ci Xing Qishi, Mix Master Final Force,TV   ,78.0,,,"Chinese Animation, Family Friendly",,2011.0,,No synopsis yet - check back soon!,,,,,
Shuxue Huang Dao Lixian Ji,,TV   ,40.0,,,"Chinese Animation, Family Friendly",,2011.0,,No synopsis yet - check back soon!,,,Shuxue Huang Dao Lixian Ji 2,,
Annyeong Totobi,,TV   ,104.0,,,"Animal Protagonists, Anthropomorphic, Family Friendly, Korean Animation, Non-Human Protagonists",,2011.0,2013.0,No synopsis yet - check back soon!,,,,,
Xiao Huli Faming Ji,,TV   ,52.0,,,"Chinese Animation, Family Friendly",,2011.0,,No synopsis yet - check back soon!,,,,,
Dissimilated Vision, Ikashita Shikaku,Movie,,,,"Abstract, Black and White, Shorts",,2011.0,,No synopsis yet - check back soon!,,,,"Takuto Katayama
Director, Ryouta Kikuchi
Music","Takuto Katayama : Director, Ryouta Kikuchi : Music"
strawberry and octopus,,Web  ,1.0,,,"Christmas, Shorts",,2011.0,,No synopsis yet - check back soon!,,,,"Tarafu Otani
Director",Tarafu Otani : Director
Wanhuatong Li De Shijie,,TV   ,20.0,,,"Anthropomorphic, Chinese Animation, Family Friendly, Short Episodes",,2011.0,,No synopsis yet - check back soon!,,,,,
Chao Shou Wuzhuang: Renzhe Wudi,,TV   ,33.0,,,"Action, Mecha, Sci Fi, Chinese Animation, Sentai",,2011.0,,No synopsis yet - check back soon!,,,,"Kino, Mio, Wyatt",
Fandou Dou,,TV   ,26.0,,,"Chinese Animation, Family Friendly",,2011.0,,No synopsis yet - check back soon!,,,,,
Tiantian Jiayuan,,TV   ,30.0,,,"Animal Protagonists, Anthropomorphic, Chinese Animation, Family Friendly, Non-Human Protagonists, Rabbits, Short Episodes",,2011.0,,No synopsis yet - check back soon!,,,,,
KiyaKiya,,Movie,,,,"Abstract, Shorts",,2011.0,,"""Kiya Kiya"" is a word taken from the old Japanese word ""heart-throbbing"". I came across this word in the volume ""About Toddler Experience"" in Tatsuhiko Shibusawa's ""Introduction to the Girl Collection"". Knowing the existence of these words that express the mood of ""déjà vu"" and ""feeling of nostalgia and anxiety that is hard to explain"" was the catalyst for the production of the ""Kiya Kiya"" series. I did.",,,,"Akino Kondou
Director, John Zorn
Music","Akino Kondou : Director, John Zorn : Music"
In Search of the Blue Sky,,Movie,,MangoWork Studio,,"Action, Sci Fi, Chinese Animation, No Dialogue, Shorts",,2011.0,,No synopsis yet - check back soon!,,,,"Po Chou Chi
Director, Dow Ning Yang
Producer","Po Chou Chi : Director, Dow Ning Yang : Producer"
Mabeob Chunjamun, Magic Han War,TV   ,26.0,,,"Family Friendly, Korean Animation, CG Animation",,2011.0,,"One day, as Bori was training Oki in the arts of character magic, they run into Master Sal, who tells them about the mysterious sorcerer, Jin. Jin is collecting the 108 magic runes to resurrect the evil dark lord Chaos and it's up to Oki and his newfound friends, as well as his knowledge of the character stones to stop Jin from resurrecting Lord Chaos in time. But will he be able?",,,Mabeob Chunjamun 2nd Season,,
Tsubuyaki-tai Specials,,DVD S,,,,Comedy,,2011.0,,No synopsis yet - check back soon!,,,Tsubuyaki-tai,"Takashi Taniguchi
Director & Character Design",Takashi Taniguchi : Director & Character Design
Mole Zhuang Yuan,,TV   ,52.0,,,"Chinese Animation, Family Friendly, Short Episodes",,2011.0,,No synopsis yet - check back soon!,,,"Mole Zhuang Yuan: Shiqian Ji, Mole Zhuang Yuan: Bing Shi Ji, Mole Zhuang Yuan 2nd Season, Mole Zhuang Yuan: Zhou Bo Ju",,
Hei Hei Yu Baibai: Qi Shan Xuexiao,,TV   ,30.0,,,"Comedy, Animal Protagonists, Anthropomorphic, Chinese Animation, Family Friendly, Non-Human Protagonists, Pigs, Short Episodes",,2011.0,,No synopsis yet - check back soon!,,,,,
Better back then,,Movie,,,,"Shorts, Stop Motion Animation, Original Work",,2011.0,,A girl is kept on the trot by a witch and continues to peel potatoes. She is fed up and tries to escape in vain. She gets desperate and decides to beat the witch... After all what she will find? What is her intention? Can we undo what has been done?,,,,"Naoaki Shibuta
Director, Chikara Uemizutaru
Music, Takehito Deguchi
Producer","Naoaki Shibuta : Director, Chikara Uemizutaru : Music, Takehito Deguchi : Producer"
