Name,Japanese_name,Type,Episodes,Studio,Release_season,Tags,Rating,Release_year,End_year,Description,Content_Warning,Related_Mange,Related_anime,Voice_actors,staff
Spirited Away, Sen to Chihiro no Kamikakushi,Movie,,Studio Ghibli,,"Adventure, Fantasy, Curse, Family Friendly, Japanese Mythology, Magic, Person in a Strange World, Youkai, Original Work",4.45,2001.0,,"""Chihiro and her family are on their way to their new home, when they discover an abandoned amusement park. After Chihiro's family mysteriously turn into pigs, she is thrown into a surreal world of magic and fantasy. Join her as she struggles to survive in the bathhouse of the gods, ruled by an evil witch who has stolen not only her name, but her way back to the real world.""",,Spirited Away,,"Chihiro Ogino : Rumi Hiiragi, Haku : Miyu Irino, Boh : Ryunosuke Kamiki, Kamajii : Bunta Sugawara, Kaonashi : Akio Nakamura, Kashira : Akio Nakamura, Rin : Yumi Tamai, Yubaba : Mari Natsuki, Hayao Miyazaki
Director & Original Creator & Screenplay, Masayuki Miyaji
Assistant Director, Atsushi Takahashi
Assistant Director, Joe Hisaishi
Music & Song Arrangement & Song Composition & Song Lyrics, Youji Takeshige
Art Director, Michiyo Yasuda
Color Design, Mitsunori Kataama
Cg Director, Toshio Suzuki
Producer","Hayao Miyazaki : Director & Original Creator & Screenplay, Masayuki Miyaji : Assistant Director, Atsushi Takahashi : Assistant Director, Joe Hisaishi : Music & Song Arrangement & Song Composition & Song Lyrics, Youji Takeshige : Art Director, Michiyo Yasuda : Color Design, Mitsunori Kataama : Cg Director, Toshio Suzuki : Producer"
Cowboy Bebop: The Movie,,Movie,,Bones,,"Action, Sci Fi, Bounty Hunters, Noir, Western, Original Work, Violence",4.21,2001.0,,"""While on the hunt for an underage hacker, Faye is the sole witness to identifying a man who causes a tanker explosion that leaves people up to three miles away in comas. The bounty that ensues is the largest the galaxy has EVER seen, 300,000,000 wulongs. It's up to Spike and the gang to solve the mystery of this strange disease, and to stop the assailant at large, for failure would result in all life on Mars being eliminated on Halloween night.""",Violence,"Cowboy Bebop: Shooting Star, Cowboy Bebop","Cowboy Bebop, Cowboy Bebop Session XX: Mish-Mash Blues, Cowboy Bebop: Ein's Summer Vacation","Edward : Aoi Tada, Faye Valentine : Megumi Hayashibara, Jet Black : Unshou Ishizuka, Spike Spiegel : Kouichi Yamadera, Vincent Volaju : Tsutomu Isobe, Ein, Electra Ovilo : Ai Kobayashi, Rasheed : Mickey Curtis, Shinichirou Watanabe
Director, Youko Kanno
Music, Toshihiro Kawamoto
Character Design, Masahiko Minami
Producer, Masuo Ueda
Producer, Minoru Takanashi
Producer, Shuuichi Kakesu
Editor, Keiko Nobumoto
Screenplay","Shinichirou Watanabe : Director, Youko Kanno : Music, Toshihiro Kawamoto : Character Design, Masahiko Minami : Producer, Masuo Ueda : Producer, Minoru Takanashi : Producer, Shuuichi Kakesu : Editor, Keiko Nobumoto : Screenplay"
Detective Conan Movie 5: Countdown to Heaven, Meitantei Conan Movie 5: Tengoku no Countdown,Movie,,TMS Entertainment,,"Drama, Mystery, Shounen, Age Transformation, Conspiracy, Detectives, Based on a Manga",4.13,2001.0,,"""After enjoying a camping trip, Conan, Haibara and the rest of the Detective Boys take a trip to the newly-constructed Nishitamashi Twin Tower Buildings - considered by some to be the closest place to heaven. However, when a man is found dead, foul play is suspected; and Conan believes that the organization who poisoned him and turned his body into that of a child's is somehow involved. Meanwhile, Haibara has become suspicious, sneaking off to make phone calls in the night. Could these events be related?""",,"Magic Kaitou, Case Closed, Detective Conan: Tokubetsu-hen, Detective Conan (Shima MIZUKI) (Light Novel), Meitantei Conan: Tengoku e no Countdown, Detective Conan: Zero's Tea Time","Detective Conan, Detective Conan Movie 1: The Time Bombed Skyscraper, Detective Conan Movie 2: The Fourteenth Target, Detective Conan Movie 3: The Last Magician of the Century, Detective Conan Movie 4: Captured In her Eyes, Detective Conan Movie 6: The Phantom of Baker Street, Detective Conan Movie 7: Crossroad in the Ancient Capital, Detective Conan Movie 8: Magician of the Silver Sky, Detective Conan Movie 9: Strategy Above the Depths, Detective Conan Movie 10: The Private Eyes' Requiem, Detective Conan Movie 11: Jolly Roger in the Deep Azure, Detective Conan Movie 12: Full Score of Fear, Detective Conan Movie 13: The Raven Chaser, Detective Conan Movie 14: The Lost Ship in the Sky, Detective Conan Movie 15: Quarter of Silence, Detective Conan Movie 16: The Eleventh Striker, Detective Conan Movie 17: Zekkai no Private Eye, Detective Conan Movie 18: The Sniper From Another Dimension, Detective Conan Movie 19: The Hellfire Sunflowers, Detective Conan Movie 20: The Darkest Nightmare, Detective Conan Movie 21: Kara Kurenai no Love Letter, Detective Conan Movie 22: Zero The Enforcer, Detective Conan Movie 23: The Fist of Blue Sapphire, Detective Conan Movie 24: The Scarlet Bullet","Ai Haibara : Megumi Hayashibara, Conan Edogawa : Minami Takayama, Kogoro Mori : Akira Kamiya, Ran Mori : Wakana Yamazaki, Ayumi Yoshida : Yukiko Iwai, Genta Kojima : Wataru Takagi, Juzo Megure : Chafurin, Mitsuhiko Tsuburaya : Ikue Ootani, Gosho Aoyama
Original Creator, Kenji Kodama
Director & Storyboard, Junichi Iioka
Series Composition, Katsuo Ono
Music, Masatomo Sudou
Character Design & Chief Animation Director, Takashi Nomura
Photography Director, Yukihiro Shibutani
Art Director, Kayoko Nishi
Color Design","Gosho Aoyama : Original Creator, Kenji Kodama : Director & Storyboard, Junichi Iioka : Series Composition, Katsuo Ono : Music, Masatomo Sudou : Character Design & Chief Animation Director, Takashi Nomura : Photography Director, Yukihiro Shibutani : Art Director, Kayoko Nishi : Color Design"
Rurouni Kenshin: Seisouhen, Samurai X: Reflection,OVA  ,2.0,Studio DEEN,,"Drama, Romance, 19th Century, Adult Couples, Mature Romance, Melancholy, Samurai, Swordplay, Based on a Manga",4.1,2001.0,,"""This beautiful finale to the Kenshin series will tear at your emotions. Himura Kenshin is back for his grand finale, while a vengeful figure from Kenshin's past named Enishi seeks revenge for the death of his sister. Find out how Kenshin tries to overcome this foe when Kaoru, his love, is kidnapped.""",,"Rurouni Kenshin, Rurouni Kenshin: Voyage to the Moon World (Light Novel), Rurouni Kenshin: Yahiko no Sakabatou, Rurouni Kenshin: Cherry Blossoms in the Spring, Rurouni Kenshin: Restoration, Rurouni Kenshin Uramaku: Honoo wo Suberu, Rurouni Kenshin: Meiji Kenkaku Romantan - Hokkaido-hen, Rurouni Kenshin Side Story: The Ex-Con Ashitaro","Rurouni Kenshin, Rurouni Kenshin: Special Techniques, Rurouni Kenshin Movie, Rurouni Kenshin: Tsuiokuhen, Rurouni Kenshin: New Kyoto Arc","Kaoru Kamiya : Miki Fujitani, Kenshin Himura : Mayo Suzukaze, Sanosuke Sagara : Yuuji Ueda, Yahiko Myojin : Miina Tominaga, Enishi Yukishiro : Nozomu Sasaki, Hajime Saitou : Hirotaka Suzuoki, Megumi Takani : Mika Doi, Seijuro Hiko : Shuuichi Ikeda, Nobuhiro Watsuki
Original Creator, Kazuhiro Furuhashi
Director, Taku Iwasaki
Music, Akira Matsushima
Character Design, Keiichi Matsuda
Producer, Ena Kriyama
Producer, Hisashi Sasaki
Producer, Masana Takahashi
Producer","Nobuhiro Watsuki : Original Creator, Kazuhiro Furuhashi : Director, Taku Iwasaki : Music, Akira Matsushima : Character Design, Keiichi Matsuda : Producer, Ena Kriyama : Producer, Hisashi Sasaki : Producer, Masana Takahashi : Producer"
Initial D Third Stage,,Movie,,Studio DEEN,,"Drama, Seinen, Sports, Cars, Racing, Based on a Manga",4.07,2001.0,,"'After many trials and victories, Takumi has finally claimed the title of Akina’s downhill hero. Now, a genius called Takahashi Ryousuke is forming a team of Gunma’s top street racers. With his talented brother Keisuke already recruited, Ryousuke steps up to Takumi and offers him a spot in this professional racing team. Before giving answer to this proposal, however, Takumi wants to test his skills one more time and see if he is worthy -- and he has his sights set on Sudou Kyoichi, who defeated him once before. Can Takumi pass the final test he has laid out for himself?'",,Initial D,"Initial D, Initial D Second Stage, Initial D Extra Stage, Initial D Battle Stage, Initial D: Project D to the Next Stage - Project D e Mukete, Initial D Fourth Stage, Initial D Battle Stage 2, Initial D Extra Stage 2: Tabidachi no Green, Initial D Fifth Stage, Initial D Final Stage, Initial D Legend 1: Awakening, Initial D Legend 2: Racer, Initial D Legend 3: Dream, Initial D Battle Stage 3","Takumi Fujiwara : Shinichirou Miki, Bunta Fujiwara : Unshou Ishizuka, Itsuki Takeuchi : Mitsuo Iwata, Kai Kogashiwa : Nobutoshi Canna, Keisuke Takahashi : Tomokazu Seki, Kenji : Wataru Takagi, Koichiro Iketani : Kazuki Yao, Kyouichi Sudou : Masahiko Tanaka, Shuichi Shigeno
Original Creator, Ryuuichi Katsumata
Music, Kazumi Satou
Character Design, Kayo Fukuda
Producer, Takayuki Nagasawa
Producer, Nobuaki Kishima
Screenplay, Takashi Asami
Ed Director","Shuichi Shigeno : Original Creator, Ryuuichi Katsumata : Music, Kazumi Satou : Character Design, Kayo Fukuda : Producer, Takayuki Nagasawa : Producer, Nobuaki Kishima : Screenplay, Takashi Asami : Ed Director"
Millennium Actress, Sennen Joyuu,Movie,,MADHOUSE,,"Adventure, Drama, Acting, Unrequited Love, Original Work",4.07,2001.0,,"'What starts as a simple interview of a legendary actress becomes a journey through the history of Japan. But this is no ordinary lesson; from the perspective of this actress, we learn of the beauty and sadness of love, the pain and regret and joy of the Japanese people and their film, through this film: Millennium Actress.'",,,,"Chiyoko Fujiwara : Fumiko Orikasa, Genya Tachibana : Shozo Iizuka, Kyoji Ida : Masaya Onosaka, Man Of The Key : Kouichi Yamadera, Chiyoko'S Mother : Hisako Kyouda, Eiko Shimao : Shoko Tsuda, Ginei Senior Director : Kan Tokumaru, Mino : Tomie Kataoka, Satoshi Kon
Director & Character Design, Susumu Hirasawa
Music, Takeshi Honda
Character Design, Tarou Maki
Producer","Satoshi Kon : Director & Character Design, Susumu Hirasawa : Music, Takeshi Honda : Character Design, Tarou Maki : Producer"
Fruits Basket,,TV   ,26.0,Studio DEEN,Summer,"Comedy, Drama, Fantasy, Romance, Shoujo, Animal Transformation, Contemporary Fantasy, Curse, Death of a Loved One, Dysfunctional Families, Love Triangle, Orphans, Roommates, Based on a Manga",3.99,2001.0,,"""Tohru Honda is a compassionate girl who is down on her luck. Her mother having recently died, she has been forced to camp out in the woods for shelter. However, things start to turn around once she is invited to live with class hunk Yuki Sohma and his family... but all is not as it seems! Yuki's family is burdened with a dark curse which causes them to turn into the animals of the Chinese zodiac once hugged by a member of the opposite sex... and Honda may be the only one who can help them.""",,"Fruits Basket, Fruits Basket Another, Fruits Basket: The Three Musketeers Arc",,"Kyo Sohma : Tomokazu Seki, Shigure Sohma : Ryotaro Okiayu, Tohru Honda : Yui Horie, Yuki Sohma : Aya Hisakawa, Akito Sohma : Yuka Imai, Ayame Sohma : Mitsuru Miyamoto, Hatori Sohma : Kazuhiko Inoue, Hatsuharu Sohma : Akemi Okamura, Natsuki Takaya
Original Creator, Akitarou Daichi
Director & Sound Director & Storyboard, Nagisa Miyazaki
Assistant Director & Episode Director, Rika Nakase
Screenplay & Series Composition, Jun Abe
Music, Seiji Muto
Music, Akemi Hayashi
Animation Director & Character Design & Chief Animation Director & Key Animator, Masayuki Kawaguchi
Photography Director","Natsuki Takaya : Original Creator, Akitarou Daichi : Director & Sound Director & Storyboard, Nagisa Miyazaki : Assistant Director & Episode Director, Rika Nakase : Screenplay & Series Composition, Jun Abe : Music, Seiji Muto : Music, Akemi Hayashi : Animation Director & Character Design & Chief Animation Director & Key Animator, Masayuki Kawaguchi : Photography Director"
Hikaru no Go,,TV   ,75.0,Pierrot,Fall ,"Shounen, Board Games, Body Sharing, Ghosts, Psychological, Supernatural, Tournaments, Based on a Manga",3.97,2001.0,2003.0,"""While examining an old Go board in his grandfather's basement, twelve-year-old Shindo Hikaru is possessed by the restless spirit of Sai, an ancient Go master who has waited for over one thousand years to play the Hand of God: the perfect move. Sai convinces Hikaru to act as a vessel for making his moves, but it is soon clear that Hikaru also enjoys Go and wants to play his own games. Moreover, the rules of Go have changed since Sai's time, and Go players from all over the world are now much stronger, having had the benefit of hundreds of years of evolution and experimentation by the masters before them. Can this unlikely pair form a successful partnership and rise to the top of Japan's Go community, and can Sai finally play the Hand of God and find some peace?""",,Hikaru no Go,"Hikaru no Go: Special Edition - Match of Justice! The Ancient Flower Blooms!, Hikaru no Go: New Year Special, Hikaru no Go: Journey to the North Star Cup, Hikaru no Go: Memories","Akira Touya : Sanae Kobayashi, Hikaru Shindou : Tomoko Kawakami, Sai : Susumu Chiba, Akari Fujisaki : Yumi Kakazu, Kousuke Ochi : Youko Matsuoka, Kouyo Touya : Eizou Tsuda, Seiji Ogata : Keiji Fujiwara, Shinichiro Isumi : Kenichi Suzumura, Yumi Hotta
Original Creator, Tetsuya Endou
Director, Susumu Nishizawa
Director, Kei Wakakusa
Music, Hideyuki Motohashi
Character Design, Kunitoshi Okajima
Episode Director, Hideki Tonokatsu
Episode Director & Storyboard, Toshinori Narita
Episode Director & Storyboard","Yumi Hotta : Original Creator, Tetsuya Endou : Director, Susumu Nishizawa : Director, Kei Wakakusa : Music, Hideyuki Motohashi : Character Design, Kunitoshi Okajima : Episode Director, Hideki Tonokatsu : Episode Director & Storyboard, Toshinori Narita : Episode Director & Storyboard"
Hellsing,,TV   ,13.0,GONZO,Fall ,"Action, Horror, Seinen, Conspiracy, England, Europe, Guns, Master-Servant Relationship, Non-Human Protagonists, Overpowered Main Characters, Supernatural, Vampires, Based on a Manga, Mature Themes,, Sexual Content,, Suicide,, Violence",3.92,2001.0,2002.0,"""In present day England, a war is being fought. The average citizen does not notice, but vampires are running rampant among the populace, and it's up to the Hellsing organization to contain the bloodsucker threat, using even their own weapons against them. Alucard, a vampire himself, is the best agent the organization has to offer, answering only to Integra Hellsing herself. No one knows much about this mysterious figure fighting against the occult, but things starts to change after he “recruits” a new agent to the establishment...""","Mature Themes,, Sexual Content,, Suicide,, Violence","Hellsing, Hellsing: The Dawn","Hellsing: Psalm of Darkness, Hellsing Ultimate: Digest for Freaks, Hellsing Ultimate, Hellsing: The Dawn","Alucard : Jouji Nakata, Integra Fairbrook Wingates Hellsing : Yoshiko Sakakibara, Seras Victoria : Fumiko Orikasa, Alexander Anderson : Nachi Nozawa, Incognito : Takumi Yamazaki, Walter C. Dornez : Motomu Kiyokawa, Arthur Hellsing : Chikao Ohtsuka, Baobhan Sith : Mika Doi, Kouta Hirano
Original Creator, Umanosuke Iida
Director, Chiaki J. Konaka
Screenplay & Series Composition, Yasushi Ishii
Music, Toshiharu Murata
Character Design, Daisuke Kawakami
Producer, Kengo Shigemura
Editor, Tomio Yamauchi
Episode Director","Kouta Hirano : Original Creator, Umanosuke Iida : Director, Chiaki J. Konaka : Screenplay & Series Composition, Yasushi Ishii : Music, Toshiharu Murata : Character Design, Daisuke Kawakami : Producer, Kengo Shigemura : Editor, Tomio Yamauchi : Episode Director"
Banner of the Stars II, Seikai no Senki II,TV   ,10.0,Sunrise,Summer,"Sci Fi, Outer Space, Political, Space Opera, War, Based on a Novel",3.92,2001.0,,"""Lafiel and Jinto are assigned to what they think is a routine diplomatic mission at a planet newly conquered by the Abh. But little do they know that the planet is no less than a penal colony for the galaxy's most ruthless and violent! When an all out war breaks out in the surface, the two are caught in the middle... and it may cost one of them their life!""",,"Crest of the Stars (Light Novel), Banner of the Stars (Light Novel), Seikai Trilogy: Crest of the Stars, Seikai no Monshou (Kouichirou YONEMURA)","Crest of the Stars, Crest of the Stars: Tokubetsu Hen, Banner of the Stars, Crest of the Stars: Birth, Banner of the Stars: Tokubetsu Hen, Banner of the Stars II Recap, Banner of the Stars III","Jinto Lin : Yuka Imai, Lafiel Abriel : Ayako Kawasumi, Beneej Spoor : Rica Fukami, Ekuryua : Kaori Shimizu, Geol Meideen : Kinryuu Arimoto, Lala Shangal : Emi Shinohara, Mikay Angusson : Kiyoyuki Yanada, Nefee Bebaus : Kazuhiko Inoue, Yasuchika Nagaoka
Director, Yuuichirou Takeda
Series Composition, Katsuhisa Hattori
Music, Keisuke Watabe
Character Design, Atsushi Sugita
Producer, Mikihiro Iwata
Producer","Yasuchika Nagaoka : Director, Yuuichirou Takeda : Series Composition, Katsuhisa Hattori : Music, Keisuke Watabe : Character Design, Atsushi Sugita : Producer, Mikihiro Iwata : Producer"
The Prince of Tennis, Tennis no Ouji-sama,TV   ,178.0,Production I.G,Fall ,"Comedy, Drama, Shounen, Sports, Tennis, Based on a Manga",3.9,2001.0,2005.0,"'Meet Ryoma Echizen, the cocky prince of tennis. He comes to Japan from America where he is known as the Prince of Tennis – but that is no surprise considering he is the son of the former tennis pro, Nanjiroh Echizen, otherwise known as the Samurai! Upon transferring to the school Seishun Gakuen, he meets the regulars of the tennis club, and becomes the first freshman to become a regular; but he has a lot to learn yet about being a tennis star. Ryoma, along with the rest of his teammates, aspire to win the Nationals; but first, they must defeat the other teams which stand in their way!'",,"Prince of Tennis, Houkago no Ouji-sama, Shin Tennis no Ouji-sama","The Prince of Tennis: A Day on Survival Mountain, The Prince of Tennis: New Year's Special, The Prince of Tennis Movie 1: Two Samurai - The First Game, The Prince of Tennis: A Gift from Atobe, The Prince of Tennis: The National Tournament, The Prince of Tennis: The National Tournament - Semifinal, The Prince of Tennis: The National Tournament - Final, The Prince of Tennis: Another Story - Kako to Mirai no Message, The Prince of Tennis Mini Theater, The Prince of Tennis: Message in a Bottle, The Prince of Tennis: TV Anime-ban Pair Puri Picture Drama, The Prince of Tennis: Another Story II - Ano Toki no Bokura, The Prince of Tennis Movie 2: Eikoku-shiki Teikyuu Shiro Kessen!, The Prince of Tennis II, The Prince of Tennis II Specials, The Prince of Tennis II OVA vs. Genius 10, Miloha x The Prince of Tennis, Ryouma! Shinsei Tennis no Ouji-sama, The Prince of Tennis II: U-17 World Cup","Eiji Kikumaru : Hiroki Takahashi, Kaoru Kaidou : Kohei Kiyasu, Kunimitsu Tezuka : Ryotaro Okiayu, Ryoma Echizen : Junko Minagawa, Sadaharu Inui : Kenjirou Tsuda, Shuichirou Oishi : Takayuki Kondou, Shuusuke Fuji : Yuki Kaida, Takashi Kawamura : Naru Kawamoto, Takeshi Konomi
Original Creator, Takayuki Hamana
Director & Episode Director & Storyboard, Masashi Sogo
Screenplay & Series Composition, Cheru Watanabe
Music, Akiharu Ishii
Character Design, Youko Matsushita
Producer, Yutaka Sugiyama
Producer, Keisuke Iwata
Producer","Takeshi Konomi : Original Creator, Takayuki Hamana : Director & Episode Director & Storyboard, Masashi Sogo : Screenplay & Series Composition, Cheru Watanabe : Music, Akiharu Ishii : Character Design, Youko Matsushita : Producer, Yutaka Sugiyama : Producer, Keisuke Iwata : Producer"
Read or Die, R.O.D - Read or Die,OVA  ,3.0,Studio DEEN,,"Action, Sci Fi, Superpowers, Based on a Light Novel",3.88,2001.0,2002.0,"'Secret agent for the British Libraries, Yomiko Readman, has an infatuation with books. When she purchases one of the books that contain the notes for a plan to purge the world of humanity, Yomiko (along with the help of Ms. Deep and Drake) uses her powers of paper manipulation to stop a group of resurrected men from fulfilling the plan.'",,"R.O.D: Read or Die, R.O.D - Read or Die (Light Novel), R.O.D: Read or Dream",Read Or Die TV,"Nancy Makuhari : Michiko Neya, Yomiko Readman : Rieko Miura, Drake Anderson : Masami Iwasaki, Genjo Sanzo : Hiroki Takahashi, Gennai Hiraga : Ryousuke Ootani, Ikkyu : Kondo Atsushi, Jean-Henri Fabre : Kunihiko Takani, Joseph Carpenter : Hozumi Gouda, Hideyuki Kurata
Original Creator, Kouji Masunari
Director, Taku Iwasaki
Music, Masashi Ishihama
Character Design, Masatoshi Fujimoto
Producer, Keiichi Matsuda
Producer, Yasuomi Umetsu
Key Animator, Fumihide Sai
Key Animator","Hideyuki Kurata : Original Creator, Kouji Masunari : Director, Taku Iwasaki : Music, Masashi Ishihama : Character Design, Masatoshi Fujimoto : Producer, Keiichi Matsuda : Producer, Yasuomi Umetsu : Key Animator, Fumihide Sai : Key Animator"
Haré+Guu, Jungle Wa Itsumo Hale Nochi Guu,TV   ,26.0,Shin-Ei Animation,Spring,"Comedy, Shounen, Slice of Life, Forest, Gag, Jungle, Overpowered Main Characters, Parody, Based on a Manga",3.86,2001.0,,"'Haré and his mother live peacefully in the jungle, until one day\xa0the boy\xa0is overtaken by a omnipotent shadow. Later, he awakens to find Guu, a strange girl with even stranger abilities - notably, the ability to switch from a cute, lovable Guu, to a menacing delinquent who eats everything. Now Haré must live with Guu, and lead a normal life, despite her oddities.'",,"Haré+Guu, HareGuu","Haré+Guu DELUXE, Haré+Guu FINAL","Guu : Naoko Watanabe, Haré : Rikako Aikawa, Asio : Ryotaro Okiayu, Bell : Mari Yokoo, Clive : Mitsuaki Madono, Mari : Yuki Matsuoka, Toposte : Konomi Maeda, Weda : Kaoru Morota, Renjuro Kindaichi
Original Creator, Tsutomu Mizushima
Director, Akifumi Tada
Music, Hiroshi Kugimiya
Character Design, Hidenori Itabashi
Producer, Itsurou Kawasaki
Storyboard, Mitsuko Ooya
Key Animator","Renjuro Kindaichi : Original Creator, Tsutomu Mizushima : Director, Akifumi Tada : Music, Hiroshi Kugimiya : Character Design, Hidenori Itabashi : Producer, Itsurou Kawasaki : Storyboard, Mitsuko Ooya : Key Animator"
Vandread: The Second Stage,,TV   ,13.0,GONZO,Fall ,"Comedy, Mecha, Sci Fi, Aliens, Outer Space, Original Work",3.86,2001.0,2002.0,"""The final test of Hibiki, Dita, Meia, Jura and their friends on the Nirvana draws near as the battle with their enemy's mothership approaches. In order to triumph, Hibiki will have to discover his true self, and the pilots will have to build a comradery strong enough to deploy their ultimate weapon...""",,"Vandread: First Stage (Light Novel), Vandread, Vandread: The Second Stage (Light Novel), Vandread Special Stage, Vandread: The Extra Stage (Light Novel)","Vandread, Vandread Integral, Vandread Turbulence","Bart Garsus : Tomokazu Seki, Dita Liebely : Yumi Kakazu, Hibiki Tokai : Hiroyuki Yoshino, Jura Basil Elden : Yuu Asakawa, Meia Gisborn : Fumiko Orikasa, Barnette Orangello : Michiko Neya, Buzam A. Calessa : Yoko Soumi, Duelo Mcfile : Hideki Tasaka, Takeshi Mori
Director, Yasunori Iwasaki
Music, Kazuya Kuroda
Character Design, Hiroaki Matsuura
Cg Director, Masashi Tsukino
Producer, Hideo Shimosaka
Animation Director","Takeshi Mori : Director, Yasunori Iwasaki : Music, Kazuya Kuroda : Character Design, Hiroaki Matsuura : Cg Director, Masashi Tsukino : Producer, Hideo Shimosaka : Animation Director"
Salaryman Kintaro,,TV   ,20.0,JCF,Winter,"Comedy, Drama, Seinen, Coworkers, Salaryman, Work Life, Based on a Manga",3.85,2001.0,,"""After former motorcycle gang leader Yajima Kintaro saves the life of the Yamato Construction Company's CEO, he is offered a job working for the company. However, when it becomes apparent that a corrupt faction of the company is trying to gain full control, Kintaro's moral and physical strengths become more useful than the CEO ever imagined. As he works his way up the career ladder Kintaro is forced to deal with many problems, from confrontations with Yakuza bosses to preventing the collapse of a tunnel. But can an uneducated and rowdy person really make it as a salaryman?""",,Salaryman Kintarou,,"Kintaro Yajima : Taisei Miyamoto, Misuzu Suenaga : Atsuko Tanaka, Genzou Ooshima : Takeshi Watabe, Ichirou Maeda : Kouichi Nagano, Igou Ryuuzou : Kousei Tomita, Masakazu Tanaka : Tomoyuki Tanaka, Morinosuke Yamato : Kiyoshi Kawabata, Rumiko : Hidetoshi Nakamura, Hiroshi Motomiya
Original Creator, Tomoharu Katsumata
Director, Masami Suda
Character Design, Yoshikazu Iwanami
Sound Director, Tetsuo Genshou
Producer, Tooru Nakano
Producer, Shigeru Nishiyama
Editor, Tomio Yamauchi
Episode Director","Hiroshi Motomiya : Original Creator, Tomoharu Katsumata : Director, Masami Suda : Character Design, Yoshikazu Iwanami : Sound Director, Tetsuo Genshou : Producer, Tooru Nakano : Producer, Shigeru Nishiyama : Editor, Tomio Yamauchi : Episode Director"
InuYasha The Movie 1: Affections Touching Across Time, InuYasha Movie 1: Toki wo Koeru Omoi,Movie,,Sunrise,,"Fantasy, Romance, Shounen, Animal Characteristics, Demons, Feudal Japan, Non-Human Protagonists, Person in a Strange World, Based on a Manga",3.81,2001.0,,"'With plenty of demons still after the magical Shikon no Tama shards, Inuyasha and Kagome continue their search bravely. But when one of those shards awakens Menomaru, the son of the strong demon Hyoga who was sealed away by Inuyasha’s father, they run into a power far greater than any before. Even after mastering the ultimate attack of the demon sword Tetsusaiga, can Inuyasha do what his father couldn’t and finish off this monstrous demonic power, or is every soul in the world doomed to be consumed by it?'",,InuYasha,"InuYasha, InuYasha The Movie 2: The Castle Beyond the Looking Glass, InuYasha The Movie 3: Swords of an Honorable Ruler, InuYasha The Movie 4: Fire on the Mystic Island, InuYasha: Kuroi Tessaiga, InuYasha: The Final Act","Inuyasha : Kappei Yamaguchi, Kagome Higurashi : Satsuki Yukino, Menoumaru Hyouga : Tomokazu Seki, Miroku : Kouji Tsujitani, Sango : Houko Kuwashima, Shippo : Kumiko Watanabe, Hachi : Toshihiko Nakajima, Hari : Tomoko Kawakami, Rumiko Takahashi
Original Creator, Toshiya Shinohara
Director, Kaoru Wada
Music, Hideyuki Motohashi
Character Design, Yoshihito Hishinuma
Character Design, Masuo Ueda
Producer, Michihiko Suwa
Producer, Mikihiro Iwata
Producer","Rumiko Takahashi : Original Creator, Toshiya Shinohara : Director, Kaoru Wada : Music, Hideyuki Motohashi : Character Design, Yoshihito Hishinuma : Character Design, Masuo Ueda : Producer, Michihiko Suwa : Producer, Mikihiro Iwata : Producer"
Banner of the Stars: Tokubetsu Hen, Seikai no Senki: Tokubetsu Hen,TV Sp,,Sunrise,,"Sci Fi, Outer Space, Space Opera, War, Based on a Novel",3.81,2001.0,,"'Three years of uneasy have passed since the Four Nations Alliance declared war on the Abh Empire. With both sides decimated by the first encounter, the lull in violence has provided enough time to build fleets massive enough to span the entire galaxy. Just before the Abh complete preparations for their conquest, however, the Alliance launches a pre-emptive strike, forcing them to take the defensive. Now in command of her own ship, Lafiel is assigned to the fleet as a destroyer captain, and eagerly awaits the opportunity to prove herself as a true Abriel. But when a new class of enemy ship appears on the front lines, the tides quickly turn for the worse. With her vessel now little more than cannon fodder, her dreams are turned into a desperate race for survival - can she and her crew survive amidst a battlefield of endless death and destruction?'",,"Crest of the Stars (Light Novel), Banner of the Stars (Light Novel), Seikai Trilogy: Crest of the Stars","Crest of the Stars, Crest of the Stars: Tokubetsu Hen, Banner of the Stars, Crest of the Stars: Birth, Banner of the Stars II, Banner of the Stars III","Jinto Lin : Yuka Imai, Lafiel Abriel : Ayako Kawasumi, Ekuryua : Kaori Shimizu, Atsushi Sugita
Producer, Mikihiro Iwata
Producer, Yuuichirou Takeda
Screenplay","Atsushi Sugita : Producer, Mikihiro Iwata : Producer, Yuuichirou Takeda : Screenplay"
Initial D Extra Stage,,OVA  ,2.0,Pastel,,"Drama, Seinen, Sports, Cars, Racing, Based on a Manga, Nudity",3.81,2001.0,,"'Mako and Sayuki make up the well known street racing team from Usui known as Impact Blue. Mako does the driving and Sayuki tells her what moves to make. After the Myougi Night Kids have been defeated by the powerful Emperors team, consisting of only Lan-EVOs, word spreads fast. Since Myougi and Usui are neighbouring cities, Shingo of the Night Kids, a childhood friend of Sayuki, comes to warn them about the power of these cars. But after just breaking up with her boyfriend, does Mako even want to continue street racing?'",Nudity,Initial D,"Initial D, Initial D Second Stage, Initial D Third Stage, Initial D Battle Stage, Initial D: Project D to the Next Stage - Project D e Mukete, Initial D Fourth Stage, Initial D Battle Stage 2, Initial D Extra Stage 2: Tabidachi no Green, Initial D Fifth Stage, Initial D Final Stage, Initial D Legend 1: Awakening, Initial D Legend 2: Racer, Initial D Legend 3: Dream, Initial D Battle Stage 3","Mako Sato : Michiko Neya, Sayuki : Yumi Kakazu, Miyahara : Tomoyuki Shimura, Ren Nogami : Kouji Yusa, Satake : Kiyoyuki Harita, Shingo Shoji : Keiji Fujiwara, Takeshi Nakazato : Nobuyuki Hiyama, Itsuki Takeuchi : Mitsuo Iwata, Shuichi Shigeno
Original Creator, Shin Misawa
Director, Jou Tanaka
Animation Director & Character Design & Chief Animation Director & Storyboard, Noboru Furuse
Character Design, Kayo Fukuda
Producer, Yoshimi Asari
Producer, Mitsutoshi Kubota
Producer, Kenji Yasuda
Episode Director","Shuichi Shigeno : Original Creator, Shin Misawa : Director, Jou Tanaka : Animation Director & Character Design & Chief Animation Director & Storyboard, Noboru Furuse : Character Design, Kayo Fukuda : Producer, Yoshimi Asari : Producer, Mitsutoshi Kubota : Producer, Kenji Yasuda : Episode Director"
Shaman King,,TV   ,64.0,XEBEC,Summer,"Action, Adventure, Comedy, Shounen, Tournaments, Based on a Manga",3.81,2001.0,2002.0,"'The time has come for the next Shaman King to be crowned in the great Shaman Fight. Yoh Asakura is one such hopeful, a kind-hearted boy with a hidden power... and a terrible secret. Now, the fate of all mankinds rests in the hands of Yoh and his companions as they must battle the most powerful shaman who ever lived!'",,"Shaman King, Shaman King Kang Zeng Bang, Shaman King: Flowers (Pilot), Shaman King: Zero, Shaman King: Flowers, Shaman King: The Super Star, Shaman King: Red Crimson, Shaman King: Faust8 - Eien no Eliza (Light Novel), Shaman King & a garden, Shaman King Faust8: Eien no Eliza","Shaman King Specials, Shaman King (2021)","Horohoro : Yuuji Ueda, Manta Oyamada : Inuko Inuyama, Ryunosuke Umemiya : Masahiko Tanaka, Tao Ren : Romi Park, Yoh Asakura : Yuuko Satou, Amidamaru : Mitsuki Saiga, Anna Kyoyama : Megumi Hayashibara, Bason : Shinpachi Tsuji, Hiroyuki Takei
Original Creator, Seiji Mizushima
Director, Toshiyuki Omori
Music, Akio Takami
Character Design, Fukashi Azuma
Producer, Takatoshi Chino
Producer, Katsunori Naruke
Producer, Shingo Kaneko
Episode Director","Hiroyuki Takei : Original Creator, Seiji Mizushima : Director, Toshiyuki Omori : Music, Akio Takami : Character Design, Fukashi Azuma : Producer, Takatoshi Chino : Producer, Katsunori Naruke : Producer, Shingo Kaneko : Episode Director"
You're Under Arrest! Fast & Furious, Taiho Shichau zo: Second Season,TV   ,26.0,Studio DEEN,Spring,"Action, Comedy, Drama, Seinen, Coworkers, Police, Work Life, Based on a Manga",3.79,2001.0,,"""Life goes on and it's business as usual at Bokuto Station -- almost. A new colleague arrives and Miyuki & Natsumi are put to the task of teaching this hyperactive newcomer the rules of the station and how to handle criminals, among other things. As life teaches us, things tend to always change, not staying the same, and some, it seems, have a harder time coping than others. You're Under Arrest! Season 2 is more focused on character development and interactions between the staff, in this continuation of a lighthearted look at Bokuta Station and those who work within it.""",,You're Under Arrest!,"You're Under Arrest! OVA, You're Under Arrest!, You're Under Arrest! Diverting Traffic at the Beach, You're Under Arrest: Mini-Specials, You're Under Arrest! The Movie, You're Under Arrest! No Mercy!!, You're Under Arrest: Full Throttle, You're Under Arrest: Full Throttle Special","Miyuki Kobayakawa : Akiko Hiramatsu, Natsumi Tsujimoto : Sakiko Tamagawa, Futaba Aoi : Rica Matsumoto, Kachou : Issei Masamune, Ken Nakajima : Bin Shimada, Megumi Honda : Ayaka Saitou, Saori Saga : Mayumi Iizuka, Sena Nakajima : Fumiko Orikasa, Kosuke Fujishima
Original Creator, Shougo Kawamoto
Director, Kow Otani
Music, Atsuko Nakajima
Character Design, Toshiharu Murata
Mechanical Design","Kosuke Fujishima : Original Creator, Shougo Kawamoto : Director, Kow Otani : Music, Atsuko Nakajima : Character Design, Toshiharu Murata : Mechanical Design"
Mei and the Baby Cat Bus, Mei to Koneko Bus,Movie,,Studio Ghibli,,"Adventure, Fantasy, Animal Protagonists, Cats, Contemporary Fantasy, Countryside, Family Friendly, Ghibli Museum Shorts, Non-Human Protagonists, Shorts",3.78,2001.0,,"'Mei is eating a caramel on one very windy day, when suddenly a whirlwind appears and starts chasing her. The whirlwind turns out to be a baby cat bus. Mei offers the kitten a caramel and the two become friends. That night, the baby cat bus visits Mei. Letting Mei ride inside him, he leaps out into the sky. They head for the midnight forest full of ghosts. Other cat buses large and small have also gathered together. In the forest, Mei encounters...'",,My Neighbor Totoro,My Neighbor Totoro,"Kitten Bus, Mei Kusakabe, Cat Bus, Kitten Bus'S Grandmother, Satsuki Kusakabe, Susuwatari, Tatsuo Kusakabe, Totoro : Hayao Miyazaki, Hayao Miyazaki
Director & Original Creator & Screenplay, Joe Hisaishi
Music, Yoshiharu Satou
Character Design, Toshio Suzuki
Producer","Hayao Miyazaki : Director & Original Creator & Screenplay, Joe Hisaishi : Music, Yoshiharu Satou : Character Design, Toshio Suzuki : Producer"
Zoids: New Century/Zero, Zoids: Shin Seiki/Zero,TV   ,26.0,XEBEC,Winter,"Adventure, Mecha, Sci Fi, Sports, Tournaments",3.76,2001.0,,"'On the planet Zi, Zoids are no longer used for military combat; instead, they are now being used for sporting events known as Zoid battles. The Zoid Battle Commission oversees these battles, enforces the rules, and declares the winners. In the midst of fierce competitions, one team aspires to rise to the top: the Blitz Team! With the help of Bit Cloud and his Liger Zero, the Blitz Team will compete against not only regular foes, but also the talented Harry Champ and the criminal organization known as the Backdraft Group!'",,"Zoids: Chaotic Century, Zoids: New Century","Zoids: Chaotic Century, Zoids: Guardian Force, Zoids: Fuzors, Zoids: Genesis","Ballad Hunter : Masaya Matsukaze, Bit Cloud : Takahiro Sakurai, Jimmy Hemeros : Mitsuki Saiga, Rinon Toros : Ayako Kawasumi, Steve Toros : Daiki Nakamura, Harry Champ : Wataru Takagi, Jack Cisco : Keiji Fujiwara, Judgeman : Jin Horikawa, Takao Kato
Director, Kow Otani
Music, Tadashi Sakazaki
Character Design, Toshihiro Nakazawa
Producer, Hirofumi Morotomi
Producer","Takao Kato : Director, Kow Otani : Music, Tadashi Sakazaki : Character Design, Toshihiro Nakazawa : Producer, Hirofumi Morotomi : Producer"
Saiyuki Requiem, Gensoumaden Saiyuuki Movie: Requiem - Erabarezaru Mono e no Chinkonka,Movie,,Pierrot,,"Fantasy, Journey to the West, Mansion, Based on a Manga",3.76,2001.0,,"""Sanzo, Goku, Gojyo and Hakkai are back, but this time they might be in over their heads! After rescuing the beautiful Houran from a demon's attack, the four are invited to her master's sprawling mansion for some rest and relaxation... a visit that may cost them their lives. Little do they know that the master is up to no good, and has cleverly ensnared them in a game of life and death that involves shikigami, dopplegangers, betrayals and a plot for revenge that threatens to consume them all!""",,"Saiyuki, Saiyuki Gaiden, Gekijouban Gensou Maden Saiyuki: Erabarezaru Mono e no Requiem (Light Novel), Saiyuki Reload, Saiyuki Reload Blast, Saiyuki Ibun, Saiyuki Anthology","Saiyuki OVA, Saiyuki, Saiyuki Interactive, Saiyuki Reload: Urasai, Saiyuki Reload, Saiyuki Reload Gunlock, Saiyuki Reload: Burial, Saiyuki Gaiden, Saiyuki Gaiden: Tokubetsu-hen - Kouga no Shou, Saiyuki Reload Blast, Saiyuki Reload: Zeroin","Gojyo Sha : Hiroaki Hirata, Goku Son : Souichirou Hoshi, Hakkai Cho : Akira Ishida, Sanzo Genjyo : Toshihiko Seki, Kougaiji, Dokugakuji, Hakuryuu, Lirin, Kazuya Minekura
Original Creator, Hayato Date
Director, Akira Senju
Music, Motoi Sakuraba
Music, Yuuji Moriyama
Character Design, Ken Hagino
Producer, Tomoko Gushima
Producer, Tetsuya Watanabe
Producer","Kazuya Minekura : Original Creator, Hayato Date : Director, Akira Senju : Music, Motoi Sakuraba : Music, Yuuji Moriyama : Character Design, Ken Hagino : Producer, Tomoko Gushima : Producer, Tetsuya Watanabe : Producer"
One Piece: Django's Dance Carnival, One Piece: Jango no Dance Carnival,Other,,Toei Animation,,"Comedy, Shounen, Dancing, Island, Pirates, Shorts, Based on a Manga",3.74,2001.0,,"""It’s time for the annual dance carnival on Mirrorball Island, a hotspot for pirates who want to relax. It's no surprise then when a gang of marines turn up at the local tavern searching for anyone with a bounty on their head – and they're in luck as the highly-spirited Django the Hypnotist is dancing on the bar! However, as they give chase the marines spot an even bigger prize in the form of Luffy and his gang and head after them instead. Will Luffy and his crew be able escape from their persistent pursuers after Django hypnotizes the entire island, forcing them all to dance 'til they drop?""",,"Romance Dawn, One Piece, One Piece: Taose! Kaizoku Ganzack (Light Novel), One Piece: Loguetown-hen (Light Novel), One Piece: Strong World, Chopperman, Chopperman: Yuke Yuke! Minna no Chopper-sensei, One Piece x Toriko: Jisshoku! Akuma no Mi!!, One Piece Party, One Piece Ace's Story (Light Novel), One Piece episode A",One Piece,"Jango : Wataru Takagi, Monkey D. Luffy : Mayumi Tanaka, Nami : Akemi Okamura, Sanji : Hiroaki Hirata, Usopp : Kappei Yamaguchi, Zoro Roronoa : Kazuya Nakai, Eiichiro Oda
Original Creator, Daisuke Nishio
Director, Kouhei Tanaka
Music","Eiichiro Oda : Original Creator, Daisuke Nishio : Director, Kouhei Tanaka : Music"
Slayers Premium,,Movie,,Hal Film Maker,,"Comedy, Fantasy, Magic, Medieval, Based on a Light Novel",3.74,2001.0,,"'Lina and Gourry have traveled to a seaside town where the local specialty is octopus – but there’s a catch! Consuming the octopus has an unfortunate side effect: after eating the delicacy, you lose all language skills and are only able to speak the octopus tongue! Gourry soon comes down with the affliction, and none other than Lina herself is forced to save the day. Joining their ranks are Xellos, Zelgaldis and Amelia – who happen to wander into town at the same time – and a concerned local townsperson. Together, the gang will try to put a stop to the local malevolent octopus clan and restore the power of speech to the masses!'",,"Slayers (Light Novel), Slayers: Medieval Mayhem, Slayers Super-Explosive Demon Story, Slayers Special, Slayers Premium, Slayers: Knight of the Aqualord, Maburaho VS Slayers!?: Dragon All Stars Gekitouhen, Slayers vs Orphen (Light Novel), Slayers Revolution, Slayers: Light Magic, New Slayers: The Hourglass of Falces, Slayers Evolution-R","Slayers, Slayers: The Motion Picture, Slayers Next, Slayers: The Book of Spells, Slayers Return, Slayers Try, Slayers Great, Slayers Gorgeous, Slayers Excellent, Slayers Revolution, Slayers Evolution-R","Amelia Wil Tesla Seyruun : Masami Suzuki, Gourry Gabriev : Yasunori Matsumoto, Lina Inverse : Megumi Hayashibara, Zelgadis Graywords : Hikaru Midorikawa, Naga The Serpent : Maria Kawamura, Xellos : Akira Ishida, Intelligent Octopus, Master : Isamu Tanonaka, Junichi Satou
Director, Takayuki Hattori
Music, Tomoko Kawasaki
Producer, Seiichi Hachiya
Producer, Koji Asano
Producer, Seiji Koezuka
Producer, Kouji Asano
Producer, Shigeru Nishiyama
Editor","Junichi Satou : Director, Takayuki Hattori : Music, Tomoko Kawasaki : Producer, Seiichi Hachiya : Producer, Koji Asano : Producer, Seiji Koezuka : Producer, Kouji Asano : Producer, Shigeru Nishiyama : Editor"
Baki the Grappler: Maximum Tournament, Grappler Baki: Saidai Tournament-hen,TV   ,24.0,Group TAC,Summer,"Hand to Hand Combat, Based on a Manga",3.73,2001.0,,"'A few years have passed since Hamna Baki has last seen his father, and the time has come for him to reclaim his honor. Before he has the chance to fight Hamna Yujiro, the Shinshinkai Organization decides to hold a tournament to find the strongest man in the world. Luckily, the prize is not just a large gold belt, but the chance to fight Yujiro! Will Baki survive both the psychotic monsters and martial arts masters at this tournament of legends? And most importantly, will Baki ever defeat The Beast, his father?'",,"Baki the Grappler, Baki, Baki Gaiden: Scarface, Hanma Baki, Baki Gaiden: Kizuzura, Baki Gaiden: Kenjin, Baki-Dou, Baki-Dou (2018)","Grappler Baki: The Ultimate Fighter, Baki the Grappler, Baki OVA, Baki","Baki Hanma : Masami Kikuchi, Andreas Regan : Shinya Hashimoto, Chiharu Shiba : Tomohiro Nishimura, Doppo Orochi : Mugihito, Emi Akezawa : Sabina Godec, Gouki Shibukawa : Hiroshi Naka, Hitoshi Kuriyagawa : Masayuki Omoro, Igari Kanji : Tooru Ookawa, Keisuke Itagaki
Original Creator, Katsuyoshi Yatabe
Director, Naoyuki Itou
Character Design, Shin Itagaki
Episode Director, Satoru Kusuda
Episode Director, Masato Satou
Storyboard","Keisuke Itagaki : Original Creator, Katsuyoshi Yatabe : Director, Naoyuki Itou : Character Design, Shin Itagaki : Episode Director, Satoru Kusuda : Episode Director, Masato Satou : Storyboard"
One Piece Movie 2: Clockwork Island Adventure, One Piece Movie 2: Nejimaki-jima no Daibouken,Movie,,Toei Animation,,"Action, Adventure, Shounen, Island, Pirates, Based on a Manga, Violence",3.73,2001.0,,"'After their ship is stolen, Luffy’s crew is adrift for over a week, leaving plenty of time to lament the loss. Then, to add insult to injury, they are tricked and caught by the Thief Brothers, which inadvertently ends up being their first lead as to who has their ship, the Going Merry! The dastardly deed was pulled off by none other than the nefarious Trump Siblings, a group of pirates that terrorize Clockwork Island. Now, the gang must travel to Clockwork Island to not only reclaim their vessel, but also to potentially find the world famous treasure -- the Diamond Clock -- as well!'",Violence,One Piece,One Piece,"Akisu : Akiko Yajima, Borodo : Kenyuu Horiuchi, Monkey D. Luffy : Mayumi Tanaka, Nami : Akemi Okamura, Sanji : Hiroaki Hirata, Usopp : Kappei Yamaguchi, Zoro Roronoa : Kazuya Nakai, Bear King : Tesshou Genda, Eiichiro Oda
Original Creator, Junji Shimizu
Director, Kouhei Tanaka
Music, Eisaku Inoue
Character Design","Eiichiro Oda : Original Creator, Junji Shimizu : Director, Kouhei Tanaka : Music, Eisaku Inoue : Character Design"
Inochi no Chikyuu: Dioxin no Natsu, Tracing the Gray Summer,Movie,,Magic Bus,,"Drama, Historical, Based on a Novel",3.73,2001.0,,"""Giulia Bianchi, Maria, Enrico, Lucio and Angelo are a group of friends which live and study in the town of Seveso, not far from Milan. Their lives dramatically change on July 10, when during the party for Giulia's birthday one of the reactors of the close ICMESA chemical plant collapses, spreading into the air a massive, menacing cloud that falls over the surrounding area, covering everything under a white and irritating dust.""",,,,"Anjero : Chihiro Kusaka, Enrico : Ai Orikasa, Gino : Naomi Kusumi, Julia : Nobuko Sakuma, Maria : Yuri Shiratori, Ruchio : Takako Honda, Sonia : Chieko Baisho, Satoshi Dezaki
Director, Tomoki Hasegawa
Music, Setsuko Shibuichi
Character Design, Hitoshi Nagao
Art Director","Satoshi Dezaki : Director, Tomoki Hasegawa : Music, Setsuko Shibuichi : Character Design, Hitoshi Nagao : Art Director"
Ie Naki Ko Remi (2001),,TV Sp,,Nippon Animation,,"19th Century, Historical, Recap",3.73,2001.0,,'No synopsis yet - check back soon!',,,"Ie Naki Ko Remi, Ie Naki Ko Remi Specials",Remi Barberin,
Doraemon Movie 22: Nobita's Winged Heroes, Doraemon Movie 22: Nobita to Tsubasa no Yuusha-tachi,Movie,,Shin-Ei Animation,,"Adventure, Shounen, Cats, Family Friendly, Non-Human Protagonists, Robots, Based on a Manga",3.73,2001.0,,"""Nobita and his friends gathered at Shizuka's house when they heard about the news about missing flocks of bird species. Nobita believed they were taken away by winged creatures and became obsessed on flying on his own. He created mechanical wings and upon the experiment he encountered an actual winged creature flying out of a time-space distortion. Upon helping him whose name is Gusuke, Nobita and his friends were sucked into the distortion and reached Gusuke's home, Birdpia or the world where the winged creatures live.""",,"Doraemon, The Doraemons: Doraemon Game Comic","Doraemon (1979), Doraemon: Doraemon Comes Back, Doraemon: Doraemon Comes Back (1998), The Doraemons: Strange, Sweets, Strange?","Doraemon : Nobuyo Oyama, Gian : Kazuya Tatekabe, Nobita Nobi : Noriko Ohara, Shizuka Minamoto : Michiko Nomura, Suneo Honekawa : Kaneta Kimotsuki, Hidetoshi Dekisugi : Sumiko Shirakawa, Tsubakurou : Rina Chinen, Hiroshi Fujimoto
Original Creator, Tsutomu Shibayama
Director, Katsumi Horii
Music, Yoshiji Kigami
Animation Director & Key Animator & Storyboard, Nobuaki Kishima
Screenplay, Hiroshi Takiguchi
Background Artist","Hiroshi Fujimoto : Original Creator, Tsutomu Shibayama : Director, Katsumi Horii : Music, Yoshiji Kigami : Animation Director & Key Animator & Storyboard, Nobuaki Kishima : Screenplay, Hiroshi Takiguchi : Background Artist"
Kazoku Robinson Hyouryuuki: Fushigi na Shima no Flone Specials," Robinson Family Lost at Sea - Flone of the Marvelous Island, Swiss Family Robinson Specials",TV Sp,,,,"Adventure, Drama, 19th Century, Family Friendly, Family Life, Historical, Island, Recap, Survival, World Masterpiece Theater",3.72,2001.0,,'No synopsis yet - check back soon!',,,Kazoku Robinson Hyouryuuki: Fushigi na Shima no Flone,Flone Robinson,
Lupin III Special 13: Alcatraz Connection,,TV Sp,,TMS Entertainment,,"Action, Adventure, America, Criminals, Thieves, Based on a Manga",3.71,2001.0,,"""What originally appears to be a simple money heist becomes more when Lupin steals underwater navigational data from the Mafia. Lupin's true goal: an old galleon off the coast of San Francisco that is rumored to be filled with gold! With both the Mafia, and a more mysterious group called the 'Secret Seven' also after the prize, Lupin must stay one step ahead in an adventure that leads all the way to the depths of Alcatraz.""",,"Lupin III, Lupin Kozou","Lupin III: Pilot Film, Lupin III, Lupin III: Part II, Lupin III: The Mystery of Mamo, Lupin III: The Castle of Cagliostro, Lupin III: Part III, Lupin III: Legend of the Gold of Babylon, Lupin III: The Fuma Conspiracy, Lupin III: Secret Files, Lupin III Special 1: Bye Bye, Lady Liberty, Lupin III Special 2: The Hemingway Papers, Lupin III Special 3: Napoleon's Dictionary, Lupin III Special 4: From Siberia With Love, Lupin III Special 5: Voyage To Danger, Lupin III Special 6: Dragon of Doom, Lupin III: Farewell to Nostradamus, Lupin III Special 7: The Pursuit of Harimao's Treasure, Lupin III: Dead or Alive, Lupin III Special 8: The Secret Of The Twilight Gemini, Lupin III Special 9: Island of Assassins, Lupin III Special 10: Crisis in Tokyo, Lupin III Special 11: The Columbus Files, Lupin III Special 12: Missed by a Dollar, Lupin III: Return Of Pycal, Lupin III Special 14: Episode 0 - First Contact, Lupin III Special 15: Operation Return the Treasure, Lupin III Special 16: Stolen Lupin, Lupin III Special 17: Angel Tactics, Lupin III Special 18: Seven Days Rhapsody, Lupin III Special 19: The Elusiveness of the Fog, Lupin III: Green vs Red, Lupin III Special 20: Sweet Lost Night, Lupin III Special 21: Lupin III vs Detective Conan, Monkey Majik: Lupin the Third, Lupin III Special 22: The Last Job, Lupin III Special 23: Blood Seal of the Eternal Mermaid, Lupin VIII: Arsene and Cie, Lupin III: Lupin Family All-Stars, Lupin III: The Woman Called Fujiko Mine, Lupin III Special 24: Touhou Kenbunroku - Another Page, Lupin III Special 25: Princess of the Breeze - Kakusareta Kuuchuu Toshi, Lupin III: Jigen's Gravestone, Lupin III: Part IV, Lupin III Special 26: Italian Game, Lupin III: Goemon's Blood Spray, Lupin III Special 27: Goodbye Partner, Lupin III: The First","Arsene Lupin Iii : Kanichi Kurita, Koichi Zenigata : Goro Naya, Daisuke Jigen : Kiyoshi Kobayashi, Fujiko Mine : Eiko Masuyama, Goemon Ishikawa Xiii : Makio Inoue, Andy, Areji, Haiena, Monkey Punch
Original Creator, Hideki Tonokatsu
Director & Storyboard, Yuuji Oono
Music, Toshimitsu Kobayashi
Character Design, Hiroshi Yamashita
Producer, Yasumichi Ozaki
Producer, Rieko Ono
Producer, Keishi Sakai
Key Animator","Monkey Punch : Original Creator, Hideki Tonokatsu : Director & Storyboard, Yuuji Oono : Music, Toshimitsu Kobayashi : Character Design, Hiroshi Yamashita : Producer, Yasumichi Ozaki : Producer, Rieko Ono : Producer, Keishi Sakai : Key Animator"
Black Jack (2001),,Web  ,12.0,,,"Drama, Shounen, Doctors, Medical, Based on a Manga, Flash Animation",3.71,2001.0,,"'Black Jack, a mysterious young unlicensed doctor with godlike skills, travels the world performing feats of impossible surgery, charging vast fees for his services, and challenging the corrupt practices of the medical establishment. This selection of stories, each adapted from a single original manga issue, focuses more on interpersonal relationships and back-story than most other Black Jack series.'",,"Black Jack, Ray, Ray+, Black Jack: Aoki Mirai",,"Black Jack : Akio Ootsuka, Pinoko : Hikaru Utada, Rock Holmes : Nobutoshi Canna, Saruta, Osamu Tezuka
Original Creator",Osamu Tezuka : Original Creator
Crayon Shin-chan Movie 9: The Adult Empire Strikes Back,,Movie,,Shin-Ei Animation,,"Comedy, Crude",3.7,2001.0,,"'A new 20th century museum has opened in Khazu City! Looking like a striking replication of the 1970 World Expo, the museum quickly wins over the hearts and minds of the adult population. It becomes clear to Shin-chan that the designers of the museum have ulterior motives as all the adults flock to the museum and lose their memories, returning to the comfort and nostalgia of the 20th century. It’s up to Shin-chan and his friends to unravel this heinous plot and return their parents to the 21st century before the whole world follows them into the past!'",,"Crayon Shin-chan, Shin Crayon Shin-chan, Crayon Shin-chan Shin-Men, Crayon Shin-chan: Gachinko! Gyakushuu no Robot-chan","Crayon Shin-chan, Crayon Shin-chan Movie 1: Action Kamen vs Haigure Maou, Crayon Shin-chan Movie 2: Buriburi Oukoku no Hihou, Crayon Shin-chan Movie 3: Unkokusai no Yabou, Crayon Shin-chan Movie 4: Henderland no Daibouken, Crayon Shin-chan Movie 5: Ankoku Tamatama Daitsuiseki, Crayon Shin-chan Movie 6: Dengeki! Buta no Hizume Daisakusen, Crayon Shin-chan Movie 7: Bakuhatsu! Onsen Wakuwaku Daikessen, Crayon Shin-chan Movie 8: Arashi wo Yobu Jungle, Crayon Shin-chan Movie 10: Arashi wo Yobu Appare! Sengoku Daikassen, Crayon Shin-chan Movie 11: Arashi wo Yobu Eikou no Yakiniku Road, Crayon Shin-chan Movie 12: Arashi wo Yobu! Yuuhi no Kasukabe Boys, Crayon Shin-chan Movie 13: Densetsu wo Yobu Buriburi 3 Pun Dai Shingeki, Crayon Shin-chan Movie 14: Densetsu wo Yobu Odore! Amigo!, Crayon Shin-chan Movie 15: Arashi wo Yobu Utau Ketsu dake Bakudan!, Crayon Shin-chan Movie 16: Chou Arashi wo Yobu Kinpoko no Yuusha, Crayon Shin-chan Movie 17: Otakebe! Kasukabe Yasei Oukoku, Crayon Shin-chan Movie 18: Chou Jikuu! Arashi wo Yobu Ora no Hanayome, Crayon Shin-chan Movie 19: Arashi wo Yobu Ougon no Spy Daisakusen, Crayon Shin-chan Movie 20: Arashi o Yobu! Ora to Uchuu no Princess, Crayon Shin-chan Movie 21: Bakauma! B-Kyuu Gourmet Survival Battle!!, Crayon Shin-chan Movie 22: Gachinko! Gyakushuu no Robo To-chan, Crayon Shin-chan Movie 23: Ora no Hikkoshi Monogatari - Saboten Dai Shuugeki, Crayon Shin-chan Movie 24: Bakusui! Yumemi World Dai Totsugeki, Crayon Shin-chan Movie 25: Shurai! Uchujin Shiriri, Crayon Shin-chan Movie 26: Bakumori! Kung-Fu Boys - Ramen Tairan, Crayon Shin-chan Movie 27: Shinkon Ryokou Hurricane - Ushinawareta Hiroshi, Crayon Shin-chan Movie 28: Gekitotsu! Rakuga Kingdom to Hobo Yonin no Yuusha, Crayon Shin-chan Movie 29: Nazo Meki! Hana no Tenkasu Gakuen","Hiroshi Nohara : Keiji Fujiwara, Misae Nohara : Miki Narahashi, Shinnosuke Nohara : Akiko Yajima, Bo : Chie Satou, Masao Sato : Mie Suzuki, Nene Sakurada : Tamao Hayashi, Shiro : Mari Mashiba, Tooru Kazama : Mari Mashiba, Yoshito Usui
Original Creator, Keiichi Hara
Director, Shirou Hamaguchi
Music, Toshiyuki Arakawa
Music, Yuuichirou Sueyoshi
Character Design, Katsunori Hara
Character Design, Junichi Yamakawa
Producer, Yasushi Wada
Producer","Yoshito Usui : Original Creator, Keiichi Hara : Director, Shirou Hamaguchi : Music, Toshiyuki Arakawa : Music, Yuuichirou Sueyoshi : Character Design, Katsunori Hara : Character Design, Junichi Yamakawa : Producer, Yasushi Wada : Producer"
Hajimete no Eigo: Nippon Mukashibanashi,,OVA  ,18.0,,,"Fantasy, Episodic, Family Friendly, Short Episodes, Based on a Fairy Tale",3.69,2001.0,,'No synopsis yet - check back soon!',,,Hajimete no Eigo: Sekai Meisaku Douwa,,
Detective Conan OVA 1: Conan vs Kid vs YAIBA, Meitantei Conan OVA 1: Conan VS KID VS Yaiba,OVA  ,1.0,TMS Entertainment,,"Mystery, Shounen, Age Transformation, Crossover, Detectives, Police, Samurai, Thieves, Based on a Manga",3.69,2001.0,,"'As a much-needed break from his sleuthing duties, Conan is looking forward to reading some newly-borrowed manga in the evening; however, once more, duty calls! Kogorou Mouri has been asked by the wife and daughter of the Raizou family to protect a Treasure Sword that has been ""claimed"" by the Kaitou Kid; however, Mine Raizou and his mother are certain they can handle the problem themselves. Conan, the Detective Boys and the rest of the gang must defend against Kaitou Kid\'s raid with the help of the young swordsman Yaiba!'",,"Yaiba, Magic Kaitou, Case Closed, Detective Conan: Tokubetsu-hen, Detective Conan: Zero's Tea Time","Yaiba, Detective Conan, Detective Conan OVA 2: 16 Suspects, Detective Conan OVA 3: Conan and Heiji and the Vanished Boy, Detective Conan OVA 4: Conan and Kid and Crystal Mother, Detective Conan OVA 5: The Target is Kogoro! The Detective Boys' Secret Investigation, Detective Conan OVA 6: Follow the Vanished Diamond! Conan and Heiji vs Kid!, Detective Conan OVA 7: A Challenge from Agasa, Detective Conan OVA 8: High School Girl Detective Sonoko Suzuki's Case Files, Detective Conan Magic File 2: Kudou Shinichi - The Case of the Mysterious Wall and the Black Lab, Detective Conan OVA 9: The Stranger of 10 Years, Detective Conan Magic File 3: Shinichi and Ran: Memories of Mahjong Tiles and Tanabata, Lupin III Special 21: Lupin III vs Detective Conan, Detective Conan OVA 10: Kid in Trap Island, Detective Conan Magic File 4: Osaka Okonomiyaki Odyssey, Detective Conan Magic File 5: Niigata - Tokyo Omiyage Capriccio, Detective Conan OVA 11: A Secret Order from London, Detective Conan vs. Wooo, Detective Conan: Excalibur no Kiseki, Detective Conan Magic File 6: Fantasista Flower, The Disappearance of Conan Edogawa: The Worst Two Days in History, Detective Conan Movie 24: The Scarlet Bullet","Conan Edogawa : Minami Takayama, Kogoro Mori : Akira Kamiya, Ran Mori : Wakana Yamazaki, Ai Haibara : Megumi Hayashibara, Ayumi Yoshida : Yukiko Iwai, Genta Kojima : Wataru Takagi, Heiji Hattori : Ryou Horikawa, Kaito Kid : Kappei Yamaguchi, Gosho Aoyama
Original Creator, Yasuichiro Yamamoto
Director, Katsuo Ono
Music, Masatomo Sudou
Character Design, Atsushi Aono
Character Design & Chief Animation Director, Masahito Yoshioka
Producer","Gosho Aoyama : Original Creator, Yasuichiro Yamamoto : Director, Katsuo Ono : Music, Masatomo Sudou : Character Design, Atsushi Aono : Character Design & Chief Animation Director, Masahito Yoshioka : Producer"
Tom Sawyer no Bouken Specials, The Adventures of Tom Sawyer Specials,TV Sp,,Nippon Animation,,"19th Century, America, Historical, Recap, World Masterpiece Theater, Based on a Novel",3.68,2001.0,,'No synopsis yet - check back soon!',,,The Adventures of Tom Sawyer,"Huckleberry Finn, Tom Sawyer",
Love Hina Spring Special: I Wish Your Dream, Love Hina Spring Movie,TV Sp,,XEBEC,,"Comedy, Ecchi, Romance, Shounen, Forest, Island, Jungle, Tsundere, Based on a Manga",3.68,2001.0,,"'A new set of preliminary exams have passed by, but Keitaro ends up daydreaming straight through them. Assuming that he has failed once again, Keitaro quickly makes his escape and ends up on an island in the middle of the Pacific. An angered Narusegawa chases after him, though, and it doesn’t take long before the entire Hinata Inn arrives at the scene! Meanwhile Keitaro meets Nyomi, a girl who has grown up on the island and plans to stay on it in order to fulfill her dream of finding the hidden Paralantis! Now that Keitaro only has adventure on his mind, can anyone convince him return to Japan?'",,"Love Hina, Love Hina Anime Comic, Love Hina (Light Novel), Love Hina: Special Project","Love Hina, Love Hina Special: Motoko's Choice, Love or Sword: Don't Cry, Love Hina X'mas Special: Silent Eve, Love Hina Final Selection, Love Hina Again","Keitaro Urashima : Yuuji Ueda, Naru Narusegawa : Yui Horie, Haruka Urashima : Megumi Hayashibara, Kaolla Su : Reiko Takagi, Mitsune Konno : Junko Noda, Motoko Aoyama : Yuu Asakawa, Mutsumi Otohime : Satsuki Yukino, Noriyasu Seta : Yasunori Matsumoto, Ken Akamatsu
Original Creator, Yoshiaki Iwasaki
Director, Koichi Korenaga
Music, Masaki Iwamoto
Music, Makoto Uno
Character Design, Fukashi Azuma
Producer, Shinichi Ikeda
Producer, Yukinao Shimoji
Producer","Ken Akamatsu : Original Creator, Yoshiaki Iwasaki : Director, Koichi Korenaga : Music, Masaki Iwamoto : Music, Makoto Uno : Character Design, Fukashi Azuma : Producer, Shinichi Ikeda : Producer, Yukinao Shimoji : Producer"
Super GALS!, Super GALS! Kotobuki Ran,TV   ,52.0,Pierrot,Spring,"Comedy, Drama, Shoujo, Slice of Life, Gyaru, Based on a Manga",3.66,2001.0,2002.0,"""Kotobuki Ran has a whole family line of relatives working in the police force. Her aunts and uncles are officers, her dad is a police chief, and even her brother is a working policeman. Ran has no interest in being a policewoman; she has problems of her own, and her own style of dealing with them - the GAL way! Friends need boyfriends, shoes need to be bought, and nails need to be done. Despite Ran's wreckless and troublesome behavior, Ran has a strong sense of justice, and she's always willing to help her friends out of trouble. With her two best friends Miyu and Aya, they live life as GALs, building romance and creating memorable fun!""",,Gals!,,"Aya Hoshino : Oma Ichimura, Miyu Yamazaki : Haruna Ikezawa, Ran Kotobuki : Megumi Toyoguchi, Mami Honda : Aya Ishizu, Rei Otohata : Hiroshi Kamiya, Sayo Kotobuki : Rie Kugimiya, Tatsuki Kuroi : Yukimasa Obi, Yuya Asou : Kenichi Suzumura, Mihona Fujii
Original Creator, Tsuneo Kobayashi
Director, Masashi Kubota
Screenplay & Series Composition, Masumi Itou
Music, Yuuko Kusumoto
Character Design, Hiroto Tanaka
Character Design, Tomoko Gushima
Producer, Ryuunosuke Tsuno
Producer","Mihona Fujii : Original Creator, Tsuneo Kobayashi : Director, Masashi Kubota : Screenplay & Series Composition, Masumi Itou : Music, Yuuko Kusumoto : Character Design, Hiroto Tanaka : Character Design, Tomoko Gushima : Producer, Ryuunosuke Tsuno : Producer"
Scryed,,TV   ,26.0,Sunrise,Summer,"Action, Sci Fi, Superpowers, Original Work",3.66,2001.0,,"'Some years into the future, a strange, unexplainable natural disaster has broken off a piece of the Japanese mainland. Known as the Lost Ground, it is now inhabited by people with Alters -- machine-like extensions of their own will. In order to keep the peace on the Lost Ground, the HOLY organization uses its own Alter capabilists to police the region. In the midst of the chaos is a young man named Kazuma, whose life will soon change forever as he discovers his hidden abilities, and how to wield them.'",,"Scryed, Scryed After (Light Novel)","Scryed Alteration I: Tao, Scryed Alteration II: Quan","Kazuma : Souichirou Hoshi, Ryuho : Hikaru Midorikawa, Asuka Tachibana : Tetsuya Iwanaga, Kanami Yuta : Yukari Tamura, Kunihiko Kimishima : Takumi Yamazaki, Kyoji Mujo : Tetsu Shiratori, Martin Zignard : Yuuji Takada, Mimori Kiryu : Yuuko Nagashima, Gorou Taniguchi
Director & Storyboard, Kotaro Nakagawa
Music, Hisashi Hirai
Character Design, Fukashi Azuma
Producer, Kazunori Takagi
Producer, Takashi Kouchiyama
Producer","Gorou Taniguchi : Director & Storyboard, Kotaro Nakagawa : Music, Hisashi Hirai : Character Design, Fukashi Azuma : Producer, Kazunori Takagi : Producer, Takashi Kouchiyama : Producer"
Romeo no Aoi Sora Specials, Romeo and the Black Brothers Specials,TV Sp,,Nippon Animation,,"Drama, 19th Century, Europe, Historical, Italy, Recap, World Masterpiece Theater",3.66,2001.0,,'No synopsis yet - check back soon!',,,Romeo no Aoi Sora,"Alfredo Martini, Romeo",
Mazinkaiser,,OVA  ,7.0,Brain's Base,,"Action, Mecha, Sci Fi, Super Robot, Violence",3.66,2001.0,2002.0,"""Dr. Hell and Baron Asura are once again trying to destroy Japan! As mechanical beasts lay waste to all in their path, Kouji Kabuto and Tetsuya Tsurugi rush out to face them with the mighty robots Mazinger Z and Great Mazinger; but it’s soon clear that they’ve walked right into a trap – ending with the defeat of Mazinger Z. Great Mazinger is outnumbered and all appears lost; that is, until a new and mysterious robot arrives and destroys Asura’s army with ease! Its name is Mazinkaiser, and it’s a machine with enough power to surpass both God and the Devil, to control the world or utterly destroy it. With the fate of the world hanging in the balance, can Kouji master the power of Mazinkaiser in time to stop Dr. Hell's latest bid for world domination?""",Violence,,Mazinkaiser: Shitou! Ankoku Dai Shogun,"Baron Ashura : Hidekatsu Shibata, Dr. Hell : Kousei Tomita, Kouji Kabuto : Hiroya Ishimaru, Sayaka Yumi : Ai Uchikawa, Boss : Fumihiko Tachiki, Dr. Morimori : Hidenari Ugaki, Dr. Nossori : Hideyuki Umezu, Dr. Sewashi : Kouichi Nagano, Go Nagai
Original Creator, Masahiko Murata
Director & Episode Director & Op Director & Storyboard, Kazuo Nobuta
Music, Kenji Hayama
Character Design, Yoshikazu Iwanami
Sound Director, Kichou Minami
Producer, Tatsuyoshi Kobayashi
Producer, Satsuki Mizuno
Producer","Go Nagai : Original Creator, Masahiko Murata : Director & Episode Director & Op Director & Storyboard, Kazuo Nobuta : Music, Kenji Hayama : Character Design, Yoshikazu Iwanami : Sound Director, Kichou Minami : Producer, Tatsuyoshi Kobayashi : Producer, Satsuki Mizuno : Producer"
Vandread Integral, Vandread Taidou-hen,OVA  ,1.0,GONZO,,"Action, Mecha, Sci Fi, Outer Space, Recap",3.66,2001.0,,"'Lowly mechanic, Hibiki, stows away on an intergalactic combat vehicle in search of adventure, but he quickly finds himself surrounded by sexy space pirates!'",,"Vandread: First Stage (Light Novel), Vandread, Vandread: The Second Stage (Light Novel), Vandread Special Stage, Vandread: The Extra Stage (Light Novel)","Vandread, Vandread: The Second Stage, Vandread Turbulence","Buzam A. Calessa : Yoko Soumi, Dita Liebely : Yumi Kakazu, Hibiki Tokai : Hiroyuki Yoshino, Magno Vivan : Hisako Kyouda, Bart Garsus : Tomokazu Seki, Duelo Mcfile : Hideki Tasaka, Jura Basil Elden : Yuu Asakawa, Meia Gisborn : Fumiko Orikasa, Takeshi Mori
Director, Yasunori Iwasaki
Music, Kazuya Kuroda
Character Design","Takeshi Mori : Director, Yasunori Iwasaki : Music, Kazuya Kuroda : Character Design"
Motto! Ojamajo Doremi,,TV   ,50.0,Toei Animation,Winter,"Magical Girl, Family Friendly, Henshin Heroes, Magic, Witches, Original Work",3.64,2001.0,2002.0,"'Unbeknown to 5th grade student Doremi Harukaze and her friends, the Witch Queen assembles a council composed of high ranking witches to request that the four human girls attain the permission to become witches. Half of the council disagrees making the Queen reformulate her proposition. She instead asks that the girls become witch apprentices once again and that in order to become full-fledged witches they should convince the council members who voted against the appeal that they are worthy. Unanimously accepted; Doremi, Hazuki, Aiko, and Onpu will have to learn how to make sweets to persuade the six senior witches. To help them familiarize with the process of making sweets, the Witch Queen introduces them to a witch apprentice named Momoko Asuka. She lived in New York for many years assisting in a bakery owned by a witch.'",,"Ojamajo Doremi, Ojamajo Doremi 16 (Light Novel), Ojamajo Doremi 17 (Light Novel), Ojamajo Doremi 18 (Light Novel), Ojamajo Doremi 19 (Light Novel), Ojamajo Doremi 20’s (Light Novel)","Ojamajo Doremi, Ojamajo Doremi #, Motto! Ojamajo Doremi Movie: Kaeru Seki no Himitsu, Ojamajo Doremi DOKKAAN!, Ojamajo Doremi Na-i-sho, Majo Minarai wo Sagashite","Aiko Seno : Yuki Matsuoka, Doremi Harukaze : Chiemi Chiba, Hana Makihatayama : Ikue Ootani, Hazuki Fujiwara : Tomoko Akiya, Momoko Asuka : Nami Miyahara, Onpu Segawa : Rumi Shishido, Pop Harukaze : Sawa Ishige, Alexander T. Oyajide : Ginzo Matsuo, Takuya Igarashi
Director, Keiichi Oku
Music, Yoshihiko Umakoshi
Character Design, Hiromi Seki
Producer","Takuya Igarashi : Director, Keiichi Oku : Music, Yoshihiko Umakoshi : Character Design, Hiromi Seki : Producer"
Legend of the Condor Hero,"Alt titles: Shen Diao Xia Lu, Shin Chou Kyou Ryo: Condor Hero",TV   ,26.0,Jade Animation,Spring,Martial Arts,3.64,2001.0,2002.0,"'Youka, a thick-headed boy, has been forced into Zenshinkyou Temple to learn martial arts. During his short stay at the temple, he quickly decides that their style is not for him, and takes up an ancient martial arts style, Gyokujo Shinkei, under the beautiful female master Shouryuujo. Because of his oath to her, he has made an enemy of Ribakushuu, the evil sister of Shouryuujo, as well as the Zenshinkyou. After many years of training, a disaster of events occurs, and now a grown-up Youka must find Shouryuujo and a way to defeat Ribakushuu.'",,,"Legend of the Condor Hero II, Legend of the Condor Hero III","Guo Yang : Daisuke Namikawa, Long Nu Xiao, Feng Au Yang, Jing Guo, Rong Huang, En Yaritsu : Shiho Kikuchi, Kan Gan Hei : Chieko Honda, Kyuushinjin : Katsuhiko Tamura, Noboru Sugimitsu
Character Design, Hiroyuki Hayase
Sound Director","Noboru Sugimitsu : Character Design, Hiroyuki Hayase : Sound Director"
Baki the Grappler, Grappler Baki,TV   ,24.0,Group TAC,Winter,"Hand to Hand Combat, Based on a Manga",3.64,2001.0,,"'In the world of underground fighting, there is no time limit, no referee, and no ban of technique, not even murderous ones. This is the underground world that Baki, the young champion fighter must fight in to show the world how strong he can be. Only by challenging and accepting the strongest opponents from the world can he hope that one day he can overcome his greatest opponent of all, his father.'",,"Baki the Grappler, Baki, Baki Gaiden: Scarface, Hanma Baki, Baki Gaiden: Kizuzura, Baki Gaiden: Kenjin, Baki-Dou, Baki-Dou (2018)","Grappler Baki: The Ultimate Fighter, Baki the Grappler: Maximum Tournament, Baki OVA, Baki","Baki Hanma : Masami Kikuchi, Doppo Orochi : Mugihito, Emi Akezawa : Yurika Hino, Gaia Nomura : Kouji Yusa, Kaoru Hanayama : Masayuki Nakata, Kureha Shinogi : Mitsuru Miyamoto, Shouhei Toba : Yuu Shimaka, Yujiro Hanma :  Kenji Nomura, Keisuke Itagaki
Original Creator, Hitoshi Nanba
Director, Hitoshi Nagao
Art Director, Shin Itagaki
Episode Director, Masashi Sogo
Screenplay, Akio Watanabe
Key Animator","Keisuke Itagaki : Original Creator, Hitoshi Nanba : Director, Hitoshi Nagao : Art Director, Shin Itagaki : Episode Director, Masashi Sogo : Screenplay, Akio Watanabe : Key Animator"
Mahoromatic,,TV   ,12.0,GAINAX,Fall ,"Action, Comedy, Ecchi, Sci Fi, Seinen, Androids, Maids, Non-Human Protagonists, Robots, Based on a Manga, Nudity",3.64,2001.0,,"""She cooks, she cleans, and is a lethal fighting machine. Mahoromatic, former Vesper battle android, has chosen to give up her weapons, extending her remaining life from 37 to 398 days. As Misato Suguru's maid, she fights battles of another sort, fending off an amorous teacher on one hand, ecchi magazines on the other. Can Mahoro save Suguru's innocence?""",Nudity,Mahoromatic,"Mahoromatic: Year End Special, Mahoromatic 2: Year End Special, Mahoromatic 2, Mahoromatic: Summer Special, Mahoromatic: I'm Home!","Mahoro Andou : Ayako Kawasumi, Suguru Misato : Fujiko Takimoto, Chizuko Oe : Asami Sanada, Kiyomi Kawahara : Atsushi Kisaichi, Miyuki Sakura : Yumi Kikuchi, Rin Todoroki : Manabi Mizuno, Saori Shikijo : Yumi Takada, Slash : Keiichi Noda, Bow Ditama
Original Creator, Bunjuro Nakayama
Original Creator, Hiroyuki Yamaga
Director, Toshio Masuda
Music, Kazuhiro Takamura
Character Design, Tsuguo Kozawa
Photography Director, Naoko Kosakabe
Art Director, Youko Mihashi
Color Design","Bow Ditama : Original Creator, Bunjuro Nakayama : Original Creator, Hiroyuki Yamaga : Director, Toshio Masuda : Music, Kazuhiro Takamura : Character Design, Tsuguo Kozawa : Photography Director, Naoko Kosakabe : Art Director, Youko Mihashi : Color Design"
Offside,,TV   ,39.0,Ashi Productions,Spring,"Drama, Shounen, Sports, Soccer, Tournaments, Based on a Manga",3.64,2001.0,2002.0,"""Goro Kumagaya is an established, tall middle-school goalkeeper who wanted to enter Yokonan high-school that is considered to be among the elites in terms of its football club, only to fail and end up in the lowly-ranked school opposite to Yokonan because of an accident. However, he met Shingo, Hideki and Kazuhito Oda who are all skillful footballers. Together with the Kawasaki High School football club, they challenge Yokonan and any other schools that they have to face in order to become the regional and national champions. Any setbacks that they face would instead be an opportunity for a better improvement; one of which was the discovery of Goro's natural talent as an ace striker.""",,Offside,Offside OVA,"Natsuko Heiuchi
Original Creator, Seiji Okuda
Director, Mari Tominaga
Character Design, Yutaka Arai
Character Design","Natsuko Heiuchi : Original Creator, Seiji Okuda : Director, Mari Tominaga : Character Design, Yutaka Arai : Character Design"
Metropolis, Osamu Tezuka's Metropolis,Movie,,MADHOUSE,,"Sci Fi, Androids, Non-Human Protagonists, Robots, Based on a Manga",3.64,2001.0,,"'Metropolis is a grand high-tech city-state populated by humans and robots alike. It is in these streets that Detective Shunsaku Ban and his sidekick Kenichi search for the rebel scientist Dr. Laughton who unbeknownst to them, is developing a super android named Tima as a tool for the Duke of Metropolis. What starts out as a normal case turns into mayhem as the scientist is murdered, and the true plans of the Duke are finally revealed...'",,Metropolis,,"Kenichi Shikishima : Kei Kobayashi, Shunsaku Ban : Kousei Tomita, Tima : Yuka Imoto, Dr. Laughton : Junpei Takiguchi, Duke Red : Tarou Ishida, Rock Holmes : Kouki Okada, Acetylene Lamp : Shigeru Chiba, Atlas : Norihiro Inoue, Osamu Tezuka
Original Creator, Rintarou
Director, Toshiyuki Honda
Music, Yasuhiro Nakura
Character Design & Chief Animation Director, Shinji Komori
Producer, Shinji Hashimoto
Key Animator","Osamu Tezuka : Original Creator, Rintarou : Director, Toshiyuki Honda : Music, Yasuhiro Nakura : Character Design & Chief Animation Director, Shinji Komori : Producer, Shinji Hashimoto : Key Animator"
Shingu: Secret of the Stellar Wars Recap, Gakuen Senki Muryou Recap,TV Sp,,MADHOUSE,,"Sci Fi, Aliens, Psychic Powers, Recap, Original Work",3.64,2001.0,,'A recap episode that covers the episodes 1-14.',,,Shingu: Secret of the Stellar Wars,"Hajime Murata, Kyouichi Moriguchi, Muryou Subaru, Nayuta Moriyama",
Detective Conan: A Written Challenge from the Pyramids!,"Alt titles: Case Closed: A Written Challenge from the Pyramids!, Meitantei Conan: Piramid kara no Chousenjou!",OVA  ,1.0,TMS Entertainment,,"Mystery, Shounen, Detectives, Based on a Manga",3.63,2001.0,,'No synopsis yet - check back soon!',,Case Closed,"Detective Conan, Detective Conan Movie 24: The Scarlet Bullet","Gosho Aoyama
Original Creator",Gosho Aoyama : Original Creator
Motto! Ojamajo Doremi Movie: Kaeru Seki no Himitsu,,Movie,,Toei Animation,,"Magical Girl, Henshin Heroes, Magic, Witches, Original Work",3.62,2001.0,,"""Legends tell of a woman named Mayuri who, in the distant past, threw herself into the river after learning of the death of the man she loved, Zenjuro. A strange, crying frog creature was found near her body, and thus the locals came to honor a Frog Stone they created in the lovers' memory. Doremi, Dot, Hazuki, Aiko, Onpu and Momoko are visiting Doremi's grandparents, who live near Fukuyama Mountain where these events took place. Though the adults insist the children stay away from the mountain during the impending evening of the smiling moon, they go anyways to visit the Frog Stone for themselves; and along the way, the rumors of Fukuyama Mountain start to come true...""",,"Ojamajo Doremi, Ojamajo Doremi 16 (Light Novel), Ojamajo Doremi 17 (Light Novel), Ojamajo Doremi 18 (Light Novel), Ojamajo Doremi 19 (Light Novel), Ojamajo Doremi 20’s (Light Novel)",Motto! Ojamajo Doremi,"Aiko Seno : Yuki Matsuoka, Doremi Harukaze : Chiemi Chiba, Hazuki Fujiwara : Tomoko Akiya, Momoko Asuka : Nami Miyahara, Onpu Segawa : Rumi Shishido, Pop Harukaze : Sawa Ishige, Majo Rika, Shizue Takanashi
Original Creator, Hiroki Kanno
Key Animator, Fumihide Sai
Key Animator","Shizue Takanashi : Original Creator, Hiroki Kanno : Key Animator, Fumihide Sai : Key Animator"
Love Hina Final Selection,,TV Sp,,XEBEC,,"Comedy, Ecchi, Romance, Shounen, Recap, Tsundere, Based on a Manga",3.62,2001.0,,'No synopsis yet - check back soon!',,"Love Hina, Love Hina Anime Comic, Love Hina (Light Novel), Love Hina: Special Project","Love Hina, Love Hina Special: Motoko's Choice, Love or Sword: Don't Cry, Love Hina X'mas Special: Silent Eve, Love Hina Spring Special: I Wish Your Dream, Love Hina Again","Keitaro Urashima : Yuuji Ueda, Naru Narusegawa : Yui Horie, Haruka Urashima : Megumi Hayashibara, Kaolla Su : Reiko Takagi, Mitsune Konno : Junko Noda, Motoko Aoyama : Yuu Asakawa, Mutsumi Otohime : Satsuki Yukino, Noriyasu Seta : Yasunori Matsumoto, Ken Akamatsu
Original Creator",Ken Akamatsu : Original Creator
Azumanga Daioh: The Very Short Movie,,Movie,,J.C.Staff,,"Comedy, Shounen, Gag, School Life, Shorts, Based on a 4-Koma Manga, Based on a Manga",3.62,2001.0,,"'Osaka is curious, she is puzzling, and above all she is clueless. On this particular day, her curiosity is focused on the cutest little set of pigtails you have ever seen. These pigtails happen to belong to the cutest little 10-year-old genius you have ever seen: Chiyo-chan! When Osaka just can’t stand it any longer she reaches up and grabs the pigtails, but much to her surprise they seem to have a mind of their own. Jumping right off of Chiyo’s head, the pigtails make a bouncing beeline towards the window and escape in a hurry! One very sad little Chiyo-chan desperately runs after them, but what adventures await her in a world where pigtails are so free and lively!?'",,"Azumanga Daioh, Azumanga Daioh: Hoshuuhen, Osaka Banpaku","Azumanga Web Daioh, Azumanga Daioh","Ayumu Kasuga : Yuki Matsuoka, Chiyo Mihama : Tomoko Kaneda, Kagura : Houko Kuwashima, Koyomi Mizuhara : Rie Tanaka, Sakaki : Yuu Asakawa, Tomo Takino : Chieko Higuchi, Yukari Tanizaki : Akiko Hiramatsu, Kamineko, Kiyohiko Azuma
Original Creator, Hiroshi Nishikiori
Director, Masaki Kurihara
Music, Hiromi Katou
Character Design, Tarou Maki
Producer, Shigeru Nishiyama
Editor, Masumi Itou
Song Arrangement & Song Composition","Kiyohiko Azuma : Original Creator, Hiroshi Nishikiori : Director, Masaki Kurihara : Music, Hiromi Katou : Character Design, Tarou Maki : Producer, Shigeru Nishiyama : Editor, Masumi Itou : Song Arrangement & Song Composition"
Doraemon: Ganbare! Gian!!,,Movie,,,,"Shounen, Cats, Family Friendly, Non-Human Protagonists, Robots",3.61,2001.0,,'No synopsis yet - check back soon!',,,"Doraemon (1979), Doraemon Movie 1: Nobita's Dinosaur","Gian : Kazuya Tatekabe, Doraemon : Nobuyo Oyama, Nobita Nobi : Noriko Ohara, Shizuka Minamoto : Michiko Nomura, Suneo Honekawa : Kaneta Kimotsuki, Gian'S Mother : Kazuyo Aoki, Jaiko Gouda : Kazuyo Aoki, Nobisuke Nobi",
X TV,,TV   ,24.0,MADHOUSE,Fall ,"Action, Mystery, Shoujo, Magic, Supernatural, Superpowers, Based on a Manga",3.61,2001.0,2002.0,"'Kamui has returned to Tokyo with a traumatizing past, but he is not the only one. Many people are returning to Tokyo for the same reason: they play a part in the End of the World. The Dragons of Earth and the Dragons of Heaven now must fight for the destruction or safety of the world. But is this troubled Kamui really the key to saving the world?'",,"Tokyo Babylon, X/1999","X²: Double X, X: The Movie, X OVA: Episode 0","Fuuma Monou : Junichi Suwabe, Kamui Shiro : Kenichi Suzumura, Kotori Monou : Mamiko Noto, Arashi Kishu : Ryouka Yuzuki, Daisuke Saiki : Kishou Taniyama, Hinoto : Aya Hisakawa, Inuki, Kakyo Kuzuki : Yuuji Ueda, Clamp
Original Creator, Yoshiaki Kawajiri
Director, Naoki Satou
Music, Yoshinori Kanemori
Character Design, Masao Maruyama
Producer, Jouichi Mizuno
Producer, Michiko Suzuki
Producer, Shinji Komori
Producer","Clamp : Original Creator, Yoshiaki Kawajiri : Director, Naoki Satou : Music, Yoshinori Kanemori : Character Design, Masao Maruyama : Producer, Jouichi Mizuno : Producer, Michiko Suzuki : Producer, Shinji Komori : Producer"
Pretear, Shin Shirayukihime Densetsu Pretear,TV   ,13.0,Hal Film Maker,Spring,"Fantasy, Magical Girl, Romance, Shoujo, Contemporary Fantasy, Elemental Powers, Henshin Heroes, Magic, Based on a Manga",3.61,2001.0,,"""Awayuki Himeno is a normal schoolgirl who is in a bind: her father’s remarriage yielded two new cruel stepsisters, and to top it off, she meets seven men who call themselves Liefe Knights. They reveal to her that she's a Pretear, someone who can lend powers to them when their powers aren’t enough to defeat the evil creatures called mayouchuu. Now, she has to fight the ambitious Fenrir, whose only purpose is to leech the life force from all living beings. Can Himeno save the world and find a way to deal with her growing feelings for one of the Liefe Knights?""",,Pretear,,"Hayate : Kohsuke Toriumi, Himeno Awayuki : Sayuri Yoshida, Sasame : Takahiro Sakurai, Fenrir : Yui Horie, Go : Showtaro Morikubo, Hajime : Misato Fukuen, Kei : Makoto Naruse, Mannen : Akiko Yajima, Junichi Satou
Original Creator, Kiyoko Sayama
Director, Toshiyuki Omori
Music, Akemi Kobayashi
Character Design & Chief Animation Director, Koujirou Hayashi
Photography Director, Kei Fukura
Producer, Hirofumi Otsuki
Producer, Shigeru Nishiyama
Editor","Junichi Satou : Original Creator, Kiyoko Sayama : Director, Toshiyuki Omori : Music, Akemi Kobayashi : Character Design & Chief Animation Director, Koujirou Hayashi : Photography Director, Kei Fukura : Producer, Hirofumi Otsuki : Producer, Shigeru Nishiyama : Editor"
Daisuki! BuBu ChaCha,,TV   ,26.0,Daume,Spring,"Comedy, Fantasy, Slice of Life, Animal Protagonists, Cars, Dogs, Non-Human Protagonists, Original Work",3.6,2001.0,,"'The anime talks about a little boy, Randy, whose dog, Chacha, died in an accident and was reincarnated into a living toy car. Each episode is told like the chapter of a storybook, where Randy learns a valuable thing in life with his cartoonish and goofy friend Chacha. Randy meets several friends in his neighbourhood, such as Catherine, the tall blonde girl in red long socks who rides a bicycle, or Mary, a little hot-tempered brunette girl dressed as a maid and who carries around a mop.'",,,BuBu ChaCha,"Chacha : Choo, Randy Rand : Yuko Sasamoto, Connie Rand : Atsuko Tanaka, Mary : Taeko Kawata, Nick : Tomohiro Nishimura, Sarah, Tau Dinton, Terry : Koichi Sakaguchi, Tetsurou Amino
Director & Original Creator, Goji Tsuno
Music, Shinji Ochi
Character Design","Tetsurou Amino : Director & Original Creator, Goji Tsuno : Music, Shinji Ochi : Character Design"
The Daichis: Earth's Defense Family Special,"Alt titles: Chikyuu Bouei Kazoku Special, Daichis: Earth's Defense Family Special",DVD S,,Group TAC,,,3.59,2001.0,,'No synopsis yet - check back soon!',,,The Daichis: Earth's Defense Family,"Mamoru Daichi : Akira Kamiya, Seiko Daichi : Mami Koyama, Dai Daichi : Motoko Kumai, Ellen Shiratori : Akiko Yajima, Junko Ejima : Yuuko Mizutani, Tetsuya Hayakawa : Kirby Morrow, Takatsugu Kobayashi
Storyboard",Takatsugu Kobayashi : Storyboard
Rune Soldier, Mahou Senshi Louie,TV   ,24.0,J.C.Staff,Spring,"Adventure, Comedy, Fantasy, Magic, Medieval, Prophecy, Treasure Hunters",3.59,2001.0,,"""Louie is a student at a mage’s school, but secretly yearns for adventure. One night he meets a group of treasure hunters: Melissa, a Mylee priestess; Genie, a warrior; and Merill, a thief. They are in need of a mage so Louie volunteers to join them, but they decline his offer when they witness his poor mage skills. The next day, Melissa prays to her god to guide her to the hero she should serve. Her god replies that the next man she sees will be her hero, after which Louie literally falls down from the sky! Against her will, Louie is the hero she should honor and thus, Louie is accepted into their group. He is now a treasure hunter, mage, warrior, and hero?! With little expertise in anything, he can't possibly be of much use!""",,"Record of Lodoss War: The Demon of Flame, Mahou Senshi Louie Gaiden (Light Novel), Record of Lodoss War: The Lady of Pharis, Record of Lodoss War: The Grey Witch, Record Of Lodoss War: Welcome To Lodoss Island!, Mahou Senshi Louie (Light Novel), Record of Lodoss War: Chronicles of the Heroic Knight, Record of Lodoss War: Deedlit's Tale, Louie the Rune Soldier, Mahou Senshi Louie Zero (Light Novel), Mahou Senshi Louie: Faram no Tsurugi (Light Novel), Record of Lodoss War: The Grey Witch (2013), Mahou Senshi Louie","Record of Lodoss War, Record of Lodoss War: Chronicles of the Heroic Knight","Genie : Minami Takayama, Louie : Katsuyuki Konishi, Melissa : Kikuko Inoue, Merrill : Tomoko Kawakami, Celecia : Fumiko Orikasa, Conrad : Takumi Yamazaki, Dardanel : Kan Tokumaru, Foltess : Masaaki Tsukada, Ryo Mizuno
Original Creator, Yoshitaka Koyama
Director, Kazunori Iwakura
Character Design, Yuki Miyoshi
Producer, Yuuji Matsukura
Producer, Hiroyuki Yonemasu
Producer, Seiichi Hachiya
Producer, Shigeru Nishiyama
Editor","Ryo Mizuno : Original Creator, Yoshitaka Koyama : Director, Kazunori Iwakura : Character Design, Yuki Miyoshi : Producer, Yuuji Matsukura : Producer, Hiroyuki Yonemasu : Producer, Seiichi Hachiya : Producer, Shigeru Nishiyama : Editor"
3000 Leagues in Search of Mother Specials, Haha wo Tazunete Sanzenri Specials,TV Sp,,Nippon Animation,,"Adventure, 19th Century, Europe, Family Friendly, Historical, Recap, World Masterpiece Theater, Based on a Novel",3.58,2001.0,,'No synopsis yet - check back soon!',,,"3000 Leagues in Search of Mother, 3000 Leagues in Search of Mother Movie, Marco, 3000 Leagues in Search of Mother (2000)",,
Shoukoushi Cedie Specials, Little Lord Fauntleroy Specials,TV Sp,,Nippon Animation,,"Drama, 19th Century, England, Europe, Historical, Recap, World Masterpiece Theater, Based on a Novel",3.57,2001.0,,'No synopsis yet - check back soon!',,,Shoukoushi Cedie,Cedric Errol,
Digimon Adventure 02 Movie: Diaboromon Strikes Back, Digimon Adventure 02 Movie: Diaboromon no Gyakushuu,Movie,,Toei Animation,,"Action, Sci Fi, Shounen, Family Friendly, Monsters",3.57,2001.0,,"""Two years ago, Tai and Matt put an end to Diaboromon's evil plot using the sword of Omnimon – or so they thought. Unfortunately, Diaboromon survived the fight and is now trying to make his way to the Real World, recovering from his wounds and scheming until the time is right to make his move. Meanwhile, little jellyfish-like Digimon known as Kuramon have begun to appear on cell phones and other electronic devices; but what’s worse is that pictures of the DigiDestined Children have also begun to be plastered all over the net by mysterious forces. Tai and Matt think they know who the culprit is, but their adversary is much smarter and may not be stoppable by even the legendary sword...""",,"Digimon, Digimon Adventure (Light Novel)","Digimon Adventure Movie 2: Bokura no War Game, Digimon Adventure 02","Daisuke Motomiya : Reiko Kiuchi, Daisuke'S Vuimon : Junko Noda, Ken Ichijouji : Romi Park, Koshirou Izumi : Umi Tenjin, Diaboromon, Hikari'S Tailmon : Yuka Tokumitsu, Hikari Yagami : Kae Araki, Iori Hida : Megumi Urawa, Takahiro Imamura
Director, Takanori Arisawa
Music, Kazuto Nakazawa
Character Design, Hiroyuki Sakurada
Producer, Shigeru Nishiyama
Editor","Takahiro Imamura : Director, Takanori Arisawa : Music, Kazuto Nakazawa : Character Design, Hiroyuki Sakurada : Producer, Shigeru Nishiyama : Editor"
Detective Conan: Chase the Mysterious Comet Monster!, Meitantei Conan: Nazo no Suisei Kaijuu wo Oe!,OVA  ,1.0,TMS Entertainment,,Mystery,3.57,2001.0,,'No synopsis yet - check back soon!',,"Case Closed, Detective Conan: Zero's Tea Time","Detective Conan, Detective Conan Movie 24: The Scarlet Bullet","Ai Haibara : Megumi Hayashibara, Ayumi Yoshida : Yukiko Iwai, Conan Edogawa : Minami Takayama, Genta Kojima : Wataru Takagi, Mitsuhiko Tsuburaya : Ikue Ootani",
Touch: Cross Road - Kaze no Yukue,,TV Sp,,Group TAC,,"Drama, Romance, Shounen, Sports, America, Baseball, Based on a Manga",3.56,2001.0,,"""Tatsuya moves to America and pitches for a poor, struggling minor league baseball team called the Emeralds. Meanwhile, Minami is still in Japan, trying to find her own path after quitting gymnastics. Inspired by a photograph of her final performance, she becomes the photographer's assistant.""",,"Touch, Mix","Touch, Touch Movie 1: Sebangou no Nai Ace, Touch Movie 2: Sayonara no Okurimono, Touch Movie 3: Kimi ga Toorisugita Ato Ni, Touch: Miss Lonely Yesterday - Arekara, Kimi wa","Minami Asakura : Noriko Hidaka, Tatsuya Uesugi : Yuuji Mitsuya, Alice Beaumont, Allen, Bob, Brian Wilson, Franklin Beaumont, Gina Beaumont, Mitsuru Adachi
Original Creator, Gisaburou Sugii
Director, Hiroaki Serizawa
Music, Haruo Sai
Producer, Mitsuru Ooshima
Producer, Shigeji Tsuiki
Producer, Hiroshi Yamashita
Producer, Ayao Ueda
Producer","Mitsuru Adachi : Original Creator, Gisaburou Sugii : Director, Hiroaki Serizawa : Music, Haruo Sai : Producer, Mitsuru Ooshima : Producer, Shigeji Tsuiki : Producer, Hiroshi Yamashita : Producer, Ayao Ueda : Producer"
Angelic Layer, Kidou Tenshi Angelic Layer,TV   ,26.0,Bones,Spring,"Action, Sci Fi, Shounen, Proxy Battles, Tournaments, Based on a Manga",3.56,2001.0,,"""Misaki Suzuhara is a young girl who traveled to Tokyo to live with a relative, but ended up becoming involved in the greatest game of all time: Angelic Layer! In this fast-paced competition, players customize dolls and fight them in arenas of all sizes, hoping to gain experience and perhaps win the greatest tournament of them all! With new friends to meet and new enemies to defeat, the best time of Misaki's life seems to be just beginning. Join Misaki as she struggles to be the best, even in the face of overwhelming odds...""",,Angelic Layer,Angelic Layer: Be My Angel,"Hikaru, Misaki Suzuhara : Atsuko Enomoto, Athena, Blanche, Hatoko Kobayashi : Yuri Shiratori, Ichiro Mihara : Masaya Onosaka, Kaede Saitou : Ayako Kawasumi, Kotaro Kobayashi : Jun Fukuyama, Clamp
Original Creator, Hiroshi Nishikiori
Director, Kouhei Tanaka
Music, Takahiro Komori
Character Design, Masahiko Minami
Producer, Shinsaku Hatta
Producer, Hiroki Kanno
Animation Director, Masaki Hinata
Animation Director","Clamp : Original Creator, Hiroshi Nishikiori : Director, Kouhei Tanaka : Music, Takahiro Komori : Character Design, Masahiko Minami : Producer, Shinsaku Hatta : Producer, Hiroki Kanno : Animation Director, Masaki Hinata : Animation Director"
Tantei Shounen Kageman, Detective boy Shadowman,TV   ,39.0,Studio Hibari,Spring,"Comedy, Mystery, Shounen, Detectives, Episodic, Based on a Manga",3.56,2001.0,2002.0,'Kageman is a boy who wants to become the best detective in the world. Each of the self-contained episode features a fun guessing game and unriddling of a case.',,,,"Kageman : Tarako Isono, Nekobee : Masako Nozawa, Shinsuke : Masako Nozawa, Aooni Yamane
Original Creator, Yorifusa Yamaguchi
Director, Takamitsu Kondou
Character Design, Yukio Abe
Art Director, Naohiko Furuichi
Producer, Jou Tanaka
Animation Director","Aooni Yamane : Original Creator, Yorifusa Yamaguchi : Director, Takamitsu Kondou : Character Design, Yukio Abe : Art Director, Naohiko Furuichi : Producer, Jou Tanaka : Animation Director"
Cat Soup, Nekojiru-sou,OVA  ,1.0,J.C.Staff,,"Adventure, Abstract, Afterlife, Animal Protagonists, Anthropomorphic, Cats, No Dialogue, Non-Human Protagonists, Animal Abuse,, Mature Themes,, Violence",3.55,2001.0,,"'Cat Soup is an extremely abstract, abnormal, and at times, disturbing adventure, from the director of Nadesico. This 30 minute OVA follows two kittens through what seems to be the underworld, as they search for one of their lost souls. Along the way, they encounter new (edible) friends, scary situations, and even the end of the world! Will these felines manage to return unscathed? Or more importantly, avoid becoming the main course for dinner? Confusion abounds in this quirky OVA.'","Animal Abuse,, Mature Themes,, Violence","Nekojiru Udon, Nekojiru Dango, Nekojiru Shokudou, Nekojiru Senbei",Nekojiru Gekijou,"Nyako, Nyatta, Pig, Father, Mother, Water Elephant, Nekojiru
Original Creator, Tatsuo Satou
Director, Yuuji Matsukura
Producer","Nekojiru : Original Creator, Tatsuo Satou : Director, Yuuji Matsukura : Producer"
21 Seiki wa Minna ga Shuyaku,,OVA  ,1.0,,,Educational,3.55,2001.0,,'No synopsis yet - check back soon!',,,,,
Ghost Stories - Curse of Death: The Headless Rider!!, Gakkou no Kaidan: Kubinashi Rider!! Shi no Noroi,TV Sp,,Pierrot,,"Monster-of-the-week, Supernatural, Original Work",3.55,2001.0,,"'A headless rider terrorizes the town on the anniversary of what was his death, seeking to decapitate people like\xa0himself. When the ghost turns his headlights upon Satsuki, the gang needs to find a way to put him to sleep again, and quick!'",,,"Ghost Stories, Ghost Stories Recaps","Hajime Aoyama : Takako Honda, Keiichirou Miyanoshita : Kurumi Mamiya, Leo Kakinoki : Makoto Tsumura, Momoko Koigakubo : Kumi Sakuma, Satsuki Miyanoshita : Tomoko Kawakami, Amanojaku : Ryuusei Nakao, Headless Rider :  Wataru Takagi, Leo'S Father : Toshihiko Nakajima",
Digimon Tamers,,TV   ,51.0,Toei Animation,Spring,"Action, Adventure, Sci Fi, Shounen, Family Friendly, Monster-of-the-week, Monsters, Person in a Strange World",3.55,2001.0,2002.0,"'All Takato ever wanted was his very own Digimon; all\xa0Ruki ever wanted was a strong Digimon; and all\xa0Jen ever wanted was a partner Digimon. Their wish came true, but along with it a string of Digimon came to destroy the world and conquer it. This unlikely trio must now fight with their partner Digimon created from the mysterious blue card and stop the impending doom that is coming their way. Together with some other friends they explore the Digital Zone to find out what is happening, and to discover the mystery behind the D-Reaper. This is not just a regular digital monsters card game, because this time, the Digimon are real!'",,Digimon Tamers,"Digimon Tamers Movie: The Adventurers' Battle, Digimon Tamers Movie: Runaway Locomon","Jenrya Lee : Mayumi Yamaguchi, Jenrya'S Terriermon : Aoi Tada, Ruki Makino : Fumiko Orikasa, Ruki'S Renamon : Yuka Imai, Takato Matsuda : Makoto Tsumura, Takato'S Guilmon : Masako Nozawa, Culumon : Tomoko Kaneda, D-Reaper : Yoko Asada, Yukio Kaizawa
Director, Chiaki J. Konaka
Screenplay & Series Composition, Takanori Arisawa
Music, Katsuyoshi Nakatsuru
Character Design, Akiyoshi Hongou
Character Design, Hiromi Seki
Producer, Kyoutarou Kimura
Producer, Daisuke Kawakami
Producer","Yukio Kaizawa : Director, Chiaki J. Konaka : Screenplay & Series Composition, Takanori Arisawa : Music, Katsuyoshi Nakatsuru : Character Design, Akiyoshi Hongou : Character Design, Hiromi Seki : Producer, Kyoutarou Kimura : Producer, Daisuke Kawakami : Producer"
Dennou Boukenki Webdiver, Brain Adventure Record Webdiver,TV   ,52.0,Radix Ace Entertainment,Spring,Sci Fi,3.54,2001.0,2002.0,"'Set in the year 2100 where the world is tied together by a computer network. The children of the world become Web Divers, adapting their consciousnesses into data, and love to play together in the cyber park called Magical Gate. However, a mysterious computer virus appears beginning to destroy Magical Gate from the inside out. In cyberspace, programs called Web Knights have been created to protect the children. But, the computer virus has turned all the Web Knights against the children. The only Web Knight to escape the ""brainwashing"" is Gladion. Gladion seeks the help of Kaito Yuki, a Web Diver who is in the fourth grade.'",,,,"Aoi Arisagawa : Shiho Kikuchi, Garyuun : Katsuyuki Konishi, Gladion : Tomokazu Sugita, Jean-Jacques Jacard : Masataka Nakai, Karon : Yuki Kaida, Kento Yuuki : Yumiko Kobayashi, Naoki Asuba : Junko Takeuchi, Daitalion : Nobuo Tobita, Kunitoshi Okajima
Chief Director, Hiroshi Negishi
Director, Mayori Sekijima
Series Composition, Yuuzou Hayashi
Music, Naruse Takahashi
Character Design, Tomio Yamauchi
Episode Director, Hideo Shimosaka
Animation Director","Kunitoshi Okajima : Chief Director, Hiroshi Negishi : Director, Mayori Sekijima : Series Composition, Yuuzou Hayashi : Music, Naruse Takahashi : Character Design, Tomio Yamauchi : Episode Director, Hideo Shimosaka : Animation Director"
Kaze no Yojimbo,,TV   ,25.0,Pierrot,Fall ,"Action, Detectives, Based on a Movie, Violence",3.54,2001.0,2002.0,"'George Kodama comes to the sity of Sagaru to solve a mystery from his past; his only aid takes the form of a single clue, a name: Araki Genzou. He arrives in Sagaru to find an ailing city controlled by two opposing factions, and quickly becomes mired in the conflict. These two factions, the Tanakura and Ginzame groups, wage war while George searches for his past, paying his way with work as a bodyguard. He is clever and deadly in combat, but can he alone save the city of Sagaru and still find his own answers?'",Violence,,,"George Kodama : Hiroaki Hirata, Fukajirou Shirogane : Shigenori Soya, Miyuki Tanokura : Sanae Kobayashi, Raccoon : Kousei Hirota, Rin Shirogane : Mitsuru Miyamoto, Samekichi Shirogane : Houchuu Ootsuka, Sanae Araki : Emi Shinohara, Shuusaku Tanokura : Shinpachi Tsuji, Akira Kurosawa
Original Creator, Hayato Date
Director, Tsuneyoshi Saito
Music, Takeshi Itou
Character Design, Yuji Nunokawa
Producer, Hiroshi Yamashita
Producer, Tetsuya Watanabe
Producer, Shintarou Inokawa
Episode Director","Akira Kurosawa : Original Creator, Hayato Date : Director, Tsuneyoshi Saito : Music, Takeshi Itou : Character Design, Yuji Nunokawa : Producer, Hiroshi Yamashita : Producer, Tetsuya Watanabe : Producer, Shintarou Inokawa : Episode Director"
Koro's Big Day Out, Koro no Osanpo,Movie,,Studio Ghibli,,"Adventure, Animal Protagonists, Dogs, Family Friendly, Ghibli Museum Shorts, Non-Human Protagonists, Pets, Shorts",3.54,2001.0,,"'The puppy Koro rushes out of the house chasing Sawako leaving for school, but Koro gets lost. In unfamiliar places, Koro is nearly run over by a car, threatened by an alley cat... For little Koro, everything he encounters outside is new and a big adventure. Meanwhile, Sawako comes home to learn that Koro is gone. She frantically tries to find him.'",,,,"Koro, Sawako : Itsuki Komazawa, Chiko : Nana Kanno, Sawako'S Father : Kenji Imura, Sawako'S Mother : Haruyo Moriyoshi, Shigeru : Keito Ishihara, Hayao Miyazaki
Director & Original Creator & Screenplay, Yuuji Nomi
Music, Tamami Yamamoto
Producer, Nobuyuki Takeuchi
Key Animator","Hayao Miyazaki : Director & Original Creator & Screenplay, Yuuji Nomi : Music, Tamami Yamamoto : Producer, Nobuyuki Takeuchi : Key Animator"
Noir,,TV   ,26.0,BEE TRAIN,Spring,"Mystery, Amnesia, Assassins, Conspiracy, Criminals, Europe, France, Guns, Mercenaries, Noir, Original Work",3.53,2001.0,,"'Mireille Bouqet has become a reputable assassin working in France. However, all changes after she meets Kirika, a mysterious young girl who knows nothing about her past but possesses killing skills that dwarf hers. Further intrigue unfolds as both characters explore their shadowy past and come to a head with a clandestine organization that seeks to control destiny itself.'",,,,"Kirika Yumura : Houko Kuwashima, Mireille Bouquet : Kotono Mitsuishi, Altena : Tarako Isono, Chloe : Aya Hisakawa, Shaoli : Urara Takano, Silvana Greone : Yumi Touma, Belladonna : Fumiko Osaka, Chu : Tomoyuki Kouno, Kouichi Mashimo
Director, Yuki Kajiura
Music, Youko Kikuchi
Character Design, Minako Shiba
Character Design, Satoko Miyachi
Character Design, Shigeru Kitayama
Producer, Itsurou Kawasaki
Episode Director & Storyboard, Ali Project
Song Performance","Kouichi Mashimo : Director, Yuki Kajiura : Music, Youko Kikuchi : Character Design, Minako Shiba : Character Design, Satoko Miyachi : Character Design, Shigeru Kitayama : Producer, Itsurou Kawasaki : Episode Director & Storyboard, Ali Project : Song Performance"
Captain Tsubasa: Road to 2002,,TV   ,52.0,MADHOUSE,Fall ,"Shounen, Sports, Soccer, Based on a Manga",3.53,2001.0,2002.0,"'Tsubasa Ozora is a young man with soccer on the mind. Though he just joined Nankatsu Elementary’s team, Tsubasa wants nothing more than one thing: to someday be in the World Cup! But the road there will not be easy, and plenty of challengers and obstacles stand in his way. With the help of the skilled Captain Roberto, fierce rivals and fellow friends, Tsubasa must work hard and never give up reaching his ultimate goal. World Cup, here we come!'",,"Captain Tsubasa (Pilot), Captain Tsubasa, Takahashi Yoichi-sensei Europa wo Iku... Misaki-kun Wakabayashi-kun ni Atta yo!!, Captain Tsubasa: Saikyo no Teki! Holland Youth, Captain Tsubasa: World Youth, Captain Tsubasa Tanpenshuu: Dream Field, Captain Tsubasa: Road to 2002, Captain Tsubasa: Road to 2002 Tokubetsu-hen - F.C.R.B. Stadium Opening Match, Captain Tsubasa: Golden-23, Captain Tsubasa: Endless Dream, Captain Tsubasa: Kaigai Gekitou-hen - In Calcio, Captain Tsubasa: Kaigai Gekidou-hen - En La Liga, Captain Tsubasa Tokubetsu-hen: Live Together 2010, Captain Tsubasa: Rising Sun","Captain Tsubasa, Captain Tsubasa: Ayaushi! Zen Nihon Jr., Captain Tsubasa: Asu ni Mukatte Hashire!, Shin Captain Tsubasa, Captain Tsubasa J, Captain Tsubasa: Saikyou no Teki! Holland Youth","Kojiro Hyuga : Rica Matsumoto, Sanae Nakazawa : Atsuko Enomoto, Taro Misaki : Satsuki Yukino, Tsubasa Ozora : Kikuko Inoue, Genzo Wakabayashi : Kenichi Suzumura, Hikaru Matsuyama : Akira Ishida, Jun Misugi : Ai Orikasa, Ken Wakashimazu : Kentarou Itou, Yoichi Takahashi
Original Creator, Isamu Imakake
Director, Yasunori Iwasaki
Music, Akifumi Tada
Music, Minoru Maeda
Character Design, Masao Maruyama
Producer, Shin Itagaki
Animation Director & Episode Director & Storyboard, Kazunori Tanahashi
Episode Director","Yoichi Takahashi : Original Creator, Isamu Imakake : Director, Yasunori Iwasaki : Music, Akifumi Tada : Music, Minoru Maeda : Character Design, Masao Maruyama : Producer, Shin Itagaki : Animation Director & Episode Director & Storyboard, Kazunori Tanahashi : Episode Director"
Project ARMS: The 2nd Chapter,,TV   ,26.0,TMS Entertainment,Fall ,"Sci Fi, Shounen, Cyborgs, Superpowers, Based on a Manga",3.53,2001.0,2002.0,"'Meet the Keith series, the top brass of Egregori. They are five cloned siblings with terrifying powers who can only agree on one thing: the ""Arms"" must die!When they learn that the targets of their ""hospitality"" have come to America, a little welcome party is planned. Meanwhile a small town called Gallow\'s Bell turns out to be another top-secret Egregori breeding ground. Not only is it the home of the super-enhanced, cyborg solider ""Hound Battalion,"" but it also harbors the Chapel Children! Could this be the Arms\' own OK Corral?'",,Project ARMS,Project ARMS,"Al Bowen : Megumi Ogata, Hayato Shingu : Shinichirou Miki, Kei Kuruma : Minami Takayama, Ryo Takatsuki : Nobutoshi Canna, Takeshi Tomoe : Yuuji Ueda, Alice : Aya Hisakawa, Iwao Takatsuki : Kinryuu Arimoto, Jabberwock : Shuuichi Ikeda, Masaki Satou
Character Design, Fukashi Azuma
Producer","Masaki Satou : Character Design, Fukashi Azuma : Producer"
Kinnikuman II Sei Movie,,Movie,,Toei Animation,,"Shounen, Sports, Hand to Hand Combat, Superheroes, Wrestling, Based on a Manga",3.51,2001.0,,"'While the New Generation Choujins are taking part in Fan Appreciation Day, The Cyborg arrives, takes Meat hostage, and challenges Mantarou to a fight inside Tokyo Tower.'",,"Kinnikuman, Ultimate Muscle: The Kinnukiman Legacy, Kinnikuman II Sei: Kyuukyoku Choujin Tag-hen, Kinnikuman: Kiseki no Kyuseishu Densetsu no Maki","Ultimate Muscle, Kinnikuman II Sei: Ultimate Muscle, Kinnikuman II Sei: Ultimate Muscle 2","Alexandria Meat, Mantaro Kinniku, Gazelleman, Seiuchin, Terry Kenyon, Yudetamago
Original Creator, Toshiaki Komura
Director, Masaki Satou
Character Design, Hiroyuki Kawasaki
Screenplay","Yudetamago : Original Creator, Toshiaki Komura : Director, Masaki Satou : Character Design, Hiroyuki Kawasaki : Screenplay"
Pachislo Kizoku Gin,,TV   ,23.0,A-Line,Spring,"Action, Tournaments",3.51,2001.0,,"'Ginya Otonashi is a college dropout who works part-time for a pachislo publishing company while aspiring to become a novelist. Told to find the best slotter in Japan, Ginya comes across the Slosseum, an underground pashislo organization where slotters compete against each other with hopes to dethrone the Ultimate King, Ryo Daiba. Ginya joins the competition, and his furthered involvement in pachislo will help him find out more about himself & his past.'",,,,"Hidehito Ueda
Director, Hiroyuki Hoshiyama
Series Composition, Cheru Watanabe
Music, Makoto Takou
Music, Junichi Hayama
Character Design, Yoshikazu Iwanami
Sound Director, Shinichi Ikeda
Producer, Hiroshi Katou
Producer","Hidehito Ueda : Director, Hiroyuki Hoshiyama : Series Composition, Cheru Watanabe : Music, Makoto Takou : Music, Junichi Hayama : Character Design, Yoshikazu Iwanami : Sound Director, Shinichi Ikeda : Producer, Hiroshi Katou : Producer"
Figure 17, Figure 17: Tsubasa & Hikaru,TV   ,13.0,OLM,Spring,"Drama, Sci Fi, Slice of Life, Aliens, Coming of Age, Countryside, Family Friendly, School Life, Original Work, Violence",3.51,2001.0,2002.0,"'While transporting bio-weapon lifeforms, Agent DD, member of an alien police force, is forced to crash land on Earth. Amidst the chaos of the crash, a bio-weapon escapes and DD is forced to fight it, while accidentally activating a Liberus, a liquid battle suit. Tsubasa, a shy girl, unwillingly comes into contact with the Liberius and is thereafter forced to fight for the survival of Earth.'",Violence,Figure 17,,"Daisuke Domoto : Rikiya Koyama, Hikaru Shiina : Fumiko Orikasa, Tsubasa Shiina : Akiko Yajima, Asuka Karasawa : Ryouka Yuzuki, Hideo Shiina : Masamichi Sato, Kenta Hagiwara : Yuuko Katou, Noriko Ito : Naoko Takano, Oldina : Kikuko Inoue, Naohito Takahashi
Director, Toshihiko Takamizawa
Music, Yuriko Chiba
Character Design, Nobuhiro Oosawa
Producer, Shuukichi Kanda
Producer, Eiko Saitou
Animation Director & Key Animator","Naohito Takahashi : Director, Toshihiko Takamizawa : Music, Yuriko Chiba : Character Design, Nobuhiro Oosawa : Producer, Shuukichi Kanda : Producer, Eiko Saitou : Animation Director & Key Animator"
Shingu: Secret of the Stellar Wars, Gakuen Senki Muryou,TV   ,26.0,MADHOUSE,Spring,"Action, Sci Fi, Slice of Life, Aliens, Psychic Powers, Superpowers, Original Work",3.5,2001.0,,"'In the year 2070, a giant object appears over the skies of the small town Tenmo, scrambling the electrical grid and confirming the existence of extra terrestrial life. To young Hajime Morata, this news is exciting and new - but to the townspeople, school council members and even the new exchange student Muryou Subaru, nothing going on in the skies is out of the ordinary. For it seems that Earth houses both intergalactic ambassadors and planet defenders alike - at least one of whom can use the power of the giant Shingu to battle incoming invaders - and Hajime is somehow connected. In addition to helping plan school festivals and living his day to day life, Hajime slowly begins to discover the secret behind his town and himself.'",,,Shingu: Secret of the Stellar Wars Recap,"Hajime Murata : Kenji Nojima, Muryou Subaru : Issei Miyazaki, Nayuta Moriyama : Romi Park, Futaba Murata : Rie Kugimiya, Hachiyou Tsumori : Yuuji Ueda, Harumi Mineo : Masumi Asano, Hiromi Isozaki : Yoko Sasaki, Jiltosh : Kenichi Ono, Tatsuo Satou
Director & Original Creator, Yuuji Oono
Music, Takahiro Yoshimatsu
Character Design, Atsushi Moriyama
Producer, Kenichi Ishikura
Episode Director, Yuuji Yanase
Animation Director, Shinichirou Kajiura
Animation Director","Tatsuo Satou : Director & Original Creator, Yuuji Oono : Music, Takahiro Yoshimatsu : Character Design, Atsushi Moriyama : Producer, Kenichi Ishikura : Episode Director, Yuuji Yanase : Animation Director, Shinichirou Kajiura : Animation Director"
Zone of the Enders: Idolo, Z.O.E 2167 IDOLO,OVA  ,1.0,Sunrise,,"Drama, Mecha, Sci Fi, Military, Outer Space",3.5,2001.0,,"'The year is 2167 and mankind has populated Mars. Somewhere on the Red Planet in a hidden lab the Martians are developing a new weapon known as ""Idolo"", which incorporates the mysterious mineral Metatron -- a combination that causes Idolo to become frighteningly powerful and gain a mind of its own. Lieutenant Radium Lavans is assigned as its test pilot, but the Metatron\'s power slowly consumes him and he begins to walk the path of destruction and madness. Will he be able to break free from its stronghold, or will it end in a bloodbath that consumes both the Earth and Mars?'",,,Zone of the Enders: Dolores,"Radium Lavans : Takehito Koyasu, Dolores Hayes : Houko Kuwashima, Rachel Stewart Links : Yoshiko Sakakibara, Viola Gyunee : Chiharu Tezuka, Barrows : Takeshi Watabe, Chief Secretary Lawrence : Takehiro Koyama, Commander Jackson : Katsumi Chou, Edgar : Ken Tokumaru, Tetsuya Watanabe
Director, Masumi Itou
Music & Song Arrangement & Song Composition, Madoka Hirayama
Character Design, Chieo Ohashi
Producer, Eiji Sashida
Producer, Machiko Fujiwara
Producer, Mitsuru Ooshima
Producer, Michiko Fujiwara
Producer","Tetsuya Watanabe : Director, Masumi Itou : Music & Song Arrangement & Song Composition, Madoka Hirayama : Character Design, Chieo Ohashi : Producer, Eiji Sashida : Producer, Machiko Fujiwara : Producer, Mitsuru Ooshima : Producer, Michiko Fujiwara : Producer"
The Trapp Family Story Specials, Sekai Meisaku Gekijou Kanketsu Ban: Trapp Ikka Monogatari Specials,TV Sp,,Nippon Animation,,"Drama, Childcare, Europe, Historical, Mansion, Music, Recap, War, World Masterpiece Theater, World War 2, Based on a Novel",3.5,2001.0,,'No synopsis yet - check back soon!',,,The Trapp Family Story,"Jou Tanaka
Animation Director",Jou Tanaka : Animation Director
Rave Master, Groove Adventure Rave,TV   ,51.0,Studio DEEN,Fall ,"Action, Adventure, Comedy, Fantasy, Shounen, Swordplay, Based on a Manga",3.49,2001.0,2002.0,"'Fifty years ago, the Demon Stone and RAVE (two powerful artifacts) are broken and scattered throughout the world. The story follows the journey of Haru Glory; during his travels he meets many new friends and allies, and also enemies known as the Daemon Card. He will have to use the powers given to him by RAVE to defeat the Daemon Card and find the other pieces of RAVE.'",,"Rave Master, Rave - Plue no Inu Nikki, Fairy Tail S: Tales from Fairy Tail",Fairy Tail x Rave,"Elie : Ayako Kawasumi, Griffon Kato : Katsuya Shiga, Hamrio Musica : Showtaro Morikubo, Haru Glory : Tomokazu Seki, Plue : Yukiji, Berial : Souichirou Tanaka, Gale Raregroove : Toshiyuki Morikawa, Let Dahaka : Takehiro Murozono, Hiro Mashima
Original Creator, Takashi Watanabe
Director, Nobuaki Kishima
Screenplay & Series Composition, Kenji Kawai
Music, Akira Matsushima
Character Design, Kazunori Noguchi
Producer, Takaaki Ishiyama
Storyboard, Masashi Sogo
Screenplay","Hiro Mashima : Original Creator, Takashi Watanabe : Director, Nobuaki Kishima : Screenplay & Series Composition, Kenji Kawai : Music, Akira Matsushima : Character Design, Kazunori Noguchi : Producer, Takaaki Ishiyama : Storyboard, Masashi Sogo : Screenplay"
Excel Saga: Going Too Far, Heppoko Jikken Animation Excel Saga: Yari-sugi,DVD S,,J.C.Staff,,"Comedy, Sci Fi, Seinen, Breaking the Fourth Wall, Parody, Based on a Manga, Explicit Violence,, Nudity",3.49,2001.0,,'No synopsis yet - check back soon!',"Explicit Violence,, Nudity",Excel Saga,Excel Saga,"Koushi Rikudou
Original Creator, Shinichi Watanabe
Director & Episode Director & Storyboard, Toshio Masuda
Music, Satoshi Ishino
Character Design","Koushi Rikudou : Original Creator, Shinichi Watanabe : Director & Episode Director & Storyboard, Toshio Masuda : Music, Satoshi Ishino : Character Design"
Spirit of Wonder: China-san Tanpenshuu, Spirit of Wonder: China-san Short Stories,DVD S,,Ajia-do,,"Fantasy, Seinen, England, Europe, Based on a Manga",3.48,2001.0,2004.0,'No synopsis yet - check back soon!',,Spirit of Wonder,"Spirit of Wonder: Miss China's Ring, Spirit of Wonder: Scientific Boys Club","China : Noriko Hidaka, Dr. Breckenridge : Michio Hazama, Jim Floyd : Hiroyuki Shibamoto, Lily : Yuriko Fuchizaki, China'S Father, China'S Mother, Cooper, Gordon",
Zone of the Enders: Dolores," Z.O.E Dolores,i",TV   ,26.0,Sunrise,Spring,"Adventure, Comedy, Mecha, Sci Fi, Military, Outer Space",3.48,2001.0,,"'The hostility between Earth and Mars has grown, and a war is drawing close. This, however, does not concern James Links, a rough American cargo hauler who wants nothing else but to patch up the relationship between him and his family. But things change when he discovers the highly sought after orbital frame Dolores, quickly causing himself and his two teenage children to be framed for murder and accused of terrorist actions. Follow them on their journey to Mars as they try to clear their names of these crimes they did not commit, with only each other to rely on.'",,,Zone of the Enders: Idolo,"Dolores : Houko Kuwashima, James Links : Tesshou Genda, Leon Links : Mitsuru Miyamoto, Noel Links : Narumi Hidaka, Axel : Masatoyo Tetsuno, Basilico Basilisk : Hisao Egawa, Cindy Fiorentino : Rumi Ochiai, Melinda Gargoyle : Kazuko Yanaga, Tetsuya Watanabe
Director, Masumi Itou
Music, Kumi Horii
Character Design, Madoka Hirayama
Character Design, Chieo Ohashi
Producer, Eiji Sashida
Producer, Machiko Fujiwara
Producer, Mitsuru Ooshima
Producer","Tetsuya Watanabe : Director, Masumi Itou : Music, Kumi Horii : Character Design, Madoka Hirayama : Character Design, Chieo Ohashi : Producer, Eiji Sashida : Producer, Machiko Fujiwara : Producer, Mitsuru Ooshima : Producer"
Fushigi Yugi OVA: Eikoden,,OVA  ,4.0,Pierrot,,"Fantasy, Romance, Shoujo, Isekai, Person in a Strange World, Pregnancy, Reincarnation, Summoned Into Another World, Based on a Manga",3.48,2001.0,2002.0,"""Married and with a child on the way, Miaka and Taka couldn't be better. That is, until an obsessive young girl enters the universe of the four gods, with her heart set on using Suzaku's power to not only steal Taka, but Miaka's baby as well! Taka must now return to the world of his past to not only save his family, but the rest of the kingdom as well!""",,"Fushigi Yugi, Fushigi Yugi Gaiden (Light Novel), Fushigi Yugi: Genbu Kaiden, Fushigi Yuugi: Genbu Kaiden Kizuna - Haruka Naru Kaze no Kora (Light Novel), Fushigi Yugi: Byakko Ibun, Fushigi Yugi: Byakko Senki","Fushigi Yugi: The Mysterious Play, Fushigi Yugi OVA, Fushigi Yugi OVA: Dai Ni Bu","Mayo Sakaki : Junko Noda, Miaka Yuki : Kae Araki, Tamahome : Hikaru Midorikawa, Chichiri : Tomokazu Seki, Chiriko : Tomoko Kawakami, Hotohori : Takehito Koyasu, Mitsukake : Kouji Ishii, Nuriko : Chika Sakamoto, Yuu Watase
Original Creator, Nanako Shimazaki
Director, Ryou Sakai
Music, Hideyuki Motohashi
Character Design","Yuu Watase : Original Creator, Nanako Shimazaki : Director, Ryou Sakai : Music, Hideyuki Motohashi : Character Design"
Alps Stories: My Annette Specials, Alps Monogatari Watashi no Annette Specials,TV Sp,,Nippon Animation,,"Drama, Slice of Life, Countryside, Europe, Historical, Recap, Switzerland, World Masterpiece Theater, Based on a Novel",3.47,2001.0,,'No synopsis yet - check back soon!',,,Alps Stories: My Annette,"Annette Burnier : Keiko Han, Daniel Burnier : Sanae Miyuki, Lucien Morel : Eiko Yamada",
Princess Arete, Arete Hime,Movie,,Studio 4°C,,"Drama, Fantasy, Kidnapping, Magic, Medieval, Royalty, Based on a Fairy Tale",3.47,2001.0,,"'Innocent, naive, and locked in the castle tower since birth, Princess Arete wants nothing more than to escape the royal life and live as the commoners live, and to see things that she has only dreamed about in her books. One day, her wish is granted -- though under less than ideal circumstances -- by the sorcerer Boax, who charms her into becoming his wife. On his flying machine from the days of magic, Arete embarks on a mystical journey full of discovery, enlightenment, and wonder beyond belief...'",,,,"Arete : Houko Kuwashima, Boax, The Witch, Ample, Sunao Katabuchi
Director, Akira Senju
Music, Satoko Morikawa
Character Design, Hiroyuki Hayase
Sound Director, Eiko Tanaka
Producer","Sunao Katabuchi : Director, Akira Senju : Music, Satoko Morikawa : Character Design, Hiroyuki Hayase : Sound Director, Eiko Tanaka : Producer"
Ginga Tetsudou 999: Niji no Michishirube, Galaxy Express 999: Niji no Michishirube,Other,,Toei Animation,,Shorts,3.47,2001.0,,'No synopsis yet - check back soon!',,,Galaxy Express 999,"Maetel : Masako Ikeda, Tetsuro Hoshino : Masako Nozawa, Minamoto No Yoshitsune : Tokuyoshi Kawashima, Mirai : Mitsuko Horie, Musashi Miyamoto : Kenta Miyake, Narrator : Hitoshi Takagi, Tadaoki Hosokawa : Hidetoshi Nakamura, The Conductor : Kaneta Kimotsuki, Leiji Matsumoto
Original Creator, Yoshihiro Ueda
Director, Kazutoshi Mori
Assistant Director, Nozomi Aoki
Music, Keito Watanabe
Art Director, Takako Mimuro
Color Design, Tokie Hayashi
Producer, Shinji Shimizu
Producer","Leiji Matsumoto : Original Creator, Yoshihiro Ueda : Director, Kazutoshi Mori : Assistant Director, Nozomi Aoki : Music, Keito Watanabe : Art Director, Takako Mimuro : Color Design, Tokie Hayashi : Producer, Shinji Shimizu : Producer"
Pokemon Movie 4: Pokemon 4Ever, Pokemon Movie 4: Celebi Toki wo Koeta Deai,Movie,,OLM,,"Adventure, Fantasy, Shounen, Elemental Powers, Family Friendly, Forest, Monsters, Based on a Video Game",3.46,2001.0,,"'Forty years ago, a boy named Yukinari saved the deity of the forest, Celebi, from a Pokemon poacher\'s hands. However, Celebi used its time traveling abilities in the scuffle, and transported both itself and Yukinari to the present! Ash, Brock and Misty find the duo and with the help of Celebi, Yukinari is soon on his way back home - that is, until the sinister Iron Masked Marauder arrives. He\'s on a mission to capture Celebi, and he has a ""dark ball"" capable of turning anything it catches into evil. Joining the fray is Team Rocket, who also want to get their hands on Celebi. An ultimate showdown awaits, and the entire forest is at stake!'",,"Pokemon: The Electric Tale of Pikachu, Pokémon Adventures, Magical Pokemon Journey, Pokémon: Diamond and Pearl Adventure!, Pokemon Mystery Dungeon: Ginji's Rescue Team, Pokemon Ranger, Pokemon Ranger and the Temple of the Sea, Pokemon: The Rise of Darkrai, Pokemon Ranger Batonnage, Kaitou! Pokemon 7, Pokemon: Giratina & the Sky Warrior!, Pokemon ReBURST, Pokemon the Movie: White - Victini and Zekrom, Pokemon + Nobunaga no Yabou - Ranse Iroemaki, Pokémon: Diancie and the Cocoon of Destruction, Pokémon: Omega Ruby & Alpha Sapphire, Pokemon the Movie: Hoopa and the Clash of Ages, Pokemon the Movie XY&Z: Volcanion to Karakuri no Magiana, Pokemon Horizon: Sun & Moon, Pokémon: Sun & Moon, Pokémon the Movie: I Choose You!","Pokemon, Pokemon: Pikachu's Pikaboo","Ash Ketchum : Rica Matsumoto, Ash'S Pikachu : Ikue Ootani, Brock : Yuuji Ueda, Celebi : Kazuko Sugiyama, Misty : Mayumi Iizuka, Sam : Keiko Toda, Iron-Masked Marauder : Shirou Sano, James : Shinichirou Miki, Kunihiko Yuyama
Director, Shinji Miyazaki
Music, Sayuri Ichiishi
Character Design, Norihiro Matsubara
Character Design, Akihiro Tamagawa
Character Design","Kunihiko Yuyama : Director, Shinji Miyazaki : Music, Sayuri Ichiishi : Character Design, Norihiro Matsubara : Character Design, Akihiro Tamagawa : Character Design"
Gyouten Ningen Batsealer,,TV   ,52.0,Group TAC,Spring,"Action, Adventure, Fantasy",3.45,2001.0,2002.0,"""Jan Zaru, with Captain Fatz and the Seahorse's crew, travels around the world to collect the peace stones and restore the balance of the elements.""",,,,"Captain Fatz : Kentarou Itou, Dake Tsuyogari : Shintarou Oohata, Gai : Takashi Nagasako, Golgones : Makiko Ohmoto, Hotsei : Miki Machii, Jan Zaru : Tomoko Ishimura, Lady Maid : Ryouka Yuzuki, Otakebimaru : Hideki Ogihara, Yoshihiro Takamoto
Director, Yuu Yamamoto
Series Composition, Kazuya Hayashi
Character Design, Eriko Shibayama
Art Director, Yoshikazu Iwanami
Sound Director, Shinichirou Kajiura
Animation Director, Masumi Itou
Song Arrangement & Song Composition & Song Performance","Yoshihiro Takamoto : Director, Yuu Yamamoto : Series Composition, Kazuya Hayashi : Character Design, Eriko Shibayama : Art Director, Yoshikazu Iwanami : Sound Director, Shinichirou Kajiura : Animation Director, Masumi Itou : Song Arrangement & Song Composition & Song Performance"
Medaka no Gakkou,,OVA  ,5.0,Office AO,,"Comedy, School Life, Short Episodes, Based on a 4-Koma Manga, Based on a Manga",3.45,2001.0,2005.0,'No synopsis yet - check back soon!',,Medaka no Gakkou,,"Medaka Kouno : Kaoru Morota, Bingo Nonoguchi : Hideki Ogihara, Misa : Hiroka Nishizawa, Nekoko : Yukana, Pochi : Yutaka Aoyama, Ryouko Asase : Nana Furuhara, Yuuna Tanaka : Kazuya Ichijo, Yukie Mori
Original Creator",Yukie Mori : Original Creator
Shiawase-sou no Okojo-san,,TV   ,52.0,Radix Ace Entertainment,Fall ,"Comedy, Animal Protagonists, Non-Human Protagonists, Pets, Based on a Manga",3.44,2001.0,2002.0,"'After Okojo-san (a feisty ferret) deftly escapes from the local pet store, Siawase Apartment will never be the same! Armed with long claws and a razor-sharp wit, Okojo-san finds adventure with a mouse sidekick. This show has attitude!'",,Shiawase-sou no Okojo-san,,"Chorori, Haruka Tsuchiya : Yutaka Koizumi, Okojo-San : Miyuki Sawashiro, Choruri : Masayoshi Yamazaki, Choruri'S Brother : Youji Ueda, Choruri'S Mother : Mika Sakenobe, Feneck : Haruka Fujimoto, Hasegawa : Atsushi Imaruoka, Ayumi Uno
Original Creator, Yuusuke Yamamoto
Director, Masamichi Amano
Music, Takahiro Kishida
Character Design, Hidenori Itahashi
Producer, Mitsuhiro Yoneda
Animation Director & Episode Director, Kunitoshi Okajima
Episode Director, Ryuichi Kimura
Episode Director & Storyboard","Ayumi Uno : Original Creator, Yuusuke Yamamoto : Director, Masamichi Amano : Music, Takahiro Kishida : Character Design, Hidenori Itahashi : Producer, Mitsuhiro Yoneda : Animation Director & Episode Director, Kunitoshi Okajima : Episode Director, Ryuichi Kimura : Episode Director & Storyboard"
The Daichis: Earth's Defense Family, Chikyuu Bouei Kazoku,TV   ,13.0,Group TAC,Winter,"Action, Comedy, Superheroes, Original Work",3.44,2001.0,,"'The Daichis are a fairly pathetic family. Seiko is leaving her wimpy husband Mamoru; Dai is a hyper pervert; and Nozomi has to do all of the housework. One day, while Seiko is trying to get Mamoru to sign the divorce papers, a mysterious message is faxed to them: they have been selected as ""Earth\'s Defense Family!"" There are millions of yen in it for them, but the contract is void if the family splits up. Now, they must put up with each other long enough to defend the Earth from threats like meteors, space monsters, giant Communist robots, and cute collectible toys; will these crises bring the family together, or just drive them even crazier?'",,,The Daichis: Earth's Defense Family Special,"Dai Daichi : Motoko Kumai, Mamoru Daichi : Akira Kamiya, Nozomi Daichi : Kaori Shimizu, Seiko Daichi : Mami Koyama, Ellen Shiratori : Akiko Yajima, Haruka Kyoda : Sachi Matsumoto, Junko Ejima : Yuuko Mizutani, Tetsuya Hayakawa : Kirby Morrow, Shouji Kawamori
Mechanical Design & Original Creator & Screenplay & Series Composition, Tetsu Kimura
Director, Shigeo Naka
Music, Kazuaki Mouri
Character Design, Minoru Takanashi
Producer, Yasuhiro Takemoto
Episode Director","Shouji Kawamori : Mechanical Design & Original Creator & Screenplay & Series Composition, Tetsu Kimura : Director, Shigeo Naka : Music, Kazuaki Mouri : Character Design, Minoru Takanashi : Producer, Yasuhiro Takemoto : Episode Director"
Mahoromatic: Year End Special,,TV Sp,,SHAFT,,"Comedy, Seinen, Androids, Non-Human Protagonists, Recap, Robots, Based on a Manga",3.44,2001.0,,'No synopsis yet - check back soon!',,Mahoromatic,"Mahoromatic, Mahoromatic 2: Year End Special, Mahoromatic 2, Mahoromatic: Summer Special, Mahoromatic: I'm Home!","Mahoro Andou : Ayako Kawasumi, Suguru Misato : Fujiko Takimoto, Chizuko Oe : Asami Sanada, Kiyomi Kawahara : Atsushi Kisaichi, Miyuki Sakura : Yumi Kikuchi, Rin Todoroki : Manabi Mizuno, Saori Shikijo : Yumi Takada, Slash : Keiichi Noda, Bunjuro Nakayama
Original Creator, Toshio Masuda
Music, Kazuhiro Takamura
Character Design","Bunjuro Nakayama : Original Creator, Toshio Masuda : Music, Kazuhiro Takamura : Character Design"
Digimon Tamers Movie: The Adventurers' Battle, Digimon Tamers Movie: Boukensha-tachi no Tatakai,Movie,,Toei Animation,,"Action, Sci Fi, Shounen, Family Friendly, Monsters",3.44,2001.0,,"'Takato and Guilmon go on vacation to Okinawa and meet a fellow tamer, Minami. Back in Japan, a popular computer pet suddenly becomes a virus, infecting all of the computers who have it. As the virus spreads, Takato tries to figure out why digimon are all attacking his new friend, and what her connection is to the virus.'",,"Digimon Adventure V-Tamer 01, Digimon, Digimon Adventure (Light Novel), Digimon Frontier, Digimon Chronicle, Digimon Tamers, Digimon D-Cyber, Digimon Next, Digimon Xros Wars, Digimon Story Cyber Sleuth","Digimon Tamers, Digimon Tamers Movie: Runaway Locomon","Kai Urazoe : Tomo Saeki, Minami Uehara : Kotono Mitsuishi, Takato Matsuda : Makoto Tsumura, Takato'S Guilmon : Masako Nozawa, Culumon : Tomoko Kaneda, Jenrya Lee : Mayumi Yamaguchi, Jenrya'S Terriermon : Aoi Tada, Mephistomon : Juurouta Kosugi, Tetsuo Imazawa
Director, Takanori Arisawa
Music, Shigeru Nishiyama
Editor, Ichirou Itano
Key Animator","Tetsuo Imazawa : Director, Takanori Arisawa : Music, Shigeru Nishiyama : Editor, Ichirou Itano : Key Animator"
Captain Kuppa!, Sabaku no Kaizoku! Captain Kuppa,TV   ,26.0,BEE TRAIN,,"Action, Adventure, Desert, Based on a Manga",3.43,2001.0,2002.0,"'Sometime in the future, the world was completely dried up and became all desert. They had little rivers and lakes left, which villians and dangerous animals lived. Water has become the most valueable thing on the world. Whoever can control water will rule over the world.'",,Captain Kuppa!,,"Captain Kuppa : Motoko Kumai, Bear : Kiyoyuki Yanada, Jet : Takuma Suzuki, Suika : Saeko Chiba, Yukke : Mika Kanai, Toshio Tanigami
Original Creator, Kouichi Mashimo
Director, Hayato Matsuo
Music, Atsushi Wakabayashi
Character Design, Tomoaki Kado
Character Design, Ken Suegawa
Producer","Toshio Tanigami : Original Creator, Kouichi Mashimo : Director, Hayato Matsuo : Music, Atsushi Wakabayashi : Character Design, Tomoaki Kado : Character Design, Ken Suegawa : Producer"
Hello Kitty no Ou-sama no Mimi wa Roba no Mimi, Hello Kitty's Animation Theater: King Midas' Donkey Ears,OVA  ,1.0,,,"Fantasy, Animal Protagonists, Anthropomorphic, Cats, Family Friendly, Non-Human Protagonists, Sanrio Characters, Based on a Fairy Tale",3.43,2001.0,,'No synopsis yet - check back soon!',,,,Hello Kitty,
Project ARMS,,TV   ,26.0,TMS Entertainment,Spring,"Sci Fi, Shounen, Cyborgs, Superpowers, Based on a Manga",3.43,2001.0,,"'Ryo Takatsuki injured his right arm in an accident years ago. The resulting surgery brought about some unexpected, but not entirely unwelcome changes -- enhanced healing along with the presence of a superweapon dubbed ""ARMS"" in his body. But with all power comes a price, and with newfound allies who share his predicament, he must battle a secret organization trying to control the ARMS while trying to find the truth behind the weapon in his body for himself...'",,Project ARMS,Project ARMS: The 2nd Chapter,"Hayato Shingu : Shinichirou Miki, Ryo Takatsuki : Nobutoshi Canna, Takeshi Tomoe : Yuuji Ueda, Al Bowen : Megumi Ogata, Cliff Gilbert : Nobuyuki Hiyama, Gaus Gall : Mitsuo Iwata, Jabberwock : Shuuichi Ikeda, Katsumi Akagi : Tomoko Miura, Junichi Takaoka
Director, Daisuke Ikeda
Music, Masaki Satou
Character Design, Fukashi Azuma
Producer, Masahito Yoshioka
Producer","Junichi Takaoka : Director, Daisuke Ikeda : Music, Masaki Satou : Character Design, Fukashi Azuma : Producer, Masahito Yoshioka : Producer"
Kimi to Boku (2001), Everlasting Heart,Web  ,1.0,,,"Drama, Slice of Life, Flash Animation",3.42,2001.0,,'No synopsis yet - check back soon!',,,,,
Sadamitsu the Destroyer, Hakaima Sadamitsu,TV   ,10.0,Studio DEEN,Winter,"Action, Sci Fi, Seinen, Aliens, Androids, Body Sharing, Delinquents, Non-Human Protagonists, Robots, Based on a Manga, Violence",3.42,2001.0,,"""Sadamitsu used to be a typical delinquent, doling out justice as part of the Corpse Gang. That is, until he finds himself in the middle of a battle between a robot from space and an alien, inadvertently crippling the robot in the process!\xa0The robot is\xa0one of the good guys from another world, out to apprehend the 20 million galactic criminals that are on their way to Earth - and now that only its head remains intact, it's up to Sadamitsu to take on the challenge. While donning the head of the robot - which Sadamitsu names Junk - the boy transforms into a powerful fighter capable of taking down the invaders. \xa0With Junk's guidance, Sadamitsu helps fulfill his new role - but with the arrival of a powerful enforcer known as the Vulture, his task won't be easy...""",Violence,Sadamitsu the Destroyer,,"Junk : Kazuhiro Yamaji, Sadamitsu Tsubaki : Yuuji Ueda, Yayoi Kamishiro, Akinobu Tsubaki, Chieko, Kuron, Mitsuko Takasugi, Gomimaru, Masahiko Nakahira
Original Creator, Kouichi Oohata
Director, Taku Iwasaki
Music, Akira Kikuchi
Character Design, Masatoshi Fujimoto
Producer, Chiaki J. Konaka
Screenplay","Masahiko Nakahira : Original Creator, Kouichi Oohata : Director, Taku Iwasaki : Music, Akira Kikuchi : Character Design, Masatoshi Fujimoto : Producer, Chiaki J. Konaka : Screenplay"
Please Save My Earth: The Passing of the Golden Age, Boku no Chikyuu wo Mamotte: Kiniro no Toki Nasarete,Other,,Production I.G,,"Drama, Sci Fi, Shoujo, Age Gap, Aliens, Amnesia, Fated Lovers, Mind Games, Non-Human Protagonists, Psychic Powers, Recap, Reincarnation, Revenge, Superpowers, Based on a Manga, Bullying,, Emotional Abuse",3.42,2001.0,,'No synopsis yet - check back soon!',"Bullying,, Emotional Abuse","Please Save My Earth, Boku wo Tsutsumu Tsuki no Hikari, Boku wa Chikyuu to Utau: BokuTama Jisedai-hen II",Please Save My Earth,"Alice Sakaguchi, Enju, Mokuren, Shion, Issei Nishikiori, Jinpachi Ogura, Rin Kobayashi, Rojion",
Kikaider-01: The Animation,,OVA  ,4.0,Studio OX,,"Action, Androids, Cyborgs, Robots",3.42,2001.0,2002.0,"""Though Jiro has put a stop to the evil organization Dark, a new threat awaits him: Shadow, a group of robots who are hell-bent on kidnapping Professor Gill's child, Akira, who is now in the care of Jiro. Along with Akira's protector, Rieko, Jiro must now protect the boy from Shadow - but he has help. Professor Komyouji had built a prototype known as Akira (when transformed, Zero-One), and together the two brothers may just be enough to stop the forces of Shadow for good.""",,"Kikaider, Inazuman, Kikaider Code 02","Android Kikaider, Guitar wo Motta Shounen: Kikaider vs. Inazuman","Akira : Madoka Akita, Ichiro : Showtaro Morikubo, Jiro : Tomokazu Seki, Rei : Kazuhiko Inoue, Rieko : Sayaka Oohara, Nobuhiko Komyoji : Shozo Iizuka, Blue Hakaider : Takuma Suzuki, Fuuten : Ichiro Nagai, Keitarou Motonaga
Director, Kaoru Wada
Music, Naoyuki Konno
Character Design, Atsuhiro Iwakami
Producer, Jou Tanaka
Animation Director & Key Animator, Tatsuya Oishi
Key Animator","Keitarou Motonaga : Director, Kaoru Wada : Music, Naoyuki Konno : Character Design, Atsuhiro Iwakami : Producer, Jou Tanaka : Animation Director & Key Animator, Tatsuya Oishi : Key Animator"
Spirit of Wonder: Scientific Boys Club, Spirit of Wonder: Shounen Kagaku Club,OVA  ,2.0,Ajia-do,,"Adventure, Drama, Seinen, England, Europe, Outer Space, Based on a Manga",3.42,2001.0,,"'Undertaking independent ventures to travel to the planet Mars, ""The Scientific Boys Club"" builds a vessel to sail through the ethereal current of space, and Dr. Breckenridge creates a new version of his reflective space telescope to create a symmetric surface of the red planet. Both groups are faced with a variety of challenges before they are able to complete the perilous journey, and the doctor, accompanied by Jim and Ms. China, encounters several more on the symmetric surface. Will they manage to survive the voyage and Dr. Breckenridge\'s latest invention, a cellular shrinking machine?'",,Spirit of Wonder,"Spirit of Wonder: Miss China's Ring, Spirit of Wonder: China-san Tanpenshuu","Windy Lindoverberg Wakeman : Ryouka Yuzuki, Cooper : Masashi Hirose, Gordon : Takaya Hashi, Jack Wakeman : Kenichi Suzumura, Shepherd : Kazuo Oka, Arthur : Kinryuu Arimoto, Carl : Tomomichi Nishimura, China : Noriko Hidaka, Kenji Tsuruta
Original Creator, Takashi Annou
Director, Hayato Matsuo
Music, Yoshiaki Yanagida
Character Design","Kenji Tsuruta : Original Creator, Takashi Annou : Director, Hayato Matsuo : Music, Yoshiaki Yanagida : Character Design"
Pokemon: Raikou - The Legend of Thunder, Pokemon: Raikou Ikazuchi no Densetsu,TV Sp,,OLM,,"Action, Fantasy, Shounen, Elemental Powers, Family Friendly, Monsters, Proxy Battles, Based on a Video Game",3.41,2001.0,,"""There are Pokemon in the world that are so unique and powerful that they can only be described as legendary. When Team Rocket agents Attila and Hun get their hands on a crystal that can freely control electricity, they set their greedy sights on capturing the embodiment of lightning, Raikou. However, in their attempt to coax out the legendary beast from hiding, Pokemon trainers Jimmy, Marina, Vincent, and Eusine are also drawn into their plans. Now, the four must unite to save Raikou and put a stop to this duo's plans once and for all!""",,"Pokemon: The Electric Tale of Pikachu, Pokémon Adventures, Magical Pokemon Journey, Pokémon: Diamond and Pearl Adventure!, Pokemon Mystery Dungeon: Ginji's Rescue Team, Pokemon Ranger, Pokemon Ranger and the Temple of the Sea, Pokemon: The Rise of Darkrai, Pokemon Ranger Batonnage, Kaitou! Pokemon 7, Pokemon: Giratina & the Sky Warrior!, Pokemon ReBURST, Pokemon the Movie: White - Victini and Zekrom, Pokemon + Nobunaga no Yabou - Ranse Iroemaki, Pokémon: Diancie and the Cocoon of Destruction, Pokémon: Omega Ruby & Alpha Sapphire, Pokemon the Movie: Hoopa and the Clash of Ages, Pokemon the Movie XY&Z: Volcanion to Karakuri no Magiana, Pokemon Horizon: Sun & Moon, Pokémon: Sun & Moon, Pokémon the Movie: I Choose You!",Pokemon Chronicles,"Jimmy : Kenji Nojima, Marina : Kazusa Murai, Vincent, Attila : Nobuyuki Hiyama, Eusine : Shinji Kawada, Hun : Toshiyuki Morikawa, Misdreavus : Ryouka Yuzuki, Raikou : Katsuyuki Konishi, Kunihiko Yuyama
Chief Director, Masamitsu Hidaka
Director, Shinji Miyazaki
Music, Sayuri Ichiishi
Character Design, Norihiro Matsubara
Character Design, Makiko Iwata
Producer, Takemoto Mori
Producer, Akira Takeuchi
Key Animator","Kunihiko Yuyama : Chief Director, Masamitsu Hidaka : Director, Shinji Miyazaki : Music, Sayuri Ichiishi : Character Design, Norihiro Matsubara : Character Design, Makiko Iwata : Producer, Takemoto Mori : Producer, Akira Takeuchi : Key Animator"
Di Gi Charat Tsuyu Specials,,DVD S,,MADHOUSE,,"Comedy, Aliens, Chibi, Gag",3.41,2001.0,,'No synopsis yet - check back soon!',,"Di Gi Charat Theater: Dejiko's Summer Vacation, Di Gi Charat, Di Gi Charat Theater: Dejiko's Adventure, Di Gi Charat Theater: Piyoko is Number One!, Di Gi Charat: Dejiko's Champion Cup Theater, Di Gi Charat Theater: Leave it to Piyoko!","Di Gi Charat, Di Gi Charat Summer Special 2000, Di Gi Charat Christmas Special, Di Gi Charat Ohanami Special, Di Gi Charat: Rocket from a Mouth, Di Gi Charat Natsuyasumi Special, Di Gi Charat Movie - A Trip to the Planet, Panyo Panyo Di Gi Charat, Leave it to Piyoko!, Di Gi Charat Nyo, Di Gi Charat: Winter Garden","Koge-Donbo
Original Creator",Koge-Donbo : Original Creator
Animation Runner Kuromi, Animation Seisaku Shinkou Kuromi-chan,OVA  ,1.0,Yumeta Company,,"Comedy, Anime Industry, Coworkers, Otaku Culture, Parody, Work Life, Original Work",3.41,2001.0,,"""Twenty year-old Mikiko Oguro (known as Kuromi to her co-workers) has just entered the dream job of a lifetime -- animation! However, upon her arrival to the famed Studio Petit, Kuromi is in for a surprise: her predecessor just quit, leaving her with the project, and the seemingly unattainable deadline! Now, with only a week left until the key animation is due, Kuromi must wrangle up the group of slackers who must finish Time's Journey 2 before it's too late!""",,,Animation Runner Kuromi 2,"Mikiko Oguro : Kaori Asou, Aoi Fukami : Akemi Okamura, Hamako Shihonmatsu : Reiko Yasuhara, Hassaku Hozumi : Yoshirou Matsumoto, Mai Horaguchi : Mayumi Misawa, Mizuho Tanonaka : Eiji Itou, Seiichiro Haryu : Kazuya Ichijo, Announcer : Rika Komatsu, Akitarou Daichi
Director, Toshio Masuda
Music, Hajime Watanabe
Character Design, Satoshi Yamaguchi
Producer","Akitarou Daichi : Director, Toshio Masuda : Music, Hajime Watanabe : Character Design, Satoshi Yamaguchi : Producer"
Kyoro-chan no Jishin Youjin Hi no Youjin,,OVA  ,1.0,,,"Animal Protagonists, Anthropomorphic, Earthquake, Educational, Family Friendly, Natural Disaster, Non-Human Protagonists",3.41,2001.0,,'No synopsis yet - check back soon!',,,Kyoro-chan,Kyoro-Chan,
Strawberry Eggs, I My Me! Strawberry Eggs,TV   ,13.0,TNK,Summer,"Comedy, Romance, Crossdressing, School Life, Original Work",3.4,2001.0,,"""Hibiki is unemployed, unmotivated, and out of luck. But it seems his luck just might change: a nearby school is looking for qualified instructors, but there's a catch.. females only! With rent looming around the corner and the landlord threatening to cook the dog if you don't pay up, what's a guy to do? Become a woman, of course. Watch Hibiki as he blunders his way through embarassing situations, under the close scrutiny of the headmaster's gaze and his female students' admiration.""",,,,"Fuko Kuzuha : Akeno Watanabe, Hibiki Amawa : Yuki Masuda, Akira Fukae : Yuuji Ueda, Fujio Himejima : Mikako Takahashi, Lulu Sanjou : Kujira, Miho Umeda : Omi Minami, Mori Koji : Katashi Ishizuka, Principal : Rika Taniguchi, Yuuji Yamaguchi
Director, Masara Nishida
Music, Maki Fujii
Character Design, Yoshikazu Iwanami
Sound Director, Takatsugu Kobayashi
Episode Director & Storyboard, Itsurou Kawasaki
Storyboard, Tsutomu Yabuki
Storyboard","Yuuji Yamaguchi : Director, Masara Nishida : Music, Maki Fujii : Character Design, Yoshikazu Iwanami : Sound Director, Takatsugu Kobayashi : Episode Director & Storyboard, Itsurou Kawasaki : Storyboard, Tsutomu Yabuki : Storyboard"
Mobile Suit Gundam Evolve, Gundam Evolve,OVA  ,15.0,Sunrise,,"Action, Mecha, Sci Fi, Collections",3.4,2001.0,2007.0,"""Explore the Gundam Universe from fifteen new perspectives! Experience the ultimate visualization of the Mobile Suit Gundam Universe with fifteen short films featuring a mix of traditional and digital animation styles. You'll find adventures from multiple Gundam series, including side stories of characters such as Heero Yuy from Gundam Wing, and a retelling of episode 39 of the Mobile Suit Gundam TV series!""",,"Mobile Suit Gundam ZZ, Mobile Suit Gundam: The Revival of Zeon, Mobile Suit Gundam: New Revival of Zeon, Mobile Suit Gundam: Hathaway's Flash (Light Novel), Record of MS War: Mobile Suit Gundam Abridged, Mobile Suit Gundam: Silhouette Formula 91, Mobile Suit Gundam: The Origin, Mobile Suit Gundam: The Anthology, Mobile Suit Gundam Climax U.C., Mobile Suit Gundam 00, Mobile Suit Gundam: U.C. War Chronicle Memories of Char Aznable, Mobile Suit Gundam 00 2nd Season, Mobile Suit Gundam: MSV-R - Fabulous Shin Matsunaga, Mobile Suit Gundam: Hunter of Black Clothes, Mobile Suit Gundam 0083: Rebellion, Mobile Suit Gundam: Char's Counterattack - Beltorchika's Children, Mobile Suit Moon Gundam","Mobile Suit Gundam, Mobile Suit Zeta Gundam, Mobile Suit Gundam ZZ, Mobile Suit SD Gundam Mk I, Mobile Suit Gundam: Char's Counterattack, All That Gundam, Mobile Suit Gundam 0080: War in the Pocket, Mobile Suit SD Gundam no Gyakushuu: Arashi wo Yobu Gakuensai, Mobile Suit Gundam F91, Mobile Suit Gundam 0083: Stardust Memory, Mobile Suit Gundam 0083: Stardust Memory - The Mayfly of Space, Mobile Suit Gundam 0083: The Afterglow of Zeon, Mobile Suit Victory Gundam, Mobile Fighter G Gundam, Mobile Suit Gundam Wing, Mobile Suit Gundam: The 08th MS Team, After War Gundam X, Mobile Suit Gundam Wing: Endless Waltz, Mobile Suit Gundam Wing: Endless Waltz Movie, Gundam: Mission To The Rise, Turn A Gundam, Mobile Suit Gundam SEED, Mobile Suit Gundam MS IGLOO: The Hidden One Year War, Mobile Suit Gundam SEED: After Phase: In the Valley of Stars, Mobile Suit Gundam SEED Destiny, Mobile Suit Gundam MS IGLOO: Apocalypse 0079, Mobile Suit Gundam 00, Mobile Suit Gundam MS IGLOO 2: Juuryoku Sensen, Mobile Suit Gundam 00 Second Season, Mobile Suit Gundam 00 Special Edition I: Celestial Being, Mobile Suit Gundam 00 Special Edition II: End of World, 30th Gundam Perfect Mission, Mobile Suit Gundam ZZ: Gundam Frag., Ring of Gundam, Mobile Suit Gundam 00 Special Edition III: Return the World, Mokei Senshi Gunpla Builders Beginning G, Chou Denei-ban SD Gundam Sangokuden Brave Battle Warriors, Mobile Suit Gundam Unicorn, Mobile Suit Gundam 00 The Movie: A Wakening of the Trailblazer, Mobile Suit Gundam AGE, Mobile Suit Gundam AGE: Memory of Eden, Collection of Key Animation Films, Mobile Suit Gundam: Thunderbolt, Mobile Suit Gundam: The Origin, Mobile Suit Gundam: Iron-Blooded Orphans, Mobile Suit Gundam: Iron-Blooded Orphans 2","Amuro Ray : Tooru Furuya, Char Aznable : Shuuichi Ikeda, Heero Yuy : Hikaru Midorikawa, Jonathan : Takahiro Sakurai, Judau Ashta : Kazuki Yao, Musha Gundam : Nobuyuki Hiyama, Astonaige Medoz : Shingo Hiromori, Challia Bull : Rikiya Koyama, Yoshitomo Yonetani
Director, Keiichi Momose
Director, Kenichi Suzuki
Director, Yuuichi Abe
Director, Yasuaki Matsuki
Director, Satoshi Kubo
Producer, Makoto Togashi
Producer, Shigeru Horiguchi
Producer","Yoshitomo Yonetani : Director, Keiichi Momose : Director, Kenichi Suzuki : Director, Yuuichi Abe : Director, Yasuaki Matsuki : Director, Satoshi Kubo : Producer, Makoto Togashi : Producer, Shigeru Horiguchi : Producer"
Go! Go! Itsutsugo Land,,TV   ,50.0,Eiken,Spring,Comedy,3.4,2001.0,2002.0,'No synopsis yet - check back soon!',,,,"Arashi Morino : Chie Koujiro, Hinoki Morino : Hiro Yuuki, Kabuto Morino : Fujiko Takimoto, Kinoko Morino : Yuuko Mizutani, Kodama Morino : Kae Araki, Tsurutarou : Isamu Tanonaka, Setsuko Shibuichi
Director & Character Design, Taku Iwasaki
Music","Setsuko Shibuichi : Director & Character Design, Taku Iwasaki : Music"
Kasumin,,TV   ,26.0,OLM,Fall ,"Comedy, Fantasy, Family Friendly, Mansion, Original Work",3.39,2001.0,,"'Haruno Kasumi is a fourth-grader. Her parents are zoologists who went over to Africa to carry out their research studies. In order to see off her parents, Kasumi arrived at Kasumi Town. In the middle of the town lies an enormous mansion surrounded by the forest. The mansion belongs to the Kasumi household, the family in which Kasumi will be lodging in and taken care of. There is a mysterious aura about the mansion and Kasumi discovers a series of talking appliances. The Kasumi family refers to these creatures as ""Henamon"". In return for living in with the family, Kasumi will be helping out with the household chores such as cooking and washing. Surrounded by various interesting characters, Kasumi begins a new chapter in her life.'",,,"Kasumin 2nd Season, Kasumin 3rd Season","Kasumi Haruno : Kaori Mizuhashi, Arai-San : Hideyuki Umezu, Chintarou, Haniwa : Yuko Tachibana, Nurezoukin : Takahiro Sakurai, Potopotto : Daiki Nakamura, Ryuunosuke : Yayoi Kuroda, Sakurame Kasumi : Rei Sakuma, Mitsuru Hongo
Director, Yoshikazu Suo
Music, Yoshihiko Umakoshi
Character Design, Hisako Matsumoto
Producer, Mitsuko Ooya
Storyboard, Chiaki J. Konaka
Screenplay","Mitsuru Hongo : Director, Yoshikazu Suo : Music, Yoshihiko Umakoshi : Character Design, Hisako Matsumoto : Producer, Mitsuko Ooya : Storyboard, Chiaki J. Konaka : Screenplay"
The Whale Hunt, Kujira Tori,Movie,,Studio Ghibli,,"Fantasy, Family Friendly, Ghibli Museum Shorts, Shorts",3.39,2001.0,,"'A group of elementary school children play in their classroom, imagining that they are on a boat in the ocean. This fantasy becomes reality, and soon all the students find themselves stranded in the deep blue sea, looking for their own Moby Dick. Some of the kids want to harpoon the whale, others want to take its picture, and many of the kids are afraid and just want to return home.'",,,,"Chiko : Mao Onodera, Shigeru : Keito Ishihara, Akira : Takahito Matamura, Captain : Yuuki Ise, Susumu : Yuusuke Hisa, Takashi : Yoshiaki Hakamada, Toru : Keita Okada, Toshio : Di-Zhi Wang, Hayao Miyazaki
Director & Screenplay, Yuuji Nomi
Music, Masaaki Yuasa
Character Design, Kenji Imura
Producer","Hayao Miyazaki : Director & Screenplay, Yuuji Nomi : Music, Masaaki Yuasa : Character Design, Kenji Imura : Producer"
Kogepan,,Web  ,10.0,Pierrot,Fall ,"Anthropomorphic, Family Friendly, Food and Beverage, Food Protagonists, Non-Human Protagonists, San-X Characters, Short Episodes",3.38,2001.0,,"'After accidentally falling into the oven as he was being removed, Kogepan, a piece of red bean bread, became burned. Unlike the other breads such as Kireipan and Ichigopan, Kogepan is somber and has a dark sheen. However, he’s joined by others that are burned just like he is, and together all of the\xa0baked goods\xa0have fun together talking about life and even taking a trip to the beach.'",,,,"Kogepan : Rin Mizuhara, Ichigopan : Fumiko Orikasa, Kireipan, Kuriimupan, Sumipan : Kujira, Furansupan, Stickpan, Hidekazu Ohara
Director, Takeshi Yasuda
Music, Ken Hagino
Producer, Junko Hitomi
Producer, Michi Saitou
Producer","Hidekazu Ohara : Director, Takeshi Yasuda : Music, Ken Hagino : Producer, Junko Hitomi : Producer, Michi Saitou : Producer"
Koro Koro Kuririn no Inaka no Nezumi Tokai no Nezumi, Koro Koro Kuririn in The Country Mouse and The Town Mouse,OVA  ,1.0,Sanrio,,"Fantasy, Animal Protagonists, Anthropomorphic, Cats, Non-Human Protagonists, Sanrio Characters",3.38,2001.0,,'No synopsis yet - check back soon!',,,"Hello Kitty's Furry Tale Theater, Hello Kitty no Oyayubi-hime, Growing Up With Hello Kitty, Hello Kitty's Paradise, Hello Kitty no Nemureru Mori no Bijo, Hello Kitty no Kurumi Wari Ningyou, Hello Kitty no Hakuchou no Ouji, Hello Kitty: Stump Village",,
Hanaukyo Maid Team OVA, Hanaukyo Maid Tai OVA,OVA  ,3.0,Daume,,"Comedy, Ecchi, Harem, Shounen, Amusement Park, Maids, Based on a Manga",3.38,2001.0,,"'During his time at the mansion, the ever caring Taro has become enveloped in the worlds of some of his more troubled maids, even while they continue to belittle him for spurning their advances. From taking the schizophrenic Cynthia to the amusement park to relieve her alter ego’s jealousy to accompanying Konnoi to a long distance training seminar, Taro is quickly learning how hard the life (and how tight the uniforms) of a Hanaukyo maid can really be!'",,Hanaukyo Maid Team,"Hanaukyo Maid Team, Hanaukyo Maid Team: La Verite","Taro Hanaukyo, Grace Landlavizar, Ikuyo Suzuki, Konoe Tsurugi, Mariel, Cynthia Landlavizar, Yashima Sanae, Morishige
Original Creator, Yasunori Ide
Director & Series Composition, Tamiya Terashima
Music, Keiko Shibuya
Color Design","Morishige : Original Creator, Yasunori Ide : Director & Series Composition, Tamiya Terashima : Music, Keiko Shibuya : Color Design"
Cosmic Baton Girl Comet-san,,TV   ,43.0,Nippon Animation,Spring,"Adventure, Magical Girl, Shoujo, Henshin Heroes, Magic, Royalty, Based on a Manga",3.38,2001.0,2002.0,"""In a magical part of the galaxy, the prince of the Tambourine star world has been betrothed to marry one of two princesses; but Comet, the princess of the Harmonica star world, couldn't care less. Thus, much to her dismay, when the prince flees to Earth to escape his fate, Comet is sent to find him and return. Now, with the power of the stars and a magical locket, Comet sets out on an adventure to find the prince, have fun, and experience the life of an earthling first hand!""",,Comet-san,,"Comet-San : Aki Maeda, Keisuke Mishima : Mayumi Asano, Princess Meteor : Chieko Honda, Rababou : Taeko Kawata, Mitsuteru Yokoyama
Original Creator, Mamoru Kobe
Director, Moka
Music, Kazuaki Makida
Character Design, Kazunori Takagi
Producer, Eiji Kanaoka
Producer, Itsurou Kawasaki
Storyboard","Mitsuteru Yokoyama : Original Creator, Mamoru Kobe : Director, Moka : Music, Kazuaki Makida : Character Design, Kazunori Takagi : Producer, Eiji Kanaoka : Producer, Itsurou Kawasaki : Storyboard"
Hello Kitty no Oyayubi-hime (2001), Hello Kitty's Animation Theater: Thumbelina,OVA  ,1.0,,,"Fantasy, Animal Protagonists, Anthropomorphic, Cats, Family Friendly, Non-Human Protagonists, Sanrio Characters, Based on a Fairy Tale",3.37,2001.0,,'No synopsis yet - check back soon!',,,,Hello Kitty,
BASToF Syndrome, Genei Toushi Bastof Lemon,TV   ,26.0,Spring 2001,,"Mecha, Sci Fi",3.37,2001.0,,"'The year is 2097. In the city of Xenon the ulimate cyber game has been created. Players battle and fight against the game as bio-mechanical robots. Then something goes wrong. Somehow, the game\'s virtual space and the real world become linked. Damages that occur during the battles in the virtual space create havoc in the city. All this begins when the players hear a piercing scream, see the ghostly face of a little girl and a powerful scent of lemon overcomes them. To solve this mystery, the creator of the game assembles a ""Dream Team"" of the top three young gamers in Xenon\'s Hall of Fame. This active team of rebellious, arrogant teens must overcome their attitudes and fears to find the answers to the mystery that is much bigger than the game.'",,,,"Bifou : Yoshihisa Kawahara, Bomb : Noriko Fujimoto, Cora : Chiro Kanzaki, Fake : Junji Majima, Flute : Haruo Satou, Hadim : Takahiro Yoshino, Mint : Yuuya Yoshikawa, Moraato : Tomokazu Sugita, Norio Yamakawa
Producer",Norio Yamakawa : Producer
Bad Badtz-Maru In The Ants and the Grasshopper, Bad Badtz-Maru no Ari to Kirigirisu,OVA  ,1.0,Sanrio,,"Fantasy, Animal Protagonists, Anthropomorphic, Cats, Family Friendly, Non-Human Protagonists, Sanrio Characters",3.36,2001.0,,'No synopsis yet - check back soon!',,,"Bad Badtz-Maru no Ore wa Yuutousei, Bad Badtz-Maru no Otoko Dokyou no Omoiyari, Bad Badtz-Maru no Ore no Pochi wa Sekaiichi, Bad Badtz-maru no Ookami ga Kita!",Badtz-Maru : Fujiko Takimoto,
Di Gi Charat Ohanami Special,,OVA  ,4.0,MADHOUSE,,"Comedy, Aliens, Chibi, Gag, Non-Human Protagonists, Short Episodes",3.36,2001.0,,"'Dejiko’s feud with Piyoko continues when one day she finds the Black Gema Gema gang eating dinner in her closet! As if that weren’t bad enough they then take over the entire room in an attempt to gain a small victory over the princess of the Di Gi Charat planet. Of course even when they aren’t fighting Piyoko and her gang, life is never quiet for Dejiko and company, especially when Puchiko decides to go to preschool and Dejiko comes down with a bad case of the bizarre Di Gi Charat illness. However, despite the insanity, even the Gamers gang know how to kick back, relax and watch the sakura trees in full blossom – that is, once Dejiko has used her Laser Eye Beam to secure the perfect spot!'",,"Di Gi Charat Theater: Dejiko's Summer Vacation, Di Gi Charat, Di Gi Charat Theater: Dejiko's Adventure, Di Gi Charat Theater: Piyoko is Number One!, Di Gi Charat: Dejiko's Champion Cup Theater, Di Gi Charat Theater: Leave it to Piyoko!","Di Gi Charat, Di Gi Charat Summer Special 2000, Di Gi Charat Christmas Special, Di Gi Charat Tsuyu Specials, Di Gi Charat: Rocket from a Mouth, Di Gi Charat Natsuyasumi Special, Di Gi Charat Movie - A Trip to the Planet, Panyo Panyo Di Gi Charat, Leave it to Piyoko!, Di Gi Charat Nyo, Di Gi Charat: Winter Garden","Dejiko : Asami Sanada, Gema : Yoshiko Kamei, Puchiko : Miyuki Sawashiro, Rabi~En~Rose : Kyoko Hikami, Coo Erhard : Tomo Saeki, Pyocola Analogue Iii : Megumi Hayashibara, Takuro Minagawa : Omi Minami, Henna Ikimono, Koge-Donbo
Original Creator, Toshio Masuda
Music","Koge-Donbo : Original Creator, Toshio Masuda : Music"
Stray Sheep Poe no Chicchana Daibouken,,TV   ,12.0,Robot,,"Comedy, Animal Protagonists, Non-Human Protagonists, Short Episodes",3.36,2001.0,,"'Stray Sheep is based on the tales of Poe, a naïve, independent and curious ram who finds himself sleepwalking into the most unpredictable situations on his path to reuniting with his herd and finding the “ewe” of his dreams.'",,,,"Poe, Tatsutoshi Nomura
Director",Tatsutoshi Nomura : Director
Galaxy Angel,,TV   ,26.0,MADHOUSE,Spring,"Comedy, Sci Fi, Episodic, Outer Space",3.35,2001.0,,"'Combined, the ever-hungry airheaded Milfeulle, voluptuous Ranpha, cold-as-ice Vanilla, regal Mint and aggressive gun-wielding Forte make up the Galaxy Angels -- an intergalactic team dedicated to finding the elusive Lost Technology! Joined by the once suicidal missile AI (now in the body of a stuffed animal), these girls must complete their mission at all costs! From finding lost pets to helping a pizzeria in debt, to infiltrating outposts full of monkeys, the work of a Galaxy Angel is never complete...'",,"Galaxy Angel, Galaxy Angel Party, Galaxy Angel Beta, Galaxy Angel II, Galaxy Angel: Haitaishi no Kikan (Light Novel)","Galaxy Angel Z, Galaxy Angel Z Special, Galaxy Angel A, Galaxy Angel S, Galaxy Angel X, Galaxy Angel A Specials, Galaxy Angel Rune","Forte Stollen : Mayumi Yamaguchi, Milfeulle Sakuraba : Ryouko Shintani, Mint Blancmanche : Miyuki Sawashiro, Ranpha Franboise : Yukari Tamura, Vanilla H : Mika Kanai, Huey Volcott : Keiji Fujiwara, Normad : Mika Kanai, Alan Kincaid : Hiroki Takahashi, Morio Asaka
Director, Yoshimitsu Oohashi
Director, Masumi Itou
Music, Mariko Fujita
Character Design, Tetsurou Satomi
Producer, Tatsuya Ono
Producer, Kouji Morimoto
Producer","Morio Asaka : Director, Yoshimitsu Oohashi : Director, Masumi Itou : Music, Mariko Fujita : Character Design, Tetsurou Satomi : Producer, Tatsuya Ono : Producer, Kouji Morimoto : Producer"
Yasashi-sa, Minna no Uta: Yasashi-sa,Music,,,,Minna no Uta,3.35,2001.0,,'No synopsis yet - check back soon!',,,,"Kouji Nanke
Director",Kouji Nanke : Director
Nono-chan,,TV   ,61.0,Toei Animation,Summer,"Comedy, Slice of Life, Family Friendly, Family Life, Based on a 4-Koma Manga, Based on a Manga",3.35,2001.0,2002.0,"'Nono-chan is the eldest daughter in the Yamada family and a third-grade elementary school student. Her family consists of her father, Mr Yamada Takashi, her mother, Mrs Yamada Matsuko and her brother, Noboru, a junior high student. Together with her grandmother, the family of five makes up a pleasant Japanese family. Everyone is special and everyday is always filled with joy and surprise.'",,Nono-chan,My Neighbors The Yamadas,"Matsuko Yamada, Noboru Yamada, Nonoko Yamada, Shige Yamano, Takashi Yamada, Kikuchi-Kun, Kubo-Kun, Mimi-Chan, Hisaichi Ishii
Original Creator, Nobutaka Nishizawa
Director, Hiroshi Ogawa
Character Design, Kenji Oota
Producer","Hisaichi Ishii : Original Creator, Nobutaka Nishizawa : Director, Hiroshi Ogawa : Character Design, Kenji Oota : Producer"
Hello Kitty no Hansel to Gretel, Hello Kitty's Animation Theater: Hansel & Gretel,OVA  ,1.0,,,"Fantasy, Animal Protagonists, Anthropomorphic, Cats, Family Friendly, Forest, Non-Human Protagonists, Sanrio Characters, Siblings, Based on a Fairy Tale",3.34,2001.0,,"'Hansel and Gretel are a pair of siblings who live with their father and wicked stepmother in a small home in the forest. One day, the wicked stepmother convinces her husband to abandon Hansel and Gretel deep within the woods. Lost, and with no food, the two stumble upon a home made entirely of sweets, unaware of the danger that awaits within.'",,,,,
Hello Kitty In Momotaro, Hello Kitty no Momotarou,OVA  ,1.0,Sanrio,,"Fantasy, Animal Protagonists, Anthropomorphic, Cats, Family Friendly, Non-Human Protagonists, Sanrio Characters, Based on a Fairy Tale",3.34,2001.0,,'No synopsis yet - check back soon!',,,,Hello Kitty,
Cosmo Warrior Zero,,TV   ,13.0,Vega Entertainment,Summer,"Action, Sci Fi, Bounty Hunters, Leijiverse, Robots, Space Pirates, Based on a Video Game",3.34,2001.0,,"'The long war between mechanical men and humans has ended and the two races live under a mutual peace. Captain Warrius Zero of the Terrestrial Federation finds himself the captain of a powerful battleship with a mixed crew of humans and mechanical men, and a mission: stop the Space Pilot Harlock before his strikes against mechanical men restart the war! However, between mysterious equipment malfunctions, attempted mutiny, and pirate mechanicals disguised as people, Harlock feels that he is being tested; but by who and for what purpose? Armed with a ship, a loyal crew, and his own moral convictions, Zero sets out in pursuit of the truth behind his assignment.'",,,"Cosmo Warrior Zero: Hunt for Young Harlock, Cosmo Warrior Zero: Marina's Special","Marina Oki : Aya Hisakawa, Warrius Zero : Toshiyuki Morikawa, Captain Harlock : Eiji Takemoto, Emeraldas : Kikuko Inoue, Maetel : Satsuki Yukino, Silviana : Kaori., Tochiro Oyama : Tomohiro Nishimura, Yattaran : Yoshirou Matsumoto, Leiji Matsumoto
Original Creator, Kazuyoshi Yokota
Director, Geminiart High Quality
Music, Keisuke Masunaga
Character Design, Hiroyuki Hayase
Sound Director, Shunji Namiki
Producer","Leiji Matsumoto : Original Creator, Kazuyoshi Yokota : Director, Geminiart High Quality : Music, Keisuke Masunaga : Character Design, Hiroyuki Hayase : Sound Director, Shunji Namiki : Producer"
Kero Kero Keroppi no Aladdin to Mahou no Lamp, Keroppi In Aladdin and the Magic Lamp,OVA  ,1.0,Sanrio,,"Fantasy, Animal Protagonists, Anthropomorphic, Family Friendly, Frogs, Genies, Non-Human Protagonists, Sanrio Characters, Based on a Fairy Tale",3.34,2001.0,,'No synopsis yet - check back soon!',,,"Kero Kero Keroppi no Christmas Eve no Okurimono, Kero Kero Keroppi no Gulliver no Bouken, Kero Kero Keroppi no Bouken: Pink no Kinoko, Kero Kero Keroppi no Robin Hood, Kero Kero Keroppi no Bokutachi no Takaramono","Keroppi, Keroleen",
Di Gi Charat Movie - A Trip to the Planet,,Movie,,MADHOUSE,,"Comedy, Aliens, Chibi, Gag, Non-Human Protagonists, Parody",3.34,2001.0,,"'Back on Earth, Dejiko is feeling a little homesick, and decides to take a spur-of-the-moment vacation to Planet Di Gi Charat along with Puchiko, Gema-Gema, and stowaway Rabi-en-Rose. But along the way, Pyoko and the Black Gema-Gema gang are determined to sabotage their fun!'",,"Di Gi Charat Theater: Dejiko's Summer Vacation, Di Gi Charat, Di Gi Charat Theater: Dejiko's Adventure, Di Gi Charat Theater: Piyoko is Number One!, Di Gi Charat: Dejiko's Champion Cup Theater, Di Gi Charat Theater: Leave it to Piyoko!","Di Gi Charat, Di Gi Charat Summer Special 2000, Di Gi Charat Christmas Special, Di Gi Charat Ohanami Special, Di Gi Charat Tsuyu Specials, Di Gi Charat: Rocket from a Mouth, Di Gi Charat Natsuyasumi Special, Panyo Panyo Di Gi Charat, Leave it to Piyoko!, Di Gi Charat Nyo, Di Gi Charat: Winter Garden","Dejiko :  Asami Sanada, Gema : Yoshiko Kamei, Puchiko : Miyuki Sawashiro, Rabi~En~Rose : Kyoko Hikami, Coo Erhard : Tomo Saeki, Ky Schweitzer : Chihiro Suzuki, Pyocola Analogue Iii : Megumi Hayashibara, Rik Heisenberg : Kohsuke Toriumi, Koge-Donbo
Original Creator, Hiroaki Sakurai
Director, Toshio Masuda
Music, Yoshiki Yamakawa
Character Design, Takeshi Yasuda
Producer","Koge-Donbo : Original Creator, Hiroaki Sakurai : Director, Toshio Masuda : Music, Yoshiki Yamakawa : Character Design, Takeshi Yasuda : Producer"
Hello Kitty no Kaguya-hime (2001), Hello Kitty's Animation Theater: The Bamboo Princess,OVA  ,1.0,,,"Fantasy, Animal Protagonists, Cats, Family Friendly, Non-Human Protagonists, Sanrio Characters, Based on a Fairy Tale",3.34,2001.0,,'No synopsis yet - check back soon!',,,,Hello Kitty,
My Melody no Akazukin (2001), Hello Kitty's Animation Theater: Little Red Riding Hood,OVA  ,1.0,,,"Fantasy, Animal Protagonists, Anthropomorphic, Cats, Family Friendly, Non-Human Protagonists, Sanrio Characters",3.34,2001.0,,'No synopsis yet - check back soon!',,,,My Melody,
Hanaukyo Maid Team, Hanaukyou Maid-tai,TV   ,12.0,Daume,Spring,"Comedy, Ecchi, Harem, Shounen, Maids, Mansion, Based on a Manga",3.34,2001.0,,"""Taro Hanaukyo's mother dies and leaves him alone, with one final wish: to go to Tokyo and find his grandfather, who disapproved of her marriage. When he arrives, however, he discovers that his grandfather has passed away and left his estate (maids and all) toyoung Taro himself! The problem? With the exception of his mother, he is allergic to females and their advances, something the maids offer plentifully in their attempts to help him succeed in everything from going to the bathroom to passing math class!""",,Hanaukyo Maid Team,"Hanaukyo Maid Team OVA, Hanaukyo Maid Team: La Verite","Taro Hanaukyo : Yuki Kaida, Cynthia Landlavizar : Tomoko Kaneda, Ikuyo Suzuki : Moyu Arishima, Konoe Tsurugi : Akiko Hiramatsu, Mariel : Rie Tanaka, Ryuka Jihioh : Rieko Takahashi, Grace Landlavizar : Tomoko Kaneda, Shinobu : Megumi Nasu, Morishige
Original Creator, Yasunori Ide
Director, Tamiya Terashima
Music, Takaharu Ookuma
Character Design","Morishige : Original Creator, Yasunori Ide : Director, Tamiya Terashima : Music, Takaharu Ookuma : Character Design"
The Princess of the Desert Kingdom, Sabaku no Kuni no Oujosama,OVA  ,1.0,Toei Animation,,"Adventure, Desert, Royalty",3.34,2001.0,,'The Princess and her animal friends face many challenges in their desert journey to find an oasis and save their draught-stricken kingdom.',,,,"Princess, Camel, Lion, Monkey, Parrot, Daisaku Ikeda
Original Creator, Tomoharu Katsumata
Director, Seiji Yokoyama
Music, Nobuyoshi Sasakado
Character Design","Daisaku Ikeda : Original Creator, Tomoharu Katsumata : Director, Seiji Yokoyama : Music, Nobuyoshi Sasakado : Character Design"
Di Gi Charat Natsuyasumi Special,,OVA  ,4.0,MADHOUSE,,"Comedy, Aliens, America, Chibi, Non-Human Protagonists, Short Episodes",3.34,2001.0,,"'On her way home, Puchiko fails to reach the signal on a bus driven by Mr. Violence and ends up stranded in America! When Dejiko receives a letter informing her that Puchiko is in the USA she immediately goes to get her, destroying the store in the process. Once the pair is finally reunited, Dejiko and Puchiko’s trouble continues as they have to suffer the company of their crazy and annoying Number One Fan as he follows their every move. Then, upon her return to Japan, Dejiko finds that with Gamers being rebuilt, life is rather dull. Luckily, she soon finds something else to occupy her time and decides to enter a rock contest to win her dream prize: a ten-year supply of nattou.'",,"Di Gi Charat Theater: Dejiko's Summer Vacation, Di Gi Charat, Di Gi Charat Theater: Dejiko's Adventure, Di Gi Charat Theater: Piyoko is Number One!, Di Gi Charat: Dejiko's Champion Cup Theater, Di Gi Charat Theater: Leave it to Piyoko!","Di Gi Charat, Di Gi Charat Summer Special 2000, Di Gi Charat Christmas Special, Di Gi Charat Ohanami Special, Di Gi Charat Tsuyu Specials, Di Gi Charat: Rocket from a Mouth, Di Gi Charat Movie - A Trip to the Planet, Panyo Panyo Di Gi Charat, Leave it to Piyoko!, Di Gi Charat Nyo, Di Gi Charat: Winter Garden","Dejiko : Asami Sanada, Gema : Yoshiko Kamei, Puchiko : Miyuki Sawashiro, Rabi~En~Rose : Kyoko Hikami, Pyocola Analogue Iii : Megumi Hayashibara, Rod Young : Chinami Nishimura, Abarenbou : Yuuji Ueda, Coo Erhard : Tomo Saeki, Koge-Donbo
Original Creator, Toshio Masuda
Music, Yoshiki Yamakawa
Character Design","Koge-Donbo : Original Creator, Toshio Masuda : Music, Yoshiki Yamakawa : Character Design"
Hello Kitty no Cinderella (2001), Hello Kitty's Animation Theater: Cinderella,OVA  ,1.0,,,"Fantasy, Animal Protagonists, Anthropomorphic, Cats, Family Friendly, Non-Human Protagonists, Sanrio Characters, Based on a Fairy Tale",3.33,2001.0,,'No synopsis yet - check back soon!',,,,Hello Kitty,
21 Seiki Manga Hajimete Monogatari,,TV Sp,,Tokyo Kids,,"Sci Fi, Family Friendly",3.33,2001.0,,'No synopsis yet - check back soon!',,,"Manga Hajimete Omoshiro Juku OVA, Manga Hajimete Monogatari OVA, Manga Hajimete Monogatari, Manga Doushite Monogatari, Manga Doushite Monogatari OVA, Manga Naruhodo Monogatari, Manga Naruhodo Monogatari OVA, Shin Manga Naruhodo Monogatari, Manga Hajimete Omoshiro Juku","Mogutan : Yuko Tsuga, Hirochika Muraishi
Director",Hirochika Muraishi : Director
Generation of Chaos Prologue,,OVA  ,1.0,Idea Factory,,"Action, Adventure, Fantasy, Demons, Monsters, RPG, Swordplay, Based on a Video Game",3.32,2001.0,,"'The Generation of Chaos: Prologue OVA is a brief introduction to the events that take place in the first Generation of Chaos RPG. Two stories are explored: first, Chiffon is a famous monster trainer who has lost his touch. On the way to return his precious monster friend to its birthplace, chaos ensues! Secondly, the daughter of a demon-family comes face to face with the possibility of losing her precious sister at the hands of those who are afraid of them...'",,,"Generation of Chaos Next, Generation of Chaos III","Chiffon : Yuka Imai, Roze : Mami Kingetsu, Chris, Emilia : Masayo Kurata, Ladui, Lange, Ashlay Rof, Chiffon'S Grandfather, Toru Kobayashi
Music, Yumi Kohara
Character Design, Shingo Kuwana
Producer","Toru Kobayashi : Music, Yumi Kohara : Character Design, Shingo Kuwana : Producer"
A Little Snow Fairy Sugar, Chiccha na Yuki Tsukai Sugar,TV   ,24.0,J.C.Staff,Fall ,"Fantasy, Family Friendly, Magic, Music, Original Work",3.32,2001.0,2002.0,"""Saga is an ordinary girl who lives her life by planning everything ahead of time. Unfortunately, having a waffle-loving Snow fairy called Sugar follow her home was not a part of these plans! Together with apprentice fairies Salt and Pepper, Sugar must find the 'twinkles' that will make their magical flowers blossom, thus turning them into fully fledged season fairies. The trouble is, none of them actually knows what a 'twinkle' is! And so, with help from Saga and other friends, the trio begin their search, whilst having fun and perfecting their magic along the way.""",,A Little Snow Fairy Sugar,A Little Snow Fairy Sugar Summer Specials,"Pepper : Kaori Mizuhashi, Saga Bergman : Masumi Asano, Salt : Tomo Saeki, Sugar : Tomoko Kawakami, Alan : Jun Fukushima, Anne : Akiko Nakagawa, Basil : Yumiko Kobayashi, Cinnamon : Akiko Hiramatsu, Haruka Aoi
Original Creator, Shinichirou Kimura
Director, Shinkichi Mitsumune
Music, Keiko Kawashima
Character Design, Shichirou Kobayashi
Art Director, Yuuji Matsukura
Producer, Tetsuo Genshou
Producer, Yuuichi Sekido
Producer","Haruka Aoi : Original Creator, Shinichirou Kimura : Director, Shinkichi Mitsumune : Music, Keiko Kawashima : Character Design, Shichirou Kobayashi : Art Director, Yuuji Matsukura : Producer, Tetsuo Genshou : Producer, Yuuichi Sekido : Producer"
Hello Kitty In Puss in Boots, Hello Kitty no Nagagutsu o Naita Neko,OVA  ,1.0,Sanrio,,"Fantasy, Animal Protagonists, Anthropomorphic, Cats, Family Friendly, Non-Human Protagonists, Sanrio Characters",3.31,2001.0,,'No synopsis yet - check back soon!',,,,,
Happy Lesson OVA,,OVA  ,5.0,Chaos Project,,"Comedy, Harem, Romance, School Life, Based on a Manga",3.3,2001.0,2003.0,"'Chitose Hitotose is an orphaned high school student who lives with five female teachers that double as mother figures for him. As he attempts to live a normal life, he must keep his unique home situation secret from interested outsiders such as his class president, Fumitsuki Nanakorobi. As if that weren\'t enough, he must withstand comical abuse at the hands of his well-intentioned but highly eccentric ""teacher mamas."" Included in Chitose\'s adventures: surviving a ""motherly affections"" contest to determine who gets to act as his mother at school conferences, going to the beach, sorting out his feelings for his childhood friend, practicing a song for a school event, and being possessed by a mischievous spirit.'",,Happy Lesson,"Happy Lesson Special, Happy Lesson, Happy Lesson Advance, Happy Lesson The Final","Chitose Hitotose : Daisuke Kishio, Kisaragi Ninomai : Akiko Kimura, Mutsuki Ichimonji : Ruri Asano, Satsuki Gokajou : Kahoru Sasajima, Uzuki Shitennou : Kimiko Furuyama, Yayoi Sanzenin : Kikuko Inoue, Fumitsuki Nanakorobi, Hazuki Yazakura, Takeshi Yamaguchi
Director, Ikkou Toshida
Director, Hiroaki Shimura
Director, Hideki Tonokatsu
Director & Episode Director, Yasunori Iwasaki
Music, Kazuhiko Sawaguchi
Music, Yasuhisa Katou
Character Design, Saburou Oomiya
Producer","Takeshi Yamaguchi : Director, Ikkou Toshida : Director, Hiroaki Shimura : Director, Hideki Tonokatsu : Director & Episode Director, Yasunori Iwasaki : Music, Kazuhiko Sawaguchi : Music, Yasuhisa Katou : Character Design, Saburou Oomiya : Producer"
X OVA: Episode 0,,OVA  ,1.0,MADHOUSE,,"Shoujo, Supernatural, Based on a Manga",3.3,2001.0,,'No synopsis yet - check back soon!',,"Tokyo Babylon, X/1999","X²: Double X, X: The Movie, X TV","Arashi Kishu : Ryouka Yuzuki, Fuuma Monou : Junichi Suwabe, Hinoto : Aya Hisakawa, Hokuto Sumeragi : Satsuki Yukino, Inuki, Kakyo Kuzuki : Yuuji Ueda, Kamui Shiro : Kenichi Suzumura, Kanoe : Kaho Kouda, Clamp
Original Creator, Yoshiaki Kawajiri
Director, Naoki Satou
Music, Yoshinori Kanemori
Character Design, Masao Maruyama
Producer, Jouichi Mizuno
Producer, Shinji Komori
Producer","Clamp : Original Creator, Yoshiaki Kawajiri : Director, Naoki Satou : Music, Yoshinori Kanemori : Character Design, Masao Maruyama : Producer, Jouichi Mizuno : Producer, Shinji Komori : Producer"
Angelique: Seichi yori Ai wo Komete,,OVA  ,3.0,Yumeta Company,,"Reverse Harem, Based on an Otome Game, Based on a Visual Novel",3.3,2001.0,,'No synopsis yet - check back soon!',,"Angelique, Neo Angelique","Angelique: Shiroi Tsubasa no Memoire, Angelique: Twin Collection, Angelique","Angelique Limoges : Yuri Shiratori, Macnicole : Keiji Fujiwara, Rosalia De Catargena : Kotono Mitsuishi, Zephel : Mitsuo Iwata, Angelique Collet : Yoko Asada, Charles Wong : Mitsuaki Madono, Clavis : Hideyuki Tanaka, Ernst : Toshiyuki Morikawa",
A-jang.com,,TV   ,13.0,,,"Fantasy, Korean Animation",3.29,2001.0,2002.0,'No synopsis yet - check back soon!',,,,,
Cyborg 009: The Cyborg Soldier,,TV   ,52.0,Japan Vistec,Fall ,"Action, Adventure, Sci Fi, Shounen, Cyborgs, Superheroes, Based on a Manga",3.29,2001.0,2002.0,"'Joe Shimamura is one of nine humans abducted and experimented upon by the mysterious “Black Ghost” organization. Awakening to find he has super powers no mere mortal could possess and the name of Cyborg 009, Joe escapes from the lab to meet up with the other eight humans that escaped. Together, they join forces to stop the mad scientist Dr. Gilmore, their creator, and Black Ghost itself. Can they prevail against this nigh unstoppable enemy before the world falls into their villainous control?'",,"Cyborg 009, Dynamic Superobot Wars: Super Robot Retsuden, Cyborg 009 - Trump Tower Hen, Cyborg 009: Kanketsu-hen Conclusion - God's War, 009 RE:CYBORG, Cyborg 009 VS Devilman: Breakdown","Cyborg 009 (1966), Cyborg 009: Kaijuu Sensou, Cyborg 009 (1968), Mazinger Z, Mazinger Z vs Devilman, Mazinger Z (1973), Mazinger Z vs Dark General, Great Mazinger, Great Mazinger vs Getter Robo, Great Mazinger vs Getter Robo G: The Great Space Encounter, UFO Robo Grendizer vs Great Mazinger, Grendizer, Getter Robo G, Great Mazinger: Kessen! Daikaijuu!, Cyborg 009 (1979), Cyborg 009: Legend of the Super Galaxy, Violence Jack 1: Harlem Bomber, Devilman: The Birth, Devilman: The Demon Bird, Violence Jack 3: Hell's Wind, CB Chara Go Nagai World, The Devil Lady, Amon: Apocalypse of Devilman, Cyborg 009: The Reopening, 009 Re:Cyborg, Cyborg 009 vs Devilman, Devilman: Crybaby","Albert Heinrich : Nobuo Tobita, Chang Changku : Chafurin, Francoise Arnoul : Satsuki Yukino, Geronimo Jr. : Akio Ootsuka, Great Britain : Choo, Ivan Whisky : Kana Ueda, Jet Link : Showtaro Morikubo, Joe Shimamura : Takahiro Sakurai, Shotaro Ishinomori
Original Creator, Jun Kawagoe
Director, Naoyuki Konno
Character Design, Yoshikazu Iwanami
Sound Director, Takayuki Nagasawa
Producer, Kenichi Ishikura
Episode Director, Tomio Yamauchi
Episode Director, Kunitoshi Okajima
Episode Director","Shotaro Ishinomori : Original Creator, Jun Kawagoe : Director, Naoyuki Konno : Character Design, Yoshikazu Iwanami : Sound Director, Takayuki Nagasawa : Producer, Kenichi Ishikura : Episode Director, Tomio Yamauchi : Episode Director, Kunitoshi Okajima : Episode Director"
Star Ocean EX,,TV   ,26.0,Studio DEEN,Spring,"Adventure, Fantasy, Sci Fi, Magic, Person in a Strange World, Based on a Video Game",3.28,2001.0,,"""Claude Kenni just wanted to shine free of his military father's shadow, a desire that made him take unnecessary risks. One of those risks whisked him off to an unknown planet full of monsters and magic. There, he met Rena Lanford, an energetic girl with mysterious abilites who believes he is a hero of legend. Soon, they're off on an expedition to find the cause of the monsters and the truth behind the sorcery globe all while hiding the technology he brought with him. Looks like Claude's got bigger shoes to fill than his father's!""",,"Star Ocean: The Second Story, Star Ocean: Soshite Toki no Kanata e, Star Ocean: The Second Story - Super Comic Gekijou, Star Ocean: Blue Sphere, Star Ocean: Till the End of Time, Star Ocean: Till the End of Time - Super Comic Gekijou, Star Ocean: Till the End of Time Director's Cut - Super Comic Gekijou, Star Ocean 2: Second Evolution, Star Ocean: Anamnesis - Twin Eclipse",,"Claude C. Kenny : Hiro Yuuki, Rena Lanford : Mayumi Iizuka, Ashton Anchors : Tomokazu Seki, Celine Jules : Mami Kingetsu, Dias Flac : Takehito Koyasu, Opera Vectra : Rica Matsumoto, Precis Neumann : Tomoe Hanba, Allen Tucks : Hikaru Midorikawa, Hiroshi Watanabe
Director, Mayori Sekijima
Screenplay & Series Composition, Motoi Sakuraba
Music, Ayako Kurata
Character Design, Fukashi Azuma
Producer, Taihei Yamanishi
Producer, Masahiro Toyozumi
Producer, Ryouki Kamitsubo
Episode Director","Hiroshi Watanabe : Director, Mayori Sekijima : Screenplay & Series Composition, Motoi Sakuraba : Music, Ayako Kurata : Character Design, Fukashi Azuma : Producer, Taihei Yamanishi : Producer, Masahiro Toyozumi : Producer, Ryouki Kamitsubo : Episode Director"
Sakura Wars: The Movie, Sakura Taisen: Katsudou Shashin,Movie,,Production I.G,,"Action, Sci Fi, Historical, Power Suits, Based on a Visual Novel, Violence",3.28,2001.0,,"""In the past they've fended off two large monster invasions, and now the Imperial Fighting Troup Flower Division is back, ready to protect Tokyo again. Their leader, Ichiro Ogami, has left to train the new Paris division, leaving Lachette Altair from America in charge of the eight girls. Meanwhile, the Douglas-Stewart Company creates new steam-powered robots that don't need pilots, putting the Flower Division on standby. Can the team sit back and do nothing while large monsters begin to appear and team members start to vanish?""",Violence,"Sakura Taisen, Sakura Taisen: Kanadegumi","Sakura Wars: Ouka Kenran, Sakura Wars: Gouka Kenran, Sakura Wars TV, Sakura Wars: Sumire, Sakura Wars: Ecole de Paris, Sakura Wars: Le Nouveau Paris, Sakura Wars: New York NY., Sakura Wars: Kanadegumi, Sakura Kakumei ~Hana Saku Otome-tachi~","Ichiro Ogami : Akio Suyama, Iris Chateaubriand : Kumiko Nishihara, Kanna Kirishima : Mayumi Tanaka, Leni Milchstrasse, Li Kohran : Yuriko Fuchizaki, Maria Tachibana : Urara Takano, Orihime Soletta, Ratchet Altair, Ouji Hiroi
Original Creator & Screenplay, Mitsuru Hongo
Director, Kouhei Tanaka
Music, Hidenori Matsubara
Character Design, Takuya Saitou
Character Design, Tetsuo Uchida
Producer, Makoto Kohara
Key Animator, Toshihiro Nakajima
Key Animator","Ouji Hiroi : Original Creator & Screenplay, Mitsuru Hongo : Director, Kouhei Tanaka : Music, Hidenori Matsubara : Character Design, Takuya Saitou : Character Design, Tetsuo Uchida : Producer, Makoto Kohara : Key Animator, Toshihiro Nakajima : Key Animator"
Hello Kitty no Sambiki no Kobuta, Hello Kitty's Animation Theater: The Three Little Pigs,OVA  ,1.0,Sanrio,,"Fantasy, Animal Protagonists, Anthropomorphic, Cats, Non-Human Protagonists, Pigs, Sanrio Characters, Based on a Fairy Tale",3.28,2001.0,,'No synopsis yet - check back soon!',,,,,
Hello Kitty no Shirayuki-hime (2001), Hello Kitty's Animation Theater: Snow White,OVA  ,1.0,Group TAC,,"Fantasy, Animal Protagonists, Anthropomorphic, Cats, Family Friendly, Non-Human Protagonists, Sanrio Characters, Based on a Fairy Tale",3.27,2001.0,,'No synopsis yet - check back soon!',,,,Hello Kitty,
Gundam Neo Experience 0087: Green Divers,,Movie,,Sunrise,,"Mecha, Sci Fi",3.26,2001.0,,"""During the closing days of the Gryps conflict of Mobile Suit Zeta Gundam, two siblings—Asagi and Takuya—ride aboard a civilian transport bound for Earth. Caught in a battle between the Titans and AEUG, they must somehow guide their ship through atmospheric entry. Luckily, they're not completely alone, as they find aid from a custom-painted Zeta Gundam, whose pilot sounds a lot like One Year War ace Amuro Ray.""",,,,"Asagi Briggs : Miki Nagasawa, Takuya Briggs : Nao Nagasawa, Jack Bayard : Jun Fukuyama, Narrator : Juurouta Kosugi, Haruhiko Mikimoto
Character Design",Haruhiko Mikimoto : Character Design
Hello Kitty In The Little Match Girl, Hello Kitty no Match Uri Shoujo,OVA  ,1.0,Sanrio,,"Fantasy, Animal Protagonists, Anthropomorphic, Cats, Family Friendly, Frogs, Non-Human Protagonists, Sanrio Characters",3.26,2001.0,,'No synopsis yet - check back soon!',,,,Hello Kitty,
Hello Kitty and Dear Daniel in The Snow Queen, Hello Kitty no Yuki no Joou,OVA  ,1.0,Sanrio,,"Fantasy, Animal Protagonists, Anthropomorphic, Cats, Family Friendly, Non-Human Protagonists, Sanrio Characters",3.25,2001.0,,'No synopsis yet - check back soon!',,,,,
Bad Badtz-maru no Ookami ga Kita!, Hello Kitty's Animation Theater: The Boy Who Cried Wolf,OVA  ,1.0,Sanrio,,"Fantasy, Animal Protagonists, Anthropomorphic, Birds, Cats, Family Friendly, Non-Human Protagonists, Sanrio Characters",3.25,2001.0,,'No synopsis yet - check back soon!',,,"Bad Badtz-Maru no Ore wa Yuutousei, Bad Badtz-Maru no Otoko Dokyou no Omoiyari, Bad Badtz-Maru no Ore no Pochi wa Sekaiichi, Bad Badtz-Maru In The Ants and the Grasshopper",Badtz-Maru : Fujiko Takimoto,
Angel Tales, Otogi Story Tenshi no Shippo,TV   ,12.0,Tokyo Kids,Fall ,"Fantasy, Harem, Romance, Angels, Non-Human Protagonists, Original Work",3.24,2001.0,,"""Goro Mutsumi is a young man that never seems to catch a break; he has a hard time keeping a job, has horrible luck, and continuously finds himself in bad circumstances. \xa0However, things change one day when he comes home - having been fired yet again - and finds three young girls sitting in his apartment. They're the reincarnated angels of his deceased pets, and they're here to turn his luck around given how well he treated them in their past lives. While the idea sounds like a godsend, things don't go quite according to plan; the angels tend to cause more harm than good, and twelve altogether end up joining Goro's cramped household! In addition to learning how to co-exist with his newly acquired roommates, Goro must also defend them and himself against four sacred beasts who are after him for mysterious reasons. One thing's for certain: Goro's life will never be the same!""",,Angel Tales,"Angel Tales Specials, Angel Tales 2, Angel Tales Omake","Goro Mutsumi : Hisayoshi Suganuma, Kurumi : Mayako Nigo, Ran : Rie Tanaka, Tsubasa : Sakura Nogawa, Yuki : Kyoko Hikami, Akane : Saeko Chiba, Ayumi : Ayako Kawasumi, Midori : Akiko Kobayashi, Kazuhiro Ochi
Director, Yoshinobu Hiraiwa
Music, Takashi Kobayashi
Character Design, Hisanori Kunisaki
Producer, Mitsuteru Shibata
Producer, Michiko Suzuki
Producer, Shinjirou Yokoyama
Producer, Shunji Inoue
Producer","Kazuhiro Ochi : Director, Yoshinobu Hiraiwa : Music, Takashi Kobayashi : Character Design, Hisanori Kunisaki : Producer, Mitsuteru Shibata : Producer, Michiko Suzuki : Producer, Shinjirou Yokoyama : Producer, Shunji Inoue : Producer"
Puni Puni Poemy,,OVA  ,2.0,J.C.Staff,,"Comedy, Ecchi, GL, Magical Girl, Sci Fi, Shoujo-ai, Aliens, Breaking the Fourth Wall, Dark Comedy, Henshin Heroes, Magic, Parody, Slapstick, Nudity,, Sexual Content,, Violence",3.24,2001.0,,"'Puni Puni Poemi is a spin-off of Excel Saga, the classic lampoon of all that is anime. It takes the daughter of two Excel Saga characters and puts her through parodies of shoujo, shounen, ecchi, hentai, and everything in-between. This eccentric show is the ""Scary Movie"" of anime: younger viewers need not apply.'","Nudity,, Sexual Content,, Violence",Excel Saga,Excel Saga,"Futaba Aasu : Yuka Imai, Poemi Watanabe : Yumiko Kobayashi, Alien 1 : Daisuke Kishio, Hitomi Aasu : Satomi Koorogi, Itsue Aasu : Kotono Mitsuishi, K : Ryu Itoh, Mitsuki Aasu : Atsuko Enomoto, Mutsumi Aasu : Tomoko Kawakami, Shinichi Watanabe
Director & Ed Director & Op Director & Storyboard, Toshio Masuda
Music, Satoshi Ishino
Character Design, Shigeru Kitayama
Producer, Yuuji Matsukura
Producer, Shintarou Inokawa
Episode Director","Shinichi Watanabe : Director & Ed Director & Op Director & Storyboard, Toshio Masuda : Music, Satoshi Ishino : Character Design, Shigeru Kitayama : Producer, Yuuji Matsukura : Producer, Shintarou Inokawa : Episode Director"
Sonic X Pilot,,Other,,,,"Action, Sci Fi, Animal Protagonists, Non-Human Protagonists, Short Episodes, Based on a Video Game",3.24,2001.0,2003.0,'No synopsis yet - check back soon!',,,Sonic X,,
Off Stage, Minna no Uta: Off Stage,Music,,,,"Animal Protagonists, Birds, Minna no Uta, Non-Human Protagonists",3.23,2001.0,,'No synopsis yet - check back soon!',,,,,
Comic Party,,TV   ,13.0,OLM,Spring,"Comedy, Doujinshi Industry, Manga Industry, Otaku Culture, Writers, Based on a Visual Novel",3.23,2001.0,,"""This show is centered around Doujinshi (Fan Manga). Kazuki is a senior in high school, who doesn't really know what to do with his future. His friend Taishi drags him into the world of Doujinshi, where he tries to make and sell his Doujinshi to the masses and learn what it really means to be a real Doujinshi artist.""",,"Comic Party, Comic Party: Super Comic Gekijou, Comic Party: 4-koma Manga Gekijou","Comic Party Specials, Comic Party Revolution OVA, Comic Party Revolution","Kazuki Sendou : Masami Kikuchi, Mizuki Takase : Riko Sayama, Taishi Kuhonbutsu : Kouichi Toochika, Aya Hasebe : Mie Sonozaki, Chisa Tsukamoto : Sumie Baba, Eimi Ooba : Shizuka Ishikawa, Ikumi Tachikawa : Kimiko Koyama, Minami Makimura : Miho Yamada, Norihiko Sutou
Director, Kazuo Nobuta
Music, Koichi Taguchi
Character Design, Toshiaki Okuno
Producer, Takao Asaga
Producer, Shuukichi Kanda
Producer, Takaro Asaga
Producer, Fumio Sasaki
Key Animator","Norihiko Sutou : Director, Kazuo Nobuta : Music, Koichi Taguchi : Character Design, Toshiaki Okuno : Producer, Takao Asaga : Producer, Shuukichi Kanda : Producer, Takaro Asaga : Producer, Fumio Sasaki : Key Animator"
Arjuna, Chikyuu Shoujo Arjuna,TV   ,12.0,SATELIGHT,Winter,"Fantasy, Archery, Contemporary Fantasy, Environmental, Lifestyle Change, Superpowers, Urban Fantasy, Original Work",3.23,2001.0,,"""Juna didn't think much about daily life beyond the archery club, high school, and boys. But when an accident sent her spiraling towards the arms of death, fate intervened by giving her a second chance at life, under one condition: humanity is recklessly polluting and destroying the world, and Juna, with newfound powers of the Earth, must dedicate her life to saving it. Now, an unthinkable evil she can see with her powers is threatening Earth's very existence, and only she has the power to stop it...""",,,Arjuna: Before Birth,"Chris Hawken : Yuuji Ueda, Cindy Klein : Mayumi Shintani, Juna Ariyoshi : Mami Higashiyama, Tokio Oshima : Tomokazu Seki, Teresa Wong : Yoko Soumi, Dojima : Ron Halder, Junko Ariyoshi : Chiharu Suzuka, Sayuri Shirakawa : Aya Hisakawa, Shouji Kawamori
Director & Episode Director & Key Animator & Mechanical Design & Original Creator & Screenplay & Storyboard, Youko Kanno
Music, Takahiro Kishida
Character Design, Fukashi Azuma
Producer, Minoru Takanashi
Producer, Jun Yukawa
Producer, Hidenori Itahashi
Producer, Kengo Shigemura
Editor","Shouji Kawamori : Director & Episode Director & Key Animator & Mechanical Design & Original Creator & Screenplay & Storyboard, Youko Kanno : Music, Takahiro Kishida : Character Design, Fukashi Azuma : Producer, Minoru Takanashi : Producer, Jun Yukawa : Producer, Hidenori Itahashi : Producer, Kengo Shigemura : Editor"
Yobarete Tobidete Akubi-chan,,TV   ,26.0,Tatsunoko Production,,"Comedy, Fantasy, Magic, Original Work",3.22,2001.0,2002.0,"'Koron Nemuta is a girl who yawns when embrassed. One day, she found a vase when she was lost. When she yawns, the genie Akubi will come out of it, but, when she yawns again, Akubi will come back into the vase.'",,,"Genie Family, Akubi Girl","Akubi, Koron Nemuta, Adore, Erika Fujiwara, Hakase Tekuno, Hakushon Daimaou, Karen Ojyou, Kouichi Kodaira, Tomihiko Ohkubo
Director, Hiroshi Sasagawa
Director, Masahiro Aizawa
Character Design","Tomihiko Ohkubo : Director, Hiroshi Sasagawa : Director, Masahiro Aizawa : Character Design"
Kizuna: Much Ado About Nothing,,OVA  ,1.0,Zexcs,,"BL, Drama, Romance, Shounen-ai, Hosts, Based on a Manga",3.22,2001.0,,"""Enjoji and Ranmaru have been close friends since they bumped into each other on the first day of school. Having shared an intimate moment after an intense kendo match, their relationship moved to the next level and the pair now live together. However, now that he's taken a job at a local host club, Enjoji has started staying out late, coming home drunk and acting suspicious, making Ranmaru more than a little insecure about their future. As a final straw, Ranmaru finds lipstick on Enjoji's chest, flying into a rage and storming out of the house. Is the pair's relationship over, or will reminiscing about the past bring the two closer together than ever?""",,"Sessa Takuma!, Kizuna: Bonds of Love",Kizuna,"Kei Enjoji, Ranmaru Samejima, Rena, Kayako, Toshi, Kazuma Kodaka
Original Creator, Kazuo Yamazaki
Director, Shigeru Nishiyama
Editor, Sawako Yamamoto
Animation Director & Key Animator","Kazuma Kodaka : Original Creator, Kazuo Yamazaki : Director, Shigeru Nishiyama : Editor, Sawako Yamamoto : Animation Director & Key Animator"
Pom Pom Purin In The Tortoise and the Hare, Pom Pom Purin no Usagi to Kame,OVA  ,,Sanrio,,"Fantasy, Cats, Based on a Fairy Tale",3.22,2001.0,,'No synopsis yet - check back soon!',,,,,
Hiyoko Buta no Theme Part 2., Minna no Uta: Hiyoko Buta no Theme Part 2.,Music,,,,"Minna no Uta, Stop Motion Animation",3.22,2001.0,,'No synopsis yet - check back soon!',,,,,
Hamtaro Movie 1: Ham Ham Land no Daibouken,,Movie,,TMS Entertainment,,"Adventure, Fantasy, Animal Protagonists, Family Friendly, Hamsters, Non-Human Protagonists",3.21,2001.0,,"""Its Hiroko's birthday, and Hiroko isn't paying much attention to him. Hamtarou then went with the ham-hams to ham ham land. Hamtarou is searching for the magic sunflower seed, but, he will have to battle Maou-hamu for it.""",,The Adventures of Hamtaro,"Hamtaro, Hamtaro OVA 1: Hamtaro's Birthday! 3000 Hammy Steps in Search of Mommy, Hamtaro Movie 2: Ham Ham Ham~Jya! Maboroshi no Princess, Minimoni: Minihams no Ai no Uta, Hamtaro Movie 3: Ham Ham Gran Prix Aurora Tani no Kiseki: Ribbon-chan Kiki Ippatsu, Hamtaro OVA 2: Ham-Hams Ahoy!, Hamtaro Movie 4: Hamtaro to Fushigi no Oni no Emon Tou, Hamtaro OVA 3: Rainbow Rescue, Hamtaro OVA 4: Ham-Ham Games, Tottoko Hamtaro Dechu","Bijou : Kazusa Murai, Hamtaro : Kurumi Mamiya, Oxnard : Rikako Aikawa, Boss : Kentarou Itou, Dexter : Chihiro Suzuki, Aiin : Ai Kago, Gucchan : Mari Yaguchi, Kana Iwata, Ritsuko Kawai
Original Creator, Osamu Dezaki
Director, Junko Yamanaka
Character Design, Masatomo Sudou
Character Design","Ritsuko Kawai : Original Creator, Osamu Dezaki : Director, Junko Yamanaka : Character Design, Masatomo Sudou : Character Design"
Trava: Fist Planet, Trava,OVA  ,4.0,MADHOUSE,,"Action, Comedy, Mecha, Sci Fi",3.21,2001.0,2002.0,"""Taking any job that pays a lucrative amount, ace pilot Trava and mechanic Shinku are on their way to Fist Planet to take part in the Speedmaster race - a competition which of course boasts rather impressive cash prizes. However, they first have a contract to survey Area 78 on planet Fable, something which is making them both very uneasy. Once in orbit, they pick up a young girl, Mikuru, who has been in cryosleep for an unknown amount of time and had her memories erased. What is Mikuru's past, why were her memories blanked and what secrets does Fable hold?""",,,Redline,"Shinkai, Travastila Anister, Mikuru, Reiter, Suezaki, Katsuhito Ishii
Director & Original Creator, Takeshi Koike
Director, Masao Maruyama
Producer, Kazuto Takida
Producer","Katsuhito Ishii : Director & Original Creator, Takeshi Koike : Director, Masao Maruyama : Producer, Kazuto Takida : Producer"
Papa to Anata no Kageboushi, Minna no Uta: Papa to Anata no Kageboushi,Music,,,,Minna no Uta,3.21,2001.0,,'No synopsis yet - check back soon!',,,,,
Astro Boy: Chikyuu Saigo no Nichi,,Movie,,,,"Sci Fi, Androids, Non-Human Protagonists, Robots",3.21,2001.0,,'No synopsis yet - check back soon!',,,Astro Boy (1980),"Astro : Mari Shimizu, Hiroshi Ochanomizu : Hisashi Katsuta",
Happy Happy Birthday, Minna no Uta: Happy Happy Birthday,Music,,,,Minna no Uta,3.2,2001.0,,'No synopsis yet - check back soon!',,,,,
Hello Kitty no Kurumi Wari Ningyou, Hello Kitty In The Nutcracker,OVA  ,1.0,,,"Fantasy, Animal Protagonists, Anthropomorphic, Cats, Non-Human Protagonists, Sanrio Characters",3.2,2001.0,,'No synopsis yet - check back soon!',,,"Hello Kitty's Furry Tale Theater, Hello Kitty no Oyayubi-hime, Growing Up With Hello Kitty, Hello Kitty's Paradise, Hello Kitty no Nemureru Mori no Bijo, Koro Koro Kuririn no Inaka no Nezumi Tokai no Nezumi, Hello Kitty no Hakuchou no Ouji, Hello Kitty: Stump Village",,
Tenka Muteki no Gouyaaman★, Minna no Uta: Tenka Muteki no Gouyaaman★,Music,,,,"Minna no Uta, Stop Motion Animation, Superheroes",3.2,2001.0,,'No synopsis yet - check back soon!',,,,"Yoko Kinoshita
Director",Yoko Kinoshita : Director
Tenka Muteki no Gouyaaman★, Minna no Uta: Tenka Muteki no Gouyaaman★,Music,,,,"Minna no Uta, Stop Motion Animation, Superheroes",3.2,2001.0,,No synopsis yet - check back soon!,,,,"Yoko Kinoshita
Director",Yoko Kinoshita : Director
Pom Pom Purin in The North Wind and the Sun, Pom Pom Purin no Kitakaze to Taiyou,OVA  ,1.0,Sanrio,,"Fantasy, Animal Protagonists, Anthropomorphic, Cats, Family Friendly, Non-Human Protagonists, Sanrio Characters",3.19,2001.0,,No synopsis yet - check back soon!,,,,,
Ask Dr. Rin!, Dr. Rin ni Kiitemite!,TV   ,51.0,Studio Comet,Spring,"Magical Girl, Romance, Shoujo, Henshin Heroes, Magic, School Life, Based on a Manga",3.18,2001.0,2002.0,"Meirin Kanzaki has a secret. She’s not just an ordinary 7th grade girl – Meirin is the famous online Feng Shui master, Dr. Rin! Solving everyone’s problems and handing out advice based on Feng Shui with complete accuracy, Dr. Rin has gained a reputation for reliability. But although Meirin constantly tries to give advice based on her Feng Shui to her beloved Asuka, whom she insists is her fated one, Asuka doesn’t believe in that ""fake Feng Shui stuff."" When mysterious emails to Dr. Rin start threatening Asuka, Meirin will use all the power – and tricks – at her disposal to keep her reluctant Asuka safe and sound!",,Ask Dr. Rin!,,"Asuka Yuuki : Takayuki Sorita, Meirin Kanzaki : Saeko Chiba, Banri Shijou : Yumi Kakazu, Eddy Tsukioka : Hidenobu Kiuchi, Shuko Kasukabe : Emi Oota, Takashi Tokiwa : Yuuto Kazama, Tenshin : Junko Takeuchi, Yue Konishi : Junko Takeuchi, Kiyoko Arai
Original Creator, Shin Misawa
Director, Takanori Arisawa
Music, Fukashi Azuma
Producer, Osamu Inoue
Episode Director, Takaaki Ishiyama
Storyboard, Ai Maeda
Song Lyrics & Song Performance, Hanano Tanaka
Song Lyrics","Kiyoko Arai : Original Creator, Shin Misawa : Director, Takanori Arisawa : Music, Fukashi Azuma : Producer, Osamu Inoue : Episode Director, Takaaki Ishiyama : Storyboard, Ai Maeda : Song Lyrics & Song Performance, Hanano Tanaka : Song Lyrics"
Pokemon: Pikachu's Winter Vacation 2001, Pokemon: Pichu to Pikachu no Fuyuyasumi 2001,OVA  ,3.0,OLM,,"Fantasy, Family Friendly, Monsters, Based on a Video Game",3.18,2001.0,,"On the day before Christmas, Pikachu and its Pokémon friends are playing in a snowy town. But their snowball bowling game goes awry, and Totodile's snowball knocks a passing Delibird out of the sky! Delibird crashes down onto Meowth and Wobbuffet, who were out for an innocent stroll, but a wild Skarmory is annoyed at the racket and sends them all blasting off. Delibird has another bumpy landing, and now it's in a panic because it's lost all the presents that were in its sack. If they're not found by midnight, they won't be delivered for Christmas! Fortunately, Pikachu and its friends will help Delibird find all the presents.",,"Pokemon: The Electric Tale of Pikachu, Pokémon Adventures, Magical Pokemon Journey, Pokémon: Diamond and Pearl Adventure!, Pokemon Mystery Dungeon: Ginji's Rescue Team, Pokemon Ranger, Pokemon Ranger and the Temple of the Sea, Pokemon: The Rise of Darkrai, Pokemon Ranger Batonnage, Kaitou! Pokemon 7, Pokemon: Giratina & the Sky Warrior!, Pokemon ReBURST, Pokemon the Movie: White - Victini and Zekrom, Pokemon + Nobunaga no Yabou - Ranse Iroemaki, Pokémon: Diancie and the Cocoon of Destruction, Pokémon: Omega Ruby & Alpha Sapphire, Pokemon the Movie: Hoopa and the Clash of Ages, Pokemon the Movie XY&Z: Volcanion to Karakuri no Magiana, Pokemon Horizon: Sun & Moon, Pokémon: Sun & Moon, Pokémon the Movie: I Choose You!","Pokemon, Pokemon Chronicles","Ash'S Pikachu : Ikue Ootani, Delibird : Kappei Yamaguchi, Aipom : Rikako Aikawa, Ash Ketchum : Veronica Taylor, Ash'S Bulbasaur : Megumi Hayashibara, Ash'S Chikorita : Mika Kanai, Ash'S Cyndaquil : Yuuji Ueda, Ash'S Noctowl : Yuuji Ueda",
Sister Princess,,TV   ,26.0,Zexcs,Spring,"Comedy, Drama, Harem, Slice of Life, Island, Lifestyle Change, Based on a Light Novel",3.18,2001.0,,"Wakura is so confident of getting into his chosen high school that he stops taking his tests. Unfortunately, he gets every question on his entrance exam wrong, leaving him to be thrown into a truck, put on a boat and then taken to Promised Island. There, he finds out that he was entered, by recommendation into a high school, not to mention he has twelve adopted sisters on the island that will be attending with him! More than anything Wakura wants to get off the island and get back to his old life, but eventually his sisters help him feel welcome. Together, Wakaru begins his journey of living and growing up with his twelve cute sisters.",,"Sister Princess (Light Novel), Sister Princess: Onii-chan Daisuki♥ - Pocket Stories (Light Novel)",Sister Princess Re Pure,"Karen : Natsuko Kuwatani, Wataru Minakami : Kenji Nojima, Aria : Nana Mizuki, Chikage : Ayako Kawasumi, Haruka : Yumi Kakazu, Hinako : Chiemi Chiba, Kaho : Hisayo Mochizuki, Mamoru : Yumiko Kobayashi, Matsuo Asami
Chief Director, Kiyotaka Oohata
Director, Ikuji Inada
Director, Masaharu Amiya
Screenplay & Series Composition, Yasunari Nitta
Character Design, Atsushi Moriyama
Producer, Tomoko Kawasaki
Producer, Kazuya Watanabe
Producer","Matsuo Asami : Chief Director, Kiyotaka Oohata : Director, Ikuji Inada : Director, Masaharu Amiya : Screenplay & Series Composition, Yasunari Nitta : Character Design, Atsushi Moriyama : Producer, Tomoko Kawasaki : Producer, Kazuya Watanabe : Producer"
Hello Kitty no Hakuchou no Ouji, Hello Kitty In Swan Princess,OVA  ,1.0,,,"Fantasy, Animal Protagonists, Anthropomorphic, Cats, Non-Human Protagonists, Sanrio Characters, Based on a Fairy Tale",3.18,2001.0,,No synopsis yet - check back soon!,,,"Hello Kitty's Furry Tale Theater, Hello Kitty no Oyayubi-hime, Growing Up With Hello Kitty, Hello Kitty's Paradise, Hello Kitty no Nemureru Mori no Bijo, Hello Kitty no Kurumi Wari Ningyou, Koro Koro Kuririn no Inaka no Nezumi Tokai no Nezumi, Hello Kitty: Stump Village",,
Tales of Eternia,,TV   ,13.0,XEBEC,Winter,"Action, Fantasy, Island, Based on a Video Game",3.18,2001.0,,"Reid, Farah, Meredy and Keel are on a quest to save the twin worlds of Celestia and Inferia from 'The Grand Fall' – a scenario in which both worlds would collide into each other. But when Reid is kidnapped by a bounty hunter called Marone, one thing leads to another and the four friends end up stranded on the tropical island of Belcarnu! And when Keel discovers some uncharted ruins on the island which seem to have been built by the Celestians, it becomes clear that there is more of a mystery to the island than meets the eye. Will the four be able to escape the island and prevent The Grand Fall?",,,"Tales of Phantasia, Tales of Symphonia the Animation: Sylvarant Episode, Tales of the Abyss, Tales of Vesperia ~The First Strike~, Tales of Puppet","Corina Solgente : Yui Horie, Farah Oersted : Yuuko Minaguchi, Keele Zeibel : Souichirou Hoshi, Marone Bluecarno : Megumi Hayashibara, Meredy : Omi Minami, Reid Hershel : Akira Ishida, Efreet : Tetsu Inada, Ekusushia : Kotono Mitsuishi, Shigeru Ueda
Director, Hiroyuki Kawasaki
Screenplay & Series Composition, Takanori Arisawa
Music, Meiju Maeda
Character Design, Takatoshi Chino
Producer, Kazuya Watanabe
Producer, Itsurou Kawasaki
Storyboard","Shigeru Ueda : Director, Hiroyuki Kawasaki : Screenplay & Series Composition, Takanori Arisawa : Music, Meiju Maeda : Character Design, Takatoshi Chino : Producer, Kazuya Watanabe : Producer, Itsurou Kawasaki : Storyboard"
Pokemon: Pikachu's Pikaboo, Pokemon: Pikachu no Dokidoki Kakurenbo,OVA  ,1.0,OLM,,"Fantasy, Animal Protagonists, Family Friendly, Monsters, Non-Human Protagonists, Based on a Video Game",3.17,2001.0,,"Pikachu, Togepi, and many other Pokemon are relaxing at the beach one day, playing amongst the waves and sand. Soon, a rousing game of hide and seek is proposed, and tag, Pikachu is it! Sunflora hides amongst the flowers, Sandshrew blends into a brick wall, and Totodile leaps into the water - but Pikachu is too clever and finds them all! Meanwhile, Wobbuffet and Meowth are mowing a nearby lawn and the lawnmower goes incredibly awry. Now, the gang must escape the lawnmower's approach and finish off their lively game!",,"Pokemon: The Electric Tale of Pikachu, Pokémon Adventures, Magical Pokemon Journey, Pokémon: Diamond and Pearl Adventure!, Pokemon Mystery Dungeon: Ginji's Rescue Team, Pokemon Ranger, Pokemon Ranger and the Temple of the Sea, Pokemon: The Rise of Darkrai, Pokemon Ranger Batonnage, Kaitou! Pokemon 7, Pokemon: Giratina & the Sky Warrior!, Pokemon ReBURST, Pokemon the Movie: White - Victini and Zekrom, Pokemon + Nobunaga no Yabou - Ranse Iroemaki, Pokémon: Diancie and the Cocoon of Destruction, Pokémon: Omega Ruby & Alpha Sapphire, Pokemon the Movie: Hoopa and the Clash of Ages, Pokemon the Movie XY&Z: Volcanion to Karakuri no Magiana, Pokemon Horizon: Sun & Moon, Pokémon: Sun & Moon, Pokémon the Movie: I Choose You!",Pokemon Movie 4: Pokemon 4Ever,"Ash'S Pikachu : Ikue Ootani, Jessie'S Wobbuffet : Yuuji Ueda, Team Rocket’S Meowth : Inuko Inuyama, Ash'S Bulbasaur : Megumi Hayashibara, Ash'S Chikorita : Mika Kanai, Ash'S Cyndaquil : Yuuji Ueda, Ash'S Totodile : Chinami Nishimura, Azurill : Taeko Kawata, Kunihiko Yuyama
Director, Hirokazu Tanaka
Music, Norihiro Matsubara
Character Design, Akihiro Tamagawa
Character Design, Chouji Yoshikawa
Producer, Takemoto Mori
Producer, Yukako Matsusako
Producer","Kunihiko Yuyama : Director, Hirokazu Tanaka : Music, Norihiro Matsubara : Character Design, Akihiro Tamagawa : Character Design, Chouji Yoshikawa : Producer, Takemoto Mori : Producer, Yukako Matsusako : Producer"
Pochacco no Jack to Mame no Ki, Hello Kitty's Animation Theater: Jack and the Beanstalk,OVA  ,1.0,Sanrio,,"Fantasy, Animal Protagonists, Anthropomorphic, Dogs, Family Friendly, Non-Human Protagonists, Sanrio Characters, Based on a Fairy Tale",3.17,2001.0,,No synopsis yet - check back soon!,,,,Pochacco : Mika Kanai,
Alien Nine, Alien 9,OVA  ,4.0,J.C.Staff,,"Sci Fi, Seinen, Aliens, Psychological, School Life, Based on a Manga",3.17,2001.0,,"At a typical elementary school in Japan, yearly chores are being distributed. Yuri and 3 other students are chosen to be the beneficiaries of the alien hats for the year. Alien hats?! Yuri's sentiments, exactly. Despite her misgivings, she and her classmates must round up stray aliens that have escaped from a crashed spaceship -- with the help of the alien hats, of course.",,"Alien Nine, Alien Nine: Emulators",,"Kasumi Tomine : Noriko Shitaya, Kumi Kawamura : Kaori Shimizu, Yuri Otani : Juri Ihata, Kasumi'S Borg : Ryuusei Nakao, Kumi'S Borg : Ryuusei Nakao, Megumi Hisakawa : Aya Hisakawa, Yuri'S Borg : Ryuusei Nakao, Hiroshi Iwanami : Yuuko Sanpei, Hitoshi Tomizawa
Original Creator, Jirou Fujimoto
Director, Yasuhiro Irie
Director & Character Design, Kuniaki Haishima
Music, Yoshikazu Iwanami
Sound Director, Yuuji Matsukura
Producer, Shigeru Nishiyama
Editor, Takahiro Tanaka
Key Animator","Hitoshi Tomizawa : Original Creator, Jirou Fujimoto : Director, Yasuhiro Irie : Director & Character Design, Kuniaki Haishima : Music, Yoshikazu Iwanami : Sound Director, Yuuji Matsukura : Producer, Shigeru Nishiyama : Editor, Takahiro Tanaka : Key Animator"
Crush Gear Turbo, Gekito! Crush Gear Turbo,TV   ,68.0,Sunrise,Fall ,"Action, Comedy, Drama, Family Friendly, Proxy Battles, Tournaments, Original Work",3.16,2001.0,2003.0,"In a world where children battle it out in the ring with Crush Gears, Kouya Marino would like nothing more than be a champion in his own right. However, he can’t seem to leave the shadow of his brother, a crowned champ of the sport. What’s worse, all of the members of the Tobita Crush Gear Club, including the famous Takeshi, leave to form their own team. In order to prove he’s got what it takes, Kouya must help rebuild the club on his own – and first, he’s got to find worthy teammates. Alongside Kaoru, Jirou and other new friends, Kouya will try to help the Tobita Crush Gear Club regain its glory once more.",,Crush Gear Turbo,"Crush Gear Turbo The Movie - Kaiservern's Ultimate Challenge, Crush Gear Nitro","Jirou Oriza : Masato Amada, Kouya Marino : Megumi Matsumoto, Takeshi Manganji : Akira Sasanuma, Kaoru Hanano : Akemi Kanda, Kuroudo Marume : Naomi Shindou, Kyousuke Jin : Chika Sakamoto, Lilika Tobita : Michiko Neya, Kouya'S Mother : Chiharu Tezuka, Shuji Iuchi
Director, Kenichi Sudou
Music, Jam Project
Music, Yogo Kono
Music","Shuji Iuchi : Director, Kenichi Sudou : Music, Jam Project : Music, Yogo Kono : Music"
Chance Pop Session,,TV   ,13.0,MADHOUSE,Spring,"Drama, Idols, Music, Music School, Original Work, Mature Themes,, Physical Abuse",3.16,2001.0,,"In Japan, one of the greatest idol singers of the time is the beautiful and talented Reika. Her three greatest followers are a varied bunch: religious Akari who loves to sing at her church, independent and self-sufficient Yuki, and the rich and snobby Nozomi. By chance, or possibly fate, the three finally meet at one of Reika's concerts, not knowing of the path they will soon be traveling together. With friendships and hardships in the future, can the girls manage to succeed on the path they will choose?","Mature Themes,, Physical Abuse",,,"Akari Mizushima : Mayumi Iizuka, Nozomi Kaihara : Maria Yamamoto, Yuki Aoyama : Atsuko Enomoto, Jun Morimura : Kana Ueda, Kisaragi Akiba : Yuu Daiki, Reika : Mariko Kouda, Shirou Sugino : Hozumi Gouda, Aya : Azusa Nakao, Susumu Kudou
Director, Goro Matsui
Music, Sueaki Harada
Music, Fumie Muroi
Character Design, Masao Maruyama
Producer, Shinichi Kobayashi
Producer","Susumu Kudou : Director, Goro Matsui : Music, Sueaki Harada : Music, Fumie Muroi : Character Design, Masao Maruyama : Producer, Shinichi Kobayashi : Producer"
Neko no Sakusen,,TV Sp,,,,"Comedy, Sports, Animal Protagonists, Baseball, Cats, Dogs, Family Friendly, No Dialogue, Non-Human Protagonists, Shorts",3.16,2001.0,,No synopsis yet - check back soon!,,,,"Tatsutoshi Nomura
Director, Bun Itakura
Music","Tatsutoshi Nomura : Director, Bun Itakura : Music"
TaChiTsuTeTo Te wo, Minna no Uta: TaChiTsuTeTo Te wo,Music,,,,Minna no Uta,3.15,2001.0,,No synopsis yet - check back soon!,,,,,
Final Fantasy: The Spirits Within,,Movie,,Visual Works,,"Action, Sci Fi, Post-apocalyptic, Based on a Video Game, CG Animation",3.15,2001.0,,"In the year 2065, life on Earth is almost extinct due to an invasion of creatures known as ""Phantoms."" Only a few cities remain in the midst of a wasteland, which are shielded by barriers that the spirit-like Phantoms cannot cross. While the brilliant scientist Aki Ross and her mentor Dr. Sid want to find a way to peacefully end the conflict with the Phantoms, the military would prefer to fire a space cannon to eradicate the mysterious life forms from the planet – though Earth might be destroyed in the process. In a race against time, can Aki and Dr. Sid find a solution before the cannon is fired?",,"Final Fantasy: Crystal Chronicles - Super Comic Gekijou, Final Fantasy XII, Final Fantasy Type-0, Final Fantasy VII: On the Way to a Smile (Light Novel), Final Fantasy VII: Lateral Biography Turks (Light Novel), Final Fantasy Type-0 Side Story - The Ice Reaper, Final Fantasy: Lost Stranger","Final Fantasy: Legend of the Crystals, Final Fantasy: Unlimited, Final Fantasy VII: Advent Children, Final Fantasy VII: Advent Children - Venice Film Festival Footage, Final Fantasy VII: Last Order, Final Fantasy VII: On the Way to a Smile, Episode: Denzel, Brotherhood: Final Fantasy XV, Kingsglaive: Final Fantasy XV","Aki Ross : Keiko Toda, Gray Edwards : Rikiya Koyama, Dr. Sid : Kiyoshi Kobayashi, General Hein : Tsutomu Isobe, Jane : Jun Karasawa, Neil : Atsushi Goto, Ryan : Akio Ootsuka, Female Council Member : Jean Simmons, Motonori Sakakibara
Director, Hironobu Sakaguchi
Producer & Director, Elliot Goldenthal
Music, Shuukou Murase
Character Design, Jun Aida
Producer, Chris Lee
Producer","Motonori Sakakibara : Director, Hironobu Sakaguchi : Producer & Director, Elliot Goldenthal : Music, Shuukou Murase : Character Design, Jun Aida : Producer, Chris Lee : Producer"
Steel Angel Kurumi 2, Koutetsu Tenshi Kurumi 2,TV   ,12.0,OLM,Spring,"Comedy, Ecchi, Sci Fi, Slice of Life, Androids, Interspecies Relationship, Non-Human Protagonists, Robots, Original Work",3.15,2001.0,,"Nako Kagura, middle school student and aspiring cello player, lives with her ever-so-lively mother in a home that was once a temple used by her mystic ancestors. Little does she know, the catacomb-like basement beneath her home holds an Angel, who has been sleeping for 75 years. As fate would have it, a quick run to the basement leads to her reactivating Steel Angel Kurumi, who is as energetic as ever and just thrilled to have a new 'master'. Unfortunately, Nako's childhood friend Uruka is not impressed, nor is she happy about the newfound bond between Nako and Kurumi. Jealousy is powerful, as is Uruka's family, and they will pull no stops to introduce Kurumi to her demise!",,Steel Angel Kurumi,"Steel Angel Kurumi, Steel Angel Kurumi Encore, Steel Angel Kurumi Zero","Karinka, Kurumi, Nako Kagura, Saki, Uruka Sumeragi, Amagi, Kyanwan, Misaki Kagura, Kaishaku
Original Creator, Naohito Takahashi
Director, Toshihiko Sahashi
Music, Yuuji Ikeda
Character Design","Kaishaku : Original Creator, Naohito Takahashi : Director, Toshihiko Sahashi : Music, Yuuji Ikeda : Character Design"
Di Gi Charat: Rocket from a Mouth, Di Gi Charat: Kuchi Kara Bazooka,TV Sp,,MADHOUSE,,"Comedy, Aliens, Chibi, Gag",3.14,2001.0,,"After facing numerous defeats by Dejiko and her eye-beam, Piyoko and the Black Gema Gema gang decide that a new strategy is needed. Piyoko also has a mouth-rocket attack, but since it takes longer to shout out the name of this attack Dejiko's always hits first. And so (after a lot of planning, equating and messing around) the gang members think up new ways to improve the attack, from talking faster to treating the mouth with more respect. But will any of these ideas work when Dejiko arrives on the scene?",,"Di Gi Charat Theater: Dejiko's Summer Vacation, Di Gi Charat, Di Gi Charat Theater: Dejiko's Adventure, Di Gi Charat Theater: Piyoko is Number One!, Di Gi Charat: Dejiko's Champion Cup Theater, Di Gi Charat Theater: Leave it to Piyoko!","Di Gi Charat, Di Gi Charat Summer Special 2000, Di Gi Charat Christmas Special, Di Gi Charat Ohanami Special, Di Gi Charat Tsuyu Specials, Di Gi Charat Natsuyasumi Special, Di Gi Charat Movie - A Trip to the Planet, Panyo Panyo Di Gi Charat, Leave it to Piyoko!, Di Gi Charat Nyo, Di Gi Charat: Winter Garden","Coo Erhard : Tomo Saeki, Ky Schweitzer : Chihiro Suzuki, Pyocola Analogue Iii : Megumi Hayashibara, Rik Heisenberg : Kohsuke Toriumi, Abarenbou : Yuuji Ueda, Dejiko : Asami Sanada, Gema : Yoshiko Kamei, Hokke Mirin, Koge-Donbo
Original Creator",Koge-Donbo : Original Creator
Monkichi the Monkey in The Gold Axe and the Silver Axe, Osaru no Monkichi no Kin no Ono Gin no Ono,OVA  ,1.0,Sanrio,,"Fantasy, Animal Protagonists, Anthropomorphic, Cats, Family Friendly, Non-Human Protagonists, Sanrio Characters",3.14,2001.0,,No synopsis yet - check back soon!,,,,Monkichi,
Ajimu: Kaigan Monogatari,,Web  ,4.0,Actas,Summer,"Drama, Romance, Music, Original Work",3.14,2001.0,2002.0,"Hirosuke is a normal young man who, by accident, meets the most beautiful girl he has ever seen: Ajimu. Although the circumstances of their meeting are awkward and misunderstood, love begins to flourish and all is well; that is, until Hirosuke realizes that there might be more to Ajimu's past that she isn't ready to deal with yet...",,,,"Ajimu Yasuna : Saeko Chiba, Nakaido Hirosuke : Akira Ishida, Izumiya Kazuki : Showtaro Morikubo, Otomine Yuuma : Mitsuaki Madono, Suzue Takemoto : Yuuko Miyamura, Atsuhiro Takemoto : Eiji Takemoto, Chiyo Nakaido : Takumi Kurebayashi, Hirosuke'S Grandmother : Shizuka Okohira, Yuusaku Jinbo
Director, Kou Nakagawa
Music, Youko Takanori
Character Design","Yuusaku Jinbo : Director, Kou Nakagawa : Music, Youko Takanori : Character Design"
Yuki Kagami, Minna no Uta: Yuki Kagami,Music,,,,Minna no Uta,3.13,2001.0,,No synopsis yet - check back soon!,,,,,
Hello Kitty no Nemureru Mori no Bijo, Hello Kitty In Sleeping Beauty,OVA  ,1.0,,,"Animal Protagonists, Anthropomorphic, Cats, Family Friendly, Non-Human Protagonists, Sanrio Characters, Based on a Fairy Tale",3.12,2001.0,,No synopsis yet - check back soon!,,,"Hello Kitty's Furry Tale Theater, Hello Kitty no Oyayubi-hime, Growing Up With Hello Kitty, Hello Kitty's Paradise, Hello Kitty no Kurumi Wari Ningyou, Koro Koro Kuririn no Inaka no Nezumi Tokai no Nezumi, Hello Kitty no Hakuchou no Ouji, Hello Kitty: Stump Village",,
Bubble Bath, Minna no Uta: Bubble Bath,Music,,,,Minna no Uta,3.11,2001.0,,No synopsis yet - check back soon!,,,,Blond Girl,
Steel Angel Kurumi Zero, Koutetsu Tenshi Kurumi Zero,OVA  ,3.0,OLM,,"Romance, Angels, Non-Human Protagonists, Original Work",3.1,2001.0,,"The future is dull and bleak without the existence of Steel Angels. The rain pours hard and heavy on more days than not and has an acidity to it that keeps most tucked away in their homes. Life is especially dull in the home of High School students Kurumi, Saki, Excelia and Karinka. When Kurumi comes home from a school club meeting with a blush to her face and a lovestruck expression, all the girls gather around, prodding for information. Kurumi has fallen head over heels for a boy named Michihito Kagura, and with the support of her friends she gathers the courage to tell him. But is Kurumi's love strong enough to withstand what fate has in store for her?",,Steel Angel Kurumi,"Steel Angel Kurumi, Steel Angel Kurumi Encore, Steel Angel Kurumi 2","Excelia, Karinka, Kurumi, Saki, Kaishaku
Original Creator, Naohito Takahashi
Director, Toshihiko Sahashi
Music, Yuriko Chiba
Character Design","Kaishaku : Original Creator, Naohito Takahashi : Director, Toshihiko Sahashi : Music, Yuriko Chiba : Character Design"
Kokoro Toshokan,,TV   ,13.0,Studio DEEN,Fall ,"Comedy, Fantasy, Shounen, Slice of Life, Library, Siblings, Based on a Manga",3.1,2001.0,2002.0,"Deep in the mountains lies a library with the same name as one of its caretakers, Kokoro. With her sisters Inna and Aruto, she strives to uphold the best characteristic of a librarian -- to help users with all her heart. Join young Kokoro as she starts the journey to become a full-fledged librarian, while learning about life, and being the best she can be.",,Kokoro Toshokan,,"Aruto : Yumi Ichihara, Iina : Miyuki Sawashiro, Kokoro : Chiwa Saitou, Akaha, Akaha Okajima, Akari Inoue, Gang Leader, Hibiki Asakura, Nobuyuki Takagi
Original Creator, Kouji Masunari
Director, Hisaaki Hogari
Music, Hideki Tachibana
Character Design, Keiichi Matsuda
Producer","Nobuyuki Takagi : Original Creator, Kouji Masunari : Director, Hisaaki Hogari : Music, Hideki Tachibana : Character Design, Keiichi Matsuda : Producer"
Geneshaft,,TV   ,13.0,SATELIGHT,Spring,"Adventure, Mecha, Sci Fi, Aliens, Human Experimentation, Outer Space, Original Work",3.09,2001.0,,"In the future, babies are no longer born - they're grown. The crew of the newly developed spaceship Bilkis has been sent to investigate a mysterious ""ring"" that has shown up in Earth's orbit. Hand-picked through careful gene selection, the crew covers the area of skills needed to complete the mission. Except for ensign Mika Seido, whose gene-type is ""white"" - undefined.",,,,"Mika Seido : Kumiko Higa, Sofia Galgalim : Yuko Kaida, Beatrice Ratio : Maaya Sakamoto, Dolce Saito : Ayako Kawasumi, Hiroto Amagiwa : Takahiro Sakurai, Mario Musicanova : Kenji Hamada, Mir Lotus : Yumi Kakazu, Remmy Levistrauss : Ryouka Yuzuki, Kazuki Akane
Director, Akira Takasaki
Music, Yasuhiro Oshima
Character Design, Atsushi Sugita
Producer, Ikuo Satou
Producer","Kazuki Akane : Director, Akira Takasaki : Music, Yasuhiro Oshima : Character Design, Atsushi Sugita : Producer, Ikuo Satou : Producer"
Monarch,,Movie,,,,"Chinese Animation, Shorts, CG Animation, Nudity",3.08,2001.0,,"Smell, sight and taste evoke all kinds of joy and fear. Phobia, which can be anything to anyone, crawls into our subconscious like a spider. The only way to overcome our phobia, it turns out, may be to get obsessed with it.",Nudity,,,"Andrew Chen
Director",Andrew Chen : Director
Kirby: Right Back At Ya!, Hoshi no Kirby,TV   ,100.0,Studio Sign,Fall ,"Action, Adventure, Comedy, Fantasy, Aliens, Family Friendly, Monster-of-the-week, Non-Human Protagonists, Based on a Video Game",3.07,2001.0,2003.0,"In the midst of a peaceful slumber, Kirby and his spaceship take an unexpected nosedive to an unknown planet, and crash into Dream Land! There, Kirby discovers that the locals are being ruled under the whims of King Dedede, an ambitious and somewhat cruel fellow who has a hobby of buying evil beasts for great deals – beasts which he often sends Kirby’s way due to his hatred of the pink puffball! Behind the scenes is the Emperor of Darkness, Nightmare, who controls the galaxy and manufactures these beasts. After King Dedede destroys his spaceship, it seems Kirby is in for the long haul. Can Kirby help the people of Dream Land and stay alive in the process?",,"Hoshi no Kirby, Hoshi no Kirby: Short Comic Gekijou, Hoshi no Kirby: Pupupu Hero",Kirby: Right Back At Ya! - Kirby 3D,"Bun : Rika Komatsu, Fumu : Sayuri Yoshida, King Dedede : Kenichi Ogata, Kirby : Makiko Ohmoto, Chief Borum : Atsushi Kisaichi, Curio : Takashi Nagasako, Escargoon : Naoki Tatsuta, Kawasaki : Nobuo Tobita, Souji Yoshikawa
Director, Miyuki Shimabukuro
Character Design, Masayoshi Ozaki
Producer, Satoru Iwata
Producer","Souji Yoshikawa : Director, Miyuki Shimabukuro : Character Design, Masayoshi Ozaki : Producer, Satoru Iwata : Producer"
Ahiru no Pekkle no Minikui Ahiru no Ko,,OVA  ,1.0,Sanrio,,"Fantasy, Animal Protagonists, Anthropomorphic, Birds, Cats, Family Friendly, Non-Human Protagonists, Sanrio Characters",3.07,2001.0,,No synopsis yet - check back soon!,,,"Ahiru no Pekkle no Sindbad no Bouken, Ahiru no Pekkle no Aladdin to Mahou no Lamp, Ahiru no Pekkle no Hihou wo Sagase, Ahiru no Pekkle no Suieitaikai wa Oosawagi, Ahiru no Pekkle no Ahiru no Drakestail",Pekkle : Fushigi Yamada,
Good Morning Call,,OVA  ,1.0,Trans Arts,,"Drama, Romance, Shoujo, Cohabitation, School Life, Based on a Manga",3.05,2001.0,,"Nao and Uehara are two teens in an unlikely situation -- they've accidentally signed a lease for the same apartment! As time passes, they inevitably became a couple, and share the joys and hardships of living together day by day. Things take a turn for the worse when Nao forgets Uehara's 16th birthday! Can their relationship be saved? Or is this happy couple doomed for failure?",,"Good Morning Call, Good Morning Kiss",,"Hisashi Uehara : Eiji Moriyama, Nao Yoshikawa : Yuka Tokumitsu, Jun Abe : Ryo Naitou, Kenji Asai : Masami Kikuchi, Yuri Uehara : Michiko Neya, Landlord : Chiaki Shiino, Marina Konno : Maki Saitou, Nanako Kusanagi, Yue Takasuka
Original Creator, Takayuki Hamana
Episode Director & Storyboard","Yue Takasuka : Original Creator, Takayuki Hamana : Episode Director & Storyboard"
Vampiyan Kids, Nanchatte Vampiyan,TV   ,26.0,Production I.G,Fall ,"Comedy, Supernatural, Vampires, Original Work",3.04,2001.0,2002.0,"Papa, Mama, and Sue are juice-drinking vampires from the monster world – but there’s a problem! They’ve been kicked out for not being scary! The human world offers similar challenges, as Papa is still unable to scare 1000 humans – the price of being able to return to the monster world. Papa’s inventions never seem to work and Sue has unfortunately become enamored with a human boy named Kou; with these roadblocks and more in their way, will the Vampiyan family ever earn their way home?",,,"Vampiyan Kids Pilot, Vampiyan Kids PV","Kou, Mama, Papa : Kinya Aikawa, Sue, Butler Robot, Cking, Ghost Ship Captain, Heruheru, Masatsugu Arakawa
Director, Kow Otani
Music, Toshihiko Sahashi
Music, Masatoshi Nishizawa
Producer","Masatsugu Arakawa : Director, Kow Otani : Music, Toshihiko Sahashi : Music, Masatoshi Nishizawa : Producer"
SoulTaker, The SoulTaker: Tamashii-gari,TV   ,13.0,Tatsunoko Production,Spring,"Horror, Abstract, Monsters, Psychological, Supernatural, Superpowers, Original Work",3.03,2001.0,,"Date Kyosuke is a young man with problems. After being stabbed by his beloved mother, he discovers he has a long lost sister -- Runa. She is the first of many relatives that he and others in the story find tied into the seeming chaos of their lives. Date embarks on a quest to find Runa, aided by his new ability to turn into a monster; all the while in pitched battle at almost every turn with agents of mysterious organizations.",,,"SoulTaker: Tamashii-gari - Komugi Daisakusen, Nurse Witch Komugi, Nurse Witch Komugi Z, Nurse Witch Komugi R","Kyousuke Date : Mitsuki Saiga, Alien : Choo, Bandaged Man : Minami Takayama, Dr Kyoya : Toshihiko Seki, Komugi Nakahara :  Haruko Momoi, Maya : Ikue Ootani, Richard Vincent : Masashi Ebara, Runa Tokisaka : Michiko Neya, Akiyuki Simbo
Director & Storyboard, Mayori Sekijima
Screenplay & Series Composition, Kow Otani
Music, Akio Watanabe
Animation Director & Character Design & Chief Animation Director & Key Animator, Takae Iijima
Color Design, Michiko Suzuki
Producer, Kouhei Kawase
Producer, Shintarou Inokawa
Ed Director & Episode Director & Storyboard","Akiyuki Simbo : Director & Storyboard, Mayori Sekijima : Screenplay & Series Composition, Kow Otani : Music, Akio Watanabe : Animation Director & Character Design & Chief Animation Director & Key Animator, Takae Iijima : Color Design, Michiko Suzuki : Producer, Kouhei Kawase : Producer, Shintarou Inokawa : Ed Director & Episode Director & Storyboard"
Molly Star-Racer,,Other,,,,"Action, Mecha, Sci Fi, No Dialogue, CG Animation",3.03,2001.0,,No synopsis yet - check back soon!,,,Oban Star-Racers,"Eva Wei, Don Wei, Prince Aikka",
GREAT3: Ruby,,Music,,,,,3.03,2001.0,,No synopsis yet - check back soon!,,,,"Great3
Music",Great3 : Music
Beyblade, Bakuten Shoot Beyblade,TV   ,51.0,MADHOUSE,Winter,"Action, Sci Fi, Shounen, Family Friendly, Monsters, Proxy Battles, Tournaments, Based on a Manga",3.03,2001.0,,"Beyblading is the latest rage; gyroscopes battle each other in different environments until one is knocked out. Only a true master can bring out a blade’s full potential and unleash the bitbeast within, though. To find out who the true blade master is, a tournament is held. While going up against a team of bio-enhanced beybladers, can the talented but hard-headed Tyson and his team, the Bladebreakers, master their bitbeasts and bring home the win?",,"Beyblade, Beyblade Taisen Seiryuuden, Metal Fight Beyblade, Metal Fight Beyblade Zero G, Beyblade Burst, Bakuten Shoot Beyblade: Rising","Beyblade: V-Force, Beyblade the Movie: Fierce Battle, Beyblade: G Revolution, Beyblade: Metal Fusion, Metal Fight Beyblade vs. Taiyou: Shakunetsu no Shinryakusha Sol Blaze, Beyblade: Metal Masters, Beyblade: Metal Fury, Beyblade: Shogun Steel, Beyblade: Shogun Steel Specials, Beyblade: Burst, Beyblade: Burst God, Beyblade: Burst Chouzetsu","Kai Hiwatari : Urara Takano, Kenny : Houko Kuwashima, Max Tate : Ai Orikasa, Ray Kon : Aya Hisakawa, Tyson Granger : Motoko Kumai, Emily York : Yukari Honma, Enrique Giancarlo : Daisuke Sakaguchi, Johnny Mcgregor : Chiharu Tezuka, Takao Aoki
Original Creator, Toshifumi Kawase
Director, Yoshihisa Hirano
Music, Takahiro Umehara
Character Design, Masao Maruyama
Producer, Shinichi Ikeda
Producer, Eun-Mi Lee
Producer, Jae-Young Kim
Producer","Takao Aoki : Original Creator, Toshifumi Kawase : Director, Yoshihisa Hirano : Music, Takahiro Umehara : Character Design, Masao Maruyama : Producer, Shinichi Ikeda : Producer, Eun-Mi Lee : Producer, Jae-Young Kim : Producer"
Zaion ~i wish you were here~, i -wish you were here- ~Anata ga koko ni Itehoshii~,TV Sp,,GONZO,,"Drama, Sci Fi, Military, Pandemic, Superpowers, Survival, Original Work, Violence",3.02,2001.0,,"In the present time, the meteorite-based M-34 virus is being spread at a horrific pace: infecting thousands, and mutating their bodies into alien-like creatures who destroy everyone in their path. While NOA -- an elite team of cybernetic soldiers -- work to contain the threat, a new weapon named Ai is being trained to destroy the virus once and for all. Unknown to all are her true powers -- especially once she falls in love with NOA member Yuji. Time is running out.. who will inherit the earth? The virus, or humanity?",Violence,,,"Ai : Yukari Tamura, Diva, Yuuji Tamiya : Joe Odagiri, Changpuek : Hiroaki Hirata, Domeki : Daisuke Gouri, Hajime Kudou : Tesshou Genda, Hiroyuki Kaneshiro : Katsuyuki Konishi, Misao Mitsuishi : Kotono Mitsuishi, Seiji Mizushima
Director, Kenji Kawai
Music, Yasuhiro Oshima
Character Design, Youko Mihashi
Color Design, Kazuhiko Ikeguchi
Producer, Manabu Ishikawa
Producer, Yasuki Miki
Producer, Atsushi Yamamori
Producer","Seiji Mizushima : Director, Kenji Kawai : Music, Yasuhiro Oshima : Character Design, Youko Mihashi : Color Design, Kazuhiko Ikeguchi : Producer, Manabu Ishikawa : Producer, Yasuki Miki : Producer, Atsushi Yamamori : Producer"
Magical Meow Meow Taruto, Magical Nyan Nyan Taruto,TV   ,12.0,MADHOUSE,Summer,"Comedy, Seinen, Slice of Life, Animal Characteristics, Magic, Non-Human Protagonists, Based on a Manga",3.01,2001.0,,"Taruto, a young cat-girl, lives with her masters, Iori and Kinako, in a world where she and any other cat-person appears to be nothing more than a normal animal. Believed to be the descendant of an ancient clan of cat-people with magical powers, Taruto can't help but make many friends and enemies in their new home of Okashina. Can Taruto discover her roots, while managing to not foul up her magical powers at least once? Only time and an awful lot of practice will tell!",,Magical Meow Meow Taruto,,"Taruto : Hisayo Mochizuki, Anzuko Doumyouji : Akemi Okamura, Charlotte : Masayo Kurata, Chiffon : Aya Hisakawa, Chips : Aya Hisakawa, Chitose : Maria Yamamoto, Gallette : Akira Ishida, Iori Monaka : Hiroki Takahashi, Kaishaku
Original Creator, Tsukasa Sunaga
Director, Masumi Itou
Music & Song Arrangement & Song Composition & Song Performance, Hiroko Kazui
Assistant Animation Director & Character Design, Atsushi Sugita
Producer, Shinichirou Aoki
Episode Director","Kaishaku : Original Creator, Tsukasa Sunaga : Director, Masumi Itou : Music & Song Arrangement & Song Composition & Song Performance, Hiroko Kazui : Assistant Animation Director & Character Design, Atsushi Sugita : Producer, Shinichirou Aoki : Episode Director"
Akisutozeneko, Minna no Uta: Akisutozeneko,Music,,,,Minna no Uta,3.0,2001.0,,No synopsis yet - check back soon!,,,,,
Kaze no Kokyuu: Animation ni Yoru Oufuku Shokan, Breathing of the Wind: Animation Correspondence,Movie,,,,"Comedy, Shorts, Original Work, Nudity,, Sexual Content",3.0,2001.0,,No synopsis yet - check back soon!,"Nudity,, Sexual Content",,,"Keiichi Tanaami
Director",Keiichi Tanaami : Director
Ahiru no Pekkle no Ahiru no Drakestail,,OVA  ,1.0,Sanrio,,"Fantasy, Animal Protagonists, Anthropomorphic, Birds, Cats, Family Friendly, Non-Human Protagonists, Sanrio Characters",3.0,2001.0,,No synopsis yet - check back soon!,,,"Ahiru no Pekkle no Sindbad no Bouken, Ahiru no Pekkle no Aladdin to Mahou no Lamp, Ahiru no Pekkle no Hihou wo Sagase, Ahiru no Pekkle no Suieitaikai wa Oosawagi, Ahiru no Pekkle no Minikui Ahiru no Ko","Pekkle : Fushigi Yamada, Bee, Fox, King, Ladder, River",
Angel,,Other,,RG Animation Studios,,"Korean Animation, No Dialogue, Prison, Shorts, CG Animation",2.98,2001.0,,No synopsis yet - check back soon!,,,,"Man, Shigeru Nishiyama
Editor",Shigeru Nishiyama : Editor
Final Fantasy: Unlimited,,TV   ,25.0,GONZO,Fall ,"Action, Adventure, Fantasy, Contemporary Fantasy, Isekai, Magic, Person in a Strange World, Siblings",2.98,2001.0,2002.0,"On the night of a full moon, twins Yu and Ai sneak off to a closed subway that turns out to be a gateway to another world. There, they encounter two unlikely companions: a woman named Lisa, and a mysterious fellow who can summon spirits with the gun on his arm. Together, they travel through this strange new world of magic and mystery, cactaurs and chocobos in search of the twins' missing parents.",,"Final Fantasy: Unlimited After - Gakai no Sho, Final Fantasy: Crystal Chronicles - Super Comic Gekijou, Final Fantasy XII, Final Fantasy Type-0, Final Fantasy VII: On the Way to a Smile (Light Novel), Final Fantasy VII: Lateral Biography Turks (Light Novel), Final Fantasy Type-0 Side Story - The Ice Reaper, Final Fantasy: Lost Stranger","Final Fantasy: Legend of the Crystals, Final Fantasy: The Spirits Within, Final Fantasy VII: Advent Children, Final Fantasy VII: Advent Children - Venice Film Festival Footage, Final Fantasy VII: Last Order, Final Fantasy VII: On the Way to a Smile, Episode: Denzel, Brotherhood: Final Fantasy XV, Kingsglaive: Final Fantasy XV","Ai Hayakawa : Haruko Momoi, Kuroki Kaze : Nobutoshi Canna, Lisa Pacifist : Kyoko Hikami, Yu Hayakawa : Yuka Imai, Chobi : Akiko Yajima, Cid : Toshihiko Seki, Earl Tyrant : Akiko Yajima, Fabula : Kikuko Inoue, Mahiro Maeda
Director, Shirou Hamaguchi
Music, Akifumi Tada
Music, Kazuto Nakazawa
Character Design, Tomohiro Hirata
Character Design, Makiko Iwata
Producer, Takeshi Sasamura
Producer, Shinji Nakajima
Producer","Mahiro Maeda : Director, Shirou Hamaguchi : Music, Akifumi Tada : Music, Kazuto Nakazawa : Character Design, Tomohiro Hirata : Character Design, Makiko Iwata : Producer, Takeshi Sasamura : Producer, Shinji Nakajima : Producer"
Geisters: Fractions of the Earth,,TV   ,26.0,Plum,Fall ,"Action, Sci Fi, Post-apocalyptic, Original Work",2.98,2001.0,2002.0,"At the end of the 21st century, a comet struck Earth and devastated life as we know it. Some managed to escape on a spacecraft, and others managed to survive the blast which sent the planet into another ice age. Three hundred years later, those from outer space descended back to the planet - but what they found was not the world they knew before. Fierce creatures that can eat DNA now roam the land, and only the special task force of the Juno family known as the Geisters can put a stop to them. While the Geisters try their best to defeat these unstoppable foes, political turmoil and tensions run high. Those from the heavens try to control those on the surface, and believe that their Earth-bound counterparts are savages and must be stopped from rebelling. Who will survive these dark times?",,,,"Dean Honos : Tomokazu Seki, Alkion Fama : Kouichi Toochika, Chris Wester : Masayo Hosono, Eleshia Yun : Tomoko Shiraishi, Inamura Juno : Mari Yokoo, Karakal Shamarel : Hiroshi Otake, Leon Wiltos : Dai Matsumoto, Piira : Yumiko Watanabe, Kouji Itou
Director, Sumio Watanabe
Director, Kenji Kawai
Music, Masayuki Goto
Character Design, Kenichi Imaizumi
Character Design, Hitoshi Nagao
Art Director, Yuuko Suzuki
Sound Director, Kazunori Takagi
Producer","Kouji Itou : Director, Sumio Watanabe : Director, Kenji Kawai : Music, Masayuki Goto : Character Design, Kenichi Imaizumi : Character Design, Hitoshi Nagao : Art Director, Yuuko Suzuki : Sound Director, Kazunori Takagi : Producer"
Lawson: Spirited Away CM, Lawson: Sen to Chihiro no Kamikakushi CM,Other,,Studio Ghibli,,"Commercials, Promotional, Work Life",2.97,2001.0,,No synopsis yet - check back soon!,,,,Saki,
Samurai Girl: Real Bout High School,,TV   ,13.0,GONZO,Summer,"Action, Fantasy, Shounen, Hand to Hand Combat, Martial Arts, Martial Arts School, Panty Shots, School Life, Based on a Light Novel",2.97,2001.0,,"In the school of Daimon High, martial arts and starting fights are the biggest ways to boosting your grades, which is excellent news for Ryoko Mitsurugi, the school most popular kendo beauty. Her popularity and fame spark an idea for the heads of the schools, K-Fight! -- a system where the best fighters for each school challenge each other to one-one or all out battle royal. However, soon the K-Fights start to draw unwanted interest, some not even of this world.",,"Shoukan Kyoushi Real Bout High School (Light Novel), Samurai Girl Real Bout High School",,"Ryoko Mitsurugi : Ikue Kimura, Azumi Kiribayashi : Satsuki Yukino, Daisaku Kamiya : Kouki Miyata, Keiichiro Nagumo : Juurouta Kosugi, Shizuma Kusanagi : Tomokazu Seki, Hitomi Yuki, Misao Aoki, Miyuki Onizuka, Shinichi Shouji
Director, Takeshi Yasuda
Music, Keiji Gotou
Character Design, Hiroyuki Soeda
Producer, Masatoshi Kodaka
Producer, Takashi Watanabe
Producer, Shinichi Watanabe
Storyboard, Yuuji Yanase
Animation Director","Shinichi Shouji : Director, Takeshi Yasuda : Music, Keiji Gotou : Character Design, Hiroyuki Soeda : Producer, Masatoshi Kodaka : Producer, Takashi Watanabe : Producer, Shinichi Watanabe : Storyboard, Yuuji Yanase : Animation Director"
m-flo: Prism,,Music,,,,"Outer Space, CG Animation",2.97,2001.0,,No synopsis yet - check back soon!,,,,"M-Flo
Music",M-Flo : Music
Mini Moni Yaru no da Pyon!,,TV   ,70.0,Spring 2001,,"Comedy, Chibi, Family Friendly, Short Episodes",2.96,2001.0,,"The very tiny adventures of the equally tiny bright and happy J-pop group Mini Moni, without a real continued plot between each short.",,"Tottemo! Mini Moni., Mini Moni. Yarunoda Pyon!",Mini Moni the TV,"Ai Kago : Ai Kago, Mari Yaguchi : Mari Yaguchi, Mika : Mika Todd, Nozomi Tsuji : Nozomi Tsuji",
Magical Play, Mahou Yuugi 2D,Web  ,22.0,AIC,,"Comedy, Fantasy, Magical Girl, Henshin Heroes, Magic, Short Episodes, Original Work",2.96,2001.0,2002.0,"In a magical world, the naive and spunky Padadu is training to be a magical girl -- a title reserved for those who have defeated many in battles, and earns them a right to visit Earth. Along with her arch rival Pipin, seductive and manipulative Myumyu and the fugitive Nonononn, Padadu and her magical sentient fish costume travel the world in search of fun and adventure! But the tyrant queen Purilun and her lackey Zucchini are hot on their trail; will Padadu ever become a real magical girl?",,,3D Magical Play,"Myumyu : Kazusa Murai, Padudu : Ai Tokunaga, Pipin : Ryouka Shima, Cofy : Miyuki Ichijou, Ketchup : Ryoko Nagata, Mustard : Nanae Katou, Nonononn : Tomo Saeki, Purilun : Yuuko Minaguchi, Hiroki Hayashi
Director, Kiyohiko Azuma
Character Design, Satoru Yoshida
Producer","Hiroki Hayashi : Director, Kiyohiko Azuma : Character Design, Satoru Yoshida : Producer"
Piroppo,,TV   ,23.0,Studio 4°C,Fall ,"Comedy, Short Episodes",2.94,2001.0,2002.0,No synopsis yet - check back soon!,,,,"Boxy, Champion, Latte, Pikki, Queen, Katsuhito Ishii
Director & Screenplay",Katsuhito Ishii : Director & Screenplay
Memories Off,,OVA  ,3.0,E&G Films,,"Harem, Romance, School Life, Based on a Visual Novel",2.92,2001.0,2002.0,"After the tragic death of his high school sweetheart, Mikami Tomoya just isn't the same. Dating has been scarce, and feelings have been buried. But what if Tomoya had a chance to date someone new? What if he had three choices, in fact? Memories Off explores one possible match in each episode of the OVA.",,,"Memories Off 2nd, Memories Off 3.5, Memories Off #5 Togireta Film The Animation","Minamo Ibuki, Shion Futami, Tomoya Mikami, Yue Imasaki, Ayaka Hizuki, Inaho Shin, Koyomi Kirishima, Otoha Kaoru, Yukio Okazaki
Director, Kazu Yokota
Director, Chiyomaru Shikura
Music, Jun Nakai
Character Design, Ken Sekiguchi
Producer, Natsuko Kotani
Producer, Kenichi Maejima
Storyboard","Yukio Okazaki : Director, Kazu Yokota : Director, Chiyomaru Shikura : Music, Jun Nakai : Character Design, Ken Sekiguchi : Producer, Natsuko Kotani : Producer, Kenichi Maejima : Storyboard"
SoulTaker: Tamashii-gari - Komugi Daisakusen,,DVD S,,Tatsunoko Production,,"Supernatural, Original Work",2.91,2001.0,,No synopsis yet - check back soon!,,,SoulTaker,"Komugi Nakahara, Kyousuke Date, Shiro Mibu",
Parappa the Rapper,,TV   ,30.0,J.C.Staff,Winter,"Comedy, Fantasy, Animal Protagonists, Anthropomorphic, Dogs, Non-Human Protagonists, Based on a Video Game",2.91,2001.0,2002.0,"Chronicles the misadventures of a rapping dog named Parappa and his very odd friends, which include a blue cat, a talking flower, and a guitar playing lamb.",,,"PJ Berri no Mogumogu Munyamunya, PJ Berri no Mogumogu Munyamunya 2nd Season","Katy Kat, Matt, Parappa : Miyu Irino, Paula, Sunny Funny, Mikazuki, Ann, Ceitinn, Hiroaki Sakurai
Director, Masaya Matsuura
Music, Yoshihisa Suzuki
Music, Hideo Katsumata
Producer, Takayuki Hamana
Episode Director & Storyboard, Itsurou Kawasaki
Episode Director & Storyboard, Shingo Kaneko
Episode Director & Storyboard, Michio Fukuda
Storyboard","Hiroaki Sakurai : Director, Masaya Matsuura : Music, Yoshihisa Suzuki : Music, Hideo Katsumata : Producer, Takayuki Hamana : Episode Director & Storyboard, Itsurou Kawasaki : Episode Director & Storyboard, Shingo Kaneko : Episode Director & Storyboard, Michio Fukuda : Storyboard"
Najica Blitz Tactics, Najica Dengeki Sakusen,TV   ,12.0,Amber Film Works,Fall ,"Action, Ecchi, Sci Fi, Guns, Panty Shots, Original Work",2.91,2001.0,,"Najica Blitz Tactics follows the adventures of Najica Hiiragi, a female secret agent. During one mission, she rescues Leila, a young bioengineered cyborg who then becomes her partner. Together, they must battle evil forces in a series of breath-(and clothes) taking adventures to make the world safe for fan service.",,Najica Blitz Tactics,,"Lila Minazuki : Juri Ihata, Najica Hiiragi : Yumi Touma, Gento Kuraku : Unshou Ishizuka, Jin Majima : Iemasa Kayumi, Admiral : John Swasey, Ai Irie : Kyoko Hikami, Akina A : Megumi Nasu, Alpha : Ai Orikasa, Katsuhiko Nishijima
Director, Junichi Kanezaki
Music, Noriyasu Yamauchi
Character Design, Koujirou Hayashi
Photography Director, Kazuhiko Ikeguchi
Producer, Yasuki Miki
Producer, Atsushi Yamamori
Producer, Tomohisa Iizuka
Producer","Katsuhiko Nishijima : Director, Junichi Kanezaki : Music, Noriyasu Yamauchi : Character Design, Koujirou Hayashi : Photography Director, Kazuhiko Ikeguchi : Producer, Yasuki Miki : Producer, Atsushi Yamamori : Producer, Tomohisa Iizuka : Producer"
Canvas ~Motif of Sepia~, Canvas: Sepia-iro no Motif,OVA  ,2.0,ARMS,,"Drama, Ecchi, Romance, Art, Art School, School Life, Based on an Eroge, Based on a Visual Novel, Nudity,, Sexual Content",2.91,2001.0,2002.0,"Daisuke is in a funk. He is attending art school with his childhood friend Amane and is very popular amongst the subjects of his portraits, but lately he has been feeling self conscious and isn’t as interested in drawing. An upcoming art competition, however, will decide who receives a scholarship to a prestigious academy, which places a lot of pressure on Daisuke. In addition, his first love has just moved in next door and has become his teacher. Can Daisuke find his muse in time for the contest, so he can finally fulfill his childhood dream?","Nudity,, Sexual Content",Canvas 2: Nijiiro no Sketch,Canvas 2 ~Niji Iro no Sketch~,"Amane Tachibana : Miwa Kouzuki, Daisuke Asou : Makoto Naruse, Ai Saginomiya : Ami Shizuki, Ren Sakurazuka : Akane Tomonaga, Yurina Kimikage : Kaori Fujisaki, Yuu Shinomiya : Kihiro Haranishi, Yuzu Nanashiro : Tomomi Motoyama, Tsuneo Tominaga
Director, Yoshito Hata
Music, Akira Kano
Character Design, Osamu Koshinaka
Producer, Kouichi Murakami
Producer, Show Kumabe
Producer, Falcon
Editor","Tsuneo Tominaga : Director, Yoshito Hata : Music, Akira Kano : Character Design, Osamu Koshinaka : Producer, Kouichi Murakami : Producer, Show Kumabe : Producer, Falcon : Editor"
Ga no Iru Tokoro, A Place Where There Are Moths,Movie,,,,"Abstract, No Dialogue, Shorts",2.86,2001.0,,No synopsis yet - check back soon!,,,,"Mika Seike
Director",Mika Seike : Director
PigMovie Butaodoru,,Web  ,1.0,,,"Dancing, No Dialogue, Pets, Pigs, Shorts",2.85,2001.0,,No synopsis yet - check back soon!,,,,"Dancing Pig, Pig'S Owner, Kazuhiro Hocchi
Director",Kazuhiro Hocchi : Director
Great Dangaioh, Haja Kyosei G Dangaioh,TV   ,13.0,AIC,Spring,"Action, Drama, Mecha, Sci Fi, Original Work",2.84,2001.0,,"A mysterious explosion on Futagami Island begins a new chapter in the Dangaioh mythos! Witnessed as a bright light up in the sky by only one young girl, the arrival of a mysterious someone in the sky may or may not be a signal for the end of the human race. Flash-forward to ten years later when led by the evil Professor Katou, a band of warriors calling themselves the ""Tartarus Knights"" have, thanks to the help of four mighty generals, begun their campaign to lay waste to the world. Their final objective? A small research station on Futagami Island. Katou's victory seems almost certain - until he encounters an advanced fortress guarding the island. From it, a group of three humanoid robots are launched.",,,Dangaioh: Hyper-Combat Unit,"Hitomi Chidou : Masumi Asano, Kuya Amagi : Chihiro Suzuki, Manami Mishio : Ayako Kawasumi, Kyouji Reisen : Tomokazu Seki, Shikitani : Emi Shinohara, Susumu Amagi : Akira Kamiya, Yonamine : Takeshi Aono, Kaori : Maria Yamamoto, Toshihiro Hirano
Director, Toshiyuki Watanabe
Music, Masaki Yamada
Character Design, Hiroaki Inoue
Producer, Isao Hidaka
Producer, Kouji Yoritsune
Producer, Yuichi Asai
Producer, Tomio Yamauchi
Episode Director","Toshihiro Hirano : Director, Toshiyuki Watanabe : Music, Masaki Yamada : Character Design, Hiroaki Inoue : Producer, Isao Hidaka : Producer, Kouji Yoritsune : Producer, Yuichi Asai : Producer, Tomio Yamauchi : Episode Director"
3D Magical Play, Mahou Yuugi 3D,OVA  ,1.0,AIC,,"Comedy, Fantasy, Magical Girl, Dungeon, Henshin Heroes, Magic, CG Animation, Original Work, Violence",2.83,2001.0,,"When the fish-wearing Padadu arrived in Sweetland, she simply wanted to train to become a magical girl, but earned herself a trip to the dungeon instead! The mayor of the town hates magical girls and wants to make sure Padadu can't ever leave, by penalty of death! Now, joined by the fugitive Nonononn, Padadu must fight for her life in the arena against the Mayor's deadly feline companion. Can Padadu survive long enough to become a real magical girl?",Violence,,Magical Play,"Cofy : Miyuki Ichijou, Nonononn : Tomo Saeki, Padudu : Ai Tokunaga, Ketchup : Ryoko Nagata, Mustard : Nanae Katou, Purilun : Yuuko Minaguchi, Uokichi : Fumihiko Tachiki, Hiroki Hayashi
Director, Seikou Nagaoka
Music, Kiyohiko Azuma
Character Design, Atsushi Moriyama
Producer, Tatsuo Shimamura
Producer, Masafumi Fukui
Producer","Hiroki Hayashi : Director, Seikou Nagaoka : Music, Kiyohiko Azuma : Character Design, Atsushi Moriyama : Producer, Tatsuo Shimamura : Producer, Masafumi Fukui : Producer"
Magical Girl Lyrical Nanoha: Lyrical Toy Box, Mahou Shoujo Lyrical Nanoha: Lyrical Toy Box,Music,,Seven Arcs,,"Magical Girl, Henshin Heroes, Magic",2.81,2001.0,,No synopsis yet - check back soon!,,"Magical Girl Lyrical Nanoha A's, Magical Girl Lyrical Nanoha StrikerS, Mahou Senki Lyrical Nanoha Force, Magical Girl Lyrical Nanoha The MOVIE 1st The Comics, Magical Girl Lyrical Nanoha Vivid, Magical Girl Lyrical Nanoha: Comic à la carte, Magical Girl Lyrical Nanoha A's Portable: The Gears of Destiny - Material Musume., Magical Girl Lyrical Nanoha Vivid LIFE, Magical Girl Lyrical Nanoha INNOCENT, Magical Girl Lyrical Nanoha: The Movie Comic a la Carte, Original Chronicle Magical Girl Lyrical Nanoha The 1st, Magical Girl Lyrical Nanoha Innocents, Magical Girl Lyrical Nanoha Reflection THE COMICS","Triangle Heart ~Sweet Songs Forever~, Magical Girl Lyrical Nanoha, Magical Girl Lyrical Nanoha A's, Magical Girl Lyrical Nanoha StrikerS, Magical Girl Lyrical Nanoha The MOVIE 1st, Magical Girl Lyrical Nanoha: The Movie 2nd A's, Magical Girl Lyrical Nanoha ViVid, Magical Girl Lyrical Nanoha ViVid Recap, Magical Girl Lyrical Nanoha THE MOVIE 3rd Reflection","Nanoha Takamachi, Chrono Harlaown, Kyouya Takamachi, Lindy Harlaown, Miyuki Takamachi, Momoko Takamachi, Noel K. Ehrlichkeit, Shinobu Tsukimura, Akiyuki Simbo
Director",Akiyuki Simbo : Director
Babel II: Beyond Infinity,,TV   ,13.0,Vega Entertainment,Fall ,"Action, Adventure, Sci Fi, Psychic Powers, Robots, Supernatural, Based on a Manga",2.8,2001.0,,"Koichi is an ordinary youth given extraordinary powers to fight a shadowy underworld of renegade psychics. Hidden in a forgotten desert lies the tower of Babel, created by an unknown force. As its successor, Koichi summons three psychic guardians and challenges Yomi, Leon and any other renegades brave enough to stand in his path.",,Babel 2-sei,"Babel II, Babel II OVA","Kouichi Yamano : Kenichi Suzumura, Babel I : Hiroya Ishimaru, Rodem : Gerardo Vásquez, Mitsuteru Yokoyama
Original Creator, Ken Ushikusa
Director, Ikuo Shimazu
Character Design, Shinichirou Aoki
Episode Director & Storyboard, Takaaki Ishiyama
Storyboard, Takuo Suzuki
Storyboard","Mitsuteru Yokoyama : Original Creator, Ken Ushikusa : Director, Ikuo Shimazu : Character Design, Shinichirou Aoki : Episode Director & Storyboard, Takaaki Ishiyama : Storyboard, Takuo Suzuki : Storyboard"
Usagi-chan de Cue!!,,OVA  ,3.0,Chaos Project,,"Action, Comedy, Drama, Ecchi, Harem, Romance, Animal Characteristics, Panty Shots, Based on a Manga, Nudity",2.78,2001.0,2002.0,"In the midst of a fight on the rooftop of her school, Mikami Inaba is involved in a freak accident. Desperate to save a cage of cute rabbits from falling to their demise, Mikami grabs at the first rabbit she can reach; but during the fall, a flash of magical pink light envelopes her, fusing her with the rabbit and giving her a new voluptuous appearance and loving personality! This alter-ego is named Mimika, and is now her primary form. However, Mikami is as wild and tough as ever, still lying beneath the cute exterior and waiting to regain control of her body when she or her friends are threatened!",Nudity,Usagi-chan de Cue!!,,"Haru Matogi : Kenichi Suzumura, Mikami Inaba : Kaoru Morota, Miku Mitsuki : Ayako Kawasumi, Mimika : Kaoru Morota, Chou Of Bentou : Ryuusei Nakao, Dekao, Nekoi Koshka : Michiko Neya, Grandpa, Takashi Sano
Original Creator, Tooru Yoshida
Director, Susumu Ueda
Music, Takahiro Kimura
Character Design, Koutarou Ran
Producer","Takashi Sano : Original Creator, Tooru Yoshida : Director, Susumu Ueda : Music, Takahiro Kimura : Character Design, Koutarou Ran : Producer"
Kikumana,,Other,,,,"Abstract, Shorts",2.76,2001.0,,"Kikumana is a young girl isolated in a dark room filled with nothing but books. However, she’s awoken in a strange world where inanimate objects take on a life of their own. From a light bulb casting down snowflakes over her delicate body to a strange white hand she sees emerge from the doorway, is this truly Kikumana’s reality?",,,,Kikumana,
Fighting Foodons, Kakutou Ryouri Densetsu Bistro Recipe,TV   ,26.0,Group TAC,Fall ,"Action, Fantasy, Shounen, Anthropomorphic, Family Friendly, Food and Beverage, Food Protagonists, Monsters, Non-Human Protagonists, Tournaments, Based on a Manga",2.76,2001.0,2002.0,"Once, food was prepared solely for eating; now, when chefs prepare a meal, they prepare for battle! Using the power of cards known as Meal Tickets, cuisine of any variety can be turned to life. These ""Fighting Foodons"" are then used for various purposes, including companionship and battles. Chase, Kayla, their famous father Chef Jack and the legendary old chef Oslo are four Foodon-lovers who find themselves up against the evil King Gorge of Gorgetown. With their trusty Foodons and new friends such as Pie Tin at their sides, our heroes will cook and battle up a storm in hopes of bringing down King Gorge, his Glutton army, and his nefarious henchmen such as the feline chef Clawdia!",,,,"Karin Makunouchi : Megumi Nasu, Pi-Tan : Yuuko Mita, Zen Makunouchi : Chika Sakamoto, Ash : Hikaru Tokita, Chaaman : Yasunobu Iwata, Haoji : Wataru Takagi, Miamia : Tamao Hayashi, Natsume : Chisa Yokoyama, Naoto Tsushima
Original Creator, Tetsuo Yasumi
Director, Daisuke Asakura
Music, Minefumi Harada
Character Design, Tsutomu Fujita
Art Director, Eizou Kondou
Producer","Naoto Tsushima : Original Creator, Tetsuo Yasumi : Director, Daisuke Asakura : Music, Minefumi Harada : Character Design, Tsutomu Fujita : Art Director, Eizou Kondou : Producer"
Blue Remains,,Movie,,Digital Media Corporation,,"Sci Fi, Environmental, Post-apocalyptic, CG Animation, Original Work",2.74,2001.0,,"Ninety years ago, global nuclear war destroyed the Earth, leaving the seeds of hope for the future in the hands of young Amamiku. Now, in the present, Amamiku has awoken from her cryostasis into a strange underwater world. Her mission, as deemed by the holographic images of her long dead parents, is to use the seeds to revive Earth - but it won't be easy. Though a small selection of other humans are alive and willing to help her on her quest, others such as the evil floating brain creature Glyptofane want to prevent Earth's revival at all costs. The fate of the world lies in a young girl, her robotic companion, and a few brave souls; will she succeed?",,,,"Amamiku : Tomoko Kaneda, Glyptofane : Masane Tsukayama, Adenine Unum : Hiroko Suzuki, Cytosine Tria : Houchuu Ootsuka, Irigaru : Norio Wakatsuki, Maroz : Takehito Koyasu, Mayzamik : Yoshiko Sakakibara, Mireo : Kappei Yamaguchi, Hisaya Takabayashi
Director, Toshifumi Takizawa
Director, Haruhiko Mikimoto
Character Design, Tsutomu Kuno
Producer, Katsuaki Takemoto
Producer, Hidetami Kuwahara
Producer","Hisaya Takabayashi : Director, Toshifumi Takizawa : Director, Haruhiko Mikimoto : Character Design, Tsutomu Kuno : Producer, Katsuaki Takemoto : Producer, Hidetami Kuwahara : Producer"
Jigen Loop,,OVA  ,1.0,Studio 4°C,,"Sci Fi, Shorts",2.74,2001.0,,"In the streets of a city filled with power lines and abandoned buildings, an oddly-shaped being explores and meanders. Meanwhile, a young girl with a penchant for jumping travels to the surface of planets and roads with an inner tube around her waist. Experience the shadows and the whimsy of their misadventures!",,,,"Girl, Kouji Morimoto
Director",Kouji Morimoto : Director
Kinniku Banzuke: Kongou-kun no Bouken,,TV   ,,Pierrot,Summer,"Action, Sports, Family Friendly, Martial Arts, Tournaments",2.68,2001.0,,No synopsis yet - check back soon!,,,,"Noriyuki Abe
Director, Yoshiyuki Kishi
Character Design","Noriyuki Abe : Director, Yoshiyuki Kishi : Character Design"
Time Stranger Kyoko, Jikuu Ihoujin Kyoko: Chocola ni Omakase!,OVA  ,1.0,Trans Arts,,"Adventure, Comedy, Shoujo, Androids, Non-Human Protagonists, Robots",2.67,2001.0,,"Chocula is a cute chocolate-loving android who lives in a great castle with her master (or ""lover"", according to her) the King. After being stood up at a dinner date, Chocula decides to take action and leave the castle forever! Lonely and angry, she wanders the countryside until fate chances her upon Widoshiku and his group of bandits known as the Smashers. Can Chocula cast aside her past and live happily in the future with her new companions?",,Time Stranger Kyoko,,"Akira Onishi, Chocola, Kyoko Suomi, Hizuki Jin, King Suomi, Sakataki Jin, Arina Tanemura
Original Creator, Masatsugu Arakawa
Director, Koshu Inaba
Music, Hiroyoshi Iida
Character Design","Arina Tanemura : Original Creator, Masatsugu Arakawa : Director, Koshu Inaba : Music, Hiroyoshi Iida : Character Design"
Umacha,,Other,,Studio Ghibli,,"Commercials, Food and Beverage, Promotional, Short Episodes",2.63,2001.0,,Animated advertisements for Asahi Beverage Company's manufactured ice tea.,,,,,
One: Kagayaku Kisetsu e,,OVA  ,4.0,ARMS,,"Drama, Harem, Romance, School Life, Based on an Eroge, Based on a Visual Novel",2.63,2001.0,2002.0,"Orihara Kouhei returns to his hometown after a long disappearance to fullfil the promises he made to several girls in his childhood. He suffers from memory loss, and carries a tragic past.",,,,"Kouhei Orihara : Kishou Taniyama, Mizuka Nagamori : Ayako Kawasumi, Akane Satomura : Sayuri Yoshida, Mayu Shiina : Mika Kanai, Mio Kouzuki : Masumi Asano, Misaki Kawana : Machiko Toyoshima, Misao Orihara : Hisayo Mochizuki, Rumi Nanase : Haruhi Nanao, Shigenori Kageyama
Director & Screenplay & Storyboard, Torsten Rasch
Music, Jun Satou
Character Design, Saburou Oomiya
Producer, Osamu Koshinaka
Producer, Takatsugu Ooishi
Producer","Shigenori Kageyama : Director & Screenplay & Storyboard, Torsten Rasch : Music, Jun Satou : Character Design, Saburou Oomiya : Producer, Osamu Koshinaka : Producer, Takatsugu Ooishi : Producer"
Kai Doh Maru,,OVA  ,1.0,Production I.G,,"Action, Fantasy, Feudal Japan, Historical, Original Work, Violence",2.62,2001.0,,"Ever since childhood, Kintoki (commonly known as Kai Doh Maru) has lived a difficult life of bloodshed, as a woman who was raised to be like a man. With the help of her mentor and comrades, she helps defend her city from evil spirits and beings that threaten it. However, Kintoki cannot forget her past, and soon, her past will catch up to her...",Violence,,,"Raiko Minamoto, Sakamoto Kintoki, Douji Ibaragi, Fuji, Princess Ouni, Sadamitsu Usuino, Seimei Abe, Suetake Urabeno, Kanji Wakabayashi
Director, Yoshihiro Ike
Music, Shouu Tajima
Character Design, Kyouji Asano
Character Design, Katsuji Morishita
Producer","Kanji Wakabayashi : Director, Yoshihiro Ike : Music, Shouu Tajima : Character Design, Kyouji Asano : Character Design, Katsuji Morishita : Producer"
Magical Chocolate, Mahou no Chocolate,OVA  ,1.0,Ishikawa Pro,,"Comedy, Romance, Love Confession, Magic, School Life, Shorts, Valentine's Day, Original Work",2.51,2001.0,,"Valentine's Day is approaching, and young Mami-san is apprehensive. She wants to give chocolates to her crush, Ishida, but can't seem to build up the nerve to do so. Luckily for her, she might have a solution: magical chocolates, given by a witch who seems to vanish into thin air, supposedly will grant the holder the love they desire! But will it work for Ishida?",,,,"Mami : Kaori Takemoto, Ishida, Koko : Riko Hirai, Kazuki, Mami'S Father, Mami'S Mother, Naoya Ishikawa
Director",Naoya Ishikawa : Director
[email protected],,OVA  ,3.0,,,"Horror, Sci Fi, Androids, Post-apocalyptic, Robots, CG Animation, Explicit Sex",2.49,2001.0,,"In a distant future, mankind has been wiped out and only its robot creations are left to roam the earth. Amongst the cleaners, plumbers and maintenance droids lives a group of Dolls whose soul purpose was to sexually entertain their clients. With no more patrons, Malice spends her days singing and walking the empty streets, dreaming of the days when she had a purpose. Now all she can give is a simple kiss – something that causes an ancient being to awaken and grant the android a real human body. Shunned by her former robot companions, can Malice find true happiness in her new form?",Explicit Sex,,,"Malice Doll : Yukie Yamada, Amanda Doll : Yoko Soumi, Doris Doll : Rio Natsuki, Elza Doll : Ryouka Yuzuki, Heather Doll : Ryouka Shima, Joe Administrator : Daiki Nakamura, Misty Doll : Annette Edwards, Freddy Licker : Takashi Kondou, Chiaki J. Konaka
Original Concept & Screenplay, Keitarou Motonaga
Director, Shinobu Nishioka
Character Design","Chiaki J. Konaka : Original Concept & Screenplay, Keitarou Motonaga : Director, Shinobu Nishioka : Character Design"
Afro-ken,,OVA  ,1.0,Sunrise,,"Animal Protagonists, Dogs, Family Friendly, Non-Human Protagonists, San-X Characters, Shorts",2.49,2001.0,,"It’s a bird! It’s a plane! It’s Afro-ken! He can blend into a flock of sheep, be a makeshift tree in an orchard, act as a stunt double for beer foam, and even replace the clouds in the sky; all without ever saying a word! Watch Afro-ken as he skips through the streets of Japan, bounds through fields of cotton candy, and fends off caveman attackers in ancient times; all without breaking a sweat! But can he manage to avoid being struck by lightning yet again?",,,,"Afro-Ken, Takashi Imanishi
Director, Two Ball Loo
Music","Takashi Imanishi : Director, Two Ball Loo : Music"
Six Angels,,Web  ,6.0,Arcturus,Summer,"Action, Post-apocalyptic, Original Work",2.46,2001.0,2002.0,"In a post-apocalyptic future where the threat of nuclear war is evident and the death penalty has been revoked, five women named Maki, Naomi, Doris, Marilyn and Katherine make up the Guard of Rose, an organization responsible for protecting women against men. Humanity now faces a new threat: Donn Canyon, a man hell-bent on purifiying the world by whatever means necessary, and only the Guard of Rose can stop him! With interfering angels, nuclear missiles pointed across the globe, and Soviet intervention, can the girls stop the countdown to destruction before it's too late?",,,,"Katherine Hook : Yuri Shiratori, Maki Aoba : Fumiko Orikasa, Donn Canyon : Takeshi Watabe, Doris Nicholas : Akemi Okamura, Marilyn Moreau : Mayumi Asano, Naomi Jones : Michiko Neya, Yasushi Akimoto
Original Concept, Makoto Kobayashi
Director, Masamichi Amano
Music, Hiromi Katou
Character Design, Hiromi Chiba
Producer","Yasushi Akimoto : Original Concept, Makoto Kobayashi : Director, Masamichi Amano : Music, Hiromi Katou : Character Design, Hiromi Chiba : Producer"
Kanzen Shouri Daiteioh,,OVA  ,1.0,Sunrise,,"Action, Mecha, Shorts, Transforming Mecha",2.44,2001.0,,"When an alien force attacks Earth, a giant sword falls onto the campus of Paradise Elementary School, transforming it into a flying vessel. The fate of the planet lies with one group of kids who must pilot powerful mecha to stop the invaders, before it's too late!",,,"Zettai Muteki Raijin Oh, Genki Bakuhatsu Ganbaruger, Nekketsu Saikyou Gozaurer","Eldran, Koutarou Kirigakure, Rikiya Ryuzaki, Takeda, Yousuke Kazamatsuri, Akira Yoshimura
Director, Takamitsu Kondou
Character Design, Shigemi Ikeda
Art Director, Tsutomu Fujita
Art Director, Chieo Ohashi
Producer, Koutaro Nakayama
Producer, Gorou Taniguchi
Storyboard","Akira Yoshimura : Director, Takamitsu Kondou : Character Design, Shigemi Ikeda : Art Director, Tsutomu Fujita : Art Director, Chieo Ohashi : Producer, Koutaro Nakayama : Producer, Gorou Taniguchi : Storyboard"
RUN=DIM,,TV   ,13.0,Idea Factory,Spring,"Action, Mecha, Sci Fi, Post-apocalyptic, CG Animation, Original Work",2.44,2001.0,,"In the near future, global warming has taken its toll, destroying most cities and leaving the majority of the world underwater. In what once was Japan, a government-spawned organization called JESAS has taken control of not only waste management and resources, but also protecting the country from others with the use of pilot-controlled Robotic Weaponry. These outstanding young people have an exceptional sixth sense called AI, and might just be the last chance the Earth has to survive...",,,,"Atsushi Nojima : Shinji Kawada, Taisuke Katou
Director, Kuniaki Haishima
Music, Hiromi Furuhara
Character Design, Sayuri Suzuki
Character Design, Makiko Iwata
Producer, Sadao Nakamura
Producer","Taisuke Katou : Director, Kuniaki Haishima : Music, Hiromi Furuhara : Character Design, Sayuri Suzuki : Character Design, Makiko Iwata : Producer, Sadao Nakamura : Producer"
Kaijuu no Ballad,,Music,,,,"Fantasy, Stop Motion Animation",2.38,2001.0,,"Against the backdrop of a desolate, arid desert, many winged, horned and majestic monsters awaken and greet each other in passing.",,,,"Shoji Taniguchi
Director",Shoji Taniguchi : Director
Blue Room, Aoi Heya,Movie,,,,"Shorts, Original Work",2.33,2001.0,,No synopsis yet - check back soon!,,,,"Kazuhiro Hocchi
Director",Kazuhiro Hocchi : Director
Nobukazu Takemura: Sign, Sign,Music,,,,,2.26,2001.0,,No synopsis yet - check back soon!,,,,"Nobukazu Takemura
Music",Nobukazu Takemura : Music
Mahou no Hiroba,,Music,,,,Stop Motion Animation,1.82,2001.0,,No synopsis yet - check back soon!,,,,Boy,
Little Women Recaps, Ai no Wakakusa Monogatari Recaps,TV Sp,,Nippon Animation,,"Drama, Historical, Recap",,2001.0,,No synopsis yet - check back soon!,,,Little Women,,
Ramen Chai Nyan,,Movie,,,,"Action, Comedy, Mecha, Food and Beverage, Restaurants, Shorts",,2001.0,,No synopsis yet - check back soon!,,,,"Naoya Ishikawa
Director, Shunsuke Morita
Music","Naoya Ishikawa : Director, Shunsuke Morita : Music"
Bip to Bap, The Adventures of Bip & Bap,TV   ,,,,"Adventure, Detectives, Family Friendly, Police, Short Episodes",,2001.0,2005.0,No synopsis yet - check back soon!,,,,"Bap, Bip, Anpan",
Buonomo no Bustaman,,Movie,,,,"Food Protagonists, Non-Human Protagonists, Shorts, Stop Motion Animation",,2001.0,,No synopsis yet - check back soon!,,,"Buonomo TV, Buonomo","Mai Tominaga
Director",Mai Tominaga : Director
McDull: Gushi, My Life as McDull,Movie,,,,"Animal Protagonists, Anthropomorphic, Chinese Animation, Family Friendly, Non-Human Protagonists, Pigs",,2001.0,,"McDull is not the brightest kid on the block, but he continually tries to do his best and please his mother. Although it seems that he may not be destined for great things in life as his mother wishes, McDull never gives up. The story focuses on several tales about McDull and his childhood. This is told as a narrative reflection of a now adult McDull. These tales muddle up in imaginative uses of Cantonese and heaps of local Hong Kong culture. From tales about a turkey dinner to dreams of following in Lee Lai-shan's footsteps, McDull faces ebbs and flows with his demanding but devoted mother.",,,"McDull: Kuaile Di Tan, McDull: Boluo You Wang Zi, McDull: Chuntian Huahua Zhonghua Bowuguan, McDull: Niu Hua Chen","Mcbing, Mcdull",
Xiaohu Huan Xiang,,TV   ,78.0,,,"Chinese Animation, Family Friendly",,2001.0,,No synopsis yet - check back soon!,,,,,
Genkichi Jiisan to Kogitsune,,OVA  ,1.0,,,Family Friendly,,2001.0,,No synopsis yet - check back soon!,,,,,
Nyani ga Nyandaa Nyandaa Kamen no Yuukai Boushi: Miiko-chan Chanto Check!!,,OVA  ,1.0,,,"Animal Protagonists, Anthropomorphic, Educational, Family Friendly, Non-Human Protagonists",,2001.0,,No synopsis yet - check back soon!,,,"Nyani ga Nyandaa Nyandaa Kamen, Nyani ga Nyandaa Nyandaa Kamen no Koutsuu Anzen",,
Nyani ga Nyandaa Nyandaa Kamen no Koutsuu Anzen,,OVA  ,1.0,,,"Animal Protagonists, Anthropomorphic, Educational, Family Friendly, Non-Human Protagonists",,2001.0,,No synopsis yet - check back soon!,,,"Nyani ga Nyandaa Nyandaa Kamen, Nyani ga Nyandaa Nyandaa Kamen no Yuukai Boushi: Miiko-chan Chanto Check!!",,
Perrine Monogatari Specials,,TV Sp,,Nippon Animation,,"Drama, 19th Century, Countryside, Europe, Historical, Recap, Based on a Novel",,2001.0,,No synopsis yet - check back soon!,,,Perrine Monogatari,"Hiroyuki Hayase
Sound Director",Hiroyuki Hayase : Sound Director
Santa-san wa Ooisogashi,,OVA  ,1.0,,,"Christmas, Family Friendly, Based on a Picture Book",,2001.0,,No synopsis yet - check back soon!,,,,,
Mamimume Mogacho,,TV   ,13.0,Summer 2001,,"Adventure, Animal Protagonists, Cats, Family Friendly, Non-Human Protagonists, CG Animation",,2001.0,,No synopsis yet - check back soon!,,,,"Yoshiteru Satou
Director",Yoshiteru Satou : Director
Kyoro-chan no Koutsuu Anzen,,OVA  ,1.0,,,"Animal Protagonists, Anthropomorphic, Birds, Educational, Family Friendly, Non-Human Protagonists",,2001.0,,No synopsis yet - check back soon!,,,Kyoro-chan,Kyoro-Chan,
The Siamese: First Mission,,Movie,,Buyuu,,"Action, Terrorism",,2001.0,,"June & Naomi are a pair of two attractive women who both work as radio station DJs by day, but when night falls they are elite counter-terrorism agents under the code name The Siamese Cats.",,,,"Jun : Megumi Hayashibara, Naomi : Mami Koyama, Ippe : Toshiyuki Morikawa, Kaneko : Ken Shiroyama, Kaoru : Bin Shimada, Kuritaguchi : Nobuo Tobita, Miyuki : Nao Kisugi, Shiro : Kenyuu Horiuchi, Masahiro Hosoda
Director & Storyboard, Fujimaru Yoshino
Music, Michi Himeno
Character Design, Shingo Araki
Character Design","Masahiro Hosoda : Director & Storyboard, Fujimaru Yoshino : Music, Michi Himeno : Character Design, Shingo Araki : Character Design"
Wo Wei Ge Kuang,"Alt titles: Crazy for the Song, Music Up",TV   ,26.0,Shanghai Animation Film Studio,,"Chinese Animation, Music, Rock Music, Original Work",,2001.0,,No synopsis yet - check back soon!,,,Wo Wei Ge Kuang 2,,
Rubi Yoyo 2,,TV   ,52.0,,,"Chinese Animation, Family Friendly, Short Episodes",,2001.0,,The second season of Rubi Yoyo.,,,"Rubi Yoyo, Rubi Yoyo 3",,
Taeng-gu & Ulasyong,,TV   ,26.0,,,"Action, Comedy, Mecha, Korean Animation",,2001.0,,No synopsis yet - check back soon!,,,,,
Arjuna: Before Birth, Chikyuu Shoujo Arjuna: Umareru Mae Kara,DVD S,,SATELIGHT,,"Fantasy, Contemporary Fantasy, Environmental, Superpowers, Urban Fantasy, Original Work",,2001.0,,Unaired episode included in the 4th BD/DVD volume release of Arjuna.,,,Arjuna,,
Urarochi Diamond,,OVA  ,1.0,Studio 4°C,,Adventure,,2001.0,,No synopsis yet - check back soon!,,,,"Kouji Morimoto
Director",Kouji Morimoto : Director
A Memory, Omohide,Movie,,,,"No Dialogue, Non-Human Protagonists, Robots, Shorts, Stop Motion Animation",,2001.0,,No synopsis yet - check back soon!,,,,"Tomoyasu Murata
Director",Tomoyasu Murata : Director
Narara Superboard (2001), The Flying Superboard (2001),TV   ,13.0,,,"Action, Adventure, Comedy, Korean Animation",,2001.0,2002.0,No synopsis yet - check back soon!,,,"Narara Superboard, Narara Superboard (1998)",,
Little Women II: Jo's Boys Specials, Wakakusa Monogatari: Nan to Jou Sensei Specials,TV Sp,,Nippon Animation,,"Drama, 19th Century, Countryside, Europe, Historical, Teaching, World Masterpiece Theater, Based on a Novel",,2001.0,,No synopsis yet - check back soon!,,,Little Women II: Jo's Boys,"Josephine March, Nan Harding",
Meiken Lassie Specials, Famous Dog Lassie Specials,TV Sp,,Nippon Animation,,"19th Century, Countryside, Dogs, Historical, Pets, World Masterpiece Theater, Based on a Novel",,2001.0,,No synopsis yet - check back soon!,,,"Meiken Lassie, Meiken Lassie: Yume ni Mukatte Hashire!","John, Lassie",
"Yume, Soratakaku",,OVA  ,1.0,,,"Educational, Family Friendly",,2001.0,,No synopsis yet - check back soon!,,,,,
Xiao Heshang,,TV   ,52.0,Shanghai Animation Film Studio,,"Comedy, Chinese Animation, Short Episodes",,2001.0,,No synopsis yet - check back soon!,,,,,
Kin no Makiba,,Movie,,,,"Fantasy, Animal Protagonists, Non-Human Protagonists, Pigs, Shorts",,2001.0,,No synopsis yet - check back soon!,,,Kin no Makiba (2003),"Osamu Sakai
Director",Osamu Sakai : Director
