Name,Japanese_name,Type,Episodes,Studio,Release_season,Tags,Rating,Release_year,End_year,Description,Content_Warning,Related_Mange,Related_anime,Voice_actors,staff
Hunter x Hunter OVA,,OVA  ,8.0,Nippon Animation,,"Action, Adventure, Shounen, Martial Arts, Superpowers, Based on a Manga, Violence",4.2,2002.0,,"""The time for the secret Yorkshire auction is near, and Kurapika's plans of revenge are at hand. By night, Gon, Killua, and Leorio must fight alongside him to protect the auction pieces and defeat the Spiders. By day, Gon and Killua must raise money for their ultra rare copy of Greed Island, a game designed only for hunters. Will conflicting motives ruin their chances to protect the auction?""",Violence,"Hunter x Hunter, Hunter x Hunter: Kurapika Tsuioku-hen","Hunter x Hunter: Jump Super Anime Tour 1998, Hunter x Hunter, Hunter x Hunter OVA 2: Greed Island, Hunter x Hunter OVA 3: Greed Island Final, Hunter x Hunter (2011), Hunter x Hunter: Phantom Rouge, Hunter x Hunter: The Last Mission","Gon Freecss : Junko Takeuchi, Hisoka Morow : Hiroki Takahashi, Killua Zoldyck : Kanako Mitsuhashi, Kurapika : Yuki Kaida, Leorio Paladiknight : Hozumi Gouda, Chrollo Lucilfer : Yoshikazu Nagano, Nobunaga Hazama : Takashi Matsuyama, Pakunoda : Yoshiko Iseki, Yoshihiro Togashi
Original Creator, Satoshi Saga
Director, Nobuaki Kishima
Screenplay & Series Composition, Toshihiko Sahashi
Music, Shinobu Tagashira
Character Design, Takayuki Gotou
Character Design, Masahiro Hosoda
Episode Director","Yoshihiro Togashi : Original Creator, Satoshi Saga : Director, Nobuaki Kishima : Screenplay & Series Composition, Toshihiko Sahashi : Music, Shinobu Tagashira : Character Design, Takayuki Gotou : Character Design, Masahiro Hosoda : Episode Director"
Detective Conan Movie 6: The Phantom of Baker Street, Meitantei Conan Movie 6: Baker Street no Bourei,Movie,,TMS Entertainment,,"Mystery, Shounen, Age Transformation, Detectives, England, Europe, Sherlock Holmes, Virtual Reality, Based on a Manga",4.19,2002.0,,"'Virtual reality is no longer a thing of the past, and Conan and the gang have been chosen to be part of a special test group. However, as always, the fun is shattered by nothing less than a murder in the main computer room! In order to discover the identity of the murderer, Conan and friends must complete a virtual reality game set in 17th century London; but as they enter the game, an artificial intelligence known as Noah’s Ark takes control of the system. Now, the lives of the entire test group, as well as Conan’s friends, are in his hands. Can he discover the murderer’s identity and save the day?'",,"Magic Kaitou, Case Closed, Detective Conan: Tokubetsu-hen, Detective Conan: Zero's Tea Time","Detective Conan, Detective Conan Movie 1: The Time Bombed Skyscraper, Detective Conan Movie 2: The Fourteenth Target, Detective Conan Movie 3: The Last Magician of the Century, Detective Conan Movie 4: Captured In her Eyes, Detective Conan Movie 5: Countdown to Heaven, Detective Conan Movie 7: Crossroad in the Ancient Capital, Detective Conan Movie 8: Magician of the Silver Sky, Detective Conan Movie 9: Strategy Above the Depths, Detective Conan Movie 10: The Private Eyes' Requiem, Detective Conan Movie 11: Jolly Roger in the Deep Azure, Detective Conan Movie 12: Full Score of Fear, Detective Conan Movie 13: The Raven Chaser, Detective Conan Movie 14: The Lost Ship in the Sky, Detective Conan Movie 15: Quarter of Silence, Detective Conan Movie 16: The Eleventh Striker, Detective Conan Movie 17: Zekkai no Private Eye, Detective Conan Movie 18: The Sniper From Another Dimension, Detective Conan Movie 19: The Hellfire Sunflowers, Detective Conan Movie 20: The Darkest Nightmare, Detective Conan Movie 21: Kara Kurenai no Love Letter, Detective Conan Movie 22: Zero The Enforcer, Detective Conan Movie 23: The Fist of Blue Sapphire, Detective Conan Movie 24: The Scarlet Bullet","Conan Edogawa : Minami Takayama, Ran Mori : Wakana Yamazaki, Ai Haibara : Megumi Hayashibara, Ayumi Yoshida : Yukiko Iwai, Genta Kojima : Wataru Takagi, Hiroki Sawada : Ai Orikasa, Hiroshi Agasa : Kenichi Ogata, Juzo Megure : Chafurin, Gosho Aoyama
Original Creator, Kenji Kodama
Director & Storyboard, Junichi Iioka
Series Composition, Katsuo Ono
Music, Masatomo Sudou
Character Design & Chief Animation Director, Takashi Nomura
Photography Director, Yukihiro Shibutani
Art Director, Kayoko Nishi
Color Design","Gosho Aoyama : Original Creator, Kenji Kodama : Director & Storyboard, Junichi Iioka : Series Composition, Katsuo Ono : Music, Masatomo Sudou : Character Design & Chief Animation Director, Takashi Nomura : Photography Director, Yukihiro Shibutani : Art Director, Kayoko Nishi : Color Design"
Ghost in the Shell: Stand Alone Complex, Koukaku Kidoutai: Stand Alone Complex,TV   ,26.0,Production I.G,Fall ,"Sci Fi, Cyberpunk, Cyborgs, Hacking, Noir, Based on a Manga",4.17,2002.0,2003.0,"'It is the year 2029, and as many rush to embrace the changes that cybernetic technology bring to mankind, the seedier side of humanity is even quicker to take advantage of it. This series follows Public Peace Section 9, a government organization that plays behind the scenes to stop the worst of these criminals. Join Major Motoko Kusanagi and her team as they take you through an incredibly vivid world filled with plots of such depth and intrigue as is seldom seen.'",,"Ghost in the Shell, Ghost in the Shell 1.5: Human-Error Processor, Ghost in the Shell 2: Man-Machine Interface, Ghost in the Shell: Stand Alone Complex (Light Novel), Ghost in the Shell: Stand Alone Complex, Ghost in the Shell Arise: Sleepless Eye, Ghost in the Shell: Stand Alone Complex - The Laughing Man","Ghost in the Shell, Ghost in the Shell: Stand Alone Complex - Tachikoma Days, Ghost in the Shell: Stand Alone Complex 2nd Gig, Ghost in the Shell 2: Innocence, Ghost in the Shell: Stand Alone Complex 2nd Gig - Tachikoma Days, Ghost in the Shell: Stand Alone Complex - The Laughing Man - Tachikoma Days, Ghost in the Shell: Stand Alone Complex - The Laughing Man, Ghost in the Shell: Stand Alone Complex - Individual Eleven, Ghost in the Shell: Stand Alone Complex - Individual Eleven - Tachikoma Days, Ghost in the Shell: Stand Alone Complex - Solid State Society, Ghost in the Shell: Stand Alone Complex - Tachikoma Days (2007), Ghost in the Shell: Uchikomatic Days, Ghost in the Shell 2.0, Ghost in the Shell: Arise, Ghost in the Shell: Arise - Another Mission, Ghost in the Shell: Arise - Logicoma Specials, Ghost in the Shell: Nyuumon Arise, Ghost in the Shell: Arise border:less project - WORKING HIGH, Ghost in the Shell: Arise - Alternative Architecture, Ghost in the Shell: The New Movie, Ghost in the Shell: Ghost Chaser, Ghost in the Shell: SAC_2045","Batou : Akio Ootsuka, Motoko Kusanagi : Atsuko Tanaka, Togusa : Kouichi Yamadera, Borma : Tarou Yamaguchi, Daisuke Aramaki : Osamu Saka, Ishikawa : Yutaka Nakano, Pazu : Takashi Onozuka, Saito : Tooru Ookawa, Masamune Shirow
Original Creator, Kenji Kamiyama
Director, Youko Kanno
Music, Hajime Shimomura
Character Design, Makoto Shimomura
Character Design, Eiji Inomoto
Cg Director, Atsushi Sugita
Producer, Yuuichirou Matsuya
Producer","Masamune Shirow : Original Creator, Kenji Kamiyama : Director, Youko Kanno : Music, Hajime Shimomura : Character Design, Makoto Shimomura : Character Design, Eiji Inomoto : Cg Director, Atsushi Sugita : Producer, Yuuichirou Matsuya : Producer"
Saint Seiya: The Hades Chapter - Sanctuary, Saint Seiya - Meiou Hades Juuni Kyuu Hen,OVA  ,13.0,Toei Animation,,"Action, Fantasy, Sci Fi, Shounen, Hand to Hand Combat, Power Suits, Superpowers, Violence",4.06,2002.0,2003.0,"'The time has come for Hades and his 108 Spectres to awaken. For after 243 years, he is on a mission to start a Holy War and take Athena’s head, using fallen Gold Saints to do his bidding. It’s up to Seiya and the others to keep Athena safe, but the remaining Gold Saints at the Holy Sanctuary are less than excited about their interference. Can Seiya and the Bronze Saints save the day once more?'",Violence,"Knights of the Zodiac, Saint Seiya: Episode G, Saint Seiya: The Lost Canvas, Saint Seiya: Next Dimension, Saint Seiya: The Lost Canvas - Meiou Shinwa Gaiden, Saint Seiya: Saintia Shou, Saint Seiya: Origin","Saint Seiya: Knights of the Zodiac, Saint Seiya Movie 4: Warriors of the Final Holy Battle, Saint Seiya: The Hades Chapter - Sanctuary: Yomigaerishi Gold Saint-tachi no Shinwa, Saint Seiya Movie 5: The Heaven Chapter - Overture, Saint Seiya: The Hades Chapter - Inferno, Saint Seiya: The Hades Chapter - Elysion, Saint Seiya: The Lost Canvas - Meiou Shinwa, Saint Seiya: The Lost Canvas - Meiou Shinwa 2nd Chapter, Saint Seiya Omega","Andromeda Shun : Ryou Horikawa, Aries Mu : Takumi Yamazaki, Cygnus Hyoga : Kouichi Hashimoto, Dragon Shiryu : Hirotaka Suzuoki, Pegasus Seiya : Tooru Furuya, Aquarius Camus : Nobutoshi Canna, Aries Shion : Nobuo Tobita, Capricorn Shura : Takeshi Kusao, Shigeyasu Yamauchi
Director, Seiji Yokoyama
Music, Michi Himeno
Character Design, Shingo Araki
Character Design, Masahiro Hosoda
Episode Director","Shigeyasu Yamauchi : Director, Seiji Yokoyama : Music, Michi Himeno : Character Design, Shingo Araki : Character Design, Masahiro Hosoda : Episode Director"
Naruto,,TV   ,220.0,Pierrot,Fall ,"Action, Drama, Shounen, Japanese Mythology, Ninja, Revenge, Rivalries, Based on a Manga",4.05,2002.0,2007.0,"""Naruto Uzumaki is a young ninja who bears a great power hidden inside him, a power that has isolated him from the rest of his village. As such, his only dream is to become the Hokage - the most powerful ninja, and leader of the village; but first he needs to graduate! With his inability to perform even the most basic ninja techniques, it seems that all Naruto has going for him is his determination to succeed no matter what. Teamed up with the genius Sasuke, book-smart Sakura, and their team leader Kakashi, Naruto embarks on his quest to become the Hokage. But with outside forces posing a threat to the entire Hidden Leaf village, Naruto discovers that he must become much stronger if he ever wants to realize his dream and protect the friendships he's forged.""",,"Naruto (Pilot), Naruto, Naruto: Innocent Heart, Demonic Blood (Light Novel), Jump Super Stars, Naruto Movie: Legend of the Stone of Gelel (Light Novel), Rock Lee's Springtime of Youth, Naruto Shippuden Movie 5: Blood Prison (Light Novel), Road to Ninja: Naruto the Movie (Light Novel), Naruto Jinraiden: Okami no Naku Hi (Light Novel), Naruto: Mission - Protect the Waterfall Village! (Light Novel), Naruto Secret Chronicles (Light Novel), Naruto True Story (Light Novel), Naruto: Shikamaru’s Story - Mourning Clouds (Light Novel)","Naruto Special 1: Find the Crimson Four-leaf Clover!, Naruto Special 2: Battle at Hidden Falls. I am the Hero!, Naruto Movie 1: Ninja Clash in the Land of Snow, Naruto: Hidden Leaf Village Grand Sports Festival!, Naruto Movie 2: Legend of the Stone of Gelel, Naruto: Narutimate Hero 3 OVA, Naruto Movie 3: Guardians of the Crescent Moon Kingdom, Naruto Shippuden, Naruto: The Cross Roads, Naruto: Naruto to Mashin to Mitsu no Onegai Dattebayo!!","Kakashi Hatake : Kazuhiko Inoue, Naruto Uzumaki : Junko Takeuchi, Sakura Haruno : Chie Nakamura, Sasuke Uchiha : Noriaki Sugiyama, Asuma Sarutobi : Juurouta Kosugi, Choji Akimichi : Kentarou Itou, Gaara : Akira Ishida, Hinata Hyuga : Nana Mizuki, Masashi Kishimoto
Original Creator, Hayato Date
Director, Toshio Masuda
Music, Tetsuya Nishio
Character Design, Hirofumi Suzuki
Character Design, Hiroshi Hagino
Producer, Noriko Kobayashi
Producer, Tomoko Gushima
Producer","Masashi Kishimoto : Original Creator, Hayato Date : Director, Toshio Masuda : Music, Tetsuya Nishio : Character Design, Hirofumi Suzuki : Character Design, Hiroshi Hagino : Producer, Noriko Kobayashi : Producer, Tomoko Gushima : Producer"
The Cat Returns, Neko no Ongaeshi,Movie,,Studio Ghibli,,"Fantasy, Animal Protagonists, Animal Transformation, Anthropomorphic, Cats, Contemporary Fantasy, Family Friendly, Non-Human Protagonists, Based on a Manga",4.02,2002.0,,"'One afternoon on her way home from school, Haru saves a cat from getting run over by a truck and promptly gets the shock of her life when it stands on its hind legs to thank her. That night, she is greeted by a parade of felines who inform Haru that her earlier heroics saved the prince of the Cat Kingdom. Haru suddenly finds herself inundated with gifts of mice and catnip as means of thanks, culminating in the announcement that she will be taken to their kingdom to marry the prince. With no desire to marry Prince Lune, Haru turns to The Baron and Muta from the Cat Bureau for help, but unable to stop them, Haru is swept away by a horde of cats. Can Haru prevent this marriage of inconvenience and return home before she becomes a cat herself?'",,"Mimi wo Sumaseba, Mimi wo Sumaseba: Shiawase na Jikan, Baron: The Cat Returns",Whisper of the Heart,"Baron Humbert Von Gikkingen : Yoshihiko Hakamada, Haru Yoshioka : Chizuru Ikewaki, Muta : Tetsu Watanabe, Natori : Kenta Satoi, Natoru : Mari Hamada, Prince Lune : Takayuki Yamada, The Cat King : Tetsurou Tanba, Yuki : Aki Maeda, Aoi Hiiragi
Original Creator, Hiroyuki Morita
Director, Yuuji Nomi
Music, Satoko Morikawa
Character Design, Kentarou Takahashi
Photography Director, Nobuyuki Takeuchi
Key Animator","Aoi Hiiragi : Original Creator, Hiroyuki Morita : Director, Yuuji Nomi : Music, Satoko Morikawa : Character Design, Kentarou Takahashi : Photography Director, Nobuyuki Takeuchi : Key Animator"
Full Metal Panic!,,TV   ,24.0,GONZO,Winter,"Action, Comedy, Mecha, Sci Fi, Shounen, Military, Tsundere, Based on a Light Novel, Violence",3.98,2002.0,,"""Gonzo does it again with this action-packed mecha comedy. She's an ordinary high school girl. He's a counterterror agent assigned to protect her from those who would steal the information locked in her mind. OK, so she's not so normal after all. Armored Slave battles and lovers' spats abound as Sousuke and his comrades try to track down the mysterious Gauln before it's too late.""",Violence,"Full Metal Panic! Short Stories (Light Novel), Full Metal Panic! (Light Novel), Full Metal Panic!, Full Metal Panic! Overload, Full Metal Panic! Side Arms (Light Novel), Full Metal Panic! Surplus, Full Metal Panic! Comic Mission, Full Metal Panic! Sigma, Full Metal Panic! Another, Full Metal Panic! Another (Light Novel), Full Metal Panic! 0, Full Metal Panic! Another Σ","Full Metal Panic? Fumoffu, Full Metal Panic! The Second Raid: Episode 00, Full Metal Panic! The Second Raid, Full Metal Panic! The Second Raid: A Relatively Leisurely Day in the Life of a Fleet Captain, Full Metal Panic! Invisible Victory","Kaname Chidori : Satsuki Yukino, Sousuke Sagara : Tomokazu Seki, Teletha Testarossa : Yukana, Eri Kagurazaka : Rio Natsuki, Gauron : Masahiko Tanaka, Kurz Weber : Shinichirou Miki, Melissa Mao : Michiko Neya, Shinji Kazama : Mamiko Noto, Kouichi Chigira
Director, Toshihiko Sahashi
Music, Osamu Horiuchi
Character Design, Koujirou Hayashi
Photography Director, Tsuneo Takechi
Producer, Masafumi Fukui
Producer, Tomoko Suzuki
Producer, Kengo Shigemura
Editor","Kouichi Chigira : Director, Toshihiko Sahashi : Music, Osamu Horiuchi : Character Design, Koujirou Hayashi : Photography Director, Tsuneo Takechi : Producer, Masafumi Fukui : Producer, Tomoko Suzuki : Producer, Kengo Shigemura : Editor"
Haré+Guu DELUXE, Jungle Wa Itsumo Hale Nochi Guu Deluxe,OVA  ,6.0,Shin-Ei Animation,,"Comedy, Shounen, Slice of Life, Forest, Gag, Jungle, Overpowered Main Characters, Parody, Based on a Manga",3.98,2002.0,2003.0,"'After the events in the city, Hale and family come back to the Jungle. But it is never calm for Hale as he first must deal with an unstable substitute teacher, then with some big news: Weda is pregnant. The answer to how and who will change his family forever. Poor Hale, now has to deal with a father in addition to his drunk mother and Guu, and soon a sibling too.'",,"Haré+Guu, HareGuu","Haré+Guu, Haré+Guu FINAL","Guu : Naoko Watanabe, Haré : Rikako Aikawa, Asio : Ryotaro Okiayu, Bell : Mari Yokoo, Clive : Mitsuaki Madono, Mari : Yuki Matsuoka, Robert : Showtaro Morikubo, Weda : Kaoru Morota, Renjuro Kindaichi
Original Creator, Tsutomu Mizushima
Director, Akifumi Tada
Music","Renjuro Kindaichi : Original Creator, Tsutomu Mizushima : Director, Akifumi Tada : Music"
Azumanga Daioh,,TV   ,26.0,J.C.Staff,Spring,"Comedy, Shounen, Slice of Life, Episodic, Gag, Iyashikei, School Life, Based on a 4-Koma Manga, Based on a Manga",3.94,2002.0,,"""Ten-year-old genius Chiyo, animal-loving Sakaki, loudmouth Tomo, athletic Kagura, weight-conscious Yomi and dim-witted Osaka are six friends who share laughs, good times, and a high school homeroom. With scary (and sometimes perverted) teachers, school festivals, penguin suits and general hilarity abounding, you can be sure that there's never a dull day in the life of one of these students!""",,"Azumanga Daioh, Azumanga Daioh: Hoshuuhen, Osaka Banpaku","Azumanga Web Daioh, Azumanga Daioh: The Very Short Movie","Ayumu Kasuga : Yuki Matsuoka, Chiyo Mihama : Tomoko Kaneda, Kagura : Houko Kuwashima, Koyomi Mizuhara : Rie Tanaka, Sakaki : Yuu Asakawa, Tomo Takino : Chieko Higuchi, Kimura : Kouji Ishii, Minamo Kurosawa : Aya Hisakawa, Kiyohiko Azuma
Original Creator, Hiroshi Nishikiori
Director, Masaki Kurihara
Music, Yasuhisa Katou
Character Design, Shinichi Ikeda
Producer, Yuuji Matsukura
Producer, Nobuhiro Oosawa
Producer, Jun Fukuta
Storyboard","Kiyohiko Azuma : Original Creator, Hiroshi Nishikiori : Director, Masaki Kurihara : Music, Yasuhisa Katou : Character Design, Shinichi Ikeda : Producer, Yuuji Matsukura : Producer, Nobuhiro Oosawa : Producer, Jun Fukuta : Storyboard"
Mobile Suit Gundam SEED, Kidou Senshi Gundam SEED,TV   ,50.0,Sunrise,Fall ,"Action, Drama, Mecha, Sci Fi, Outer Space, Real Robot, Rivalries, War, Original Work, Sexual Content",3.93,2002.0,2003.0,"""The universe of the future is divided between the Earth Alliance and ZAFT. After a year of war, ZAFT attacks the neutral colony Heliopolis to steal five prototype mobile suits. The mission is a success, but a young man named Kira stumbles upon the fifth Gundam, and he may be the Alliance's only hope...""",Sexual Content,"Mobile Suit Gundam: Awakening, Escalation, Confrontation (Light Novel), Mobile Suit Gundam ZZ, Mobile Suit Gundam: The Revival of Zeon, Mobile Suit Gundam: New Revival of Zeon, Mobile Suit Gundam: Hathaway's Flash (Light Novel), Mobile Suit Gundam F90, Mobile Suit Gundam 0079, Mobile Suit Crossbone Gundam, Mobile Fighter G Gundam, Record of MS War: Mobile Suit Gundam Abridged, Mobile Suit Gundam Wing, Mobile Suit Gundam Side Story: The Blue Destiny, Mobile Suit Gundam: Silhouette Formula 91, Mobile Suit Gundam Wing: Episode Zero, Mobile Suit Gundam Wing: Battlefield of Pacifists, Mobile Suit Gundam: The Last Outpost, Mobile Suit Gundam Wing: Ground Zero, Mobile Suit Gundam Wing: Endless Waltz, Mobile Suit Gundam Wing: Blind Target, Mobile Suit Gundam: Ecole du Ciel, Mobile Suit Gundam Developers: Before the One Year War, Mobile Suit Gundam: The Origin, Mobile Suit Gundam: Char's Deleted Affair ~ Portrait of Young Comet, Mobile Suit Gundam SEED Astray, Mobile Suit Gundam: Lost War Chronicles, Mobile Suit Gundam SEED Astray R, Mobile Suit Gundam SEED, Nightmare of Solomon, Mobile Suit Gundam Seed (Light Novel), Mobile Suit Gundam: The Anthology, Mobile Suit Gundam SEED X Astray, Mobile New Century Gundam X: Under the Moonlight, Mobile Suit Gundam SEED Destiny Astray, Mobile Suit Gundam SEED Destiny, Mobile Suit Gundam SEED C.E. 73 Delta Astray, Mobile Suit Zeta Gundam 1/2, Mobile Suit Gundam Climax U.C., Mobile Suit Gundam SEED Frame Astrays, Mobile Suit Gundam: The Gihren Assassination Plot, Mobile Suit Gundam 00, Mobile Suit Gundam 00 in those days, Mobile Suit Gundam 00F, Mobile Suit Gundam 00 2nd Season, Mobile Suit Gundam 001, Mobile Suit Gundam Unicorn: Bande Dessinee, Mobile Suit Gundam: Char's Counterattack - Beyond the Time, Mobile Suit Gundam Wing: Glory of the Losers, Mobile Suit Gundam AGE, Mobile Suit Gundam: MSV-R - Fabulous Shin Matsunaga, Mobile Suit Gundam: Hunter of Black Clothes, Mobile Suit Moon Gundam","Mobile Suit Gundam SEED PROJECT Ignited, Mobile Suit SD Gundam Mk I, Mobile Suit Gundam: Char's Counterattack, All That Gundam, Mobile Suit SD Gundam no Gyakushuu: Arashi wo Yobu Gakuensai, Mobile Suit Victory Gundam, Mobile Fighter G Gundam, Mobile Suit Gundam: More Information on the Universal Century, Mobile Suit Gundam: The 08th MS Team, Gundam: Mission To The Rise, Mobile Suit Gundam Evolve, Mobile Suit Gundam SEED MSV Astray, Mobile Suit Gundam MS IGLOO: The Hidden One Year War, Mobile Suit Gundam SEED Movie I: The Empty Battlefield, Mobile Suit Gundam SEED Movie II: The Far-Away Dawn, Mobile Suit Gundam SEED Movie III: The Rumbling Sky, Mobile Suit Gundam SEED: After Phase: In the Valley of Stars, Mobile Suit Gundam SEED Destiny, Mobile Suit Gundam SEED Destiny Final Plus: The Chosen Future, Mobile Suit Gundam SEED C.E.73: Stargazer, Mobile Suit Gundam SEED Destiny Special Edition I: The Broken World, Mobile Suit Gundam SEED Destiny Special Edition II: Respective Swords, Mobile Suit Gundam SEED Destiny Special Edition III: The Hell Fire of Destiny, Mobile Suit Gundam SEED Character Theater, Mobile Suit Gundam SEED Destiny Special Edition IV: The Cost of Freedom, 30th Gundam Perfect Mission, Ring of Gundam, Mokei Senshi Gunpla Builders Beginning G, Chou Denei-ban SD Gundam Sangokuden Brave Battle Warriors, Collection of Key Animation Films, Mobile Suit Gundam: The Origin, Mobile Suit Gundam: Twilight Axis","Athrun Zala : Akira Ishida, Cagalli Yula Athha : Naomi Shindou, Kira Yamato : Souichirou Hoshi, Lacus Clyne : Rie Tanaka, Dearka Elsman : Akira Sasanuma, Flay Allster : Houko Kuwashima, Miriallia Haw : Megumi Toyoguchi, Mu La Flaga : Takehito Koyasu, Mitsuo Fukuda
Director, Toshihiko Sahashi
Music, Hisashi Hirai
Character Design, Shigemi Ikeda
Art Director, Fumikuni Furusawa
Producer, Seiji Takeda
Producer, Shintarou Inokawa
Episode Director, Kazuhito Kikuchi
Storyboard","Mitsuo Fukuda : Director, Toshihiko Sahashi : Music, Hisashi Hirai : Character Design, Shigemi Ikeda : Art Director, Fumikuni Furusawa : Producer, Seiji Takeda : Producer, Shintarou Inokawa : Episode Director, Kazuhito Kikuchi : Storyboard"
Haibane Renmei,,TV   ,13.0,Radix Ace Entertainment,Fall ,"Drama, Fantasy, Slice of Life, Afterlife, Amnesia, Angels, Countryside, Based on a Doujinshi",3.93,2002.0,,"'A young woman quietly falls to the earth, escorted by a solitary crow. This sort of dream, as many other before have dreamed, comes just before being reborn as a Haibane, a charcoal-winged angel. On the outskirts of the walled-in city lies Old Home, a haven for Haibane to study, live, and learn, while waiting for their chance to ascend to the heavens and escape the confines of their new world. Rakka is the newest inhabitant of Old Home who wants nothing more\xa0than to remember her past and discover the secrets of her kind. Together with Reki, Kuu and plenty of other new friends, Rakka will laugh, explore, and search for the meaning of their existence in the process.'",,Haibane Renmei,,"Rakka : Ryou Hirohashi, Reki : Junko Noda, Hikari : Fumiko Orikasa, Kana : Eri Miyajima, Kuu : Akiko Yajima, Nemu : Kazusa Murai, Communicator : Tamio Ohki, Dai : Kumiko Higa, Yoshitoshi Abe
Original Creator & Screenplay & Series Composition, Tomokazu Tokoro
Director, Kow Otani
Music, Akira Takada
Character Design, Yasuyuki Ueda
Producer, Takeo Haruna
Producer, Hideki Gotou
Producer, Yoshinobu Iwaya
Producer","Yoshitoshi Abe : Original Creator & Screenplay & Series Composition, Tomokazu Tokoro : Director, Kow Otani : Music, Akira Takada : Character Design, Yasuyuki Ueda : Producer, Takeo Haruna : Producer, Hideki Gotou : Producer, Yoshinobu Iwaya : Producer"
Princess Tutu,,TV   ,26.0,Hal Film Maker,Summer,"Drama, Fantasy, Magical Girl, Romance, Animal Transformation, Ballet Dancing, Boarding School, Classical Music, Dancing, Henshin Heroes, Magic, Music, Non-Human Protagonists, Royalty, Star-Crossed Lovers, Original Work",3.92,2002.0,2003.0,"""Once there lived an eccentric author called Drosselmeyer who wrote grand tragedies - one of them was the tale of a prince who sealed away an evil raven by breaking his own heart into tiny pieces. However, before the story could be completed, the author died and the tale took on a life of its own. Now, in a town where fiction and reality meet, the story continues on its tragic course with Ahiru, a duck who transforms into the beautiful Princess Tutu in order to restore the prince's heart. But will Ahiru's act of love be enough to defy the story's terrible destiny and lead to a happy ending?""",,Princess Tutu,Princess Tutu Recaps,"Ahiru : Nanae Katou, Fakir : Takahiro Sakurai, Mytho : Naoki Yanagi, Rue : Nana Mizuki, Drosselmeyer : Noboru Mitani, Edel : Akiko Hiramatsu, The Raven : Takayuki Sugou, Uzura : Erino Hazuki, Junichi Satou
Director, Kaoru Wada
Music, Ikuko Itou
Character Design, Takeo Ogiwara
Photography Director, Atsushi Moriyama
Producer, Yoshiaki Matsumoto
Producer, Tomoko Kawasaki
Producer, Masafumi Fukui
Producer","Junichi Satou : Director, Kaoru Wada : Music, Ikuko Itou : Character Design, Takeo Ogiwara : Photography Director, Atsushi Moriyama : Producer, Yoshiaki Matsumoto : Producer, Tomoko Kawasaki : Producer, Masafumi Fukui : Producer"
Full Moon wo Sagashite,,TV   ,52.0,Studio DEEN,Spring,"Magical Girl, Romance, Shoujo, Age Transformation, Idols, Illness, Magic, Music, Shinigami, Showbiz, Work Life, Based on a Manga",3.91,2002.0,2003.0,"""Twelve year old Mitsuki's desire is to become a singer. She has the talent and a beautiful voice, but she also has a throat tumor which threatens to rob her of her gift of song. As if things weren't bad enough, two shinigami inform Mitsuki that she only has one year left to live. However, all is not lost, for they make a deal that if she goes with them, they will help realize her dream by changing her into a healthy 16-year-old, who is able to sing and apply for auditions.""",,Full Moon (Arina TANEMURA),Full Moon wo Sagashite: Cute Cute Adventure,"Meroko Yui : Chieko Honda, Mitsuki Koyama : Myco, Takuto Kira : Yasuo Saitou, Eichi Sakurai : Ryouhei Kimura, Fuzuki Kouyama : Kazuko Sugiyama, Keiichi Wakaoji : Teruaki Ogawa, Madoka Wakamatsu : Emi Oota, Masami Ooshige : Tomomi Seo, Arina Tanemura
Original Creator, Toshiyuki Katou
Director, Yuka Kudou
Character Design","Arina Tanemura : Original Creator, Toshiyuki Katou : Director, Yuka Kudou : Character Design"
Hanada Shounen-shi,,TV   ,25.0,MADHOUSE,Fall ,"Comedy, Seinen, Countryside, Crude, Family Life, Ghosts, Supernatural, Based on a Manga, Nudity",3.9,2002.0,2003.0,"""Hanada Ichiro is an abrasive young man who lives with his hag of a mother, his father the drunk, his grandfather the absent-minded, and his older sister. One sunny afternoon, Ichiro's rebellious antics finally take a turn for the worse, causing him to get hit by a car. When he awakens, he discovers that he has the ability to see ghosts, and converse with them (much to his dismay, since they all seem to want helpful favors). Will Ichiro's newfound ability be a blessing, or just another annoyance in his life?""",Nudity,Hanada Shounen-shi,,"Ichiro Hanada : Motoko Kumai, Daijirou Hanada : Kazuki Yao, Hisae Hanada : Mayumi Tanaka, Jiro Hanada : Rica Matsumoto, Kei Ichimura : Satsuki Yukino, Souta Murakami : Houko Kuwashima, Tokujirou Hanada : Nachi Nozawa, Tokuko Hanada : Junko Takeuchi, Makoto Isshiki
Original Creator, Masayuki Kojima
Director, Yoshihisa Hirano
Music, Yoshinori Kanemori
Character Design, Masao Maruyama
Producer, Manabu Tamura
Producer, Hiroshi Yamashita
Producer, Ryousuke Nakamura
Episode Director","Makoto Isshiki : Original Creator, Masayuki Kojima : Director, Yoshihisa Hirano : Music, Yoshinori Kanemori : Character Design, Masao Maruyama : Producer, Manabu Tamura : Producer, Hiroshi Yamashita : Producer, Ryousuke Nakamura : Episode Director"
The Twelve Kingdoms, Juuni Kokuki,TV   ,45.0,Pierrot,Spring,"Fantasy, Contemporary Fantasy, Isekai, Person in a Strange World, Political, Summoned Into Another World, Based on a Light Novel",3.87,2002.0,2003.0,"'Yohko is nothing but ordinary. Throughout her life she has been considered an outcast, especially with a hair color not native to many in Japan, bright red. Things change for Yohko when a mysterious man named Keiki arrives and claims that she is his empress. Yohko and two friends are then taken through a vortex, and then abandoned.. in a world of demons and magic.'",,The Twelve Kingdoms (Light Novel),,"Keiki : Takehito Koyasu, Youko Nakajima : Aya Hisakawa, Ikuya Asano : Yuuji Ueda, Rakushun : Kenichi Suzumura, Rokuta : Kappei Yamaguchi, Shoukei : Houko Kuwashima, Shouryuu : Masaki Aizawa, Suzu : Naomi Wakabayashi, Tsuneo Kobayashi
Director, Hikari Kurihara
Director, Kunihiko Ryou
Music, Yuuko Kusumoto
Character Design, Hiroto Tanaka
Character Design, Ken Suegawa
Producer, Shingo Suzuki
Key Animator, Eiko Saitou
Key Animator","Tsuneo Kobayashi : Director, Hikari Kurihara : Director, Kunihiko Ryou : Music, Yuuko Kusumoto : Character Design, Hiroto Tanaka : Character Design, Ken Suegawa : Producer, Shingo Suzuki : Key Animator, Eiko Saitou : Key Animator"
Initial D Battle Stage,,OVA  ,1.0,Pastel,,"Drama, Seinen, Sports, Cars, Racing, Based on a Manga",3.86,2002.0,,"'Takumi has an innate ability when it comes to driving cars. Though he is not interested in street races, circumstances force him to enter anyways and take on some of the best racers around. As Mt. Akina’s top downhill racer, he defends his home turf with all his pride and takes on numerous skilled challengers and with each battle he grows more fond of racing and develops more of his racing talent. Can Takumi continue winning against these adept drivers with his outmatched and underpowered AE86?'",,Initial D,"Initial D, Initial D Second Stage, Initial D Third Stage, Initial D Extra Stage, Initial D: Project D to the Next Stage - Project D e Mukete, Initial D Fourth Stage, Initial D Battle Stage 2, Initial D Extra Stage 2: Tabidachi no Green, Initial D Fifth Stage, Initial D Final Stage, Initial D Legend 1: Awakening, Initial D Legend 2: Racer, Initial D Legend 3: Dream","Takumi Fujiwara : Shinichirou Miki, Keisuke Takahashi : Tomokazu Seki, Kyouichi Sudou : Masahiko Tanaka, Ryousuke Takahashi : Takehito Koyasu, Seiji Iwaki : Kazuya Kawahara, Takeshi Nakazato : Nobuyuki Hiyama, Hiroshi Fumihiro : Osamu Hosoi, Itsuki Takeuchi : Mitsuo Iwata, Shuichi Shigeno
Original Creator",Shuichi Shigeno : Original Creator
The Prince of Tennis: A Day on Survival Mountain, Tennis no Ouji-sama: Sonzoku Yama no Hi,DVD S,,Production I.G,,"Comedy, Shounen, Sports, Tennis, Based on a Manga",3.85,2002.0,,"'The Seigaku tennis club regulars have taken a day off from their normal routine for special condition training at a tennis resort at the top of a mountain. However this schedule of special training is rumored to be so terrifying that those who participated in the previous year didn’t speak for an entire week; and it’s not hard to see why. As if playing on a sloped court with a ban on water bottles isn’t tough enough, things become more complicated when a university tennis club arrive a day early for their booking and commandeer the courts. Now, with the other team refusing to give up the courts and the constant threat of Inui’s special juice looming over their heads, this promises to be one long day for the Seigaku regulars.'",,"Prince of Tennis, Shin Tennis no Ouji-sama",The Prince of Tennis,"Eiji Kikumaru : Hiroki Takahashi, Kaoru Kaidou : Kohei Kiyasu, Kunimitsu Tezuka : Ryotaro Okiayu, Ryoma Echizen : Junko Minagawa, Sadaharu Inui : Kenjirou Tsuda, Shuichirou Oishi : Takayuki Kondou, Shuusuke Fuji : Yuki Kaida, Takashi Kawamura : Naru Kawamoto, Takeshi Konomi
Original Creator, Cheru Watanabe
Music, Akiharu Ishii
Character Design","Takeshi Konomi : Original Creator, Cheru Watanabe : Music, Akiharu Ishii : Character Design"
InuYasha The Movie 2: The Castle Beyond the Looking Glass, InuYasha Movie 2: Kagami no Naka no Mugenjo,Movie,,Sunrise,,"Fantasy, Shounen, Animal Characteristics, Demons, Feudal Japan, Non-Human Protagonists, Person in a Strange World, Based on a Manga",3.85,2002.0,,"""With their greatest enemy defeated and peace seemingly restored, Inuyasha and his friends each go their separate ways continue on with their lives. But when a full moon keeps rising night after night, our heroes know something new is amiss in the land -- a threat caused by a demon of immense power. Named Kaguya, this powerful foe plans to shroud the world in eternal darkness! And thus, Inuyasha, Kagome, Miroku, Sango and Shippo must unite once more to put a stop to Kaguya's evil plans, to once more attain peace and keep the sun shining...""",,InuYasha,"InuYasha, InuYasha The Movie 1: Affections Touching Across Time, InuYasha The Movie 3: Swords of an Honorable Ruler, InuYasha The Movie 4: Fire on the Mystic Island, InuYasha: Kuroi Tessaiga, InuYasha: The Final Act","Inuyasha : Kappei Yamaguchi, Kagome Higurashi : Satsuki Yukino, Kaguya : Mieko Harada, Miroku : Kouji Tsujitani, Sango : Houko Kuwashima, Kikyo : Noriko Hidaka, Shippo : Kumiko Watanabe, Akitoki Hojo : Yuuji Ueda, Rumiko Takahashi
Original Creator, Toshiya Shinohara
Director, Kaoru Wada
Music, Hideyuki Motohashi
Character Design, Masuo Ueda
Producer, Michihiko Suwa
Producer, Mikihiro Iwata
Producer, Shoujirou Nishimi
Key Animator","Rumiko Takahashi : Original Creator, Toshiya Shinohara : Director, Kaoru Wada : Music, Hideyuki Motohashi : Character Design, Masuo Ueda : Producer, Michihiko Suwa : Producer, Mikihiro Iwata : Producer, Shoujirou Nishimi : Key Animator"
Macross Zero,,OVA  ,5.0,SATELIGHT,,"Action, Mecha, Romance, Sci Fi, Aviation, Island, Military, Real Robot, Transforming Mecha, Original Work, Nudity",3.84,2002.0,2004.0,"""When Lieutenant Shin Kudou of the UN air force is shot down over the Pacific by the Anti-UN Alliance, he awakens on a lush island called Mayan, whose natives live by some very strange rules. Their spiritual leader, Sara, intends to keep their lives separate from the rest of civilization to prevent the rise of the ‘birdman’ who will destroy the world. Unfortunately for the natives of Mayan, both sides of the conflict have taken an interest in their island, and all too soon, the outsiders' interference spells a disaster as terrible as any myth.""",Nudity,"Super Dimensional Fortress Macross II, Super Dimensional Fortress Macross the First","Super Dimensional Fortress Macross, Macross 25th Anniversary: All That VF Macross Zero Version","Dr. Hasford : Nachi Nozawa, Mao Nome : Yuuka Nanri, Sara Nome : Sanae Kobayashi, Shin Kudou : Kenichi Suzumura, Roy Focker : Akira Kamiya, Aries Turner : Naomi Shindou, D.D. Ivanov : Ryuzaburo Otomo, Edgar Lasalle : Sousuke Komori, Shouji Kawamori
Director & Mechanical Design & Original Creator, Studio Nue
Original Creator, Kuniaki Haishima
Music, Takuya Saitou
Character Design, Minoru Takanashi
Producer, Kaya Ohnishi
Producer","Shouji Kawamori : Director & Mechanical Design & Original Creator, Studio Nue : Original Creator, Kuniaki Haishima : Music, Takuya Saitou : Character Design, Minoru Takanashi : Producer, Kaya Ohnishi : Producer"
Comedy, Kigeki,OVA  ,1.0,Studio 4°C,,"Action, Europe, Shorts, Supernatural, Swordplay, Vampires",3.84,2002.0,,"""Legend tells of a lone swordsman who lives in the Demon's Castle, the ruins near the Black Forest. This mysterious stranger only accepts rare books for his services, books from the ancient past. Comedy tells the story of a young girl who desperately wishes for her family and village to be saved from the coming English soldiers' wrath, and is willing to trade a precious book in exchange for the deed. With only her legs beneath her, she runs towards the Black Forest, hoping to get there in time...""",,,,"The Black Swordsman : Hikaru Midorikawa, The Young Girl : Ai Maeda, Kazuto Nakazawa
Director, Eiko Tanaka
Producer, Kazuto Takida
Producer","Kazuto Nakazawa : Director, Eiko Tanaka : Producer, Kazuto Takida : Producer"
Hungry Heart: Wild Striker, Wild Striker,TV   ,52.0,Nippon Animation,Fall ,"Shounen, Sports, Soccer, Based on a Manga",3.82,2002.0,2003.0,"""Kyousuke Kano aspires to become a professional soccer player but decides to quit after endless comparisons to his brother, who is a famous midfielder in AC Milan. However, things change when Kyousuke meets a girl who forces him to coach his school's women's soccer team; and soon thereafter, he rediscovers his love for the sport and decides to pick up the cleats once more. With Kyousuke's passion for the game, he aims to lead his team to the national tournament and win the hearts of many.""",,Hungry Heart - Wild Striker,,"Kouji Sakai Jefferson : Masaya Takatsuka, Kyosuke Kano : Kohsuke Toriumi, Miki Tsujiwaki : Natsuki Katou, Rodrigo : Katashi Ishizuka, Seisuke Kanou : Takehito Koyasu, Hiroshi Ichikawa : Hiroyuki Yoshino, Yuujirou Kamiyama : Kouki Harasawa, Gouzo Kamata : Kenji Nomura, Satoshi Saga
Director, Nobuyuki Nakamura
Music, Kenichi Imaizumi
Character Design, Masahiro Hosoda
Episode Director & Storyboard, Takaaki Ishiyama
Storyboard, Takatsugu Kobayashi
Storyboard, Shinichirou Kajiura
Animation Director","Satoshi Saga : Director, Nobuyuki Nakamura : Music, Kenichi Imaizumi : Character Design, Masahiro Hosoda : Episode Director & Storyboard, Takaaki Ishiyama : Storyboard, Takatsugu Kobayashi : Storyboard, Shinichirou Kajiura : Animation Director"
Lupin III Special 14: Episode 0 - First Contact,,TV Sp,,TMS Entertainment,,"Action, Seinen, America, Criminals, Thieves, Based on a Manga",3.8,2002.0,,"""Lupin, a thief on-the-rise in NYC, has acquired a mysterious treasure called the Clam of Helmeth -- originally stolen from a crime family by his now deceased friend. Jigen Daisuke, the fastest draw in the American underworld, has been hired to return the treasure to its owner, and quickly takes the idea of killing Lupin to a personal level. Also hot on Lupin's trail is the swordsman Ishikawa Goemon, who also has his own agenda of stealing the treasure. Chronologically, First Contact is the story of the Lupin gang's first encounter.""",,"Lupin III, Lupin Kozou, Lupin III: World's Most Wanted","Lupin III: Pilot Film, Lupin III, Lupin III: Part II, Lupin III: The Mystery of Mamo, Lupin III: The Castle of Cagliostro, Lupin III: Part III, Lupin III: Legend of the Gold of Babylon, Lupin III: The Fuma Conspiracy, Lupin III: Secret Files, Lupin III Special 1: Bye Bye, Lady Liberty, Lupin III Special 2: The Hemingway Papers, Lupin III Special 3: Napoleon's Dictionary, Lupin III Special 4: From Siberia With Love, Lupin III Special 5: Voyage To Danger, Lupin III Special 6: Dragon of Doom, Lupin III: Farewell to Nostradamus, Lupin III Special 7: The Pursuit of Harimao's Treasure, Lupin III: Dead or Alive, Lupin III Special 8: The Secret Of The Twilight Gemini, Lupin III Special 9: Island of Assassins, Lupin III Special 10: Crisis in Tokyo, Lupin III Special 11: The Columbus Files, Lupin III Special 12: Missed by a Dollar, Lupin III Special 13: Alcatraz Connection, Lupin III: Return Of Pycal, Lupin III Special 15: Operation Return the Treasure, Lupin III Special 16: Stolen Lupin, Lupin III Special 17: Angel Tactics, Lupin III Special 18: Seven Days Rhapsody, Lupin III Special 19: The Elusiveness of the Fog, Lupin III: Green vs Red, Lupin III Special 20: Sweet Lost Night, Lupin III Special 21: Lupin III vs Detective Conan, Monkey Majik: Lupin the Third, Lupin III Special 22: The Last Job, Lupin III Special 23: Blood Seal of the Eternal Mermaid, Lupin VIII: Arsene and Cie, Lupin III: Lupin Family All-Stars, Lupin III: The Woman Called Fujiko Mine, Lupin III 3DCG, Lupin III Special 24: Touhou Kenbunroku - Another Page, Lupin III Special 25: Princess of the Breeze - Kakusareta Kuuchuu Toshi, Lupin III: Jigen's Gravestone, Lupin III: Part IV Specials, Lupin III: Part IV, Lupin III Special 26: Italian Game, Lupin III: Goemon's Blood Spray, Lupin III: Part V, Lupin III Special 27: Goodbye Partner, Lupin III: The First","Arsene Lupin Iii : Kanichi Kurita, Daisuke Jigen : Kiyoshi Kobayashi, Fujiko Mine : Eiko Masuyama, Goemon Ishikawa Xiii : Makio Inoue, Koichi Zenigata : Goro Naya, Brad, Clawford, Elenor, Monkey Punch
Original Creator, Minoru Oohara
Director, Yuuji Oono
Music, Satoshi Hirayama
Character Design, Koujirou Hayashi
Photography Director, Hiroaki Matsuura
Cg Director, Hiromichi Ooishi
Producer, Yasumichi Ozaki
Producer","Monkey Punch : Original Creator, Minoru Oohara : Director, Yuuji Oono : Music, Satoshi Hirayama : Character Design, Koujirou Hayashi : Photography Director, Hiroaki Matsuura : Cg Director, Hiromichi Ooishi : Producer, Yasumichi Ozaki : Producer"
Chobits,,TV   ,26.0,MADHOUSE,Spring,"Drama, Romance, Sci Fi, Androids, Interspecies Relationship, Non-Human Protagonists, Robots, Sudden Girlfriend Appearance, Based on a Manga",3.77,2002.0,,"""Having failed to earn admission to a university, Hideki Motosuwa has moved to the big city, determined to study his hardest for next year's exams. However, an unusual distraction presents itself one unsuspecting day in the form of Chii, a robotic young girl that has been discarded in the trash. In a world where an increasing number of people turn to these 'persocoms' for company, the bonds and limits of human relationships are tested as flesh manages to fall in love with the machine itself...""",,Chobits,"Chobits: Hibiya and Kotoko Chat, Chibits","Chii : Rie Tanaka, Hideki Motosuwa : Tomokazu Sugita, Chitose Hibiya : Kikuko Inoue, Freya : Rie Takada, Hiromu Shinbo : Tomokazu Seki, Minoru Kokubunji : Houko Kuwashima, Sumomo : Motoko Kumai, Takako Shimizu : Ryouka Yuzuki, Clamp
Original Creator, Morio Asaka
Director, Hisashi Abe
Character Design, Yuuichi Sekido
Producer, Tatsuya Ono
Producer","Clamp : Original Creator, Morio Asaka : Director, Hisashi Abe : Character Design, Yuuichi Sekido : Producer, Tatsuya Ono : Producer"
Detective Conan OVA 2: 16 Suspects, Meitantei Conan: 16 Nin no Yougisha,OVA  ,1.0,TMS Entertainment,,"Mystery, Shounen, Age Transformation, Detectives, Food and Beverage, Based on a Manga",3.76,2002.0,,"""Conan, the Detective Boys, Hattori and the rest of the gang have been invited to Inspector Shiratori's new house for a party celebrating its completion. With delicious food and drink, everyone is pleased as punch to be in attendance; they are especially impressed with Shiratori's wine cellar and multi-million-dollar bottle of Chateau Latour. However, disaster soon strikes when the rare wine is discovered - broken on the floor! Everyone, including Conan, is a suspect; who committed such a crime?""",,"Magic Kaitou, Case Closed, Detective Conan: Tokubetsu-hen, Detective Conan: Zero's Tea Time","Detective Conan, Detective Conan OVA 1: Conan vs Kid vs YAIBA, Detective Conan OVA 3: Conan and Heiji and the Vanished Boy, Detective Conan OVA 4: Conan and Kid and Crystal Mother, Detective Conan OVA 5: The Target is Kogoro! The Detective Boys' Secret Investigation, Detective Conan OVA 6: Follow the Vanished Diamond! Conan and Heiji vs Kid!, Detective Conan OVA 7: A Challenge from Agasa, Detective Conan OVA 8: High School Girl Detective Sonoko Suzuki's Case Files, Detective Conan Magic File 2: Kudou Shinichi - The Case of the Mysterious Wall and the Black Lab, Detective Conan OVA 9: The Stranger of 10 Years, Detective Conan Magic File 3: Shinichi and Ran: Memories of Mahjong Tiles and Tanabata, Detective Conan OVA 10: Kid in Trap Island, Detective Conan Magic File 4: Osaka Okonomiyaki Odyssey, Detective Conan Magic File 5: Niigata - Tokyo Omiyage Capriccio, Detective Conan OVA 11: A Secret Order from London, Detective Conan vs. Wooo, Detective Conan: Excalibur no Kiseki, Detective Conan Magic File 6: Fantasista Flower, The Disappearance of Conan Edogawa: The Worst Two Days in History, Detective Conan Movie 24: The Scarlet Bullet","Conan Edogawa : Minami Takayama, Kogoro Mori : Akira Kamiya, Ninzaburo Shiratori : Kazuhiko Inoue, Ran Mori : Wakana Yamazaki, Ai Haibara : Megumi Hayashibara, Ayumi Yoshida : Yukiko Iwai, Eri Kisaki : Gara Takashima, Genta Kojima : Wataru Takagi, Gosho Aoyama
Original Creator, Yasuichiro Yamamoto
Director, Katsuo Ono
Music, Masatomo Sudou
Character Design, Masahito Yoshioka
Producer","Gosho Aoyama : Original Creator, Yasuichiro Yamamoto : Director, Katsuo Ono : Music, Masatomo Sudou : Character Design, Masahito Yoshioka : Producer"
Ojamajo Doremi DOKKAAN!,,TV   ,51.0,Toei Animation,Winter,"Magical Girl, Henshin Heroes, Magic, Witches, Original Work",3.76,2002.0,2003.0,"'Determined to stay close to the girls who raised her when she lived in the Human World, Hana-chan bursts her magic crystals to perform an extremely powerful spell that makes her look as old as her adoptive mothers. The loss of her magic crystals means that she is not officially a witch anymore. To handle this enormous problem, the Witch Queen asks Doremi, Hazuki, Aiko, Onpu, and Momoko to take care of the new older-looking Hana-chan in their world for the moment. In the meantime, the little former sorceress will have to complete the witch apprentice exams in order to attain a magic crystal and hopefully become a witch once again.'",,"Ojamajo Doremi, Ojamajo Doremi 16 (Light Novel), Ojamajo Doremi 17 (Light Novel), Ojamajo Doremi 18 (Light Novel), Ojamajo Doremi 19 (Light Novel), Ojamajo Doremi 20’s (Light Novel)","Ojamajo Doremi, Ojamajo Doremi #, Motto! Ojamajo Doremi, Ojamajo Doremi Na-i-sho, Majo Minarai wo Sagashite","Aiko Seno : Yuki Matsuoka, Doremi Harukaze : Chiemi Chiba, Hana Makihatayama, Hazuki Fujiwara : Tomoko Akiya, Momoko Asuka, Onpu Segawa : Rumi Shishido, Pop Harukaze : Sawa Ishige, Akattsuki, Takuya Igarashi
Director, Keiichi Oku
Music, Hiromi Seki
Producer, Tomoko Takahashi
Producer, Moegi Nishizawa
Producer, Mamoru Hosoda
Episode Director & Storyboard","Takuya Igarashi : Director, Keiichi Oku : Music, Hiromi Seki : Producer, Tomoko Takahashi : Producer, Moegi Nishizawa : Producer, Mamoru Hosoda : Episode Director & Storyboard"
Please Teacher: Secret Couple, Onegai Teacher: Himitsu na Futari,OVA  ,1.0,Daume,,"Ecchi, Romance, Aliens, Non-Human Protagonists, Original Work",3.75,2002.0,,"'Hazuho\'s at it again! Mizuho\'s voluptuous mother is back, and she\'s making trouble again, putting the moves on hapless Kei. How serious is she? Serious enough to take him to a ""love hotel""! How will Mizuho take it? How will Ichigo and Herikawa react? And what other couple is getting hot and heavy?'",,"Onegai Teacher, Onegai Teacher (Light Novel), Onegai Twins","Please Teacher: Marie Love Theater, Please Teacher, Please Teacher: Reminiscence, Please Twins, Please Twins: The Summer Never Ends","Kei Kusanagi : Souichirou Hoshi, Mizuho Kazami : Kikuko Inoue, Hatsuho Kazami : Yumi Takada, Hyosuke Magumo : Mitsuo Iwata, Ichigo Morino : Yukari Tamura, Koishi Herikawa : Ayako Kawasumi, Maho Kazami : Satomi Koorogi, Matagu Shidou : Hiroaki Miura, Yasunori Ide
Director, Shinji Orito
Music, Hiroaki Gohda
Character Design","Yasunori Ide : Director, Shinji Orito : Music, Hiroaki Gohda : Character Design"
Petite Princess Yucie, Puchi Puri Yuushi,TV   ,26.0,AIC,Fall ,"Comedy, Fantasy, Romance, Family Friendly, Magic, Original Work",3.73,2002.0,2003.0,"""Meet Yucie, a girl under a spell. Yucie wants to be a Platinum Princess, and the only way to do that is to attend the Princess Academy. But that's not as easy as it sounds. Under the guidance of Queen Ercell and with the unwitting help of a schoolmate named Glenda (who just so happens to be a princess from the Demon World,) Yucie finds herself embarking on an epic quest to obtain the Eternal Tiara!""",,Puchi Puri Yuushi,,"Beth : Fumiko Orikasa, Elmina : Ayako Kawasumi, Glenda : Yuki Matsuoka, Kokoru : Yukari Fukui, Yucie : Maria Yamamoto, Cube : Tomo Saeki, Gaga : Kouji Ishii, Prince Arrow : Takayuki Yamaguchi, Masahiko Ootsuka
Director, Seikou Nagaoka
Music, Kazuko Tadano
Character Design, Eizou Kondou
Producer, Yuuichi Sekido
Producer","Masahiko Ootsuka : Director, Seikou Nagaoka : Music, Kazuko Tadano : Character Design, Eizou Kondou : Producer, Yuuichi Sekido : Producer"
Get Backers,,TV   ,49.0,Studio DEEN,Fall ,"Action, Comedy, Shounen, Superpowers, Based on a Manga",3.73,2002.0,2003.0,"'Ban Midou and Ginji Amano are the Get Backers. With a 99 percent success rate in returning lost or stolen property to its original owners, they will do anything for the right price. Midou and Ginji often get hired for seemingly ordinary jobs that turn out to be more difficult than they appear; and whether it’s finding a doll for a girl, retrieving a stolen rare violin or getting mixed up with the mob, they have many adventures with plenty of petty squabbles along the way!'",,Get Backers,,"Ban Midou : Nobutoshi Canna, Ginji Amano : Ryouko Shiraishi, Emishi Haruki : Mitsuaki Madono, Hevn : Rio Natsuki, Himiko Kudou : Natsuko Kuwatani, Juubei Kakei : Takehito Koyasu, Kazuki Fuchoin : Souichirou Hoshi, Kurodo Akabane : Nobuo Tobita, Kazuhiro Furuhashi
Director, Keitarou Motonaga
Director, Taku Iwasaki
Music, Atsuko Nakajima
Character Design, Toshiharu Murata
Mechanical Design, Kazunori Noguchi
Producer, Satoshi Kohno
Producer, Kaoru Sakamoto
Producer","Kazuhiro Furuhashi : Director, Keitarou Motonaga : Director, Taku Iwasaki : Music, Atsuko Nakajima : Character Design, Toshiharu Murata : Mechanical Design, Kazunori Noguchi : Producer, Satoshi Kohno : Producer, Kaoru Sakamoto : Producer"
Love Hina Again,,OVA  ,3.0,XEBEC,,"Comedy, Ecchi, Romance, Shounen, Apartment Life, Boarding House, Love Triangle, Neighbors, Tsundere, Based on a Manga",3.71,2002.0,,"""Did you think the chaos at the Hinata Inn is over? No way! Love Hina Again introduces a new girl--Kanako--who has a big crush on Keitaro and magical powers on her side! Will Naru finally confess her feelings to Keitaro, or will he literally be 'charmed' away?""",,"Love Hina, Love Hina Anime Comic, Love Hina (Light Novel), Love Hina: Special Project","Love Hina, Love Hina Special: Motoko's Choice, Love or Sword: Don't Cry, Love Hina X'mas Special: Silent Eve, Love Hina Spring Special: I Wish Your Dream, Love Hina Final Selection","Kanako Urashima : Natsuko Kuwatani, Keitaro Urashima : Yuuji Ueda, Naru Narusegawa : Yui Horie, Haruka Urashima : Megumi Hayashibara, Kaolla Su : Reiko Takagi, Kuro : Yuki Matsuoka, Mitsune Konno : Junko Noda, Motoko Aoyama : Yuu Asakawa, Ken Akamatsu
Original Creator, Yoshiaki Iwasaki
Director, Shinkichi Mitsumune
Music, Meiju Maeda
Character Design, Atsushi Moriyama
Producer, Naoki Hiramatsu
Producer, Toshinori Narita
Episode Director, Itsurou Kawasaki
Storyboard","Ken Akamatsu : Original Creator, Yoshiaki Iwasaki : Director, Shinkichi Mitsumune : Music, Meiju Maeda : Character Design, Atsushi Moriyama : Producer, Naoki Hiramatsu : Producer, Toshinori Narita : Episode Director, Itsurou Kawasaki : Storyboard"
One Piece: Dream Soccer King!, One Piece: Yume no Soccer Ou!,Other,,Toei Animation,,"Comedy, Shounen, Sports, Pirates, Shorts, Soccer, Based on a Manga",3.71,2002.0,,"""It's the Grand Line Cup Final and the match is between the Luffy's Pirates and the All-Star Villains. The atmosphere is tense, as it has all come down to a special playoff that will be decided by a tiebreaker shoot out. With Nami cheering, a crowd of thousands and Coby as the unwilling (and unlucky) goalkeeper, the stage is set. But with everyone's favorite pirates facing the likes of Captain Buggy, Bon Kurei and Django the Hypnotist, can Luffy and the gang manage to defeat them and win the shoot out in order to become the 'Dream Soccer Kings'?""",,"Romance Dawn, One Piece, One Piece: Taose! Kaizoku Ganzack (Light Novel), One Piece: Loguetown-hen (Light Novel), One Piece: Strong World, Chopperman, Chopperman: Yuke Yuke! Minna no Chopper-sensei, One Piece x Toriko: Jisshoku! Akuma no Mi!!, One Piece Party, One Piece Ace's Story (Light Novel), One Piece episode A",One Piece,"Bon Kurei : Kazuki Yao, Buggy : Shigeru Chiba, Coby : Mika Doi, Hatchan : Toshiyuki Morikawa, Jango : Kazuki Yao, Monkey D. Luffy : Mayumi Tanaka, Sanji, Tony Tony Chopper, Eiichiro Oda
Original Creator, Munehisa Sakai
Director, Kouhei Tanaka
Music","Eiichiro Oda : Original Creator, Munehisa Sakai : Director, Kouhei Tanaka : Music"
Please Teacher, Onegai Teacher,TV   ,12.0,Daume,Winter,"Ecchi, Romance, Sci Fi, Aliens, Interspecies Relationship, Non-Human Protagonists, School Life, Student-Teacher Relationship, Sudden Girlfriend Appearance, Original Work",3.7,2002.0,,"'Kei Kusanagi is a shy teenage boy with no romantic experience whatsoever... until he finds out that his hot new teacher is actually an alien! In order to conceal her identity, the two are forced into a pretend marriage... but is it really a pretense, or are they actually falling in love?'",,"Onegai Teacher, Onegai Teacher (Light Novel), Onegai Twins (Light Novel), Onegai Twins","Please Teacher: Marie Love Theater, Please Teacher: Secret Couple, Please Teacher: Reminiscence, Please Twins, Please Twins: The Summer Never Ends","Kei Kusanagi : Souichirou Hoshi, Mizuho Kazami : Kikuko Inoue, Hyosuke Magumo : Mitsuo Iwata, Ichigo Morino : Yukari Tamura, Kaede Misumi : Sayaka Oohara, Koishi Herikawa : Ayako Kawasumi, Konoha Edajima : Rei Sakuma, Matagu Shidou : Hiroaki Miura, Yasunori Ide
Director, Shinji Orito
Music, Kazuya Takase
Music, Tomoyuki Nakazawa
Music, Hiroaki Gohda
Character Design, Junichi Watanabe
Photography Director, Keiko Shibuya
Color Design, Takeshi Anzai
Producer","Yasunori Ide : Director, Shinji Orito : Music, Kazuya Takase : Music, Tomoyuki Nakazawa : Music, Hiroaki Gohda : Character Design, Junichi Watanabe : Photography Director, Keiko Shibuya : Color Design, Takeshi Anzai : Producer"
Countdown,,Movie,,,,"Abstract, Shorts",3.7,2002.0,,'No synopsis yet - check back soon!',,,,"Maya Yonesho
Director",Maya Yonesho : Director
Detective Conan: Approaching the Mystery of the Ancient Dinosaurs!,"Alt titles: Case Closed: Approaching the Mystery of the Ancient Dinosaurs!, Meitantei Conan: Kodai Kyouryuu no Nazo ni Semare!",OVA  ,1.0,TMS Entertainment,,"Mystery, Shounen, Detectives, Based on a Manga",3.69,2002.0,,'No synopsis yet - check back soon!',,Case Closed,"Detective Conan, Detective Conan Movie 24: The Scarlet Bullet","Gosho Aoyama
Original Creator",Gosho Aoyama : Original Creator
Whistle!,,TV   ,39.0,Studio Comet,Spring,"Action, Shounen, Sports, Soccer, Based on a Manga",3.69,2002.0,2003.0,"""Let's play some real football! Shou Kazamatsuri is a middle school student who loves soccer but is not quite adept at it. Shou went for a time to the prestigious Musashi no Mori soccer school, but was disillusioned due to being a bench warmer. Determined to prove his worth, Shou transfers to a school with a little less glitz and a lot more kibitz. But becoming a player takes more than just desire. Join Shou as he works towards his dream of being a star soccer player along with a group of ragtag players determined to be the greatest junior high squad ever assembled!""",,Whistle!,,"Daichi Fuwa : Takuya Eguchi, Shigeki Satou : Hidenobu Kiuchi, Shou Kazamatsuri : Shun Horie, Tatsuya Mizuno : Shinnosuke Tachibana, Hiroyoshi Noro : Rie Kugimiya, Kou Kazamatsuri : Hiroki Takahashi, Masato Takai : Shintarou Oohata, Oyassan : Shiro Saito, Daisuke Higuchi
Original Creator, Hiroshi Fukutomi
Director, Toshihiko Sahashi
Music","Daisuke Higuchi : Original Creator, Hiroshi Fukutomi : Director, Toshihiko Sahashi : Music"
Voices of a Distant Star, Hoshi no Koe,OVA  ,1.0,CoMix Wave Films,,"Romance, Sci Fi, Aliens, Melancholy, Outer Space, Star-Crossed Lovers, Original Work",3.68,2002.0,,"'Nagamine is a young high school student who lives a fairly typical teenage life: hanging out with friends, attending class, and falling in love with a wonderful boy. But when she enlists in the galactic army, who is desperate for candidates to fight an alien war, she finds herself drifting farther away from her first love, Noboru. In the depths of space, where a simple email takes eight years to be delivered, will their love truly flourish, or simply fade away?'",,"Voices of a Distant Star, Voices of a Distant Star: Words of Love (Light Novel)",,"Mikako Nagamine : Mika Shinohara, Noboru Terao : Makoto Shinkai, Makoto Shinkai
Producer & Director, Tenmon
Music","Makoto Shinkai : Producer & Director, Tenmon : Music"
Space Pirate Captain Herlock: The Endless Odyssey,,OVA  ,13.0,MADHOUSE,,"Action, Drama, Sci Fi, Aliens, Leijiverse, Outer Space, Space Opera, Space Pirates, Nudity,, Violence",3.67,2002.0,2003.0,"'Years have passed since Captain Harlock disbanded the crew of the starship Arcadia, and he has not been seen since. Most of the space pirates are now either in hiding or are being imprisoned by the new Earth government, which is being run by the invading race called Illumidas. One day, however, Harlock resurfaces in the nick of time to save the life of young Tadashi Daiba, just moments after his father Professor Daiba was killed by the mysterious beings called Nu. Now, the two will join forces and once again the Arcadia will take to the skies with the reunited crew, in an attempt to save the galaxy from the Nu.'","Nudity,, Violence","Captain Harlock: Dimensional Voyage, Dokuganryuu Masamune: Sengoku no Arcadia Gaiden","Captain Harlock, Captain Harlock: Mystery of the Arcadia, Arcadia of My Youth, Captain Harlock: Arcadia of my Youth - Endless Orbit SSX, Harlock Saga, Harlock: Space Pirate","Captain Harlock : Kouichi Yamadera, Doctor Zero : Nachi Nozawa, Kei Yuki : Rei Sakuma, Miime : Yuuko Minaguchi, Tadashi Daiba : Tomokazu Seki, Tochiro Oyama : Kappei Yamaguchi, Yattaran : Naoki Tatsuta, Mayu Ooyama : Mika Kanai, Leiji Matsumoto
Original Creator, Rintarou
Director, Takayuki Hattori
Music, Nobuteru Yuuki
Character Design, Kazuhiro Yamada
Photography Director, Manabu Tamura
Producer, Satoki Toyada
Producer, Shingo Kaneko
Episode Director","Leiji Matsumoto : Original Creator, Rintarou : Director, Takayuki Hattori : Music, Nobuteru Yuuki : Character Design, Kazuhiro Yamada : Photography Director, Manabu Tamura : Producer, Satoki Toyada : Producer, Shingo Kaneko : Episode Director"
Tenchi Muyo! GXP,,TV   ,26.0,AIC,Spring,"Action, Comedy, Harem, Sci Fi, Original Work",3.67,2002.0,,"""Seina Yamada is incredibly unlucky; everything he touches is horribly destroyed. One day while visiting his sempai Tenchi's house, he is mistaken for the man by a member of the Galaxy Police Force and becomes inducted into the force. However, his terrible luck gives him an advantage in his new role: Seina encounters pirates at every turn, allowing his GXP comrades to capture many of the galaxy's worst criminals! Armed with a ship cloned from Ryo-Oh-Ki, Seina sets forth with his mostly female companions to defeat the sinister Barta pirates. Only one question remains: which is more important - capturing criminals or capturing hearts?""",,"Magical Girl Pretty Sammy, No Need for Tenchi!, Magical Girl Pretty Sammy (Light Novel), True Tenchi Muyo! (Light Novel), The All-New Tenchi Muyo!, Tenchi Muyo! Sasami Stories, Tenchi Muyo! GXP (Light Novel), Tenchi Muyo! War on Geminar, Ai Tenchi Muyo!","Tenchi Muyo! Ryo-Ohki, Tenchi Muyo! Mihoshi Special, Tenchi Universe, Magical Girl Pretty Sammy, Tenchi The Movie: Tenchi Muyo! In Love, Magical Girl Pretty Sammy TV, Magical Girl Pretty Sammy Specials, Tenchi in Tokyo Specials, Tenchi in Tokyo, Tenchi The Movie 2: The Daughter Of Darkness, Tenchi Movie 3: Tenchi Forever, Tenchi Muyo! Ryo Ohki: Final Confrontations, Sasami: Magical Girls Club, Sasami: Magical Girls Club 2, Tenchi Muyo! War on Geminar","Amane Kaunaq : Mariko Suzuki, Kiriko Masaki : Kumi Sakuma, Ryoko Balta : Aya Hisakawa, Seina Yamada : Shigeru Mogi, Airi Masaki : Sakiko Tamagawa, Alan : Jun Fukuyama, Barry : Kouichi Nagano, Cohen : Yusuke Numata, Shinichi Watanabe
Director & Storyboard, Akifumi Tada
Music, Atsushi Okuda
Character Design, Yutaka Ohashi
Producer, Hiroshi Yamashita
Producer, Tomio Yamauchi
Episode Director, Jun Fukuta
Storyboard, Yuuji Yanase
Key Animator","Shinichi Watanabe : Director & Storyboard, Akifumi Tada : Music, Atsushi Okuda : Character Design, Yutaka Ohashi : Producer, Hiroshi Yamashita : Producer, Tomio Yamauchi : Episode Director, Jun Fukuta : Storyboard, Yuuji Yanase : Key Animator"
Hikaru no Go: Special Edition - Match of Justice! The Ancient Flower Blooms!, Hikaru no Go: Sabaki no Ikkyoku! Inishie no Hana yo Sake!!,Other,,Pierrot,,"Shounen, Board Games, Ghosts, Supernatural, Based on a Manga",3.67,2002.0,,"'After unsuccessfully trying to show off his baseball skills and smashing the window of the Shogi club, Hikaru is on a mission to replace Kaga’s prized tea cup that was also broken in the incident. But while he and Sai are looking around in one shop, they discover that the store is selling cheap wares disguised as pricey antiques! And worse yet a young girl has claimed the owner has taken the only memento she has of deceased grandfather, a vintage plate, from her by unscrupulous methods. Unable to allow this travesty to go on, Hikaru spies a Go board in the back of the shop and challenges the man to a game - with everything on the line!'",,Hikaru no Go,"Hikaru no Go, Hikaru no Go: New Year Special, Hikaru no Go: Journey to the North Star Cup","Akira Touya, Hikaru Shindou : Tomoko Kawakami, Sai : Susumu Chiba, Nakamura Antique Shop Owner, Young Girl, Akari Fujisaki : Yumi Kakazu, Hikaru'S Mother, Kimihiro Tsutsui : Makoto Tsumura, Yumi Hotta
Original Creator",Yumi Hotta : Original Creator
RahXephon,,TV   ,26.0,Bones,Winter,"Mecha, Romance, Sci Fi, Aliens, Conspiracy, Military, Post-apocalyptic, Psychological, Super Robot, Original Work",3.66,2002.0,,"'Ayato Kamina may seem like an average boy in a devastated world, but after being captured by TERRA, a military organization set on saving the world from the Mu, an alien race set on ""tuning"" the world, he realizes he is an instrument in deciding the fate of humanity and piloting RahXephon. Not only is Ayato the only person who can control the mecha, but he also has a terrible fate of his own. Holding onto memories of his old life and grasping to keep his own humanity, he must struggle in this new world and realize his true potential with RahXephon.'",,"RahXephon, RahXephon (Light Novel)","RahXephon OVA, RahXephon: Tsubasa no Kioku - Memory, RahXephon: The Motion Picture, RahXephon: Ichiko Hashimoto - The Fate of Katun","Ayato Kamina : Hiro Shimono, Haruka Shitow : Aya Hisakawa, Elvy Hadhiyat : Yuu Sugimoto, Helena Von Bahbem : Mako Hyoudou, Hiroko Asahina : Yumi Kakazu, Itsuki Kisaragi : Akiko Hiramatsu, Jin Kunugi : Jouji Nakata, Jouji Futagami : Katsunosuke Hori, Yutaka Izubuchi
Director, Ichiko Hashimoto
Music, Hiroki Kanno
Animation Director & Assistant Animation Director & Character Design & Key Animator, Carole Mortimer
Character Design, Masahiko Minami
Producer, Mitsuo Iso
Episode Director & Key Animator & Screenplay & Storyboard, Shouji Kawamori
Storyboard, Chiaki J. Konaka
Screenplay","Yutaka Izubuchi : Director, Ichiko Hashimoto : Music, Hiroki Kanno : Animation Director & Assistant Animation Director & Character Design & Key Animator, Carole Mortimer : Character Design, Masahiko Minami : Producer, Mitsuo Iso : Episode Director & Key Animator & Screenplay & Storyboard, Shouji Kawamori : Storyboard, Chiaki J. Konaka : Screenplay"
Meiken Lassie: Yume ni Mukatte Hashire!, Famous Dog Lassie: Run Toward the Dream,TV Sp,,Nippon Animation,,"Adventure, Countryside, Dogs, Pets, World Masterpiece Theater, Based on a Novel",3.66,2002.0,,'Episode 26 of\xa0Meiken Lassie.',,,"Meiken Lassie, Meiken Lassie Specials","John, Lassie",
Mahoromatic 2, Mahoromatic: Something More Beautiful,TV   ,14.0,GAINAX,Fall ,"Comedy, Ecchi, Seinen, Androids, Maids, Non-Human Protagonists, Robots, Based on a Manga, Nudity",3.65,2002.0,2003.0,"""After fighting with her nemesis Ryuga, the Saint Android, Mahoro returns to Misato's side as his trustworthy maid. Soon after, a mysterious yet clumsy girl appears, revealing herself as a runaway android from the secret organization known as Management. Together, Misato and Mahoro take the girl under their wings and name her Minawa, gaining both a maid for the house\xa0and a little sister for Mahoro. But as the day of Mahoro's demise grows closer, the trio are inevitably drawn into the events of the final showdown between Saint and Earth.""",Nudity,Mahoromatic,"Mahoromatic: Year End Special, Mahoromatic, Mahoromatic 2: Year End Special, Mahoromatic: Summer Special, Mahoromatic: I'm Home!","Mahoro Andou : Ayako Kawasumi, Minawa Andou : Ai Shimizu, Suguru Misato : Fujiko Takimoto, Chizuko Oe : Asami Sanada, Feldrance : Misato Sakamoto, Kiyomi Kawahara : Atsushi Kisaichi, Mephlis : Kirk Thornton, Miyuki Sakura : Yumi Kikuchi, Bunjuro Nakayama
Original Creator, Hiroyuki Yamaga
Director, Shouji Saeki
Assistant Director & Episode Director & Key Animator & Screenplay & Storyboard, Toshio Masuda
Music, Kazuhiro Takamura
Character Design, Tsuguo Kozawa
Photography Director, Naoko Kosakabe
Art Director, Hitoshi Hibino
Color Design","Bunjuro Nakayama : Original Creator, Hiroyuki Yamaga : Director, Shouji Saeki : Assistant Director & Episode Director & Key Animator & Screenplay & Storyboard, Toshio Masuda : Music, Kazuhiro Takamura : Character Design, Tsuguo Kozawa : Photography Director, Naoko Kosakabe : Art Director, Hitoshi Hibino : Color Design"
Vandread Turbulence, Vandread Gekitou-hen,OVA  ,1.0,GONZO,,"Sci Fi, Outer Space",3.64,2002.0,,"'Life aboard the Nirvana couldn’t get any wilder as love triangles blossom, and men and women unite against a deadly common enemy.'",,"Vandread: First Stage (Light Novel), Vandread, Vandread: The Second Stage (Light Novel), Vandread Special Stage, Vandread: The Extra Stage (Light Novel)","Vandread, Vandread Integral, Vandread: The Second Stage","Bart Garsus : Tomokazu Seki, Dita Liebely : Yumi Kakazu, Hibiki Tokai : Hiroyuki Yoshino, Jura Basil Elden : Yuu Asakawa, Meia Gisborn : Fumiko Orikasa, Barnette Orangello : Michiko Neya, Buzam A. Calessa : Yoko Soumi, Duelo Mcfile : Hideki Tasaka, Yasunori Iwasaki
Music, Kazuya Kuroda
Character Design, Masashi Tsukino
Producer, Shinji Nakajima
Producer","Yasunori Iwasaki : Music, Kazuya Kuroda : Character Design, Masashi Tsukino : Producer, Shinji Nakajima : Producer"
Ghost in the Shell: Stand Alone Complex - Tachikoma Days, Koukaku Kidoutai: Stand Alone Complex - Tachikoma na Hibi,Other,,Production I.G,,"Comedy, Sci Fi, Short Episodes, Based on a Manga",3.64,2002.0,2003.0,'No synopsis yet - check back soon!',,"Ghost in the Shell, Ghost in the Shell 1.5: Human-Error Processor, Ghost in the Shell 2: Man-Machine Interface, Ghost in the Shell: Stand Alone Complex (Light Novel), Ghost in the Shell: Stand Alone Complex, Ghost in the Shell Arise: Sleepless Eye, Ghost in the Shell: Stand Alone Complex - The Laughing Man","Ghost in the Shell: Stand Alone Complex, Ghost in the Shell: Stand Alone Complex 2nd Gig, Ghost in the Shell 2: Innocence, Ghost in the Shell: Stand Alone Complex 2nd Gig - Tachikoma Days, Ghost in the Shell: Stand Alone Complex - The Laughing Man - Tachikoma Days, Ghost in the Shell: Stand Alone Complex - The Laughing Man, Ghost in the Shell: Stand Alone Complex - Individual Eleven, Ghost in the Shell: Stand Alone Complex - Individual Eleven - Tachikoma Days, Ghost in the Shell: Stand Alone Complex - Solid State Society, Ghost in the Shell: Stand Alone Complex - Tachikoma Days (2007), Ghost in the Shell: Uchikomatic Days, Ghost in the Shell 2.0, Ghost in the Shell: Arise, Ghost in the Shell: Arise - Another Mission, Ghost in the Shell: Arise - Logicoma Specials, Ghost in the Shell: Nyuumon Arise, Ghost in the Shell: Arise border:less project - WORKING HIGH, Ghost in the Shell: Arise - Alternative Architecture, Ghost in the Shell: The New Movie, Ghost in the Shell: Ghost Chaser","Tachikoma : Sakiko Tamagawa, Borma, Daisuke Aramaki, Ishikawa, Motoko Kusanagi, Saito, Masamune Shirow
Original Creator, Youko Kanno
Music","Masamune Shirow : Original Creator, Youko Kanno : Music"
Doraemon Movie 23: Nobita & Robot Kingdom, Doraemon Movie 23: Nobita to Robot Kingdom,Movie,,Shin-Ei Animation,,"Adventure, Shounen, Cats, Family Friendly, Non-Human Protagonists, Robots, Based on a Manga",3.63,2002.0,,'No synopsis yet - check back soon!',,"Doraemon, The Doraemons: Doraemon Game Comic","Doraemon (1979), Doraemon: Doraemon Comes Back, Doraemon: Doraemon Comes Back (1998), The Doraemons: Strange, Sweets, Strange?","Doraemon : Nobuyo Oyama, Gian : Kazuya Tatekabe, Nobita Nobi : Noriko Ohara, Shizuka Minamoto, Suneo Honekawa : Kaneta Kimotsuki, Krulinpa : Masako Nozawa, Hiroshi Fujimoto
Original Creator, Tsutomu Shibayama
Director, Katsumi Horii
Music, Nobuaki Kishima
Screenplay, Hiroshi Takiguchi
Background Artist","Hiroshi Fujimoto : Original Creator, Tsutomu Shibayama : Director, Katsumi Horii : Music, Nobuaki Kishima : Screenplay, Hiroshi Takiguchi : Background Artist"
One Piece Movie 3: Chopper Kingdom of Strange Animal Island, One Piece Movie 3: Chinjuu-jima no Chopper Oukoku,Movie,,Toei Animation,,"Action, Adventure, Shounen, Island, Pirates, Superpowers, Based on a Manga",3.62,2002.0,,"""While sailing the seas on a search for adventure, the crew of the Going Merry finds a strange island full of wondrous animals. Upon their arrival, the weather separates them from their newest crew member Chopper, and when he washes ashore on the island, the native animals mistake him for their prophesized King! As if things aren't bad enough, trouble comes to the wild kingdom: treasure hunters arrive in search of the Crowning Treasure, an artifact of incredible power said to make its user invincible. Now, the crew must protect the Kingdom and its treasure with all their might!""",,One Piece,One Piece,"Monkey D. Luffy : Mayumi Tanaka, Nami : Akemi Okamura, Sanji : Hiroaki Hirata, Tony Tony Chopper : Ikue Ootani, Usopp : Kappei Yamaguchi, Zoro Roronoa : Kazuya Nakai, Count Butler : Masashi Ebara, General Hotdog : Daisuke Gouri, Eiichiro Oda
Original Creator, Junji Shimizu
Director, Kouhei Tanaka
Music, Noboru Koizumi
Animation Director & Character Design","Eiichiro Oda : Original Creator, Junji Shimizu : Director, Kouhei Tanaka : Music, Noboru Koizumi : Animation Director & Character Design"
Galaxy Express 999 for Planetarium, Ginga Tetsudou 999 for Planetarium,Other,,,,"Sci Fi, Educational, Outer Space",3.62,2002.0,,'No synopsis yet - check back soon!',,,Galaxy Express 999,"Maetel : Masako Ikeda, Tetsuro Hoshino : Masako Nozawa, Conductor : Kaneta Kimotsuki, President Akogistrol : Banjou Ginga, Teo Nanami : Masashi Ebara, Yuma Nanami : Ayuko Tsuchiya, Leiji Matsumoto
Original Creator, Yukihide Takekawa
Music & Song Arrangement & Song Composition & Song Lyrics & Song Performance","Leiji Matsumoto : Original Creator, Yukihide Takekawa : Music & Song Arrangement & Song Composition & Song Lyrics & Song Performance"
Witch Hunter Robin,,TV   ,26.0,Sunrise,Summer,"Fantasy, Noir, Psychic Powers, Supernatural, Superpowers, Urban Fantasy, Original Work",3.6,2002.0,,"'STN is a secret organization charged with capturing witches of all ages who misuse their inate ability of the Craft. Its newest recruit is a young girl named Robin, who wields the same power that she is helping to control. While skillful at their ability to detain quickly, the number of witches keeps seeming to increase, and the misuse of power grows stronger, casting a shadow of doubt as to what is really going on. For STN, there is much work ahead, and for Robin, her troubles are just beginning...'",,,,"Amon : Takuma Takewaka, Haruto Sakaki : Jun Fukuyama, Michael Lee : Hiro Yuuki, Miho Karasuma : Kaho Kouda, Robin Sena : Akeno Watanabe, Yurika Doujima : Kyoko Hikami, Nagira Shunji : Jin Yamanoi, Shintaro Kosaka : Shinpachi Tsuji, Shuukou Murase
Director, Taku Iwasaki
Music, Kumiko Takahashi
Character Design, Atsushi Sugita
Producer, Kenichi Matsumura
Producer","Shuukou Murase : Director, Taku Iwasaki : Music, Kumiko Takahashi : Character Design, Atsushi Sugita : Producer, Kenichi Matsumura : Producer"
Cheeky Angel, Tenshi na Konamaiki,TV   ,50.0,TMS Entertainment,Spring,"Comedy, Reverse Harem, Shounen, Delinquents, Gender Bender, School Life, Supernatural, Based on a Manga",3.6,2002.0,2003.0,"'Megumi was a normal kid. He enjoyed getting into fights and mixing it up, and one day he did so in defense of a wizard who was being attacked by bullies. His reward was a magical book that was supposed to grant his wish. The mischievous demon inside the book decided to play a prank on Megumi, though, and instead of turning him into ""a man among men,"" he became a girl. Fast forward to five years later, and Megumi is now entering high school, a tumultuous time for even normal teenagers, let alone a girl who is trying to figure out how become a guy again...'",,Cheeky Angel,"Shounen Sunday CM: Cheeky Angel, Cheeky Angel Specials","Genzo Soga : Wataru Takagi, Megumi Amastuka : Megumi Hayashibara, Miki Hanakain : Makiko Ohmoto, Hitomonji Kobayashi : Nobuyuki Hiyama, Ichiro Fujiki : Kazunari Tanaka, Tasuke Yasuda : Yuuji Ueda, Aota : Atsushi Kisaichi, Bandou : Tooru Ookawa, Hiroyuki Nishimori
Original Creator, Masaharu Okuwaki
Director, Daisuke Ikeda
Music, Hideyuki Motohashi
Character Design, Noriko Kobayashi
Producer, Masahito Yoshioka
Producer, Aiko Kitahara
Song Performance, Yuka Saegusa
Song Performance","Hiroyuki Nishimori : Original Creator, Masaharu Okuwaki : Director, Daisuke Ikeda : Music, Hideyuki Motohashi : Character Design, Noriko Kobayashi : Producer, Masahito Yoshioka : Producer, Aiko Kitahara : Song Performance, Yuka Saegusa : Song Performance"
Saiyuki Interactive, Gensou Maden Saiyuuki: Kibou no Zaika,OVA  ,1.0,Pierrot,,"Fantasy, Journey to the West, Based on a Manga",3.59,2002.0,,"'A mysterious light falls from the Heavens. It\'s the Pearl Jade. It can grant any wish. Dr. Ni tells Gyokumen Koushu about it. Lirin overhears and tells Kougaiji. Then Kanzeon Bosatsu (The Merciful Goddess) requests ""orders"" Sanzo and company to go and find and seal it before it falls into the wrong hands.'",,"Saiyuki, Saiyuki Gaiden, Saiyuki Reload, Saiyuki Reload Blast, Saiyuki Ibun, Saiyuki Anthology","Saiyuki OVA, Saiyuki, Saiyuki Requiem, Saiyuki Reload: Urasai, Saiyuki Reload, Saiyuki Reload Gunlock, Saiyuki Reload: Burial, Saiyuki Gaiden, Saiyuki Gaiden: Tokubetsu-hen - Kouga no Shou, Saiyuki Reload Blast, Saiyuki Reload: Zeroin","Gojyo Sha, Goku Son, Hakkai Cho, Sanzo Genjyo",
Crayon Shin-chan Movie 10: Arashi wo Yobu Appare! Sengoku Daikassen,,Movie,,Shin-Ei Animation,,"Comedy, Crude, Feudal Japan, Person in a Strange World, Time Travel",3.59,2002.0,,"'After mysteriously being sent back in time, Shin-chan saves the life of Matabe Ijiri, a samurai who leads the army of a small province in Japan. Welcomed as a guest by Ijiri, Shinnosuke must figure out why he is stuck in 1574.'",,"Crayon Shin-chan, Shin Crayon Shin-chan, Crayon Shin-chan Shin-Men, Crayon Shin-chan: Gachinko! Gyakushuu no Robot-chan","Crayon Shin-chan, Crayon Shin-chan Movie 1: Action Kamen vs Haigure Maou, Crayon Shin-chan Movie 2: Buriburi Oukoku no Hihou, Crayon Shin-chan Movie 3: Unkokusai no Yabou, Crayon Shin-chan Movie 4: Henderland no Daibouken, Crayon Shin-chan Movie 5: Ankoku Tamatama Daitsuiseki, Crayon Shin-chan Movie 6: Dengeki! Buta no Hizume Daisakusen, Crayon Shin-chan Movie 7: Bakuhatsu! Onsen Wakuwaku Daikessen, Crayon Shin-chan Movie 8: Arashi wo Yobu Jungle, Crayon Shin-chan Movie 9: The Adult Empire Strikes Back, Crayon Shin-chan Movie 11: Arashi wo Yobu Eikou no Yakiniku Road, Crayon Shin-chan Movie 12: Arashi wo Yobu! Yuuhi no Kasukabe Boys, Crayon Shin-chan Movie 13: Densetsu wo Yobu Buriburi 3 Pun Dai Shingeki, Crayon Shin-chan Movie 14: Densetsu wo Yobu Odore! Amigo!, Crayon Shin-chan Movie 15: Arashi wo Yobu Utau Ketsu dake Bakudan!, Crayon Shin-chan Movie 16: Chou Arashi wo Yobu Kinpoko no Yuusha, Crayon Shin-chan Movie 17: Otakebe! Kasukabe Yasei Oukoku, Crayon Shin-chan Movie 18: Chou Jikuu! Arashi wo Yobu Ora no Hanayome, Crayon Shin-chan Movie 19: Arashi wo Yobu Ougon no Spy Daisakusen, Crayon Shin-chan Movie 20: Arashi o Yobu! Ora to Uchuu no Princess, Crayon Shin-chan Movie 21: Bakauma! B-Kyuu Gourmet Survival Battle!!, Crayon Shin-chan Movie 22: Gachinko! Gyakushuu no Robo To-chan, Crayon Shin-chan Movie 23: Ora no Hikkoshi Monogatari - Saboten Dai Shuugeki, Crayon Shin-chan Movie 24: Bakusui! Yumemi World Dai Totsugeki, Crayon Shin-chan Movie 25: Shurai! Uchujin Shiriri, Crayon Shin-chan Movie 26: Bakumori! Kung-Fu Boys - Ramen Tairan, Crayon Shin-chan Movie 27: Shinkon Ryokou Hurricane - Ushinawareta Hiroshi, Crayon Shin-chan Movie 28: Gekitotsu! Rakuga Kingdom to Hobo Yonin no Yuusha, Crayon Shin-chan Movie 29: Nazo Meki! Hana no Tenkasu Gakuen","Hiroshi Nohara : Keiji Fujiwara, Misae Nohara : Miki Narahashi, Ren Kasuga : Ai Kobayashi, Shinnosuke Nohara : Akiko Yajima, Bo : Chie Satou, Himawari Nohara : Satomi Koorogi, Masao Sato : Mie Suzuki, Nene Sakurada : Tamao Hayashi, Yoshito Usui
Original Creator, Keiichi Hara
Director, Shirou Hamaguchi
Music, Toshiyuki Arakawa
Music, Yuuichirou Sueyoshi
Character Design, Junichi Yamakawa
Producer, Yasushi Wada
Producer, Ken Fukuyoshi
Producer","Yoshito Usui : Original Creator, Keiichi Hara : Director, Shirou Hamaguchi : Music, Toshiyuki Arakawa : Music, Yuuichirou Sueyoshi : Character Design, Junichi Yamakawa : Producer, Yasushi Wada : Producer, Ken Fukuyoshi : Producer"
Ai Yori Aoshi,,TV   ,24.0,J.C.Staff,Spring,"Comedy, Harem, Romance, Seinen, Slice of Life, Boarding House, Neighbors, Sudden Girlfriend Appearance, Based on a Manga",3.58,2002.0,,"'Aoi Sakuraba, heir to the Sakura department store, has only one thing on her mind-- her beloved. Betrothed from a very young age, she has been in love with him, Kaoru Hanabishi, ever since. After Kaoru left his family, their bethrothal was nullified. Aoi sets out to find him. Will they be able to stand against the barriers that will try to keep them apart?'",,Ai Yori Aoshi,"Ai Yori Aoshi: Speaking of Dreams, Ai Yori Aoshi Enishi, Ai Yori Aoshi Enishi: Beautiful Snow","Aoi Sakuraba : Ayako Kawasumi, Kaoru Hanabishi : Souichirou Hoshi, Chika Minazuki : Haruko Momoi, Mayu Miyuki : Sayaka Narita, Miyabi Kagurazaki : Akiko Hiramatsu, Taeko Minazuki : Kaori Mizuhashi, Tina Foster : Satsuki Yukino, Akiko Nakazawa : Naoko Watanabe, Kou Fumizuki
Original Creator, Masami Shimoda
Director, Masaharu Amiya
Screenplay & Series Composition, Toshio Masuda
Music, Kazunori Iwakura
Character Design, Yuuji Matsukura
Producer, Takeo Haruna
Producer, Yuuichi Sekido
Producer","Kou Fumizuki : Original Creator, Masami Shimoda : Director, Masaharu Amiya : Screenplay & Series Composition, Toshio Masuda : Music, Kazunori Iwakura : Character Design, Yuuji Matsukura : Producer, Takeo Haruna : Producer, Yuuichi Sekido : Producer"
Magical Shopping Arcade Abenobashi, Abenobashi Mahou Shoutengai,TV   ,13.0,GAINAX,Spring,"Comedy, Fantasy, Magic, Parody, Person in a Strange World, Original Work",3.58,2002.0,,"""Satoshi\xa0and Arumi have been friends since early childhood, but now Arumi's family is moving to Hokkaido, deeply upsetting her long-time friend. However, when Arumi's grandfather accidentally breaks the pelican statue atop his restaurant, the duo find their world turned upside down and not quite as they left it. From a fairy tale kingdom, to kung fu China, to the prehistoric age and everything in between, Arumi and Satoshi can't quite seem to figure out where they are, or better yet, how they can manage to get home to their own Abenobashi Shoutengai!""",,Abenobashi: Magical Shopping Arcade,,"Arumi Asahina : Yuki Matsuoka, Satoshi Imamiya : Tomo Saeki, Granpa Masa : Takeshi Aono, Mune-Mune : Aya Hisakawa, Sayaka Imamiya : Akemi Okamura, Tetsu Asahina, Yutas : Rikiya Koyama, Amiryun, Hiroyuki Yamaga
Director, Satoru Akahori
Screenplay & Series Composition, Shirou Sagisu
Music, Tadashi Hiramatsu
Character Design, Kazuhiro Yamada
Photography Director, Kengo Shigemura
Editor, Hideaki Anno
Key Animator & Storyboard, Shin Itagaki
Key Animator","Hiroyuki Yamaga : Director, Satoru Akahori : Screenplay & Series Composition, Shirou Sagisu : Music, Tadashi Hiramatsu : Character Design, Kazuhiro Yamada : Photography Director, Kengo Shigemura : Editor, Hideaki Anno : Key Animator & Storyboard, Shin Itagaki : Key Animator"
Yu-Gi-Oh! Duel Monsters: Battle City Special,,TV Sp,,Gallop,,"Shounen, Card Battles, High Stakes Games, Recap, Supernatural, Based on a Manga",3.58,2002.0,,'No synopsis yet - check back soon!',,"Yu-Gi-Oh!, Yu-Gi-Oh! Duelist, Yu-Gi-Oh! Millennium World, Yu-Gi-Oh! R, Yu-Gi-Oh! GX, Yu-Gi-Oh! 5D's, Yu-Gi-Oh! Zexal, Yu-Gi-Oh! Arc-V (Naohito MIYOSHI), Yu-Gi-Oh! Arc-V, Yu-Gi-Oh! Transcend Game",Yu-Gi-Oh! Duel Monsters,"Anzu Mazaki, Yami Yugi, Kazuki Takahashi
Original Creator",Kazuki Takahashi : Original Creator
Atashinchi,,TV   ,330.0,Shin-Ei Animation,Spring,"Comedy, Slice of Life, Episodic, Family Friendly, Family Life, Based on a Manga",3.57,2002.0,2009.0,"""This is the story of a typical family in Japan and their typical lives. Made up of a father, a mother, a brother, and sister Mikan, the Tachibanas always find themselves in the midst of various and wacky misadventures. Whether it's Mikan and her mother going on a frustrating shopping trip, debating the merits of a high-class bento, trying out new exercise devices or convincing mother to buy a new air conditioner, there's never a dull day in the life of the Tachibanas!""",,Atashin'chi,"Atashinchi Specials, Atashinchi Movie, Atashinchi 3D Movie: Jounetsu no Chou Chounouryoku Haha Daibousou, Shin Atashinchi","Father Tachibana : Kenichi Ogata, Mikan Tachibana : Fumiko Orikasa, Mother Tachibana : Kumiko Watanabe, Yuzuhiko Tachibana : Yuka Inokuchi, Asada : Harumi Asai, Fubuki Haruyama : Rie Tanaka, Fujino : Kappei Yamaguchi, Fukuzawa : Eri Miyajima, Eiko Kera
Original Creator, Akitarou Daichi
Director, Tetsuo Yasumi
Director, Motoi Sakuraba
Music, Naomi Nishiguchi
Producer","Eiko Kera : Original Creator, Akitarou Daichi : Director, Tetsuo Yasumi : Director, Motoi Sakuraba : Music, Naomi Nishiguchi : Producer"
Spiral, Spiral: Suiri no Kizuna,TV   ,25.0,J.C.Staff,Fall ,"Action, Mystery, Shounen, Detectives, Based on a Manga",3.57,2002.0,2003.0,"'The mystery of ""The Blade Children"" is a secret which has remained well-hidden, and has cost some their lives. After Narumi Ayumu\'s brother disappears in a search for the answer, Narumi is forced to unravel this mystery for himself. Join him in his investigation which will lead him to the secrets of the Blade Children, and to tests of skill which may prove to be fatal.'",,"Spiral: The Bonds of Reasoning, Spiral: Alive",,"Ayumu Narumi : Kenichi Suzumura, Hiyono Yuizaki : Masumi Asano, Eyes Rutherford : Akira Ishida, Kousuke Asazuki : Takeshi Kusao, Rio Takeuchi : Yui Horie, Ryoko Takamachi : Hitomi Kato, Kanone Hilbert, Keishisei Kanzaka : R. Bruce Elliott, Shingo Kaneko
Director & Episode Director & Storyboard, Akira Mitake
Music, Yumi Nakayama
Character Design, Fukashi Azuma
Producer, Hidenori Itahashi
Producer, Tomio Yamauchi
Episode Director, Mitsuko Ooya
Episode Director, Michio Fukuda
Storyboard","Shingo Kaneko : Director & Episode Director & Storyboard, Akira Mitake : Music, Yumi Nakayama : Character Design, Fukashi Azuma : Producer, Hidenori Itahashi : Producer, Tomio Yamauchi : Episode Director, Mitsuko Ooya : Episode Director, Michio Fukuda : Storyboard"
Jing: King of Bandits,"Alt titles: King of Bandit Jing, Ou Dorobou Jing",TV   ,13.0,Studio DEEN,Spring,"Adventure, Comedy, Fantasy, Shounen, Slice of Life, Episodic, Thieves, Based on a Manga",3.57,2002.0,,"""Join the king of thieves Jing and his plumed partner Kir as they seek out the greatest treasures in the world - and steal them. From desert bandit fortresses to the innermost sanctums of kings and queens, if there's a magnificent treasure to be had, you can be sure Jing has his eyes (and later his hands) on it.""",,"Jing: King of Bandits, Jing: King of Bandits Twilight Tales",Jing: King of Bandits - Seventh Heaven,"Jing : Mitsuki Saiga, Kir : Ryuusei Nakao, Postino : Shinichirou Miki, Angostura : Hiroyuki Yoshino, Angostura Sr. : Hidekatsu Shibata, Baffle D'Ice : Ryuzaburo Otomo, Bitter Stout : Tomohiro Nishimura, China Lilet : Tomoyuki Shimura, Yuichi Kumakura
Original Creator, Hiroshi Watanabe
Director, Fumiko Harada
Music, Scudelia Electro
Music, Mariko Oka
Character Design, Ai Abe
Producer","Yuichi Kumakura : Original Creator, Hiroshi Watanabe : Director, Fumiko Harada : Music, Scudelia Electro : Music, Mariko Oka : Character Design, Ai Abe : Producer"
Galaxy Angel A, Galaxy Angel 3,TV   ,26.0,MADHOUSE,Fall ,"Comedy, Sci Fi, Episodic, Outer Space, Original Work",3.56,2002.0,2003.0,"'The Angel Brigade is back, and still on the hunt for Lost Technology from ancient times. Forte, Ranpha, Milfeulle, Mint, Vanilla, and even Normad have returned once again for adventures and misadventures alike! However, unlike before, the team has something in their way: competition! The newly-formed Twin-Star Brigade is also in search Lost Technology, and they don’t have any plans to quit any time soon. Not only does the Angel Brigade have to worry about their day to day income, but now their main concern is simply staying in business!'",,"Galaxy Angel, Galaxy Angel Party, Galaxy Angel Beta, Galaxy Angel II, Galaxy Angel: Haitaishi no Kikan (Light Novel)","Galaxy Angel, Galaxy Angel Z, Galaxy Angel Z Special, Galaxy Angel S, Galaxy Angel X, Galaxy Angel A Specials, Galaxy Angel Rune","Forte Stollen : Mayumi Yamaguchi, Milfeulle Sakuraba : Ryouko Shintani, Mint Blancmanche : Miyuki Sawashiro, Ranpha Franboise : Yukari Tamura, Vanilla H : Mika Kanai, Cocomo Peirot : Yuuko Sanpei, Huey Volcott : Keiji Fujiwara, Major Mary : Sayaka Oohara, Shigehito Takayanagi
Director, Masumi Itou
Music, Mariko Fujita
Character Design, Tetsurou Satomi
Producer, Kazuya Watanabe
Producer, Eiji Kanaoka
Producer, Kouji Morimoto
Producer","Shigehito Takayanagi : Director, Masumi Itou : Music, Mariko Fujita : Character Design, Tetsurou Satomi : Producer, Kazuya Watanabe : Producer, Eiji Kanaoka : Producer, Kouji Morimoto : Producer"
Kanon,,TV   ,13.0,Toei Animation,Winter,"Drama, Harem, Romance, Based on a Visual Novel",3.56,2002.0,,"'For Aizawa Yuuichi, returning to the town where he spent his childhood has been an unusual affair. Yuuichi, it seems, has forgotten his memories of the past, including encounters with several young ladies who would love nothing more than to see him again. As the days pass, flickers of the past began to surface, revealing more and more of the dark events that once came to be. As the reuniting continues, Yuuichi soon starts to realize that his past may be far more complex than he once believed it to be...'",,"Kanon (Light Novel), Kanon (Key), Kanon: 4-koma Manga Gekijou, Kanon & Air Sky, Kanon: Another Story - Wonder Three, Kanon: Honto no Omoi wa Egao no Mukougawa ni","Kanon: Kazahana, Kanon (2006), Kagi-nado, Kagi-nado Season 2","Ayu Tsukimiya : Yui Horie, Mai Kawasumi : Yukari Tamura, Makoto Sawatari : Mayumi Iizuka, Nayuki Minase : Mariko Kouda, Shiori : Akemi Satou, Yuuichi Aizawa : Miwa Yasuda, Akiko Minase : Yuuko Minaguchi, Jun Kitagawa : Tomokazu Seki, Naoyuki Itou
Director, Hiroyuki Kouzu
Music, Youichi Oonishi
Character Design, Daisuke Kawakami
Producer, Mamoru Yokota
Producer, Takaaki Fukuyo
Key Animator, Atsushi Kozakai
Key Animator, Jun Maeda
Song Lyrics","Naoyuki Itou : Director, Hiroyuki Kouzu : Music, Youichi Oonishi : Character Design, Daisuke Kawakami : Producer, Mamoru Yokota : Producer, Takaaki Fukuyo : Key Animator, Atsushi Kozakai : Key Animator, Jun Maeda : Song Lyrics"
Pokemon Movie 5: Heroes - Latias and Latios, Pokemon Movie 05: Mizu no Miyako no Mamorigami Latias to Latios,Movie,,OLM,,"Adventure, Fantasy, Shounen, Elemental Powers, Family Friendly, Island, Monsters, Based on a Video Game",3.55,2002.0,,"'On the canal-laden island of Altomare, Ash, Misty and Brock are taking place in a fast and furious Pokemon race. Through a series of events, Ash and Pikachu run across a young girl in distress; or at least, they THINK she’s a girl. Quiet and docile, she is none other than a personification of Latias, one of the two protectors of the city. With powers beyond imagination, Latias (and co-protector Latios) are highly sought after by two women with a sinister agenda of their own. Ash, Misty and Brock must call upon their Pokemon once more and protect the protectors, all while helping to prevent the destruction of the island!'",,"Pokemon: The Electric Tale of Pikachu, Pokémon Adventures, Magical Pokemon Journey, Pokemon Getto da ze!, Pokémon: Diamond and Pearl Adventure!, Pokemon Mystery Dungeon: Ginji's Rescue Team, Pokemon Ranger, Pokemon Ranger and the Temple of the Sea, Pokemon: The Rise of Darkrai, Pokemon Ranger Batonnage, Kaitou! Pokemon 7, Pokemon: Giratina & the Sky Warrior!, Pokémon: Arceus and the Jewel of Life, Pokemon ReBURST, Pokemon the Movie: White - Victini and Zekrom, Pokemon + Nobunaga no Yabou - Ranse Iroemaki, Pokémon: Diancie and the Cocoon of Destruction, Pokémon: Omega Ruby & Alpha Sapphire, Pokemon the Movie: Hoopa and the Clash of Ages, Pokemon the Movie XY&Z: Volcanion to Karakuri no Magiana, Pokemon Horizon: Sun & Moon, Pokémon: Sun & Moon, Pokémon the Movie: I Choose You!","Pokemon, Pokemon: Camp Pikachu","Ash Ketchum : Rica Matsumoto, Ash'S Pikachu : Ikue Ootani, Brock : Yuuji Ueda, Latias : Megumi Hayashibara, Latios : Masashi Ebara, Misty : Mayumi Iizuka, Annie : Uno Kanda, Bianca : Fumiko Orikasa, Kunihiko Yuyama
Director, Shinji Miyazaki
Music, Coba
Music, Sayuri Ichiishi
Character Design, Norihiro Matsubara
Character Design, Akihiro Tamagawa
Character Design, Chouji Yoshikawa
Producer, Takemoto Mori
Producer","Kunihiko Yuyama : Director, Shinji Miyazaki : Music, Coba : Music, Sayuri Ichiishi : Character Design, Norihiro Matsubara : Character Design, Akihiro Tamagawa : Character Design, Chouji Yoshikawa : Producer, Takemoto Mori : Producer"
Umigame to Shounen, Sensou Douwa: Umigame to Shounen,TV Sp,,Shin-Ei Animation,,"Drama, Historical, Melancholy, War, World War 2",3.55,2002.0,,'No synopsis yet - check back soon!',,,,"Hanako : Yuuna Mimura, Norio : Kento Namatame, Tetsuo Yamashiro : Yuuki Tokiwa, Haruo : Takuya Ishihara, Narrator : Ai Satou, Teacher : Takaya Hashi, Tetsuo'S Aunt : Rin Mizuhara, Tetsuo'S Grandmother : Yuko Hisamatsu",
Saikano, Saishuu Heiki Kanojo,TV   ,13.0,GONZO,Summer,"Drama, Romance, Seinen, Cyborgs, Human Experimentation, Melancholy, War, Based on a Manga",3.54,2002.0,,"'In the not-so-distant future, mankind is at war with itself. The lives of Chise and Shuu are torn apart when Chise is chosen to become the ultimate weapon to fight for Japan against their enemies. Death, sadness, and the hardships of love accompany Sai Kano in its grim look at war and its consequences.'",,"Saikano, Saikano Gaiden: Sekai no Hate ni wa Kimi to Futari de",Saikano: Another Love Song,"Chise : Fumiko Orikasa, Shuuji : Shirou Ishimoda, Akemi : Yuu Sugimoto, Atsushi : Tetsu Shiratori, Fuyumi : Miki Itou, Take : Kishou Taniyama, Tetsu : Shinichirou Miki, Yukari : Sachiko Kojima, Shin Takahashi
Original Creator, Mitsuko Kase
Director, Takeo Miratsu
Music, Hisashi Kagawa
Character Design, Hiroaki Matsuura
Cg Director, Masashi Tsukino
Producer, Naoko Takahashi
Producer, Rika Tsuruzaki
Producer","Shin Takahashi : Original Creator, Mitsuko Kase : Director, Takeo Miratsu : Music, Hisashi Kagawa : Character Design, Hiroaki Matsuura : Cg Director, Masashi Tsukino : Producer, Naoko Takahashi : Producer, Rika Tsuruzaki : Producer"
Patapata Hikousen no Bouken, Secret of Cerulean Sand,TV   ,26.0,TMS Entertainment,Winter,"Adventure, Family Friendly, Steampunk, Based on a Novel",3.54,2002.0,,"""Having lost her mother at birth, Jane Buxton grows up with her brother George the dreamer and her moody step-brother William. George sets off to seek a legendary 'floating liquid' that he hopes can revolutionize transportation and bring about human flight, but word soon returns of his tragic death. Convinced that her brother is still alive, Jane courageously sets off to find him, and encounters a world of adventure.""",,,,"Agenore San Bellan, Jane Buxton : Ema Kogure, Sabri, Christophe Balzac : Akio Ootsuka, George Buxton : Masakazu Suzuki, Harry Killer : Tooru Ookawa, Jeanne : Yoshiko Kamei, Marcenay : Naomi Kusumi, Yuuichirou Yano
Director, Kouji Takeuchi
Producer & Series Composition, Daisuke Ikeda
Music, Toshio Nakagawa
Music, Kenji Hachizaki
Character Design, Kazuhide Tomonaga
Mechanical Design","Yuuichirou Yano : Director, Kouji Takeuchi : Producer & Series Composition, Daisuke Ikeda : Music, Toshio Nakagawa : Music, Kenji Hachizaki : Character Design, Kazuhide Tomonaga : Mechanical Design"
Triton of the Sea Pilot, Umi no Triton Pilot,Other,,,,Fantasy,3.52,2002.0,,'No synopsis yet - check back soon!',,,Triton of the Sea,,
Kiddy Grade,,TV   ,24.0,GONZO,Fall ,"Fantasy, Sci Fi, Outer Space, Superpowers, Original Work",3.52,2002.0,2003.0,"'In the distant future many things have changed. Worlds are colonized and people travel the stars freely. The GOTT (Galactic Organization of Trades and Tarifs) exists to maintain order and peace along the galaxies. Enter two ES members. Eclair and Lumiere. They are sent on missions to keep the universal peace, under the flag of GOTT. But soon they come to realize that there is more going on behind the scenes than they previously imagined...'",,"Kiddy Grade: Reverse, Kiddy Grade Vs, Kiddy Girl-And Pure","Kiddy Grade: Ignition, Kiddy Grade: Maelstrom, Kiddy Grade: Truth Dawn, Kiddy Girl-AND","Eclair : Ryoko Nagata, Lumiere : Aya Hirano, Alv Jenever : Kikuko Inoue, Armbrust : Gou Aoba, Dvergr : Omi Minami, Eclipse : Mika Doi, Mercredi :  Kaori Mizuhashi, A-Ou : Tetsu Inada, Keiji Gotou
Director, Shirou Hamaguchi
Music, Megumi Kadonosono
Character Design, Takeo Haruna
Producer, Shinichirou Ishikawa
Producer, Tsuneo Takechi
Producer, Toshio Hatanaka
Producer, Seiichi Hachiya
Producer","Keiji Gotou : Director, Shirou Hamaguchi : Music, Megumi Kadonosono : Character Design, Takeo Haruna : Producer, Shinichirou Ishikawa : Producer, Tsuneo Takechi : Producer, Toshio Hatanaka : Producer, Seiichi Hachiya : Producer"
Galaxy Angel Z,,TV   ,,MADHOUSE,Winter,"Comedy, Sci Fi, Episodic, Outer Space",3.51,2002.0,,"""With haunted mansions to explore, wrestling matches to be won and an angry mutated Nomad to take care of, it's no wonder that the Galaxy Angels are back in full force! Ranpha, Milfeulle, Vanilla, Mint and Forte are back on the job to dredge up Lost Technology, and inevitably get caught up in wacky hijinks such as the crew being turned invisible, and even ... a Galaxy Angel wedding?! One thing's for sure, there will always be plenty of fun to go around!""",,"Galaxy Angel, Galaxy Angel Party, Galaxy Angel Beta, Galaxy Angel II","Galaxy Angel, Galaxy Angel Z Special, Galaxy Angel A, Galaxy Angel S, Galaxy Angel X, Galaxy Angel A Specials, Galaxy Angel Rune","Forte Stollen : Mayumi Yamaguchi, Milfeulle Sakuraba : Ryouko Shintani, Mint Blancmanche : Miyuki Sawashiro, Ranpha Franboise : Yukari Tamura, Vanilla H : Mika Kanai, Cocomo Peirot : Yuuko Sanpei, Huey Volcott : Keiji Fujiwara, Major Mary : Sayaka Oohara, Morio Asaka
Director, Yoshimitsu Oohashi
Director, Masumi Itou
Music, Mariko Fujita
Character Design, Takeo Ogiwara
Photography Director, Tetsurou Satomi
Producer, Kazuya Watanabe
Producer, Eiji Kanaoka
Producer","Morio Asaka : Director, Yoshimitsu Oohashi : Director, Masumi Itou : Music, Mariko Fujita : Character Design, Takeo Ogiwara : Photography Director, Tetsurou Satomi : Producer, Kazuya Watanabe : Producer, Eiji Kanaoka : Producer"
Angelique: Twin Collection,,OVA  ,8.0,,,,3.51,2002.0,2003.0,'No synopsis yet - check back soon!',,,"Angelique: Shiroi Tsubasa no Memoire, Angelique: Seichi yori Ai wo Komete, Angelique",,
You're Under Arrest! No Mercy!!, Taiho Shichau zo in America,TV Sp,,Studio DEEN,,"Action, Seinen, America, Guns, Police, Based on a Manga",3.51,2002.0,,"""Miyuki and Natsumi are back -- but in a new location: sunny California in the west coast of the USA. With traffic problems abounding, the girls were called in to help the Los Angeles Police Department (aka the LAPD) solve the city's sticky dilemmas, but there's one growing problem that has everyone concerned: car thieves! Luxury cars in particular are being stolen, re-tuned, and then sold on the black market. And when Miyuki's own Mustang Fastback is nabbed, it becomes personal. Now, there will be no mercy, no more padded globes, and no more Ms. Nicegirl!""",,You're Under Arrest!,"You're Under Arrest! OVA, You're Under Arrest!, You're Under Arrest! Diverting Traffic at the Beach, You're Under Arrest: Mini-Specials, You're Under Arrest! The Movie, You're Under Arrest! Fast & Furious, You're Under Arrest: Full Throttle, You're Under Arrest: Full Throttle Special","Miyuki Kobayakawa : Akiko Hiramatsu, Natsumi Tsujimoto : Sakiko Tamagawa, Futaba Aoi : Rica Matsumoto, Kachou, Ken Nakajima : Bin Shimada, Saori Saga : Mayumi Iizuka, Shouji Toukairin, Yoriko Nikaidou : Etsuko Kozakura, Kosuke Fujishima
Original Creator, Shougo Kawamoto
Director, Kow Otani
Music, Atsuko Nakajima
Character Design, Toshiharu Murata
Mechanical Design, Tetsuo Genshou
Producer, Satoshi Kouno
Producer, Norio Matsumoto
Animation Director","Kosuke Fujishima : Original Creator, Shougo Kawamoto : Director, Kow Otani : Music, Atsuko Nakajima : Character Design, Toshiharu Murata : Mechanical Design, Tetsuo Genshou : Producer, Satoshi Kouno : Producer, Norio Matsumoto : Animation Director"
Ai Yori Aoshi: Speaking of Dreams, Ai Yori Aoshi: Yumegatari,DVD S,,J.C.Staff,,"Comedy, Harem, Romance, Seinen, Based on a Manga",3.51,2002.0,,"'One day during a picnic, Aoi, Kaoru and the others enjoy the beautiful cherry blossoms and their feast of delectable food and\xa0delicious sake. As they relax in the good weather, the gang begin to recall their various dreams\xa0of the future, from Tina’s desire to become an animal trainer for the circus to Aoi’s wish to one day become a bride.'",,Ai Yori Aoshi,"Ai Yori Aoshi, Ai Yori Aoshi Enishi, Ai Yori Aoshi Enishi: Beautiful Snow","Aoi Sakuraba : Ayako Kawasumi, Kaoru Hanabishi : Souichirou Hoshi, Chika Minazuki : Haruko Momoi, Mayu Miyuki : Sayaka Narita, Miyabi Kagurazaki : Akiko Hiramatsu, Taeko Minazuki : Kaori Mizuhashi, Tina Foster : Satsuki Yukino, Uzume : Yuka Inokuchi",
Pecola,,TV   ,26.0,Fall 2003,,"Animal Protagonists, Anthropomorphic, Birds, Family Friendly, Non-Human Protagonists, Penguins, CG Animation",3.51,2002.0,2003.0,"'In tiny Cube Town (a weird and cubistic place, but charming nonetheless), Pecola the penguin and his friends get into all sorts of mischief.'",,,,"Pecola : Mayumi Asano, Banaado-San : Dai Matsumoto, Bashatto-San : Kappei Yamaguchi, Coco : Naoko Takano, Doctor Chu : Mitsuo Senda, Gao-San : Mitsuaki Hoshino, Gazelle-San : Kenyuu Horiuchi, Grandma Yokusha : Miyuki Ichijou",
eX-Driver the Movie Specials,,Other,,,,"Comedy, Short Episodes",3.51,2002.0,,'No synopsis yet - check back soon!',,,"eX-Driver, eX-Driver Danger Zone, eX-Driver the Movie",,
.hack//SIGN,,TV   ,26.0,BEE TRAIN,Spring,"Adventure, Fantasy, Sci Fi, Hacking, MMORPG, Person in a Strange World, RPG, Trapped in a Video Game, Virtual Reality",3.51,2002.0,,"""In a massive online world, people act only as well as their conscience demands. When one player's punishment is to be trapped in this world, a disparate group of people seek the answers why. Their motives are varied; their methods even more so. What stands between when we tear down the walls of reality? Where does our soul end and we begin?""",,".hack//Legend of the Twilight, .hack//AI Buster (Light Novel), .hack//ZERO (Light Novel), .hack//Another Birth (Light Novel), .hack//GnU, .hack//G.U.+, .hack//XXXX, .hack//Alcor, .hack//CELL (Light Novel), .hack//Link, .hack//4koma, .hack//G.U. (Light Novel)",".hack//LIMINALITY, .hack//Legend Of The Twilight, .hack//SIGN - Intermezzo, .hack//SIGN - Unison, .hack//GIFT, .hack//Roots, .hack//G.U. Returner, .hack//G.U. Trilogy, .hack//G.U. Trilogy Parody, .hack//Quantum, .hack//Quantum: Go, Our Chim Chims!!, .hack // The Movie, .hack//Versus: The Thanatos Report, Daitai 3-pun de Wakaru: .hack History","Bear : Kazuhiro Nakata, Bt : Akiko Hiramatsu, Macha, Mimiru : Megumi Toyoguchi, Subaru : Kaori Nazuka, Tsukasa : Mitsuki Saiga, Aura : Maaya Sakamoto, Crim : Shinichirou Miki, Kazunori Ito
Screenplay & Series Composition, Yoshimi Umino
Art Director, Kazunori Takagi
Producer, Yuuji Yanase
Key Animator","Kazunori Ito : Screenplay & Series Composition, Yoshimi Umino : Art Director, Kazunori Takagi : Producer, Yuuji Yanase : Key Animator"
Armitage III Dual-Matrix,,Movie,,AIC,,"Action, Sci Fi, Androids, Cyberpunk, Non-Human Protagonists, Robots, Original Work",3.51,2002.0,,"""Ross and Armitage are now living on Mars with their daughter, Yoko. Their peace is interrupted when a riot involving the Thirds takes place which alerts Armitage of the possibility that someone is trying to manufacture them yet again. After discovering the truth, she must fight not only for her life, but for Ross and Yoko's as well.""",,,"Armitage III, Armitage III Poly-Matrix","Naomi Armitage : Ryouka Yuzuki, Ross Sylibus : Hikaru Hanada, Demitrio Maldini : Kazuhiro Yamaji, Mouse : Takumi Yamazaki, Yoko Sylibus : Yuka Imai, Blue 5 Net Newscaster : Melodee M. Spevack, Frederick Ohara : Iemasa Kayumi, Julian Moore : Mitsuki Saiga, Katsuhito Akiyama
Director, Julian Mack
Music, Hiroyuki Ochi
Character Design, Yasuo Hasegawa
Producer, Hideki Gotou
Producer, Kouhei Kawase
Producer, Satoru Yoshida
Producer, Hisao Fuke
Producer","Katsuhito Akiyama : Director, Julian Mack : Music, Hiroyuki Ochi : Character Design, Yasuo Hasegawa : Producer, Hideki Gotou : Producer, Kouhei Kawase : Producer, Satoru Yoshida : Producer, Hisao Fuke : Producer"
Kuusou no Sora Tobu Kikai-tachi,,Movie,,Studio Ghibli,,"Fantasy, Ghibli Museum Shorts, Historical, Shorts",3.5,2002.0,,'No synopsis yet - check back soon!',,,,"Narrator : Hayao Miyazaki, Hayao Miyazaki
Director & Original Creator & Screenplay, Joe Hisaishi
Music, Kentarou Takahashi
Photography Director, Youji Takeshige
Art Director, Mitsunori Kataama
Cg Director, Toshio Suzuki
Producer, Akihiko Yamashita
Key Animator","Hayao Miyazaki : Director & Original Creator & Screenplay, Joe Hisaishi : Music, Kentarou Takahashi : Photography Director, Youji Takeshige : Art Director, Mitsunori Kataama : Cg Director, Toshio Suzuki : Producer, Akihiko Yamashita : Key Animator"
Yokohama Kaidashi Kikou: Quiet Country Cafe, Quiet Country Cafe,OVA  ,2.0,Ajia-do,,"Seinen, Slice of Life, Androids, Countryside, Iyashikei, Non-Human Protagonists, Robots, Based on a Manga, Nudity",3.5,2002.0,2003.0,"'Alpha, an abandoned robot, runs a small shop in the backwoods of Japan. With an ever-present lack of customers, she passes the days enjoying the little things in life, such as the smell of freshly brewed coffee, and conversation with her neighbors. But when a typhoon emerges and damages the shop, Alpha decides to embark on a journey to see other parts of Japan, expand her horizons, and explore other aspects of life.'",Nudity,Yokohama Kaidashi Kikou,Yokohama Kaidashi Kikou,"Alpha Hatsuseno : Hekiru Shiina, Kokone Takatsu : Akiko Nakagawa, Matsuki : Miki Nagasawa, Oji-San : Shozo Iizuka, Takahiro : Toshiyuki Toyonaga, Airport Receptionist : Hiroko Maruyama, Misago, Nai : Ryo Naitou, Hitoshi Ashinano
Original Creator, Tomomi Mochizuki
Director, Choro Club
Music, Masayuki Sekine
Character Design, Shichirou Kobayashi
Art Director, Naomi Sudou
Producer","Hitoshi Ashinano : Original Creator, Tomomi Mochizuki : Director, Choro Club : Music, Masayuki Sekine : Character Design, Shichirou Kobayashi : Art Director, Naomi Sudou : Producer"
Samurai Deeper Kyo,,TV   ,26.0,Studio DEEN,Summer,"Action, Shounen, 17th Century, Body Sharing, Feudal Japan, Historical, Samurai, Supernatural, Based on a Manga",3.5,2002.0,,"'Samurai Deeper Kyo is a story of two men in one body - the humble, polite Mibu Kyoshiro and the legendary samurai Onime-no-Kyo, who has a price on his head. Consequently, Mibu Kyoshiro is captured for having an uncanny resemblance to the samurai. As the story of SDK progresses, we learn more about the two unique souls that inhabit the same body.'",,Samurai Deeper Kyo,,"Demon Eyes Kyo : Katsuyuki Konishi, Kyoshiro Mibu : Katsuyuki Konishi, Yuya Shiina : Yui Horie, Akira : Souichirou Hoshi, Izumo No Okuni : Yumi Kakazu, Masamune Date, Migeira : Hikaru Midorikawa, Nobunaga Oda : Shou Hayami, Yoshikazu Iwanami
Sound Director, Nobumitsu Urasaki
Producer, Tomohiro Yamada
Producer, Hiroyuki Kawasaki
Screenplay, Masashi Sogo
Screenplay","Yoshikazu Iwanami : Sound Director, Nobumitsu Urasaki : Producer, Tomohiro Yamada : Producer, Hiroyuki Kawasaki : Screenplay, Masashi Sogo : Screenplay"
Pokemon Chronicles, Pokemon Housoukyoku,TV   ,16.0,OLM,,"Adventure, Fantasy, Elemental Powers, Episodic, Family Friendly, Monsters, Proxy Battles, Based on a Video Game",3.5,2002.0,2004.0,"""The world of Pokemon is a marvelous place with as many stories as creatures. The lives of gym leaders, evil organization, researchers, various trainers, and even the Pokemon themselves are unique, fun and exciting in their own ways! Whether Ritchie helps hunt down the legendary Moltres in the Sevii Islands, Professor Oak and Gary revive the extinct Aerodactyl in a lab on Sayda Island, or Sakura battles Misty for her Cascade Badge in Cerulean City, there's always an adventure to be had be it in Kanto, Johto, or regions unknown!""",,"Pokemon: Machamp's 24-Hour Champ Police!, Pokemon: The Electric Tale of Pikachu, Pokémon Adventures, Magical Pokemon Journey, Pokémon: Diamond and Pearl Adventure!, Pokemon Mystery Dungeon: Ginji's Rescue Team, Pokemon Ranger, Pokemon Ranger and the Temple of the Sea, Pokemon: The Rise of Darkrai, Pokemon Diamond Pearl: Regigigas Hokaku Daisakusen!!, Pokemon Ranger Batonnage, Kaitou! Pokemon 7, Pokemon: Giratina & the Sky Warrior!, Pokémon: Arceus and the Jewel of Life, Pokemon ReBURST, Pokemon the Movie: White - Victini and Zekrom, Pokemon + Nobunaga no Yabou - Ranse Iroemaki, Pokémon: Diancie and the Cocoon of Destruction, Pokémon: Omega Ruby & Alpha Sapphire, Pokemon the Movie: Hoopa and the Clash of Ages, Pokemon the Movie XY&Z: Volcanion to Karakuri no Magiana, Pokemon Horizon: Sun & Moon, Pokémon: Sun & Moon, Pokémon the Movie: I Choose You!","Pokemon, Pokemon: Pikachu's Winter Vacation 2000, Pokemon: Pikachu's Winter Vacation 2001, Pokemon: Raikou - The Legend of Thunder","Attila, Brock : Yuuji Ueda, Gary Oak :  Yuuko Kobayashi, Hun, Jimmy : Kenji Nojima, Misty : Mayumi Iizuka, Tracey Sketchit : Tomokazu Seki, Georgio : Daisuke Sakaguchi, Kunihiko Yuyama
Director & Chief Director, Susumu Matsuyama
Producer, Takemoto Mori
Producer","Kunihiko Yuyama : Director & Chief Director, Susumu Matsuyama : Producer, Takemoto Mori : Producer"
Yukikaze, Sentou Yousei Yukikaze,OVA  ,5.0,GONZO,,"Action, Sci Fi, Aliens, Aviation, Military, War, Based on a Novel",3.5,2002.0,2005.0,"""In the distant future, Earth is being invaded by a mysterious alien race known as the JAM. Though suffering heavy casualties, mankind unites and repels their advance, pushing them back to their homeworld of Fairy. As to not take any chances of another attack, an expeditionary force is formed to pursue and eradicate any who managed to flee. The campaign is successful, with all but a few small pockets of JAM completely destroyed, and preparations are made for the fleet to return to home. Enter Leiutenant Rei Fukai, the pilot of a reconnaissance fighter jet known as the Yukikaze. With victory close at hand, he is assigned to do one final sweep of Fairy to put an end of the threat for good. However, during the flight, he is attacked by an unknown jet that appears to one of mankind's own, and barely manages to escape. Though the JAM are all but gone, it seems a new, more deadly threat has emerged, fiercely determined to stop the fleet from returning home alive...""",,"Good Luck, Yukikaze (Novel), Yukikaze",Sentou Yousei Shoujo Tasukete! Mave-chan,"James Bhukar : Jouji Nakata, Rei Fukai : Masato Sakai, Yukikaze, Ansel Rombart : Takaya Hashi, Edith Foss : Miho Yamada, Lynn Jackson : Masako Ikeda, Rydia Cooley : Youko Asagami, Colonel Guneau : Houchuu Ootsuka, Masahiko Ookura
Director, Dougen Shiono
Music, Satoshi Mishiba
Music, Clara
Music, Kouichi Hashimoto
Character Design, Masahiro Sekino
Character Design, Masahiro Aizawa
Character Design, Tadashi Abiru
Character Design","Masahiko Ookura : Director, Dougen Shiono : Music, Satoshi Mishiba : Music, Clara : Music, Kouichi Hashimoto : Character Design, Masahiro Sekino : Character Design, Masahiro Aizawa : Character Design, Tadashi Abiru : Character Design"
Galaxy Express 999 (2002), Ginga Tetsudou 999 (2002),Web  ,6.0,Toei Animation,,"Drama, Romance, Sci Fi",3.5,2002.0,2004.0,'No synopsis yet - check back soon!',,Galaxy Express 999,Galaxy Express 999,"Maetel, Tetsuro Hoshino, Leiji Matsumoto
Original Creator",Leiji Matsumoto : Original Creator
Mahoromatic 2: Year End Special,,TV Sp,,SHAFT,,"Comedy, Seinen, Androids, Non-Human Protagonists, Recap, Robots, Based on a Manga",3.49,2002.0,,'No synopsis yet - check back soon!',,Mahoromatic,"Mahoromatic: Year End Special, Mahoromatic, Mahoromatic 2, Mahoromatic: Summer Special, Mahoromatic: I'm Home!","Mahoro Andou : Ayako Kawasumi, Minawa Andou : Ai Shimizu, Suguru Misato : Fujiko Takimoto, Chizuko Oe : Asami Sanada, Kiyomi Kawahara : Atsushi Kisaichi, Miyuki Sakura : Yumi Kikuchi, Rin Todoroki : Manabi Mizuno, Saori Shikijo : Yumi Takada, Bunjuro Nakayama
Original Creator, Toshio Masuda
Music, Kazuhiro Takamura
Character Design","Bunjuro Nakayama : Original Creator, Toshio Masuda : Music, Kazuhiro Takamura : Character Design"
Pokemon: Mewtwo Returns, Pokemon: Mewtwo! Ware wa Koko ni Ari,TV Sp,,OLM,,"Fantasy, Sci Fi, Elemental Powers, Family Friendly, Monsters, Proxy Battles, Based on a Video Game",3.49,2002.0,,"'Created in a lab to be the world’s strongest pokemon, Mewtwo is the only of his kind. With the help of Ash and friends, Mewtwo and the rest of the created pokemon managed to escape the clutches of Giovanni, Team Rocket’s leader, and set forth to find a place they could call their own. Now, Giovanni has managed to find Mewtwo and friends in a remote part of the Johto region, and Ash and the gang are caught right in the middle of the battle. All Mewtwo wants is to understand his purpose in life and live in peace; can Giovanni be stopped for good with the help of Ash, Misty, and Brock?'",,"Pokemon: Machamp's 24-Hour Champ Police!, Pokemon: The Electric Tale of Pikachu, Pokémon Adventures, Magical Pokemon Journey, Pokémon: Diamond and Pearl Adventure!, Pokemon Mystery Dungeon: Ginji's Rescue Team, Pokemon Ranger, Pokemon Ranger and the Temple of the Sea, Pokemon: The Rise of Darkrai, Pokemon Diamond Pearl: Regigigas Hokaku Daisakusen!!, Pokemon Ranger Batonnage, Kaitou! Pokemon 7, Pokemon: Giratina & the Sky Warrior!, Pokemon ReBURST, Pokemon the Movie: White - Victini and Zekrom, Pokemon + Nobunaga no Yabou - Ranse Iroemaki, Pokémon: Diancie and the Cocoon of Destruction, Pokémon: Omega Ruby & Alpha Sapphire, Pokemon the Movie: Hoopa and the Clash of Ages, Pokemon the Movie XY&Z: Volcanion to Karakuri no Magiana, Pokemon Horizon: Sun & Moon, Pokémon: Sun & Moon, Pokémon the Movie: I Choose You!, Pokemon: Mewtwo Strikes Back - Evolution","Pokemon, Pokemon Movie 1: The First Movie","Ash Ketchum : Rica Matsumoto, Ash'S Pikachu : Ikue Ootani, Brock : Yuuji Ueda, Mewtwo : Masachika Ichimura, Misty : Mayumi Iizuka, Cullen Calix : Rikiya Koyama, Domino : Kotono Mitsuishi, Giovanni : Hirotaka Suzuoki, Satoshi Tajiri
Original Creator, Kunihiko Yuyama
Chief Director, Masamitsu Hidaka
Director, Shinji Miyazaki
Music, Sayuri Ichiishi
Character Design, Makiko Iwata
Producer, Takayuki Yanagisawa
Producer, Takemoto Mori
Producer","Satoshi Tajiri : Original Creator, Kunihiko Yuyama : Chief Director, Masamitsu Hidaka : Director, Shinji Miyazaki : Music, Sayuri Ichiishi : Character Design, Makiko Iwata : Producer, Takayuki Yanagisawa : Producer, Takemoto Mori : Producer"
Tsuri Baka Nisshi,,TV   ,36.0,Toei Animation,Fall ,"Comedy, Seinen, Slice of Life, CEOs, Fishing, Salaryman, Based on a Manga",3.49,2002.0,2003.0,"'Hamazaki Densuke (Hama-chan) is an unavaricious white-collar worker who does not have any interest in success and self-protection. Even though he incurs the wrath of his superior and stir ill feelings from his wife, Hama-chan prefers to take things at his own stride and goes fishing. He feels that there are more important things in life than work and enjoys the simple things in life such as fishing.'",,"Tsuri Baka Nisshi, Tsuri Baka Nisshi Bangai-hen: Shinjin Shain Hamasaki Densuke",,"Densuke Hamasaki : Kouichi Yamadera, Ichinosuke Suzuki : Chikao Ohtsuka, Hazetarou, Kazuo Sasaki, Koitarou Hamasaki, Michiko Hamasaki, Abablack, Abareblue, Tetsuo Imazawa
Director, Takashi Washio
Producer, Taro Iwamoto
Producer","Tetsuo Imazawa : Director, Takashi Washio : Producer, Taro Iwamoto : Producer"
Badaui Jeonseol Jangbogo, The Legend of Blue,TV   ,26.0,,,"Action, Adventure, Comedy, Mystery, Korean Animation",3.49,2002.0,,'No synopsis yet - check back soon!',,,,,
PAUL RUSCH: His Life and Dream, Yume Kakeru Kougen: Kiyosato no Chichi Paul Rusch,Movie,,Magic Bus,,"Drama, Biographies, Countryside, Historical",3.49,2002.0,,'No synopsis yet - check back soon!',,,,"Satoshi Dezaki
Producer & Director, Yuuki Nakajima
Music, Setsuko Shibuichi
Character Design, Shichirou Kobayashi
Art Director, Kazunori Tanahashi
Episode Director, Kenichi Maejima
Storyboard","Satoshi Dezaki : Producer & Director, Yuuki Nakajima : Music, Setsuko Shibuichi : Character Design, Shichirou Kobayashi : Art Director, Kazunori Tanahashi : Episode Director, Kenichi Maejima : Storyboard"
Fortune Dogs,,TV   ,39.0,Vega Entertainment,Summer,"Adventure, Dogs, Family Friendly, Original Work",3.49,2002.0,2003.0,"""A French Bulldog is adopted from the Happy Kennel by a girl named Ai and is given the name Alex. She tells him stories and reads to him from a book titled The Adventures of Freddy about dog who leaves home to find the Fortune Tree. However, he is separated from Ai when he mistakenly follows a girl wearing the same clothes as Ai on a bus. Adopting the name Freddy, after the hero in Ai's storybook, Alex begins his quest to return to Ai. But before he can return to his owner, Freddy and his new friends must find the Fortune Tree and save it from dying, otherwise all the humans in the world will lose their good will and no longer care about their pets.""",,,Wan Wan Serepuu Soreyuke! Tetsunoshin,"Alice : Rie Saitou, Cocco : Chiaki Takahashi, Dach : Yuu Mizushima, Don Corocorone : Yutaka Nakano, Eiji : Kenji Nomura, Freddy : Yumiko Kobayashi, Grace : Mami Horikoshi, Kowalski : Shouto Kashii, Touko Machida
Screenplay",Touko Machida : Screenplay
Heat Guy J,,TV   ,25.0,SATELIGHT,Fall ,"Action, Sci Fi, Androids, Gangs, Isolated Society, Mafia, Non-Human Protagonists, Overpowered Main Characters, Police, Robots, Original Work",3.47,2002.0,2003.0,"""In the futuristic city of Judoh, some dangers are too much for the police--they require Special Force agent Daisuke Aurora and his robot partner J! When the city's massive underworld is rocked by upheaval, Daisuke and J must struggle to contain gang bosses battling for supremacy. But is there more going on than meets the eye? Who is behind the sudden rise of a previously minor politican to the top of Judoh's underground? How are the mysterious Celestials, who watch Judoh from above, involved? And what secrets lie hidden in Daisuke's own past--and inside J's memory?""",,Heat Guy J,Heat Guy J Special,"Daisuke Aurora : Masaya Matsukaze, J : Takayuki Sugou, Antonia Bellucci : Sanae Kobayashi, Boma : Takahiro Sakurai, Claire Leonelli : Daisuke Sakaguchi, Giovanni Gallo : Kenta Miyake, Ian Narse : Jun Fukuyama, Ken Edmundo : Keiji Fujiwara, Kazuki Akane
Director, Try Force
Music, Takahiro Kishida
Character Design, Nobuteru Yuuki
Character Design, Tetsuo Genshou
Producer, Atsushi Sugita
Producer, Shinjirou Yokoyama
Producer, Tetsuya Tomioka
Producer","Kazuki Akane : Director, Try Force : Music, Takahiro Kishida : Character Design, Nobuteru Yuuki : Character Design, Tetsuo Genshou : Producer, Atsushi Sugita : Producer, Shinjirou Yokoyama : Producer, Tetsuya Tomioka : Producer"
Greek Roman Sinhwa Olympus Guardian,,TV   ,39.0,G&G Entertainment,Winter,"Adventure, Fantasy, Greek Mythology, Korean Animation",3.47,2002.0,,'No synopsis yet - check back soon!',,,Greek Roman Sinhwa Olympus Guardian Movie,"Apollon, Ares, Artemis, Athena, Demeter, Eros, Hades, Hephaestos",
Deko Boko Friends,,TV   ,61.0,,,"Family Friendly, Short Episodes",3.46,2002.0,2011.0,'No synopsis yet - check back soon!',,,,Hana Hana Maron,
Crush Gear Turbo The Movie - Kaiservern's Ultimate Challenge, Gekitou! Crush Gear Turbo: Kaizabaan no Chousen,Movie,,Sunrise,,"Sports, Family Friendly",3.45,2002.0,,"'The very first Gear ever made in the world is stolen. The gear, named\xa0Kaiservern, beats the prize winners of the Australia convention one after another. Kouya and Manganji, who won a prize in the Asia Convention, become targets too. When the unidentified gear fighter who handles Kaiservern appears in front of Kouya and Manganji, the two boys decide to fight together to win a victory over their enemy.'",,,"Crush Gear Turbo, Crush Gear Nitro","Kouya Marino : Megumi Matsumoto, Takeshi Manganji : Akira Sasanuma, Hiroomi : Yuu Asakawa, Nobuhiro Kondou
Director, Kenichi Sudou
Music, Jam Project
Music, Yogo Kono
Music, Atsuo Tobe
Character Design, Shigemi Ikeda
Art Director","Nobuhiro Kondou : Director, Kenichi Sudou : Music, Jam Project : Music, Yogo Kono : Music, Atsuo Tobe : Character Design, Shigemi Ikeda : Art Director"
Galaxy Angel Z Special,,DVD S,,MADHOUSE,,Comedy,3.45,2002.0,,"'One day, after receiving a note from a mystery man, Forte suddenly takes a leave of absence from the Galaxy Angels. As the girls gossip about what their comrade could be getting up to, Ranpha decides to follow her and find out for herself, dragging Milfeuille and Normad along for the ride. Who is the enigmatic guy that sent the note to Forte and what does he want? More importantly, will Ranpha’s relentless meddling get her anywhere?'",,"Galaxy Angel, Galaxy Angel Party, Galaxy Angel Beta, Galaxy Angel II","Galaxy Angel, Galaxy Angel Z, Galaxy Angel A, Galaxy Angel S, Galaxy Angel X, Galaxy Angel A Specials, Galaxy Angel Rune","Forte Stollen : Mayumi Yamaguchi, Milfeulle Sakuraba : Ryouko Shintani, Ranpha Franboise : Yukari Tamura, Huey Volcott : Keiji Fujiwara, Mint Blancmanche : Miyuki Sawashiro, Normad : Mika Kanai, Vanilla H : Mika Kanai, Masumi Itou
Music, Mariko Fujita
Character Design","Masumi Itou : Music, Mariko Fujita : Character Design"
Lupin III: Return Of Pycal, Lupin III: Ikiteita Majutsushi,OVA  ,1.0,TMS Entertainment,,"Seinen, Criminals, Europe, Greece, Thieves, Original Work",3.45,2002.0,,"'While on the hunt for the Celestial Crystals, Lupin is confronted by the magician Pycal, who has previously survived immolation and a drop down a 50 foot waterfall thanks to our protagonist -- and consequently, is after the same treasure. Having collectively acquired 6 of the 7 crystals, they both rush to Greece retrieve the 7th. However, unfortunately for Lupin, Pycal already knows the secret of the crystals and is eager to use it against him.'",,"Lupin III, Lupin Kozou, Lupin III: World's Most Wanted","Lupin III: Pilot Film, Lupin III, Lupin III: Part II, Lupin III: The Mystery of Mamo, Lupin III: The Castle of Cagliostro, Lupin III: Part III, Lupin III: Legend of the Gold of Babylon, Lupin III: The Fuma Conspiracy, Lupin III: Secret Files, Lupin III Special 1: Bye Bye, Lady Liberty, Lupin III Special 2: The Hemingway Papers, Lupin III Special 3: Napoleon's Dictionary, Lupin III Special 4: From Siberia With Love, Lupin III Special 5: Voyage To Danger, Lupin III Special 6: Dragon of Doom, Lupin III: Farewell to Nostradamus, Lupin III Special 7: The Pursuit of Harimao's Treasure, Lupin III: Dead or Alive, Lupin III Special 8: The Secret Of The Twilight Gemini, Lupin III Special 9: Island of Assassins, Lupin III Special 10: Crisis in Tokyo, Lupin III Special 11: The Columbus Files, Lupin III Special 12: Missed by a Dollar, Lupin III Special 13: Alcatraz Connection, Lupin III Special 14: Episode 0 - First Contact, Lupin III Special 15: Operation Return the Treasure, Lupin III Special 16: Stolen Lupin, Lupin III Special 17: Angel Tactics, Lupin III Special 18: Seven Days Rhapsody, Lupin III Special 19: The Elusiveness of the Fog, Lupin III: Green vs Red, Lupin III Special 20: Sweet Lost Night, Lupin III Special 21: Lupin III vs Detective Conan, Monkey Majik: Lupin the Third, Lupin III Special 22: The Last Job, Lupin III Special 23: Blood Seal of the Eternal Mermaid, Lupin VIII: Arsene and Cie, Lupin III: Lupin Family All-Stars, Lupin III: The Woman Called Fujiko Mine, Lupin III 3DCG, Lupin III Special 24: Touhou Kenbunroku - Another Page, Lupin III Special 25: Princess of the Breeze - Kakusareta Kuuchuu Toshi, Lupin III: Jigen's Gravestone, Lupin III: Part IV Specials, Lupin III: Part IV, Lupin III Special 26: Italian Game, Lupin III: Goemon's Blood Spray, Lupin III: Part V, Lupin III: The First","Arsene Lupin Iii : Kanichi Kurita, Daisuke Jigen : Kiyoshi Kobayashi, Pycal : Nachi Nozawa, Fujiko Mine : Eiko Masuyama, Goemon Ishikawa Xiii : Makio Inoue, Koichi Zenigata : Goro Naya, Magnate : Junpei Takiguchi, Monkey Punch
Original Creator, Mamoru Hamatsu
Director, Yuuji Oono
Music, Satoshi Hirayama
Character Design, Mitsuru Ooshima
Producer, Rieko Ono
Producer","Monkey Punch : Original Creator, Mamoru Hamatsu : Director, Yuuji Oono : Music, Satoshi Hirayama : Character Design, Mitsuru Ooshima : Producer, Rieko Ono : Producer"
Pokemon Advanced,,TV   ,192.0,OLM,,"Adventure, Fantasy, Elemental Powers, Episodic, Family Friendly, Monsters, Proxy Battles, Based on a Video Game",3.44,2002.0,2006.0,"'After traveling and competing throughout the Orange Islands and Johto, Ash continues his adventure in the land of Hoenn. Accompanying him are whiz kid Max, gentle May, woman-crazy Brock, Pikachu and the rest of the pokemon gang. Along the way they encounter a Spoink who has lost his pearl, treasure ships, new and improved pokemon, and of course plenty of new battles and tournaments to be won. Gotta catch ‘em all!'",,"Pokemon: Machamp's 24-Hour Champ Police!, Pokemon: The Electric Tale of Pikachu, Pokémon Adventures, Magical Pokemon Journey, Pokémon: Diamond and Pearl Adventure!, Pokemon Mystery Dungeon: Ginji's Rescue Team, Pokemon Ranger, Pokemon Ranger and the Temple of the Sea, Pokemon: The Rise of Darkrai, Pokemon Diamond Pearl: Regigigas Hokaku Daisakusen!!, Pokemon Ranger Batonnage, Kaitou! Pokemon 7, Pokemon: Giratina & the Sky Warrior!, Pokémon: Arceus and the Jewel of Life, Pokemon ReBURST, Pokemon the Movie: White - Victini and Zekrom, Pokemon + Nobunaga no Yabou - Ranse Iroemaki, Pokémon: Diancie and the Cocoon of Destruction, Pokémon: Omega Ruby & Alpha Sapphire, Pokemon the Movie: Hoopa and the Clash of Ages, Pokemon the Movie XY&Z: Volcanion to Karakuri no Magiana, Pokemon Horizon: Sun & Moon, Pokémon: Sun & Moon, Pokemon the Movie: I Choose You! Remix, Pokémon the Movie: I Choose You!","Pokemon, Pokemon: Pichu Bros. in Party Panic, Pokemon: Gotta Dance!, Pokemon Movie 6: Jirachi Wish Maker, Pokemon Movie 7: Destiny Deoxys, Pokemon: Pikachu's Summer Festival, Pokemon Movie 8: Lucario and The Mystery of Mew, Pokemon: Pikachu's Ghost Carnival, Pokemon 4D: Pikachu`s Ocean Adventure, Pokemon Movie 9: Pokemon Ranger and the Temple of the Sea, Pokemon: Pikachu's Island Adventure, Pokemon: Diamond & Pearl, Pokemon: The Mastermind of Mirage Pokemon, Pokemon: Pikachu's Great Ice Adventure, Pokemon: Pikachu's Great Sparking Search, Pokemon: Pikachu's Big Mysterious Adventure, Pokemon: Black & White, Pokemon: Black & White - Rival Destinies, Pokemon: Black & White: Adventures in Unova, Pokemon: Black & White: Adventures in Unova and Beyond, Pokemon XY, Pokemon XY&Z, Pokemon Sun & Moon, Pokemon Journeys","Ash Ketchum : Rica Matsumoto, Ash'S Pikachu : Ikue Ootani, Brock : Yuuji Ueda, Max : Fushigi Yamada, May : Kaori., Ash'S Aipom : Miyako Ito, Ash'S Phanpy : Megumi Hayashibara, Ash'S Snorunt : Katsuyuki Konishi, Kunihiko Yuyama
Chief Director, Masamitsu Hidaka
Director, Shinji Miyazaki
Music, Sayuri Ichiishi
Character Design","Kunihiko Yuyama : Chief Director, Masamitsu Hidaka : Director, Shinji Miyazaki : Music, Sayuri Ichiishi : Character Design"
Digimon Frontier Movie: Revival of Ancient Digimon, Digimon Frontier Movie: Kodai Digimon Fukkatsu!!,Movie,,Toei Animation,,"Action, Sci Fi, Shounen, Family Friendly, Island, Monsters",3.43,2002.0,,"'The five digi-destined children stumble upon an ancient island inhabited by two different types of digimon; The Beast types, and the Human types. When they see two young digimon-a beast and humanoid-have become friends, they decide something must be done about the feud.'",,"Digimon Adventure V-Tamer 01, Digimon, Digimon Adventure (Light Novel), Digimon Frontier, Digimon Chronicle, Digimon Tamers, Digimon D-Cyber, Digimon Next, Digimon Xros Wars, Digimon Story Cyber Sleuth",Digimon Frontier,"Izumi Orimoto : Sawa Ishige, Junpei Shibayama : Masato Amada, Kouji Minamoto : Hiroshi Kamiya, Takuya Kanbara : Junko Takeuchi, Tomoki Himi : Kumiko Watanabe, Bearmon : Akemi Okamura, Bokomon : Kazuko Sugiyama, D'Arcmon : Takako Uehara, Takahiro Imamura
Director, Takanori Arisawa
Music, Shigeru Nishiyama
Editor","Takahiro Imamura : Director, Takanori Arisawa : Music, Shigeru Nishiyama : Editor"
Patlabor WXIII,"Alt titles: Mobile Police Patlabor: WXIII, WXIII Kidou Keisatsu Patlabor",Movie,,MADHOUSE,,"Mecha, Mystery, Sci Fi, Conspiracy, Real Robot, Original Work",3.42,2002.0,,"'When the level of Labor accidents begin to escalate around Tokyo Bay, police detectives Kusumi and Hata are assigned to investigate. What they discover leads to a series of government cover-ups, conspiracy concerning a new biological weapon entitled WXIII-Wasted Thirteen and a tragic, personal connection to Hata. The only hope to stop this threat is to cooperate with the military and lead WXIII into a showdown with the Labors of Special Vehicle Division 2.'",,Mobile Police Patlabor,"Patlabor: The Mobile Police, Patlabor: The Movie, Patlabor: The Mobile Police TV, Patlabor: The Mobile Police - New Files, Patlabor 2: The Movie, Mobile Police Patlabor Minimum: Minipato, Mobile Police Patlabor: Reboot","Shinichiro Hata : Hiroaki Hirata, Takeshi Kusumi : Katsuhiko Watabiki, Goro Ishihara : Junpei Morita, Kiichi Goto : Ryusuke Oobayashi, Monster, Saeko Misaki : Atsuko Tanaka, Shizuo Miyanomori : Shingo Hiromori, Toshiro Kurisu : Takanobu Hozumi, Masami Yuuki
Original Creator, Fumihiko Takayama
Director, Kouji Aritomi
Assistant Director, Kenji Kawai
Music, Hiroki Takagi
Character Design, Shouji Kawamori
Mechanical Design, Atsushi Sugita
Producer, Masahiro Fukushima
Producer","Masami Yuuki : Original Creator, Fumihiko Takayama : Director, Kouji Aritomi : Assistant Director, Kenji Kawai : Music, Hiroki Takagi : Character Design, Shouji Kawamori : Mechanical Design, Atsushi Sugita : Producer, Masahiro Fukushima : Producer"
Shin Megami Tensei Devil Children: Light & Dark, DemiKids: Light & Dark,TV   ,52.0,Actas,Fall ,"Action, Adventure, Fantasy, Family Friendly, Based on a Video Game",3.42,2002.0,2003.0,"'The year is 200X. Jin, Akira and Lena are three child hood friends who like mysterious things. One day in the library, along with the mysterious transfer student Ami, they find the ""Akuma Compendium"". They chanted an incantation in the book and, to their surprise, devils appeared. Ami then told Jin and Akira that they are the Devil Children that will decide the fate of the world. She hands them their Devil Risers. The group then pass through the ""Door of Time"" to the land of Valhalla where they fight an evil ruler known as Imperius who plans on conquering all of the world. The Nakama of Jin is Rand, a Sol Lion, and Akira\'s is Gale, a Hylon.'",,"Shin Megami Tensei, Shin Megami Tensei Devil Children: Light & Dark",Shin Megami Tensei: Devil Children,"Akira, Amy, Jin : Kazuhiro Shindou, Lena, Gale, Rand, Tetsuya Kobayashi
Director, Kunitoshi Okajima
Episode Director & Storyboard, Shinichi Watanabe
Storyboard, Kazuhito Kikuchi
Storyboard","Tetsuya Kobayashi : Director, Kunitoshi Okajima : Episode Director & Storyboard, Shinichi Watanabe : Storyboard, Kazuhito Kikuchi : Storyboard"
Full Moon wo Sagashite: Cute Cute Adventure, Full Moon wo Sagashite: Kawaii Kawaii Daibouken,TV Sp,,Studio DEEN,,"Comedy, Fantasy, Magical Girl, Age Transformation, Family Friendly, Magic",3.41,2002.0,,"'Thanks to Meroko, Mitsuki oversleeps one morning and is late for a television interview. In a hurry to get to the interview on time, she forgets to bring Takuto and Meroko along with her - and without them she cannot transform into Fullmoon! While Mitsuki tries to find another way to become her alter ego, Takuto and Meroko set off in their plushie cat and rabbit forms to find her; but along the way they face several problems of their own. Can the two locate Mitsuki and transform her into Fullmoon in time for the interview?'",,Full Moon (Arina TANEMURA),Full Moon wo Sagashite,"Meroko Yui : Chieko Honda, Mitsuki Koyama : Myco, Takuto Kira : Hiromi Ohtsuda, Arina Tanemura
Original Creator, Bob Shirohata
Director, Yuka Kudou
Character Design, Norio Yamakawa
Producer","Arina Tanemura : Original Creator, Bob Shirohata : Director, Yuka Kudou : Character Design, Norio Yamakawa : Producer"
Ojamajo Doremi no Jitensha Anzen Kyoushitsu,,OVA  ,3.0,,,"Educational, Family Friendly, Magic",3.41,2002.0,,'No synopsis yet - check back soon!',,,Ojamajo Doremi,"Momoko Asuka, Onpu Segawa, Doremi Harukaze, Pop Harukaze",
Kasumin 2nd Season,,TV   ,26.0,OLM,Fall ,"Comedy, Fantasy, Family Friendly, Original Work",3.41,2002.0,2003.0,'Second season of Kasumin.',,,"Kasumin, Kasumin 3rd Season","Kasumi Haruno : Kaori Mizuhashi, Arai-San : Hideyuki Umezu, Chintarou, Haniwa : Yuko Tachibana, Ryuunosuke : Yayoi Kuroda, Sakurame Kasumi : Rei Sakuma, Sanzaemon Kasumi : Shozo Iizuka, Sentarou Kasumi : Takahiro Sakurai, Mitsuru Hongo
Director, Yoshikazu Suo
Music, Yoshihiko Umakoshi
Character Design, Hisako Matsumoto
Producer","Mitsuru Hongo : Director, Yoshikazu Suo : Music, Yoshihiko Umakoshi : Character Design, Hisako Matsumoto : Producer"
Legend of Basara: Shinbashi Theater,,DVD S,,,,"Comedy, Animal Protagonists, Birds, Non-Human Protagonists",3.41,2002.0,,'No synopsis yet - check back soon!',,Basara,Legend of Basara,"Shinbashi, Yumi Tamura
Original Creator",Yumi Tamura : Original Creator
Shootfighter Tekken - The Tough,"Alt titles: High School Exciting Story: Tough, Koukou Tekken-den Tough",OVA  ,3.0,AIC,,"Action, Seinen, Hand to Hand Combat, Martial Arts, Based on a Manga, Explicit Violence",3.41,2002.0,,"""During his prime, Keybo Miyazawa's father fought the legendary Iron Kiba. Though they came to a stalemate, Kiba lost an eye and has held a grudge to this very day. Now, in the present, Keybo is the successor of the murderous Nanshin Shadow Style, which can easily kill a man where he stands. His father trains him well, but soon Kiba reappears and the two decide that Keybo and Kiba's disciples must battle to put an end to their feud. With many opponents in his way and no end to the feud (or Kiba's hatred) in sight, Keybo must deliver blow after bloody blow to clear his family's name and uphold the Nanshin Shadow Style.""",Explicit Violence,"Koukou Tekken-den Tough, Oton, Tough",,"Iron Kiba : Norio Wakamoto, Kiichi Miyazawa : Mitsuo Iwata, Seiko Miyazawa : Masakatsu Funaki, Kiyomasa Samon : Fumihiko Tachiki, Mitsuhide Kuroda : Tomokazu Sugita, Tetsuya Saruwatari
Original Creator, Yukio Nishimoto
Director, Fuminori Kizaki
Character Design, Yoshinori Chiba
Producer, Shigeru Nishiyama
Editor","Tetsuya Saruwatari : Original Creator, Yukio Nishimoto : Director, Fuminori Kizaki : Character Design, Yoshinori Chiba : Producer, Shigeru Nishiyama : Editor"
Digimon Tamers Movie: Runaway Locomon, Digimon Tamers Movie: Bousou Digimon Tokkyuu,Movie,,Toei Animation,,"Action, Sci Fi, Shounen, Family Friendly, Monsters",3.41,2002.0,,"'In a world where digital monsters (known as Digimon) have begun attacking mankind and are causing chaos and confusion, Digimon Tamers such as Takato, Rika, and Henry keep the peace and vanquish the malicious foes. One day, while waiting for a train, Takato and Rika got the surprise of a lifetime: a black and mysterious train-like Digimon who has commandeered the rails and is steaming its way all over the city! Its origin is uncertain and all it wants is to keep running and running… but beneath the surface, something sinister is going on. Can the gang stop this new menace and discover the source of its errant behavior, before evil forces can put their nefarious plan into action?'",,Digimon Tamers,"Digimon Tamers, Digimon Tamers Movie: The Adventurers' Battle","Jenrya Lee : Mayumi Yamaguchi, Jenrya'S Terriermon : Aoi Tada, Ruki Makino : Fumiko Orikasa, Ruki'S Renamon : Yuka Imai, Takato Matsuda : Makoto Tsumura, Takato'S Guilmon : Masako Nozawa, Guardromon, Hirokazu Shiota, Tetsuji Nakamura
Director, Takanori Arisawa
Music, Shigeru Nishiyama
Editor, Shinsuke Ishikawa
Key Animator","Tetsuji Nakamura : Director, Takanori Arisawa : Music, Shigeru Nishiyama : Editor, Shinsuke Ishikawa : Key Animator"
Time: Toki no Shiori, Minna no Uta: Time - Toki no Shiori,Music,,,,Minna no Uta,3.4,2002.0,,'No synopsis yet - check back soon!',,,,"Osamu Sakai
Director",Osamu Sakai : Director
Mizu no Kotoba,,TV Sp,,Studio Rikka,,"Drama, Shorts, Original Work",3.39,2002.0,,"'In a cafe, people spend their time talking to each other about what’s on their mind. They talk about troubles with love, spread gossip about a friend of a friend and tell about the time they saw a flying fish. The waitress of the cafe tries to teach a lesson to a boy that just broke up with his girlfriend that relationships don’t end when the people involved part ways. Overall, the other people in the cafe also become influenced by what tools of humanity and the human language can do for relationships between lovers and friends. The unbelievable is always tested by science and our own imaginations...'",,,,"Dame Otoko, Waitress, Big, Cool, Dumpling, Hong, Oshaberi, Yasuhiro Yoshiura
Director, Satoshi Watanabe
Music","Yasuhiro Yoshiura : Director, Satoshi Watanabe : Music"
Asobotto Senki Goku, Monkey Typhoon,TV   ,52.0,Studio Egg,Fall ,"Action, Adventure, Sci Fi, Shounen, Journey to the West, Based on a Manga",3.38,2002.0,2003.0,"'1000 years in the future, both humans and Asubots were in a bleak of destruction because of a strange phenomenon called the Destruction virus. But a prophecy in the past could save the earth. Goku, a powerfull 1st generation Asubot and Sanzo, a youth from 1000 years met along with their friends to fullfil the prophecy and save the earth from the destruction virus and from Professor D before he destroys the earth.'",,Assobot Goku,,"Gokuu : Kappei Yamaguchi, Jou : Nozomu Sasaki, Sanzou : Tomokazu Seki, Suzie : Mayumi Iizuka, Tongo : Takeharu Kunimoto, Mayin, Mamoru Hamatsu
Director, Kouhei Tanaka
Music, Tsuneo Ninomiya
Character Design, Fukashi Azuma
Producer, Kazunori Tanahashi
Episode Director, Takaaki Ishiyama
Storyboard, Kazuhito Kikuchi
Storyboard, Boa
Song Performance","Mamoru Hamatsu : Director, Kouhei Tanaka : Music, Tsuneo Ninomiya : Character Design, Fukashi Azuma : Producer, Kazunori Tanahashi : Episode Director, Takaaki Ishiyama : Storyboard, Kazuhito Kikuchi : Storyboard, Boa : Song Performance"
Pita-Ten,,TV   ,26.0,MADHOUSE,Spring,"Comedy, Fantasy, Shoujo, Angels, Demons, Interspecies Relationship, Non-Human Protagonists, Based on a Manga",3.37,2002.0,,"""Tragedy struck Kotaro Higuchi as a child in the form of his mother's death in a car accident. But fate has a funny way of doing things, and years after the fact an angel-in-training named Misha decides to pay him a visit. Joined by his fellow elementary school students, and later by the nicest demon you'll ever meet, Kotaro and Misha will embark on a journey of laughs and love.""",,"Pita-Ten, Pita-Ten (Light Novel)",,"Kotaro Higuchi : Miyuki Sawashiro, Misha : Yukari Tamura, Shia : Yukana, Hiroshi Mitarai : Motoko Kumai, Koboshi Uematsu : Rie Kugimiya, Takashi Ayanokouji : Mitsuki Saiga, Kaoru Mitarai : Sakura Nogawa, Ken : Asami Imai, Koge-Donbo
Original Creator, Yuuzou Satou
Director, Toshifumi Kawase
Director, Masumi Itou
Music, Kyuuta Sakai
Character Design, Tetsurou Satomi
Producer, Eiji Kanaoka
Producer","Koge-Donbo : Original Creator, Yuuzou Satou : Director, Toshifumi Kawase : Director, Masumi Itou : Music, Kyuuta Sakai : Character Design, Tetsurou Satomi : Producer, Eiji Kanaoka : Producer"
Tokyo Mew Mew, Mew Mew Power,TV   ,52.0,Pierrot,Spring,"Magical Girl, Romance, Sci Fi, Shoujo, Aliens, Animal Characteristics, Henshin Heroes, Magic, Monster-of-the-week, Sentai, Superheroes, Based on a Manga",3.37,2002.0,2003.0,"'Momomiya Ichigo was a normal girl, worried mostly about her crush, Aoyama Masaya. However, just as she was finally able to date him, she was struck by a mysterious beam and everything changed. She is now part of the Mew Project, genetically fused with an endangered species of cat. With her new powers and companions, she must protect the earth from invading aliens.'",,"Tokyo Mew Mew, Tokyo Mew Mew a la Mode",Tokyo Mew Mew New,"Ichigo Momomiya : Saki Nakajima, Lettuce Midorikawa : Kumi Sakuma, Mint Aizawa : Yumi Kakazu, Pudding Fong : Hisayo Mochizuki, Zakuro Fujiwara : Junko Noda, Blue Knight : Megumi Ogata, Keiichiro Akasaka : Hikaru Midorikawa, Kish : Daisuke Sakaguchi, Reiko Yoshida
Original Creator, Noriyuki Abe
Director, Masashi Sogo
Screenplay & Series Composition, Takayuki Negishi
Music, Mari Kitayama
Character Design, Ken Hagino
Producer, Akifumi Takayanagi
Producer, Hideyuki Kachi
Producer","Reiko Yoshida : Original Creator, Noriyuki Abe : Director, Masashi Sogo : Screenplay & Series Composition, Takayuki Negishi : Music, Mari Kitayama : Character Design, Ken Hagino : Producer, Akifumi Takayanagi : Producer, Hideyuki Kachi : Producer"
Chicchana Photographer, Minna no Uta: Chicchana Photographer,Music,,,,Minna no Uta,3.37,2002.0,,'No synopsis yet - check back soon!',,,,,
Mirmo Zibang!, Wagamama Fairy Mirumo de Pon!,TV   ,172.0,Studio Hibari,Spring,"Fantasy, Romance, Shoujo, Family Friendly, Magic, Person in a Strange World, Reverse Isekai, Based on a Manga",3.37,2002.0,2005.0,"""Mirumo is the selfish and chocolate-loving prince of a magical kingdom. As the successor of the kingdom, his father wants him to travel to the human world and study -- but Mirumo has other plans! Due to his unwillingness to go, the King declares that Mirumo must be married at once to his betrothed, the beautiful and clingy Ririmu. Things get even worse for Mirumo when Minami Kaede, a shy girl with a crush on the handsome Yuuki, wishes upon a magical cup for a fairy to give her the love she desires -- thus pulling Mirumo into the world of humans! But Mirumo and Kaede are not alone; Ririmu soon follows to help Yuuki, and Yashichi the Ninja to help Minami's rival for Yuuki's love, Hidaka Azumi! Hilarious antics abound in the new and complicated lives of these friends and enemies!""",,Mirumo de Pon!,,"Azumi Hidaka : Hitomi, Kaede Minami : Mai Nakahara, Kaoru Matsutake : Souichirou Hoshi, Mirumo : Etsuko Kozakura, Murumo : Rie Kugimiya, Rirumu : Mayuko Omimura, Setsu Yuuki : Yukitoshi Tokumoto, Yashichi : Yukiji, Hiromu Shinozuka
Original Creator, Kenichi Kasai
Director, Takayuki Negishi
Music, Masayuki Onchi
Character Design, Masuo Ueda
Producer, Naohiko Furuichi
Producer, Yukihiro Miyamoto
Episode Director, Takuo Suzuki
Storyboard","Hiromu Shinozuka : Original Creator, Kenichi Kasai : Director, Takayuki Negishi : Music, Masayuki Onchi : Character Design, Masuo Ueda : Producer, Naohiko Furuichi : Producer, Yukihiro Miyamoto : Episode Director, Takuo Suzuki : Storyboard"
Kinnikuman II Sei Movie 2: Muscle Ninjin Soudatsu! Choujin Daisensou,,Movie,,Toei Animation,,"Action, Comedy, Sports, Crude, Hand to Hand Combat, Superheroes, Weak to Strong, Wrestling",3.36,2002.0,,'No synopsis yet - check back soon!',,,,"Alexandria Meat : Konami Yoshida, Mantaro Kinniku : Masaya Onosaka, Gazelleman : Yasunori Masutani, Kazuo Nakano : Naoki Tatsuta, Keiko : Ai Nonaka, Kevin Mask : Ryotaro Okiayu, Rinko Nikaido : Fumiko Orikasa, Seiuchin : Takumi Yamazaki, Toshiaki Komura
Director, Masaki Satou
Character Design","Toshiaki Komura : Director, Masaki Satou : Character Design"
.hack//LIMINALITY,,OVA  ,4.0,BEE TRAIN,,"Mystery, Sci Fi, Original Work",3.36,2002.0,2003.0,"'While characters within the MMORPG entitled ""The World"" attempt to unravel the mystery that threatens their lives, others are trying to unearth the conspiracy in the real world. This is the story of these people, an unlikely group consisting of a strange middle-aged man, two young girls, and a young woman. United by their desire to find the truth, they delve into the labyrinthine nature of ""The World"" and its creator.'",,".hack//Legend of the Twilight, .hack//AI Buster (Light Novel), .hack//ZERO (Light Novel), .hack//Another Birth (Light Novel), .hack//GnU, .hack//G.U.+, .hack//XXXX, .hack//Alcor, .hack//CELL (Light Novel), .hack//Link, .hack//4koma, .hack//G.U. (Light Novel)",".hack//SIGN, .hack//Legend Of The Twilight, .hack//SIGN - Intermezzo, .hack//SIGN - Unison, .hack//GIFT, .hack//Roots, .hack//G.U. Returner, .hack//G.U. Trilogy, .hack//G.U. Trilogy Parody, .hack//Quantum, .hack//Quantum: Go, Our Chim Chims!!, .hack // The Movie, .hack//Versus: The Thanatos Report","Junichiro Tokuoka : Masashi Ebara, Kyouko Toono : Aya Hisakawa, Mai Minase : Sanae Kobayashi, Yuki Aihara : Saeko Chiba, Ichiro Sato : Toshihiko Seki, Emma Wielant, Eri : Aki Daitou, Harald Hoerwick : Takumi Yamazaki, Kazunori Ito
Screenplay & Series Composition, Daisuke Uchiyama
Producer, Shouko Nakamura
Key Animator, Yutaka Nakamura
Key Animator","Kazunori Ito : Screenplay & Series Composition, Daisuke Uchiyama : Producer, Shouko Nakamura : Key Animator, Yutaka Nakamura : Key Animator"
One Nyan Monogatari, Minna no Uta: One Nyan Monogatari,Music,,,,"Animal Protagonists, Cats, Dogs, Minna no Uta, Non-Human Protagonists",3.36,2002.0,,'No synopsis yet - check back soon!',,,,"Cat, Dog, Hiroshi Nishimura
Director",Hiroshi Nishimura : Director
Forza! Mario, Forza! Hidemaru,TV   ,26.0,Spring 2002,,"Sports, Animal Protagonists, Anthropomorphic, Non-Human Protagonists, Soccer",3.36,2002.0,,'No synopsis yet - check back soon!',,,,"Hidemaru : Mayumi Asano, Bison : Mizuki Saitou, Cleo : Misa Kimura, Dolf : Sadao Nunome, Gengorou : Yoshirou Matsumoto, Georg : Akimitsu Takase, Hanjirou : Kei Kobayashi, Inokuma : Kentarou Itou, Yoshihiro Takamoto
Director, Hajime Watanabe
Character Design","Yoshihiro Takamoto : Director, Hajime Watanabe : Character Design"
Digimon Frontier,,TV   ,50.0,Toei Animation,Spring,"Action, Adventure, Sci Fi, Shounen, Family Friendly, Monster-of-the-week, Monsters, Person in a Strange World",3.36,2002.0,2003.0,"'On a very boring day, Takuya and the gang receive mysterious messages on their cell phones instructing them to rendezvous at Shibuya Station. There, they find a train that takes them unexpectedly into the Digital World. A wild digimon known as Cherubimon is desperate to destroy the Digital World, and it’s up to Takuya and friends to stop him and his minions! Finding the three Great Angel Digimon could be the only way to stop Cherubimon; and so, Takuya sets forth to find them and solve the impending doom that awaits the Digital World.'",,Digimon Frontier,Digimon Frontier Movie: Revival of Ancient Digimon,"Izumi Orimoto : Sawa Ishige, Junpei Shibayama : Masato Amada, Kouichi Kimura : Kenichi Suzumura, Kouji Minamoto : Hiroshi Kamiya, Takuya Kanbara : Junko Takeuchi, Tomoki Himi : Kumiko Watanabe, Arbormon : Kenji Nomura, Bokomon : Kazuko Sugiyama, Yukio Kaizawa
Director, Takanori Arisawa
Music, Akiyoshi Hongou
Character Design","Yukio Kaizawa : Director, Takanori Arisawa : Music, Akiyoshi Hongou : Character Design"
Dragon Drive,,TV   ,38.0,MADHOUSE,Summer,"Action, Adventure, Comedy, Fantasy, Dragons, Person in a Strange World",3.36,2002.0,2003.0,"'Throughout his life, Oozora Reiji has always been rather half-hearted. Never able to fully dedicate himself to anything, he lives a sloppy day-to-day existence, until his classmate Yukino introduces him to Dragon Drive -- a virtual reality game. While Reiji garners a passion for the game, it would seem that its founders have other things in mind than simple entertainment. During a special training, Reiji discovers that Dragon Drive is more than just a game, and now must fight for the survival of the dragons as well as all of mankind!'",,Dragon Drive,,"Chibisuke : Chinami Nishimura, Daisuke Hagiwara : Masato Amada, Maiko Yukino : Yuko Sasamoto, Reiji Oozora : Romi Park, Goraoh, Hikaru Himuro : Kenichi Suzumura, Kouhei Toki : Kohei Kiyasu, Kyoji Tachibana : Tomokazu Sugita, Kenichi Sakura
Original Creator, Toshifumi Kawase
Director, Shinkichi Mitsumune
Music, Takahiro Umehara
Character Design, Kentarou Takahashi
Photography Director, Kunitoshi Okajima
Episode Director, Ryuichi Kimura
Episode Director & Storyboard, Toshinori Narita
Storyboard","Kenichi Sakura : Original Creator, Toshifumi Kawase : Director, Shinkichi Mitsumune : Music, Takahiro Umehara : Character Design, Kentarou Takahashi : Photography Director, Kunitoshi Okajima : Episode Director, Ryuichi Kimura : Episode Director & Storyboard, Toshinori Narita : Storyboard"
Please Teacher: Marie Love Theater," Onegai☆Teacher: Marie, Ai no Gekijou",DVD S,,,,"Comedy, Romance",3.35,2002.0,,"'Marie and Miriuru sit together on a bed, and through blushing cheeks, express their feelings for each other. They want to take things to the next level, but a technicality may stand in the way...'",,"Onegai Teacher, Onegai Teacher (Light Novel), Onegai Twins","Please Teacher, Please Teacher: Secret Couple, Please Teacher: Reminiscence, Please Twins, Please Twins: The Summer Never Ends","Marie, Miruru, Mizuho Kazami : Kikuko Inoue",
Gatekeepers 21,,OVA  ,6.0,GONZO,,"Action, Sci Fi, Aliens, Superpowers",3.35,2002.0,2003.0,"""Japan, present day: Alien Invaders are everywhere, taking over peoples' bodies. Fighting them is Isuzu Ayane, an introverted young girl with the ability to control powerful dimensional Gates. Under the guidance of Kageyama Reiji, a mysterious businessman, she battles Invaders and recruits new Gate Keepers. Will she and her new comrades be able to save the earth?""",,Gatekeepers,Gatekeepers,"Ayane Isuzu : Ikue Ootani, Miu Manazuru : Yukiko Hanioka, Ghost Girl : Mamiko Noto, Reiji Kageyama : Tomokazu Seki, Satoka Tachikawa : Sakura Nogawa, Yukino Houjou : Masami Suzuki, Chinami Watanabe : Chinami Nishimura, Daisuke Hashimoto : Takehito Koyasu, Hiroshi Yamaguchi
Producer & Director, Kouhei Tanaka
Music, Keiji Gotou
Character Design, Hiroaki Matsuura
Cg Director, Shouji Murahama
Producer, Daisuke Futagi
Producer, Masafumi Fukui
Producer, Kengo Shigemura
Editor","Hiroshi Yamaguchi : Producer & Director, Kouhei Tanaka : Music, Keiji Gotou : Character Design, Hiroaki Matsuura : Cg Director, Shouji Murahama : Producer, Daisuke Futagi : Producer, Masafumi Fukui : Producer, Kengo Shigemura : Editor"
Doraemon: Boku no Umareta Hi,,Movie,,Shin-Ei Animation,,"Sci Fi, Shounen, Cats, Family Friendly, Non-Human Protagonists, Robots, Based on a Manga",3.35,2002.0,,'No synopsis yet - check back soon!',,"Doraemon, Daichohen Doraemon, The Doraemons: Doraemon Game Comic, Doraemon Plus","Doraemon (1979), Doraemon: Doraemon Comes Back, Doraemon: Boku, Momotarou no Nanna no Sa, Dorami-chan: MiniDora SOS!!!, Dorami-chan: Hello Kyouryuu Kids!!, 2112: The Birth of Doraemon, Dorami & Doraemons: Robot School's Seven Mysteries, The Doraemons: Kaitou Dorapan Nazo no Chousenjou!, The Doraemons: Mushimushi Pyonpyon Daisakusen!, Doraemon: Doraemon Comes Back (1998), Doraemon: Nobita no Kekkon Zenya, The Doraemons: Strange, Sweets, Strange?, Doraemon: Obaa-chan no Omoide, The Doraemons: Goal! Goal! Goal!, Stand by Me Doraemon","Doraemon : Nobuyo Oyama, Nobita Nobi : Noriko Ohara, Shizuka Minamoto, Nobisuke Nobi, Gian : Kazuya Tatekabe, Gian'S Mother, Suneo Honekawa : Kaneta Kimotsuki, Suneo'S Mother, Hiroshi Fujimoto
Original Creator, Susumu Watanabe
Director, Shunsuke Kikuchi
Music, Jun Kaji
Producer, Taro Iwamoto
Producer, Yoshihiko Ichikawa
Producer","Hiroshi Fujimoto : Original Creator, Susumu Watanabe : Director, Shunsuke Kikuchi : Music, Jun Kaji : Producer, Taro Iwamoto : Producer, Yoshihiko Ichikawa : Producer"
Ultra Maniac OVA,,OVA  ,1.0,Ashi Productions,,"Fantasy, Romance, Shoujo, Magic, Based on a Manga",3.35,2002.0,,"""Magic and spells are superstitious and silly -- or at least, that's what Ayu used to think. The popular high schooler's life used to be filled with classwork and daydreams of Kaji, until Nina became involved in her life! Hailing from the Magic Kingdom, the witch apprentice is eager to help Ayu through any situation, including the inevitable loss of a tennis match against a rival she can't defeat: a boy! Luckily, to help her win, Nina devises a spell to turn her into something more appropriate: a male?! With time running out, can Ayu win the match and Kaji, even though she's no longer a she?""",,Ultra Maniac,Ultra Maniac,"Ayu Tateishi : Satsuki Yukino, Hiroki Tsujiai, Nina Sakura : Mayuko Omimura, Tetsushi Kaji : Hiroshi Kamiya, Wataru Yoshizumi
Original Creator, Nanako Shimazaki
Director, Miho Shimogasa
Character Design","Wataru Yoshizumi : Original Creator, Nanako Shimazaki : Director, Miho Shimogasa : Character Design"
Mirage of Blaze Recap, Honoo no Mirage: Muyou no Michi,TV Sp,,MADHOUSE,,"BL, Shounen-ai, Recap, Reincarnation, Based on a Light Novel",3.34,2002.0,,'A recap episode covering the first 4 episodes of\xa0Mirage of Blaze.',,,Mirage of Blaze,,
Feng Ji Yun Nu,,OVA  ,1.0,,,"Action, Chinese Animation, Martial Arts",3.33,2002.0,,'No synopsis yet - check back soon!',,,Storm Rider: Clash of the Evils,,
Happy Lesson,,TV   ,13.0,Studio Hibari,Spring,"Comedy, Harem, Romance, School Life, Based on a Manga",3.33,2002.0,,"'Chitose Hitotose was orphaned at a young age and is now in high school. He yearns for a family and a place to belong, but his long years of independence and isolation are setting his feet on a dangerous path. What is the solution that his teachers conceive? He needs a mother... but it\'s not just one, but five ""Mamas!"" Absolutely no one can discover that his teachers live under his roof, and he has to hide the fact from everyone, from the class president to the principal! With their maternal instincts in overdrive and mysterious pasts, can Chitose learn the lesson of happiness?'",,Happy Lesson,"Happy Lesson OVA, Happy Lesson Special, Happy Lesson Advance, Happy Lesson The Final","Chitose Hitotose : Daisuke Kishio, Kisaragi Ninomai : Akiko Kimura, Mutsuki Ichimonji : Ruri Asano, Satsuki Gokajou : Kahoru Sasajima, Uzuki Shitennou : Kimiko Koyama, Yayoi Sanzenin : Kikuko Inoue, Fumitsuki Nanakorobi : Ryouka Shima, Hazuki Yazakura : Mie Sonozaki, Iku Suzuki
Director, Yasunori Iwasaki
Music, Youichi Sakai
Music, Yuusuke Takahama
Music, Yasuhisa Katou
Character Design, Rondo Mizukami
Character Design, Saburou Oomiya
Producer, Seiya Numata
Animation Director","Iku Suzuki : Director, Yasunori Iwasaki : Music, Youichi Sakai : Music, Yuusuke Takahama : Music, Yasuhisa Katou : Character Design, Rondo Mizukami : Character Design, Saburou Oomiya : Producer, Seiya Numata : Animation Director"
Cheeky Angel Specials, Tenshi na Konamaiki Specials,DVD S,,,,,3.33,2002.0,2003.0,'No synopsis yet - check back soon!',,,Cheeky Angel,Megumi Amastuka : Megumi Hayashibara,
Natsu Koibana, Minna no Uta: Natsu Koibana,Music,,,,"Family Friendly, Minna no Uta",3.33,2002.0,,'No synopsis yet - check back soon!',,,,,
UFO Ultramaiden Valkyrie, UFO Princess Valkyrie,TV   ,12.0,TNK,Summer,"Comedy, Ecchi, Harem, Aliens, Non-Human Protagonists, Based on a Manga",3.32,2002.0,,"'Kazuto Tokino lives his tranquil life attending high school by day and running the family bath house by night; but his peace is all set to change. One fateful day, the Beautiful Princess Valkyrie crashes her spaceship into Kazuto’s public bath, killing the high-schooler outright! In order to revive him, Valkyrie gives the teen half of her soul, with the unfortunate side-effect of reverting the princess back to a child in both body and mind. Now the young Valkyrie is moving in to the bathhouse and, with her brash sister Hydra and over-protective catgirl maid Sanada following close behind, it seems Kazuto’s peaceful life is long behind him…'",,UFO Princess Valkyrie,"UFO Ultramaiden Valkyrie Special: Bridal Training, UFO Ultramaiden Valkyrie: Recap, UFO Ultramaiden Valkyrie 2: December Nocturne, UFO Ultramaiden Valkyrie 3: Bride of Celestial Souls' Day, UFO Ultramaiden Valkyrie 4: Banquet of Time, Dreams, and Galaxies","Kazuto Tokino : Kenichi Suzumura, Valkyrie : Hisayo Mochizuki, Adult Valkyrie : Megumi Ogata, Akina Nanamura : Saeko Chiba, Hydra : Chinami Nishimura, Rika Tokino : Omi Minami, Sanada : Rie Takada, Aiko Wakitani, Kaishaku
Original Creator, Shigeru Ueda
Director, Kenji Kawai
Music, Maki Fujii
Character Design, Kazuhito Kikuchi
Storyboard","Kaishaku : Original Creator, Shigeru Ueda : Director, Kenji Kawai : Music, Maki Fujii : Character Design, Kazuhito Kikuchi : Storyboard"
Genki! Genki! Nontan,,TV   ,15.0,POLYGON PICTURES,,"Animal Protagonists, Cats, Family Friendly, Music, Non-Human Protagonists, Short Episodes, Based on a Picture Book, CG Animation",3.32,2002.0,,'No synopsis yet - check back soon!',,,"Nontan to Issho, Genki! Genki! Nontan (2004), Genki! Genki! Nontan: Utaou! Christmas, Genki! Genki! Nontan (2006), Genki! Genki! Nontan: Deka Deka Arigatou, Genki! Genki! Nontan: Spoon Tan Tan Tan","Yutaka Kagawa
Director, Toshihiko Sahashi
Music","Yutaka Kagawa : Director, Toshihiko Sahashi : Music"
MegaMan: NT Warrior, Rockman.EXE,TV   ,56.0,XEBEC,Spring,"Action, Adventure, Comedy, Sci Fi, Proxy Battles",3.32,2002.0,2003.0,"'In the future, the net is connected to everything - from streetlights to kitchens. Each new convenience brings an opportunity for people to manipulate it. To facilitate the use of the net and to protect people from its dangers, citizens buy or create ""pets"". These cyber-creations not only help to find data, but also, protect them from threats. Rockman EXE revolves around a young boy, whose father has sent him a new prototype called Rockman.'",,"Mega Man Megamix, Rockman DASH, MegaMan NT Warrior, Rockman Zero, Rockman, Mega Man Gigamix","Rockman: Hoshi ni Negai wo, Rockman EXE Axess, Rockman.EXE Stream, MegaMan Maverick Hunter X: The Day of Sigma, Rockman.EXE Beast, Rockman.EXE: Hikari to Yami no Program, Rockman.EXE Beast+, Ryuusei no Rockman, Ryuusei no Rockman Tribe, SOUND HOLIC: X-Buster","Dex : Yusuke Numata, Glide.Exe : Yasuhiko Kawazu, Gutsman.Exe : Yoshimitsu Shimoyama, Lan Hikari : Kumiko Higa, Maylu : Kaori Mizuhashi, Megaman.Exe : Akiko Kimura, Roll.Exe : Masako Joh, Yai : Hinako Yoshino, Takao Kato
Director, Katsumi Horii
Music, Mitsuru Ishihara
Character Design, Noriko Kobayashi
Producer, Toshihiro Nakazawa
Producer, Sayako Muramatsu
Producer, Teruaki Sanematsu
Producer, Kazuhito Kikuchi
Storyboard","Takao Kato : Director, Katsumi Horii : Music, Mitsuru Ishihara : Character Design, Noriko Kobayashi : Producer, Toshihiro Nakazawa : Producer, Sayako Muramatsu : Producer, Teruaki Sanematsu : Producer, Kazuhito Kikuchi : Storyboard"
The Doraemons: Goal! Goal! Goal!,,Movie,,,,"Sci Fi, Shounen, Sports, Cats, Family Friendly, Non-Human Protagonists, Robots, Shorts, Soccer, Based on a Manga",3.31,2002.0,,"""Dr. Achimov has set up a special sports field in the middle of the ocean, and the Doraemons have just arrived to play a special game of\xa0soccer against the scientist's lackeys. However, with hidden springboards and\xa0giant sushi conveyor belts disrupting the game, and metal walls surrounding the goals, it's clear that the evil genius wasn't prepared to have a fair match. Can the Doraemons meet the challenge and score the winning goal, or will the cunning professor and all his gadgets prevail?""",,"Doraemon, Daichohen Doraemon, The Doraemons: Doraemon Game Comic, Doraemon Plus","Doraemon (1979), Doraemon: Doraemon Comes Back, Doraemon: Boku, Momotarou no Nanna no Sa, Dorami-chan: MiniDora SOS!!!, Dorami-chan: Hello Kyouryuu Kids!!, 2112: The Birth of Doraemon, Dorami & Doraemons: Robot School's Seven Mysteries, The Doraemons: Kaitou Dorapan Nazo no Chousenjou!, The Doraemons: Mushimushi Pyonpyon Daisakusen!, Doraemon: Doraemon Comes Back (1998), Doraemon: Nobita no Kekkon Zenya, The Doraemons: Strange, Sweets, Strange?, Doraemon: Obaa-chan no Omoide, Doraemon: Boku no Umareta Hi, Stand by Me Doraemon","Dorammed Iii, Doranikov, Dorarinho, Dora The Kid, Dr. Achimov, El Matadora, Wang Dora, Fujiko F. Fujio
Original Creator, Tetsuo Yasumi
Director, Shinji Miyazaki
Music","Fujiko F. Fujio : Original Creator, Tetsuo Yasumi : Director, Shinji Miyazaki : Music"
Happy Lesson Special,,DVD S,,Studio Hibari,,"Comedy, Harem",3.31,2002.0,,'No synopsis yet - check back soon!',,Happy Lesson,"Happy Lesson OVA, Happy Lesson, Happy Lesson Advance, Happy Lesson The Final",Kanna Togakushi,
Gerotan,,Web  ,6.0,,,"Comedy, Short Episodes, Original Work",3.31,2002.0,,'No synopsis yet - check back soon!',,,Cromartie High School,"Gerotan : Ayaka Saitou, Hiroaki Sakurai
Director",Hiroaki Sakurai : Director
Turn A Gundam II: Moonlight Butterfly, Turn A Gundam II: Gekkou Chou,Movie,,Sunrise,,"Action, Mecha, Sci Fi, Military, Political",3.31,2002.0,,"'Following the events of the first movie, the Militia finishes restoration work on its excavated spaceship and travels to the moon to deal with Gym Ghingnham and Agrippa Maintainer, who along with Dianna Soreil form a governing triumvirate over the Moonrace. On the moon, the political situation rapidly evolves as new deals are made, setting the stage for a decisive final battle to determine the relationship between the people of Earth and the technologically advanced Moonrace.'",,"Turn A Gundam, Turn A Gundam: Wind of the Moon","Turn A Gundam, Turn A Gundam I: Earth Light","Dianna Soreil : Rieko Takahashi, Kihel Heim : Rieko Takahashi, Loran Cehack : Romi Park, Sochie Heim :  Akino Murata, Agrippa Maintainer : Hiroya Ishimaru, Bruno : Kazunari Tanaka, Fran Doll : Kumiko Watanabe, Guin Sard Rhineford : Gou Aoba, Yoshiyuki Tomino
Director, Youko Kanno
Music, Akira Yasuda
Character Design, Shigemi Ikeda
Art Director, Satoshi Kubo
Producer, Yoshitaka Kawaguchi
Producer, Hiroyuki Hoshiyama
Screenplay","Yoshiyuki Tomino : Director, Youko Kanno : Music, Akira Yasuda : Character Design, Shigemi Ikeda : Art Director, Satoshi Kubo : Producer, Yoshitaka Kawaguchi : Producer, Hiroyuki Hoshiyama : Screenplay"
Mobile Police Patlabor Minimum: Minipato, Minipato,Other,,Production I.G,,"Comedy, Chibi, Parody, Short Episodes",3.31,2002.0,,"'Unlike most shows the three episodes are not only totally unrelated to each other but really don\'t follow a plot as such and are more a light hearted jibe at both the Patlabor series (TV and films) and other ""mecha"" Anime. Episode 1 is a brief introduction to the weaponry carried by the Ingram and how it was designed and why it is the way it is. Episode 2 looks at the design and maintenance of the Ingram 98 AV in SVU2 and takes a swipe at the marketing forces behind them (as in merchandising for the series). Episode 3 is the only one to attempt to expand on a very minor point raised in the original TV show and just how SVU2 is actually funded.'",,Mobile Police Patlabor,"Patlabor: The Mobile Police, Patlabor: The Movie, Patlabor: The Mobile Police TV, Patlabor: The Mobile Police - New Files, Patlabor 2: The Movie, Patlabor WXIII, Mobile Police Patlabor: Reboot","Kiichi Goto : Ryusuke Oobayashi, Shigeo Shiba : Shigeru Chiba, Shinobu Nagumo : Yoshiko Sakakibara, Isao Ota : Michihiro Ikemizu, Asuma Shinohara, Hiromi Yamazaki, Jitsuyama, Kaiho, Masami Yuuki
Original Creator, Kenji Kamiyama
Director, Kenji Kawai
Music, Tetsuya Nishio
Character Design, Atsushi Sugita
Producer, Masahiro Fukushima
Producer, Ryuji Mimoto
Producer","Masami Yuuki : Original Creator, Kenji Kamiyama : Director, Kenji Kawai : Music, Tetsuya Nishio : Character Design, Atsushi Sugita : Producer, Masahiro Fukushima : Producer, Ryuji Mimoto : Producer"
Tokyo Underground,,TV   ,26.0,Pierrot,Spring,"Action, Shounen, Superpowers, Based on a Manga",3.31,2002.0,,"'Beneath Tokyo lies a city whose inhabitants have inherited a natural ability to control the elements. After a civil uprising, two girls surface from the sub-terra in a bid to escape from this secret world. Together, Chelsea and Ruri \xa0stumble upon Asagi Rumina, a man who becomes determined to protect them from those who would pursue the maiden of life. After a close encounter with death, Rumina learns that he must develop a skill of his own to keep his newfound friends safe, especially as it seems to be his responsibility to stop the impending doom rising to take over the planet’s surface. Will his power of wind be enough to take on The Company, or will he be forced to kneel before those brandishing electricity, ice and shadow?'",,Tokyo Underground,,"Chelsea Rorec : Kaoru Morota, Ginosuke Isuzu : Souichirou Hoshi, Rumina Asagi : Tomokazu Seki, Ruri Sarasa : Haruhi Nanao, Emilia Runarif : Naoko Takano, Jilherts Mesett : Ayako Kawasumi, Kashin : Showtaro Morikubo, Kourin : Akiko Kimura, Akinobu Uraku
Original Creator, Hayato Date
Director, Akifumi Tada
Music, Yuuji Moriyama
Character Design, Fukashi Azuma
Producer, Yasuhiro Takemoto
Episode Director & Storyboard, Masahiko Murata
Episode Director & Storyboard, Kunitoshi Okajima
Episode Director & Storyboard","Akinobu Uraku : Original Creator, Hayato Date : Director, Akifumi Tada : Music, Yuuji Moriyama : Character Design, Fukashi Azuma : Producer, Yasuhiro Takemoto : Episode Director & Storyboard, Masahiko Murata : Episode Director & Storyboard, Kunitoshi Okajima : Episode Director & Storyboard"
Denkou Chou Tokkyuu Hikarian,,TV   ,52.0,Tokyo Kids,Spring,"Adventure, Comedy, Sci Fi, Shounen",3.31,2002.0,2003.0,'No synopsis yet - check back soon!',,,Chou Tokkyuu Hikarian,"West : Sachi Matsumoto, Akemi Matsuda : Mikiko Kurihara, Akemi'S Mother : Tomoko Kagita, Amarkand Iii : Souichirou Tanaka, Black Express : Shigeru Chiba, Doctor Yellow : Tetsu Inada, Dojiras : Miyako Ito, Dr. Matsudo : Kazuhiro Nakata, Hideaki Ooba
Director, Yuuzou Hayashi
Music, Gaku Miyao
Character Design, Fukashi Azuma
Producer, Haruo Sai
Producer","Hideaki Ooba : Director, Yuuzou Hayashi : Music, Gaku Miyao : Character Design, Fukashi Azuma : Producer, Haruo Sai : Producer"
The Treasures of the Desert, Sabaku no Takara no Shiro,OVA  ,1.0,Toei Animation,,"Adventure, Desert, Person in a Strange World",3.31,2002.0,,"'As Yuta dreams of owning the treasures of Dunhuang, he is miraculously transported there. The treasures he discovers are not what he imagined them to be.'",,,,"Yuta : Wendee Lee, Camel Gold : Kirk Thornton, Camel Silver : Dave Wittenberg, Chang : Michael Mcconnohie, General : Michael Sorich, Mitsuo : Barbara Goodson, Mr. Koyama : Dave Wittenberg, Yulang : Julie Maddalena, Daisaku Ikeda
Original Creator, Tomoharu Katsumata
Director, Seiji Yokoyama
Music","Daisaku Ikeda : Original Creator, Tomoharu Katsumata : Director, Seiji Yokoyama : Music"
Transformers: Armada, Chou Robot Seimeitai Transformers Micron Densetsu,TV   ,52.0,Actas,Winter,"Action, Mecha, Sci Fi, Combining Mecha, Non-Human Protagonists, Robots, Sentient Mecha, Super Robot, Transforming Mecha, War",3.3,2002.0,2003.0,"'The war between the Cybertrons and Destrons rages on planet Seibetron for the sake of controlling the microns, mini Transformers that can link with the bigger Transformers and give them unbeatable powers. Realising that the war is due to them, the microns were sent out to deep space by the Cybertrons on a Cybertron shuttle. The Destrons go in pursuit the shuttle but the shuttle managed to escape and crash-landed on earth. After 4 million years, 3 young brats accidentally activated the mysterious micron ship thus sending signals to both Cybertrons & Destrons. The war between the Cybertrons & the Destrons once again rages on earth to control the microns, thus revealing many mysteries of the universe including the dark force, Unicron.'",,"Transformers: The Manga, Transformers: The New Battle!!","Transformers: Scramble City, Transformers: The Movie, Transformers: The Headmasters, Transformers: Super-God Masterforce, Transformers: Victory, Transformers: Zone, Beast Wars II Chou Seimeitai Transformers, Beast Wars II Chou Seimeitai Transformers Movie, Chou Seimeitai Transformers: Beast Wars Neo, Transformers: Robots in Disguise, Transformers: Energon, Transformers: Robot Masters, Transformers: Energon Special, Transformers: Cybertron, Transformers: War for Cybertron - Siege, Transformers: War for Cybertron - Earthrise","Blurr : Brian Drummond, Carlos Lopez : Yukie Maeda, Hot Shot : Kousuke Okano, Jetfire : Scott Mcneil, Optimus Prime : Tooru Ookawa, Overload, Rad White : Kirby Morrow, Alexis Thi Dang : Akira Tomisaka, Hidehito Ueda
Director, Hayato Matsuo
Music, Jimajiroh Omote
Character Design, Yoshikazu Iwanami
Sound Director","Hidehito Ueda : Director, Hayato Matsuo : Music, Jimajiroh Omote : Character Design, Yoshikazu Iwanami : Sound Director"
Overman King Gainer,,TV   ,26.0,Sunrise,Fall ,"Action, Mecha, Sci Fi, Post-apocalyptic, Original Work",3.3,2002.0,2003.0,"'As the result of heavy pollution, mankind now lives in remote and desolate locations in order to survive. The government rules with an iron fist, keeping close control over the masses. Gainer is a boy who has been playing a video game so much that he has finally secured the title of King. However, the next day he is falsely arrested for allegedly starting an Exodus – a journey to the mythical paradise known as Yapan. While in prison, fellow prisoner Gain offers to help Gainer escape, so with nothing to lose Gainer finds an Overman and makes his exit. However, in order to return the favor, Gainer chooses to further Gain’s cause: protecting the Exodus movement, even though Gainer’s parents were killed for their anti-Exodus ways…'",,Overman King Gainer,,"Gain Bijou, Gainer Sanga, Sara Kodama, Adette Kistler, Cynthia Lane, Afar, Ana Medaiyu, Asuham Boone, Yoshiyuki Tomino
Chief Director, Kouhei Tanaka
Music, Yoshihiro Nakamura
Character Design, Kenichi Yoshida
Character Design, Kinu Nishimura
Character Design, Shigemi Ikeda
Art Director, Michiko Suzuki
Producer, Jun Yukawa
Producer","Yoshiyuki Tomino : Chief Director, Kouhei Tanaka : Music, Yoshihiro Nakamura : Character Design, Kenichi Yoshida : Character Design, Kinu Nishimura : Character Design, Shigemi Ikeda : Art Director, Michiko Suzuki : Producer, Jun Yukawa : Producer"
eX-Driver the Movie,,Movie,,Actas,,"Action, America, Cars, Original Work",3.29,2002.0,,"""The ex-Driver championship in Los Angeles has attracted the top racing teams from all over the world, including the Japanese team of Lorna, Lisa, and Souichi. However when they arrive in the United States, they are faced with disabling rouge vehicles, multiple kidnappings, and allegations that the sponsors are illegally gambling on the final race. When these plots disrupt the race itself, the international ex-Driver teams are forced to set aside their rivalry to stop the criminal's vehicle and bring him to justice!""",,,"eX-Driver, eX-Driver Danger Zone, eX-Driver the Movie Specials","Lisa Sakakino : Miki Nagasawa, Lorna Endou : Yoko Asada, Souichi Sugano : Yumiko Kobayashi, Kei Munakata : Unshou Ishizuka, Nina A Thunder : Michiko Neya, Kosuke Fujishima
Original Creator, Akira Nishimori
Director, Masumi Itou
Music, Takeshi Itou
Character Design, Kenichi Hamazaki
Character Design, Jun Yukawa
Producer","Kosuke Fujishima : Original Creator, Akira Nishimori : Director, Masumi Itou : Music, Takeshi Itou : Character Design, Kenichi Hamazaki : Character Design, Jun Yukawa : Producer"
Cosmo Warrior Zero: Hunt for Young Harlock, Young Harlock wo Oe! Cosmo Warrior Zero Gaiden,TV Sp,,Vega Entertainment,,"Sci Fi, Leijiverse",3.29,2002.0,,"'Pirates have kidnapped Zero in an attempt to finally defeat the notorious Captain Harlock. Harlock is bound by a promise to his friend Toshiro to protect his lab on a strange mushroom planet. Fates collide as Zero, Harlock, Sylviana and the pirate Hunter all pursue their own agendas during one decisive battle.'",,,"Cosmo Warrior Zero, Cosmo Warrior Zero: Marina's Special","Emeraldas : Kikuko Inoue, Warrius Zero : Toshiyuki Morikawa, Captain Harlock : Eiji Takemoto, Maetel : Satsuki Yukino, Tochiro Oyama : Tomohiro Nishimura, Yattaran : Yoshirou Matsumoto",
A Tree of Palme, Palme no Ki,Movie,,Palm Studio,,"Adventure, Fantasy, Non-Human Protagonists, Robots, Based on a Novel",3.28,2002.0,,"'Palme is a robot crafted from the wood of a rare tree;\xa0though he isn\'t a real boy, he wants nothing more than to please Xian, the wife of his master. Upon the eve of her death,\xa0Palme ceases to function, until one night he is brought an egg from a mysterious woman. ""The Egg of Touto must be returned to Soma,"" she says, and vanishes into the night. Now, with the help of newfound friends and allies, he must travel to The Below to return the treasure, before those who would steal it destroy\xa0both him\xa0and his companions.'",,,,"Palme : Akiko Hiramatsu, Popo : Megumi Toyoguchi, Baron : Rikako Aikawa, Gus : Unshou Ishizuka, Hota : Katsuhisa Houki, Koram : Yurika Hino, Mu : Etsuko Kozakura, Pu : Mika Kanai, Takashi Nakamura
Director, Takashi Harada
Music, Toshiyuki Inoue
Character Design, Tarou Maki
Producer, Shuuichi Kakesu
Editor","Takashi Nakamura : Director, Takashi Harada : Music, Toshiyuki Inoue : Character Design, Tarou Maki : Producer, Shuuichi Kakesu : Editor"
Nana Seven of Seven: Shougatsu Da yo! 7 x 7 = 49-nin no Nana?, Shichinin no Nana: Oshougatsu Da yo! 7 x 7 = 49-nin no Nana?,Other,,A.C.G.T,,"Shounen, Based on a Manga",3.28,2002.0,,'No synopsis yet - check back soon!',,,Nana Seven of Seven,,
Bakuto Sengen Daigander, Daigunder,TV   ,39.0,Brain's Base,Spring,"Action, Mecha, Sci Fi, Proxy Battles, Tournaments, Original Work",3.27,2002.0,,"""Akira Akebono, a young boy who is competing in a robot tournament where many of the robots are capable of transforming into animal forms. Akira wants to win the ultimate prize, the Titan Belt, with the help of his group of robots, all of which are capable of forming into the robot Daigunder. Daigunder is the creation of Akira's father, Professor Hajime Akebono. Together with a girl named Haruka, they compete under the name of Team Akira. However, Team Akira faces opposition from not only their competition, but a robot named Ginzan who is under the control of the evil Professor Maelstrom.""",,,,"Akira Akebono : Fujiko Takimoto, Daigunder : Kiyoyuki Yanada, Haruka Hoshi : Juri Ihata, Sarah : Tomoko Ishimura, Cassie : Masako Nozawa, Dragoburst : Norio Wakamoto, Rougamaru : Nobuyuki Hiyama, Hiroyuki Yano
Director, Yasunori Iwasaki
Music, Yoshikazu Iwanami
Sound Director, Fukashi Azuma
Producer","Hiroyuki Yano : Director, Yasunori Iwasaki : Music, Yoshikazu Iwanami : Sound Director, Fukashi Azuma : Producer"
Nana Seven of Seven, Shichinin no Nana,TV   ,25.0,A.C.G.T,Winter,"Comedy, Romance, Shounen, Henshin Heroes, School Life, Split Personality, Superheroes, Supernatural, Superpowers, Original Work",3.26,2002.0,,"""Nana Suzuki was just a normal girl with a not-so-normal inventor for a grandfather, until one day she tinkered with the wrong invention and found herself... surrounded by six other Nanas?! Each copy reflects one aspect of Nana's personality, can wield superpowers, and feels she has every right to keep her memories and her life. Now, with seven girls all vying for the same desk at school, the same clothes to wear and the same crush to fall in love with, only one question remains: who will become the real Nana?""",,Seven Of Seven,Nana Seven of Seven: Shougatsu Da yo! 7 x 7 = 49-nin no Nana?,"Hitomi Onodera : Miyu Matsuki, Nanacchi, Nanakko, Nanapon, Nanappe, Nanarin, Nanasama, Nana Suzuki, Yasuhiro Imagawa
Director & Original Creator & Series Composition, Yoshihisa Hirano
Music, Asako Nishida
Character Design, Nobuhiro Oosawa
Producer, Keisuke Iwata
Producer, Tatsuji Yamazaki
Producer, Mitsuko Ooya
Episode Director, Takatsugu Kobayashi
Episode Director","Yasuhiro Imagawa : Director & Original Creator & Series Composition, Yoshihisa Hirano : Music, Asako Nishida : Character Design, Nobuhiro Oosawa : Producer, Keisuke Iwata : Producer, Tatsuji Yamazaki : Producer, Mitsuko Ooya : Episode Director, Takatsugu Kobayashi : Episode Director"
Catman Specials,,DVD S,,,,"Comedy, Slice of Life, Animal Protagonists, Anthropomorphic, Cats, Non-Human Protagonists, Flash Animation",3.26,2002.0,2008.0,'No synopsis yet - check back soon!',,,"Catman, Catman Series II, Catman Series III",,
Turn A Gundam I: Earth Light, Turn A Gundam I: Chikyuu Kou,Movie,,Sunrise,,"Action, Mecha, Sci Fi, Military, Political",3.26,2002.0,,"""The year is C.C. 2345. Growing tensions between the Earthrace and Moonrace have spiraled into an all out war. Mankind's only hope for peace lies with a young Moonrace boy named Loran Cehack, and his mysterious Turn-A Gundam, a relic of a dark history which nearly destroyed the Earth centuries ago. As a citizen of the moon, Loran is loyal to the beautiful Queen Dianna Soreil, all the while fighting to keep the technologically superior Moonrace at bay as the pre-industrial Earthrace tries desperately to catch up.""",,"Turn A Gundam, Turn A Gundam: Wind of the Moon","Turn A Gundam, Turn A Gundam II: Moonlight Butterfly","Dianna Soreil : Rieko Takahashi, Kihel Heim : Rieko Takahashi, Loran Cehack : Romi Park, Sochie Heim : Akino Murata, Bruno : Kazunari Tanaka, Fran Doll : Kumiko Watanabe, Gavane Goonny : Houchuu Ootsuka, Guin Sard Rhineford : Gou Aoba, Yoshiyuki Tomino
Director, Youko Kanno
Music, Akira Yasuda
Character Design, Shigemi Ikeda
Art Director, Satoshi Kubo
Producer, Yoshitaka Kawaguchi
Producer, Hiroyuki Hoshiyama
Screenplay, Makoto Uno
Animation Director","Yoshiyuki Tomino : Director, Youko Kanno : Music, Akira Yasuda : Character Design, Shigemi Ikeda : Art Director, Satoshi Kubo : Producer, Yoshitaka Kawaguchi : Producer, Hiroyuki Hoshiyama : Screenplay, Makoto Uno : Animation Director"
Hamtaro Movie 2: Ham Ham Ham~Jya! Maboroshi no Princess,,Movie,,TMS Entertainment,,"Animal Protagonists, Family Friendly, Hamsters, Non-Human Protagonists",3.25,2002.0,,'No synopsis yet - check back soon!',,The Adventures of Hamtaro,"Hamtaro, Hamtaro Movie 1: Ham Ham Land no Daibouken, Hamtaro OVA 1: Hamtaro's Birthday! 3000 Hammy Steps in Search of Mommy, Minimoni: Minihams no Kekkon Song, Hamtaro Movie 3: Ham Ham Gran Prix Aurora Tani no Kiseki: Ribbon-chan Kiki Ippatsu, Hamtaro OVA 2: Ham-Hams Ahoy!, Hamtaro Movie 4: Hamtaro to Fushigi no Oni no Emon Tou, Hamtaro OVA 3: Rainbow Rescue, Hamtaro OVA 4: Ham-Ham Games, Tottoko Hamtaro Dechu","Bijou : Kazusa Murai, Hamtaro : Kurumi Mamiya, Kana Iwata, Laura Haruna, Oxnard : Rikako Aikawa, Boss : Kentarou Itou, Dexter : Chihiro Suzuki, Aham : Natsumi Abe, Ritsuko Kawai
Original Creator, Osamu Dezaki
Director, Motoyoshi Iwasaki
Music, Tadato Matsumoto
Producer","Ritsuko Kawai : Original Creator, Osamu Dezaki : Director, Motoyoshi Iwasaki : Music, Tadato Matsumoto : Producer"
Mahou no Star Magical Emi: Kumo Hikaru,,OVA  ,1.0,,,,3.25,2002.0,,'No synopsis yet - check back soon!',,,"Magical Star Magical Emi, Mahou no Star Magical Emi Semishigure, Magical Star Magical Emi Music Clip: Kaze no Invitation","Mai Kazuki : Youko Obata, Junichi Kazuki, Youko Kazuki, Yousuke Nakamori",
Angel Tales Specials,,DVD S,,Tokyo Kids,,"Fantasy, Harem, Romance, Angels, Non-Human Protagonists, Original Work",3.25,2002.0,,'No synopsis yet - check back soon!',,Angel Tales,"Angel Tales, Angel Tales 2, Angel Tales Omake","Goro Mutsumi : Hisayoshi Suganuma, Kurumi : Mayako Nigo, Ran : Rie Tanaka, Tsubasa : Sakura Nogawa, Akane : Saeko Chiba, Ayumi : Ayako Kawasumi, Midori : Akiko Kobayashi, Mika : Yukana",
Namida no Chikara, Minna no Uta: Namida no Chikara,Music,,,,Minna no Uta,3.24,2002.0,,'No synopsis yet - check back soon!',,,,"Kouji Nanke
Director",Kouji Nanke : Director
eX-Driver Danger Zone, eX-Driver: Nina & Rei Danger Zone,OVA  ,1.0,Actas,,"Action, Cars, Original Work",3.24,2002.0,,"""In the near future, all forms of transportation have become computer controlled. When one such miniature AI-controlled car starts causing havok with traffic, it's up to eX-D members Nina: an extraordinarily talented driver, and Rei: a mechanical whiz with an addiction to speed, to stop it. These talented women must move (and drive) quickly to discover the identity of the culprit, while consequently, trying to stay alive long enough to find out!""",,,"eX-Driver, eX-Driver the Movie, eX-Driver the Movie Specials","Nina A Thunder : Michiko Neya, Rei Kazama : Mami Kingetsu, Kei Munakata : Unshou Ishizuka, Touma : Fumihiko Tachiki, Kosuke Fujishima
Character Design & Original Creator, Shinichi Watanabe
Director, Kouichi Hatsumi
Character Design, Jun Yukawa
Producer","Kosuke Fujishima : Character Design & Original Creator, Shinichi Watanabe : Director, Kouichi Hatsumi : Character Design, Jun Yukawa : Producer"
Harukanaru Toki no Naka de ~Ajisai Yumegatari~,,OVA  ,2.0,Zexcs,,"Fantasy, Reverse Harem, Isekai, Person in a Strange World",3.23,2002.0,2003.0,"""Azusa was a normal high school student, until she was sucked down a well into a fantasy world full of monsters, demons, and surprises. Dubbed the priestess of the land of Kyou, she found herself joined by the Hachiyou, a group of people with magical powers, dedicated to protecting the priestess and the land. But all does not bode well for Azusa, as the demon Akuram wishes to claim her power for evil purposes. In addition, a malicious spirit is ravaging the townspeople, stealing their life energy! A day's work is never done for the priestess and her companions, it seems.""",,"Haruka: Beyond the Stream of Time, Harukanaru Toki no Naka de 4, Harukanaru Toki no Naka de 5","Harukanaru Toki no Naka de 2: Shiroki Ryuu no Miko, Haruka: Beyond the Stream of Time – A Tale of the Eight Guardians, Harukanaru Toki no Naka de: Character Endings, Harukanaru Toki no Naka de ~Hachiyou Shou~ OVA, Harukanaru Toki no Naka de ~Maihitoyo~, Harukanaru Toki no Naka de 3: Kurenai no Tsuki, Harukanaru Toki no Naka de 3: Onsen Chibi Special, Harukanaru Toki no Naka de 3: Owari Naki Unmei","Abe No Yasuaki : Akira Ishida, Akane Motomiya : Tomoko Kawakami, Akuram : Ryotaro Okiayu, Eisen : Souichirou Hoshi, Fujiwara No Takamichi : Shigeru Nakahara, Inori : Naozumi Takahashi, Minamoto No Yorihisa : Shinichirou Miki, Shimon Nagareyama : Kouki Miyata, Tooko Mizuno
Original Creator, Iku Suzuki
Director","Tooko Mizuno : Original Creator, Iku Suzuki : Director"
Kyou mo Chappy End, Minna no Uta: Kyou mo Chappy End,Music,,,,Minna no Uta,3.23,2002.0,,'No synopsis yet - check back soon!',,,,,
"Letchu, Getchu, Saru Getchu",,TV   ,76.0,Spring 2002,,"Comedy, Animal Protagonists, Anthropomorphic, Family Friendly, Non-Human Protagonists, Short Episodes, Based on a Video Game, CG Animation",3.22,2002.0,,'No synopsis yet - check back soon!',,,Saru Getchu Movie: Ougon no Pipo Helmet - Ukki Battle,,
Mama no Kekkon, Minna no Uta: Mama no Kekkon,Music,,,,Minna no Uta,3.22,2002.0,,'No synopsis yet - check back soon!',,,,,
Catman Series II,,Web  ,8.0,FCC,,"Slice of Life, Abstract, Animal Protagonists, Anthropomorphic, Cats, Music, Non-Human Protagonists, Flash Animation",3.21,2002.0,,"'Catman is still revelling in his solitary lifestyle, and wanders the streets passing the time however he sees fit. From becoming inspired by his kung-fu movie hero, to starting up a feud with a local apple salesman, the apathetic and foul-mouthed feline takes each day as it comes, even if it means getting beaten up or losing a possible lover…'",,,"Catman, Catman Specials, Catman Series III",Catman,
Panyo Panyo Di Gi Charat,,TV   ,48.0,Winter 2002,,"Comedy, Aliens, Chibi, Non-Human Protagonists, Short Episodes",3.21,2002.0,2003.0,"'Panyo Panyo is a prequel to the Di Gi Charat television series/OVAs, taking place when Dejiko and Puchiko are young(er) girls. Bored with the dreariness of their castle on Planet Di Gi Charat, they escape to the town to do what they want to do the most -- help others be happy! Much of the trademark randomness of the Di Gi Charat saga has been replaced in Panyo Panyo with syrupy sweetness and super-cute animation.'",,"Di Gi Charat Theater: Dejiko's Summer Vacation, Di Gi Charat, Di Gi Charat Theater: Dejiko's Adventure, Di Gi Charat Theater: Piyoko is Number One!, Di Gi Charat: Dejiko's Champion Cup Theater, Di Gi Charat Theater: Leave it to Piyoko!","Di Gi Charat, Di Gi Charat Summer Special 2000, Di Gi Charat Christmas Special, Di Gi Charat Ohanami Special, Di Gi Charat Tsuyu Specials, Di Gi Charat: Rocket from a Mouth, Di Gi Charat Natsuyasumi Special, Di Gi Charat Movie - A Trip to the Planet, Leave it to Piyoko!, Di Gi Charat Nyo, Di Gi Charat: Winter Garden","Dejiko : Asami Sanada, Gema : Yoshiko Kamei, Puchiko : Miyuki Sawashiro, Meek Charat, Pyocola Analogue Iii : Megumi Hayashibara, Rinna Charat, Mermaid Princess, Shigehito Takayanagi
Director, Motoyoshi Iwasaki
Music, Makoto Koga
Character Design, Masao Morosawa
Producer, Youko Nakano
Producer","Shigehito Takayanagi : Director, Motoyoshi Iwasaki : Music, Makoto Koga : Character Design, Masao Morosawa : Producer, Youko Nakano : Producer"
Gun Frontier,,TV   ,13.0,Vega Entertainment,Spring,"Action, Adventure, Comedy, Seinen, America, Guns, Leijiverse, Western, Based on a Manga",3.21,2002.0,,"""Gun Frontier: a sacred land for true men; a place where the weak aren't allowed to dream! Tochiro the samurai, the former sea pirate Harlock, and the mysterious Shinunora are searching the western front of the USA. They must face bandits, corrupt sheriffs and many other dangers; but even if it means tearing Gun Frontier from end to end, Tochiro will stop at nothing to find a lost clan of Japanese immigrants. It is they who can help him locate and rescue his sister, a master weapon smith who was kidnapped for her abilities.""",,Gun Frontier,,"Shinunora : Rica Matsumoto, Tochiro Oyama : Kappei Yamaguchi, Asaka : Yumi Kakazu, Ayame, Cozule : Hozumi Gouda, Ganman : Osamu Sakuta, Hana : Ryou Hirohashi, Heidelnoir : Kentarou Itou, Leiji Matsumoto
Original Concept, Souichirou Zen
Director, Hiroshi Motokura
Music, Keisuke Masunaga
Character Design, Miho Nakata
Character Design, Kouki Okagawa
Producer, Tomoyuki Imai
Producer, Toshiharu Namiki
Producer","Leiji Matsumoto : Original Concept, Souichirou Zen : Director, Hiroshi Motokura : Music, Keisuke Masunaga : Character Design, Miho Nakata : Character Design, Kouki Okagawa : Producer, Tomoyuki Imai : Producer, Toshiharu Namiki : Producer"
Boer no Mori e, Minna no Uta: Boer no Mori e,Music,,,,"Environmental, Family Friendly, Minna no Uta",3.2,2002.0,,'No synopsis yet - check back soon!',,,,,
Nurse Witch Komugi, Nurse Witch Komugi-chan Magikarte,OVA  ,5.0,Tatsunoko Production,,"Comedy, Magical Girl, Henshin Heroes, Idols, Magic, Otaku Culture, Parody, Original Work",3.2,2002.0,2004.0,"'The mischievous Komugi-chan is a cosplay idol and aspiring actress whose life is filled with adoring fans and jealous rivals. But secretly, Komugi-chan has a far more important and thankless job: a magical girl nurse who is tasked with saving the world! With the help of a magical syringe to fly on, an obligatory sidekick named Mugimaru and her Moe Moe Magical Shower special healing attack, Komugi-chan will overcome any obstacle... from mecha-anime cliches to viruses, to even death itself!'",,,"SoulTaker, Nurse Witch Komugi-chan Special, Nurse Witch Komugi Z, Nurse Witch Komugi Z Special, Nurse Witch Komugi R","Komugi Nakahara : Haruko Momoi, Koyori Kokubunji : Ikue Ootani, Mugimaru : Yuuji Ueda, Asuka Sakurai : Yukari Tamura, Kyousuke Date : Mitsuki Saiga, Megumi Akiba : Atsuko Enomoto, Posokichi : Ai Shimizu, Runa Tokisaka : Michiko Neya, Yoshitomo Yonetani
Director, Yasuhiro Takemoto
Director & Episode Director & Storyboard, Ryuji Takagi
Music, Akio Watanabe
Character Design, Hideaki Hatta
Producer, Kouhei Kawase
Producer, Takaya Ibira
Producer, Shouichi Yoshida
Producer","Yoshitomo Yonetani : Director, Yasuhiro Takemoto : Director & Episode Director & Storyboard, Ryuji Takagi : Music, Akio Watanabe : Character Design, Hideaki Hatta : Producer, Kouhei Kawase : Producer, Takaya Ibira : Producer, Shouichi Yoshida : Producer"
Wind -A Breath of Heart- Omake OVA,,OVA  ,1.0,Ajia-do,,"Drama, Romance, Slice of Life, Christmas, Supernatural, Based on a Visual Novel",3.19,2002.0,,"It's December 24th, and everyone is in the mood for Christmas festivities. Luckily Minamo, Hinata, Nozomi and the rest of the gang thought ahead and planned a...cosplay party?! The night is young and fantasies run rampant, as the friends make their way to the gathering; but though they'd like nothing more than to arrive quickly and safely, various obstacles stand in their way: a flying ship, express trains and a mysterious familiar young girl! Can the friends manage to get to the party on time?",,,"Wind: A Breath of Heart OVA, Wind: A Breath of Heart, Wind: A Breath of Heart Specials","Ryuuichirou Matsuyama
Producer",Ryuuichirou Matsuyama : Producer
Mirage of Blaze, Honoo no Mirage,TV   ,13.0,MADHOUSE,Winter,"BL, Shounen-ai, Reincarnation, Samurai, Supernatural, Based on a Light Novel",3.19,2002.0,,"In the present, there exists a spiritual world unseen to the average human being -- the Feudal Underworld, a place where the spirits of ancient samurai warlords battle for supremacy, while influencing the land of the living. Ougi Takaya thought he was a normal high school student, until a man named Naoe Nobutsuna informed him that he is the reincarnation of Uesugi Kagetora, one of a clan that is dedicated to exorcising these spirits. With the help of old friends and the spurn of new enemies, can Takaya come to admit the truth behind his existence?",,"Honoo no Mirage (Light Novel), Honoo no Mirage, Honoo no Mirage: Kaikou-hen - Mashiroki Zankyou (Light Novel), Honoo no Mirage: Bakumatsu-hen (Light Novel), Honoo no Mirage: Showa-hen (Light Novel)","Mirage of Blaze Recap, Mirage of Blaze: Rebels of the River Edge","Ayako Kadowaki : Sakiko Tamagawa, Nobutsuna Naoe : Shou Hayami, Takaya Ohgi : Toshihiko Seki, Yuzuru Narita : Taiki Matsuno, Danjo Kousaka : Kenyuu Horiuchi, Genan Hojyo : Katsunosuke Hori, Kasuke : Shigenori Soya, Kenshin Uesugi : Yoshiyuki Kaneko, Susumu Kudou
Director, Kouichirou Kameyama
Music, Itsuko Takeda
Character Design, Ryousuke Nakamura
Screenplay","Susumu Kudou : Director, Kouichirou Kameyama : Music, Itsuko Takeda : Character Design, Ryousuke Nakamura : Screenplay"
Knight Hunters: Eternity, Weiss Kreuz Gluhen,TV   ,13.0,ufotable,Fall ,"Action, Drama, Assassins, School Life",3.18,2002.0,2003.0,"There is trouble afoot at Koua Academy, home of an intellectually elite selection of students and teachers. The mysterious S-Class is not only the best of the best, but the superior force behind the actions and administration of the entire school. However, a recent chain of suicides has raised the attention of more than just the media. Weiss must band together for one last mission: to hunt down the evil mastermind responsible for the suicides and secret experiments at Koua Academy: Epitaph.",,"Weiss: An Assassin and White Shaman, Weiss Side B","Knight Hunters, Knights Hunter OVA","Aya Fujimiya : Takehito Koyasu, Ken Hidaka : Tomokazu Seki, Omi Tsukiyono : Hiro Yuuki, Hitoyuki Matsui
Director, Ufotable
Screenplay & Series Composition, Motoi Sakuraba
Music, Toshimitsu Kobayashi
Character Design, Hideki Tonokatsu
Storyboard, Yuuji Yanase
Animation Director","Hitoyuki Matsui : Director, Ufotable : Screenplay & Series Composition, Motoi Sakuraba : Music, Toshimitsu Kobayashi : Character Design, Hideki Tonokatsu : Storyboard, Yuuji Yanase : Animation Director"
Mt. Head, Atama Yama,Movie,,Yamamura Animation,,"Fantasy, Rakugo, Shorts",3.18,2002.0,,"After a miserly man consumes a batch of freshly-fallen cherries (seeds included), he finds himself in a hairy and unfortunate situation - a small cherry tree has sprouted from his balding forehead! With his mountain-like head becoming a tourist attraction, what's a miser to do?",,,,"Stingy Man, Narrator : Takeharu Kunimoto, Koji Yamamura
Director, Syzygys
Music","Koji Yamamura : Director, Syzygys : Music"
Candidate for Goddess OVA, Megami Kouhosei Special Curriculum,OVA  ,1.0,XEBEC,,"Sci Fi, Outer Space, Based on a Manga",3.18,2002.0,,"In the future, mysterious aliens called Victim have destroyed all the worlds of humanity except for Zion. Through the eyes of Ernest, a pilot of the Goddesses, we watch the rise and fall of the five Goddess pilots, and witness the growth of their successors, including the young Zero and Hiead. Though humanity's future appears bleak, it might just be saved by the efforts of these young men, and the female pilots that assist them...",,Candidate for Goddess,Candidate for Goddess,"Kizna Towryk :  Miki Nagasawa, Rei Enna : Yukimasa Obi, Erts Virny Cocteau : Kenji Nojima, Hiead Gner : Susumu Chiba, Ikhny Allecto : Rie Kugimiya, Aracd Narocke : Akira Ishida, Azuma Hijikata : Keiji Fujiwara, Clay Cliff Fortran : Hiroyuki Yoshino, Yukiru Sugisaki
Original Creator, Shinichi Yamaoka
Director & Character Design, Tomoyuki Asakawa
Music, Minoru Takanashi
Producer, Toru Sato
Producer, Tomomi Ishida
Producer, Toshinori Narita
Episode Director","Yukiru Sugisaki : Original Creator, Shinichi Yamaoka : Director & Character Design, Tomoyuki Asakawa : Music, Minoru Takanashi : Producer, Toru Sato : Producer, Tomomi Ishida : Producer, Toshinori Narita : Episode Director"
Wild 7: Another, Wild 7: Another Bouryaku Unga,TV   ,13.0,E&G Films,Spring,"Action, Guns, Mercenaries, Police, Based on a Manga, Sexual Content,, Violence",3.18,2002.0,,"When the Ancient Militia, a group of heavily armed terrorists, takes over the cruise ship Double Sea, a counterstrike team is put together behind the scenes to save the hostages, all VIPs from the international business world. The team leader is Japo, an amnesiac former mercenary with a heroic yet tragic past. He tracks down six other highly talented misfits from academia, law enforcement, and Hell Island, a mercenary training community. As these members of the newly-formed Team Wild train and clash with each other, the terrorists release a deadly plague on the ship and execute passengers whose companies fail to please. They also have a penchant for setting off explosives on board, which hints at a deeper motive. Eventually, skullduggery gives way to all-out action as the Wild 7 storm the Double Sea on motorcycles in a desperate bid to save the hostages before the ship goes down with everyone on board.","Sexual Content,, Violence",Wild 7,Wild 7,"Mikiya Mochizuki
Original Creator, Sumio Watanabe
Director & Character Design, Hiroshi Motokura
Music, Akira Takeuchi
Mechanical Design, Shinsuke Ishikawa
Animation Director","Mikiya Mochizuki : Original Creator, Sumio Watanabe : Director & Character Design, Hiroshi Motokura : Music, Akira Takeuchi : Mechanical Design, Shinsuke Ishikawa : Animation Director"
Beyblade the Movie: Fierce Battle, Bakuten Shoot Beyblade the Movie: Gekitou!! Takao vs. Daichi,Movie,,Nihon-Animedia,,"Action, Shounen, Family Friendly, Proxy Battles, Based on a Manga",3.18,2002.0,,"After winning the Japanese Beyblade Championship, Tyson and the rest of the Bladebreakers are going on vacation! They travel to their teacher's house for some rest and relaxation, but their beach getaway is interrupted when Daichi appears, demanding a rematch with Tyson. However, their battle is put on hold when the mysterious Shadow Bladers appear and kidnap Daichi and his rare Beyblade, Strata Dragoon. The thieves, evil spirits that had been sealed away for many years, plan to use Strata Dragoon to unleash their true power and destroy the world. Can Tyson and his friends rescue Daichi and defeat the Shadow Bladers before it's too late?",,"Beyblade, Beyblade Taisen Seiryuuden, Metal Fight Beyblade, Metal Fight Beyblade Zero G, Beyblade Burst, Bakuten Shoot Beyblade: Rising","Beyblade, Beyblade: V-Force, Beyblade: G Revolution, Beyblade: Metal Fusion, Metal Fight Beyblade vs. Taiyou: Shakunetsu no Shinryakusha Sol Blaze, Beyblade: Metal Masters, Beyblade: Metal Fury, Beyblade: Shogun Steel, Beyblade: Shogun Steel Specials, Beyblade: Burst, Beyblade: Burst God","Kenny : Houko Kuwashima, Max Tate : Ai Orikasa, Ray Kon : Aya Hisakawa, Tyson Granger : Motoko Kumai, Daichi Sumeragi : Nao Nagasawa, Dark Dragoon, Hilary Tachibana : Shiho Kikuchi, Kai Hiwatari : Urara Takano, Takao Aoki
Original Creator, Takuo Suzuki
Director, Yoshinori Nagamori
Character Design, Hiroyuki Hayase
Sound Director, Takao Murakami
Producer, Hiroya Nishimura
Producer","Takao Aoki : Original Creator, Takuo Suzuki : Director, Yoshinori Nagamori : Character Design, Hiroyuki Hayase : Sound Director, Takao Murakami : Producer, Hiroya Nishimura : Producer"
Shiawase Kyou Ryuu Ondo, Minna no Uta: Shiawase Kyou Ryuu Ondo,Music,,,,Minna no Uta,3.18,2002.0,,No synopsis yet - check back soon!,,,,"Yoko Kinoshita
Director",Yoko Kinoshita : Director
Rizelmine,,TV   ,24.0,IMAGIN,Spring,"Comedy, Romance, Sci Fi, Shounen, Panty Shots, School Life, Sudden Girlfriend Appearance, Based on a Manga",3.17,2002.0,,"In the present, the Japanese government has been conducting experiments to genetically engineer a human: a girl named Rizel. The experiment was a success -- sort of. While healthy and cheerful, 12-year-old Rizel also ended up possessing the uncanny need for “love” to further her development, as well as tears which were in fact volitile explosives! When sadness can end up destroying a city block, what's a girl to do except... get married?! For Iwari Tomori, the young man chosen as the most appropriate partner for Rizel, life is about to change, for better or for worse!",,Rizelmine,,"Rizel Iwaki : Rie Kugimiya, Tomonori Iwaki : Kappei Yamaguchi, Aoi Seimoto : Masumi Asano, Kyoko Yachigusa : Rie Tanaka, Natsumi Ihata : Yuuko Nagashima, Papa A : Hajime Iijima, Papa B : Toshitaka Shimizu, Papa C : Takashi Matsuyama, Yukiru Sugisaki
Original Creator, Yasuhiro Matsumura
Director, Toshihiko Sahashi
Music, Miwa Ooshima
Character Design, Masao Maruyama
Producer, Akio Sakai
Producer","Yukiru Sugisaki : Original Creator, Yasuhiro Matsumura : Director, Toshihiko Sahashi : Music, Miwa Ooshima : Character Design, Masao Maruyama : Producer, Akio Sakai : Producer"
Doudou,,Other,,,,"Adventure, Animal Protagonists, Non-Human Protagonists, Pigs, Short Episodes",3.17,2002.0,2003.0,No synopsis yet - check back soon!,,,,"Kazuhiro Hocchi
Director",Kazuhiro Hocchi : Director
Koi Hanabi, Minna no Uta: Koi Hanabi,Music,,,,Minna no Uta,3.17,2002.0,,No synopsis yet - check back soon!,,,,,
Sokkuri House, Minna no Uta: Sokkuri House,Music,,,,Minna no Uta,3.16,2002.0,,No synopsis yet - check back soon!,,,,,
Bremen no Muppet Musician, Minna no Uta: Bremen no Muppet Musician,Music,,,,Minna no Uta,3.16,2002.0,,No synopsis yet - check back soon!,,,,,
Pokemon: Camp Pikachu, Pokemon: Pika Pika Hoshizora Camp,OVA  ,,OLM,,"Fantasy, Animal Protagonists, Family Friendly, Forest, Monsters, Non-Human Protagonists, Based on a Video Game",3.16,2002.0,,"In the midst of a forest-covered desert, the Pichu brothers are traveling by train to their hometown, when suddenly they are catapulted into the distance. Stranded in the forest, it’s up to Pikachu, Tododile, Meowth, Bobafett, Togepi and a varied cast of characters to help them find their way back to the train and on their way! With freak storms, scary forests and obstacles in the way, can the Pichu brothers finally return home?",,"Pokemon: Machamp's 24-Hour Champ Police!, Pokemon: The Electric Tale of Pikachu, Pokémon Adventures, Magical Pokemon Journey, Pokemon Getto da ze!, Pokémon: Diamond and Pearl Adventure!, Pokemon Mystery Dungeon: Ginji's Rescue Team, Pokemon Ranger, Pokemon Ranger and the Temple of the Sea, Pokemon: The Rise of Darkrai, Pokemon Diamond Pearl: Regigigas Hokaku Daisakusen!!, Pokemon Ranger Batonnage, Kaitou! Pokemon 7, Pokemon: Giratina & the Sky Warrior!, Pokémon: Arceus and the Jewel of Life, Pokemon ReBURST, Pokemon the Movie: White - Victini and Zekrom, Pokemon + Nobunaga no Yabou - Ranse Iroemaki, Pokémon: Diancie and the Cocoon of Destruction, Pokémon: Omega Ruby & Alpha Sapphire, Pokemon the Movie: Hoopa and the Clash of Ages, Pokemon the Movie XY&Z: Volcanion to Karakuri no Magiana, Pokemon Horizon: Sun & Moon, Pokémon: Sun & Moon, Pokémon the Movie: I Choose You!",Pokemon Movie 5: Heroes - Latias and Latios,"Ash'S Pikachu : Ikue Ootani, Older Pichu Brother : Yumi Touma, Younger Pichu Brother : Satomi Koorogi, Jessie'S Wobbuffet : Yuuji Ueda, Team Rocket’S Meowth : Inuko Inuyama, Ash'S Cyndaquil : Yuuji Ueda, Ash'S Phanpy : Megumi Hayashibara, Ash'S Totodile : Chinami Nishimura, Kunihiko Yuyama
Director",Kunihiko Yuyama : Director
Hamtaro OVA 1: Hamtaro's Birthday! 3000 Hammy Steps in Search of Mommy,,OVA  ,1.0,TMS Entertainment,,"Adventure, Animal Protagonists, Family Friendly, Hamsters, Non-Human Protagonists",3.16,2002.0,,"It’s August 6th, and it's a very special day: Hamtaro’s birthday! After Laura tells him about his long lost mother, Hamtaro, Boss and Oxnard set out to find her in the town of Sumire – but it will take three thousand hammy steps to reach their destination! Along the way they encounter urban delights and sunflowers galore. In the meantime, the rest of the Ham Ham gang plan out a birthday party for their furry friend, sending out invitations far and wide. Happy birthday, Hamtaro!",,The Adventures of Hamtaro,"Hamtaro, Hamtaro Movie 1: Ham Ham Land no Daibouken, Hamtaro Movie 2: Ham Ham Ham~Jya! Maboroshi no Princess, Hamtaro Movie 3: Ham Ham Gran Prix Aurora Tani no Kiseki: Ribbon-chan Kiki Ippatsu, Hamtaro OVA 2: Ham-Hams Ahoy!, Hamtaro Movie 4: Hamtaro to Fushigi no Oni no Emon Tou, Hamtaro OVA 3: Rainbow Rescue, Hamtaro OVA 4: Ham-Ham Games, Tottoko Hamtaro Dechu","Bijou : Kazusa Murai, Boss : Kentarou Itou, Cappy, Hamtaro : Kurumi Mamiya, Laura Haruna, Oxnard : Rikako Aikawa, Dexter : Chihiro Suzuki, Jingle : Yuu Asakawa, Osamu Nabeshima
Director, Motoyoshi Iwasaki
Music, Junko Yamanaka
Character Design, Masatomo Sudou
Character Design","Osamu Nabeshima : Director, Motoyoshi Iwasaki : Music, Junko Yamanaka : Character Design, Masatomo Sudou : Character Design"
Mini-Chara Macross,,DVD S,,,,"Action, Mecha, Sci Fi, Chibi, Parody",3.15,2002.0,,No synopsis yet - check back soon!,,,Super Dimensional Fortress Macross,,
Sakura Wars: Sumire, Sakura Taisen: Sumire,OVA  ,1.0,Radix Ace Entertainment,,"Acting, Historical, Power Suits, Based on a Video Game",3.15,2002.0,,"During a pitched battle against the demons threatening the Imperial Capital, Sumire Kanzaki of the Flower Division feels her spiritual powers weakening without hope of recovery. However, Sumire's pride as a warrior and a performer will not let her fade away like a flickering candle. Rather, she elects to retire from fighting and from acting while her flame still blazes brightly. But before taking up a new position with her father's Kanzaki Heavy Industries Group, she sings one last song in a farewell performance dedicated to the fans and co-stars who have been with her all this time.",,Sakura Taisen: Kanadegumi,"Sakura Wars: Ouka Kenran, Sakura Wars: Gouka Kenran, Sakura Wars TV, Sakura Wars: The Movie, Sakura Wars: Ecole de Paris, Sakura Wars: Le Nouveau Paris, Sakura Wars: New York NY., Sakura Wars: Kanadegumi, Sakura Kakumei ~Hana Saku Otome-tachi~","Ichiro Ogami : Akio Suyama, Iris Chateaubriand : Kumiko Nishihara, Kanna Kirishima : Mayumi Tanaka, Leni Milchstrasse, Li Kohran : Yuriko Fuchizaki, Maria Tachibana : Urara Takano, Orihime Soletta, Sakura Shinguji : Chisa Yokoyama, Ouji Hiroi
Chief Director, Yuusaku Kiryuu
Chief Director, Kouhei Tanaka
Music, Hidenori Matsubara
Character Design, Masaki Tanaka
Character Design, Keisaku Okumura
Producer, Akira Nishino
Producer, Hitoyuki Matsui
Episode Director","Ouji Hiroi : Chief Director, Yuusaku Kiryuu : Chief Director, Kouhei Tanaka : Music, Hidenori Matsubara : Character Design, Masaki Tanaka : Character Design, Keisaku Okumura : Producer, Akira Nishino : Producer, Hitoyuki Matsui : Episode Director"
Argento Soma Special,,DVD S,,Sunrise,,"Action, Drama, Mecha, Sci Fi, Aliens, Military, Original Work, Bullying",3.13,2002.0,,No synopsis yet - check back soon!,Bullying,Argento Soma,Argento Soma,"Dan Simmons : Takehito Koyasu, Guenevere Green : Kikuko Inoue, Michael Hartland : Jouji Nakata, Sue Harris : Yui Horie, Amian : Houko Kuwashima, Henry Harris : Yuuji Takada, Kachika Harris : Sayuri, Lana Ines : Sayuri",
Step Up Love Story,"Alt titles: Futari Ecchi, Manga Sutra",OVA  ,4.0,Chaos Project,,"Comedy, Ecchi, Seinen, Borderline H, Married Life, Based on a Manga, Explicit Sex",3.13,2002.0,2004.0,"Makoto and Yura Onoda are a newly married couple. Luckily for them, even though their marriage was arranged, they are deeply in love. However, even though they are both 25, neither of them have any ‘intimate’ experience, and consequently, they are equally as unsure and clumsy. With a little advice from Yura's friends and sister, this newly-wed couple will eventually get it right and explore the hardships of marriage, and the wonderful world of sex, even in daring places and awkward situations.",Explicit Sex,"Futari Ecchi Short Story Special, Manga Sutra, Futari Ecchi for Ladies",Step Up Love Story (2014),"Makoto Onoda : Yuuji Ueda, Yura Onoda : Tomoko Kawakami, Akiko Onoda, Gorou : Susumu Chiba, Hiromi Takai : Fujiko Takimoto, Ikuyo Tonegawa : Yuu Sugimoto, Jun Onoda : Hyosei, Kaoru : Ai Uchikawa, Aki Katsu
Original Creator, Yuuji Moriyama
Director, Hiroshi Ishiodori
Director, Chiaki J. Konaka
Screenplay","Aki Katsu : Original Creator, Yuuji Moriyama : Director, Hiroshi Ishiodori : Director, Chiaki J. Konaka : Screenplay"
Gag Manga Biyori Jump Festa OVA,,OVA  ,1.0,Dax Production,,"Comedy, Shounen, Crude, Demons, Gag, Idols, Shorts, Based on a Manga",3.13,2002.0,,"When Saki, an up and coming idol, holds an autograph session and not a single soul turns up, her hapless editor is at a loss as to what to do. In his infinite wisdom the young man decides that threatening a nearby elementary school kid is then best way to go! However, when that fails it seems that his only choice is to hold an autograph showdown between Saki and the psychotic idol wannabe, Bururu. Then, when a reckless teenager makes a bungled attempt to summon Satan, he and his friends must try and send the devil back to the underworld, but with their attempts just making him all the more infuriated will they emerge from the experience unscathed?",,"Gag Manga Biyori, Gag Manga Biyori GB","Gag Manga Biyori, Gag Manga Biyori 2, Gag Manga Biyori 3, Gag Manga Biyori +","Kousuke Masuda
Original Creator",Kousuke Masuda : Original Creator
Shiritsu Araiso Koutougakkou Seitokai Shikkoubu,,OVA  ,2.0,Nippon Animation,,"School Life, Based on a Manga",3.13,2002.0,,"Students Tokitou Minoru and Kubota Makoto are members of the executive committee of the student council at their school, Araiso Private High School. Their duties are to ensure that the school is safe and the students behave themselves. Licensed to fight and intimidate when needed, the duo takes care of any and all of the problems of their high school, along with the other members of the committee. With rash tempers, flirting and violent behavior abounding, Tokitou and Kubota will help keep the peace at Araiso Private High School – or fight trying!",,Shiritsu Araiso Koutou Gakkou Seitokai Shikkoubu,,"Makoto Kubota, Minoru Tokitoh, Kazuya Minekura
Original Creator, Shinji Satoh
Director, Kouichirou Kameyama
Music, Hiroyuki Horiuchi
Character Design, Sanae Mitsugi
Producer","Kazuya Minekura : Original Creator, Shinji Satoh : Director, Kouichirou Kameyama : Music, Hiroyuki Horiuchi : Character Design, Sanae Mitsugi : Producer"
Princess Tutu Recaps,,Other,,Hal Film Maker,,"Non-Human Protagonists, Recap",3.12,2002.0,2003.0,No synopsis yet - check back soon!,,Princess Tutu,Princess Tutu,"Ahiru, Fakir, Mytho, Rue, Drosselmeyer, Edel, Lilie, Neko-Sensei",
Psychic Academy,,Web  ,24.0,E&G Films,Spring,"Comedy, Ecchi, Romance, Seinen, Love Triangle, Panty Shots, Psychic Powers, School Life, Short Episodes, Supernatural, Superpowers, Based on a Manga",3.11,2002.0,,"Ai has always lived in the shadow of his brother Zero, one of the strongest psychics of this generation. After Ai's aura tests true and he is recommended to the Psychic Academy (where his first love Orina attends), he sets off to follow his path. Once arriving in this chaotic place, where people can fight using just the power of their auras, new friends (such as the well-endowed Myuu) are drawn to his side. As he is forced to fight against those who hate psychics and psychics alike, he is also faced with a difficult choice: the girl from his past, or his new fiery soulmate?",,Psychic Academy,,"Ai Shiomi : Daisuke Sakaguchi, Myuu : Tsugumi Higasayama, Orina : Rie Takada, Buu : Shigeru Chiba, Faafa Dumdee : Moyu Arishima, Genta, Juo, Ren : Reiko Takagi, Aki Katsu
Original Creator, Shigeru Yamazaki
Director, Miho Shimogasa
Character Design, Tomoko Kawasaki
Producer, Masafumi Fukui
Producer, Tomohiro Yamada
Producer, Yasuharu Suidou
Producer, Tomio Yamauchi
Episode Director","Aki Katsu : Original Creator, Shigeru Yamazaki : Director, Miho Shimogasa : Character Design, Tomoko Kawasaki : Producer, Masafumi Fukui : Producer, Tomohiro Yamada : Producer, Yasuharu Suidou : Producer, Tomio Yamauchi : Episode Director"
Beyblade: V-Force, Bakuten Shoot Beyblade 2002,TV   ,51.0,MADHOUSE,Winter,"Action, Sci Fi, Shounen, Family Friendly, Monsters, Proxy Battles, Based on a Manga",3.11,2002.0,,"After winning the title of World Champion Beyblader, Tyson’s ego couldn’t be more extreme. The other members of the Bladebreakers have moved on to tasks of their own: Max is studying up at a research lab, Ray returned home and is teaching kids how to play the game, and Kai has disappeared. Their thrill of winning soon fades as each member is targeted one by one by hooded opponents who possess blades with invisible bit-beasts within! Unfortunately for the gang, they are also being hunted by a secret evil organization who wants the Bladebreakers’ bit beasts for themselves. Countless battles and fierce opponents await our champions!",,"Beyblade, Beyblade Taisen Seiryuuden, Metal Fight Beyblade, Metal Fight Beyblade Zero G, Beyblade Burst, Bakuten Shoot Beyblade: Rising","Beyblade, Beyblade the Movie: Fierce Battle, Beyblade: G Revolution, Beyblade: Metal Fusion, Metal Fight Beyblade vs. Taiyou: Shakunetsu no Shinryakusha Sol Blaze, Beyblade: Metal Masters, Beyblade: Metal Fury, Beyblade: Shogun Steel, Beyblade: Shogun Steel Specials, Beyblade: Burst, Beyblade: Burst God","Hilary Tachibana : Shiho Kikuchi, Kai Hiwatari : Urara Takano, Kenny : Houko Kuwashima, Max Tate : Ai Orikasa, Ray Kon : Aya Hisakawa, Tyson Granger : Motoko Kumai, Dizzi, Dunga : Yasuhiro Takato, Takao Aoki
Original Creator, Yoshio Takeuchi
Director, Yoshinori Nagamori
Character Design, Hiroyuki Hayase
Sound Director, Shinichi Ikeda
Producer, Susumu Matsuyama
Producer","Takao Aoki : Original Creator, Yoshio Takeuchi : Director, Yoshinori Nagamori : Character Design, Hiroyuki Hayase : Sound Director, Shinichi Ikeda : Producer, Susumu Matsuyama : Producer"
GREAT3: Oh Baby Plus,,Music,,,,,3.11,2002.0,,No synopsis yet - check back soon!,,,,"Akito Katayose, Kenichi Shirane, Kiyoshi Takakuwa, Great3
Music",Great3 : Music
Warabigami: Ten no Komoriuta, Minna no Uta: Warabigami: Ten no Komoriuta,Music,,,,Minna no Uta,3.1,2002.0,,No synopsis yet - check back soon!,,,,,
I''s OVA," From I""s",OVA  ,2.0,Pierrot,,"Romance, Shounen, Love Triangle, Based on a Manga",3.1,2002.0,2003.0,"Would you remember a promise you made ten years ago? This central question of promises, of memories, and of love -- this is the question that plagues a group of friends in Japan: a young and very talented girl who is well on her way to becoming a superstar, an average guy with an eye for beauty, and a girl from their past. She has returned from a trip to the USA because she remembers a promise they all made ten years ago.. but ten years is a long time, and memories are easily forgotten. Who knows what could come from this reunion...",,I''s,"I''s Pure Bonus, I''s Pure","Ichitaka Seto : Takahiro Sakurai, Iori Yoshizuki : Shizuka Itou, Itsuki Akiba : Asuka Nakase, Yousuke Ichimura : Kazuya Ichijo, Jun Koshinae : Akira Ishida, Nami Tachiba : Sanae Kobayashi, Reiko, Yasuo Teratani : Atsushi Kisaichi, Masakazu Katsura
Original Creator, Shigenori Kageyama
Director & Screenplay & Storyboard, Torsten Rasch
Music, Rin-Sin
Character Design, Osamu Koshinaka
Producer, Ryuunosuke Tsuno
Producer","Masakazu Katsura : Original Creator, Shigenori Kageyama : Director & Screenplay & Storyboard, Torsten Rasch : Music, Rin-Sin : Character Design, Osamu Koshinaka : Producer, Ryuunosuke Tsuno : Producer"
My Beautiful Girl Mari, Mari Iyagi,Movie,,,,"Drama, Fantasy, Slice of Life, Childhood Friends, Family Friendly, Korean Animation",3.1,2002.0,,"My Beautiful Girl, Mari is a story of two childhood friends, Nam-woo and Jun-ho, who are growing up in a fishing village full of unwanted change. With the discovery of a glowing marble, Nam-woo sometimes finds himself in a lush, dreamlike world, inhabited by a beautiful girl named Mari. With more change inevitable, Nam-woo and Jun-ho struggle to cope with reality, even when tragedy strikes.",,,,"Jun-Ho, Namoo",
Bomberman Jetters,,TV   ,52.0,J.C.Staff,Fall ,"Action, Adventure, Comedy, Sci Fi, Family Friendly, Police, Based on a Video Game",3.09,2002.0,2003.0,"Shirobon is the newest member of the Jetters, a defense force against theHigehige-dan, a criminal gang bent on stealing all the unique objects in theuniverse. Immature and inexperienced, he has it tough as the main fighter ofa team whose best member has gone missing: Mighty, Shirobon's older brother. As Shirobon and his motley rambunctious crew take on theHigehige-dan with quirky and comic results, greater issues emerge: CanShirobon overcome his grief over Mighty's disappearance and fill hisbrother's shoes? Will they find out what happened to Mighty?",,,"Bomberman B-Daman Bakugaiden, Bomberman B-Daman Bakugaiden V","Mujoe : Kouji Ishii, Shirobon : Tomoko Kaneda, Birdy : Masami Iwasaki, Shout : Risa Mizuno, Achoe, Bagura : Mugihito, Bat Bomber : Ryo Naitou, Bear Bomber : Ryo Naitou, Katsuyuki Kodera
Director, Kazunori Maruyama
Music, Hisashi Kagawa
Character Design, Atsuo Sugiyama
Producer, Ryouki Kamitsubo
Episode Director","Katsuyuki Kodera : Director, Kazunori Maruyama : Music, Hisashi Kagawa : Character Design, Atsuo Sugiyama : Producer, Ryouki Kamitsubo : Episode Director"
Penis,,Movie,,,,"Abstract, Shorts",3.09,2002.0,,No synopsis yet - check back soon!,,,,"Isamu Hirabayashi
Director",Isamu Hirabayashi : Director
I'll/CKBC,,OVA  ,2.0,M.S.C.,,"Shounen, Sports, Basketball, Based on a Manga",3.09,2002.0,2003.0,"Hiiragi Hitonari is a talented basketball player, who can't seem to escape from being in the shadow of his older brother, a college-level basketball star. As a member of the Kouzu High basketball team, Hitonari has to deal with many pressures, such as excelling in his field with a sub-par team, and beating his friend and rival Tachibana Akane. But when Tsurugizaki, an elite high school with a notoriously good team, tries to recruit Hitonari, Akane and the rest of the team won't let go without a fight!",,"I'll, Crazy Kouzu BC",,"Akane Tachibana : Noboru Kannatsuki, Hitonari Hiiragi : Hiroshi Kamiya, Sumire Yoshikawa : Ryouka Yuzuki, Gaku Takayanagi : Takahiro Sakurai, Koji Kanemoto : Mitsuki Saiga, Kyoko Minefuji : Aya Hisakawa, Masahito Hiiragi, Mika Horii : Sanae Kobayashi, Hiroyuki Asada
Original Creator, Itsurou Kawasaki
Director, Kanami Sekiguchi
Character Design, Mamiko Namazue
Producer","Hiroyuki Asada : Original Creator, Itsurou Kawasaki : Director, Kanami Sekiguchi : Character Design, Mamiko Namazue : Producer"
Green Green OVA,,OVA  ,1.0,,,"Comedy, Ecchi, Romance, All-Girls School, Panty Shots, School Life, Based on an Eroge, Based on a Visual Novel",3.09,2002.0,,"The boys of Kanenone Gakuen are visiting an all-girls school in preparation for it to possibly turned co-ed. The perverted Bacchi-Gu and Ichiban are determined to catch a glimpse of some delicious female nakedness and as a result, are caught peeping. After being accused of panty theft, the surprisingly innocent duo is determined to clear their names; together, they set forth to find the real thief and put a stop to the accusation!",,Green Green (Light Novel),"Green Green, Green Green Character DVD, Green Green Thirteen: Erolutions","Midori Chitose : Sara Nakayama, Yuusuke Takasaki : Atsushi Kisaichi, Arisa Haruno : Noriko Yoshitake, Chigusa Iino : Mariko Suzuki, Futaba Kutsuki : Eriko Fujimaki, Hikaru Ichiban-Boshi : Jin Domon, Reika Morimura : Kana Ueda, Sanae Minami : Saori Sugimoto, Milktub
Music, Shinji Katakura
Character Design, Takayuki Imayama
Producer, Rie Matsubara
Editor","Milktub : Music, Shinji Katakura : Character Design, Takayuki Imayama : Producer, Rie Matsubara : Editor"
Blue Gender: The Warrior,,Movie,,AIC,,"Action, Horror, Sci Fi, Insects, Post-apocalyptic, Survival",3.09,2002.0,,"In the early 21st century, the emergence of an incurable condition known as B-cell growth led some of the affected to become ""Sleepers"" - people put under statis until a cure could be found. Yuji Kaido is one such Sleeper who awakens, several decades later, to a horrifying new reality. Giant bugs known as Blue have invaded the Earth, eating everything - and everyone - in sight. Now, all Yuji can do is escape from the city with the ones who saved him from his inevitable death, and make their way towards Second Earth: mankind's new home in space.",,Blue Gender,Blue Gender,"Marlene Angel : Houko Kuwashima, Yuji Kaido : Kenji Nojima, Joey Heald : Hisayoshi Suganuma, Robert Bradley : Yukitoshi Hori, Seno Miyagi : Katsunosuke Hori, Amick Hendar : Chizu Yonemoto, Chairman Victor : Norio Wakamoto, Keith Bean : Nobutoshi Canna, Ryousuke Takahashi
Original Creator, Kouichi Oohata
Director, Kuniaki Haishima
Music, Fuminori Kizaki
Character Design, Yoshikazu Iwanami
Sound Director, Hiroaki Inoue
Producer","Ryousuke Takahashi : Original Creator, Kouichi Oohata : Director, Kuniaki Haishima : Music, Fuminori Kizaki : Character Design, Yoshikazu Iwanami : Sound Director, Hiroaki Inoue : Producer"
Pa Para Papa, Minna no Uta: Pa Para Papa,Music,,,,Minna no Uta,3.08,2002.0,,No synopsis yet - check back soon!,,,,,
Gravion, Choujuushin Gravion,TV   ,13.0,GONZO,Fall ,"Action, Comedy, Mecha, Sci Fi, Original Work",3.08,2002.0,,"In the distant future, the universe is under attack by robotic destroyers named Zeravire whose goal is to eradicate all of mankind. Enter Klein Sandman, a millionaire with a penchant for saving the world – or at least, one can assume. He’s built the mecha Gravion, a machine capable of destroying the Zeravire with the help of several young pilots, but piloting it comes at a high price. Along with sheltered Toga, well endowed Mizuki and a varied cast of pilots and maids alike, young Shigure Eiji must help lead Gravion to victory, else all of humanity will perish!",,"Choujuushin Gravion (Light Novel), Choujuushin Gravion Zwei (Light Novel)",Gravion Zwei,"Eiji Shigure : Kenichi Suzumura, Eina : Mai Nakahara, Klein Sandman : Shou Hayami, Leele : Houko Kuwashima, Luna Gusuku : Haruna Ikezawa, Mizuki Tachibana : Yuu Asakawa, Toga Tenkuji : Jun Fukuyama, Alex Smith : Junichi Suwabe, Masami Obari
Director & Episode Director & Mechanical Design & Original Creator & Storyboard, Masumi Itou
Music, Makoto Uno
Character Design, Junichi Takaoka
Character Design, Yousuke Kabashima
Mechanical Design, Shouji Murahama
Producer, Oshi Yoshinuma
Producer, Sadakazu Kikuchi
Producer","Masami Obari : Director & Episode Director & Mechanical Design & Original Creator & Storyboard, Masumi Itou : Music, Makoto Uno : Character Design, Junichi Takaoka : Character Design, Yousuke Kabashima : Mechanical Design, Shouji Murahama : Producer, Oshi Yoshinuma : Producer, Sadakazu Kikuchi : Producer"
Tetopettenson,,Music,,,,Minna no Uta,3.07,2002.0,,No synopsis yet - check back soon!,,,,"Jun Inoue
Song Performance",Jun Inoue : Song Performance
Goldfish Fetish,,Movie,,,,Shorts,3.07,2002.0,,No synopsis yet - check back soon!,,,,"Keiichi Tanaami
Director",Keiichi Tanaami : Director
Schneider TM: Frogtoise,,Music,,,,"Japanese Mythology, Supernatural",3.06,2002.0,,No synopsis yet - check back soon!,,,,"Kappa, Katsuki Tanaka
Director, Schneider Tm
Song Performance","Katsuki Tanaka : Director, Schneider Tm : Song Performance"
Shin Seiki Den Mars,,TV   ,13.0,Plum,Fall ,"Action, Mecha, Sci Fi",3.06,2002.0,2003.0,"Mars is discovered on a forming volcano island, Heisei; a man with no memory. In reality, Mars is from outer space, and is supposed to gather information to decide whether Earth should be destroyed or not. Along with the giant robot Gaia, and his mysterious images of a woman urging him not to destroy the world, Mars decides to fight for Earth rather than destroy it, even if it means fighting his own kind. But if Mars is killed, Gaia will explode, destroying Earth along with it.",,Mars (Mitsuteru YOKOYAMA),,"Mars : Tomokazu Seki, Muse : Yumi Kakazu, Harumi Yokoyama : Yuki Masuda, Yoshitaka Fujimoto
Director, Chiaki
Character Design, Hiroyuki Hayase
Sound Director, Tetsuya Tsuchihashi
Producer","Yoshitaka Fujimoto : Director, Chiaki : Character Design, Hiroyuki Hayase : Sound Director, Tetsuya Tsuchihashi : Producer"
Happy Weekend, Minna no Uta: Happy Weekend,Music,,,,"Family Friendly, Minna no Uta, Non-Human Protagonists",3.04,2002.0,,No synopsis yet - check back soon!,,,,,
Kikou Sennyo Rouran,,TV   ,28.0,Zexcs,Fall ,"Mecha, Sci Fi, Original Work",3.03,2002.0,2003.0,"Dr. Masahiko Mikogami created the organization ASY, & it's five mechs called Gousens, to act as the new defense force for Japan after it's own military joined the UN. ASY immediately went after the Shiromorishu, a mysterious group that guided Japan spiritually for centuries, stating that the group had been controlling Japan instead of guiding it. Though their base has been destroyed & their successor, Tatsuya Takechi, is gone & possibly dead the Shiromorishu are ready to enact their vengeance on ASY... but a mysterious girl named Rouran will complicate matters further by bringing back the past between Mikogami & the Shiromorishu.",,,,"Rouran : Hiromi Konno, Tetsuya Takeshi : Shinichirou Miki, Toshihiro Hirano
Director, Yoshiro Kakimi
Music, Naomi Miyata
Character Design, Atsushi Moriyama
Producer","Toshihiro Hirano : Director, Yoshiro Kakimi : Music, Naomi Miyata : Character Design, Atsushi Moriyama : Producer"
Ultimate Muscle, Kinnikuman II Sei,TV   ,51.0,Toei Animation,Winter,"Action, Comedy, Sports, Crude, Hand to Hand Combat, Superheroes, Weak to Strong, Wrestling",3.03,2002.0,,"Humanity, beware! The nefarious alien race of wrestlers known as DMP have crash landed on Earth atop a giant fist, and only one boy has the power to stop them: Kid Muscle! Son of the legendary King Muscle, Kid is said to have the power of Ultimate Muscle; and thus, he is chosen to lead the new generation of wrestlers to victory over the DMP. However, back on Muscle Planet, Kid has no intentions of fighting; he's lazy, immature, and more likely to pass gas in the face of an enemy than fight. Attempting to escape from these duties, Kid uses the power of his farts to blast away, yet accidentally finds himself on his way to Earth anyways. There, he meets his father's old trainer named Meat – a man who is hell bent on turning Kid into a super wrestler. Can Kid and the other wrestlers use their skills to defeat the DMP?",,"Kinnikuman, Ultimate Muscle: The Kinnukiman Legacy, Kinnikuman II Sei: Kyuukyoku Choujin Tag-hen, Kinnikuman Lady, Kinnikuman: Kiseki no Kyuseishu Densetsu no Maki","Kinnikuman, Kinnikuman: Kessen!! Shichinin no Seigi Choujin vs. Uchuu Nobushi, Kinnikuman Movie, Kinnikuman Movie 4: Gyakushuu! Uchuu Kakure Choujin, Kinnikuman Movie 5: Haresugata! Seigi Choujin, Kinnikuman Movie 6: New York Kiki Ippatsu!, Kinnikuman: Kinnikusei Oui Soudatsu-hen, Kinnikuman II Sei Movie, Kinnikuman II Sei: Ultimate Muscle, Kinnikuman II Sei: Ultimate Muscle 2","Alexandria Meat : Konami Yoshida, Mantaro Kinniku : Masaya Onosaka, Gazelleman : Yasunori Masutani, Kevin Mask : Ryotaro Okiayu, Seiuchin : Takumi Yamazaki, Suguru Kinniku : Toshio Furukawa, Terry Kenyon : Toshiyuki Morikawa, Anaconda : Tetsu Inada, Toshiaki Komura
Director, Cheru Watanabe
Music, Masaki Satou
Character Design, Kyoutarou Kimura
Producer, Ten Washio
Producer, Naotake Goshima
Producer","Toshiaki Komura : Director, Cheru Watanabe : Music, Masaki Satou : Character Design, Kyoutarou Kimura : Producer, Ten Washio : Producer, Naotake Goshima : Producer"
Shrine of the Morning Mist, Asagiri no Miko,TV   ,26.0,Chaos Project,Summer,"Action, Comedy, Seinen, Magic, Supernatural, Based on a Manga",3.01,2002.0,,"Three shrine maids have a distant cousin who moved away for schooling when they were young. Years later, he returns, and the three girls are tasked with protecting him. During this, the eldest (who's a teacher at the school) and the middle one form a ""Miko"" council. The story goes through their growth together and their battles with the servants of the Evil God.",,Shrine of the Morning Mist,,"Chika Yurikasa : Nanae Katou, Izumi Sakibara : Rie Kanda, Seiko Rikiishi : Kaoru Morota, Shizuka Midoh : Sayaka Oohara, Tadahiro Amatsu : Takahiro Mizushima, Yuzu Hieda : Ai Shimizu, Kurako Hieda : Megumi Hayashibara, Tama Hieda : Shizuka Hasegawa, Hiroki Ugawa
Original Creator, Yuuji Moriyama
Director, Tsuneyoshi Saito
Music, Naoko Nakamoto
Character Design, Naoko Kosakabe
Art Director, Atsushi Moriyama
Producer, Kenichi Ishikura
Episode Director","Hiroki Ugawa : Original Creator, Yuuji Moriyama : Director, Tsuneyoshi Saito : Music, Naoko Nakamoto : Character Design, Naoko Kosakabe : Art Director, Atsushi Moriyama : Producer, Kenichi Ishikura : Episode Director"
Aquarian Age, Aquarian Age: Sign for Evolution,TV   ,13.0,MADHOUSE,Winter,"Drama, Mystery, Romance, Music, Based on a Card Game",3.01,2002.0,,"Kyouta and his friends just want to rock out all day and night long, and with a new record deal, it seems they'll be able to do just that. But when the women around him, including his best friend Yokko, start revealing strange powers, Kyouta finds himself at the crux of an ancient conflict, torn between love and loyalty.",,,Aquarian Age: The Movie,"Kyouta Kamikurata : Nobuyuki Tanaka, Kiriko Heguri : Masako Joh, Rumiko Sakamoto : Chinami Nishimura, Shingo Hirota : Katsuyuki Konishi, Yoriko Sannou : Mayuko Aoki, Akane Kanzaki : Hyosei, Arayashiki North : Mamiko Noto, Asumi Hogetsu : Omi Minami, Yoshimitsu Oohashi
Director, Yuki Kajiura
Music, Hisashi Abe
Character Design, Shigeru Kitayama
Producer, Masao Morosawa
Producer, Hiroyasu Kobayashi
Producer, Kenichi Ishikura
Episode Director, Tomio Yamauchi
Episode Director","Yoshimitsu Oohashi : Director, Yuki Kajiura : Music, Hisashi Abe : Character Design, Shigeru Kitayama : Producer, Masao Morosawa : Producer, Hiroyasu Kobayashi : Producer, Kenichi Ishikura : Episode Director, Tomio Yamauchi : Episode Director"
Sister Princess Re Pure,,TV   ,13.0,Zexcs,Fall ,"Comedy, Drama, Harem, Slice of Life, Siblings, Based on a Light Novel",3.0,2002.0,,"Wataru’s twelve sisters really love him a lot. From Hina (who is waylaid by a frog on her way to give him an umbrella); to introspective Chikage (who is determined to tempt him with a golden apple); to Aria (who seems to be stuck in an ever-present fantasy world); there’s never a dull day in the life of twelve sisters and their beloved brother. Follow the lives of these twelve young ladies as they experience everything from daydreams of marriage to traversing through a strange fantasy world, all while experiencing the joys and pains of life together!",,"Sister Princess (Light Novel), Sister Princess: Onii-chan Daisuki♥ - Pocket Stories (Light Novel)",Sister Princess,"Karen : Natsuko Kuwatani, Wataru Minakami : Hiroaki Miura, Aria : Nana Mizuki, Chikage : Ayako Kawasumi, Haruka : Yumi Kakazu, Hinako : Chiemi Chiba, Kaho : Hisayo Mochizuki, Mamoru : Yumiko Kobayashi, Nagisa Miyazaki
Director, Tsubame Shimotaya
Director, Masaharu Amiya
Screenplay & Series Composition, Yasunari Nitta
Character Design, Atsushi Moriyama
Producer, Kiyoshi Takano
Producer, Toshinori Narita
Episode Director & Storyboard, Satoru Akahori
Screenplay","Nagisa Miyazaki : Director, Tsubame Shimotaya : Director, Masaharu Amiya : Screenplay & Series Composition, Yasunari Nitta : Character Design, Atsushi Moriyama : Producer, Kiyoshi Takano : Producer, Toshinori Narita : Episode Director & Storyboard, Satoru Akahori : Screenplay"
Minimoni: Minihams no Kekkon Song,,Music,,,,"Animal Protagonists, Anthropomorphic, Dancing, Family Friendly, Music, Non-Human Protagonists",3.0,2002.0,,No synopsis yet - check back soon!,,,"Hamtaro Movie 2: Ham Ham Ham~Jya! Maboroshi no Princess, Minimoni: Minihams no Ai no Uta","Aiin : Ai Kago, Gucchan : Mari Yaguchi, Merica : Mika Todd, Nonno : Nozomi Tsuji, Aham, Goham, Ishiham, Konham",
Tamala 2010: A Punk Cat in Space,,Movie,,,,"Sci Fi, Animal Protagonists, Anthropomorphic, Black and White, Cats, Non-Human Protagonists, Psychological, Original Work",2.98,2002.0,,"Walking out on her human mother, the simple Tamala heads out into the universe to find her home planet. Life can be dangerous for a small kitten, though, even with a the help of a newfound boyfriend she picked up when jetpacking past his car. Trouble is stirring, for the dog police are corrupt, and the sinister corporation Catty & Co. are moving behind the scenes. Tamala 2010 is an assault on your brain cells in (mostly) four shades of grey.",,,"Tamala On Parade, Wake up!! TAMALA","Tamala : Hisayo Mochizuki, Kentauros, Michelangelo : Shinji Takeda, Penelope, Professor Nominos : Takeshi Kato, Tol
Producer & Director & Character Design, Kentaro Nemoto
Character Design, Kazuko Mio
Producer, Seiichi Tsukada
Producer","Tol : Producer & Director & Character Design, Kentaro Nemoto : Character Design, Kazuko Mio : Producer, Seiichi Tsukada : Producer"
Welcome to Pia Carrot ~Sayaka's Love Story~, Pia Carrot e Youkoso!! - Sayaka no Koi Monogatari,Movie,,IMOVE,,"Drama, Ecchi, Romance, Slice of Life, Based on an Eroge, Based on a Visual Novel",2.97,2002.0,,"The warm summer has finally arrived, and the fourth Pia Carrot restaurant is almost ready for its grand opening at Misaki Beach. With stylish new outfits, and the help of Tomomi Aizawa and Sayaka Takai who hail from other Pia Carrot restaurants, the brand new eatery is sure to be a great success. But amongst the hustle and bustle of the oceanside lifestyle, Sayaka and Tomomi can't seem to forget about the loves they left behind. Will they be able to overcome their fear and speak their true feelings?",,,Welcome to Pia Carrot 2 DX,"Sayaka Takai, Akemi Hasegawa, Kouji Maeda, Tomomi Aizawa, Azusa Hinomori, Yuuji Mutou
Director, Tomohiro Ookubo
Music, Seiji Kishimoto
Character Design, Jun Satou
Character Design, Masahiko Minami
Producer, Yoshikazu Watanabe
Producer, Satsuki Watanabe
Producer, Seiya Numata
Key Animator","Yuuji Mutou : Director, Tomohiro Ookubo : Music, Seiji Kishimoto : Character Design, Jun Satou : Character Design, Masahiko Minami : Producer, Yoshikazu Watanabe : Producer, Satsuki Watanabe : Producer, Seiya Numata : Key Animator"
Guilstein,,Movie,,ACC Production,,"Action, Horror, Sci Fi, Human Experimentation, CG Animation, Violence",2.96,2002.0,,No synopsis yet - check back soon!,Violence,,,"Hitoshi Nagao
Art Director, Shigeru Nishiyama
Editor","Hitoshi Nagao : Art Director, Shigeru Nishiyama : Editor"
Demon Lord Dante, Maou Dante,TV   ,13.0,Magic Bus,Summer,"Horror, Demons, Supernatural, Explicit Violence,, Mature Themes",2.95,2002.0,,"Two thousand years ago, the Demon Lord Dante was encased in ice by the powers of God, leaving a cult of Satanists on a quest to revive the dark master in the present. They have their sights set on Ryo Utsugi, a young man who is plagued by terrible nightmares of becoming a demon. Ryo is believed to belong to Satan, and thus is coerced by the evil doers into traveling to the Himalayas where Demon Lord Dante, and his destiny, await...","Explicit Violence,, Mature Themes","Mao Dante, Neo Mao Dante",,"Ryo Utsugi : Susumu Chiba, Saori Utsugi : Sanae Kobayashi, Beelzebub : Atsushi Ii, Kosuke Utsugi : Takehiro Koyama, Kuninpa : Toshitaka Shimizu, Lamia : Rumi Ochiai, Saeko Kodai : Rie Ishizuka, Saksi : Jiro Saito, Go Nagai
Original Creator, Kenichi Maejima
Director & Storyboard, Horoshi Motokura
Music, Toshimitsu Kobayashi
Character Design, Tetsuo Kanno
Producer, Hiroshi Murano
Producer, Kazumi Koide
Producer, Kunitoshi Okajima
Episode Director & Storyboard","Go Nagai : Original Creator, Kenichi Maejima : Director & Storyboard, Horoshi Motokura : Music, Toshimitsu Kobayashi : Character Design, Tetsuo Kanno : Producer, Hiroshi Murano : Producer, Kazumi Koide : Producer, Kunitoshi Okajima : Episode Director & Storyboard"
Catman,,Web  ,7.0,FCC,,"Slice of Life, Abstract, Animal Protagonists, Anthropomorphic, Cats, Music, Non-Human Protagonists, Flash Animation",2.94,2002.0,,"Carving a lonely figure on the skyline of his home city, Catman is a solitary guy who spends his days as he pleases - except, he doesn’t always have that much luck and really hates the town he’s living in. From whiling away the hours at the slots to playing drunken games of bowling, Catman just gets on with life and does whatever he feels like.",,,"Catman Series II, Catman Specials, Catman Series III",Catman,
Natsu no Shisen, A Gaze in Summer -1942,Movie,,,,"Abstract, Shorts",2.94,2002.0,,No synopsis yet - check back soon!,,,,"Keiichi Tanaami
Director",Keiichi Tanaami : Director
Happy World!,,OVA  ,3.0,Zexcs,,"Ecchi, Romance, Seinen, Angels, Cohabitation, Non-Human Protagonists, Supernatural, Based on a Manga",2.94,2002.0,2003.0,"After his apartment burning to the ground and almost being killed by a falling metal object, Ohmura Takeshi is ready for the afterlife. Luckily, a beautiful angel appears to heal his wounds and inform him that if he stays with her, no harm will come to him. The catch? His long-lost deadbeat dad has passed along a curse: he will experience nothing but sadness in his life. Now, after changing to a human to maintain close contact, Elle will stop at nothing to make sure that a bit of happiness comes into Takeshi's life, but not before first learning how to be a human!",,Happy World!,,"Elle Oomura : Satomi Hanamura, Takeshi Oomura : Masahito Yabe, Motoko Eguchi : Kaoru Sasajima, Sanae Eguchi : Ai Uchikawa, Shishio Maruyama : Takurou Nakakuni, Yuria Kusakabe : Satomi Koorogi, Eri Tamiya, History Teacher, Kenjirou Takeshita
Original Creator, Takashi Ikehata
Director, Hiroshi Igarashi
Music, Hirotaka Kinoshita
Character Design","Kenjirou Takeshita : Original Creator, Takashi Ikehata : Director, Hiroshi Igarashi : Music, Hirotaka Kinoshita : Character Design"
Minimoni: Minihams no Ai no Uta,,Music,,,,"Animal Protagonists, Family Friendly, Music, Non-Human Protagonists",2.93,2002.0,,No synopsis yet - check back soon!,,,"Hamtaro Movie 1: Ham Ham Land no Daibouken, Minimoni: Minihams no Kekkon Song","Aiin : Ai Kago, Gucchan : Mari Yaguchi, Merica : Mika Todd, Nonno : Nozomi Tsuji, Minimoni
Music",Minimoni : Music
PiNMeN,,TV   ,12.0,,,"Abstract, Aliens, Short Episodes, Original Work",2.92,2002.0,,No synopsis yet - check back soon!,,,PiNMeN rework,,
Piano: The Melody of a Young Girl's Heart, Piano,TV   ,10.0,OLM,Fall ,"Slice of Life, Classical Music, Music, Original Work",2.92,2002.0,2003.0,"Miu is a young, talented pianist with a passion for playing music. Under the guidance of Shirakawa, her teacher, she decides to enter a recital, where she will play an emotional, self-written piece.",,,Piano: The Melody of a Young Girl's Heart Specials,"Miu Nomura : Ayako Kawasumi, Hitomi Nomura : Yuko Sasaki, Kazuya Takahashi : Jun Fukuyama, Seiji Nomura : Akio Ootsuka, Shirakawa : Mitsuru Miyamoto, Yuuki Matsubara : Tomoko Kawakami, Yuunagi : Misa Watanabe, Akiko Nomura : Michiko Neya, Kosuke Fujishima
Character Design & Original Creator, Norihiko Sutou
Director, Hiroyuki Kouzu
Music","Kosuke Fujishima : Character Design & Original Creator, Norihiko Sutou : Director, Hiroyuki Kouzu : Music"
Mao-chan, Rikujou Bouei-tai Mao-chan,TV   ,26.0,XEBEC,Summer,"Comedy, Magical Girl, Aliens, Family Friendly, Henshin Heroes, Magic, Military, Monster-of-the-week, Parody, School Life",2.91,2002.0,,"A world plagued by alien invasions needs heroes, and what better choice than three girls in elementary school? After all, it's best to fight fire with fire, and the super-cute aliens have met their match in the super-cute Mao, Misoria, and Silvia. With character design by Akamatsu Ken, the creator of Love Hina, this series aims to amuse.",,Mao-chan,,"Kagome Mishima : Miki Nagasawa, Mao Onigawara : Kimiko Koyama, Misora Tsukishima : Yuuya Yoshikawa, Silvia Maruyama : Yui Horie, Adalbert Von Maruyama : Takashi Taniguchi, Chinami Noki : Ai Iura, Hayate, Mi-Kun, Yoshiaki Iwasaki
Director, Takayuki Hattori
Music, Masahide Yanagisawa
Character Design, Atsushi Moriyama
Producer, Naoki Hiramatsu
Producer, Masayuki Hiraoka
Animation Director & Storyboard, Takaaki Ishiyama
Storyboard, Shinichirou Kajiura
Animation Director","Yoshiaki Iwasaki : Director, Takayuki Hattori : Music, Masahide Yanagisawa : Character Design, Atsushi Moriyama : Producer, Naoki Hiramatsu : Producer, Masayuki Hiraoka : Animation Director & Storyboard, Takaaki Ishiyama : Storyboard, Shinichirou Kajiura : Animation Director"
Ayumi Hamasaki: Connected,,Music,,Studio 4°C,,Sci Fi,2.9,2002.0,,"A girl on the subway listens to music, a boy on his skateboard zooms down the streets, and a motorcyclist picks up his date while the buildings of the city both sprout anew and collapse all around them. Fast-paced, always-moving and ever-evolving, follow a group of people in their daily lives while the cities around them develop to the point of self destruction.",,,,"Kouji Morimoto
Director, Ayumi Hamasaki
Music","Kouji Morimoto : Director, Ayumi Hamasaki : Music"
Anime Tenchou,,OVA  ,1.0,GAINAX,,"Otaku Culture, Parody, Promotional",2.89,2002.0,,"Meiko Anizawa is in a bind. He's just been asked, as a 'dying wish', to take over the role of the Animate anime store's manager. With determination and fury, Meiko magically transforms into the best anime store manager around and races his way towards his duty...",,Anime Tenchou,"Anime Tenchou x Touhou Project, Anime Tenchou Movie","Meito Anizawa : Tomokazu Seki, Lamica Hoshii : Miki Nagasawa, President Takahashi : Juurouta Kosugi, Cublic
Music, Kazuhiko Shimamoto
Character Design","Cublic : Music, Kazuhiko Shimamoto : Character Design"
Popee the Performer: Countdown Special,,DVD S,,,,"Comedy, Circus, Dark Comedy, No Dialogue, Slapstick, CG Animation",2.89,2002.0,,No synopsis yet - check back soon!,,Popee the Performer,Popee the Performer,"Alien, Kedamono, Papi, Popee, Ryuji Masuda
Director",Ryuji Masuda : Director
Why Re-Mix 2002,,Movie,,,,"Abstract, Shorts",2.89,2002.0,,No synopsis yet - check back soon!,,,,"Keiichi Tanaami
Director",Keiichi Tanaami : Director
Ichi the Killer: Episode 0, Koroshiya-1 The Animation Episode 0,OVA  ,1.0,AIC,,"Action, Drama, Fetish, Psychological, Psychopaths, Based on a Manga, Animal Abuse,, Bullying,, Explicit Sex,, Explicit Violence,, Mature Themes,, Physical Abuse",2.88,2002.0,,"Hajime Shiroishi is a disturbed, troubled boy. He is bullied endlessly by his classmates, betrayed by those he calls friends, and privy to the bizarre sexual exploits of his parents; and to top it all off, he can’t cope with the fact that the idea of violence excites him thoroughly. As each day passes, Hajime finds himself slipping more and more into madness and the rage within him builds. It is only a matter of time before he snaps and becomes who he was meant to be: the ruthless and deranged Ichi the Killer...","Animal Abuse,, Bullying,, Explicit Sex,, Explicit Violence,, Mature Themes,, Physical Abuse","1, Ichi the Killer",,"Hajime Shiroishi, Jijii, Masao Kakihara, Shuuji Kaneko, Hideo Yamamoto
Original Creator, Shinji Ishihira
Director, Yui Takase
Music, Tsuneo Ninomiya
Character Design, Yoshinori Chiba
Producer, Akiyuki Simbo
Storyboard","Hideo Yamamoto : Original Creator, Shinji Ishihira : Director, Yui Takase : Music, Tsuneo Ninomiya : Character Design, Yoshinori Chiba : Producer, Akiyuki Simbo : Storyboard"
Cosplay Complex,,OVA  ,3.0,TNK,,"Comedy, Ecchi, Otaku Culture, School Life, Original Work",2.87,2002.0,,"Hasegawa Chaco is a bumbling cosplayer in the Oizumi junior high cosplay club. If it weren't for Kosuke Tamiya, the boy she has a crush on, she might not continue to cosplay, as things always seem to go wrong! Lucky for her, she was bestowed with two strange beings, one of which will transform into a costume for her, making her the rising 'ace' of the cosplay club. Now she only has to overcome her bashfulness with Kosuke and win his heart too!",,,,"Chako Hasegawa : Sakura Nogawa, Athena Imai : Ai Shimizu, Delmo : Rie Kugimiya, Gorou Yorozuyo : Susumu Chiba, Ikebukuro : Kenichi Ono, Jenny Matel : Akeno Watanabe, Kousuke Tamiya : Takahiro Sakurai, Maria Imai : Saeko Chiba, Shinichirou Kimura
Director, Yoshinobu Hiraiwa
Music, Katsuzou Hirata
Character Design, Atsushi Itou
Producer, Tsuneo Takechi
Producer, Seiichi Hachiya
Producer, Masafumi Fukui
Producer","Shinichirou Kimura : Director, Yoshinobu Hiraiwa : Music, Katsuzou Hirata : Character Design, Atsushi Itou : Producer, Tsuneo Takechi : Producer, Seiichi Hachiya : Producer, Masafumi Fukui : Producer"
G-On Riders,,TV   ,13.0,SHAFT,Summer,"Comedy, Ecchi, Harem, Aliens, Parody, School Life, Superpowers, Original Work, Nudity",2.83,2002.0,,"Yuki’s first day at Saint Hoshikawa School turns out to be eventful: not only is the school attacked by aliens, she loses her strawberry panties in the process! In an attempt to retrieve them, Yuki helps defeat the alien – thus piquing the interest of the secret organization G-On Riders. Wearing special glasses that unleash their inner powers, these select girls work hard to deflect the constant alien attacks on Earth; and now, they want Yuki to join them! Meanwhile, mumbling Ichiro happens across Yuki’s panties, and tries to return them. Will he be able to carry out his task and confess his growing love to Yuki, or will the space invaders ruin his dreams by over-running the G-On Riders and Earth?",Nudity,G-on Riders,G-On Riders Special,"Ichiro Hongou : Nobuyuki Hiyama, Sera Arashiyama : Omi Minami, Yayoi Hoshikawa : Masayo Kurata, Yuuki Kurama : Ryouka Shima, Ai : Takako Uemura, Fancy Beast : Masumi Asano, Juuzou Hoshikawa : Hiroshi Naka, Mako : Kaori Mizuhashi, Shinichirou Kimura
Director, Norimasa Yamanaka
Music, Katsuzou Hirata
Character Design, Mitsuteru Shibata
Producer, Kunitoshi Okajima
Episode Director, Mitsuhiro Yoneda
Episode Director & Storyboard, Kenji Yasuda
Storyboard, Jun Fukuta
Storyboard","Shinichirou Kimura : Director, Norimasa Yamanaka : Music, Katsuzou Hirata : Character Design, Mitsuteru Shibata : Producer, Kunitoshi Okajima : Episode Director, Mitsuhiro Yoneda : Episode Director & Storyboard, Kenji Yasuda : Storyboard, Jun Fukuta : Storyboard"
Tama: Densha Kamo Shirenai, Densha Kamo Shirenai,Music,,,,"Abstract, Black and White, Dancing",2.8,2002.0,,No synopsis yet - check back soon!,,,,"Akino Kondou
Director, Toshiaki Chiku
Music","Akino Kondou : Director, Toshiaki Chiku : Music"
Nakoruru, Nakoruru: Ano Hito kara no Okurimono,OVA  ,1.0,ARMS,,"Fantasy, Supernatural",2.8,2002.0,,"After traveling to the lands beyond her home, a young woman named Nakoruru returns to her home village of Kamuikotan to live a peaceful life. All the people of the town want of her are stories from her trip, and use of her ability to listen to nature and the creatures that live around them. But Nakaruru begins to have terrible nightmares and flashes of horrible memories from her time away, and of a mysterious woman trying to convince Nakaruru to kill. Nakaruru is not the only one going mad; in the forest, animals are frenzying and starving for blood. Will Nakaruru be able to decipher the meaning of her nightmares and save the land, or will innocent lives be forever lost?",,,"Samurai Shodown: The Motion Picture, Samurai Spirits 2: Asura Zanmaden","Nakoruru : Harumi Ikoma, Manari : Ayako Kawasumi, Yamtamu : Takehito Koyasu, Mikato : Miyu Matsuki, Rera, Rimururu, Katsuma Kanazawa
Director, Yasuo Yamate
Music, Yasuomi Umetsu
Character Design & Key Animator, Shigemi Ikeda
Art Director","Katsuma Kanazawa : Director, Yasuo Yamate : Music, Yasuomi Umetsu : Character Design & Key Animator, Shigemi Ikeda : Art Director"
Hal & Bons,,OVA  ,5.0,,,"Slice of Life, Animal Protagonists, Dogs, Non-Human Protagonists, Short Episodes, Stop Motion Animation",2.79,2002.0,,"Beer-loving Hal and Bons enjoy relaxing on their couch and putting their feet up. Recently, however, they are subjected to the endless ramblings of Mochi, a rice cake with a microphone and a penchant for interviews. Broaching topics such as love, bathing, attractiveness and wisdom teeth, Mochi helps interview the two pooches and participate in everlasting friendly banter.",,,New Hal & Bons,"Mochi, Katsuhito Ishii
Director & Screenplay",Katsuhito Ishii : Director & Screenplay
A Gaze in Summer 1.9.4.2,,Movie,,,,Shorts,2.79,2002.0,,No synopsis yet - check back soon!,,,,"Keiichi Tanaami
Director",Keiichi Tanaami : Director
End of the World,,OVA  ,1.0,Studio 4°C,,"Fantasy, Person in a Strange World, Shorts",2.78,2002.0,,"When otherworldy Kazumi met normal Yuko at a rockin' punk show, great things were destined to happen. And great things, of course, implies riding a cybernetic creature from the TV named Face to another world full of scantily clad heavyweight men, encountering murderous and sex starved jello-like demons, and even gaining the ability to morph body parts into weapons! Just a normal day in the life of two friends... right?",,,,"Kazumi : Shino Kakinuma, Yuko : Rumi Shishido, Osamu Kobayashi
Director, Lolita Juuhachigo
Music, Eiko Tanaka
Producer, Kazuto Takida
Producer","Osamu Kobayashi : Director, Lolita Juuhachigo : Music, Eiko Tanaka : Producer, Kazuto Takida : Producer"
2002-nen Baachan Ondo, Minna no Uta: 2002-nen Baachan Ondo,Music,,,,"Sports, Minna no Uta, Soccer",2.78,2002.0,,No synopsis yet - check back soon!,,,,"Tadahiko Horiguchi
Director",Tadahiko Horiguchi : Director
Harmagedon TV, Genma Wars TV,TV   ,13.0,E&G Films,Winter,Sci Fi,2.75,2002.0,,"In the far distant future, hideous monsters roam the Earth, threatening the lives of all people. Genma, the evil ruler of the Mah tribe, has become obsessed with fathering an Heir. Convinced that a child born of a Hito woman will have amazing powers, he sets his sights on a young Hito woman. In exchange for her village's safety, Non agree to bear Genma's child. She gives birth to twins and names them Loof and Jin. Jin is left for Non to raise among the Hito, as Loof is taken to Genma, and raised to be the prince of the Mah tribe. Although Loof and Jin live in two separate worlds, their fates soon become intertwined as Loof is banished from Mah tribe once he appears to possess more human than wizard physical characteristics.",,,Harmagedon,"Tsuneo Tominaga
Director, Hiroshi Motokura
Music, Satoshi Hirayama
Character Design, Jun Fujiwara
Animation Director & Episode Director, Satoru Kusuda
Animation Director & Episode Director & Storyboard, Kenichi Maejima
Storyboard","Tsuneo Tominaga : Director, Hiroshi Motokura : Music, Satoshi Hirayama : Character Design, Jun Fujiwara : Animation Director & Episode Director, Satoru Kusuda : Animation Director & Episode Director & Storyboard, Kenichi Maejima : Storyboard"
Digital Juice,,OVA  ,6.0,Studio 4°C,,"Collections, Short Episodes",2.75,2002.0,,"From the minds of six directors comes Digital Juice, a Studio 4C collection of six shorts that border on the unusual. From chicken's insurance to trips to the moon, to a wine glass that might be... pregnant?! You can find it all here in one confusing and abstract twenty-minute package.",,,,"Chuck, Hasami : Kaoru Fujita, Neji : Fumiaki Matsuoka, Stephanie : Yuuko Nagashima, Tatsuyuki Tanaka
Director, Kouji Morimoto
Director, Hidekazu Ohara
Director, Hiroaki Andou
Director, Kazuyoshi Yaginuma
Director, Osamu Kobayashi
Director, Eiko Tanaka
Producer","Tatsuyuki Tanaka : Director, Kouji Morimoto : Director, Hidekazu Ohara : Director, Hiroaki Andou : Director, Kazuyoshi Yaginuma : Director, Osamu Kobayashi : Director, Eiko Tanaka : Producer"
Galerians: Rion,,OVA  ,3.0,,,"Horror, Sci Fi, Psychic Powers, Superpowers, CG Animation",2.73,2002.0,,"In a dark dystopic future, humankind is controlled by Dorothy, a sentient supercomputer who believes she is god. To help do her bidding, she created beings known as Galerians -- humans with supernatural and psychokinetic abilities that rival no other. Enter Rion, a young man who possesses the skills of the Galerians, and unwillingly holds the key to Dorothy's destruction within his mind. As enemies search to destroy him, Rion must race against the clock to find his long lost sister and save humanity, before Dorothy and the Galerians can destroy it...",,,,"Rion Steiner : Akira Ishida, Birdman : Takehito Koyasu, Lilia Pascalle : Shiho Kikuchi, Rainheart : Kenichi Suzumura, Rita : Yuka Imai, Albert Steiner : Kinryuu Arimoto, Cain : Akira Ishida, Dorothy : Ryoko Kinomiya, Masahiko Maesawa
Director, Masahiko Hagio
Music, Shouu Tajima
Character Design & Screenplay","Masahiko Maesawa : Director, Masahiko Hagio : Music, Shouu Tajima : Character Design & Screenplay"
Platonic Chain,,TV   ,24.0,Fall 2002,,"Drama, Sci Fi, Hacking, Short Episodes, Social Media, CG Animation",2.71,2002.0,2003.0,"The series explores different facets of human life and interaction through an interesting idea: the presence of a computer program that knows of your most embarassing moments, your likes and dislikes, your ideal diet plan, the routes you take to get places, and more!",,"Platonic Chain (Light Novel), Platonic Chain","Platonic Chain: Web, Platonic Chain: Ansatsu Jikkouchuu","Hitomi Tanaka, Kanae Mizuhara, Rika Kagura, Kenichi Nakano, Takeshi Okazaki
Character Design",Takeshi Okazaki : Character Design
Macross XX,,OVA  ,1.0,GONZO,,"Action, Mecha, Promotional, Real Robot, Shorts, Transforming Mecha, CG Animation",2.69,2002.0,,"A showcase of Macross variable fighters in action, from the VF-1 Valkyrie to the YF-19 and YF-21 - as animated in 3D by Gonzo.",,,Super Dimensional Fortress Macross,,
Duel Masters,,TV   ,26.0,Studio Hibari,Fall ,"Comedy, Shounen, Card Battles, Family Friendly, Monsters, Based on a Manga",2.67,2002.0,2003.0,"Twelve-year-old Shobu Kirifuda has one goal: to become a top-ranking player at the game of Duel Masters, a card game in which players use spells and summon monsters to break through their opponents' shield cards and subsequently defeat them. Shobu believes he's a great player, but he soon discovers that there is more to the game than he originally thought; true Duel Masters, he learns, are able to make the monsters on the cards manifest themselves during a duel. A mysterious group has taken a keen interest in Shobu, although their reasons are as mysterious as the group itself. Now Shobu and his friends not only have to win the championship, but also try to figure out who these people are and why they're so interested in Shobu.",,"Duel Masters, Duel Masters: Lunatic God Saga (Light Novel)","Duel Masters Charge, Duel Masters: Curse of the Deathphoenix, Shinseiki Duel Masters Flash, Duel Masters Zero, Zero Duel Masters, Duel Masters Cross, Duel Masters: Lunatic God Saga, Duel Masters Cross Shock, Duel Masters Victory, Duel Masters Victory V, Duel Masters Victory V3, Duel Masters Versus, Duel Masters Versus Revolution, Duel Masters: Hamukatsu to Dogiragon no Curry-pan Daibouken, Duel Masters Versus Revolution Final","Kyoshiro Kokujo : Daisuke Kishio, Mimi Tasogare : Saki Nakajima, Shobu Kirifuda : Yumiko Kobayashi, Hakuoh, Knight : Katsuyuki Konishi, Rekuta Kadoko : Yuka Imai, Saiyuki Manaka : Saeko Chiba, Electra, Shigenobu Matsumoto
Original Creator, Waruro Suzuki
Director, Junichi Igarashi
Music, Masayuki
Character Design, Toshihiro Nakazawa
Producer, Makoto Jinguji
Producer","Shigenobu Matsumoto : Original Creator, Waruro Suzuki : Director, Junichi Igarashi : Music, Masayuki : Character Design, Toshihiro Nakazawa : Producer, Makoto Jinguji : Producer"
Arcade Gamer Fubuki,,OVA  ,4.0,SHAFT,,"Comedy, Ecchi, Shoujo, Panty Shots, Parody, Tournaments, Based on a Manga",2.66,2002.0,2003.0,"Taking place in current-day Tokyo, AGF follows the story of Fubuki, a video game enamored teen who has won the title of ""Champion Arcade Gamer"". Fubuki's secret weapon is her Fashion Panty, which, when activated, releases all the spirits of the best gamers in the world, making her invincible. With this year's championships right around the corner, Fubuki might find herself in over her head, as this year, the four kings of the Gyurashikku-Dan are hell-bent on stealing the championship title, and consequently, taking over the world!",,Arcade Gamer Fubuki,"Game Center Arashi, Arcade Gamer Fubuki Special","Fubuki Sakuragasaki : Sakura Nogawa, Alka : Satsuki Yukino, Chizuru Jyumonji : Yuu Asakawa, Hanako Kokubunji : Kaori Shimizu, Honey : Megumi Toyoguchi, Leader : Hiroshi Fujioka, Mr. Mystery : Tooru Furuya, Sanpeita : Masaki Yamamoto, Mine Yoshizaki
Original Creator, Yuuji Mutou
Director, Ryuuichi Katsumata
Music, Hideyuki Morioka
Character Design & Chief Animation Director, Youko Mihashi
Color Design, Nobuhiro Oosawa
Producer, Jun Yukawa
Producer, Itsurou Kawasaki
Episode Director","Mine Yoshizaki : Original Creator, Yuuji Mutou : Director, Ryuuichi Katsumata : Music, Hideyuki Morioka : Character Design & Chief Animation Director, Youko Mihashi : Color Design, Nobuhiro Oosawa : Producer, Jun Yukawa : Producer, Itsurou Kawasaki : Episode Director"
Higan, Beyond,OVA  ,1.0,Studio 4°C,,"Military, Shorts, War",2.65,2002.0,,"In the dark forest, a battle is raging between viciously piloted armored tanks, and manned robotic machines whose pilots won't go down without a fight. For a handful of men, surviving the night, the gunfire and the explosions is the only thing that matters. The enemies are tough and the price of failure is death. With no backup and nowhere to run, will anyone make it out alive?",,,,"Yasushi Muraki
Director, Shunya Yamada
Character Design, Eiko Tanaka
Producer","Yasushi Muraki : Director, Shunya Yamada : Character Design, Eiko Tanaka : Producer"
Kono Mayonnaise wa Yuru Sugiru, This Mayonnaise is too Liquid,Movie,,,,"Abstract, Black and White, Shorts",2.64,2002.0,,"Everything is liquid in this world, like the mayonnaise.",,,,,
Fue, A Whistle,Movie,,,,"Black and White, Shorts",2.63,2002.0,,Based on a poem by Sakutaro Hagiwara. A child and an adult have different troubles.,,,,"Atsushi Wada
Director",Atsushi Wada : Director
Barom One,,TV   ,13.0,E&G Films,Fall ,"Action, Shounen, Supernatural, Based on a Manga",2.59,2002.0,2003.0,"Takeshi and Kentaro are two friends who have been together since they were infants. They were born in the same hospital on the same day, have shared every class in school and even vie over the same girl. However, soon the two friends become closer than they’d like when they discover they are the Chosen Ones that will defeat the powers of an evil being and his minions who are currently wreaking havoc on mankind. Together, the two merge and become a super fighter known as Barom One, capable of taking down monsters with ease. Can Takeshi and Kentaro band together to save the world?",,Barom One,,"Takao Saito
Original Creator, Tsuneo Tominaga
Director, Manabu Nakatake
Character Design","Takao Saito : Original Creator, Tsuneo Tominaga : Director, Manabu Nakatake : Character Design"
48x61,,Web  ,1.0,MADHOUSE,,"Comedy, Cycling, Racing, Shorts",2.57,2002.0,,No synopsis yet - check back soon!,,,,"Katsuhiro Otomo, Rintaro, Rintarou
Director, Toshiyuki Honda
Music, Katsuya Terada
Character Design","Rintarou : Director, Toshiyuki Honda : Music, Katsuya Terada : Character Design"
Usagi ga Kowai,,Movie,,,,"Horror, Abstract, Shorts",2.54,2002.0,,No synopsis yet - check back soon!,,,,,
URDA,,Web  ,5.0,Romanov Films,,"Action, Sci Fi, Historical, Short Episodes, Time Travel, War, World War 2, CG Animation, Original Work",2.45,2002.0,2003.0,"On the battlefields of World War II, a new threat is realized as a mysterious ship from the future is warped back in time to the 1940s. The ships' two living passengers are the only ones who know its whereabouts. Now two elite agents must stop the Nazis from capturing the survivors, finding the ship, and launching their diabolical plan to take over the world, codename: URDA.",,,,"Erna Kurtz : Miho Kawatuma, Glimhild Kurtz : Momiji, Janet Hunter : Nozomu Mido, Alan : Hijiri Kiryu, Chris : Marimo Rinku, Romanov Higa
Director & Character Design & Screenplay, Junki Shimizu
Music","Romanov Higa : Director & Character Design & Screenplay, Junki Shimizu : Music"
Walking Man, Scrap Diary 2: Walking Man,Movie,,,,"Abstract, No Dialogue, Shorts",2.44,2002.0,,No synopsis yet - check back soon!,,,,"Keiichi Tanaami
Director, Nobuhiro Aihara
Director","Keiichi Tanaami : Director, Nobuhiro Aihara : Director"
Professor Dan Petory's Blues, Dan Petory Kyoushu no Yuuutsu,OVA  ,1.0,Studio 4°C,,"Sci Fi, Shorts",2.4,2002.0,,"What kind of things could you learn from a hand puppet? Professor Dan Petory is here to save the day, and his topic of the hour is UFOs. With the background accompaniment of the Soybean Sisters, this ten minute short answers a variety of important questions including why do UFOs fly in a zig zag pattern, what do aliens look like, and why constellations appear the way they do?",,,,"Dan Petory, Hidekazu Ohara
Director, Eiko Tanaka
Producer","Hidekazu Ohara : Director, Eiko Tanaka : Producer"
Archetypes Forces,,OVA  ,1.0,Build Up,,"Action, Sci Fi, Aliens, Outer Space, CG Animation, Original Work, Violence",2.39,2002.0,,"It is the year 2124, and the crew of a medical transport ship are carrying dangerous cargo to its destination. The contents, though mostly unknown, are rumored to be viral in nature, and must not be let out under any circumstances. But when a leak occurs, the ship, as well as the crew, is at risk of being destroyed. With only two robotic space suits and limited ammo, can they escape in time, or are their fates sealed?",Violence,,,,
Canary,,OVA  ,1.0,Soeishinsha,,"Comedy, Music, Rock Music, School Club, School Life, Based on an Eroge, Based on a Visual Novel",2.32,2002.0,,"In the present day, a young group of friends is eager for their band to play in an upcoming festival. Unfortunately for them, the stage has been cancelled! Now, they must race against the clock to convince the mayor to let them play their Canary's song... for fame and glory!",,,,"Ayana Saeki : Yukiko Mannaka, Eri Hozumi : Satomi Koorogi, Mai Hoshino : Chiwa Saitou, Mika Katagiri : Mika Kanai, Yohei Hozumi : Taiki Matsuno, Jun Sawasaki : Youto Kazama, Madoka Otogawa : Yui Horie, Sana Yahagi :  Kouki Harasawa, Ryou Tanaka
Character Design, Kazuhiro Yamada
Photography Director, Shigemi Ikeda
Art Director","Ryou Tanaka : Character Design, Kazuhiro Yamada : Photography Director, Shigemi Ikeda : Art Director"
a_caFe,,Web  ,1.0,,,Original Work,2.25,2002.0,,No synopsis yet - check back soon!,,,,"Kazuhiro Hocchi
Director",Kazuhiro Hocchi : Director
Generation of Chaos Next,,OVA  ,1.0,Idea Factory,,"Action, Adventure, Fantasy, Romance, Demons, Monsters, RPG, Swordplay, Based on a Video Game",2.24,2002.0,,"In the beautiful world of Neverland, a great war against the demons is about to begin. Fredbarn, a snow-filled island to the north, is training its soldiers around the clock for the upcoming battles, under the lead of Lifile, a master swordsman. But amidst the anxiety and fear, two young people still manage to fall in love, as forbidden as it may be. With social pressures to interfere and a war to be won, can Princess Roji and knight candidate Ellile truly be together?",,,"Generation of Chaos Prologue, Generation of Chaos III","Taisuke Katou
Director, Toru Kobayashi
Music, Yoji Hiraiwa
Character Design, Yoshiteru Satou
Producer","Taisuke Katou : Director, Toru Kobayashi : Music, Yoji Hiraiwa : Character Design, Yoshiteru Satou : Producer"
School City Valanoir, Gakuentoshi Varanoir: Kingdom of Chaos The Universe,OVA  ,2.0,Idea Factory,,"Action, Adventure, Fantasy, Swordplay, Based on a Video Game",2.22,2002.0,,"Myu is a would-be swordswoman who has been tutored from a young age by her perverted grandfather. However, one day, Myu decides to leave her panty-obsessed teacher and joins School City Valanoir – a notorious school for fighters. Soon after arriving Myu is challenged to a duel by a new and beautiful rival named Ryuuto. Will Myu ever live the student life she’s dreamed of, or will defeat see her thrown out of school?",,,,"Myu, Faust, Myu'S Grandfather, Principal, Ryuuto Crystal, Yuusaku Daimon, Camille, Rodriguez, Kenji Kaneko
Music, Akio Mishima
Producer","Kenji Kaneko : Music, Akio Mishima : Producer"
Rayca,,OVA  ,1.0,,,"Sci Fi, Shorts",2.15,2002.0,,"A young girl moves from place to place, observing the little things about humanity that make her smile. A train passes through a crossing; fish swim about; cars move quickly beneath an overpass; and a cat sits in a box in the middle of a city intersection. From a photo shoot to an interview, the girl will experience the best of humanity.",,,,"Kazuya Konaka
Director, Chiaki J. Konaka
Screenplay & Series Composition, Haruhiko Mikimoto
Character Design","Kazuya Konaka : Director, Chiaki J. Konaka : Screenplay & Series Composition, Haruhiko Mikimoto : Character Design"
Scrap Diary,,Movie,,,,"Abstract, Black and White, No Dialogue, Shorts",1.81,2002.0,,No synopsis yet - check back soon!,,,,"Keiichi Tanaami
Director, Nobuhiro Aihara
Director","Keiichi Tanaami : Director, Nobuhiro Aihara : Director"
Geisya Wars,,Web  ,1.0,Anon Pictures,,"Action, Sci Fi, Parody, CG Animation",,2002.0,,No synopsis yet - check back soon!,,,,,
Buonomo TV,,TV   ,,,,"Food Protagonists, Non-Human Protagonists, Short Episodes, Stop Motion Animation",,2002.0,,No synopsis yet - check back soon!,,,"Buonomo no Bustaman, Buonomo","Mai Tominaga
Director",Mai Tominaga : Director
Bai Ge Dao,,TV   ,52.0,Shanghai Animation Film Studio,,"Adventure, Sci Fi, Chinese Animation, Original Work",,2002.0,2003.0,No synopsis yet - check back soon!,,,,Tianwang,
Yume Utsutsu, Be Vague,Movie,,,,"Shorts, Original Work",,2002.0,,Is the path I am walking on now part of a dream or reality? This is the first animation film that is largely motionless.,,,,"Atsushi Wada
Director",Atsushi Wada : Director
Kaiketsu Zorori no Kyoufu no Hanayome Sakusen,,OVA  ,1.0,,,"Adventure, Comedy, Animal Protagonists, Anthropomorphic, Family Friendly, Non-Human Protagonists, Pigs, Based on a Picture Book, CG Animation",,2002.0,,A pilot film for Kaiketsu Zorori.,,,Kaiketsu Zorori,,
Atashinchi Specials,,TV Sp,,Shin-Ei Animation,,"Comedy, Slice of Life, Family Friendly, Family Life, Based on a Manga",,2002.0,2004.0,No synopsis yet - check back soon!,,Atashin'chi,Atashinchi,"Eiko Kera
Original Creator",Eiko Kera : Original Creator
Gaia Getter A-kun,,Web  ,2.0,Spring 2002,,"Comedy, Sci Fi, Aliens, Outer Space, Short Episodes, Slapstick, Flash Animation",,2002.0,,No synopsis yet - check back soon!,,,,A-Kun,
Ookina Furudokei (2002),,Music,,,,"Family Friendly, Minna no Uta",,2002.0,,No synopsis yet - check back soon!,,,"Ookina Furudokei, Ookina Furudokei (1973)",,
Kick Off 2002,,TV   ,26.0,,,"Sports, Soccer, Tournaments, Original Work",,2002.0,,No synopsis yet - check back soon!,,,,,
Scenes of My Childhood, Memories: Younenki no Joukei,Movie,,,,"Abstract, No Dialogue, Shorts",,2002.0,,No synopsis yet - check back soon!,,,,"Keiichi Tanaami
Director",Keiichi Tanaami : Director
Wo Wei Ge Kuang 2,"Alt titles: Crazy for the Song 2, Music Up 2",TV   ,26.0,Shanghai Animation Film Studio,,"Chinese Animation, Music, Rock Music, Original Work",,2002.0,,No synopsis yet - check back soon!,,,"Wo Wei Ge Kuang, Wo Wei Ge Kuang Zhi Xuanlu Chongqi",,
Cockroach,,Movie,,,,"Abstract, Shorts",,2002.0,,No synopsis yet - check back soon!,,,,"Isamu Hirabayashi
Director",Isamu Hirabayashi : Director
Ecchan no Sensou,,Movie,,Mushi Production,,"Drama, Historical, Based on a Novel",,2002.0,,No synopsis yet - check back soon!,,,,"Seiji Arihara
Director, Reijirou Koroku
Music, Takaya Ono
Character Design","Seiji Arihara : Director, Reijirou Koroku : Music, Takaya Ono : Character Design"
Nyanta no wo Tanjoubi wa Kaji Sawagi!,,OVA  ,1.0,,,"Animal Protagonists, Anthropomorphic, Cooking, Educational, Family Friendly, Non-Human Protagonists",,2002.0,,No synopsis yet - check back soon!,,,,Nyanta,
Di Di Zi Zhou Ji,,TV   ,20.0,,,"Comedy, Chinese Animation, Family Friendly, Short Episodes",,2002.0,,No synopsis yet - check back soon!,,,Di Di Zi Zhou Ji II,,
Sore Ike! Anpanman: Roll to Laura - Ukigumojou no Himitsu,,Movie,,TMS Entertainment,,"Anthropomorphic, Family Friendly, Food Protagonists, Non-Human Protagonists",,2002.0,,No synopsis yet - check back soon!,,,Sore Ike! Anpanman,"Takashi Yanase
Original Creator, Shunji Ooga
Director, Taku Izumi
Music, Hiroaki Kondo
Music, Minoru Maeda
Character Design, Kiichirou Yamazaki
Producer, Kazuhiko Yagiuchi
Producer, Yasumichi Ozaki
Producer","Takashi Yanase : Original Creator, Shunji Ooga : Director, Taku Izumi : Music, Hiroaki Kondo : Music, Minoru Maeda : Character Design, Kiichirou Yamazaki : Producer, Kazuhiko Yagiuchi : Producer, Yasumichi Ozaki : Producer"
Xiao Konglong Xungen Lixian Ji, The Little Dinos,TV   ,52.0,,,"Anthropomorphic, Chinese Animation, Dinosaurs, Family Friendly",,2002.0,,No synopsis yet - check back soon!,,,,,
Afghanistan Paghman-mura no Monogatari: Sekaiichi Utsukushii Boku no Mura,,OVA  ,1.0,,,"Educational, Family Friendly, Historical, Middle Eastern",,2002.0,,No synopsis yet - check back soon!,,,Afghanistan Paghman-mura no Monogatari: Boku no Mura ni Circus ga Kita,,
Afghanistan Paghman-mura no Monogatari: Boku no Mura ni Circus ga Kita,,OVA  ,1.0,,,"Circus, Educational, Family Friendly, Historical, Middle Eastern",,2002.0,,No synopsis yet - check back soon!,,,Afghanistan Paghman-mura no Monogatari: Sekaiichi Utsukushii Boku no Mura,,
"Ikitemasu, 15-sai.",,OVA  ,1.0,,,"Family Friendly, Historical",,2002.0,,No synopsis yet - check back soon!,,,,,
Scarlet Road, Aka no Michi,Movie,,Tomoyasu Murata Company,,"Drama, Shorts, Stop Motion Animation",,2002.0,,"The sign to change from despair to hope is an accumulation of trifling matters which touch our hearts, such as a single flower, a beautiful sunset, or a girl with a smile.",,,White Road,"Tomoyasu Murata
Director",Tomoyasu Murata : Director
Ponyu Town,,Movie,,,,"Shorts, Stop Motion Animation",,2002.0,,"In a small provincial town, three children play football but when they hear breaking glass, two of them flee; leaving a little girl to investigate. She finds that she has broken a fish bowl and a small fish is flapping on the ground gasping for its life. What will the girl do to save this poor creature?",,,,"Tomoyasu Murata
Director",Tomoyasu Murata : Director
Chaechaepong Kimchipong,,TV   ,26.0,,,"Adventure, Family Friendly, Korean Animation",,2002.0,2003.0,No synopsis yet - check back soon!,,,,"Milo, Tochi, Pacho",
Aterui,,Movie,,Magic Bus,,"Fantasy, Historical, Time Travel",,2002.0,,No synopsis yet - check back soon!,,,,"Aterui : Kouhei Ootomo, Hihito Okazaki : Chihiro Kusaka, Paraka : Houko Kuwashima, Shichirou Kobayashi
Art Director, Satoshi Dezaki
Producer, Kazunori Tanahashi
Episode Director, Kenichi Maejima
Storyboard, Mitsuo Shindou
Animation Director","Shichirou Kobayashi : Art Director, Satoshi Dezaki : Producer, Kazunori Tanahashi : Episode Director, Kenichi Maejima : Storyboard, Mitsuo Shindou : Animation Director"
Miitsuketa!,,OVA  ,1.0,Toei Animation,,"Drama, Educational, Family Friendly",,2002.0,,No synopsis yet - check back soon!,,,,,
Dendou Sakusen Gattaiou,,OVA  ,1.0,,,Family Friendly,,2002.0,,No synopsis yet - check back soon!,,,,,
Saru Getchu Movie: Ougon no Pipo Helmet - Ukki Battle,,Movie,,,,"Adventure, Comedy",,2002.0,,No synopsis yet - check back soon!,,,"Letchu, Getchu, Saru Getchu, Ape Escape 2nd Season",,
Mirai Shouboushi Kyuuta,,Other,,,,"Educational, Family Friendly",,2002.0,,No synopsis yet - check back soon!,,,,,
