Name,Japanese_name,Type,Episodes,Studio,Release_season,Tags,Rating,Release_year,End_year,Description,Content_Warning,Related_Mange,Related_anime,Voice_actors,staff
Howl's Moving Castle, Howl no Ugoku Shiro,Movie,,Studio Ghibli,,"Adventure, Fantasy, Romance, Curse, Family Friendly, Lifestyle Change, Magic, Witches, Based on a Novel",4.43,2004.0,,"""The responsible Sophie led a relatively normal life, safe within the walls of the hat shop in which she works; for outside, it is rumored, the evil wizard Howl roams the land in his mobile black castle. After a chance and mystical encounter, poor Sophie finds herself transformed by a witch's spell which makes her appear to be an old woman, and thus embarks on an adventure to find Howl’s castle and put an end to her curse. A mystical world of talking flames, sentient scarecrows, and magic aplenty awaits those who seek the legendary Howl...""",,Howl's Moving Castle,,"Howl : Takuya Kimura, Sophie Hatter : Chieko Baisho, Calcifer : Tatsuya Gashuin, Heen : Daijiro Harada, Kakashi No Kabu : Yo Oizumi, Madam Suliman : Haruko Katou, Markl : Ryunosuke Kamiki, Witch Of The Waste : Akihiro Miwa, Diana Wynne Jones
Original Creator, Hayao Miyazaki
Director & Screenplay, Joe Hisaishi
Music & Song Arrangement, Akihiko Yamashita
Animation Director & Character Design, Atsushi Okui
Photography Director, Youji Takeshige
Art Director, Noboru Yoshida
Art Director, Michiyo Yasuda
Color Design","Diana Wynne Jones : Original Creator, Hayao Miyazaki : Director & Screenplay, Joe Hisaishi : Music & Song Arrangement, Akihiko Yamashita : Animation Director & Character Design, Atsushi Okui : Photography Director, Youji Takeshige : Art Director, Noboru Yoshida : Art Director, Michiyo Yasuda : Color Design"
Ghost in the Shell: Stand Alone Complex 2nd Gig, Koukaku Kidoutai: Stand Alone Complex 2nd Gig,TV   ,26.0,Production I.G,Winter,"Sci Fi, Seinen, Cyberpunk, Cyborgs, Hacking, Noir, Based on a Manga",4.28,2004.0,2005.0,"'As cybernetic technology advances, criminal activities are becoming daily common occurrences. For Chief Aramaki and his ELITE squad, Section 9, they are the only ones with the means to put an end to cyber terrorism. Join Togusa, Ishikawa, The Major, Batou, and the rest of the Section 9 team through a intellectual roller coaster ride in the 21st century.'",,"Ghost in the Shell, Ghost in the Shell 1.5: Human-Error Processor, Ghost in the Shell 2: Man-Machine Interface, Ghost in the Shell: Stand Alone Complex (Light Novel), Ghost in the Shell: Stand Alone Complex, Ghost in the Shell Arise: Sleepless Eye, Ghost in the Shell: Stand Alone Complex - The Laughing Man","Ghost in the Shell: Stand Alone Complex, Ghost in the Shell: Stand Alone Complex - Tachikoma Days, Ghost in the Shell 2: Innocence, Ghost in the Shell: Stand Alone Complex 2nd Gig - Tachikoma Days, Ghost in the Shell: Stand Alone Complex - The Laughing Man - Tachikoma Days, Ghost in the Shell: Stand Alone Complex - The Laughing Man, Ghost in the Shell: Stand Alone Complex - Individual Eleven, Ghost in the Shell: Stand Alone Complex - Individual Eleven - Tachikoma Days, Ghost in the Shell: Stand Alone Complex - Solid State Society, Ghost in the Shell: Stand Alone Complex - Tachikoma Days (2007), Ghost in the Shell: Uchikomatic Days, Ghost in the Shell 2.0, Ghost in the Shell: Arise, Ghost in the Shell: Arise - Another Mission, Ghost in the Shell: Arise - Logicoma Specials, Ghost in the Shell: Nyuumon Arise, Ghost in the Shell: Arise border:less project - WORKING HIGH, Ghost in the Shell: Arise - Alternative Architecture, Ghost in the Shell: The New Movie, Ghost in the Shell: Ghost Chaser, Ghost in the Shell: SAC_2045","Batou : Akio Ootsuka, Hideo Kuze : Rikiya Koyama, Motoko Kusanagi : Atsuko Tanaka, Togusa : Kouichi Yamadera, Borma : Tarou Yamaguchi, Daisuke Aramaki : Osamu Saka, Ishikawa : Yutaka Nakano, Kazundo Gouda : Ken Nishida, Masamune Shirow
Original Creator, Kenji Kamiyama
Director, Youko Kanno
Music, Tetsuya Nishio
Character Design, Takayuki Gotou
Character Design, Eiji Inomoto
Cg Director, Hisanori Kunisaki
Producer, Yuichiro Matsuka
Producer","Masamune Shirow : Original Creator, Kenji Kamiyama : Director, Youko Kanno : Music, Tetsuya Nishio : Character Design, Takayuki Gotou : Character Design, Eiji Inomoto : Cg Director, Hisanori Kunisaki : Producer, Yuichiro Matsuka : Producer"
Hunter x Hunter OVA 3: Greed Island Final,,OVA  ,14.0,Nippon Animation,,"Action, Adventure, Shounen, Island, Martial Arts, Superpowers, Based on a Manga, Violence",4.25,2004.0,,"'Gon and Killua continue their training with Biscuit as the Mad Bomber wreaks havoc upon the other players in Greed Island. As their strength increases, Gon and Killua also start searching for the hundred cards needed to complete the game. As their number of cards increases they must now prepare to face off against Razor, the leader of the 14 Devils, and the Mad Bomber himself.'",Violence,"Hunter x Hunter, Hunter x Hunter: Kurapika Tsuioku-hen","Hunter x Hunter: Jump Super Anime Tour 1998, Hunter x Hunter, Hunter x Hunter OVA, Hunter x Hunter OVA 2: Greed Island, Hunter x Hunter (2011), Hunter x Hunter: Phantom Rouge, Hunter x Hunter: The Last Mission","Biscuit Krueger : Akiko Kimura, Gon Freecss : Junko Takeuchi, Killua Zoldyck : Kanako Mitsuhashi, Abengane : Daisuke Hirakawa, Genthru : Tsuyoshi Koyama, Hisoka Morow : Hiroki Takahashi, Puhat, Shalnark : Yasuhiro Takato, Yoshihiro Togashi
Original Creator, Makoto Sato
Director, Nobuaki Kishima
Screenplay & Series Composition, Toshihiko Sahashi
Music, Tetsuro Aoki
Character Design, Atsushi Tanaka
Producer, Masahiro Hosoda
Episode Director, Seiya Numata
Key Animator","Yoshihiro Togashi : Original Creator, Makoto Sato : Director, Nobuaki Kishima : Screenplay & Series Composition, Toshihiko Sahashi : Music, Tetsuro Aoki : Character Design, Atsushi Tanaka : Producer, Masahiro Hosoda : Episode Director, Seiya Numata : Key Animator"
Samurai Champloo,,TV   ,26.0,Manglobe,Spring,"Action, Adventure, Comedy, Drama, Episodic, Feudal Japan, Historical, Samurai, Swordplay, Original Work, Nudity,, Violence",4.24,2004.0,2005.0,"""Samurai Champloo is all about style, from the dj-style scratching scene changes to the hip-hop-inspired soundtrack to the eclectic character design. Mugen's fighting style is a funky meld of capoeira and limb-cutting, and Jin is the dramatic foil; he is all steel and old-school samurai style. What binds them together is the desire to test each other's abilities, and a promise to a girl named Fuu: to find the samurai that smells of sunflowers, who plays a pivotal role in her past. Together they travel through edo-era Japan, finding battle and comedy wherever they stop.""","Nudity,, Violence",Samurai Champloo,,"Fuu Kasumi : Ayako Kawasumi, Jin : Ginpei Sato, Mugen : Kazuya Nakai, Admiral Joy Cartwright : Jamie Schyy, Akame : Shunsuke Sakuya, Aohabu : Hisao Egawa, Bantou : Masaharu Satou, Benitokage : Nobuyuki Hiyama, Shinichirou Watanabe
Director, Tsutchie
Music, Fat Jon
Music, Nujabes
Music, Force Of Nature
Music, Kazuto Nakazawa
Character Design, Kazuhiro Yamada
Photography Director, Tetsurou Satomi
Producer","Shinichirou Watanabe : Director, Tsutchie : Music, Fat Jon : Music, Nujabes : Music, Force Of Nature : Music, Kazuto Nakazawa : Character Design, Kazuhiro Yamada : Photography Director, Tetsurou Satomi : Producer"
Monster,,TV   ,74.0,MADHOUSE,Spring,"Drama, Mystery, Seinen, Conspiracy, Crime, Doctors, Europe, Framed for a Crime, Germany, Medical, Noir, Psychological, Psychopaths, Revenge, Serial Killers, Thriller, Based on a Manga, Mature Themes,, Domestic Abuse",4.22,2004.0,2005.0,"""Dr Kenzo Tenma is a genius surgeon working in post-Cold War Germany who has a bright future ahead of him. He is admired by his colleagues, loved by his patients, and due to marry his boss' daughter, the beautiful Eva Heinemann. One day, when two patients in desperate need of emergency surgery are wheeled into his hospital, Tenma faces a terrible choice of saving the orphaned boy who came first or the mayor of Düsseldorf, whose recovery would raise the hospital's profile and boost his own career. Against the demands of his superior, Tenma does what he believes is right and saves the child. However, his decision not only damages his prospects, but unleashes a chain of events so horrific that it might have come from the depths of his worst nightmares. Laden with guilt, Tenma begins a journey across Germany in search of a formidable young man who will challenge his morals, his love for life, and his very sanity.""","Mature Themes,, Domestic Abuse","Monster, Mou Hitotsu no Monster: The Investigative Report (Light Novel)","Monster Extra, Monster Special Edition","Dieter : Junko Takeuchi, Eva Heinemann : Mami Koyama, Heinrich Lunge : Tsutomu Isobe, Johan Liebert : Nozomu Sasaki, Kenzo Tenma : Hidenobu Kiuchi, Nina Fortner : Mamiko Noto, Blue Sophie : Kazuko Yanaga, Christoph Sievernich : Masashi Hironaka, Naoki Urasawa
Original Creator, Masayuki Kojima
Director, Ryousuke Nakamura
Assistant Director & Episode Director & Screenplay & Storyboard, Kuniaki Haishima
Music, Shigeru Fujita
Character Design, Masao Maruyama
Producer, Manabu Tamura
Producer, Hiroshi Yamashita
Producer","Naoki Urasawa : Original Creator, Masayuki Kojima : Director, Ryousuke Nakamura : Assistant Director & Episode Director & Screenplay & Storyboard, Kuniaki Haishima : Music, Shigeru Fujita : Character Design, Masao Maruyama : Producer, Manabu Tamura : Producer, Hiroshi Yamashita : Producer"
Major Season 1,,TV   ,26.0,Studio Hibari,Fall ,"Drama, Shounen, Sports, Baseball, Coming of Age, Based on a Manga",4.21,2004.0,2005.0,"""Goro Honda\xa0is a little boy who is obsessed with baseball. As a child, he watches his father, a professional baseball player, be removed from the Blue Oceans’ main team due to a shoulder injury that left him unable to pitch again. However, since his son looks up to him more than anyone else in the world of baseball, Goro's father decides that he can't quit just yet (as pitching is not the only way to be able to play baseball!). With his father's shining example, Goro decides to never give up as well, working his way into the Japanese Little League as a force to be reckoned with!""",,"Major, Major 2nd","Shounen Sunday CM: Major, Major Season 2, Major Season 3, Major Season 4, Major Movie: Yuujou no Winning Shot, Major Season 5, Major Season 6, Major: Message, Major: World Series, Major 2nd","Daisuke Komori : Rie Kugimiya, Goro Honda : Motoko Kumai, Kaoru Shimizu : Yuko Sasamoto, Ryouta Sawamura : Kahoru Sasajima, Andou : Takao Ishii, Atsushi Maehara : Touko Aoyama, Hasegawa : Ayumi Tsunematsu, Hideki Shigeno : Shunsuke Sakuya, Takuya Mitsuda
Original Creator, Kenichi Kasai
Director, Noriyuki Asakura
Music, Katsu Ooshiro
Character Design, Naohiko Furuichi
Producer","Takuya Mitsuda : Original Creator, Kenichi Kasai : Director, Noriyuki Asakura : Music, Katsu Ooshiro : Character Design, Naohiko Furuichi : Producer"
Initial D Fourth Stage,,TV   ,24.0,A.C.G.T,Spring,"Action, Drama, Seinen, Sports, Cars, Racing, Based on a Manga",4.18,2004.0,2006.0,"'Takahashi Ryousuke has always dreamed of becoming a legend amongst street racers, and with the creation of Project D, a team of highly skilled drivers, this dream is finally starting to become a reality. Ryousuke manages the team, the talented Takumi dominates the downhill races with his AE86, and the skilled Keisuke overcomes foes in the uphill races with his FD. Together, the talented group of racers set out for expeditions outside the Gunma region and will face formidable foes; and for Ryousuke, the battle to finally live his dream has only just begun...'",,Initial D,"Initial D, Initial D Second Stage, Initial D Third Stage, Initial D Extra Stage, Initial D Battle Stage, Initial D: Project D to the Next Stage - Project D e Mukete, Initial D Battle Stage 2, Initial D Extra Stage 2: Tabidachi no Green, Initial D Fifth Stage, Initial D Final Stage, Initial D Legend 1: Awakening, Initial D Legend 2: Racer, Initial D Legend 3: Dream, Initial D Battle Stage 3","Keisuke Takahashi : Tomokazu Seki, Ryousuke Takahashi : Takehito Koyasu, Takumi Fujiwara : Shinichirou Miki, Bunta Fujiwara : Unshou Ishizuka, Daiki Ninomiya : Toshiyuki Morikawa, Hiroshi Fumihiro : Osamu Hosoi, Itsuki Takeuchi : Mitsuo Iwata, Kenji : Wataru Takagi, Shuichi Shigeno
Original Creator, Tsuneo Tominaga
Director, Atsushi Umebori
Music, Dennis Martin
Music, Akira Kano
Character Design, Nobuaki Kishima
Screenplay","Shuichi Shigeno : Original Creator, Tsuneo Tominaga : Director, Atsushi Umebori : Music, Dennis Martin : Music, Akira Kano : Character Design, Nobuaki Kishima : Screenplay"
BECK: Mongolian Chop Squad,,TV   ,26.0,MADHOUSE,Fall ,"Drama, Shounen, Coming of Age, Lifestyle Change, Music, Rock Music, Showbiz, Based on a Manga",4.16,2004.0,2005.0,"'Koyuki is a downcast\xa0fourteen-year-old boy\xa0who feels disconnected from life. Socially unpopular and lacking confidence, he takes some solace in his fandom of fluffy J-Pop. However, when he saves a strange dog from a group of cruel young bullies, his life changes forever; for through this\xa0encounter he meets\xa0a genius guitarist named Ryuunosuke and subsequently is introduced to the world famous rock\xa0band Dying Breed. Now, he uses his innate singing talent and beginning guitar skills to join with the indy startup band Beck, learning to live a life unlike anything he has ever known...'",,BECK: Mongolian Chop Squad,,"Ryuusuke Minami : Yuuma Ueno, Yukio Tanaka : Daisuke Namikawa, Izumi Ishiguro : Miki Maruyama, Kenichi Saitou : Porsche Okite, Maho Minami : Miho Saiki, Tsunemi Chiba : Shintarou Oohata, Yoshiyuki Taira : Kenji Nojima, Yuji Sakurai : Tooru Nara, Harold Sakuishi
Original Creator, Osamu Kobayashi
Director, Motonobu Hori
Character Design, Gou Shukuri
Producer, Yoshimi Nakajima
Producer, Norio Matsumoto
Key Animator","Harold Sakuishi : Original Creator, Osamu Kobayashi : Director, Motonobu Hori : Character Design, Gou Shukuri : Producer, Yoshimi Nakajima : Producer, Norio Matsumoto : Key Animator"
Detective Conan Movie 8: Magician of the Silver Sky, Meitantei Conan Movie 8: Ginyoku no kijutsushi,Movie,,TMS Entertainment,,"Mystery, Shounen, Age Transformation, Detectives, Police, Thieves, Based on a Manga",4.13,2004.0,,"""Conan is back, and ready for another showdown with the elusive Kaitou Kid. The master of camouflage has staked his claim on yet another prize: a star sapphire known as the Jewel of Destiny. Detective Mouri has been hired to protect it by its owner, a famous actress; but the job will prove to be far more difficult than imagined. That evening, Kaitou Kid arrives in full force disguised as Conan's adult self, Shinichi! Can Conan and friends protect the Jewel of Destiny from Kaitou Kid and also uncover the hidden schemes that are brewing?""",,"Magic Kaitou, Case Closed, Detective Conan: Tokubetsu-hen, Detective Conan (Shima MIZUKI) (Light Novel), Detective Conan: Zero's Tea Time","Detective Conan, Detective Conan Movie 1: The Time Bombed Skyscraper, Detective Conan Movie 2: The Fourteenth Target, Detective Conan Movie 3: The Last Magician of the Century, Detective Conan Movie 4: Captured In her Eyes, Detective Conan Movie 5: Countdown to Heaven, Detective Conan Movie 6: The Phantom of Baker Street, Detective Conan Movie 7: Crossroad in the Ancient Capital, Detective Conan Movie 9: Strategy Above the Depths, Detective Conan Movie 10: The Private Eyes' Requiem, Detective Conan Movie 11: Jolly Roger in the Deep Azure, Detective Conan Movie 12: Full Score of Fear, Detective Conan Movie 13: The Raven Chaser, Detective Conan Movie 14: The Lost Ship in the Sky, Detective Conan Movie 15: Quarter of Silence, Detective Conan Movie 16: The Eleventh Striker, Detective Conan Movie 17: Zekkai no Private Eye, Detective Conan Movie 18: The Sniper From Another Dimension, Detective Conan Movie 19: The Hellfire Sunflowers, Detective Conan Movie 20: The Darkest Nightmare, Detective Conan Movie 21: Kara Kurenai no Love Letter, Detective Conan Movie 22: Zero The Enforcer, Detective Conan Movie 23: The Fist of Blue Sapphire, Detective Conan Movie 24: The Scarlet Bullet","Conan Edogawa : Minami Takayama, Kogoro Mori : Akira Kamiya, Ran Mori : Wakana Yamazaki, Ai Haibara : Megumi Hayashibara, Ayumi Yoshida : Yukiko Iwai, Eri Kisaki : Gara Takashima, Genta Kojima : Wataru Takagi, Hiroshi Agasa : Kenichi Ogata, Gosho Aoyama
Original Creator, Yasuichiro Yamamoto
Director, Katsuo Ono
Music, Masatomo Sudou
Character Design, Toshio Nakatani
Producer, Toshihiro Nakazawa
Producer, Fumio Ueda
Producer, Hiroaki Kobayashi
Producer","Gosho Aoyama : Original Creator, Yasuichiro Yamamoto : Director, Katsuo Ono : Music, Masatomo Sudou : Character Design, Toshio Nakatani : Producer, Toshihiro Nakazawa : Producer, Fumio Ueda : Producer, Hiroaki Kobayashi : Producer"
Wolf's Rain OVA,,OVA  ,4.0,Bones,,"Adventure, Drama, Fantasy, Mystery, Animal Protagonists, Dystopia, Non-Human Protagonists, Post-apocalyptic, Original Work, Violence",4.04,2004.0,,"""After leaving Jagara's keep, the story concludes as Kiba, Tsume, Hige, Toboe, Blue and Cheza struggle to finish their journey to Rakuen (Paradise), accompanied by the humans Hubb, Cher and Quent. Darcia confronts the protagonists at last. The secrets of his mysterious existence and Cheza's true form are revealed in this finale.""",Violence,Wolf's Rain,Wolf's Rain,"Blue : Mayumi Asano, Cheza : Arisa Ogasawara, Hige : Akio Suyama, Kiba : Mamoru Miyano, Toboe : Hiroki Shimowada, Tsume : Kenta Miyake, Cher Degre : Kaho Kouda, Darcia : Takaya Kuroda, Keiko Nobumoto
Original Creator & Screenplay & Series Composition, Tensai Okamura
Director, Youko Kanno
Music","Keiko Nobumoto : Original Creator & Screenplay & Series Composition, Tensai Okamura : Director, Youko Kanno : Music"
Bleach,,TV   ,366.0,Pierrot,Fall ,"Action, Shounen, Afterlife, Shinigami, Supernatural, Superpowers, Swordplay, Based on a Manga, Violence",4.0,2004.0,2012.0,"'Fifteen-year-old Ichigo Kurosaki is a typical teen with fighting skills, two caring sisters and a special trait: he can see ghosts. However, when Ichigo and his family find themselves under attack by a huge beast, Ichigo discovers that there’s more to the supernatural world than the everyday specter. Vengeful spirits known as Hollows roam the world in search of devouring souls, and Shinigami – soul reapers – work tirelessly to defeat them and\xa0guide normal ghosts into a place called Soul Society. Ichigo valiantly fights the Hollow that threatens his sisters, but on the verge of defeat a Shinigami named Rukia gives him her powers, turning him into a Shinigami himself. Ichigo must now adjust to his new life of both vanquishing and saving souls for the sake of Soul Society.'",Violence,"Bleach (Pilot), Bleach, Bleach: Letters From the Other Side (Light Novel), Bleach: The Honey Dish Rhapsody (Light Novel), Gekijouban Bleach: Memories of Nobody (Light Novel), Bleach: Jigoku Hen Special - The Unforgivens, Bleach 4-koma: Komaburi, Bleach Unmasked Short Stories, Bleach: Spirits Are Forever with You (Light Novel), Bleach: The Death Save the Strawberry (Light Novel), Bleach: We Do Knot Always Love You (Light Novel), Bleach: Can't Fear Your Own World (Light Novel), Bleach (2021)","Bleach: Memories in the Rain, Bleach: The Sealed Sword Frenzy, Bleach: Gotei 13 Omake, Bleach Movie 1: Memories of Nobody, Bleach Movie 2: The DiamondDust Rebellion, Bleach: Jump Festa 2008 Special, Bleach Movie 3: Fade to Black, Bleach Movie 4: Hell Verse, Burn the Witch, Bleach: Sennen Kessen-hen","Ichigo Kurosaki : Masakazu Morita, Orihime Inoue : Yuki Matsuoka, Renji Abarai : Kentarou Itou, Rukia Kuchiki : Fumiko Orikasa, Uryu Ishida : Takako Honda, Yasutora Sado : Hiroki Yasumoto, Byakuya Kuchiki : Ryotaro Okiayu, Coyote Starrk : Rikiya Koyama, Tite Kubo
Original Creator, Noriyuki Abe
Director, Masashi Sogo
Screenplay & Series Composition, Shirou Sagisu
Music, Masashi Kudou
Character Design, Jun Takibuchi
Producer, Shunji Aoki
Producer, Yutaka Sugiyama
Producer","Tite Kubo : Original Creator, Noriyuki Abe : Director, Masashi Sogo : Screenplay & Series Composition, Shirou Sagisu : Music, Masashi Kudou : Character Design, Jun Takibuchi : Producer, Shunji Aoki : Producer, Yutaka Sugiyama : Producer"
Hikaru no Go: Journey to the North Star Cup, Hikaru no Go: Hokuto Hai e no Michi,TV Sp,,Pierrot,,"Shounen, Board Games, Ghosts, Supernatural, Tournaments, Based on a Manga",4.0,2004.0,,"""Hikaru Shindou had just settled into the life of being a professional Go player when he received news of the North Star Cup – a special team competition between the young pros of Japan, China, and Korea. With his rival Akira Touya having already been guaranteed one of the three Japanese spots, Hikaru must battle his way through a qualifying tournament to become one of the other two representatives. But fellow young guns Waya and Ochi, along with a mysterious youth from the Kansai region, aren't backing down without a fight. With both familiar faces and new rivals standing in his way, this may be Hikaru's toughest test yet!""",,Hikaru no Go,"Hikaru no Go, Hikaru no Go: Special Edition - Match of Justice! The Ancient Flower Blooms!, Hikaru no Go: New Year Special","Hikaru Shindou : Tomoko Kawakami, Akira Touya : Sanae Kobayashi, Kiyoharu Yashiro, Kousuke Ochi : Youko Matsuoka, Toshinori Honda : Takahiro Sakurai, Yoshitaka Waya : Reiko Takagi, Akari Fujisaki : Yumi Kakazu, Atsushi Kurata, Yumi Hotta
Original Creator, Tetsuya Endou
Director, Kei Wakakusa
Music, Minako Shiba
Character Design","Yumi Hotta : Original Creator, Tetsuya Endou : Director, Kei Wakakusa : Music, Minako Shiba : Character Design"
Elfen Lied,,TV   ,13.0,ARMS,Summer,"Seinen, Human Experimentation, Overpowered Main Characters, Psychological, Split Personality, Supernatural, Superpowers, Based on a Manga, Animal Abuse,, Emotional Abuse,, Explicit Violence,, Mature Themes,, Nudity,, Physical Abuse,, Sexual Abuse",3.98,2004.0,,"'For Kouta and Yuka, finding the bloody naked young girl on the beach would change their lives forever, for better or for worse. Unable to speak or function as a normal human being, she is named Nyu by the duo, and taken into their home in an effort to save her. But what neither teenager knows is that this innocent young girl is actually a killing machine -- an experiment gone terribly wrong -- and it is only a matter of time before the murderer in her awakens again...'","Animal Abuse,, Emotional Abuse,, Explicit Violence,, Mature Themes,, Nudity,, Physical Abuse,, Sexual Abuse",Elfen Lied,Elfen Lied: In the Passing Rain,"Kouta : Hitomi Nabatame, Lucy : Sanae Kobayashi, Nana : Yuki Matsuoka, Nyu : Sanae Kobayashi, Yuka : Mamiko Noto, Arakawa : Eriko Ishihara, Bando : Jouji Nakata, Chief Kurama : Osamu Hosoi, Lynn Okamoto
Original Creator, Mamoru Kanbe
Director, Kayou Konishi
Music, Moka
Music, Yukio Kondou
Music, Seiji Kishimoto
Character Design, Manabu Tamura
Producer, Kazuaki Morijiri
Producer","Lynn Okamoto : Original Creator, Mamoru Kanbe : Director, Kayou Konishi : Music, Moka : Music, Yukio Kondou : Music, Seiji Kishimoto : Character Design, Manabu Tamura : Producer, Kazuaki Morijiri : Producer"
School Rumble,,TV   ,26.0,Studio Comet,Fall ,"Comedy, Romance, Shounen, Delinquents, Episodic, Gag, Love Triangle, Romantic Comedy, School Life, Unrequited Love, Based on a Manga",3.93,2004.0,2005.0,"""Tenma Tsukamoto\xa0is young, bright, and smitten with the school hottie Oji Karasuma. She's desperate for his attention, which is unfortunate considering he barely gives her the time of day! Throw Kenji Harima, the school delinquent with a crush on Tenma into the mix and you've got one twisted love triangle of unrequited proportions! Can love find the trio happiness before their attention-grabbing stunts end up hurting more than their egos?""",,"School Rumble, School Rumble (Light Novel), School Rumble Z","School Rumble: Extra Class, School Rumble: 2nd Semester, School Rumble San Gakki","Akira Takano : Kaori Shimizu, Eri Sawachika : Yui Horie, Kenji Harima : Hiroki Takahashi, Mikoto Suou : Hitomi Nabatame, Oji Karasuma : Ryousei Konishi, Tenma Tsukamoto : Ami Koshimizu, Yakumo Tsukamoto : Mamiko Noto, Fuyuki Takeichi : Hiroyuki Yoshino, Jin Kobayashi
Original Creator, Shinji Takamatsu
Director, Toshiyuki Omori
Music, Hajime Watanabe
Character Design, Fukashi Azuma
Producer, Hidenori Itahashi
Producer, Bunpei Ogawa
Producer","Jin Kobayashi : Original Creator, Shinji Takamatsu : Director, Toshiyuki Omori : Music, Hajime Watanabe : Character Design, Fukashi Azuma : Producer, Hidenori Itahashi : Producer, Bunpei Ogawa : Producer"
Gankutsuou: The Count of Monte Cristo, Gankutsuou,TV   ,24.0,GONZO,Fall ,"Drama, Mystery, Sci Fi, Abstract, Europe, France, Nobility, Thriller, Based on a Novel",3.92,2004.0,2005.0,"'Albert de Morcerf had it all: wealth, loving parents, great friends. The only thing lacking in his life was excitement... until that fateful day on Luna. After a chance encounter with bandits and a daring rescue, Albert invites his newfound friend and savior, the Count of Monte Cristo, to his home in Paris. Little does he know what fate has in store for him and his loved ones. Just who is the mysterious Count, and what does he want? As tragedy touches the lives of those around him, can Albert’s only recourse be to wait and hope?'",,"Gankutsuou (Light Novel), Gankutsuou, Gankutsuou Comic Anthology",,"Albert De Morcerf : Aya Endou, Edmond Dantes : Jouji Nakata, Andrea Cavalcanti : Tomokazu Seki, Baptistin : Nobuo Tobita, Eugenie De Danglars : Chie Nakamura, Fernand De Morcerf : Juurouta Kosugi, Franz D'Epinay : Daisuke Hirakawa, Gerard De Villefort : Yousuke Akimoto, Alexandre Dumas
Original Creator, Mahiro Maeda
Director & Episode Director & Original Character Design & Original Concept & Storyboard, Jean-Jacques Burnel
Music & Song Arrangement & Song Composition & Song Lyrics & Song Performance, Hidenori Matsubara
Animation Director & Character Design, Takeo Ogiwara
Photography Director, Hiroshi Sasaki
Art Director, Yuusuke Takeda
Art Director, Eriko Murata
Color Design","Alexandre Dumas : Original Creator, Mahiro Maeda : Director & Episode Director & Original Character Design & Original Concept & Storyboard, Jean-Jacques Burnel : Music & Song Arrangement & Song Composition & Song Lyrics & Song Performance, Hidenori Matsubara : Animation Director & Character Design, Takeo Ogiwara : Photography Director, Hiroshi Sasaki : Art Director, Yuusuke Takeda : Art Director, Eriko Murata : Color Design"
Yakitate!! Japan,,TV   ,69.0,Sunrise,Fall ,"Comedy, Shounen, Baking, Food and Beverage, Parody, Tournaments, Based on a Manga",3.92,2004.0,2006.0,"'Dimwitted Azuma Kazuma is a young man with a dream -- to create a bread worthy of the name ""Japan"", made by the Japanese people, for the Japanese people! With hefty bread-making skills, hands that have an uncanny warmth to help dough ferment, and will power like no other, Kazuma must put his delicious creations to the test as he struggles to become employed at the prestigious Pantasia bakery, for fame and glory! Yeast, beware... Kazuma is in the kitchen!'",,Yakitate!! Japan,Shounen Sunday CM: Yakitate!! Japan,"Kai Suwabara : Takayuki Sakazume, Kazuma Azuma : Yumiko Kobayashi, Ken Matsushiro : Hiroki Touchi, Kyousuke Kawachi : Shuuhei Sakaguchi, Shigeru Kanmuri : Marina Inoue, Tsukino Azusagawa : Chihiro Otsuka, Bob Kayser : Takanori Hoshino, Edward Kayser : Kouji Yusa, Takashi Hashiguchi
Original Creator, Yasunao Aoki
Director, Taku Iwasaki
Music, Atsuo Tobe
Character Design, Hiromi Maezawa
Character Design, Yoshihito Hishinuma
Character Design, Shigemi Ikeda
Art Director, Eriko Kimura
Sound Director","Takashi Hashiguchi : Original Creator, Yasunao Aoki : Director, Taku Iwasaki : Music, Atsuo Tobe : Character Design, Hiromi Maezawa : Character Design, Yoshihito Hishinuma : Character Design, Shigemi Ikeda : Art Director, Eriko Kimura : Sound Director"
Ghost in the Shell 2: Innocence, Koukaku Kidoutai 2: Innocence,Movie,,Production I.G,,"Sci Fi, Cyberpunk, Cyborgs, Hacking, Based on a Manga",3.91,2004.0,,"'In a dystopic city of the future, there has been a rash of killings at the hands of prototype robots. These anomalies from the company Locus Solus are making headlines, and have caught the attention of the cyborg Batou and the crew of the Section 9 special forces. Yet beneath the random violence, a sinister plot is unfolding -- a situation so dangerous that it threatens not only Batou, but innocent humans and cyborgs alike. Can the team of Section 9 unravel the mystery of these murders before they suffer the same fate as the victims?'",,"Ghost in the Shell, Ghost in the Shell 1.5: Human-Error Processor, Ghost in the Shell 2: Man-Machine Interface, Ghost in the Shell 2: Innocence - After the Long Goodbye (Light Novel), Ghost in the Shell: Stand Alone Complex, Ghost in the Shell Arise: Sleepless Eye, Ghost in the Shell: Stand Alone Complex - The Laughing Man","Ghost in the Shell, Ghost in the Shell: Stand Alone Complex, Ghost in the Shell: Stand Alone Complex - Tachikoma Days, Ghost in the Shell: Stand Alone Complex 2nd Gig, Ghost in the Shell: Stand Alone Complex 2nd Gig - Tachikoma Days, Ghost in the Shell: Stand Alone Complex - The Laughing Man - Tachikoma Days, Ghost in the Shell: Stand Alone Complex - The Laughing Man, Ghost in the Shell: Stand Alone Complex - Individual Eleven, Ghost in the Shell: Stand Alone Complex - Individual Eleven - Tachikoma Days, Ghost in the Shell: Stand Alone Complex - Solid State Society, Ghost in the Shell: Uchikomatic Days, Ghost in the Shell 2.0, Ghost in the Shell: Arise, Ghost in the Shell: Arise - Another Mission, Ghost in the Shell: Arise - Logicoma Specials, Ghost in the Shell: Nyuumon Arise, Ghost in the Shell: Arise border:less project - WORKING HIGH, Ghost in the Shell: Arise - Alternative Architecture, Ghost in the Shell: The New Movie, Ghost in the Shell: Ghost Chaser, Ghost in the Shell: SAC_2045","Batou : Akio Ootsuka, Togusa : Kouichi Yamadera, Daisuke Aramaki : Tamio Ohki, Ishikawa : Yutaka Nakano, Kim : Naoto Takenaka, Azuma : Masaki Terasoma, Crab Man : Bob Papenbrook, Girl : Sumi Mutoh, Masamune Shirow
Original Creator, Mamoru Oshii
Director, Kenji Kawai
Music, Hiroyuki Okiura
Character Design, Toshio Suzuki
Producer, Mitsuhisa Ishikawa
Producer, Shinji Hashimoto
Key Animator, Yasuhiro Nakura
Key Animator","Masamune Shirow : Original Creator, Mamoru Oshii : Director, Kenji Kawai : Music, Hiroyuki Okiura : Character Design, Toshio Suzuki : Producer, Mitsuhisa Ishikawa : Producer, Shinji Hashimoto : Key Animator, Yasuhiro Nakura : Key Animator"
Gakuen Alice,,TV   ,26.0,Group TAC,Fall ,"Comedy, Shoujo, Boarding School, Family Friendly, Magic, Magic School, School Life, Superpowers, Based on a Manga",3.89,2004.0,2005.0,"'Ever since they met, emotionless Hotaru and ditzy Mikanhave been best friends, and are virtually inseparable-- that is, until Hotaru is invited to attend a strange school far away, a school for those who have special abilities known as ""Alice"". Unable to be separated from her friend, Mikan soon sets out on a mission to find her. After traveling to a city far away, she finds Hotaru at last, but gets much more than she bargained for. Now, she is lost in a school full of kids with strange powers, unusual animals, and has secured an immediate rivalry with the toughest little punk in town!'",,Gakuen Alice,,"Hotaru Imai : Rie Kugimiya, Mikan Sakura : Kana Ueda, Natsume Hyuuga : Romi Park, Ruka Nogi : Miwa Yasuda, Anna Umenomiya : Rie Kanda, Kokoro Yome : Megumi Matsumoto, Narumi Anjo : Akira Ishida, Noda : Mamoru Miyano, Tachibana Higuchi
Original Creator, Takahiro Oomori
Director, Makoto Yoshimori
Music, Yoshiaki Itou
Animation Director & Character Design & Chief Animation Director, Yoshikazu Iwanami
Sound Director, Eizou Kondou
Producer, Atsuhiro Iwakami
Producer, Nobuyuki Suga
Producer","Tachibana Higuchi : Original Creator, Takahiro Oomori : Director, Makoto Yoshimori : Music, Yoshiaki Itou : Animation Director & Character Design & Chief Animation Director, Yoshikazu Iwanami : Sound Director, Eizou Kondou : Producer, Atsuhiro Iwakami : Producer, Nobuyuki Suga : Producer"
Shura no Toki: Age of Chaos, Mutsu Enmei Ryuu Gaiden: Shura no Toki,TV   ,26.0,Studio Comet,Spring,"Shounen, Feudal Japan, Martial Arts, Samurai, Tournaments, Based on a Manga",3.88,2004.0,,"'In Japan, legends tell of a strong clan of warriors who fought unarmed and walked the path of the undefeated. Since the Heian period, this clan known as the Shura helped shape and form history as we know it with the help of their legendary Mutsu Enmei-Ryuu style. Watch history unfold in this epic tale as the Shura and their ancestors witness the days of the swordfighter Musashi, fight with the one-eyed Jubei Yagyu and help influence the fall of the Shogunate and Shinsengumi; and most importantly, touch the hearts and minds of everyone they meet…'",,"Shura no Toki, Shura No Mon, Shura no Mon Iden: Fudekage",,"Izumi Matsu : Hozumi Gouda, Takato Mutsu : Kouji Yusa, Yakumo Mutsu : Hiroki Takahashi, Iori Miyamoto : Kokoro Kikuchi, Kishomaru Shiori : Nozomi Masu, Amanushi : Takehito Koyasu, Aoki : Eiji Takemoto, Asanosuke : Kouji Yusa, Masatoshi Kawahara
Original Creator, Shin Misawa
Director, Yutaka Minobe
Music, Takehiro Hamatsu
Character Design, Hidenori Itahashi
Producer, Mori Ooi
Producer, Tatsuya Oishi
Key Animator","Masatoshi Kawahara : Original Creator, Shin Misawa : Director, Yutaka Minobe : Music, Takehiro Hamatsu : Character Design, Hidenori Itahashi : Producer, Mori Ooi : Producer, Tatsuya Oishi : Key Animator"
Genshiken,,TV   ,12.0,Palm Studio,Fall ,"Comedy, Drama, Seinen, Slice of Life, College, Doujinshi Industry, Manga Industry, Otaku Culture, Parody, Satire, School Club, School Life, Based on a Manga",3.87,2004.0,,"""Ever wanted to join an anime club but felt its geekiness would hurt your reputation? Sasahara feels your pain. Genshiken, the Society for the Study of Modern Visual Culture, is an organization of college otaku obsessed with anime, manga and video games. Their daily activities include holding impromptu cosplay photo shoots, braving the crowds and avoiding injury at doujinshi conventions, and tolerating harassment by Saki, a girl irked by her boyfriend's otaku-ness! It's a perfect match for Sasahara's interests, so why is it so difficult for him to join?""",,"Genshiken, Kujibiki Unbalance, Ramen Tenshi Pretty Menma, Genshiken: Return of the Otaku (Light Novel), Genshiken: Second Season","Kujibiki Unbalance OVA, Kujibiki Unbalance, Genshiken OVA, Genshiken 2, Ramen Angel Pretty Menma, Genshiken: Second Generation, Genshiken: Second Generation Specials, Genshiken: Second Generation OVA","Harunobu Madarame : Nobuyuki Hiyama, Kanako Ohno : Ayako Kawasumi, Kanji Sasahara : Takanori Ohyama, Makoto Kousaka : Mitsuki Saiga, Mitsunori Kugayama : Kenji Nomura, Saki Kasukabe : Satsuki Yukino, Souichirou Tanaka : Tomokazu Seki, President : Yuuji Ueda, Shimoku Kio
Original Creator, Takashi Ikehata
Director, Masanori Takumi
Music, Hirotaka Kinoshita
Character Design, Takaya Ibira
Producer, Atsushi Yamamori
Producer, Naoki Sakamoto
Producer, Kouji Tsukamoto
Producer","Shimoku Kio : Original Creator, Takashi Ikehata : Director, Masanori Takumi : Music, Hirotaka Kinoshita : Character Design, Takaya Ibira : Producer, Atsushi Yamamori : Producer, Naoki Sakamoto : Producer, Kouji Tsukamoto : Producer"
Detective Conan OVA 4: Conan and Kid and Crystal Mother, Meitantei Conan OVA 4: Conan to Kid to Crystal Mother,OVA  ,1.0,TMS Entertainment,,"Mystery, Shounen, Age Transformation, Detectives, Thieves, Trains, Based on a Manga",3.87,2004.0,,"""The Kaitou Kid - aka Kaito Kuroba - is currently on the prowl for his next heist: the Crystal Mother, Europe's largest Topaz! However, acquiring the jewel won't be easy as it has been hidden by its owner, the Queen of Ingram, aboard the Royal Express luxury train. What's worse is that not only Conan, but also the crown prince of Ingram stand in his way! Will Kaitou Kid pull off the crime of the century?""",,"Magic Kaitou, Case Closed, Detective Conan: Tokubetsu-hen, Detective Conan: Zero's Tea Time","Detective Conan, Detective Conan OVA 1: Conan vs Kid vs YAIBA, Detective Conan OVA 2: 16 Suspects, Detective Conan OVA 3: Conan and Heiji and the Vanished Boy, Detective Conan OVA 5: The Target is Kogoro! The Detective Boys' Secret Investigation, Detective Conan OVA 6: Follow the Vanished Diamond! Conan and Heiji vs Kid!, Detective Conan OVA 7: A Challenge from Agasa, Detective Conan OVA 8: High School Girl Detective Sonoko Suzuki's Case Files, Detective Conan Magic File 2: Kudou Shinichi - The Case of the Mysterious Wall and the Black Lab, Detective Conan OVA 9: The Stranger of 10 Years, Detective Conan Magic File 3: Shinichi and Ran: Memories of Mahjong Tiles and Tanabata, Detective Conan OVA 10: Kid in Trap Island, Detective Conan Magic File 4: Osaka Okonomiyaki Odyssey, Detective Conan Magic File 5: Niigata - Tokyo Omiyage Capriccio, Detective Conan OVA 11: A Secret Order from London, Detective Conan vs. Wooo, Detective Conan: Excalibur no Kiseki, Detective Conan Magic File 6: Fantasista Flower, The Disappearance of Conan Edogawa: The Worst Two Days in History, Detective Conan Movie 24: The Scarlet Bullet","Conan Edogawa : Minami Takayama, Ran Mori : Wakana Yamazaki, Kaito Kid : Kappei Yamaguchi, Phillip Maximillion Ingram : Yoko Teppouzuka, Selizabeth Ingram : Emi Shinohara, Snake : Kouji Ishii, Aoko Nakamori : Minami Takayama, Ginzo Nakamori : Unshou Ishizuka, Gosho Aoyama
Original Creator, Masato Satou
Director, Katsuo Ono
Music, Mari Tominaga
Character Design, Satoshi Kojima
Producer, Tetsu Kojima
Producer, Satoru Kusuda
Key Animator","Gosho Aoyama : Original Creator, Masato Satou : Director, Katsuo Ono : Music, Mari Tominaga : Character Design, Satoshi Kojima : Producer, Tetsu Kojima : Producer, Satoru Kusuda : Key Animator"
Linkin Park: Breaking the Habit,,Music,,GONZO,,"Melancholy, Music, Psychological, Urban Fantasy",3.85,2004.0,,"'A music video about\xa0self-hate, addiction, and\xa0tragedy from American band Linkin Park.'",,,,"Brad Delson, Chester Bennington, Dave Farrel, Joe Hahn, Mike Shinoda, Rob Bourdon, Joe Hahn
Director, Linkin Park
Music & Song Performance, Eric Calderon
Producer","Joe Hahn : Director, Linkin Park : Music & Song Performance, Eric Calderon : Producer"
The Place Promised in Our Early Days," Kumo no Mukou, Yakusoku no Bashou",Movie,,CoMix Wave Films,,"Drama, Romance, Sci Fi, Childhood Promise, Original Work",3.85,2004.0,,"'At the end of World War II, Japan was split and a great tower was erected that reached the skies. For three friends, Hiroki, Takuya, and Sayuri, memories of their summer spent together would stay with them forever. During that precious time, the three promised to one day travel to the tower in the skies on the wings of a white plane -- to finally see its brilliance and the surrounding land of Ezo -- but when Sayuri suddenly disappeared from their lives, the promise that once was made was broken. Though time continues to pass, will the three ever meet again some day?'",,"The Place Promised in Our Early Days (Novel), The Place Promised in Our Early Days",,"Hiroki Fujisawa : Hidetaka Yoshioka, Sayuri Sawatari : Yuuka Nanri, Takuya Shirakawa : Masato Hagiwara, Okabe : Unshou Ishizuka, Maki Kasahara : Risa Mizuno, Makoto Shinkai
Producer & Director, Tenmon
Music, Ushio Tazawa
Character Design, Shinichirou Kajiura
Animation Director","Makoto Shinkai : Producer & Director, Tenmon : Music, Ushio Tazawa : Character Design, Shinichirou Kajiura : Animation Director"
Maria Watches Over Us Season 2, Maria-sama ga Miteru: Haru,TV   ,13.0,Studio DEEN,Summer,"Drama, GL, Shoujo-ai, LGBT Themes, School Life, Based on a Light Novel",3.84,2004.0,,"""The season has turned to spring, and it's graduation time for the Rosas of the yamayurikai (the student council). While graduating is step towards a greater future, it also forces the girls to sadly part with their petite soeur. In addition, the en boutons, who are next to become full-fledged Rosas, now have to shoulder the full responsibility of the student council. With the new first year students lined up to attend and the soon-to-be-alumni on their way out the door, this truly is a season of change...""",,"Maria Watches Over Us (Light Novel), Maria Watches Over Us","Maria Watches Over Us, Maria Watches Over Us Specials, Maria-sama ga Miteru ~Haru~ Specials, Maria Watches Over Us Season 3 Specials, Maria Watches Over Us Season 3, Maria Watches Over Us Season 4, Maria Watches Over Us Season 4 Specials","Sachiko Ogasawara : Miki Itou, Yumi Fukuzawa : Kana Ueda, Eriko Torii : Hitomi Nabatame, Noriko Nijou : Kaori Shimizu, Rei Hasekura : Shizuka Itou, Sei Satou : Megumi Toyoguchi, Shimako Toudou : Mamiko Noto, Touko Matsudaira : Rie Kugimiya, Oyuki Konno
Original Creator, Yukihiro Matsushita
Director, Mikiya Katakura
Music, Akira Matsushima
Character Design, Yoshikazu Iwanami
Sound Director, Shinichi Ikeda
Producer, Ali Project
Song Performance","Oyuki Konno : Original Creator, Yukihiro Matsushita : Director, Mikiya Katakura : Music, Akira Matsushima : Character Design, Yoshikazu Iwanami : Sound Director, Shinichi Ikeda : Producer, Ali Project : Song Performance"
One Piece Movie 5: The Curse of the Sacred Sword, One Piece Movie 5: Norowareta Seiken,Movie,,Toei Animation,,"Adventure, Shounen, Island, Pirates, Swordplay, Based on a Manga, Violence",3.83,2004.0,,"""When Zoro disappears during his guard shift, the crew of the Going Merry naturally head to the nearby island to search for him... an island that, according to legend, is home to the Seven-Star Sword that treasure-loving Nami is just itching to get her hands on. But when the islanders' less-than-friendly welcome is quickly followed by the appearance of a less-than-friendly Zoro, the crew is in a pickle. Has Zoro betrayed his nakama? The Straw Hat Pirates are in for a new adventure as they try to track down their wayward friend and solve the mystery of the Seven-Star Sword!""",Violence,One Piece,One Piece,"Monkey D. Luffy : Mayumi Tanaka, Nami : Akemi Okamura, Robin Nico : Yuriko Yamaguchi, Sanji : Hiroaki Hirata, Tony Tony Chopper : Ikue Ootani, Usopp : Kappei Yamaguchi, Zoro Roronoa : Kazuya Nakai, Izaya : Masami Hisamoto, Eiichiro Oda
Original Creator, Kazuhisa Takenouchi
Director, Kouhei Tanaka
Music, Shirou Hamaguchi
Music, Noboru Koizumi
Animation Director & Character Design","Eiichiro Oda : Original Creator, Kazuhisa Takenouchi : Director, Kouhei Tanaka : Music, Shirou Hamaguchi : Music, Noboru Koizumi : Animation Director & Character Design"
Kaleido Star: New Wings ~Extra Stage~, Kaleido Star: The Amazing Princess Without a Smile,OVA  ,1.0,GONZO,,"America, Circus, Family Friendly, Gymnastics, Showbiz, Original Work",3.83,2004.0,,"""Sora Naegino has finally consolidated herself as Kaleido Stage's gratest star ever, and a new star starts to shine as Rosetta Passel is selected to participate in the next attraction in a main role. But when things start to go wrong in the rehearsals, Rosetta starts to question her abillity to take the role, as her own capacity to remain in Kaleido Stage. Meanwhile, Fool also struggles with his demons from the past.""",,,"Kaleido Star, Kaleido Star: Legend of Phoenix ~Layla Hamilton Story~, Kaleido Star: It's Good! Goood!!","Sora Naegino, Fool, Anna Heart, Barbara, Hanna, Jean Benigni, Jonathan, Kalos Eido, Junichi Satou
Director, Yoshimasa Hiraike
Director, Mina Kubota
Music, Hajime Watanabe
Character Design, Fumitoshi Oizaki
Character Design, Yasushi Uchida
Producer, Yukio Takatsu
Key Animator, Kensuke Ishikawa
Key Animator","Junichi Satou : Director, Yoshimasa Hiraike : Director, Mina Kubota : Music, Hajime Watanabe : Character Design, Fumitoshi Oizaki : Character Design, Yasushi Uchida : Producer, Yukio Takatsu : Key Animator, Kensuke Ishikawa : Key Animator"
Sgt. Frog, Keroro Gunsou,TV   ,358.0,Sunrise,Spring,"Comedy, Sci Fi, Shounen, Aliens, Frogs, Gag, Non-Human Protagonists, Based on a Manga",3.83,2004.0,2011.0,"'As the mighty star fleet of the planet Keron prepare their invasion of Earth, Sergeant Keroro and his elite team of commandos have been sent to infiltrate the enemy strongholds and gather as much intelligence as possible. However, it seems even his extensive military training is no match for the forces of Earth, as he is discovered and captured by the two middle school siblings, Fuyuki and Natsumi. Submitted to the rigorous torture of housework duty, the amphibious Keroro must now bide his time, covertly locate his squad-mates, and resume his mission of conquest!'",,Sgt. Frog,"Keroro Gunsou Movie 1, Chibi Kero: Secret of the Kero Ball, Keroro Gunsou Movie 2: Shinkai no Princess de Arimasu!, Keroro Gunsou Movie 3: Tenkuu Daikessen de Arimasu!, Keroro Gunsou Movie 4: Gekishin Dragon Warriors de Arimasu!, Keroro Gunsou Movie 5: Kyuukyoku Keroro, Kiseki no Jikuu-jima, de arimasu!!, Keroro","Dororo : Takeshi Kusao, Fuyuki Hinata : Houko Kuwashima, Giroro : Jouji Nakata, Keroro : Kumiko Watanabe, Kururu : Takehito Koyasu, Natsumi Hinata : Chiwa Saitou, Tamama : Etsuko Kozakura, Aki Hinata : Akiko Hiramatsu, Mine Yoshizaki
Original Creator, Junichi Satou
Director, Fumitoshi Oizaki
Character Design, Yoshikazu Beniya
Producer, Masumi Itou
Song Composition","Mine Yoshizaki : Original Creator, Junichi Satou : Director, Fumitoshi Oizaki : Character Design, Yoshikazu Beniya : Producer, Masumi Itou : Song Composition"
InuYasha The Movie 4: Fire on the Mystic Island, Inuyasha Movie 4: Guren no Houraijima,Movie,,Sunrise,,"Fantasy, Shounen, Animal Characteristics, Feudal Japan, Non-Human Protagonists, Person in a Strange World, Based on a Manga",3.82,2004.0,,"'Fifty\xa0years ago, Inuyasha and Kikyo discovered the legendary Horai Island – a place which only appears out of the mists every few decades. During that time, they found several half-demon children who were subject to the demonic rule of the Four War Gods, but had to leave before they could do anything about the situation. In “modern” feudal times, the island reappears and one of the children escapes, seeking out Inuyasha to rescue them all from the Four War Gods. Can Inuyasha liberate the children with the help of the Tetsusaiga, before the island once again disappears into the mists?'",,InuYasha,"InuYasha, InuYasha The Movie 1: Affections Touching Across Time, InuYasha The Movie 2: The Castle Beyond the Looking Glass, InuYasha The Movie 3: Swords of an Honorable Ruler, InuYasha: Kuroi Tessaiga, InuYasha: The Final Act","Inuyasha : Kappei Yamaguchi, Kagome Higurashi : Satsuki Yukino, Miroku : Kouji Tsujitani, Sango : Houko Kuwashima, Ai : Emi Motoi, Asagi : Fumiko Orikasa, Dai : Yuu Kobayashi, Kirara, Rumiko Takahashi
Original Creator, Toshiya Shinohara
Director & Storyboard, Hirofumi Ogura
Assistant Director & Episode Director & Storyboard, Kaoru Wada
Music, Yoshihito Hishinuma
Character Design & Chief Animation Director, Yuuta Takahashi
Photography Director, Tsutomu Ishigaki
Art Director & Background Artist, Ritsuko Utagawa
Color Design","Rumiko Takahashi : Original Creator, Toshiya Shinohara : Director & Storyboard, Hirofumi Ogura : Assistant Director & Episode Director & Storyboard, Kaoru Wada : Music, Yoshihito Hishinuma : Character Design & Chief Animation Director, Yuuta Takahashi : Photography Director, Tsutomu Ishigaki : Art Director & Background Artist, Ritsuko Utagawa : Color Design"
Detective Conan: Time Travel of the Silver Sky, Meitantei Conan: Ginyoku no Taimu Toraberu,TV Sp,,TMS Entertainment,,"Shounen, Detectives",3.82,2004.0,,'No synopsis yet - check back soon!',,"Case Closed, Detective Conan: Zero's Tea Time","Detective Conan, Detective Conan Movie 24: The Scarlet Bullet","Conan Edogawa : Minami Takayama, Kaito Kid : Kappei Yamaguchi",
Samurai 7,,TV   ,26.0,GONZO,Summer,"Action, Adventure, Mecha, Sci Fi, Samurai, Steampunk, Swordplay, Based on a Movie, Violence",3.8,2004.0,,"'In an age when samurai enhanced their bodies mechanically, a great war broke out. After the war\'s end, these ""Bandits"" (having become mere robbers) have lost their samurai code and now rob villages for their rice and women. The peasants of Kanna Village are filled with despair and agree to hire some samurai to retaliate, but with only rice in their food stores and no money to offer, it seems that time is running out. Now, the villagers must set out to look for samurai willing to accept such a deal -- but are there still such men that abide by the samurai code, and protect the weak?'",Violence,Samurai 7,,"Gorobei Katayama : Tetsu Inada, Heihachi Hayashida : Junji Inukai, Kambei Shimada : Masaki Terasoma, Katsushiro Okamoto : Romi Park, Kikuchiyo : Kuwata Kong, Kirara Mikumari : Fumiko Orikasa, Kyuzo : Shinichirou Miki, Shichiroji : Tohru Kusano, Akira Kurosawa
Original Creator, Takuhito Kusanagi
Original Character Design, Toshifumi Takizawa
Director, Kaoru Wada
Music, Eitetsu Hayashi
Music, Hideki Hashimoto
Character Design, Daisuke Itou
Producer, Kazuhiko Inomata
Producer","Akira Kurosawa : Original Creator, Takuhito Kusanagi : Original Character Design, Toshifumi Takizawa : Director, Kaoru Wada : Music, Eitetsu Hayashi : Music, Hideki Hashimoto : Character Design, Daisuke Itou : Producer, Kazuhiko Inomata : Producer"
Mind Game,,Movie,,Studio 4°C,,"Fantasy, Abstract, Based on a Manga",3.8,2004.0,,"""Nishi has been in love with Myon since he was 9 years old. They both had feelings for each other, but due to Nishi's cowardice their relationship never became more than friendship. Now, in the present, Nishi is 20 years old and aims to be a great manga artist; but he still loves Myon. After years of being apart they meet again, but she tells him that she's thinking of marrying her boyfriend. Nishi is still a coward so he accepts it and wishes her luck. While they're talking at her older sister's restaurant a pair of yakuza walk in looking for their father. One of the yakuza starts harassing Myon and out of anger Nishi chooses to finally take a stand -- but he is shot and dies. Now, in limbo, he chooses to live again; but will he really live any differently than before?""",,Mind Game (Robin NISHI),,"Myon : Sayaka Maeda, Nishi : Koji Imada, Yan : Seiko Takuma, Aniki : Rintarou Nishi, Atsu : Kenichi Chujou, Old Man : Takashi Fujii, Father : Toshio Sakata, Ryo : Tomomitsu Yamaguchi, Masaaki Yuasa
Director, Seiichi Yamamoto
Music, Yuuichirou Sueyoshi
Character Design, Shoujirou Nishimi
Key Animator, Eiji Abiko
Key Animator","Masaaki Yuasa : Director, Seiichi Yamamoto : Music, Yuuichirou Sueyoshi : Character Design, Shoujirou Nishimi : Key Animator, Eiji Abiko : Key Animator"
Gokusen,,TV   ,13.0,MADHOUSE,Winter,"Comedy, Josei, All-Boys School, Delinquents, Gangs, Lifestyle Change, School Life, Teaching, Yakuza, Based on a Manga",3.78,2004.0,,"'Is it is possible to lead the yakuza and be a high school teacher at the same time? Kuniko has always dreamed of being a teacher, but as the heir of the Oedo Group it isn\'t easy to do. Her task is made even more difficult because her school would fire her if they found out about her criminal activities.She has to pretend to be an ordinary teacher while fighting off rival yakuza, winning the respect of delinquent students and keeping her family business away from the school. This becomes even harder when her smartest and most curious student begins to find her very... ""interesting"".'",,Gokusen,,"Kumiko Yamaguchi : Risa Hayamizu, Shin Sawada : Kenichi Suzumura, Fuji : Seizo Katou, Gonzou Shirakawa : Tomohiro Nishimura, Goro Sawatari : Ken Uosaki, Haruhiko Uchiyama : Yoichi Masukawa, Kouzou Wakamatsu : Haru Sato, Kyotaro Oshima : Norio Wakamoto, Kozueko Morimoto
Original Creator, Yuuzou Satou
Director, Tomoki Hasegawa
Music, Yoshinori Kanemori
Character Design, Yuuko Kobari
Color Design, Masao Maruyama
Producer, Manabu Tamura
Producer, Hiroshi Yamashita
Producer","Kozueko Morimoto : Original Creator, Yuuzou Satou : Director, Tomoki Hasegawa : Music, Yoshinori Kanemori : Character Design, Yuuko Kobari : Color Design, Masao Maruyama : Producer, Manabu Tamura : Producer, Hiroshi Yamashita : Producer"
Saiyuki Reload Gunlock,,TV   ,26.0,Pierrot,Spring,"Adventure, Comedy, Fantasy, Josei, Exorcists, Journey to the West, Based on a Manga",3.78,2004.0,,"""Genjo Sanzo, Son Goku, Cho Hakkai and Sha Gojyo are still steadily making their way to India where they hope to put a stop to an ancient demon's resurrection; and, like always, plenty of obstacles and adventures stand in their way. Whether it's helping towns stay safe from invading demons, battling a group of bears or deciding whether or not to help their long time enemies, there's never a dull day in the life of these four adventurers. Will the quartet finally manage to reach India and accomplish their goal?""",,"Saiyuki, Saiyuki Gaiden, Saiyuki Reload, Saiyuki Reload Blast, Saiyuki Ibun, Saiyuki Anthology","Saiyuki OVA, Saiyuki, Saiyuki Requiem, Saiyuki Interactive, Saiyuki Reload: Urasai, Saiyuki Reload, Saiyuki Reload: Burial, Saiyuki Gaiden, Saiyuki Gaiden: Tokubetsu-hen - Kouga no Shou, Saiyuki Reload Blast, Saiyuki Reload: Zeroin","Gojyo Sha : Hiroaki Hirata, Goku Son : Souichirou Hoshi, Hakkai Cho : Akira Ishida, Sanzo Genjyo : Toshihiko Seki, Gyokumen Koushu : Shinobu Satou, Kougaiji : Takeshi Kusao, Yaone : Yuuko Minaguchi, Dokugakuji, Kazuya Minekura
Original Creator, Tetsuya Endou
Director, Daisuke Ikeda
Music, Noriko Otake
Character Design, Ryuunosuke Tsuno
Producer, Kunitoshi Okajima
Episode Director, Shigenori Kageyama
Storyboard, Touko Machida
Screenplay","Kazuya Minekura : Original Creator, Tetsuya Endou : Director, Daisuke Ikeda : Music, Noriko Otake : Character Design, Ryuunosuke Tsuno : Producer, Kunitoshi Okajima : Episode Director, Shigenori Kageyama : Storyboard, Touko Machida : Screenplay"
Mobile Suit Gundam SEED Destiny,"Alt titles: Gundam SEED Destiny, Kidou Senshi Gundam SEED Destiny",TV   ,50.0,Sunrise,Fall ,"Mecha, Sci Fi, Real Robot, Rivalries, Original Work",3.78,2004.0,2005.0,"""The Year is Cosmic Era 73, two years after the end of the war between Earth and the PLANTs. Peace had finally been achieved thanks to efforts put forth by both sides, but it was not meant to last. When rebel Earth Forces soldiers infiltrate the PLANTs and steal ZAFT's new prototype Gundams, it's up to Shinn Asuka and the crew of the Minerva warship to hunt them down and retrieve their mobile suits. With the war now back in full swing, will Shinn and the others find a way to restore peace?""",,"Mobile Suit Gundam: Awakening, Escalation, Confrontation (Light Novel), Mobile Suit Gundam ZZ, Mobile Suit Gundam: The Revival of Zeon, Mobile Suit Gundam: New Revival of Zeon, Mobile Suit Gundam: Hathaway's Flash (Light Novel), Mobile Suit Gundam F90, Mobile Suit Gundam 0079, Mobile Suit Crossbone Gundam, Mobile Fighter G Gundam, Record of MS War: Mobile Suit Gundam Abridged, Mobile Suit Gundam Wing, Mobile Suit Gundam Side Story: The Blue Destiny, Mobile Suit Gundam: Silhouette Formula 91, Mobile Suit Gundam Wing: Episode Zero, Mobile Suit Gundam Wing: Battlefield of Pacifists, Mobile Suit Gundam: The Last Outpost, Mobile Suit Gundam Wing: Ground Zero, Mobile Suit Gundam Wing: Endless Waltz, Mobile Suit Gundam Wing: Blind Target, Mobile Suit Gundam: Ecole du Ciel, Mobile Suit Gundam Developers: Before the One Year War, Mobile Suit Gundam: The Origin, Mobile Suit Gundam: Char's Deleted Affair ~ Portrait of Young Comet, Mobile Suit Gundam SEED Astray, Mobile Suit Gundam: Lost War Chronicles, Mobile Suit Gundam SEED Astray R, Mobile Suit Gundam SEED, Nightmare of Solomon, Mobile Suit Gundam SEED X Astray, Mobile New Century Gundam X: Under the Moonlight, Mobile Suit Gundam SEED Destiny: The Edge, Mobile Suit Gundam SEED Destiny Astray, Mobile Suit Gundam SEED C.E. 73 Delta Astray, Mobile Suit Zeta Gundam 1/2, Mobile Suit Gundam Climax U.C., Mobile Suit Gundam SEED Frame Astrays, Mobile Suit Gundam: The Gihren Assassination Plot, Mobile Suit Gundam 00, Mobile Suit Gundam 00 in those days, Mobile Suit Gundam 00F, Mobile Suit Gundam 00 2nd Season, Mobile Suit Gundam 001, Mobile Suit Gundam Unicorn: Bande Dessinee, Mobile Suit Gundam: Char's Counterattack - Beyond the Time, Mobile Suit Gundam Wing: Glory of the Losers, Mobile Suit Gundam AGE, Mobile Suit Gundam: MSV-R - Fabulous Shin Matsunaga, Mobile Suit Gundam: Hunter of Black Clothes, Mobile Suit Moon Gundam","Mobile Suit Gundam SEED PROJECT Ignited, Mobile Suit Zeta Gundam, Mobile Suit Gundam ZZ, Mobile Suit SD Gundam Mk I, Mobile Suit Gundam: Char's Counterattack, All That Gundam, Mobile Suit Gundam 0080: War in the Pocket, Mobile Suit SD Gundam no Gyakushuu: Arashi wo Yobu Gakuensai, Mobile Suit Gundam F91, Mobile Suit Gundam 0083: Stardust Memory, Mobile Suit Gundam 0083: Stardust Memory - The Mayfly of Space, Mobile Suit Gundam 0083: The Afterglow of Zeon, Mobile Suit Victory Gundam, Mobile Fighter G Gundam, Mobile Suit Gundam Wing, Mobile Suit Gundam: More Information on the Universal Century, Mobile Suit Gundam: The 08th MS Team, After War Gundam X, Mobile Suit Gundam Wing: Endless Waltz, Mobile Suit Gundam Wing: Endless Waltz Movie, Gundam: Mission To The Rise, Turn A Gundam, Mobile Suit Gundam Evolve, Mobile Suit Gundam SEED, Mobile Suit Gundam SEED MSV Astray, Mobile Suit Gundam MS IGLOO: The Hidden One Year War, Mobile Suit Gundam SEED Movie I: The Empty Battlefield, Mobile Suit Gundam SEED Movie II: The Far-Away Dawn, Mobile Suit Gundam SEED Movie III: The Rumbling Sky, Mobile Suit Gundam SEED: After Phase: In the Valley of Stars, Mobile Suit Gundam SEED Destiny Final Plus: The Chosen Future, Mobile Suit Gundam SEED Destiny Recap, Mobile Suit Gundam SEED C.E.73: Stargazer, Mobile Suit Gundam MS IGLOO: Apocalypse 0079, Mobile Suit Gundam SEED Destiny Special Edition I: The Broken World, Mobile Suit Gundam SEED Destiny Special Edition II: Respective Swords, Mobile Suit Gundam SEED Destiny Special Edition III: The Hell Fire of Destiny, Mobile Suit Gundam SEED Character Theater, Mobile Suit Gundam SEED Destiny Special Edition IV: The Cost of Freedom, Mobile Suit Gundam 00, Mobile Suit Gundam MS IGLOO 2: Juuryoku Sensen, Mobile Suit Gundam 00 Second Season, Mobile Suit Gundam 00 Special Edition I: Celestial Being, Mobile Suit Gundam 00 Special Edition II: End of World, 30th Gundam Perfect Mission, Mobile Suit Gundam ZZ: Gundam Frag., Ring of Gundam, Mobile Suit Gundam 00 Special Edition III: Return the World, Mokei Senshi Gunpla Builders Beginning G, Chou Denei-ban SD Gundam Sangokuden Brave Battle Warriors, Mobile Suit Gundam Unicorn, Mobile Suit Gundam 00 The Movie: A Wakening of the Trailblazer, Mobile Suit Gundam AGE, Mobile Suit Gundam AGE: Memory of Eden, Collection of Key Animation Films, Mobile Suit Gundam: Thunderbolt, Mobile Suit Gundam: The Origin, Mobile Suit Gundam: Iron-Blooded Orphans, Mobile Suit Gundam: Iron-Blooded Orphans 2, Mobile Suit Gundam: Twilight Axis","Athrun Zala : Akira Ishida, Cagalli Yula Athha : Naomi Shindou, Kira Yamato : Souichirou Hoshi, Lacus Clyne : Rie Tanaka, Shinn Asuka : Kenichi Suzumura, Andrew Waltfeld : Ryotaro Okiayu, Auel Neider : Masakazu Morita, Gilbert Durandal : Shuuichi Ikeda, Mitsuo Fukuda
Director, Toshihiko Sahashi
Music, Hisashi Hirai
Character Design, Shigemi Ikeda
Art Director, Hiroo Maruyama
Producer, Hirofumi Morotomi
Producer, Hiroyuki Satou
Producer, Yousuke Kabashima
Chief Animation Director","Mitsuo Fukuda : Director, Toshihiko Sahashi : Music, Hisashi Hirai : Character Design, Shigemi Ikeda : Art Director, Hiroo Maruyama : Producer, Hirofumi Morotomi : Producer, Hiroyuki Satou : Producer, Yousuke Kabashima : Chief Animation Director"
Monkey Punch: Manga Katsudou Daishashin,,TV   ,12.0,TMS Entertainment,Summer,"Comedy, Collections, Based on a Manga",3.77,2004.0,2005.0,'A series of various short stories based off of the works of Monkey Punch.',,,,"Monkey Punch
Original Creator, Shunji Ooga
Director, Toshihiko Masuda
Character Design, Yasumichi Ozaki
Producer","Monkey Punch : Original Creator, Shunji Ooga : Director, Toshihiko Masuda : Character Design, Yasumichi Ozaki : Producer"
Kyo Kara Maoh!,,TV   ,78.0,Studio DEEN,Spring,"Comedy, Fantasy, Harem, Contemporary Fantasy, Demon King, Isekai, Lifestyle Change, Medieval, Non-Human Protagonists, Person in a Strange World, Royalty, Summoned Into Another World, Based on a Light Novel",3.77,2004.0,2006.0,"""Upon trying to save a friend from bullies, Shibuya Yuuri finds his head in the unlikeliest of places -- the toilet. Like a flash, Yuuri is then inadvertently sucked in, transporting him somewhere else! In this unfamiliar world of flying skeletons and magic, he is informed by a group called the Mazoku that he is to be the next Maou -- ruler of the kingdom! With harrowing and embarassing situations ahead, can our hero swallow his pride and lead a war against the common people when he can't even tell the difference between a slap in the face and a marriage proposal?""",,"Kyou kara Ma no Tsuku Jiyuugyou! (Light Novel), Kyo Kara Maoh!","Kyou Kara Maou! Recap, Kyo Kara Maoh! R, Kyo Kara Maoh! 3rd Series","Conrad Weller : Toshiyuki Morikawa, Gunter Von Christ : Kazuhiko Inoue, Gwendal Von Voltaire : Akio Ootsuka, Ken Murata : Kouki Miyata, Wolfram Von Bielefeld : Mitsuki Saiga, Yuuri Shibuya : Mika Kanai, Adelbert Von Grantz : Masaki Terasoma, Anissina Von Karbelnikoff : Minami Takayama, Junji Nishimura
Director, Youichirou Yoshikawa
Music, Yuka Kudou
Character Design, Yuuji Shibata
Producer, Yuuji Yanase
Animation Director & Episode Director, Kunitoshi Okajima
Episode Director, Yoshio Usuda
Animation Director","Junji Nishimura : Director, Youichirou Yoshikawa : Music, Yuka Kudou : Character Design, Yuuji Shibata : Producer, Yuuji Yanase : Animation Director & Episode Director, Kunitoshi Okajima : Episode Director, Yoshio Usuda : Animation Director"
Gunbuster 2,"Alt titles: Aim for the Top 2!, Diebuster, Top wo Nerae! 2",OVA  ,6.0,GAINAX,,"Mecha, Sci Fi, Aliens, Androids, Outer Space, Robots, Supernatural, Original Work, Nudity",3.76,2004.0,2006.0,"'Nono, a clumsy young girl living in the backwater countryside of Mars, dreams of becoming a space pilot. But when Nono witnesses Lal\'C, a real space pilot called a Topless, and her brutal fight with one of the invading space monsters, she discovers that it may not be so easy as she\'s rocketed into orbit alongside Lal\'C in the ensuing struggle. With guts and effort her only recourse, Nono reaches for the stars to become a ""Nonoriri"" and a Topless alongside her Onee-sama, as well as to fight back against hordes of space monsters!'",Nudity,Gunbuster 2,"Top wo Nerae! 3, Gunbuster, Gunbuster: Science Lessons, Gunbuster Renewal EX, Gunbuster Movie, Gunbuster 2 Movie, Gunbuster: Science Lessons Return, Gunbuster 2: Science Lessons","Lal'C Melk Mark : Maaya Sakamoto, Nono : Yukari Fukui, Casio Takashiro : Takumi Yamazaki, Nichola Vacheron : Mitsuo Iwata, Tycho Science : Miyuki Sawashiro, Citron Limone : Yuu Kobayashi, Dhorasoo : Kiyoshi Kawakubo, Goya Reishi : Nozomu Sasaki, Kazuya Tsurumaki
Director & Original Concept, Kouhei Tanaka
Music, Yoshiyuki Sadamoto
Character Design, Takeshi Yasuda
Producer, Hisanori Kunisaki
Producer, Yasuhiro Takeda
Producer, Shirou Sasaki
Producer, Hideaki Anno
Key Animator & Storyboard","Kazuya Tsurumaki : Director & Original Concept, Kouhei Tanaka : Music, Yoshiyuki Sadamoto : Character Design, Takeshi Yasuda : Producer, Hisanori Kunisaki : Producer, Yasuhiro Takeda : Producer, Shirou Sasaki : Producer, Hideaki Anno : Key Animator & Storyboard"
Legend of the Condor Hero II,"Alt titles: Shen Diao Xia Lu II: Xiang Yang Feng Yun, Shin Chou Kyou Ryo: Condor Hero II",TV   ,26.0,Jade Animation,,Martial Arts,3.76,2004.0,2005.0,'Second season of Legend of the Condor Hero.',,,"Legend of the Condor Hero, Legend of the Condor Hero III","Guo Yang : Daisuke Namikawa, Long Nu Xiao, Feng Au Yang, Jing Guo, Rong Huang, Noboru Sugimitsu
Character Design",Noboru Sugimitsu : Character Design
My-Hime,,TV   ,26.0,Sunrise,Fall ,"Action, Fantasy, Magical Girl, Mystery, Romance, Henshin Heroes, Island, Superpowers, Original Work",3.74,2004.0,2005.0,"""Guided by a star only they can see, a group of maidens known as HiMEs have begun to gather at Fuuka Academy. These young women have been endowed with dangerous supernatural powers that they can use to their heart's content, but there's a price: to wield them, they must put their most important thing on the line. Now, in the midst of school work and friendships, they find themselves caught in the midst of strange conspiracies seemingly related to the terrifying monsters that attack them. Is the power of the HiMEs strong enough to save themselves and the ones they love?""",,"My-Hime, Mai-Otome, Mai-Otome Arashi, Mai​-HiME Destiny​ (Light Novel)","My-Hime Specials, Mai-Otome, My-Hime: Kuro no Mai, Saigo no Bansan","Mai Tokiha : Mai Nakahara, Mikoto Minagi : Ai Shimizu, Nagi Homura : Akira Ishida, Natsuki Kuga : Saeko Chiba, Yuuichi Tate : Tomokazu Seki, Alyssa Searrs : Yuuko Miyamura, Midori Sugiura : Yukari Tamura, Miyu Greer : Kiyomi Asai, Masakazu Obara
Director, Yuki Kajiura
Music, Hirokazu Hisayuki
Character Design, Hisanori Kunisaki
Producer, Naotake Furusato
Producer","Masakazu Obara : Director, Yuki Kajiura : Music, Hirokazu Hisayuki : Character Design, Hisanori Kunisaki : Producer, Naotake Furusato : Producer"
Aishiteruze Baby,,TV   ,26.0,TMS Entertainment,Spring,"Drama, Romance, Shoujo, Slice of Life, Childcare, Coming of Age, Family Life, Playboys, Based on a Manga, Bullying,, Emotional Abuse,, Mature Themes,, Physical Abuse,, Domestic Abuse",3.74,2004.0,,"""Whenever Kippei is at school, he has one thing on his mind: girls. From skipping class to cheesy lines, he'll do anything it takes to reel the ladies in, though he never seems to find the right person. But the bachelor lifestyle is soon to change when young Yuzuyu enters the picture. This five-year-old cutie has been abandoned by her mother, and is to be taken care of by none other than Kippei! Unfortunately for the both of them, Kippei has no experience raising a child, so the learning curve will be quite steep...""","Bullying,, Emotional Abuse,, Mature Themes,, Physical Abuse,, Domestic Abuse",Aishiteruze Baby,,"Kippei Katakura : Daisuke Fujita, Yuzuyu Sakashita : Miyu Tsuzurahara, Kokoro Tokunaga : Fumina Hara, Marika : Aoi Yuuki, Miki Sakashita : Mika Itou, Misako Katakura : Shizuka Okohira, Miyako Sakashita : Chie Hirano, Reiko Katakura : Kumiko Endou, Youko Maki
Original Creator, Masaharu Okuwaki
Director, Miki Kasamatsu
Music, Yasumichi Ozaki
Producer","Youko Maki : Original Creator, Masaharu Okuwaki : Director, Miki Kasamatsu : Music, Yasumichi Ozaki : Producer"
Kono Shihai kara no Sotsugyou: Ozaki Yutaka,,OVA  ,1.0,,,Ga-nime,3.74,2004.0,,'No synopsis yet - check back soon!',,,,,
Ghost in the Shell: Stand Alone Complex 2nd Gig - Tachikoma Days, Koukaku Kidoutai: Stand Alone Complex 2nd GIG - Tachikoma na Hibi,Other,,Production I.G,,"Comedy, Sci Fi, Short Episodes, Based on a Manga",3.73,2004.0,2006.0,'No synopsis yet - check back soon!',,"Ghost in the Shell, Ghost in the Shell 1.5: Human-Error Processor, Ghost in the Shell 2: Man-Machine Interface, Ghost in the Shell: Stand Alone Complex (Light Novel), Ghost in the Shell: Stand Alone Complex, Ghost in the Shell Arise: Sleepless Eye, Ghost in the Shell: Stand Alone Complex - The Laughing Man","Ghost in the Shell: Stand Alone Complex, Ghost in the Shell: Stand Alone Complex - Tachikoma Days, Ghost in the Shell: Stand Alone Complex 2nd Gig, Ghost in the Shell 2: Innocence, Ghost in the Shell: Stand Alone Complex - The Laughing Man - Tachikoma Days, Ghost in the Shell: Stand Alone Complex - The Laughing Man, Ghost in the Shell: Stand Alone Complex - Individual Eleven, Ghost in the Shell: Stand Alone Complex - Individual Eleven - Tachikoma Days, Ghost in the Shell: Stand Alone Complex - Solid State Society, Ghost in the Shell: Stand Alone Complex - Tachikoma Days (2007), Ghost in the Shell: Uchikomatic Days, Ghost in the Shell 2.0, Ghost in the Shell: Arise, Ghost in the Shell: Arise - Another Mission, Ghost in the Shell: Arise - Logicoma Specials, Ghost in the Shell: Nyuumon Arise, Ghost in the Shell: Arise border:less project - WORKING HIGH, Ghost in the Shell: Arise - Alternative Architecture, Ghost in the Shell: The New Movie, Ghost in the Shell: Ghost Chaser","Tachikoma : Sakiko Tamagawa, Masamune Shirow
Original Creator, Youko Kanno
Music","Masamune Shirow : Original Creator, Youko Kanno : Music"
Saint Seiya Movie 5: The Heaven Chapter - Overture, Saint Seiya: Tenkai-hen Josou - Overture,Movie,,Toei Animation,,"Action, Fantasy, Sci Fi, Shounen, Hand to Hand Combat, Power Suits, Superpowers, Violence",3.72,2004.0,,"'A few days after the battle against Hades, Athena is visited by her sister Artemis, who has come to her with tragic news: the Bronze Saints are to be punished by the Gods for having dared to confront them, Athena is to be relieved of her status as Guardian of Earth, and she is to be replaced by Artemis and her Saints. After having regained his consciousness, Seiya finds himself in a new Sanctuary under the leadership of Artemis – and he’s not the only one fighting against this divine injustice. Shiryu, Hyoga, Shun and Ikki have made up their minds to fight the Saints of Artemis and restore Athena to the throne.'",Violence,"Knights of the Zodiac, Saint Seiya: Episode G, Saint Seiya: The Lost Canvas, Saint Seiya: Next Dimension, Saint Seiya: The Lost Canvas - Meiou Shinwa Gaiden, Saint Seiya: Saintia Shou, Saint Seiya: Origin","Saint Seiya: Knights of the Zodiac, Saint Seiya Movie 4: Warriors of the Final Holy Battle, Saint Seiya: The Hades Chapter - Sanctuary, Saint Seiya: The Hades Chapter - Inferno, Saint Seiya: The Hades Chapter - Elysion, Saint Seiya: The Lost Canvas - Meiou Shinwa, Saint Seiya: The Lost Canvas - Meiou Shinwa 2nd Chapter, Saint Seiya Omega","Pegasus Seiya : Tooru Furuya, Saori Kido : Keiko Han, Andromeda Shun : Ryou Horikawa, Artemis : Yurika Hino, Cygnus Hyoga : Kouichi Hashimoto, Dragon Shiryu : Hirotaka Suzuoki, Eagle Marin : Yuriko Yamamoto, Icarus : Hikaru Midorikawa, Shigeyasu Yamauchi
Director, Seiji Yokoyama
Music, Michi Himeno
Character Design, Shingo Araki
Character Design, Shigeru Nishiyama
Editor","Shigeyasu Yamauchi : Director, Seiji Yokoyama : Music, Michi Himeno : Character Design, Shingo Araki : Character Design, Shigeru Nishiyama : Editor"
Hikaru no Go: Memories,,Other,,,,"Recap, Supernatural",3.72,2004.0,,'No synopsis yet - check back soon!',,Hikaru no Go,Hikaru no Go,"Akira Touya, Hikaru Shindou, Sai, Akari Fujisaki, Yuki Mitani",
Doraemon Movie 25: Nobita's Wannyan Space-Time Legend, Doraemon Movie 25: Nobita no Wan Nyan Jikuuden,Movie,,Shin-Ei Animation,,"Adventure, Shounen, Cats, Family Friendly, Non-Human Protagonists, Robots, Based on a Manga",3.72,2004.0,,'No synopsis yet - check back soon!',,"Doraemon, The Doraemons: Doraemon Game Comic","Doraemon (1979), Doraemon: Doraemon Comes Back, Doraemon: Doraemon Comes Back (1998), The Doraemons: Strange, Sweets, Strange?","Doraemon : Nobuyo Oyama, Gian : Kazuya Tatekabe, Nobita Nobi : Noriko Ohara, Shizuka Minamoto, Suneo Honekawa : Kaneta Kimotsuki, Ichi, Hiroshi Fujimoto
Original Creator, Tsutomu Shibayama
Director, Katsumi Horii
Music, Kenji Oota
Producer, Nobuaki Kishima
Screenplay, Hiroshi Takiguchi
Background Artist","Hiroshi Fujimoto : Original Creator, Tsutomu Shibayama : Director, Katsumi Horii : Music, Kenji Oota : Producer, Nobuaki Kishima : Screenplay, Hiroshi Takiguchi : Background Artist"
Midori Days, Midori no Hibi,TV   ,13.0,Pierrot,Spring,"Comedy, Drama, Ecchi, Romance, Shounen, School Life, Based on a Manga",3.72,2004.0,,"'Sawamura Seiji is the most notorious delinquent at his high school -- always getting into fights and causing problems, leaving him single and unlucky with the ladies. After another long day of rejection, Seiji discovers that the love of his life might have finally appeared, but in the unlikeliest of places... his right hand?! Now, in addition to dealing with daily fights and the gossip of his classmates, Seiji must handle a new problem of embarassing proportions: Kasugano Midori, a pretty young girl in place of his hand, who happens to have fallen in love with him!'",,Midori Days,,"Midori Kasugano : Mai Nakahara, Seiji Sawamura : Kishou Taniyama, Kouta Shingyoji : Rie Kugimiya, Osamu Miyahara : Hirofumi Nojima, Rin Sawamura : Atsuko Yuya, Shiori Tsukishima : Yukari Tamura, Shuichi Takamizawa : Yuuji Ueda, Takako Ayase : Reiko Takagi, Kazurou Inoue
Original Creator, Tsuneo Kobayashi
Director, Yoshihisa Hirano
Music, Yuuko Kusumoto
Character Design, Kazuteru Oshikiri
Producer, Yuuichi Murata
Producer, Manyo Oshikiri
Producer, Satoshi Kouno
Producer","Kazurou Inoue : Original Creator, Tsuneo Kobayashi : Director, Yoshihisa Hirano : Music, Yuuko Kusumoto : Character Design, Kazuteru Oshikiri : Producer, Yuuichi Murata : Producer, Manyo Oshikiri : Producer, Satoshi Kouno : Producer"
Rozen Maiden,,TV   ,12.0,Nomad,Fall ,"Drama, Fantasy, Seinen, Magic, Master-Servant Relationship, Based on a Manga",3.72,2004.0,,"""In an era when ordering on the internet has become the norm, online vendors have a new favorite customer: Sakurada Jun! From voodoo dolls to x-ray specs, there's nothing this middle schooler can't get enough of -- until a strange package arrives one day. Inside is a sentient doll named Shinku, who is one of a special hand crafted set of dolls called Rozen Maiden. Luckily for Jun, not only does he get to keep her, but she's decided he'll be... her new servant?! Join Jun as he struggles to keep his sanity in a house full of dolls who all want his servant skills for themselves!""",,"Rozen Maiden, Die Romane der Rozen Maiden (Light Novel), Shoujo no Tsukurikata, Rozen Maiden II, Rozen Maiden: Dolls Talk, Rozen Maiden (Light Novel), Rozen Maiden 0","Rozen Maiden: Träumend, Rozen Maiden: Detective Kun-Kun, Rozen Maiden: Ouvertüre, Rozen Maiden Zurückspulen","Jun Sakurada : Asami Sanada, Shinku : Miyuki Sawashiro, Hinaichigo : Sakura Nogawa, Nori Sakurada : Noriko Rikimaru, Souseiseki : Rika Morinaga, Suigintou : Rie Tanaka, Suiseiseki : Natsuko Kuwatani, Baron : Daiki Nakamura, Peach-Pit
Original Creator, Shinkichi Mitsumune
Music, Kumi Ishii
Character Design, Masaru Kitao
Producer, Shinichi Hirai
Producer, Shinichi Nakamura
Producer, Hiroichi Kokago
Producer, Kozue Kana
Producer","Peach-Pit : Original Creator, Shinkichi Mitsumune : Music, Kumi Ishii : Character Design, Masaru Kitao : Producer, Shinichi Hirai : Producer, Shinichi Nakamura : Producer, Hiroichi Kokago : Producer, Kozue Kana : Producer"
Magical Girl Lyrical Nanoha, Mahou Shoujo Lyrical Nanoha,TV   ,13.0,Seven Arcs,Fall ,"Fantasy, Magical Girl, Sci Fi, Contemporary Fantasy, Henshin Heroes, Magic, Urban Fantasy, Original Work, Mature Themes,, Domestic Abuse",3.71,2004.0,,"""Nanoha used to be a normal grade school student until one day she found a ferret in the woods -- but he's no ordinary ferret! His name is Yuuno, he hails from another world, and he needs Nanoha’s help to complete his mission: to capture the Jewel Seeds (mysterious stones that imbue their wielder with great power) that fell to Earth. Along with Yuuno, Nanoha must now collect the Seeds and protect her world, but she isn’t alone. A rival is also trying to collect the Seeds for an unknown purpose, and only Nanoha has the power to stop her…""","Mature Themes,, Domestic Abuse","Magical Girl Lyrical Nanoha A's, Magical Girl Lyrical Nanoha StrikerS, Mahou Senki Lyrical Nanoha Force, Magical Girl Lyrical Nanoha The MOVIE 1st The Comics, Magical Girl Lyrical Nanoha Vivid, Magical Girl Lyrical Nanoha: Comic à la carte, Fate/stay Night x Magical Girl Lyrical Nanoha, Magical Girl Lyrical Nanoha A's Portable: The Gears of Destiny - Material Musume., Magical Girl Lyrical Nanoha Vivid LIFE, Magical Girl Lyrical Nanoha INNOCENT, Magical Girl Lyrical Nanoha: The Movie Comic a la Carte, Original Chronicle Magical Girl Lyrical Nanoha The 1st, Magical Girl Lyrical Nanoha Innocents, Magical Girl Lyrical Nanoha Reflection THE COMICS","Magical Girl Lyrical Nanoha: Lyrical Toy Box, Triangle Heart ~Sweet Songs Forever~, Magical Girl Lyrical Nanoha A's, Magical Girl Lyrical Nanoha StrikerS, Magical Girl Lyrical Nanoha The MOVIE 1st, Magical Girl Lyrical Nanoha: The Movie 2nd A's, Magical Girl Lyrical Nanoha Picture Drama, Magical Girl Lyrical Nanoha ViVid, Magical Girl Lyrical Nanoha ViVid Recap, ViVid Strike!, Magical Girl Lyrical Nanoha THE MOVIE 3rd Reflection, Magical Girl Lyrical Nanoha: Detonation","Fate Testarossa : Nana Mizuki, Nanoha Takamachi : Yukari Tamura, Yuuno Scrya : Kaori Mizuhashi, Alisa Bannings : Rie Kugimiya, Alph : Natsuko Kuwatani, Amy Limiette : Yuki Matsuoka, Bardiche : Kevin J. England, Chrono Harlaown : Mikako Takahashi, Akiyuki Simbo
Director, Hiroaki Sano
Music, Yasuhiro Okuda
Character Design, Akio Mishima
Producer, Ryouki Kamitsubo
Episode Director, Yasuomi Umetsu
Key Animator, Yuuji Yanase
Key Animator","Akiyuki Simbo : Director, Hiroaki Sano : Music, Yasuhiro Okuda : Character Design, Akio Mishima : Producer, Ryouki Kamitsubo : Episode Director, Yasuomi Umetsu : Key Animator, Yuuji Yanase : Key Animator"
Ajisai no Uta,,OVA  ,4.0,Group TAC,,"Drama, Coming of Age, Family Life, Historical, Poverty, Single Parent, Based on a Manga",3.71,2004.0,2006.0,'No synopsis yet - check back soon!',,Ajisai no Uta,,"Masumi Itou
Music",Masumi Itou : Music
Paranoia Agent, Mousou Dairinin,TV   ,13.0,MADHOUSE,Winter,"Mystery, Abstract, Psychological, Thriller, Original Work, Mature Themes,, Nudity,, Sexual Content,, Suicide,, Violence",3.71,2004.0,,"'In the streets of Tokyo, a new menace has surfaced: Shounen Bat, a young boy who wears golden roller skates and a baseball cap, and likes to whack people on the head with a golden baseball bat. These seemingly unconnected and random attacks soon become a police investigation... but after all is said and done, is there a pattern to this chaos?'","Mature Themes,, Nudity,, Sexual Content,, Suicide,, Violence",,,"Keiichi Ikari : Shozo Iizuka, Mitsuhiro Maniwa : Toshihiko Seki, Shonen Bat : Daisuke Sakaguchi, Tsukiko Sagi : Mamiko Noto, Akio Kawazu : Kenji Utsumi, Harumi Chono : Kotono Mitsuishi, Maromi : Haruko Momoi, Masami Hirukawa : Toshihiko Nakajima, Satoshi Kon
Director & Original Creator, Susumu Hirasawa
Music, Masashi Andou
Character Design, Yasuteru Iwase
Producer, Hideki Gotou
Producer, Rika Tsuruzaki
Producer, Tokuji Hasegawa
Producer, Mitsuru Uda
Producer","Satoshi Kon : Director & Original Creator, Susumu Hirasawa : Music, Masashi Andou : Character Design, Yasuteru Iwase : Producer, Hideki Gotou : Producer, Rika Tsuruzaki : Producer, Tokuji Hasegawa : Producer, Mitsuru Uda : Producer"
Jing: King of Bandits - Seventh Heaven, Ou Dorobou Jing in Seventh Heaven,OVA  ,3.0,Studio DEEN,,"Comedy, Fantasy, Sci Fi, Prison, Thieves, Based on a Manga",3.7,2004.0,,"""The King of Thieves and his womanizing feathered-friend Kir are back, and behind bars! The duo's luck has finally run out, leaving them handcuffed and incarcerated in Seventh Heaven, the world's most maximum security prison, from which there is no escape. But all is not lost for Jing and Kir, for great treasure is to be found within Seventh Heaven's walls. It is said that an inmate named Campari has mastered the ability of crystallizing dreams into candy, leaving the user to dream anything he wishes. And of course, what else can Jing do, but strive to steal it?""",,"Jing: King of Bandits, Jing: King of Bandits Twilight Tales",Jing: King of Bandits,"Jing : Mitsuki Saiga, Kir : Ryuusei Nakao, Benedictine, Campari, Maraschino, Postino, Wayward Angel, Cassis, Yuichi Kumakura
Original Creator, Hiroshi Watanabe
Director, Eiji Yoshizawa
Music, Mariko Oka
Character Design","Yuichi Kumakura : Original Creator, Hiroshi Watanabe : Director, Eiji Yoshizawa : Music, Mariko Oka : Character Design"
Nitaboh: Tsugaru Shamisen Shiso Gaibun, Nitabou: Tsugaru Shamisen Shiso Gaibun,Movie,,Wao World,,"Drama, Biographies, Historical, Music, Based on a Novel",3.7,2004.0,,"""Nitaro's mother passed before he was old enough to remember her, and after smallpox leaves him blind at a young age he finds a connection to her through music and her shamisen guitar. Happily, Nitaro finds out that he has an aptitude for the shamisen and his skills are soon recognized by a goze (a traveling female bard) who takes it upon herself to teach him the traditional style of play. However he quickly realizes how restrictive this style can be and, frustrated, he begins the long journey to find and perfect his own style of play.""",,,,"Nitaro : Takateru Murata, Itako : Ikuko Tani, Kengyo : Yousuke Naka, Kikunosuke : Tomohiko Imai, Okinu : Yae, Omatsu : Yoshie Yamamoto, Osyo : Rokuro Naya, Santaro : Akio Ootsuka, Kazuo Daijo
Original Creator, Akio Nishizawa
Director & Screenplay, Makoto Kuriya
Music, Junichi Takaoka
Character Design, Koujirou Hayashi
Photography Director, Kengo Shigemura
Editor","Kazuo Daijo : Original Creator, Akio Nishizawa : Director & Screenplay, Makoto Kuriya : Music, Junichi Takaoka : Character Design, Koujirou Hayashi : Photography Director, Kengo Shigemura : Editor"
Ojamajo Doremi Na-i-sho,,OVA  ,13.0,Toei Animation,,"Magical Girl, Family Friendly, Henshin Heroes, Magic, Witches, Original Work",3.69,2004.0,,"'Between attending school and running the bakery, the magic-wielding Doremi, Hazuki, Aiko, Onpu and Momoko have their work cut out for them. Summer has arrived and the girls are ready for many fun adventures! Whether it’s entering a swimming competition, helping to create a unique and tasty taiyaki, visiting America, or reminiscing about earlier times, each girl embarks on a journey of self-discovery or plain old has a good time!'",,"Ojamajo Doremi, Ojamajo Doremi 16 (Light Novel), Ojamajo Doremi 17 (Light Novel), Ojamajo Doremi 18 (Light Novel), Ojamajo Doremi 19 (Light Novel), Ojamajo Doremi 20’s (Light Novel)","Ojamajo Doremi, Ojamajo Doremi #, Motto! Ojamajo Doremi, Ojamajo Doremi DOKKAAN!","Aiko Seno : Yuki Matsuoka, Doremi Harukaze : Chiemi Chiba, Hana Makihatayama, Hazuki Fujiwara : Tomoko Akiya, Momoko Asuka, Onpu Segawa : Rumi Shishido, Pop Harukaze : Sawa Ishige, Dela : Chihiro Sakurai, Toei Animation
Original Creator, Aya Kawamura
Producer, Shouko Nakamura
Key Animator","Toei Animation : Original Creator, Aya Kawamura : Producer, Shouko Nakamura : Key Animator"
Lupin III Special 16: Stolen Lupin, Lupin III Special 16: Nusumareta Lupin,TV Sp,,TMS Entertainment,,"Action, Comedy, Thieves, Based on a Manga",3.69,2004.0,,"'Ever one step behind, Zenigata is about to capture Lupin during a heist in France when... the robber turns out to be a copycat thief! A young, beautiful woman at that. Before Lupin has a chance to complicate his life with that of the mystery amateur copycat, he finds himself embroiled in yet another heist, in which he is the target stolen! Kidnapped by unknown forces, Lupin is given the task of stealing the legendary ""Bull\'s Eye"" jewel, in exchange for his colleague Fujiko\'s life. The problem is that every thief that has ever stolen the Bull\'s Eye always ended up dead. Will Lupin and his reluctant friends Jigen and Goemon survive this mission and save Fujiko? Or will they be thwarted by the copycat thief?'",,"Lupin III, Lupin Kozou","Lupin III: Pilot Film, Lupin III, Lupin III: Part II, Lupin III: The Mystery of Mamo, Lupin III: The Castle of Cagliostro, Lupin III: Part III, Lupin III: Legend of the Gold of Babylon, Lupin III: The Fuma Conspiracy, Lupin III: Secret Files, Lupin III Special 1: Bye Bye, Lady Liberty, Lupin III Special 2: The Hemingway Papers, Lupin III Special 3: Napoleon's Dictionary, Lupin III Special 4: From Siberia With Love, Lupin III Special 5: Voyage To Danger, Lupin III Special 6: Dragon of Doom, Lupin III: Farewell to Nostradamus, Lupin III Special 7: The Pursuit of Harimao's Treasure, Lupin III: Dead or Alive, Lupin III Special 8: The Secret Of The Twilight Gemini, Lupin III Special 9: Island of Assassins, Lupin III Special 10: Crisis in Tokyo, Lupin III Special 11: The Columbus Files, Lupin III Special 12: Missed by a Dollar, Lupin III Special 13: Alcatraz Connection, Lupin III: Return Of Pycal, Lupin III Special 14: Episode 0 - First Contact, Lupin III Special 15: Operation Return the Treasure, Lupin III Special 17: Angel Tactics, Lupin III Special 18: Seven Days Rhapsody, Lupin III Special 19: The Elusiveness of the Fog, Lupin III: Green vs Red, Lupin III Special 20: Sweet Lost Night, Lupin III Special 21: Lupin III vs Detective Conan, Monkey Majik: Lupin the Third, Lupin III Special 22: The Last Job, Lupin III Special 23: Blood Seal of the Eternal Mermaid, Lupin VIII: Arsene and Cie, Lupin III: Lupin Family All-Stars, Lupin III: The Woman Called Fujiko Mine, Lupin III Special 24: Touhou Kenbunroku - Another Page, Lupin III Special 25: Princess of the Breeze - Kakusareta Kuuchuu Toshi, Lupin III: Jigen's Gravestone, Lupin III: Part IV, Lupin III Special 26: Italian Game, Lupin III: Goemon's Blood Spray, Lupin III Special 27: Goodbye Partner, Lupin III: The First","Arsene Lupin Iii : Kanichi Kurita, Daisuke Jigen : Kiyoshi Kobayashi, Goemon Ishikawa Xiii : Makio Inoue, Fujiko Mine : Eiko Masuyama, Koichi Zenigata : Goro Naya, Brian Murphy : Takeshi Aono, Dollar Cross : Toru Shinagawa, Hakuryuu : Kiyomitsu Mizuuchi, Monkey Punch
Original Creator, Hidehito Ueda
Director, Yuuji Oono
Music, Satoshi Hirayama
Character Design, Yasumichi Ozaki
Producer, Rieko Ono
Producer, Tomio Yamauchi
Episode Director","Monkey Punch : Original Creator, Hidehito Ueda : Director, Yuuji Oono : Music, Satoshi Hirayama : Character Design, Yasumichi Ozaki : Producer, Rieko Ono : Producer, Tomio Yamauchi : Episode Director"
Bleach: Memories in the Rain,,OVA  ,1.0,Pierrot,,"Action, Shounen, Shinigami, Supernatural, Swordplay, Based on a Manga",3.69,2004.0,,"""On the anniversary of his mother's death, Kurosaki Ichigo travels to his mother's grave. When Rukia arrives, Ichigo leaves to speak with her; but what she has to say upsets him. His sisters have a much bigger problem, however: they're being attacked by a particulary vicious Hollow with a few tricks up his sleeve. But this isn't any ordinary Hollow! Could it have something to do with the death of Ichigo's mother? Ichigo must discover the truth and fight the Hollow on his own to protect his pride.""",,"Bleach (Pilot), Bleach, Bleach: Letters From the Other Side (Light Novel), Bleach: The Honey Dish Rhapsody (Light Novel), Bleach: Jigoku Hen Special - The Unforgivens, Bleach 4-koma: Komaburi, Bleach Unmasked Short Stories, Bleach: Spirits Are Forever with You (Light Novel), Bleach: The Death Save the Strawberry (Light Novel), Bleach: We Do Knot Always Love You (Light Novel), Bleach: Can't Fear Your Own World (Light Novel)","Bleach, Bleach: The Sealed Sword Frenzy, Bleach: Gotei 13 Omake, Bleach Movie 1: Memories of Nobody, Bleach Movie 2: The DiamondDust Rebellion, Bleach Movie 3: Fade to Black, Bleach Movie 4: Hell Verse","Ichigo Kurosaki : Masakazu Morita, Rukia Kuchiki : Fumiko Orikasa, Isshin Kurosaki : Toshiyuki Morikawa, Izuru Kira : Takahiro Sakurai, Jyushiro Ukitake : Hideo Ishikawa, Karin Kurosaki : Rie Kugimiya, Kon : Mitsuaki Madono, Orihime Inoue : Yuki Matsuoka, Tite Kubo
Original Creator, Noriyuki Abe
Director, Shirou Sagisu
Music, Masashi Kudou
Character Design","Tite Kubo : Original Creator, Noriyuki Abe : Director, Shirou Sagisu : Music, Masashi Kudou : Character Design"
Zipang,,TV   ,26.0,Studio DEEN,Fall ,"Action, Adventure, Drama, Seinen, Historical, Military, Ship, Time Travel, War, World War 2, Based on a Manga",3.67,2004.0,2005.0,"'In present day Japan, during what should have been a routine training exercise, Captain Umeza and the battleship Mirai are suddenly hit by a storm, sending them back in time to the middle of World War 2. Armed with state-of-the-art technology, the Mirai could alter the course of history; but for its crew, the situation presents a moral dilemma: do they have the right to meddle with history, even to stop the most dreadful tragedies of the war, when even the smallest acts could have unforeseen consequences?'",,Zipang,,"Kouhei Oguri : Yuuji Ueda, Masayuki Kikuchi : Takanori Hoshino, Saburo Umezu : Yusaku Yara, Takumi Kusaka : Hiroki Touchi, Yosuke Kadomatsu : Tetsu Inada, Isoroku Yamamoto : Bunmei Tobayama, Kazuma Tsuda : Kenji Nojima, Kazunobu Yanagi : Eiji Takemoto, Kaiji Kawaguchi
Original Creator, Kazuhiro Furuhashi
Director, Yuuichirou Takeda
Series Composition, Toshihiko Sahashi
Music, Yoshihiko Umakoshi
Character Design","Kaiji Kawaguchi : Original Creator, Kazuhiro Furuhashi : Director, Yuuichirou Takeda : Series Composition, Toshihiko Sahashi : Music, Yoshihiko Umakoshi : Character Design"
Mobile Suit Gundam SEED Movie II: The Far-Away Dawn, Kidou Senshi Gundam SEED Special Edition II: Harukanaru Akatsuki,TV Sp,,,,Sci Fi,3.66,2004.0,,"'The battle lines have been drawn, placing old friends Kira and Athrun on opposing sides in the war. The resulting battle will mark a turning point in their lives as Athrun and the Zaft forces launches a major offensive designed to end the war once and for all!'",,Mobile Suit Gundam SEED,"Mobile Suit Gundam SEED, Mobile Suit Gundam SEED MSV Astray, Mobile Suit Gundam SEED Movie I: The Empty Battlefield, Mobile Suit Gundam SEED Movie III: The Rumbling Sky, Mobile Suit Gundam SEED: After Phase: In the Valley of Stars, Mobile Suit Gundam SEED Destiny, Mobile Suit Gundam SEED Destiny Final Plus: The Chosen Future, Mobile Suit Gundam SEED C.E.73: Stargazer, Mobile Suit Gundam SEED Destiny Special Edition I: The Broken World, Mobile Suit Gundam SEED Destiny Special Edition II: Respective Swords, Mobile Suit Gundam SEED Destiny Special Edition III: The Hell Fire of Destiny, Mobile Suit Gundam SEED Character Theater, Mobile Suit Gundam SEED Destiny Special Edition IV: The Cost of Freedom","Athrun Zala : Akira Ishida, Cagalli Yula Athha : Naomi Shindou, Kira Yamato : Souichirou Hoshi, Dearka Elsman : Akira Sasanuma, Flay Allster : Houko Kuwashima, Lacus Clyne : Rie Tanaka, Mu La Flaga : Takehito Koyasu, Murrue Ramius : Kotono Mitsuishi, Mitsuo Fukuda
Director, Toshihiko Sahashi
Music, Hisashi Hirai
Character Design, Shigemi Ikeda
Art Director, Fumikuni Furusawa
Producer, Seiji Takeda
Producer","Mitsuo Fukuda : Director, Toshihiko Sahashi : Music, Hisashi Hirai : Character Design, Shigemi Ikeda : Art Director, Fumikuni Furusawa : Producer, Seiji Takeda : Producer"
One Piece: Take Aim! The Pirate Baseball King, One Piece: Mezase! Kaizoku Yakyuu Ou,Other,,Toei Animation,,"Comedy, Shounen, Sports, Baseball, Pirates, Shorts, Based on a Manga",3.65,2004.0,,"'The Luffy Pirates are taking part in a baseball match to determine who will be the Pirate Baseball Kings. With Captain Buggy and Bon Kurei commentating and Arlong the Saw Shark up to bowl, the game is ready to begin, but there’s one setback: none of the team appear to be any good at baseball! With Zoro smashing the balls to bits instead of hitting them, Sanji more interested in ogling Nami than playing the game, and Luffy not even looking in the direction of the ball, all hope seems lost. Down to the last innings, without having scored a single run, is it possible that the Luffy Pirates can beat the odds and become the Pirate Baseball Kings?'",,"Romance Dawn, One Piece, One Piece: Taose! Kaizoku Ganzack (Light Novel), One Piece: Loguetown-hen (Light Novel), One Piece: Strong World, Chopperman, Chopperman: Yuke Yuke! Minna no Chopper-sensei, One Piece x Toriko: Jisshoku! Akuma no Mi!!, One Piece Party, One Piece Ace's Story (Light Novel), One Piece episode A",One Piece,"Arlong, Bon Kurei : Kazuki Yao, Buggy : Shigeru Chiba, Monkey D. Luffy, Sanji : Hiroaki Hirata, Usopp, Zoro Roronoa, Chew, Eiichiro Oda
Original Creator, Yukio Kaizawa
Director","Eiichiro Oda : Original Creator, Yukio Kaizawa : Director"
Mobile Suit Gundam SEED Movie III: The Rumbling Sky, Kidou Senshi Gundam SEED Special Edition Kanketsu Hen: Meidou no Sora,TV Sp,,,,Sci Fi,3.64,2004.0,,"'The Earth Forces has commissioned another Archangel-class ship, the Dominion; its sole mission is to destroy the renegade Archangel. As the battle draws to its ultimate conclusion, it is possible that humanity itself will be the victim. Kira, Athrun, and the others must stop a war that threatens both sides with genocide!'",,Mobile Suit Gundam SEED,"Mobile Suit Gundam SEED, Mobile Suit Gundam SEED MSV Astray, Mobile Suit Gundam SEED Movie I: The Empty Battlefield, Mobile Suit Gundam SEED Movie II: The Far-Away Dawn, Mobile Suit Gundam SEED: After Phase: In the Valley of Stars, Mobile Suit Gundam SEED Destiny, Mobile Suit Gundam SEED Destiny Final Plus: The Chosen Future, Mobile Suit Gundam SEED C.E.73: Stargazer, Mobile Suit Gundam SEED Destiny Special Edition I: The Broken World, Mobile Suit Gundam SEED Destiny Special Edition II: Respective Swords, Mobile Suit Gundam SEED Destiny Special Edition III: The Hell Fire of Destiny, Mobile Suit Gundam SEED Character Theater, Mobile Suit Gundam SEED Destiny Special Edition IV: The Cost of Freedom","Athrun Zala : Akira Ishida, Cagalli Yula Athha : Naomi Shindou, Kira Yamato : Souichirou Hoshi, Lacus Clyne : Rie Tanaka, Andrew Waltfeld : Ryotaro Okiayu, Clotho Buer : Hiro Yuuki, Dearka Elsman : Akira Sasanuma, Flay Allster : Houko Kuwashima, Mitsuo Fukuda
Director, Toshihiko Sahashi
Music, Hisashi Hirai
Character Design, Shigemi Ikeda
Art Director, Fumikuni Furusawa
Producer, Seiji Takeda
Producer","Mitsuo Fukuda : Director, Toshihiko Sahashi : Music, Hisashi Hirai : Character Design, Shigemi Ikeda : Art Director, Fumikuni Furusawa : Producer, Seiji Takeda : Producer"
Maria Watches Over Us Specials, Maria-sama ga Miteru Specials,DVD S,,Studio DEEN,,"Comedy, GL, Shoujo-ai",3.64,2004.0,,"'The girls at Lillian exude endless amounts of grace and elegance, but even they can make mistakes. While Yumi struggles with her French pronunciation and Rosa Gigantia keeps messing up the timing of her entrance, even the prim and proper Sachiko isn’t safe from the horrors of a growling stomach…'",,"Maria Watches Over Us (Light Novel), Maria Watches Over Us","Maria Watches Over Us, Maria Watches Over Us Season 2, Maria-sama ga Miteru ~Haru~ Specials, Maria Watches Over Us Season 3 Specials, Maria Watches Over Us Season 3, Maria Watches Over Us Season 4, Maria Watches Over Us Season 4 Specials","Sachiko Ogasawara : Miki Itou, Yoshino Shimazu : Haruna Ikezawa, Yumi Fukuzawa : Kana Ueda, Eriko Torii : Hitomi Nabatame, Rei Hasekura : Shizuka Itou, Sei Satou : Megumi Toyoguchi, Shimako Toudou : Mamiko Noto, Youko Mizuno : Emi Shinohara, Mikiya Katakura
Music, Akira Matsushima
Character Design","Mikiya Katakura : Music, Akira Matsushima : Character Design"
New Getter Robo, Shin Getter Robo,TV   ,13.0,Brain's Base,Spring,"Mecha, Combining Mecha, Demons, Super Robot, Explicit Violence",3.64,2004.0,,"""Humanity is under attack by the Oni - fierce demons of unknown origin - that can only be defeated by Dr. Saotome's Getter Ray-powered robots. However, these robots are only a stopgap, buying time for the next generation of Getter-powered robot: Getter Robo. Able to change shape into three combinations to suit the current task, and vastly more powerful than its predecessors, Getter Robo requires three pilots to fully utilize it. Dr. Saotome selects three interesting individuals for the task: Ryoma Nagare, a headstrong martial artist; Hayato Jin, a power hungry terrorist; and Benkei Musashibou, a bear of a man who has turned to the way of Buddha. Together, these oddly-matched teammates must find out where the Oni come from and stop the threat that they pose.""",Explicit Violence,"Getter Robo Gou, Shin Getter Robo, Getter Robo Āḥ, Dynamic Superobot Wars: Super Robot Retsuden, Getter Robo Hien: The Earth Suicide, Getter Robo Anthology: Shinka no Ishi, Mazinger Otome, Getter Robo Devolution","Getter Robo, Great Mazinger vs Getter Robo, Getter Robo G, Great Mazinger vs Getter Robo G: The Great Space Encounter, Grendizer, Getter Robo G, Great Mazinger: Kessen! Daikaijuu!, Getter Robo Go, Getter Robo Armageddon, Shin Getter Robo vs Neo Getter Robo","Benkei Musashibo, Hayato Jin, Ryoma Nagare, Abe No Seimei, Michiru Saotome, Saotome, Ken Ishikawa
Original Creator, Go Nagai
Original Creator, Jun Kawagoe
Director, Kazuo Nobuta
Music, Try Force
Music, Fujio Suzuki
Character Design, Yoshikazu Iwanami
Sound Director, Satsuki Mizuno
Producer","Ken Ishikawa : Original Creator, Go Nagai : Original Creator, Jun Kawagoe : Director, Kazuo Nobuta : Music, Try Force : Music, Fujio Suzuki : Character Design, Yoshikazu Iwanami : Sound Director, Satsuki Mizuno : Producer"
Maria-sama ga Miteru ~Haru~ Specials, Maria Watches Over Us ~Printemps~: Don't Tell Mother Maria.,DVD S,,Studio DEEN,,"Comedy, GL, Shoujo-ai",3.63,2004.0,2005.0,"'It\'s not easy shooting a moving and emotional drama, and the girls at Lillian make it look effortless. However, behind the scenes it\'s not as simple as it seems.\xa0With the girls suffering from bouts of memory loss when reciting their lines, Rosa Gigantea tormenting everyone with her snoring and Yoshino\'s ""magic tricks"" getting a little out of hand, there\'s no telling if the show will get made at all!'",,"Maria Watches Over Us (Light Novel), Maria Watches Over Us","Maria Watches Over Us, Maria Watches Over Us Specials, Maria Watches Over Us Season 2, Maria Watches Over Us Season 3 Specials, Maria Watches Over Us Season 3, Maria Watches Over Us Season 4, Maria Watches Over Us Season 4 Specials","Sachiko Ogasawara : Miki Itou, Yumi Fukuzawa : Kana Ueda, Eriko Torii : Hitomi Nabatame, Noriko Nijou : Kaori Shimizu, Rei Hasekura : Shizuka Itou, Sei Satou : Megumi Toyoguchi, Shimako Toudou : Mamiko Noto, Touko Matsudaira : Rie Kugimiya, Mikiya Katakura
Music, Akira Matsushima
Character Design","Mikiya Katakura : Music, Akira Matsushima : Character Design"
Mars Daybreak, Kenran Butou Sai: The Mars Daybreak,TV   ,26.0,Bones,Spring,"Action, Mecha, Sci Fi, Military, Pirates, Submarine, Original Work",3.62,2004.0,,"""In the near future, Mars is covered with oceans. Within one of its cities, Gram River is just another kid trying to survive in the slums, until he finds himself right in the middle of a pirate attack! After nearly drowning, he finds himself aboard the pirates' ship, and is faced with a decision: be killed, or stay and fight alongside them. And thus, Gram joins the pirate crew in their quest to find the legendary treasure of Mars, but they aren't alone in their search. Now, while being hunted by the military, bounty hunters, rivals and even a few old friends, they search the seas of Mars for clues...""",,Mars Daybreak,,"Gram River : Tomokazu Seki, Vestemona Lauren : Houko Kuwashima, Achilles Polandwood : Takumi Yamazaki, Anna Grace : Sakiko Tamagawa, Chrysalis Milch : Kiyoyuki Yanada, Clara : Mako Hyoudou, Dolittle : Takashi Nagasako, Elizabeth Liati : Miyuki Ichijou, Kunihiro Mori
Director, Kaoru Wada
Music, Hiroshi Ousaka
Character Design, Atsushi Morikawa
Character Design, Masahiko Minami
Producer, Taihei Yamanishi
Producer, Takeshi Sasamura
Producer","Kunihiro Mori : Director, Kaoru Wada : Music, Hiroshi Ousaka : Character Design, Atsushi Morikawa : Character Design, Masahiko Minami : Producer, Taihei Yamanishi : Producer, Takeshi Sasamura : Producer"
Rockman.EXE Stream,,TV   ,51.0,XEBEC,Fall ,"Sci Fi, Proxy Battles",3.61,2004.0,2005.0,'No synopsis yet - check back soon!',,"Rockman DASH, MegaMan NT Warrior, Rockman Zero","Rockman: Hoshi ni Negai wo, MegaMan: NT Warrior, Rockman EXE Axess, MegaMan Maverick Hunter X: The Day of Sigma, Rockman.EXE Beast, Rockman.EXE: Hikari to Yami no Program, Rockman.EXE Beast+, Ryuusei no Rockman, Ryuusei no Rockman Tribe","Lan Hikari : Kumiko Higa, Maylu, Megaman.Exe : Akiko Kimura, Protoman.Exe, Aquaman.Exe, Bass.Exe, Bubbleman.Exe, Chaud Blaze, Takao Kato
Director, Shuhei Naruse
Music, Shunichi Igarashi
Music, Mitsuru Ishihara
Character Design, Yoshikazu Beniya
Producer, Shuten Miyazawa
Producer, Osamu Inoue
Episode Director, Mayori Sekijima
Screenplay","Takao Kato : Director, Shuhei Naruse : Music, Shunichi Igarashi : Music, Mitsuru Ishihara : Character Design, Yoshikazu Beniya : Producer, Shuten Miyazawa : Producer, Osamu Inoue : Episode Director, Mayori Sekijima : Screenplay"
Appleseed Movie,,Movie,,Digital Frontier,,"Action, Sci Fi, Seinen, Cyberpunk, Cyborgs, Police, Based on a Manga, CG Animation",3.61,2004.0,,"'In a world where mankind is at the brink of destruction, one lone scientist has concocted the means to save it: bioroids. These artificial humans coexist with humans in the city of Olympus, under the watchful eye of the supercomputer Gaia -- to stabilize society. The military strongly opposes their use, however, and the elite soldier Deunan may hold the key to saving both the human race and the lives of the bioroids. Teamed up with an old friend, Briareos, Deunan must race against the clock to discover the secret of the Appleseed before countless lives are tragically lost...'",,"Appleseed, Appleseed XIII, Appleseed Alpha","Appleseed, Appleseed: Ex Machina, Appleseed XIII Movie 1: Tartaros, Appleseed XIII Movie 2: Ouranos, Appleseed XIII, Appleseed Alpha","Briareos Hecatonchires : Juurouta Kosugi, Deunan Knute : Ai Kobayashi, Athena Areios : Mami Koyama, Edward Uranus Iii : Yuzuru Fujimoto, Hades : Takehito Koyasu, Hitomi : Yuki Matsuoka, Commander Lance : Tomoya Kawai, Dr. Gilliam : Emi Shinohara, Masamune Shirow
Original Creator, Shinji Aramaki
Director, Masaki Yamada
Character Design","Masamune Shirow : Original Creator, Shinji Aramaki : Director, Masaki Yamada : Character Design"
Zatch Bell Movie 1: 101st Devil, Konjiki no Gash Bell!! 101 Banme no Mamono,Movie,,Toei Animation,,"Shounen, Demons, Magic, Non-Human Protagonists, Superpowers, Based on a Manga",3.61,2004.0,,"""While the battle to determine the next king of the demon realm has often been fraught, the rules were always clear: 100 demon children partnered with 100 humans would challenge each other, using 100 magical books. What none of them knew was that there was a 101st magical book, powerful enough to stop any of the others. Gash and Kiyomaro must begin a journey that will take them into the demon realm to confront the mysteries of Gash's past. But will they escape in time to help their friends in a battle with a seemingly unstoppable enemy.""",,"Zatch Bell!, Zatch Bell! Side Story: Friends","Zatch Bell!, Konjiki no Gash Bell!! Ougon no Chichi wo Motsu Otoko, Zatch Bell Movie 2: Attack of Mechavulcan, Konjiki no Gash Bell!! Hashire Gash!! Ubawareta Umagon","Kiyo Takamine, Zatch Bell : Ikue Ootani, Apollo Genesis, Brago, Dr. Riddles, Kafk Sunbeam, Kanchome, Kid, Makoto Raiku
Original Creator, Junji Shimizu
Director, Kow Otani
Music, Ken Ootsuka
Character Design, Atsuya Takase
Producer, Hiromi Seki
Producer, Takuya Yui
Producer","Makoto Raiku : Original Creator, Junji Shimizu : Director, Kow Otani : Music, Ken Ootsuka : Character Design, Atsuya Takase : Producer, Hiromi Seki : Producer, Takuya Yui : Producer"
Mobile Suit Gundam SEED Movie I: The Empty Battlefield, Kidou Senshi Gundam SEED Special Edition I: Kokuu no Senjou,TV Sp,,,,Sci Fi,3.61,2004.0,,"""Year 70 of the Cosmic Era, the economic friction between genetically enhanced Coordinators and unmodified Naturals has erupted into a full-scale conflict. The Natural-dominated Earth Alliance struggles to catch up with the Coordinators' superior technology and has secretly developed five Gundam mobile suits at a neutral space colony. Through a twist of fate, a young Coordinator named Kira Yamato becomes the pilot of the Alliance's prototype Strike Gundam and finds himself forced to fight his own people in order to protect his friends.""",,Mobile Suit Gundam SEED,"Mobile Suit Gundam SEED, Mobile Suit Gundam SEED MSV Astray, Mobile Suit Gundam SEED Movie II: The Far-Away Dawn, Mobile Suit Gundam SEED Movie III: The Rumbling Sky, Mobile Suit Gundam SEED: After Phase: In the Valley of Stars, Mobile Suit Gundam SEED Destiny, Mobile Suit Gundam SEED Destiny Final Plus: The Chosen Future, Mobile Suit Gundam SEED C.E.73: Stargazer, Mobile Suit Gundam SEED Destiny Special Edition I: The Broken World, Mobile Suit Gundam SEED Destiny Special Edition II: Respective Swords, Mobile Suit Gundam SEED Destiny Special Edition III: The Hell Fire of Destiny, Mobile Suit Gundam SEED Character Theater, Mobile Suit Gundam SEED Destiny Special Edition IV: The Cost of Freedom","Athrun Zala : Akira Ishida, Flay Allster : Houko Kuwashima, Kira Yamato : Souichirou Hoshi, Andrew Waltfeld : Ryotaro Okiayu, Cagalli Yula Athha : Naomi Shindou, Dearka Elsman : Akira Sasanuma, Lacus Clyne : Rie Tanaka, Miriallia Haw : Megumi Toyoguchi, Mitsuo Fukuda
Director, Toshihiko Sahashi
Music, Hisashi Hirai
Character Design, Shigemi Ikeda
Art Director, Fumikuni Furusawa
Producer, Seiji Takeda
Producer","Mitsuo Fukuda : Director, Toshihiko Sahashi : Music, Hisashi Hirai : Character Design, Shigemi Ikeda : Art Director, Fumikuni Furusawa : Producer, Seiji Takeda : Producer"
Maria Watches Over Us, Maria-sama ga Miteru,TV   ,13.0,Studio DEEN,Winter,"Drama, GL, Shoujo-ai, All-Girls School, LGBT Themes, School Life, Based on a Light Novel",3.6,2004.0,,"""For the young women at the Lillian private school for girls, nothing is more prestigious than Rosa Sinensis, Rosa Gigantea, and Rosa Foetida, the beautiful and talented women who head the student council. When a young girl named Yumi's path is intertwined with Sachiko, a successor to the council, things will never be the same for the both of them. Maria-sama ga Miteru is a quiet tale of forbidden romance, friendship, and the everyday life of a school girl.""",,"Maria Watches Over Us (Light Novel), Maria Watches Over Us","Maria Watches Over Us Specials, Maria Watches Over Us Season 2, Maria-sama ga Miteru ~Haru~ Specials, Maria Watches Over Us Season 3 Specials, Maria Watches Over Us Season 3, Maria Watches Over Us Season 4, Maria Watches Over Us Season 4 Specials","Sachiko Ogasawara : Miki Itou, Yumi Fukuzawa : Kana Ueda, Eriko Torii : Hitomi Nabatame, Rei Hasekura : Shizuka Itou, Sei Satou : Megumi Toyoguchi, Shimako Toudou : Mamiko Noto, Yoshino Shimazu : Haruna Ikezawa, Youko Mizuno : Emi Shinohara, Oyuki Konno
Original Creator, Yukihiro Matsushita
Director, Mikiya Katakura
Music, Akira Matsushima
Character Design, Yoshikazu Iwanami
Sound Director, Fukashi Azuma
Producer, Shinichi Ikeda
Producer, Ryouki Kamitsubo
Ed Director","Oyuki Konno : Original Creator, Yukihiro Matsushita : Director, Mikiya Katakura : Music, Akira Matsushima : Character Design, Yoshikazu Iwanami : Sound Director, Fukashi Azuma : Producer, Shinichi Ikeda : Producer, Ryouki Kamitsubo : Ed Director"
Please Twins: The Summer Never Ends, Onegai Twins: Natsu wa Owaranai,OVA  ,1.0,Daume,,"Comedy, Ecchi, Original Work, Incest,, Mature Themes",3.6,2004.0,,"""Summer hijinx abound as Miina, Karen, Maiku, Kei, Mizuho and the rest of the OTwins/OTeacher crew enjoy a short summer vacation by the lake. As the various couples pair off, will Miina finally be able to confess her feelings to Maiku, or will Karen be able to foil her? Is this all a sinister plan of Ichigo's? And what about the rumors of a female ghost that haunts the lake, preying on lonely young men?""","Incest,, Mature Themes","Onegai Teacher, Onegai Teacher (Light Novel), Onegai Twins (Light Novel), Onegai Twins","Please Teacher: Marie Love Theater, Please Teacher, Please Teacher: Secret Couple, Please Teacher: Reminiscence, Please Twins","Karen Onodera : Ai Shimizu, Maiku Kamishiro : Daisuke Namikawa, Miina Miyafuji : Mai Nakahara, Haruko Shidou : Ryouko Shintani, Ichigo Morino : Yukari Tamura, Kei Kusanagi : Souichirou Hoshi, Kousei Shimazaki : Kenichi Suzumura, Matagu Shidou : Hiroaki Miura, Yasunori Ide
Director, Soushi Hosoi
Music, Feel
Music, Zizz Studio
Music, Hiroaki Gohda
Character Design, Kouji Morimoto
Producer","Yasunori Ide : Director, Soushi Hosoi : Music, Feel : Music, Zizz Studio : Music, Hiroaki Gohda : Character Design, Kouji Morimoto : Producer"
Naruto Movie 1: Ninja Clash in the Land of Snow, Naruto Movie 1: Naruto: Dai Katsugeki! Yuki Hime Ninpouchou Datte ba yo!,Movie,,Pierrot,,"Action, Shounen, Ninja, Based on a Manga",3.59,2004.0,,"""Team 7 has been sent on a mission to the Snow Country to protect Yukie Fujikaze, a famous actress whose film is being shot in the area. But when Naruto and the gang arrive on set, they are attacked by local ninjas, and soon discover that Yukie may be more than she appears to be – a realization that could have dire consequences for everyone involved. Now, with danger at every turn, can the team complete their mission and discover Yukie's secret?""",,"Naruto (Pilot), Naruto, Naruto: Innocent Heart, Demonic Blood (Light Novel), Rock Lee's Springtime of Youth, Naruto Shippuden Movie 5: Blood Prison (Light Novel), Road to Naruto the Movie, Naruto Jinraiden: Okami no Naku Hi (Light Novel), Naruto: Mission - Protect the Waterfall Village! (Light Novel), Naruto: Chibi Sasuke’s Sharingan Legend, Naruto Secret Chronicles (Light Novel), Naruto True Story (Light Novel), Naruto Gaiden: Michita Tsuki ga Terasu Michi, Naruto: Konoha Shinden - Yukemuri Ninpouchou (Light Novel)","Naruto, Naruto Special 1: Find the Crimson Four-leaf Clover!, Naruto Special 2: Battle at Hidden Falls. I am the Hero!, Naruto: Hidden Leaf Village Grand Sports Festival!, Naruto Movie 2: Legend of the Stone of Gelel, Naruto: Narutimate Hero 3 OVA, Naruto Movie 3: Guardians of the Crescent Moon Kingdom, Naruto: The Cross Roads, Naruto: Naruto to Mashin to Mitsu no Onegai Dattebayo!!","Kakashi Hatake : Kazuhiko Inoue, Naruto Uzumaki : Junko Takeuchi, Sakura Haruno : Chie Nakamura, Sasuke Uchiha : Noriaki Sugiyama, Yukie Fujikaze : Yuko Kaida, Doto Kazahana : Tsutomu Isobe, Fubuki : Jun Karasawa, Mizore : Holly Kaneko, Tensai Okamura
Director, Toshio Masuda
Music, Masashi Project
Music, Tetsuya Nishio
Character Design, Hirofumi Suzuki
Character Design","Tensai Okamura : Director, Toshio Masuda : Music, Masashi Project : Music, Tetsuya Nishio : Character Design, Hirofumi Suzuki : Character Design"
Pa-Pa-Pa the Movie: Perman - Tako de Pon! Ashi wa Pon!,,Movie,,Shin-Ei Animation,,"Adventure, Comedy, Shounen, Family Friendly, Superheroes, Superpowers, Based on a Manga",3.59,2004.0,,'No synopsis yet - check back soon!',,Perman,"Perman, Perman: Birdman ga Yatte Kita!!, Perman (1983), Perman (1983) Specials, Pa-Pa-Pa the Movie: Perman",Mitsuo Suwa : Katsue Miwa,
Black Jack,,TV   ,61.0,Tezuka Productions,Fall ,"Drama, Shounen, Doctors, Episodic, Medical, Based on a Manga",3.58,2004.0,2006.0,"'Black Jack is a man with god-like surgical skills. Little is known about this mysterious, unlicensed physician aside from his immense talent, which is legendary amongst the medical community; but should you require the services of this genius, you must be prepared for a hefty price tag! Though he often appears to have the demeanour of a businessman more than a doctor, Black Jack is not entirely cold-hearted; and with the help of his assistant Pinoko, he will do all in his power to save his patients, no matter how obscure, difficult or unknown the ailment. However, even a man of science like Black Jack can be surprised by the medical mysteries that nature throws at him, and sometimes even by the sheer tenacity of human nature itself.'",,"Black Jack, Ray, Black Jack: Kuroi Ishi, Black Jack M, Ray+, Black Jack Neo, Black Jack: BJ x bj, Black Jack: Aoki Mirai, Young Black Jack","Black Jack: The Two Doctors of Darkness, Black Jack 21, Black Jack: The Lost Episodes, Black Jack: Karte NG Extras","Black Jack : Tomokazu Seki, Pinoko : Yuuko Mizutani, Chiyoko Wato : Ryouko Ono, Largo : Makoto Ishii, Sharaku : Yuuko Satou, Acetylene Lamp, Akira Arima : Hideyuki Tanaka, Barbara, Osamu Tezuka
Original Creator, Macoto Tezka
Director, Satoshi Kuwabara
Director, Akihiko Matsumoto
Music, Sachiko Kamimura
Character Design, Tomoyuki Saitou
Producer, Sumio Udagawa
Producer","Osamu Tezuka : Original Creator, Macoto Tezka : Director, Satoshi Kuwabara : Director, Akihiko Matsumoto : Music, Sachiko Kamimura : Character Design, Tomoyuki Saitou : Producer, Sumio Udagawa : Producer"
Kurau: Phantom Memory,,TV   ,24.0,Bones,Summer,"Drama, Sci Fi, Aliens, Superpowers, Original Work",3.58,2004.0,,"'As scientists explore a new form of energy on the moon, an experiment gone awry brings the lead scientist\'s life crashing to a halt. In a freak accident, his daughter Kurau is engulfed in the energy and becomes the mysterious entity known as Rynax; a pairing that endows her with new superhuman abilities and a new personality. Years later, Kurau is using her unique powers to make a living as a bounty hunter, but the corporation has not given up on this new form of energy and will stop at nothing to find her. Now, Kurau must protect not only herself, but her Rynax ""pair"" named Christmas, a soul mate more precious to her than life itself. Can Kurau and Christmas find peace for themselves and the Rynax?'",,,,"Christmas Kurau : Misa Kobayashi, Kurau Amami : Ayako Kawasumi, Ayaka Stieger : Yuko Kaida, Director Saito : Minoru Inaba, Doug : Tomoyuki Shimura, Hajime Amami : Mitsuru Ogata, Shun Yee Wong : Tohru Furusawa, Ayaka'S Mother : Christine M. Auten, Yasuhiro Irie
Director, Yukari Katsuki
Music, Tomomi Ozaki
Character Design, Schreck Hedwick
Producer, Kengo Shigemura
Editor, Kenji Yasuda
Episode Director, Hiroki Kanno
Animation Director & Key Animator, Naoyuki Onda
Assistant Animation Director","Yasuhiro Irie : Director, Yukari Katsuki : Music, Tomomi Ozaki : Character Design, Schreck Hedwick : Producer, Kengo Shigemura : Editor, Kenji Yasuda : Episode Director, Hiroki Kanno : Animation Director & Key Animator, Naoyuki Onda : Assistant Animation Director"
Doki Doki School Hours Specials, Sensei no Ojikan Specials,DVD S,,J.C.Staff,,"Comedy, Seinen, School Life, Based on a 4-Koma Manga, Based on a Manga",3.58,2004.0,2005.0,'No synopsis yet - check back soon!',,Doki Doki School Hours,Doki Doki School Hours,"Akane Kobayashi, Gen Nakamura, Jouji Seki, Kenta Suetake, Mika Suzuki, Minako Tominaga, Rio Kitagawa, Shizuka Nagare, Tamami Omose
Original Creator",Tamami Omose : Original Creator
Mobile Suit Gundam SEED: After Phase: In the Valley of Stars, Gundam SEED: After Phase: In the Valley of Stars,DVD S,,,,"Mecha, Sci Fi, Slice of Life, Real Robot",3.58,2004.0,,'No synopsis yet - check back soon!',,"Mobile Suit Gundam: Awakening, Escalation, Confrontation (Light Novel), Mobile Suit Gundam ZZ, Mobile Suit Gundam: The Revival of Zeon, Mobile Suit Gundam: New Revival of Zeon, Mobile Suit Gundam: Hathaway's Flash (Light Novel), Record of MS War: Mobile Suit Gundam Abridged, Mobile Suit Gundam: Silhouette Formula 91, Mobile Suit Gundam: The Origin, Mobile Suit Gundam SEED Astray, Mobile Suit Gundam SEED, Mobile Suit Gundam: The Anthology, Mobile Suit Gundam Climax U.C., Mobile Suit Gundam 00, Mobile Suit Gundam 00 2nd Season, Mobile Suit Gundam: MSV-R - Fabulous Shin Matsunaga, Mobile Suit Gundam: Hunter of Black Clothes, Mobile Suit Moon Gundam","Mobile Suit Gundam SEED PROJECT Ignited, Mobile Suit Zeta Gundam, Mobile Suit Gundam ZZ, Mobile Suit SD Gundam Mk I, Mobile Suit Gundam: Char's Counterattack, All That Gundam, Mobile Suit Gundam 0080: War in the Pocket, Mobile Suit SD Gundam no Gyakushuu: Arashi wo Yobu Gakuensai, Mobile Suit Gundam F91, Mobile Suit Gundam 0083: Stardust Memory, Mobile Suit Gundam 0083: Stardust Memory - The Mayfly of Space, Mobile Suit Gundam 0083: The Afterglow of Zeon, Mobile Suit Victory Gundam, Mobile Fighter G Gundam, Mobile Suit Gundam Wing, Mobile Suit Gundam: The 08th MS Team, After War Gundam X, Mobile Suit Gundam Wing: Endless Waltz, Mobile Suit Gundam Wing: Endless Waltz Movie, Gundam: Mission To The Rise, Turn A Gundam, Mobile Suit Gundam Evolve, Mobile Suit Gundam SEED, Mobile Suit Gundam SEED MSV Astray, Mobile Suit Gundam MS IGLOO: The Hidden One Year War, Mobile Suit Gundam SEED Movie I: The Empty Battlefield, Mobile Suit Gundam SEED Movie II: The Far-Away Dawn, Mobile Suit Gundam SEED Movie III: The Rumbling Sky, Mobile Suit Gundam SEED Destiny, Mobile Suit Gundam SEED Destiny Final Plus: The Chosen Future, Mobile Suit Gundam SEED C.E.73: Stargazer, Mobile Suit Gundam MS IGLOO: Apocalypse 0079, Mobile Suit Gundam SEED Destiny Special Edition I: The Broken World, Mobile Suit Gundam SEED Destiny Special Edition II: Respective Swords, Mobile Suit Gundam SEED Destiny Special Edition III: The Hell Fire of Destiny, Mobile Suit Gundam SEED Character Theater, Mobile Suit Gundam SEED Destiny Special Edition IV: The Cost of Freedom, Mobile Suit Gundam 00, Mobile Suit Gundam MS IGLOO 2: Juuryoku Sensen, Mobile Suit Gundam 00 Second Season, Mobile Suit Gundam 00 Special Edition I: Celestial Being, Mobile Suit Gundam 00 Special Edition II: End of World, 30th Gundam Perfect Mission, Mobile Suit Gundam ZZ: Gundam Frag., Ring of Gundam, Mobile Suit Gundam 00 Special Edition III: Return the World, Mokei Senshi Gunpla Builders Beginning G, Chou Denei-ban SD Gundam Sangokuden Brave Battle Warriors, Mobile Suit Gundam Unicorn, Mobile Suit Gundam 00 The Movie: A Wakening of the Trailblazer, Mobile Suit Gundam AGE, Mobile Suit Gundam AGE: Memory of Eden, Collection of Key Animation Films, Mobile Suit Gundam: Thunderbolt, Mobile Suit Gundam: The Origin, Mobile Suit Gundam: Iron-Blooded Orphans, Mobile Suit Gundam: Iron-Blooded Orphans 2","Athrun Zala : Akira Ishida, Cagalli Yula Athha : Naomi Shindou, Kira Yamato : Kotono Mitsuishi, Lacus Clyne : Rie Tanaka, Miriallia Haw, Reverend Malchio, Andrew Waltfeld, Eileen Canaver, Toshihiko Sahashi
Music, Hisashi Hirai
Character Design","Toshihiko Sahashi : Music, Hisashi Hirai : Character Design"
Tetsujin 28-gou (2004), Gigantor (2004),TV   ,26.0,Palm Studio,Spring,"Action, Mecha, Sci Fi, Shounen, Super Robot, Based on a Manga, Violence",3.58,2004.0,,"""The journey begins when Professor Kaneda creates the ultimate soldier robot, Tetsujin, as a substitute for his son, Shotaro, whom he mistakenly believed died in a bomb raid on Tokyo during World War II. To prevent the army from using Tetsujin as a tool for destruction, the professor hides the robot on a remote island. Ten years after the war, Tetsujin is finally resurrected after 28 attempts made by the late Kaneda's protege, Professor Shikishima. Meanwhile, Shotaro has grown up to become a detective and now joins forces with his beloved Tetsujin to wage a courageous battle against evil!""",Violence,"Tetsujin 28-Gou, Tetsujin","Tetsujin 28-gou, Tetsujin 28-gou (1980), Tetsujin 28-gou FX, Tetsujin 28: Morning Moon of Midday, Tetsujin 28-gou Gao!","Chief Otsuka, Shotaro Kaneda, Chief Chloroform, Chief Secretary, Dr. Bigfire : Tadashi Nakamura, Kenji Murasame, Man In Black, Miss Takamizawa, Mitsuteru Yokoyama
Original Creator, Yasuhiro Imagawa
Director & Series Composition, Akira Senju
Music, Takashi Nakamura
Character Design, Wataru Tanaka
Producer, Kazuaki Morijiri
Producer, Yousuke Goroumaru
Producer, Tomio Yamauchi
Episode Director","Mitsuteru Yokoyama : Original Creator, Yasuhiro Imagawa : Director & Series Composition, Akira Senju : Music, Takashi Nakamura : Character Design, Wataru Tanaka : Producer, Kazuaki Morijiri : Producer, Yousuke Goroumaru : Producer, Tomio Yamauchi : Episode Director"
Desert Punk, Sunabozu,TV   ,24.0,GONZO,Fall ,"Comedy, Ecchi, Sci Fi, Seinen, Bounty Hunters, Desert, Guns, Post-apocalyptic, Based on a Manga",3.56,2004.0,2005.0,"'In the future, a man roams through the desolate wastelands. His enemies whisper his name with fear and awe: the ""Demon of the Sands"". Using his skills and ingenuity, as well as having a mind for tricks, he has a perfect record as a bounty hunter. Yet, he is still a man, and may have finally met his match in the beautiful and very well endowed Asagiri Junko. Now, he must learn to deal with the the harsh climate, hapless outlaws, and his complete weakness for the opposite sex!'",,Desert Punk,,"Desert Punk : Chihiro Suzuki, Kosuna : Chiwa Saitou, Akio Kawaguchi : Yasuhiro Takato, Fuyuo Kawaguchi : Jiro Saito, Haruo Kawaguchi : Wotoya Kawano, Junko Asagiri : Tomoko Kotani, Natsuko Kawaguchi : Yuuko Minaguchi, Rainspider : Norio Wakamoto, Masatoshi Usune
Original Creator, Takayuki Inagaki
Director, Kouhei Tanaka
Music, Takahiro Yoshimatsu
Character Design, Kazuhiko Suzuki
Producer, Takeyuki Okazaki
Producer, Takuya Chiba
Producer, Youko Kawahara
Producer","Masatoshi Usune : Original Creator, Takayuki Inagaki : Director, Kouhei Tanaka : Music, Takahiro Yoshimatsu : Character Design, Kazuhiko Suzuki : Producer, Takeyuki Okazaki : Producer, Takuya Chiba : Producer, Youko Kawahara : Producer"
Windy Tales, Fuujin Monogatari,TV   ,13.0,Production I.G,Fall ,"Slice of Life, Family Friendly, Iyashikei, Magic, Photography, Original Work",3.55,2004.0,2005.0,"'Nao and Miki are the sole members of their school\'s photography club, and have discovered the hidden secret of the wind. With the help of Mr. Taiki (a member of the ancient clan of the ""wind-handlers"" and one of their teachers) the duo soon pick up the secrets of controlling the wind and seeing it in its perfect beauty. With flying cats, lost tree squirrels and photography contests to boot, there\'s wind to be seen in any situation...'",,,,"Jun Nomura : Miyu Irino, Miki : Satomi Hanamura, Nao Ueshima : Kaori Nazuka, Ryouko Yoshino : Ai Iwamura, Taiki-Sensei : Ooki Sugiyama, The Wind Cat, Atsuko, Karin, Junji Nishimura
Director, Kenji Kawai
Music, Masatsugu Arakawa
Character Design, Shichirou Kobayashi
Art Director, Daisuke Gomi
Producer, Shinsaku Tanaka
Producer, Hirotsugu Ogisu
Producer, Itsurou Kawasaki
Episode Director & Storyboard","Junji Nishimura : Director, Kenji Kawai : Music, Masatsugu Arakawa : Character Design, Shichirou Kobayashi : Art Director, Daisuke Gomi : Producer, Shinsaku Tanaka : Producer, Hirotsugu Ogisu : Producer, Itsurou Kawasaki : Episode Director & Storyboard"
GANTZ,,TV   ,26.0,GONZO,Spring,"Action, Ecchi, Sci Fi, Seinen, Aliens, Guns, High Stakes Games, Play or Die, Psychological, PVE, Based on a Manga, Bullying,, Explicit Sex,, Explicit Violence,, Mature Themes,, Physical Abuse,, Sexual Abuse,, Suicide,, Domestic Abuse",3.54,2004.0,,"'Much to the annoyance of Kei, he and his childhood friend Kato have died, having been torn apart by a train. But rather than finding themselves at the gates of heaven, the duo materialize in a room full of strangers and a giant black sphere known as GANTZ. As if dying once wasn’t bad enough, the occupants of the room are then forced to embark on dangerous missions to kill strange aliens; missions that very few return from. Now, Kei, Kato, and a well-endowed friend must fight for their freedom with an arsenal of guns, high powered suits, and a very low chance of survival.'","Bullying,, Explicit Sex,, Explicit Violence,, Mature Themes,, Physical Abuse,, Sexual Abuse,, Suicide,, Domestic Abuse","Gantz, Gantz no Moto: Oku Hiroya to SF Eiga Monogatari, Gantz:G, Gantz:E",GANTZ:O,"Kei Kishimoto : Hitomi Nabatame, Kei Kurono : Mie Sonozaki, Masaru Kato : Masashi Oosato, Daichi Nozaki : Takehiro Murozono, Dog, Gantz, Giichi Furuta : Takuro Kitagawa, Hajime Muroto : Mitsuaki Madono, Hiroya Oku
Original Creator, Ichirou Itano
Director & Storyboard, Masashi Sogo
Screenplay & Series Composition, Yasuharu Takanashi
Music, Natsuki Sogawa
Music, Naoyuki Onda
Animation Director & Character Design & Chief Animation Director, Koujirou Hayashi
Photography Director, Shigemi Ikeda
Art Director","Hiroya Oku : Original Creator, Ichirou Itano : Director & Storyboard, Masashi Sogo : Screenplay & Series Composition, Yasuharu Takanashi : Music, Natsuki Sogawa : Music, Naoyuki Onda : Animation Director & Character Design & Chief Animation Director, Koujirou Hayashi : Photography Director, Shigemi Ikeda : Art Director"
Tenjho Tenge, Tenjou Tenge,TV   ,24.0,MADHOUSE,Spring,"Action, Ecchi, Seinen, Hand to Hand Combat, Martial Arts, Martial Arts School, Panty Shots, School Life, Based on a Manga, Violence",3.54,2004.0,,"'Toudou Gakuen is no ordinary high school. There, during the Meiji Restoration, fighting masters were forced to gather from all over Japan to re-establish the martial arts. Amongst the student body is a group of immensely powerful fighters who maintain order through absolute power. This ""Enforcement Group"" is locked in a feud with the Jyuuuken Club over matters of love and death. Now, two newcomers have disturbed the order of this school, becoming entangled in this vicious feud. Caught between sexy babes and terrible powers, the battle to be the strongest begins!'",Violence,Tenjho Tenge,"Tenjho Tenge: Ultimate Fight, Tenjho Tenge: The Past Chapter","Aya Natsume : Minori Chihara, Maya Natsume : Aya Hisakawa, Souichiro Nagi : Souichirou Hoshi, Bob Makihara : Shinichirou Miki, Bunshichi Tawara : Kazuki Yao, Chiaki Kounoike : Ryouko Shiraishi, Emi Isuzu : Haruhi Nanao, Kouji Sagara : Kenta Miyake, Oh! Great
Original Creator, Toshifumi Kawase
Director, Yasunori Iwasaki
Music, Takahiro Umehara
Character Design, Masao Maruyama
Producer, Ryuichi Kimura
Episode Director, Yukihiro Miyamoto
Episode Director, Masaki Hinata
Animation Director","Oh! Great : Original Creator, Toshifumi Kawase : Director, Yasunori Iwasaki : Music, Takahiro Umehara : Character Design, Masao Maruyama : Producer, Ryuichi Kimura : Episode Director, Yukihiro Miyamoto : Episode Director, Masaki Hinata : Animation Director"
Flame of Recca: Final Burning, Rekka no Honoo: Final Burning,OVA  ,1.0,Pierrot,,"Based on a Manga, Based on a Video Game",3.54,2004.0,,'No synopsis yet - check back soon!',,Flame of Recca,Flame of Recca,"Domon Ishijima : Nobuo Tobita, Recca Hanabishi : Kousuke Okano, Tokiya Mikagami : Hikaru Midorikawa, Yanagi Sakoshita : Yuki Masuda, Kurei : Ryotaro Okiayu",
Eyeshield 21: Maboroshi no Golden Bowl,,Other,,Production I.G,,"Shounen, Sports, Football, Tournaments, Based on a Manga",3.54,2004.0,,"""The Uraharajuku Boarders may have been knocked out of the Kantou Tournament, but a mysterious proposition from a mysterious man may influence the Governor, a graduate of Uraharajuku High School, to allow Uraharajuku to play Sena Kobayakawa and the Deimon Devilbats in the equally mysterious Golden Bowl, whose winner will seemingly receive a place in the Kantou Tournament. However, when Sena and company arrive at the field, they find the Golden Bowl may be something they didn't bargain for against opponents they may not be able to beat.""",,"Eyeshield 21 (Pilot), Eyeshield 21","Eyeshield 21: Jump Festa 2005, Eyeshield 21","Sena Kobayakawa : Romi Park, Dj Gairo : Fumihiko Tachiki, Junichirou Hatohara : Akimitsu Hazuka, Mamori Anezaki : Yuka Imai, Ryokan Kurita : Masato Amada, Taro Raimon : Yuuji Ueda, Yoichi Hiruma : Shinichirou Miki, Cerberos : Masami Iwasaki, Yuusuke Murata
Original Creator, Shin Iwashina
Music, Kenji Kawai
Music, Minoru Ueda
Character Design","Yuusuke Murata : Original Creator, Shin Iwashina : Music, Kenji Kawai : Music, Minoru Ueda : Character Design"
Tactics,,TV   ,25.0,Studio DEEN,Fall ,"Shoujo, Demons, Exorcists, Monster-of-the-week, Supernatural, Youkai, Based on a Manga",3.53,2004.0,2005.0,"""Since he was a child, Kantaro Ichinomiya has had the ability to see demons; but one day, the young Kantaro was told of a goblin so powerful that it could vanquish any foe with ease. Intrigued, his search began. Now, in the present, Kantaro works as an exorcist, banishing demons who have possessed human bodies; yet still he searches – that is, until one day, he touches a mysterious seal and releases the legend itself! His name is Haruka, he's good with the ladies, and he can kick demon butt like no other; but can he help Kantaro raise enough money for his rent?""",,Tactics,,"Haruka : Takahiro Sakurai, Kantaro Ichinomiya : Kouki Miyata, Doji Ibaragi : Mayumi Asano, Muu-Chan : Omi Minami, Raiko Minamoto : Masaya Matsukaze, Reiko : Omi Minami, Rosalie : Marina Inoue, Ryoukan Hasumi : Nobuo Tobita, Hiroshi Watanabe
Director, Kei Haneoka
Music, Mariko Oka
Character Design, Shinsaku Hatta
Producer, Nobumitsu Urasaki
Producer, Masahito Otani
Episode Director, Mitsuko Ooya
Storyboard, Hiroyuki Kawasaki
Screenplay","Hiroshi Watanabe : Director, Kei Haneoka : Music, Mariko Oka : Character Design, Shinsaku Hatta : Producer, Nobumitsu Urasaki : Producer, Masahito Otani : Episode Director, Mitsuko Ooya : Storyboard, Hiroyuki Kawasaki : Screenplay"
Tsukuyomi: Moon Phase,,TV   ,25.0,SHAFT,Fall ,"Fantasy, Romance, Interspecies Relationship, Master-Servant Relationship, Vampires, Based on a Manga",3.53,2004.0,2005.0,"'All Morioka Kohei wants to be a regular photographer, but all he ever seems to capture on film is ghosts! With 70 percent of his photos inhabited by the undead, Kohei has managed to gain not only a reputation, but also a job at an occult magazine. Things couldn\'t be more ""normal"" until he is sent to a obscure castle where he photographs a mysterious girl with a knack at disappearing, thus piquing his interest to return. And thus, Kohei sets out on a journey that takes him into the heart of the occult, on a mission to help the cutest vampire in existence find her long lost mother!'",,Tsukuyomi: Moon Phase,Tsukuyomi -Moon Phase- Special,"Hazuki : Chiwa Saitou, Kouhei Morioka : Hiroshi Kamiya, Artemis : Sawa Ishige, Count Heinrich Von Kinkell : Takashi Matsuyama, Elfriede : Yumi Kakazu, Haiji : Vanilla Yamazaki, Hikaru Midou : Mai Kadowaki, Hiromi Anzai : Michiko Neya, Keitarou Arima
Original Creator, Akiyuki Simbo
Chief Director, Toshimasa Suzuki
Assistant Director & Ed Director & Episode Director & Storyboard, Mayori Sekijima
Screenplay & Series Composition, Daisaku Kume
Music, Masahiro Aizawa
Character Design, Tsuguo Kozawa
Photography Director, Hitoshi Hibino
Color Design","Keitarou Arima : Original Creator, Akiyuki Simbo : Chief Director, Toshimasa Suzuki : Assistant Director & Ed Director & Episode Director & Storyboard, Mayori Sekijima : Screenplay & Series Composition, Daisaku Kume : Music, Masahiro Aizawa : Character Design, Tsuguo Kozawa : Photography Director, Hitoshi Hibino : Color Design"
Crayon Shin-chan Movie 12: Arashi wo Yobu! Yuuhi no Kasukabe Boys,,Movie,,Shin-Ei Animation,,"Comedy, Crude",3.53,2004.0,,"""Shin-chan and his friends discover an abandoned movie theater where some sort of western film is being displayed to an empty room. Shinnosuke's friends mysteriously disappear thus making the Nohara family start searching for them at the location they were last seen. While looking for the other kids, the Noharas inexplicably find themselves taken into the movie being exhibited.""",,"Crayon Shin-chan, Shin Crayon Shin-chan, Crayon Shin-chan Shin-Men, Crayon Shin-chan: Gachinko! Gyakushuu no Robot-chan","Crayon Shin-chan, Crayon Shin-chan Movie 1: Action Kamen vs Haigure Maou, Crayon Shin-chan Movie 2: Buriburi Oukoku no Hihou, Crayon Shin-chan Movie 3: Unkokusai no Yabou, Crayon Shin-chan Movie 4: Henderland no Daibouken, Crayon Shin-chan Movie 5: Ankoku Tamatama Daitsuiseki, Crayon Shin-chan Movie 6: Dengeki! Buta no Hizume Daisakusen, Crayon Shin-chan Movie 7: Bakuhatsu! Onsen Wakuwaku Daikessen, Crayon Shin-chan Movie 8: Arashi wo Yobu Jungle, Crayon Shin-chan Movie 9: The Adult Empire Strikes Back, Crayon Shin-chan Movie 10: Arashi wo Yobu Appare! Sengoku Daikassen, Crayon Shin-chan Movie 11: Arashi wo Yobu Eikou no Yakiniku Road, Crayon Shin-chan Movie 13: Densetsu wo Yobu Buriburi 3 Pun Dai Shingeki, Crayon Shin-chan Movie 14: Densetsu wo Yobu Odore! Amigo!, Crayon Shin-chan Movie 15: Arashi wo Yobu Utau Ketsu dake Bakudan!, Crayon Shin-chan Movie 16: Chou Arashi wo Yobu Kinpoko no Yuusha, Crayon Shin-chan Movie 17: Otakebe! Kasukabe Yasei Oukoku, Crayon Shin-chan Movie 18: Chou Jikuu! Arashi wo Yobu Ora no Hanayome, Crayon Shin-chan Movie 19: Arashi wo Yobu Ougon no Spy Daisakusen, Crayon Shin-chan Movie 20: Arashi o Yobu! Ora to Uchuu no Princess, Crayon Shin-chan Movie 21: Bakauma! B-Kyuu Gourmet Survival Battle!!, Crayon Shin-chan Movie 22: Gachinko! Gyakushuu no Robo To-chan, Crayon Shin-chan Movie 23: Ora no Hikkoshi Monogatari - Saboten Dai Shuugeki, Crayon Shin-chan Movie 24: Bakusui! Yumemi World Dai Totsugeki, Crayon Shin-chan Movie 25: Shurai! Uchujin Shiriri, Crayon Shin-chan Movie 26: Bakumori! Kung-Fu Boys - Ramen Tairan, Crayon Shin-chan Movie 27: Shinkon Ryokou Hurricane - Ushinawareta Hiroshi, Crayon Shin-chan Movie 28: Gekitotsu! Rakuga Kingdom to Hobo Yonin no Yuusha, Crayon Shin-chan Movie 29: Nazo Meki! Hana no Tenkasu Gakuen","Hiroshi Nohara : Keiji Fujiwara, Misae Nohara : Miki Narahashi, Shinnosuke Nohara : Akiko Yajima, Bo : Chie Satou, Himawari Nohara : Satomi Koorogi, Masao Sato : Mie Suzuki, Nene Sakurada : Tamao Hayashi, Tooru Kazama : Mari Mashiba, Yoshito Usui
Original Creator, Tsutomu Mizushima
Director, Shinji Miyazaki
Music, Toshiyuki Arakawa
Character Design, Junichi Yamakawa
Producer, Naomi Nishiguchi
Producer, Atsuo Sugiyama
Producer, Yasushi Wada
Producer","Yoshito Usui : Original Creator, Tsutomu Mizushima : Director, Shinji Miyazaki : Music, Toshiyuki Arakawa : Character Design, Junichi Yamakawa : Producer, Naomi Nishiguchi : Producer, Atsuo Sugiyama : Producer, Yasushi Wada : Producer"
Mermaid Melody Pichi Pichi Pitch Pure,,TV   ,39.0,Actas,Spring,"Magical Girl, Shoujo, Family Friendly, Henshin Heroes, Magic, Mermaids, Music, Sentai, Superheroes, Tokusatsu, Based on a Manga",3.52,2004.0,,"""After a powerful foe met his end, Kaito and Lucia were finally reunited; but they don't live happily ever after. Though he promises to return to Lucia someday, Kaito decides to go to Hawaii, become a better surfer, and try to find himself again; but along the way, an accident causes him to lose his memory and he ultimately falls in love with another woman. In the mermaid world, things fare just as poorly: with Sara gone, a new mermaid named Seira has taken her place and constantly shows up in Lucia's dreams, warning her about troubles that lie ahead. As if things couldn’t possibly get worse, a new powerful villain named Mikeru has appeared; not even the strongest mermaid song can harm him! Can Lucia get back the one she loves and defeat her enemies?""",,"Pichi Pichi Pitch: Mermaid Melody, Mermaid Melody: Pichi Pichi Pitch aqua",Mermaid Melody: Pichi Pichi Pitch,"Hanon Hosho : Hitomi Terakado, Kaito Domoto, Lucia Nanami : Asumi Nakata, Rina Toin : Mayumi Asano, Alala, Caren : Ema Kogure, Coco : Satomi Arai, Hippo : Miyako Ito, Michiko Yokote
Original Creator, Yoshitaka Fujimoto
Director, Kazuaki Makida
Character Design, Kunitoshi Okajima
Episode Director & Storyboard, Kenichi Ishikura
Episode Director & Storyboard","Michiko Yokote : Original Creator, Yoshitaka Fujimoto : Director, Kazuaki Makida : Character Design, Kunitoshi Okajima : Episode Director & Storyboard, Kenichi Ishikura : Episode Director & Storyboard"
Area 88 TV,,TV   ,12.0,Group TAC,Winter,"Seinen, Aviation, Military, Based on a Manga",3.51,2004.0,,"'Shin Kazama was once in training to become an airline pilot, until his jealous friend Satoru Kanzaki\xa0tricked him into signing a 3 year contract whose reward is $1,500,000, and whose escape is unthinkable. His mission since that day has been to work for a hidden base of mercenaries known as Area 88, with the skies as his new home, soaring into deadly battles and fighting to survive. Determined not to die, this ace pilot of Area 88 battles hard daily to one day leave the hell of being a fighter pilot. Will he ever return to his fiance Ryoko, or is he doomed to die in the skies?'",,Area 88,Area 88,"Makoto Shinjou : Shinichirou Miki, Shin Kazama : Takehito Koyasu, Gustav Tanchelm : Shigenori Soya, Kim Aba : Ryou Hirohashi, Kitri Parvaneh : Sanae Kobayashi, Mccoy : Chikao Ohtsuka, Mickey Simon : Tomokazu Seki, Roundell : Kouji Haramaki, Kaoru Shintani
Original Creator, Isamu Imakake
Director, Kazunori Miyake
Music, Hiroshi Koujina
Character Design, Kengo Shigemura
Editor, Kunitoshi Okajima
Episode Director","Kaoru Shintani : Original Creator, Isamu Imakake : Director, Kazunori Miyake : Music, Hiroshi Koujina : Character Design, Kengo Shigemura : Editor, Kunitoshi Okajima : Episode Director"
Fantastic Children,,TV   ,26.0,Nippon Animation,Fall ,"Mystery, Sci Fi",3.5,2004.0,2005.0,"""For centuries, a group of strange children with white hair have been appearing again and again, their origins and purposes unknown; yet always, it would seem, they are searching for something or someone. Now, in the year 2012, they have come to the South Seas to search. There, they encounter the young martial artist Tohma, who has been helping two runaway children from a nearby orphanage, Helga and Chitto. As Tohma learns more about the mysterious children, he also discovers a startling truth about his new friend Helga. A story unfolds that goes back centuries and across the stars, and will change everything in Tohma's and Helga's lives.""",,,Fantastic Children Special,"Agi : Yuu Urata, Chitto : Kei Kobayashi, Hasmodai : Sachi Matsumoto, Helga : Shiho Kawaragi, Hiisuma : Katsuhiro Harasawa, Soreto : Yukiko Takaguchi, Tarlant : Asami Yaguchi, Thoma : Junko Minagawa, Takashi Nakamura
Director & Character Design, Kouji Ueno
Music, Hiroyuki Hayase
Sound Director, Kenichi Satou
Producer, Michio Fukuda
Storyboard","Takashi Nakamura : Director & Character Design, Kouji Ueno : Music, Hiroyuki Hayase : Sound Director, Kenichi Satou : Producer, Michio Fukuda : Storyboard"
Re: Cutie Honey,,OVA  ,3.0,GAINAX,,"Action, Ecchi, Magical Girl, Sci Fi, Androids, Henshin Heroes, Non-Human Protagonists, Revenge, Robots, Superheroes, Superpowers, Based on a Manga",3.5,2004.0,,"'A heartless and greedy group named Panther Claw is terrorizing the city, in hopes of achieving a device that will give them all the luxuries they desire. Panther Claw\xa0is too much for the Japanese police force to handle, but luckily a new hero has arrived: Cutie Honey! Honey Kisaragi is an android created by Professor Kisaragi, whom also claims to be her father. However, Cutie witnesses the death of her father and she swears revenge. With a touch of her collar, she is able to disguise herself as Cutie Honey - a fearless warrior fighting for love!'",,"Cutie Honey: The Classic Collection, Cutey Honey F, Cutie Honey: Tennyo Densetsu, Cutie Honey Tai Devilman Lady, Geki-man! Cutey Honey-hen","Cutey Honey, New Cutey Honey, Cutey Honey Flash, Cutey Honey Flash: Movie, Cutie Honey Universe","Honey Kisaragi : Yui Horie, Natsuko Aki : Junko Noda, Seiji Hayami : Hideo Ishikawa, Black Claw : Yumi Touma, Cobalt Claw : Mami Kingetsu, Gold Claw : Noriko Uemura, Scarlet Claw : Hiromi Konno, Sister Jill : Kazue Ikura, Go Nagai
Original Creator, Hideaki Anno
Chief Director & Episode Director & Key Animator, Masayuki
Director, Susumu Ueda
Music, Tadashi Hiramatsu
Character Design, Hiroki Satou
Producer, Motoo Kawabata
Producer, Shin Itagaki
Key Animator","Go Nagai : Original Creator, Hideaki Anno : Chief Director & Episode Director & Key Animator, Masayuki : Director, Susumu Ueda : Music, Tadashi Hiramatsu : Character Design, Hiroki Satou : Producer, Motoo Kawabata : Producer, Shin Itagaki : Key Animator"
Dan Doh!!,,TV   ,26.0,Tokyo Kids,Spring,"Shounen, Sports, Family Friendly, Golf, Based on a Manga",3.5,2004.0,,"""Tadamichi “Dandoh” Aoba and his two friends are their baseball team's best players - but after an incident with their school principal, they are introduced to the world of golf. They are taught the sport by a former professional golfer named Shinjo Mikiyasu who believes that they can surpass even him. As Dandoh begins to play in tournaments, his friendly spirit, determination, and hard working yet competitive attitude brings out the best in the players around him and earns him many friends.""",,"Dan Doh!!, Dan Doh!! Xi, Dan Doh!! Next Generation",Shounen Sunday CM: Dan Doh!!,"Tadamichi Aoba : Yuu Kobayashi, Yuka Sunada : Aya Hirayama, Kouhei Ooike : Rie Ichita, Ichiro Ishigami : Masahito Yabe, Jiro Ishigami : Hikaru Tokita, Kengo Yokota : Tomoyuki Shimura, Kyoko Aoba : Akane Yamaguchi, Ryuuji Kazama : Junko Noda, Nobuhiro Sakata
Original Creator, Koubun Shizuno
Director, Hidetoshi Oomori
Director & Character Design, Youko Shimomura
Music, Fukashi Azuma
Producer, Shinsaku Hatta
Producer, Kazuhito Kikuchi
Episode Director & Storyboard, Mitsuko Ooya
Episode Director & Storyboard","Nobuhiro Sakata : Original Creator, Koubun Shizuno : Director, Hidetoshi Oomori : Director & Character Design, Youko Shimomura : Music, Fukashi Azuma : Producer, Shinsaku Hatta : Producer, Kazuhito Kikuchi : Episode Director & Storyboard, Mitsuko Ooya : Episode Director & Storyboard"
Origami Warriors,,TV   ,52.0,,,"Action, Adventure, Korean Animation",3.5,2004.0,,"'Origami Fighters\xa0opens when Xiao Zhe and two other children come across several pieces of paper and a book showing ways to fold them into different shapes. The material turns out to be an ancient hi-tech gadget that, when folded properly, turns into a Genie. By further contract with the Genie, the folders could transform them self into super human known as ""Origami Fighters.""'",,Zhezhi Zhanshi,,"Dae-Jin Seo, Toongi, Yeo-Rin Jeong, Yong Kwang, Dai-Kook Hyeon, Wang Ji-Cheol",
Genki! Genki! Nontan: Utaou! Christmas, Genki! Genki! Nontan: Sing! Christmas,OVA  ,1.0,POLYGON PICTURES,,"Animal Protagonists, Cats, Family Friendly, Music, Non-Human Protagonists, Based on a Picture Book, CG Animation",3.5,2004.0,,'No synopsis yet - check back soon!',,,"Nontan to Issho, Genki! Genki! Nontan, Genki! Genki! Nontan (2004), Genki! Genki! Nontan (2006), Genki! Genki! Nontan: Deka Deka Arigatou, Genki! Genki! Nontan: Spoon Tan Tan Tan",,
Galaxy Angel X,,TV   ,13.0,MADHOUSE,Summer,"Comedy, Sci Fi, Episodic, Outer Space",3.5,2004.0,,"'Milfeulle, Ranpha, Vanilla, Mint and Forte are back! And when their mission to visit a terminally ill patient takes an unexpected turn, the Angels are joined by new member Chitose Karasuma! However Chitose often causes more harm than good to the brigade, as her difficulty at making friends often results in arguments and mistrust. Forced to deal with alien doctors, annoying time bombs, proverbs becoming reality, murder mysteries and even the stress of living a monotonous lifestyle, the team continue their fun and crazy search for the mysterious lost technology.'",,"Galaxy Angel, Galaxy Angel Party, Galaxy Angel Beta, Galaxy Angel II","Galaxy Angel, Galaxy Angel Z, Galaxy Angel Z Special, Galaxy Angel A, Galaxy Angel S, Galaxy Angel A Specials, Galaxy Angel Rune","Forte Stollen : Mayumi Yamaguchi, Milfeulle Sakuraba : Ryouko Shintani, Mint Blancmanche : Miyuki Sawashiro, Ranpha Franboise : Yukari Tamura, Vanilla H : Mika Kanai, Chitose Karasuma : Saori Gotou, Cocomo Peirot : Yuuko Sanpei, Huey Volcott : Keiji Fujiwara, Shigehito Takayanagi
Director, Masumi Itou
Music, Mariko Fujita
Character Design","Shigehito Takayanagi : Director, Masumi Itou : Music, Mariko Fujita : Character Design"
Dead Leaves,,Movie,,Production I.G,,"Action, Comedy, Abstract, Crude, Prison, Original Work, Mature Themes,, Nudity,, Physical Abuse,, Sexual Content,, Violence",3.49,2004.0,,"""For Pandy and Retro, waking up naked with amnesia wasn't the high point of their day. While going on a crime spree, the duo are captured and sent to the infamous Dead Leaves, a notorious prison where the baddest of the bad are sent. Using the bathroom is a chore, eating is force fed and escape seems impossible -- but is it? Join Pandy, Retro, the drill endowed Chinko Drill and a gang of inmates as they plot their escape from the hell that is Dead Leaves!""","Mature Themes,, Nudity,, Physical Abuse,, Sexual Content,, Violence",,,"Pandy : Takako Honda, Retro : Kappei Yamaguchi, 666 : Mitsuo Iwata, 777 : Kiyoyuki Yanada, Chinko Drill : Nobuo Tobita, Dr. Yabu : Wataru Takagi, Galactica : Yuuko Mizutani, Hiroyuki Imaishi
Director & Character Design, Daisuke Asakura
Music, Katsuji Morishita
Producer, Shin Itagaki
Key Animator, Shouko Nakamura
Key Animator, Fumi Morita
Key Animator","Hiroyuki Imaishi : Director & Character Design, Daisuke Asakura : Music, Katsuji Morishita : Producer, Shin Itagaki : Key Animator, Shouko Nakamura : Key Animator, Fumi Morita : Key Animator"
Haruka: Beyond the Stream of Time – A Tale of the Eight Guardians, Harukanaru Toki no Naka de ~Hachiyou Shou~,TV   ,26.0,Yumeta Company,Fall ,"Fantasy, Reverse Harem, Isekai, Person in a Strange World, Based on an Otome Game, Based on a Visual Novel",3.49,2004.0,2005.0,"'After their protector gods are stolen, a high school girl named Akane descends from the skies to the people of Kyou. She has within her the power of the Dragon God and is welcomed as a savior; but has she come to save Kyou, or destroy it? While she struggles to control her power, her demon summoner works behind the scenes to use her as a tool of vengeance. To make matters worse, the 8 Hachiyou who would defend her have not yet been fully gathered. Even as they come to Akane’s side, they must first fight their own demons before they can help her return Kyou’s gods…'",,"Haruka: Beyond the Stream of Time, Harukanaru Toki no Naka de 4, Harukanaru Toki no Naka de 5","Harukanaru Toki no Naka de ~Ajisai Yumegatari~, Harukanaru Toki no Naka de 2: Shiroki Ryuu no Miko, Harukanaru Toki no Naka de: Character Endings, Harukanaru Toki no Naka de ~Hachiyou Shou~ OVA, Harukanaru Toki no Naka de ~Maihitoyo~, Harukanaru Toki no Naka de 3: Kurenai no Tsuki, Harukanaru Toki no Naka de 3: Onsen Chibi Special, Harukanaru Toki no Naka de 3: Owari Naki Unmei","Abe No Yasuaki : Akira Ishida, Akane Motomiya : Tomoko Kawakami, Akuram : Ryotaro Okiayu, Eisen : Souichirou Hoshi, Fujiwara No Takamichi : Shigeru Nakahara, Inori : Naozumi Takahashi, Minamoto No Yorihisa : Shinichirou Miki, Shimon Nagareyama : Kouki Miyata, Tooko Mizuno
Original Creator, Aki Tsunaki
Director, Kenichi Oonuki
Character Design, Kyouko Kotani
Character Design, Masumi Itou
Song Composition","Tooko Mizuno : Original Creator, Aki Tsunaki : Director, Kenichi Oonuki : Character Design, Kyouko Kotani : Character Design, Masumi Itou : Song Composition"
Ichigo 100% - Jump Festa 2004,"Alt titles: Ichigo 100% - Koi ga Hajimaru?! Satsuei Gasshuku - Yureru Kokoro ga Higashi e Nishi e, Strawberry 100%: A New Love?! Film Trip: The Heart Sways from East to West",Other,,MADHOUSE,,"Comedy, Ecchi, Romance, Shounen, Panty Shots, Based on a Manga",3.49,2004.0,,"'Waking from a nightmare involving his beautiful female friends, Junpei only finds his day is about to get much, much worse. With the film club’s script finally being ready, the group travel to a cabin in the forest to make their movie. As he’s easily distracted from his scripted lines, Junpei is ordered to go meet Aya at the train station – but a freak thunderstorm forces the young couple to take shelter in an abandoned house. They’re soaking wet, and the only solution is to remove all of their clothing and wait for the rain to stop. Can Junpei keep his cool and his boxers on, especially as all the panty-clad Aya wants is to huddle closer to stay warm?'",,Strawberry 100%,"Ichigo 100%, Ichigo 100% OVA, Ichigo 100% Special","Aya Toujou : Mamiko Noto, Junpei Manaka, Satsuki Kitaoji, Tsukasa Nishino, Yui Minamito, Misuzu Sotomura, Rikiya Komiyama, Mizuki Kawashita
Original Creator",Mizuki Kawashita : Original Creator
Koi Kaze,,TV   ,13.0,A.C.G.T,Spring,"Drama, Romance, Seinen, Age Gap, Salaryman, Siblings, Based on a Manga, Incest,, Mature Themes,, Sexual Content",3.48,2004.0,,"'If life teaches us anything, it is that love sometimes happens in the most unlikely of places, with the most unlikely of people. Koshiro is a run-of-the-mill salaryman who has recently been dumped by his partner. With his heart broken and hope lost, he soon comes to realize that he can love again, once he sets eyes on a beautiful young schoolgirl riding the train. However, there is one catch -- this girl named Nanoka is his sister, who he has not seen in years. Knowing that their forbidden love will always be scrutinized by society; will Koushirou and Nanoka be able to resist the temptation?'","Incest,, Mature Themes,, Sexual Content",Koi Kaze,,"Koshiro Saeki : Kenta Miyake, Nanoka Kohinata : Yuki Nakamura, Futaba Anzai : Satomi Akesaka, Kaname Chidori : Akemi Okamura, Shoko Akimoto : Ryouka Yuzuki, Zenzo Saeki : Ryouichi Tanaka, Kazuya Miyauchi : Johnny Yong Bosch, Kazuyuki Asano : Darrel Guilbeau, Motoi Yoshida
Original Creator, Takahiro Oomori
Director, Makoto Yoshimori
Music, Masanori Takumi
Music, Takahiro Kishida
Character Design, Yoshikazu Iwanami
Sound Director, Takatsugu Kobayashi
Episode Director & Storyboard, Kensuke Ishikawa
Animation Director","Motoi Yoshida : Original Creator, Takahiro Oomori : Director, Makoto Yoshimori : Music, Masanori Takumi : Music, Takahiro Kishida : Character Design, Yoshikazu Iwanami : Sound Director, Takatsugu Kobayashi : Episode Director & Storyboard, Kensuke Ishikawa : Animation Director"
Monster Extra,,TV Sp,,MADHOUSE,,"Doctors, Europe, Germany, Medical, Recap, Based on a Manga",3.48,2004.0,,'A recap episode that covers\xa0episode 1-17 of Monster.',,"Monster, Mou Hitotsu no Monster: The Investigative Report (Light Novel)",Monster,"Johan Liebert, Kenzo Tenma, Dieter, Eva Heinemann, Heinrich Lunge, Nina Fortner, Naoki Urasawa
Original Creator, Kuniaki Haishima
Music, Shigeru Fujita
Character Design","Naoki Urasawa : Original Creator, Kuniaki Haishima : Music, Shigeru Fujita : Character Design"
Monkey Turn V,,TV   ,25.0,OLM,Summer,"Action, Sports, Racing, Based on a Manga",3.47,2004.0,,"""It took a little longer than he had hoped, but Kenji Hatano managed to become the #1 kyotei racer in Japan, after winning his first SG Championship. His career is still young, though, and now he has others who want similar glory, like his old Yamato Academy classmates & new racers he's never gone up against before. However, a freak accident during a race results in his left hand & wrist getting cut open by a propeller, which could very well end his career right as it truly started.""",,,Monkey Turn,"Sumi Ugokata, Katsutoshi Kawai
Original Creator, Katsuhito Akiyama
Director, Atsushi Okuda
Character Design, Jun Fukuta
Episode Director, Ryuichi Kimura
Episode Director & Storyboard","Katsutoshi Kawai : Original Creator, Katsuhito Akiyama : Director, Atsushi Okuda : Character Design, Jun Fukuta : Episode Director, Ryuichi Kimura : Episode Director & Storyboard"
Stratos 4 OVA, Stratos 4: Return to Base,OVA  ,2.0,Studio Fantasia,,"Sci Fi, Aviation, Military, Original Work",3.47,2004.0,,"'After successfully returning to Earth on the renovated Stratos 4, the four Meteor Sweeper girls are visited by Comet Blasters Chizuru Kubo and Annette Kerry, who brought with them a shocking video. Meanwhile, Orbital Station 7 is having serious problems...'",,,"Stratos 4, Stratos 4 OVA: Stratos 4.1 - Dutch Roll, Stratos 4 Advance, Stratos 4: Logbook, Stratos 4 Advance: Kanketsu-hen","Ayamo Nakamura : Shiho Kikuchi, Karin Kikuhara : Fumiko Orikasa, Mikaze Honjou : Yumi Kakazu, Shizuha Doi : Kaori Shimizu, Annette Kerry : Megumi Toyoguchi, Chizuru Kubo : Akiko Hiramatsu, Kazuma Iwasaki : Kouji Tsujitani, Kei Fujitani : Tomokazu Seki, Takeshi Mori
Director, Masamichi Amano
Music, Noriyasu Yamauchi
Character Design, Hiroaki Matsuura
Cg Director, Kengo Shigemura
Editor","Takeshi Mori : Director, Masamichi Amano : Music, Noriyasu Yamauchi : Character Design, Hiroaki Matsuura : Cg Director, Kengo Shigemura : Editor"
Blade of the Phantom Master, Shin Angyo Onshi,Movie,,OLM,,"Action, Fantasy, Magic",3.46,2004.0,,"'Munsu is an Angyou Onshi - an arbiter for the country of Jushin. Fighting evil is all he knows, but since Jushin has recently collapsed, what is he fighting for? Wandering from place to place, Munsu finds himself battling those who would further destabilize the country, whether they be arms dealers, smugglers, tyrants, or necromancers. Accompanied by a female warrior named Chunhyan and able to call upon the strength of a ghostly legion with his Angyou Onshi powers, Munsu sets out to help those who are willing to take a step towards helping themselves, and bring justice against all that is evil in the world.'",,"Shin Angyo Onshi, Shin Angyo Onshi Gaiden",,"Munsu : Keiji Fujiwara, Sando : Sanae Kobayashi, Byon : Ryuusei Nakao, Jyun : Jun Fukushima, Mari : Romi Park, Yuite : Mitsuru Miyamoto, Arms Smuggler : Chris Ayres, Desert Bat : Samantha Inoue-Harte, Jouji Shimura
Director, Kow Otani
Music, Hideki Takahashi
Character Design, Shichirou Kobayashi
Art Director, Kazuhiko Yusa
Producer, Takatsugu Kobayashi
Episode Director","Jouji Shimura : Director, Kow Otani : Music, Hideki Takahashi : Character Design, Shichirou Kobayashi : Art Director, Kazuhiko Yusa : Producer, Takatsugu Kobayashi : Episode Director"
Fafner, Soukyuu no Fafner: Dead Aggressor,TV   ,25.0,XEBEC,Summer,"Action, Mecha, Sci Fi, Aliens, Post-apocalyptic, Psychological",3.46,2004.0,,"'""Are you there?"" This is the question that the aliens always demand before they attack. The quiet island of Tatsumiyajima is secretly the last line of defense against mysterious invaders. In a quiet and rustic villiage, children were raised without any knowlege that they were born to pilot the Fafnirs, giant robotic war machines of terrible powers that are the only thing that can defend all they hold dear.These children\'s struggles will be the only thing that can hold off an enemy that attacks both our bodies and our sense of identity...'",,"Fafner: Dead Aggressor, Fafner: Dead Aggressor (Light Novel), Soukyuu no Fafner: Dead Aggressor","Fafner: Behind the Line, Fafner: Arcadian Memory, Fafner: Right of Left, Fafner: Heaven and Earth, Fafner Exodus, Fafner Exodus 2nd Season, Fafner: The Beyond","Kazuki Makabe : Makoto Ishii, Maya Toomi : Marika Matsumoto, Soushi Minashiro : Kohei Kiyasu, Canon Memphis : Sanae Kobayashi, Chizuru Toomi : Emi Shinohara, Fumihiko Makabe : Masahiko Tanaka, Kenji Kondou : Minoru Shiraishi, Kyousuke Mizoguchi : Takaya Hashi, Nobuyoshi Habara
Director, Tsuneyoshi Saito
Music, Hisashi Hirai
Character Design, Gou Nakanishi
Producer, Takatoshi Chino
Producer, Takashi Noto
Producer, Toshimasa Suzuki
Episode Director & Storyboard","Nobuyoshi Habara : Director, Tsuneyoshi Saito : Music, Hisashi Hirai : Character Design, Gou Nakanishi : Producer, Takatoshi Chino : Producer, Takashi Noto : Producer, Toshimasa Suzuki : Episode Director & Storyboard"
Dai Yamato Zero-gou,,OVA  ,5.0,JCF,,"Sci Fi, Leijiverse, Military, Outer Space, Original Work",3.46,2004.0,2007.0,'No synopsis yet - check back soon!',,,"Star Blazers: The Quest for Iscandar, Star Blazers: The Bolar Wars","Oki Shima : Daisuke Namikawa, Souji Ozuma : Isao Sasaki, Apollonia : Romi Park, Byakusetsu : Mariko Suzuki, Cain : Umeka Shouji, Dai Ozuma : Hidemi Anzai, Denzel Spear : Kenichi Morozumi, Ganon Guyler : Taiten Kusunoki, Leiji Matsumoto
Original Creator, Tomoharu Katsumata
Director, Hiroshi Miyagawa
Music, Keisuke Masunaga
Character Design","Leiji Matsumoto : Original Creator, Tomoharu Katsumata : Director, Hiroshi Miyagawa : Music, Keisuke Masunaga : Character Design"
Hanaukyo Maid Team: La Verite, Hanaukyou Maid Tai: La Verite,TV   ,12.0,Daume,Spring,"Comedy, Ecchi, Harem, Shounen, Maids, Mansion, Based on a Manga, Nudity",3.45,2004.0,,"'After the death of his mother, young Taro Hanaukyo has no choice but to leave his home and live with his grandfather. Along the way, however, Taro is approached by his grandfather’s personal maid and told that he has not only left the mansion, but that he has also declared Taro the president of the Hanaukyo family. As the president of such a prestigious family, our hero now has many challenges to face; from endless paperwork to even fending off the advances of Jihiyou Ryuuka, a woman after one thing: his hand in marriage!'",Nudity,Hanaukyo Maid Team,"Hanaukyo Maid Team, Hanaukyo Maid Team OVA","Mariel : Rie Tanaka, Taro Hanaukyo : Yuki Kaida, Cynthia Landlavizar, Grace Landlavizar : Tomoko Kaneda, Ikuyo Suzuki : Moyu Arishima, Konoe Tsurugi : Akiko Hiramatsu, Lemon : Kozue Yoshizumi, Maron : Mai Kadowaki, Morishige
Original Creator, Takuya Nonaka
Director, Michiru Ooshima
Music, Takaharu Ookuma
Character Design, Junichi Watanabe
Photography Director, Keiko Shibuya
Color Design, Hiroyuki Oomori
Producer, Hiroshi Ishida
Producer","Morishige : Original Creator, Takuya Nonaka : Director, Michiru Ooshima : Music, Takaharu Ookuma : Character Design, Junichi Watanabe : Photography Director, Keiko Shibuya : Color Design, Hiroyuki Oomori : Producer, Hiroshi Ishida : Producer"
Kaiketsu Zorori,,TV   ,52.0,Ajia-do,Winter,"Adventure, Comedy, Animal Protagonists, Anthropomorphic, Family Friendly, Non-Human Protagonists, Pigs, Based on a Picture Book",3.45,2004.0,2005.0,"""Zorori the fox is on a quest to become a notorious villain, famous for his mischief! Along with the twin boar bandits Ishishi and Noshishi, Zorori travels from town to town, always on the prowl for adventure. From saving babies to rescuing damsels in distress, there's nothing Zorori can't accidentally help with! Join Zorori as he builds a reputation and works towards making his late mother proud.""",,,"Kaiketsu Zorori (1989), Kaiketsu Zorori (1993), Kaiketsu Zorori no Kyoufu no Hanayome Sakusen, Majime ni Fumajime Kaiketsu Zorori, Majime ni Fumajime Kaiketsu Zorori: Nazo no Otakara Daisakusen, Majime ni Fumajime Kaiketsu Zorori: Uchuu Tanken Daisakusen, Kaiketsu Zorori Movie 1: Da-Da-Da-Daibouken!, Kaiketsu Zorori Movie 2: Mamoru ze! Kyouryuu no Tamago, Kaiketsu Zorori Movie 3: Uchuu no Yuusha-tachi, Kaiketsu Zorori Movie 4: ZZ no Himitsu","Ishishi : Rikako Aikawa, Noshishi : Motoko Kumai, Zorori : Kouichi Yamadera, Arthur : Souichirou Hoshi, Chun : Koichi Sakaguchi, Colette : Akiko Kawase, Dalmanian : Kenji Utsumi, Dracula : Keiji Fujiwara, Hiroshi Nishikiori
Director, Mayori Sekijima
Series Composition, Kouhei Tanaka
Music, Hideyuki Funakoshi
Character Design, Kazuhiko Ikeguchi
Producer, Kenichi Kawamoto
Producer, Masahiro Okamura
Producer","Hiroshi Nishikiori : Director, Mayori Sekijima : Series Composition, Kouhei Tanaka : Music, Hideyuki Funakoshi : Character Design, Kazuhiko Ikeguchi : Producer, Kenichi Kawamoto : Producer, Masahiro Okamura : Producer"
Astro Boy: Getsumen Kichi - Kieta Robot no Nazo, Astro Boy: Tetsuwan Atom - Getsumen Kichi - Kieta Robot no Nazo,Other,,,,"Sci Fi, Shounen, Androids, Family Friendly, Non-Human Protagonists, Outer Space, Robots, Superheroes",3.45,2004.0,,'No synopsis yet - check back soon!',,,Astro Boy (2003),Astro,
Tweeny Witches, Mahou Shoujo Tai Arusu,TV   ,40.0,Studio 4°C,Spring,"Fantasy, Isekai, Magic, Person in a Strange World, Short Episodes, Witches, Original Work",3.45,2004.0,2005.0,"'Alice is a preteen girl who believes in magic, much to the dismay of her parents and peers. But when she finds herself transported into a dreamlike world filled with magic, forest sprites, and witches, she finds out that magic is sometimes not all it’s cracked up to be. The witches of this world must capture forest sprites for use in casting their spells, and magical hierarchy dictates that those at the bottom must compete to get to the top. Dream or not, Alice must use her positive attitude to show these witches that magic should be used to spread happiness, first and foremost!'",,,Tweeny Witches: The Adventures,"Alice : Sachiko Kojima, Eva : Ryou Hirohashi, Sheila : Houko Kuwashima, Atelia : Atsuko Tanaka, Grande : Jouji Nakata, Lennon : Yuuki Tai, Luca :  Kyle Hebert, Sigma : Hiroyuki Yoshino, Yoshiharu Ashino
Director, Tamiya Terashima
Music, Daisuke Nakayama
Character Design, Shinsaku Tanaka
Producer, Rika Tsuruzaki
Producer, Hiroyuki Hattori
Producer","Yoshiharu Ashino : Director, Tamiya Terashima : Music, Daisuke Nakayama : Character Design, Shinsaku Tanaka : Producer, Rika Tsuruzaki : Producer, Hiroyuki Hattori : Producer"
Galaxy Angel A Specials,,DVD S,,MADHOUSE,,Comedy,3.45,2004.0,2006.0,"'It’s the day of the Fly Chicken Boy Contest and the Angel Brigade have made a bet with the Twin Stars over who will fly the furthest – and the next year’s budget is at stake. However, when Milfeuille and Vanilla are late with their human-powered plane, it’s up to Colonel Volcott to don a chicken suit and stall for time. Then, when Forte eats Milfeuille’s extra-special manjuu, the girls work out a special punishment for her. Now Forte must go on vacation at the Malraux Resort Planet, pick up a random guy at each tourist location and take a photo with him while wearing a frilly pink dress; but can the gun-toting tomboy really find a way to complete her mission?'",,"Galaxy Angel, Galaxy Angel Party, Galaxy Angel Beta, Galaxy Angel II","Galaxy Angel, Galaxy Angel Z, Galaxy Angel Z Special, Galaxy Angel A, Galaxy Angel S, Galaxy Angel X, Galaxy Angel Rune","Forte Stollen : Mayumi Yamaguchi, Milfeulle Sakuraba : Ryouko Shintani, Mint Blancmanche : Miyuki Sawashiro, Normad : Mika Kanai, Ranpha Franboise : Yukari Tamura, Vanilla H : Mika Kanai, Cocomo Peirot : Yuuko Sanpei, Huey Volcott : Keiji Fujiwara, Masumi Itou
Music, Mariko Fujita
Character Design","Masumi Itou : Music, Mariko Fujita : Character Design"
Animation Runner Kuromi 2, Animation Seisaku Shinkou Kuromi-chan 2,OVA  ,1.0,Yumeta Company,,"Comedy, Anime Industry, Coworkers, Otaku Culture, Parody, Work Life, Original Work",3.44,2004.0,,"""It has been three months since the completion of Time's Journey 2, and Kuromi and her staff have new challenges on the horizon: THREE shows to prepare! With morale at an all-time low and the frames not coming in, Takashimadaira, a veteran producer (and a bit of a slave driver) is called to the scene for the emergency at hand. Can the crew pull it together under the stress of their newfound leader's supervision, or are the new series simply destined to fail? Failure is not an option with Kuromi on the job!""",,,Animation Runner Kuromi,"Mikiko Oguro : Kaori Asou, Aoi Fukami : Akemi Okamura, Hamako Shihonmatsu : Reiko Yasuhara, Hassaku Hozumi : Yoshirou Matsumoto, Mai Horaguchi : Mayumi Misawa, Mizuho Tanonaka : Eiji Itou, Rei Takashimadaira : Kouji Ishii, Seiichiro Haryu : Kazuya Ichijo, Akitarou Daichi
Director, Toshio Masuda
Music, Hajime Watanabe
Character Design, Akira Yamaguchi
Producer","Akitarou Daichi : Director, Toshio Masuda : Music, Hajime Watanabe : Character Design, Akira Yamaguchi : Producer"
Tales of Phantasia,,OVA  ,4.0,Actas,,"Action, Adventure, Fantasy, Magic, Swordplay, Based on a Video Game",3.44,2004.0,2006.0,"'Ten years after the evil lord Dhaos was sealed away, preventing him from invading Aselia, he has been set free by his loyal minions. His goal is to take control of the mana tree. With powerful sorcerers falling by the wayside, it seems that no one can stop Dhaos – that is, no one except a group of teenagers who must travel to the past to prevent Dhaos from being reborn! Now, Cless, Mint and Chester must find a way to save humanity and defeat Dhaos, just as their parents did before them.'",,Tales of Phantasia,"Tales of Eternia, Tales of Symphonia the Animation: Sylvarant Episode, Tales of the Abyss, Tales of Vesperia ~The First Strike~, Tales of the Rays: Mirrage Prison OP, Tales of Puppet","Arche Klaine : Mika Kanai, Chester Burklight : Kentarou Itou, Claus F. Lester : Kazuhiko Inoue, Cress Albane : Takeshi Kusao, Mint Adenade : Junko Iwao, Dhaos : Toshiyuki Morikawa, Suzu Fujibayashi : Taeko Kawata, Sylph : Yumiko Nakajima, Shinjirou Mogi
Director, Takuo Tominaga
Director, Kimio Nomura
Music, Tokuyuki Matsutake
Character Design, Makoto Nakamura
Producer","Shinjirou Mogi : Director, Takuo Tominaga : Director, Kimio Nomura : Music, Tokuyuki Matsutake : Character Design, Makoto Nakamura : Producer"
Sore Ike! Zukkoke Sannin-gumi,,TV   ,26.0,Nippon Animation,Spring,"Comedy, Family Friendly, Based on a Novel",3.44,2004.0,,"""Ryohei Hachiya wants nothing more than to be famous, so he and his friends Sankichi and Shotaro devise a scheme: they'll investigate crimes around the city and interview potential witnesses and suspects, and turn over all of the evidence to the TV station! Along with three other girls from their elementary school, Keiko, Yoko and Yumiko, the trio will work towards Ryohei's dream of getting\xa0his ten\xa0minutes of fame.""",,,"Zukkoke Sannin-gumi: Zukkoke Jikuu Bouken, Zukkoke Sannin-gumi: Kusunoki Yashiki no Guruguru-sama, Zukkoke Sannin-gumi no Hi Asobi Boushi Daisakusen, Zukkoke Sannin-gumi no Koutsuu Anzen, Zukkoke Sannin-gumi no Bousai Kyoushitsu, Zukkoke Sannin-gumi no Jitensha Kyoushitsu","Ryohei Hachiya : Urara Takano, Sankichi Okuda : Satoshi Tsuruoka, Shotaro Yamanaka : Sachi Matsumoto, Kappei Hachiya : Kazuya Nakai, Keiko Andou : Chisa Yokoyama, Taeko Okuda : Wasabi Mizuta, Yoko Arai : Hiromi Konno, Yone Hachiya : Naomi Shindou, Shigeo Koshi
Director, Yasuharu Takanashi
Music, Shinya Takahashi
Character Design, Hiroyuki Hayase
Sound Director, Toshio Nakatani
Producer, Matsumi Tanaka
Producer, Norio Yamakawa
Producer","Shigeo Koshi : Director, Yasuharu Takanashi : Music, Shinya Takahashi : Character Design, Hiroyuki Hayase : Sound Director, Toshio Nakatani : Producer, Matsumi Tanaka : Producer, Norio Yamakawa : Producer"
Genki! Genki! Nontan (2004),,TV   ,10.0,POLYGON PICTURES,,"Animal Protagonists, Cats, Family Friendly, Music, Non-Human Protagonists, Short Episodes, Based on a Picture Book, CG Animation",3.44,2004.0,,'Sequel to\xa0Genki Genki Nontan.',,,"Nontan to Issho, Genki! Genki! Nontan, Genki! Genki! Nontan: Utaou! Christmas, Genki! Genki! Nontan (2006), Genki! Genki! Nontan: Deka Deka Arigatou, Genki! Genki! Nontan: Spoon Tan Tan Tan","Yutaka Kagawa
Director, Toshihiko Sahashi
Music","Yutaka Kagawa : Director, Toshihiko Sahashi : Music"
This Ugly Yet Beautiful World, Kono Minikuku mo Utsukushii Sekai,TV   ,12.0,GAINAX,Spring,"Action, Romance, Sci Fi, Environmental, Sudden Girlfriend Appearance, Original Work, Nudity",3.44,2004.0,,"'One day a light descends from the sky and splits into the ideal girls of Takeru and Ryou. That is where this gentle and vaguely romantic story about our ugly and beautiful world begins. Soon enough the story plummets into the secrets of global extinction and the meaning of life. Everything in this world that is beautiful has something ugly in it, and that ugliness is part of the secret of its beauty. Even for romance this is true...'",Nudity,This Ugly Yet Beautiful World,,"Hikari : Ayako Kawasumi, Takeru Takemoto : Takahiro Mizushima, Akari : Ai Shimizu, Amika Kurebayashi : Yumi Kikuchi, Daijirou Matsumura : Hideki Ogihara, Ioneous : Keiichi Noda, Jennifer Portman : Yumi Takada, Kimi Ninomiya : Megu Ashiro, Shouji Saeki
Director & Ed Director & Episode Director & Screenplay & Series Composition & Storyboard, Takeshi Watanabe
Music, Kazuhiro Takamura
Character Design, Tsuguo Kozawa
Photography Director, Hitoshi Hibino
Color Design, Yoshikazu Iwanami
Sound Director, Hiroki Satou
Producer, Yuuichi Sekido
Producer","Shouji Saeki : Director & Ed Director & Episode Director & Screenplay & Series Composition & Storyboard, Takeshi Watanabe : Music, Kazuhiro Takamura : Character Design, Tsuguo Kozawa : Photography Director, Hitoshi Hibino : Color Design, Yoshikazu Iwanami : Sound Director, Hiroki Satou : Producer, Yuuichi Sekido : Producer"
Madlax,,TV   ,26.0,BEE TRAIN,Spring,"Mystery, Assassins, Guns, Political, War, Original Work",3.44,2004.0,,"'The country of Gazth-Sonika has been engaged in a civil war for more than a decade, struggling to stay afloat amidst attacks from the anti-government faction known as Garza. With lies and corruption seeping into the political food chain, a mysterious book in one young girl’s possession may be the only key to uncovering the truth and bringing an end to the war. This book, however, is sought by many. And when the invincible agent Madlax is hired to protect those in search of its truth, Gazth-Sonika dispatches a ruthless soldier to make sure that truth stays in the darkness...'",,Tabisuru Shoujo to Shakunetsu Kuni (Light Novel),,"Madlax : Sanae Kobayashi, Margaret Burton : Houko Kuwashima, Vanessa Rene : Satsuki Yukino, Carrossea Doon : Toshiyuki Morikawa, Elenore Baker : Ai Uchikawa, Friday Monday : Masashi Ebara, Limelda Jorg : Aya Hisakawa, Ains, Kouichi Mashimo
Director, Yuki Kajiura
Music, Minako Shiba
Character Design, Satoko Miyachi
Character Design, Satoshi Ohsawa
Character Design, Yoshimi Umino
Art Director, Shigeru Kitayama
Producer, Tatsuya Hamamoto
Producer","Kouichi Mashimo : Director, Yuki Kajiura : Music, Minako Shiba : Character Design, Satoko Miyachi : Character Design, Satoshi Ohsawa : Character Design, Yoshimi Umino : Art Director, Shigeru Kitayama : Producer, Tatsuya Hamamoto : Producer"
Chii-chan to Hige Ojisan,,TV   ,10.0,,,"Slice of Life, Animal Protagonists, Family Friendly, Non-Human Protagonists, Short Episodes, Stop Motion Animation",3.43,2004.0,2010.0,'No synopsis yet - check back soon!',,,,,
Mirage of Blaze: Rebels of the River Edge, Honoo no Shinkirou: Minagiwa no Hangyakusha,OVA  ,3.0,MADHOUSE,,"BL, Shounen-ai, Samurai, Supernatural, Based on a Light Novel",3.43,2004.0,,"'For Takaya Ougi, exorcising vengeful spirits has become an everyday occurrence. Things change when he is sent to Kyoto to investigate the re-awakening of the Ikko sect and their leader, Araki, who deserted the clan hundreds of years ago. He meets up with his servant, Haruie, and they learn that several clans have rallied together and are seeking a mandala made up of the hair of deceased soldiers and the spirit of Araki. Takaya, along with his fellow possessors, Naoe and Hariue, must keep the mandala from falling into the other clan’s hands and exorcise the spirits possessing the mandala. Hariue must also exorcise Akari to keep him from the enemy, but hesitates because he resembles her lover from two hundred years ago. With Haruie’s conflicting emotions and the explosive relationship between Takaya and Naoe, will they be successful at defeating their latest threat or will they be each other’s downfall?'",,"Honoo no Mirage (Light Novel), Honoo no Mirage: Bakumatsu-hen (Light Novel), Honoo no Mirage: Showa-hen (Light Novel)",Mirage of Blaze,"Nobutsuna Naoe : Shou Hayami, Takaya Ohgi : Toshihiko Seki, Agi : Naoki Tatsuta, Araki Murashige : Hozumi Gouda, Ayako Kadowaki : Sakiko Tamagawa, Dashi : Atsuko Tanaka, Kisho : Toshiyuki Morikawa, Rairen Shimozuna : Hiroki Touchi, Fumie Muroi
Director & Character Design, Kouichirou Kameyama
Music, Yumiko Masujima
Producer","Fumie Muroi : Director & Character Design, Kouichirou Kameyama : Music, Yumiko Masujima : Producer"
Pokemon Movie 7: Destiny Deoxys, Pokemon Movie 7: Rekkuu no Houmonsha Deoxys,Movie,,OLM,,"Adventure, Fantasy, Shounen, Elemental Powers, Family Friendly, Monsters, Based on a Video Game",3.43,2004.0,,"'Four years ago, a meteorite crashed to Earth carrying an otherworldly new Pokemon type. Named Deoxys by the local research team, the strange new foe was quickly attacked by the dragon-like Rayquaza Pokemon out of territorial aggression, and ultimately vanished into the sea. Now, in the present, Ash, Brock and the gang have arrived at the technologically advanced city of Larousse to win more battles and have a good time; but danger is afoot! After meeting Tory, a boy who is terrified of Pokemon, the gang soon discover that Deoxys is back, and angry as ever. In a race against time, Ash and his friends must try to prevent another Deoxys and Rayquaza battle that threatens the very city itself!'",,"Pokemon: The Electric Tale of Pikachu, Pokémon Adventures, Magical Pokemon Journey, Pokemon Getto da ze!, Pokémon: Diamond and Pearl Adventure!, Pokemon Mystery Dungeon: Ginji's Rescue Team, Pokemon Ranger, Pokemon Ranger and the Temple of the Sea, Pokemon: The Rise of Darkrai, Pokemon Ranger Batonnage, Kaitou! Pokemon 7, Pokemon: Giratina & the Sky Warrior!, Pokémon: Arceus and the Jewel of Life, Pokemon ReBURST, Pokemon the Movie: White - Victini and Zekrom, Pokemon + Nobunaga no Yabou - Ranse Iroemaki, Pokémon: Diancie and the Cocoon of Destruction, Pokémon: Omega Ruby & Alpha Sapphire, Pokemon the Movie: Hoopa and the Clash of Ages, Pokemon the Movie XY&Z: Volcanion to Karakuri no Magiana, Pokemon Horizon: Sun & Moon, Pokémon: Sun & Moon, Pokémon the Movie: I Choose You!","Pokemon Advanced, Pokemon: Pichu Bros. in Party Panic, Pokemon: Gotta Dance!, Pokemon Movie 6: Jirachi Wish Maker, Pokemon: Pikachu's Summer Festival, Pokemon Movie 8: Lucario and The Mystery of Mew, Pokemon: Pikachu's Ghost Carnival, Pokemon Movie 9: Pokemon Ranger and the Temple of the Sea, Pokemon: Pikachu's Island Adventure, Pokemon: Diamond & Pearl, Pokemon Movie 10: The Rise of Darkrai, Pokemon: Pikachu Tanken Club, Pokemon Mystery Dungeon: Explorers of Time and Darkness, Pokemon Movie 11: Giratina and the Sky Warrior, Pokemon: Pikachu's Great Ice Adventure, Pokemon Movie 12: Arceus and the Jewel of Life, Pokemon: Pikachu's Great Sparking Search, Pokemon Movie 13: Zoroark - Master of Illusions, Pokemon: Pikachu's Big Mysterious Adventure, Pokemon: Black & White, Pokemon Movie 14: Black - Victini and Reshiram, Pokemon Movie 14: White - Victini and Zekrom, Pokemon Black Version 2 and White Version 2, Pokemon: Black & White - Rival Destinies, Pokemon: Utae Meloetta - Rinka no Mi wo Sagase!, Pokemon Movie 15: Kyurem vs. The Sword of Justice, Pokemon: Meloetta's Moonlight Serenade, Pokemon: Black & White: Adventures in Unova, Pokemon: Black & White: Adventures in Unova and Beyond, Pokemon: Mewtwo - Prologue to Awakening, Pokemon: Eevee and Friends, Pokemon XY Special: Road to Kalos, Pokemon XY: Mega Evolution, Pokemon XY: Sora no Hahen, Pokemon: Diancie, Princess of the Diamond Domain, Pokemon Movie 17: Diancie and the Cocoon of Destruction, Pokemon: Hoopa, The Mischief Pokemon","Ash Ketchum : Rica Matsumoto, Ash'S Pikachu : Ikue Ootani, Brock : Yuuji Ueda, Deoxys : Susumu Chiba, Max : Fushigi Yamada, May : Kaori., Tory Lund : Noriko Hidaka, Audrey : Nana Mizuki, Kunihiko Yuyama
Director, Shinji Miyazaki
Music, Sayuri Ichiishi
Character Design, Norihiro Matsubara
Character Design, Kazuaki Mouri
Character Design, Chouji Yoshikawa
Producer, Takemoto Mori
Producer, Yukako Matsusako
Producer","Kunihiko Yuyama : Director, Shinji Miyazaki : Music, Sayuri Ichiishi : Character Design, Norihiro Matsubara : Character Design, Kazuaki Mouri : Character Design, Chouji Yoshikawa : Producer, Takemoto Mori : Producer, Yukako Matsusako : Producer"
Chibits,,TV Sp,,MADHOUSE,,"Comedy, Androids, Non-Human Protagonists, Robots",3.43,2004.0,,"'As Sumomo berates Kotoko for not getting into her morning exercises, Hideo leaves for college but manages to leave his wallet behind. After sending Chii out in a schoolgirl outfit to deliver the wallet, the ever-lively Sumomo realizes that something is wrong… Chii has left her panties behind! Now in a fit of panic the two teeny androids must find a way to escape the house and reach Chii before any rogue gusts of wind expose her naked truth.'",,Chobits,"Chobits, Chobits: Hibiya and Kotoko Chat","Kotoko : Yukana, Sumomo : Motoko Kumai, Chii : Kaori Nazuka, Hideki Motosuwa : Tomokazu Sugita, Clamp
Original Creator, Morio Asaka
Director, Hisashi Abe
Character Design","Clamp : Original Creator, Morio Asaka : Director, Hisashi Abe : Character Design"
DearS,,TV   ,12.0,Daume,Summer,"Comedy, Ecchi, Harem, Sci Fi, Shounen, Aliens, Sudden Girlfriend Appearance, Based on a Manga",3.42,2004.0,,"'On a day that seemed ordinary, a spaceship crash landed in Tokyo bay, filled to the brim with beautiful aliens that would come to be known as DearS. Since that day, though all of Japan seems to have gone DearS-crazy, one high school boy named Takeya it still not impressed by the phenomenon. But things change for Takeya when he finds a lone DearS girl on the side of the road, who forces herself into his apartment, and his life! Now, he must brave a plethora of complications, misunderstandings, and embarassments, when all he wants to do is be left alone!'",,"DearS Official Fan Book, DearS",DearS: Is It a Golden Ball?,"Miu : Mai Nakahara, Neneko Izumi : Chiwa Saitou, Ren : Ai Shimizu, Takeya Ikuhara : Kishou Taniyama, Hikoro Oikawa : Kappei Yamaguchi, Khi : Miyuki Sawashiro, Mitsuka Yoshimine : Kikuko Inoue, Rubi : Megumi Toyoguchi, Peach-Pit
Original Creator, Iku Suzuki
Director, Tomoki Hasegawa
Music, Shinji Ochi
Character Design, Nobuhiro Oosawa
Producer, Hisanori Kunisaki
Producer, Takayasu Hatano
Producer, Shinichirou Kajiura
Animation Director","Peach-Pit : Original Creator, Iku Suzuki : Director, Tomoki Hasegawa : Music, Shinji Ochi : Character Design, Nobuhiro Oosawa : Producer, Hisanori Kunisaki : Producer, Takayasu Hatano : Producer, Shinichirou Kajiura : Animation Director"
Happy Lesson The Final,,OVA  ,3.0,Studio Ranmaru,,"Comedy, Harem, Romance, School Life, Based on a Manga",3.42,2004.0,,"'Chitose Hitotose’s life has never been more full (of ""mamas""), what more could he want? But when the principal’s introduction of an ""idea box"" results in an older school building to be torn down for a library, Mutsuki-mama loses all focus. At a loss of how to help, the ""mamas"" turn to Chitose to discover the problem and what he finds is a big shock: the decrepit school building houses the memory of Mutsuki’s first love!'",,Happy Lesson,"Happy Lesson OVA, Happy Lesson Special, Happy Lesson, Happy Lesson Advance","Chitose Hitotose : Daisuke Kishio, Kisaragi Ninomai : Akiko Kimura, Mutsuki Ichimonji : Ruri Asano, Satsuki Gokajou : Kahoru Sasajima, Uzuki Shitennou : Kimiko Koyama, Yayoi Sanzenin : Kikuko Inoue, Fumitsuki Nanakorobi, Hazuki Yazakura, Saburou Oomiya
Chief Director, Toshihiro Ishikawa
Director, Yasunori Iwasaki
Music, Mayumi Watanabe
Character Design, Yasuhisa Katou
Character Design, Akihiko Hashimoto
Producer, Yuuko Sakai
Producer, Toshirou Sakuma
Producer","Saburou Oomiya : Chief Director, Toshihiro Ishikawa : Director, Yasunori Iwasaki : Music, Mayumi Watanabe : Character Design, Yasuhisa Katou : Character Design, Akihiko Hashimoto : Producer, Yuuko Sakai : Producer, Toshirou Sakuma : Producer"
Mobile Suit Gundam SEED MSV Astray, Gundam SEED Astray,OVA  ,2.0,Sunrise,,"Mecha, Sci Fi, Real Robot",3.42,2004.0,,"'Lowe Gear is a member of the Junk Guild, and made a stop to Earth for an auction. Amazed by a beam weapon made by ZAFT, Lowe bought the head of a BuCUE suit and discovered some top secret information! But danger lurks elsewhere in the Cosmic Era, not only to Lowe, but to Gai as well. As Gai helps Serpent Tail mercenaries to trap an antique model of a Ginn, he finds himself in pinch while meeting Ed The Ripper in the middle of space. How can the two of them play it safe while enemies continuously seek them to battle?'",,"Mobile Suit Gundam SEED Astray, Mobile Suit Gundam SEED, Mobile Suit Gundam Seed Astray: Princess of the Sky","Mobile Suit Gundam SEED, Mobile Suit Gundam SEED Movie I: The Empty Battlefield, Mobile Suit Gundam SEED Movie II: The Far-Away Dawn, Mobile Suit Gundam SEED Movie III: The Rumbling Sky, Mobile Suit Gundam SEED: After Phase: In the Valley of Stars, Mobile Suit Gundam SEED Destiny, Mobile Suit Gundam SEED Destiny Final Plus: The Chosen Future, Mobile Suit Gundam SEED C.E.73: Stargazer, Mobile Suit Gundam SEED Destiny Special Edition I: The Broken World, Mobile Suit Gundam SEED Destiny Special Edition II: Respective Swords, Mobile Suit Gundam SEED Destiny Special Edition III: The Hell Fire of Destiny, Mobile Suit Gundam SEED Character Theater, Mobile Suit Gundam SEED Destiny Special Edition IV: The Cost of Freedom","Gai Murakumo : Kazuhiko Inoue, Lowe Gear : Masaya Onosaka, Eight : Rikako Aikawa, Elijah Kiel : Katsumi Toriumi, Kazahana Aja :  Yuu Kobayashi, Kisato Yamabuki : Masayo Kurata, Liam Garfield : Shou Hayami, Loretta Aja : Kumiko Nishihara, Katsuyoshi Yatabe
Director, Youichi Ueda
Character Design","Katsuyoshi Yatabe : Director, Youichi Ueda : Character Design"
Mobile Suit Gundam MS IGLOO: The Hidden One Year War,"Alt titles: Gundam MS IGLOO: The Hidden One Year War, Kidou Senshi Gundam MS IGLOO: Ichinen Sensou Hiwa",OVA  ,3.0,Sunrise,,"Action, Mecha, Sci Fi, Outer Space, Political, Real Robot, War",3.42,2004.0,,"'It is\xa0the year UC 0079; the One Year War between the Earth Federation and the Archduchy of Zeon is still in its infancy. A young engineer named Oliver May is assigned to the Zeon 603rd Technical Evaluation Unit, a division designed to test new prototype weapons on the battlefield. Even though the new Zaku mobile suits have become the weapon of choice among the Zeon, the 603rd still pushes on with their conventional weapons, from the Battle of the Loum to the first confrontation with Federation GMs. Any of these new weapons could secure victory for the Zeon, but will they be ready in time?'",,"Mobile Suit Gundam: Awakening, Escalation, Confrontation (Light Novel), Mobile Suit Gundam ZZ, Mobile Suit Gundam: The Revival of Zeon, Mobile Suit Gundam: New Revival of Zeon, Mobile Suit Gundam: Hathaway's Flash (Light Novel), Record of MS War: Mobile Suit Gundam Abridged, Mobile Suit Gundam: Silhouette Formula 91, Mobile Suit Gundam: The Origin, Mobile Suit Gundam: The Anthology, Mobile Suit Gundam Climax U.C., Mobile Suit Gundam 00, Mobile Suit Gundam: U.C. War Chronicle Memories of Char Aznable, Mobile Suit Gundam 00 2nd Season, Mobile Suit Gundam: MSV-R - Fabulous Shin Matsunaga, Mobile Suit Gundam: Hunter of Black Clothes, Mobile Suit Gundam 0083: Rebellion, Mobile Suit Gundam: Char's Counterattack - Beltorchika's Children, Mobile Suit Moon Gundam","Mobile Suit Zeta Gundam, Mobile Suit Gundam ZZ, Mobile Suit SD Gundam Mk I, Mobile Suit Gundam: Char's Counterattack, All That Gundam, Mobile Suit Gundam 0080: War in the Pocket, Mobile Suit SD Gundam no Gyakushuu: Arashi wo Yobu Gakuensai, Mobile Suit Gundam F91, Mobile Suit Gundam 0083: Stardust Memory, Mobile Suit Gundam 0083: Stardust Memory - The Mayfly of Space, Mobile Suit Gundam 0083: The Afterglow of Zeon, Mobile Suit Victory Gundam, Mobile Fighter G Gundam, Mobile Suit Gundam Wing, Mobile Suit Gundam: The 08th MS Team, After War Gundam X, Mobile Suit Gundam Wing: Endless Waltz, Mobile Suit Gundam Wing: Endless Waltz Movie, Gundam: Mission To The Rise, Turn A Gundam, Mobile Suit Gundam Evolve, Mobile Suit Gundam SEED, Mobile Suit Gundam SEED: After Phase: In the Valley of Stars, Mobile Suit Gundam SEED Destiny, Mobile Suit Gundam MS IGLOO: Apocalypse 0079, Mobile Suit Gundam 00, Mobile Suit Gundam MS IGLOO 2: Juuryoku Sensen, Mobile Suit Gundam 00 Second Season, Mobile Suit Gundam 00 Special Edition I: Celestial Being, Mobile Suit Gundam 00 Special Edition II: End of World, 30th Gundam Perfect Mission, Mobile Suit Gundam ZZ: Gundam Frag., Ring of Gundam, Mobile Suit Gundam 00 Special Edition III: Return the World, Mokei Senshi Gunpla Builders Beginning G, Chou Denei-ban SD Gundam Sangokuden Brave Battle Warriors, Mobile Suit Gundam Unicorn, Mobile Suit Gundam 00 The Movie: A Wakening of the Trailblazer, Mobile Suit Gundam AGE, Mobile Suit Gundam AGE: Memory of Eden, Collection of Key Animation Films, Mobile Suit Gundam: Thunderbolt, Mobile Suit Gundam: The Origin, Mobile Suit Gundam: Iron-Blooded Orphans, Mobile Suit Gundam: Iron-Blooded Orphans 2","Oliver May : Hideo Ishikawa, Demeziere Sonnen : Masuo Amada, Jean Luc Duvall : Takaya Hashi, Martin Prochnow : Shozo Iizuka, Monique Cadillac : Miki Nagasawa, Albert Schacht : Tamio Ohki, Aleksandro Hemme : Katsuhisa Houki, Char Aznable, Takashi Imanishi
Producer & Director, Megumi Oohashi
Music, Satoshi Kubo
Producer, Koichi Inoue
Producer, Katsumi Kawaguchi
Producer","Takashi Imanishi : Producer & Director, Megumi Oohashi : Music, Satoshi Kubo : Producer, Koichi Inoue : Producer, Katsumi Kawaguchi : Producer"
Phoenix, Hi no Tori,TV   ,13.0,Tezuka Productions,Spring,"Fantasy, Sci Fi, Based on a Manga",3.42,2004.0,,"'From swordsmen to robots, from ancient tribal cultures to civilizations that reach the stars, there is one force that dominates all others: life. From birth to death, and rebirth again, it is life that permeates the soul and opens up to us the mysteries of the universe. Within this tale of the phoenix and those who would be touched by its beauty, we are shown the joys and tragedies that life sometimes hands us, and what we, as humans, must do to survive...'",,Phoenix,"Phoenix 2772, Hi no Tori: Houou Hen, Hi no Tori: Yamato Hen, Hi no Tori: Uchuu Hen, Phoenix: Dougo Onsen-hen","Harima Inugami : Yasunori Matsumoto, Leona : Nozomu Sasaki, Masato Yamanobe : Daisuke Namikawa, Nagi : Junko Takeuchi, Sakon-No-Suske : Mayumi Asano, Saruta : Tetsuo Komura, Acetylene Lamp : Masashi Hirose, Chihiro : Misa Kobayashi, Osamu Tezuka
Original Creator, Ryousuke Takahashi
Director, Yuuji Nomi
Music, Takuo Suzuki
Episode Director & Storyboard","Osamu Tezuka : Original Creator, Ryousuke Takahashi : Director, Yuuji Nomi : Music, Takuo Suzuki : Episode Director & Storyboard"
Godannar 2nd Season, Shinkon Gattai Godannar 2nd Season,TV   ,13.0,AIC ASTA,Spring,"Action, Ecchi, Mecha, Romance, Sci Fi, Aliens, Post-apocalyptic, Original Work",3.4,2004.0,,'Second season of Godannar.',,,Godannar,"Anna Aoi : Mai Nakahara, Kiriko Aoi : Takako Honda, Shizuru Fujimura : Yumi Kakazu, Ekaterina : Miho Yamada, Ellis Valentine : Yukari Tamura, Kagemaru : Tarou Yamaguchi, Ken : Tooru Ookawa, Kukrachyov : Shinji Kawada, Chuumei Watanabe
Director, Yasuchika Nagaoka
Director, Hiroyuki Kawasaki
Screenplay & Series Composition, Takahiro Kimura
Character Design","Chuumei Watanabe : Director, Yasuchika Nagaoka : Director, Hiroyuki Kawasaki : Screenplay & Series Composition, Takahiro Kimura : Character Design"
Beet the Vandel Buster, Bouken Ou Beet,TV   ,52.0,Toei Animation,Fall ,"Action, Adventure, Fantasy, Shounen, Magic, Monsters, Superpowers, Based on a Manga",3.4,2004.0,2005.0,"'In the present, mankind lives in an era named the Dark Century, a time filled with fear due to the actions of the Vandels. These domineering tormentors rule with an iron fist, bringing death and despair to mankind. But in the midst of the terror, there is one thing the Vandels fear: the Vandel Busters. Enter Beet, a young boy whose only dream is to grow up to be the greatest Buster of them all. Join our hero as he journeys to join the Zenon Warriors and destroy the Vandels. With the help of friends and a little luck, Beet might be able to put a stop to the Dark Century, once and for all!'",,Beet the Vandel Buster,Beet the Vandel Buster Excellion,"Beet : Reiko Kiuchi, Kissu : Aya Hisakawa, Milfa : Rumi Shishido, Poala : Ai Maeda, Slade : Hiroaki Miura, Beltoze : Unshou Ishizuka, Grunid : Ryuzaburo Otomo, Shaggy : Ryuusei Nakao, Riku Sanjo
Original Creator, Tatsuya Nagamine
Director, Hiroshi Takaki
Music, Katsuyoshi Nakatsuru
Character Design, Tadayoshi Yamamuro
Character Design","Riku Sanjo : Original Creator, Tatsuya Nagamine : Director, Hiroshi Takaki : Music, Katsuyoshi Nakatsuru : Character Design, Tadayoshi Yamamuro : Character Design"
Texhnolyze: Revisit,,DVD S,,MADHOUSE,,"Sci Fi, Cyberpunk, Dystopia, Noir, Psychological, Recap, Original Work",3.4,2004.0,,'No synopsis yet - check back soon!',,,Texhnolyze,"Ichise, Keigo Oonishi, Ran",
Naruto: Hidden Leaf Village Grand Sports Festival!, Naruto: Dai Katsugeki!! Yuki Hime Shinobu Houjou Dattebayo! Special: Konoha Annual Sports Festival,TV Sp,,Pierrot,,"Comedy, Shounen, Sports, Crude, Ninja, Based on a Manga",3.4,2004.0,,"""It's time for the Hidden Village's annual sports festival, and everyone is vying for the ultimate prize: a week off from participating in missions! Naruto and the gang are all in the running, but Naruto has a small problem: he has to go - BAD! Unfortunately for his bowels, finding a free toilet is an impossible task; and whether it's trying to sneak into the ladies' room or creating clones to take over for him in the games (who, unfortunately, are also experiencing a fecal crisis), nothing Naruto does gets him closer to his goal. He must compete in the games and keep himself from having an accident - can Naruto succeed?""",,"Naruto (Pilot), Naruto, Naruto: Innocent Heart, Demonic Blood (Light Novel), Rock Lee's Springtime of Youth, Road to Naruto the Movie, Naruto Jinraiden: Okami no Naku Hi (Light Novel), Naruto: Mission - Protect the Waterfall Village! (Light Novel), Naruto: Chibi Sasuke’s Sharingan Legend, Naruto Secret Chronicles (Light Novel), Naruto True Story (Light Novel), Naruto Gaiden: Michita Tsuki ga Terasu Michi, Naruto: Konoha Shinden - Yukemuri Ninpouchou (Light Novel)","Naruto, Naruto Special 1: Find the Crimson Four-leaf Clover!, Naruto Special 2: Battle at Hidden Falls. I am the Hero!, Naruto Movie 1: Ninja Clash in the Land of Snow, Naruto Movie 2: Legend of the Stone of Gelel, Naruto: Narutimate Hero 3 OVA, Naruto Movie 3: Guardians of the Crescent Moon Kingdom, Naruto: The Cross Roads, Naruto: Naruto to Mashin to Mitsu no Onegai Dattebayo!!","Naruto Uzumaki : Junko Takeuchi, Choji Akimichi : Kentarou Itou, Hinata Hyuga : Nana Mizuki, Ino Yamanaka : Ryouka Yuzuki, Iruka Umino : Toshihiko Seki, Kiba Inuzuka : Kohsuke Toriumi, Sakura Haruno : Chie Nakamura, Sasuke Uchiha : Noriaki Sugiyama, Masashi Kishimoto
Original Creator, Hayato Date
Director, Toshio Masuda
Music, Tomoko Gushima
Producer, Atsushi Takeuchi
Producer, Shigekazu Takeuchi
Producer, Shohei Izawa
Producer, Souichi Akiyama
Producer","Masashi Kishimoto : Original Creator, Hayato Date : Director, Toshio Masuda : Music, Tomoko Gushima : Producer, Atsushi Takeuchi : Producer, Shigekazu Takeuchi : Producer, Shohei Izawa : Producer, Souichi Akiyama : Producer"
Yugo the Negotiator, Yugo Koushoujin,TV   ,13.0,Artland,Winter,"Action, Drama, Seinen, Espionage, Political, Russia, Terrorism, Thriller, Work Life, Based on a Manga",3.4,2004.0,,"""Beppu Yugo is one of the world's most successful and celebrated negotiators. His cases have ranged from big to small, from secretive to in the public eye. His work doesn't come cheap, but his skills are the top of the line, and through words, not violence, his failure rate is minimal. After a period of inactivity, Yugo is back on the job, to help negotiate the release of a hostage in Pakistan. With harsh terrain and deadly enemies before him, will he survive long enough to save the hostage, and return with his life?""",,"Yugo, Yugo (II), Yugo Final",,"Yugo Beppu : Takashi Hagino, Haji Rahmani : Masaaki Tsukada, Laila : Yumi Kakazu, Mayuko Iwase : Yumi Kakazu, Shadle : Yousuke Akimoto, Yusuf Ali Mesa : Banjou Ginga, Adjutant : Nobuaki Sekine, Ahmad Rahmani : Kenyuu Horiuchi, Shinji Makari
Original Creator, Seiji Kishi
Director, Shinya Hanai
Director, Susumu Ueda
Music, Kenichi Imaizumi
Character Design, Takehiko Matsumoto
Character Design, Rika Sasaki
Producer, Hitoshi Hayakawa
Producer","Shinji Makari : Original Creator, Seiji Kishi : Director, Shinya Hanai : Director, Susumu Ueda : Music, Kenichi Imaizumi : Character Design, Takehiko Matsumoto : Character Design, Rika Sasaki : Producer, Hitoshi Hayakawa : Producer"
Phantom: The Animation,,OVA  ,3.0,,,"Action, Amnesia, Assassins, Gangs, Kidnapping, Based on a Visual Novel",3.39,2004.0,,"""One fateful day, Reiji was on his way to a hotel in Los Angeles when he ended up in the wrong place at the wrong time: in the middle of an assassination. After these traumatic events, the young man was kidnapped, his memories erased, and given a choice: fight for the organization, or die. Now, with a new name and identity, Zwei must kill at the drop of a hat along with the organization's top assassin Ein (codename Phantom). As the bodies pile and the blood is continuously spilled, Ein and Zwei find themselves growing closer together in a world where they have no past and no future...""",,Phantom: Requiem for the Phantom,"Phantom: Requiem for the Phantom, Phantom: Requiem for the Phantom Picture Drama","Ein : Omi Minami, Zwei : Takahiro Sakurai, Claudia Mccunnen, Lizzie Garland, Scythe Master, Raymond Mcguire, Gen Urobuchi
Original Creator, Keitarou Motonaga
Director, Kotaro Nakagawa
Music, Kouji Watanabe
Character Design, Shigemi Ikeda
Art Director, Yasunori Muratake
Producer, Kanako Itou
Song Performance","Gen Urobuchi : Original Creator, Keitarou Motonaga : Director, Kotaro Nakagawa : Music, Kouji Watanabe : Character Design, Shigemi Ikeda : Art Director, Yasunori Muratake : Producer, Kanako Itou : Song Performance"
Pororo to the Cookie Castle, Pororo Daemoheom,Movie,,,,"Adventure, Animal Protagonists, Anthropomorphic, Birds, Korean Animation, Non-Human Protagonists, Penguins",3.39,2004.0,,"""When Pororo finds out Santa is sick and can't make his trip to Cookie Castle, Pororo and his friends put their heads together to make sure it's a special Christmas for children all over. An adventure to Santa's village is in order!""",,,"Pororo the Little Penguin, Pororo the Little Penguin 2, Pororo the Little Penguin 3, Pororo the Little Penguin 4, Porong Porong Rescue Mission, Pororo the Little Penguin: The Racing Adventure, Pororo the Little Penguin 5, Porong Porong: Snow Fairy Adventure, Pororo the Little Penguin 6",Pororo,
Nisou no Kuzu, Dialogue Between Two,Movie,,,,"Abstract, Shorts",3.39,2004.0,,'No synopsis yet - check back soon!',,,,"Mika Seike
Director",Mika Seike : Director
Ninja Nonsense, Ninin ga Shinobuden,TV   ,12.0,ufotable,Summer,"Comedy, Shounen, Gag, Ninja, Parody, Based on a Manga",3.39,2004.0,,"""When Kaede, a girl frustrated with her grades like any other teenager, finds a female Ninja attempting to steal her underwear, she didn't expect a friendship to be the result. And as the modern day world of ordinary high schooler Kaede collides with Ninja-in-training Shinobu, she soon comes to discover that the world of modern day Ninjas are filled with parties, picnics, and the training of the elder master Ninja yellow form changing glob: Onsokumaru!""",,Ninja Nonsense,,"Kaede Shiranui : Ayako Kawasumi, Onsokumaru : Norio Wakamoto, Sasuke : Tomokazu Seki, Shinobu : Nana Mizuki, Miyabi : Rie Kugimiya, Devil, Izumi, Kaori Shiranui : Rio Natsuki, Ryoichi Koga
Original Creator, Hitoyuki Matsui
Director, Harukichi Yamamoto
Music, Jun Shibata
Character Design, Seiya Numata
Key Animator","Ryoichi Koga : Original Creator, Hitoyuki Matsui : Director, Harukichi Yamamoto : Music, Jun Shibata : Character Design, Seiya Numata : Key Animator"
Grenadier, Grenadier: Hohoemi no Senshi,TV   ,12.0,Group TAC,Fall ,"Action, Adventure, Ecchi, Shounen, Episodic, Guns, Western, Based on a Manga",3.39,2004.0,2005.0,"'In an era where guns are replacing swords, samurai are desperately trying to keep their ideals alive, though many become honorless mercenaries in desperation. Yajiro Kojima is one such mercenary who led an average life until running across the beautiful Rushyuna Tendo, an expert gun wielder (known as a senshi, or Enlightened One) who upholds one ideal above all others: never kill, simply destroy one\'s will to fight. Together, the duo travel the world encountering dangerous enemies and bathhouses galore, all while removing their adversaries\' ""armor"" with a smile!'",,Grenadier,Grenadier Specials,"Mikan Kurenai : Yuki Matsuoka, Rushyuna Tendo : Mikako Takahashi, Yajiro Kojima : Kazuya Nakai, Jester : Kazuhiro Nakata, Setsuna Oomidou : Chieko Honda, Tenshi : Chieko Honda, Teppa Aizen : Kaori Mizuhashi, Touka Kurenai : Mami Kosuge, Sousuke Kaise
Original Creator, Hiroshi Koujina
Director, Yasunori Iwasaki
Music, Hideki Inoue
Character Design, Yukio Abe
Art Director, Toyoo Ashida
Producer, Yutaka Ohashi
Producer","Sousuke Kaise : Original Creator, Hiroshi Koujina : Director, Yasunori Iwasaki : Music, Hideki Inoue : Character Design, Yukio Abe : Art Director, Toyoo Ashida : Producer, Yutaka Ohashi : Producer"
Space Symphony Maetel: Ginga Tetsudou 999 Gaiden, Uchuu Koukyoushi Maetel: Ginga Tetsudou 999 Gaiden,TV   ,13.0,Vega Entertainment,Summer,"Sci Fi, Cyborgs, Leijiverse",3.39,2004.0,,"""Maetel abandoned her mother and her home planet, the doomed and frozen La Metal, where people must become cyborgs to survive. When she is beckoned to return, her options seem slim: follow her mother's path (and with it a robot mind and the contempt of all humans), or run away and fight with humans against the machines. Yet, she is not without comrades and defenders. If she can accept the friendship of beings of metal who desire peace, and oppose those who think being made of flesh and blood is enough to make one human, she may still have a chance to find her own path.""",,,"Galaxy Express 999, Galaxy Express 999 Movie, Galaxy Express 999: Can You Live Like A Warrior?, Galaxy Express 999: Glass no Clair, Ginga Tetsudou 999: Kimi wa Haha no You ni Aiseruka!!, Adieu Galaxy Express 999, Galaxy Express 999: Eternal Fantasy, DNA Sights 999.9, Maetel Legend","Emeraldas, Maetel : Satsuki Yukino, Nazca, Burnbarrel, Captain Harlock, Laarela, Leopard Error Franken-Bach, Queen La Andromeda Prometheum, Shinichi Masaki
Director, Tarou Hakase
Music, Keisuke Masunaga
Character Design, Hiroyuki Hayase
Sound Director, Yuuji Suzuki
Producer, Kouki Okagawa
Producer, Tomoyuki Imai
Producer, Yuuji Yanase
Animation Director","Shinichi Masaki : Director, Tarou Hakase : Music, Keisuke Masunaga : Character Design, Hiroyuki Hayase : Sound Director, Yuuji Suzuki : Producer, Kouki Okagawa : Producer, Tomoyuki Imai : Producer, Yuuji Yanase : Animation Director"
Curry no Kuni no Coburoux,,TV   ,13.0,Artland,,"Comedy, Family Friendly, Short Episodes",3.39,2004.0,,'No synopsis yet - check back soon!',,,,"Coboroux : Shouya Chiba, Gariken : Juurouta Kosugi, Naanda : Pierre Taki, Nutmeg : Asami Sanada, Potechin : Mika Kanai, Ryou Hirayama
Director, Tomoko Sasaki
Music, Wakaba Sasaki
Character Design","Ryou Hirayama : Director, Tomoko Sasaki : Music, Wakaba Sasaki : Character Design"
Chiisai Sensuikan ni Koi wo Shita Dekasugiru Kujira no Hanashi, Sensou Douwa: Chiisai Sensuikan ni Koi wo Shita Dekasugiru Kujira no Hanashi,TV Sp,,Shin-Ei Animation,,"Drama, Ocean, World War 2",3.39,2004.0,,'No synopsis yet - check back soon!',,,,Narration : Fumiko Orikasa,
Massugu ni Ikou (2004),,OVA  ,5.0,Yumeta Company,,"Comedy, Shoujo, Slice of Life, Animal Protagonists, Dogs, Non-Human Protagonists, Pets, Based on a Manga",3.38,2004.0,,"""Mametarou's life is as good as a dog's can get! With his loving owner Iku, precious girlfriend Hanako, and close network of neighborhood friends, adventure is always waiting around the corner. Yet in between his insecurities about his cross-breed status, a lovesick Iku, and rivals for Hanako's affection, Mametarou's world is a little more complicated than he'd like it to be. With various problems to solve along the way, Mametarou tries his best to be a good pet and, even more importantly, a good friend.""",,Massugu ni Ikou.,Massugu ni Ikou,"Hanako : Sachiko Kojima, Ikuko Wakatsuki : Fumiko Orikasa, Mametarou : Hiroyuki Yoshino, Gen : Akio Ootsuka, Hashibuto : Naoki Ohama, Junichi Akiyoshi : Kenji Nojima, Nao Saotome : Noriko Shitaya, Sebastian : Masami Suzuki, Kira
Original Creator, Kiyotaka Isako
Director, Michiru Ooshima
Music, Yoshikazu Iwanami
Sound Director, Tomoyuki Saitou
Producer, Satoshi Yamaguchi
Producer","Kira : Original Creator, Kiyotaka Isako : Director, Michiru Ooshima : Music, Yoshikazu Iwanami : Sound Director, Tomoyuki Saitou : Producer, Satoshi Yamaguchi : Producer"
The Marshmallow Times,,TV   ,52.0,Studio Comet,Spring,"Comedy, Based on a Manga",3.38,2004.0,2005.0,'No synopsis yet - check back soon!',,,,"Sandy : Misato Fukuen, Basil : Akiko Kobayashi, Choco & Mint : Makoto Tsumura, Cinnamon : Nobuko Sakuma, Classmate : Noriko Shitaya, Cloud : Reiko Takagi, Clove : Takayuki Yamaguchi, Director : Mahito Tsujimura, Lun Lun Yamamoto
Original Creator, Yoshikazu Iwanami
Sound Director, Kenichi Maejima
Storyboard","Lun Lun Yamamoto : Original Creator, Yoshikazu Iwanami : Sound Director, Kenichi Maejima : Storyboard"
Girls Bravo,,TV   ,11.0,AIC Spirits,Summer,"Comedy, Ecchi, Fantasy, Harem, Romance, Shounen, Gynophobia, Person in a Strange World, School Life, Sudden Girlfriend Appearance, Based on a Manga, Nudity",3.37,2004.0,,"""Yukinari is blessed with an clinical fear of women, commonly known as gynophobia. In addition to his mental ailment, he has the misfortune of being short and weak, making it easy for women to overwhelm him further. Even when his childhood friend, Kirie, approaches him, he immediately breaks out in hives. Thus, life is very lonely for Yukinari, until suddenly in the strangest way possible, he is transported into another world, and into the arms of the beautiful shoujo, Miharu! This time, for the first time ever, he doesn't react. Could this be the start of something special?""",Nudity,"Girls Bravo, Girls Bravo: Another Act",Girls Bravo: Second Season,"Kirie Kojima : Chiwa Saitou, Miharu Sena Kanaka : Ayako Kawasumi, Yukinari Sasaki : Mamiko Noto, Kazuharu Fukuyama : Ryotaro Okiayu, Koyomi Hare Nanaka : Masayo Kurata, Lisa Fukuyama : Yuki Matsuoka, Tomoka Lana Jude : Ayaka Saitou, Asuha Hare Nanaka : Mayumi Yanagisawa, Kaneda Mario
Original Creator, Ei Aoki
Director & Storyboard, Noriyasu Agematsu
Music, Ryuuichi Makino
Character Design, Atsuya Takase
Producer, Yoshiyuki Matsuzaki
Producer, Kengo Shigemura
Editor, Shinichirou Kajiura
Animation Director","Kaneda Mario : Original Creator, Ei Aoki : Director & Storyboard, Noriyasu Agematsu : Music, Ryuuichi Makino : Character Design, Atsuya Takase : Producer, Yoshiyuki Matsuzaki : Producer, Kengo Shigemura : Editor, Shinichirou Kajiura : Animation Director"
Destiny of the Shrine Maiden, Kannazuki no Miko,TV   ,12.0,TNK,Fall ,"Action, Fantasy, GL, Mecha, Shoujo-ai, Shounen, LGBT Themes, Reincarnation, Based on a Manga",3.37,2004.0,,"""Gentle Himeko and reserved Chikane were born into very different backgrounds, but still became the best of friends. Their fates, they would soon come to discover, are intertwined in a fashion that they can't possibly imagine -- they are the reincarnations of two priestesses who once sealed the god of darkness Orochi in their past lives. Set to revive again, his giant robot-riding agents have set out to destroy the girls, one of whom is Himeko's friend who is in love with her. Riddled with memories of their past lives, the two try to survive long enough to cast the seal on Orochi again...""",,Destiny of the Shrine Maiden,,"Chikane Himemiya : Ayako Kawasumi, Himeko Kurusugawa : Noriko Shitaya, Corona : Kana Ueda, Girochi : Yasuyuki Kase, Kazuki Oogami : Moichi Saito, Makoto Saotome : Ikue Ootani, Nekoko : Ai Nonaka, Otoha Kisaragi : Chinami Nishimura, Kaishaku
Original Creator, Tetsuya Yanagisawa
Director, Mina Kubota
Music, Maki Fujii
Character Design, Satoko Kimura
Color Design, Yoshikazu Iwanami
Sound Director, Kouhei Kawase
Producer, Isao Hidaka
Producer","Kaishaku : Original Creator, Tetsuya Yanagisawa : Director, Mina Kubota : Music, Maki Fujii : Character Design, Satoko Kimura : Color Design, Yoshikazu Iwanami : Sound Director, Kouhei Kawase : Producer, Isao Hidaka : Producer"
Mezzo, Mezzo DSA,TV   ,13.0,ARMS,Winter,"Action, Bounty Hunters, Original Work",3.37,2004.0,,"'Set in the not so distant future of troubled Tokyo, no job is too big or too small for the Danger Service Agency, as long as danger is involved. The crew is made up of an unlikely team of misfits: Mikura, a girl with a flair for guns and a love of martial arts, Kurokawa, an old man/ex-detective addicted to noodles, Harada, an engineering nut, and Asami, a schoolgirl. Unfortunately, no matter how small or simple job appears to be, the Dsa team always find themselves biting off more than they can chew...'",,,Mezzo Forte,"Kenichi Kurokawa : Taichirou Hirokawa, Mikura Suzuki : Tomoko Kotani, Tomohisa Harada : Takumi Yamazaki, Asami Igarashi : Miyu Matsuki, Mugiyama : Choo, Omabari : Shinpachi Tsuji, Aiko Hasegawa : Mamiko Noto, Akudoh : Issei Futamata, Yasuomi Umetsu
Animation Director & Character Design & Chief Director & Ed Director & Original Creator & Screenplay & Storyboard, Fumika Yasuda
Music, Tsuyoshi Yoshida
Producer, Mariko Kusuhara
Producer, Satoshi Matsui
Producer, Osamu Koshinaka
Producer, Kan Fukumoto
Episode Director & Storyboard, Shigenori Kageyama
Screenplay & Storyboard","Yasuomi Umetsu : Animation Director & Character Design & Chief Director & Ed Director & Original Creator & Screenplay & Storyboard, Fumika Yasuda : Music, Tsuyoshi Yoshida : Producer, Mariko Kusuhara : Producer, Satoshi Matsui : Producer, Osamu Koshinaka : Producer, Kan Fukumoto : Episode Director & Storyboard, Shigenori Kageyama : Screenplay & Storyboard"
Kakurenbo: Hide & Seek,,Movie,,Yamato Works,,"Horror, Demons, High Stakes Games, Shorts, Supernatural, CG Animation, Original Work",3.36,2004.0,,"'Near the ruins of an old and abandoned city, there is played a game simply known as ""Otokoyo."" It is said that when children play this game, they go missing one by one. Some say it is ghosts. Others say it is demons. But for Hikora, one thing is certain: his sister disappeared playing the game and he will do whatever it takes to find her, even if it means playing the game himself. He and seven others will do just that, all for their own reasons, and learn that rumors aren’t always fictitious. Escaping with their lives will become the main concern when this game of hide-and-seek turns deadly.'",,,,"Hikora : Junko Takeuchi, Inmu, Noshiga : Rei Naitou, Sorincha : Masami Suzuki, Suku : Akiko Kobayashi, Tachiji : Mika Ishibashi, Yaimao :  Makoto Ueki, Yanku, Shuuhei Morita
Producer & Director, Reiji Kitazato
Music, Karin Nakano
Music, Daisuke Sajiki
Character Design","Shuuhei Morita : Producer & Director, Reiji Kitazato : Music, Karin Nakano : Music, Daisuke Sajiki : Character Design"
Burst Angel, Bakuretsu Tenshi,TV   ,24.0,GONZO,Spring,"Action, Mecha, Episodic, Mercenaries, Original Work",3.36,2004.0,,"'In the future, Tokyo has fallen victim to syndicates, trigger-happy people who run rampant and other groups who don\'t like to follow the rules. In response, an organization called RAPT has been created, whose goal is to maintain their definition of ""peace"". In the underground, however, science involving humans and powerful mechanics is progressing at a steady phase, but for what purpose? Meet our four angels who know how to kick butt and raise hell whenever it\'s needed. Their motto? Shoot first, talk later. Their mission? To make the seemingly impossible possible, of course...'",,Burst Angel,"Burst Angel: Infinity, Burst Angel: Infinity Specials","Amy : Mikako Takahashi, Jo : Akeno Watanabe, Meg : Megumi Toyoguchi, Sei : Rie Tanaka, Kyohei Tachibana : Yuuji Ueda, Leo Jinno : Takayuki Sugou, Takane Katsu : Risa Hayamizu, Akio : Toshihide Tsuchiya, Kouichi Oohata
Director, Masara Nishida
Music, Osamu Horiuchi
Character Design, Kanetoshi Kamimoto
Character Design, Naomi Nishiguchi
Producer, Naoshi Imamoto
Producer, Toshio Hatanaka
Producer, Shinichirou Aoki
Storyboard","Kouichi Oohata : Director, Masara Nishida : Music, Osamu Horiuchi : Character Design, Kanetoshi Kamimoto : Character Design, Naomi Nishiguchi : Producer, Naoshi Imamoto : Producer, Toshio Hatanaka : Producer, Shinichirou Aoki : Storyboard"
Onmyou Taisenki,,TV   ,52.0,Sunrise,Fall ,"Action, Adventure, Fantasy, Shounen, Demons",3.36,2004.0,2005.0,"""Tachibana Riku is an orphan who lives with his adoptive grandfather. Other than school and homework, Riku has to put up with lessons from his grandfather, teaching him seemingly meaningless hand signals and signs; meaningless, that is, until Riku is violently introduced to the world of 'shikigamis', fighting beasts with human owners. After witnessing his grandfather defend against a shikigami assault on their home shrine, Riku obtains his own Drive device to summon his own shikigami, Kogenta, and it turns out the hand signals give the shikigamis special powers. With his newly obtained powers, and a shikigami as a companion and friend, what adventures await Tachibana Riku? Do his powers have any relation to his parents' disappearance?""",,Onmyou Taisenki,,"Kogenta, Masaomi Oogami : Akeno Watanabe, Riku Tachibana, Yakumo Yoshikawa, Yuuma Asuka, Akagane No Isoroku, Akagane No Itsumu, Aogane No Tsukumo, Yoshihiko Tomizawa
Original Creator, Michio Fukuda
Original Character Design, Masakazu Hishida
Director, Yuko Fukushima
Music, Naoki Sasada
Producer, Youichi Watanabe
Producer, Takeshi Sasamura
Producer, Norio Yamakawa
Producer","Yoshihiko Tomizawa : Original Creator, Michio Fukuda : Original Character Design, Masakazu Hishida : Director, Yuko Fukushima : Music, Naoki Sasada : Producer, Youichi Watanabe : Producer, Takeshi Sasamura : Producer, Norio Yamakawa : Producer"
Get Ride! AM Driver,,TV   ,51.0,Studio DEEN,Spring,"Action, Sci Fi, Power Suits, Original Work",3.36,2004.0,2005.0,"""It is the future. For the past few years, humanity has been held hostage by the terror of an uncanny weapon called Bagchine. Yet, out of dark despair, a ray of hope begins to dawn. Salvation might just have come in the form of a tribe of warriors: the AMDrivers. A product of AMTechnology, they are engineering science's latest miracle. The world watches as our heroes Jenus, Ragna, and Sera graduate from training school and start their careers as fresh, young AMDrivers.""",,,,"Jenus Dira : Kousuke Kujirai, June Frum : Akiko Kobayashi, Ragna Lawrelia : Masaya Matsukaze, Sera Mei : Risa Mizuno, Paf Shining : Hiroko Kasahara, Yuuji Yamaguchi
Director, Kazunori Maruyama
Music, Masanori Miyake
Producer, Norio Yamakawa
Producer, Ryouki Kamitsubo
Episode Director, Masahito Otani
Episode Director, Itsurou Kawasaki
Storyboard, Takatsugu Kobayashi
Storyboard","Yuuji Yamaguchi : Director, Kazunori Maruyama : Music, Masanori Miyake : Producer, Norio Yamakawa : Producer, Ryouki Kamitsubo : Episode Director, Masahito Otani : Episode Director, Itsurou Kawasaki : Storyboard, Takatsugu Kobayashi : Storyboard"
Astro Boy: The Glorious Earth," Tetsuwan Atom: Kagayakeru Hoshi - Anata wa Aoku, Utsukushii...",Movie,,,,"Shounen, Androids, Non-Human Protagonists, Robots, Based on a Manga",3.36,2004.0,,'No synopsis yet - check back soon!',,,,"Astro : Makoto Tsumura, Uran : Miki Maruyama",
Mahou Sensei Negima! Introduction Film, Negima! Introduction Film,OVA  ,3.0,XEBEC,,"Comedy, Shounen, Short Episodes, Based on a Manga",3.35,2004.0,2005.0,'No synopsis yet - check back soon!',,"Negima! Magister Negi Magi, Negima!? Neo, Negiho: Mahora Little Girls, UQ Holder!","Negima!, Negima!?, Negima!? Haru Special!?, Negima!? Natsu Special!?, Mahou Sensei Negima! ~Shiroki Tsubasa Ala Alba~, Mahou Sensei Negima! ~Mou Hitotsu no Sekai~, Mahou Sensei Negima! ~Mou Hitotsu Sekai~ Magical Girl Yue, Mahou Sensei Negima! Anime Final, UQ Holder!","Asuna Kagurazaka : Akemi Kanda, Konoka Konoe : Ai Nonaka, Makie Sasaki : Yui Horie, Negi Springfield : Rina Satou, Nodoka Miyazaki : Mamiko Noto, Yue Ayase : Natsuko Kuwatani, Akira Ookouchi : Azumi Asakura, Ako Izumi : Kotomi Yamakawa, Ken Akamatsu
Original Creator, Hiroshi Nishikiori
Director, Shinkichi Mitsumune
Music, Hatsue Katou
Character Design","Ken Akamatsu : Original Creator, Hiroshi Nishikiori : Director, Shinkichi Mitsumune : Music, Hatsue Katou : Character Design"
Yu-Gi-Oh! GX,,TV   ,180.0,Gallop,Fall ,"Sci Fi, Shounen, Card Battles, High Stakes Games, School Life, Tournaments, Based on a Manga",3.35,2004.0,2008.0,"'At the island-based Duel Academy, young potential duelists gain the skills they need to become a top notch duelist. The students are divided into three classes named after the three Egyptian god cards: the top ranked Obelisk Blue, average Ra Yellow, and beginner Slifer Red. Jaden Yuki is currently a student at the academy, and is a huge fan of the famous Yugi Mutou. Though Jaden must start off slowly in the Slifer Red class, his goal is impressive: to become the next King of Games! Together with Syrus, Chumley, and Bastion, their dueling matches will draw them into the shadow realm, and into trouble. Jaden and the gang must do the only thing possible: get their game on!'",,"Yu-Gi-Oh!, Yu-Gi-Oh! Duelist, Yu-Gi-Oh! Millennium World, Yu-Gi-Oh! R, Yu-Gi-Oh! GX, Yu-Gi-Oh! 5D's, Yu-Gi-Oh! Zexal, Yu-Gi-Oh! Arc-V (Naohito MIYOSHI), Yu-Gi-Oh! Arc-V, Yu-Gi-Oh! Transcend Game","Yu-Gi-Oh! Duel Monsters, Yu-Gi-Oh! 5D's, Yu-Gi-Oh! 3D: Bonds Beyond Time","Asuka Tenjoin : Sanae Kobayashi, Judai Yuki : Kenn, Jun Manjoume : Taiki Matsuno, Sho Marufuji : Masami Suzuki, Amon Garam : Nobuya Mine, Austin O'Brien : Naru Kawamoto, Cronus De Medici : Hiroshi Shimizu, Daichi Misawa : Yuki Masuda, Kazuki Takahashi
Original Creator, Hatsuki Tsuji
Director, Yutaka Minobe
Music, Kenichi Hara
Character Design, Noriko Kobayashi
Producer, Hidetaka Ikuta
Producer, Naoki Sasada
Producer, Teruaki Jitsumatsu
Producer","Kazuki Takahashi : Original Creator, Hatsuki Tsuji : Director, Yutaka Minobe : Music, Kenichi Hara : Character Design, Noriko Kobayashi : Producer, Hidetaka Ikuta : Producer, Naoki Sasada : Producer, Teruaki Jitsumatsu : Producer"
Jubei-chan 2,,TV   ,13.0,MADHOUSE,Winter,"Action, Comedy, Reincarnation, Revenge, Samurai, Swordplay, Original Work",3.34,2004.0,,"'Following the events of the first television series, Jiyu Nanohana was happy; her days as Jubei Yagyu the 2nd were over, and she finally felt she could live a normal life again. However, when a clan of samurai calling themselves the Siberian Yagyu want revenge on Yagyu Jubei for their banishment to Siberia 300 years ago, once again young Jiyu is forced to take up the sword as the re-incarnation of the legendary swordsman.'",,,Jubei-chan: The Ninja Girl,"Freesia Yagyuu : Erina Nakayama, Jiyuu Nanohana : Yui Horie, Ayunosuke Odago : Ayaka Saitou, Bantaro Sanbonmatsu : Yuuji Ueda, Kitafuro Yagyuu : Takeshi Maeda, Kozaru : Natsuyo Atarashi, Mikage Tsumura : Reiko Yasuhara, Oozaru : Chinami Nishimura, Akitarou Daichi
Director, Hiroshi Nagahama
Director, Toshio Masuda
Music, Takahiro Yoshimatsu
Character Design","Akitarou Daichi : Director, Hiroshi Nagahama : Director, Toshio Masuda : Music, Takahiro Yoshimatsu : Character Design"
RahXephon: Ichiko Hashimoto - The Fate of Katun,,Music,,,,,3.34,2004.0,,'No synopsis yet - check back soon!',,,RahXephon,,
Akuei to Gacchinpo, A-kuei & Gatchinpo,TV   ,13.0,Fall 2004,,"Comedy, Crude, Family Friendly",3.33,2004.0,,'No synopsis yet - check back soon!',,,"Akuei to Gacchinpo: Tenkomori, Akuei to Gacchinpo The Movie: Chelsea no Gyakushuu/Akuei to Mahou no Hammer, Akuei to Gacchinpo Tenkomori: Maboroshi no Omake Episode","Akuei : Chiyako Shibahara, Jasmine : Satomi Arai, Santa Claus : Akira Kamiya, Takeshi : Yuu Kobayashi, Fukashi Azuma
Producer",Fukashi Azuma : Producer
Le Portrait de Petit Cossette, Cossette no Shouzou,OVA  ,3.0,Daume,,"Horror, Romance, Melancholy, Psychological, Star-Crossed Lovers, Supernatural, Original Work, Violence",3.33,2004.0,,"'Kurahashi has never been the same since the hallucinations started. His condition is not medical in nature, and only seems to be triggered by an antique glass which shows him things he never would wish to see. For Kurahashi, figuring out the mystery of the Petit Cossette that appears to him in his waking dreams is a matter of life or death... and his sanity...'",Violence,Le Portrait de Petite Cossette,,"Cossette D'Auvergne : Marina Inoue, Eiri Kurahashi : Mitsuki Saiga, Michiru Yajiri : Ikumi Fujiwara, Shoko Mataki : Megumi Toyoguchi, Zenshinni Of Shakado : Rei Igarashi, Hatsumi Mataki : Hyosei, Kaoru Nishimoto : Yukari Tamura, Marchello Orlando, Akiyuki Simbo
Director & Episode Director & Storyboard, Yuki Kajiura
Music, Hirofumi Suzuki
Character Design, Junichi Watanabe
Photography Director, Keiko Shibuya
Color Design, Takeshi Anzai
Producer, Ai Abe
Producer, Mayori Sekijima
Screenplay","Akiyuki Simbo : Director & Episode Director & Storyboard, Yuki Kajiura : Music, Hirofumi Suzuki : Character Design, Junichi Watanabe : Photography Director, Keiko Shibuya : Color Design, Takeshi Anzai : Producer, Ai Abe : Producer, Mayori Sekijima : Screenplay"
Zou da Zou, Minna no Uta: Zou da Zou,Music,,,,"Family Friendly, Minna no Uta",3.32,2004.0,,'No synopsis yet - check back soon!',,,,,
The Flower and the Phoenix, Hana to Shounen,OVA  ,1.0,Toei Animation,,"Fantasy, Forest",3.32,2004.0,,'Yuji and Koichi set off into the forest to find a rare bamboo flower. They encounter a legendary phoenix that needs their help to save the forest.',,,,"Kouichi, Yuuji, Kikuyo, Phoenix, Daisaku Ikeda
Original Creator, Yoshihiro Ueda
Director, Seiji Yokoyama
Music, Youichi Oonishi
Character Design","Daisaku Ikeda : Original Creator, Yoshihiro Ueda : Director, Seiji Yokoyama : Music, Youichi Oonishi : Character Design"
Utakata,,TV   ,12.0,Hal Film Maker,Fall ,"Drama, Fantasy, Magical Girl, Coming of Age, Magic, Psychological, Original Work",3.32,2004.0,,"'On the day before summer vacation, Ichika discovered an old mirror in an old school building. From within it, the mysterious Manatsu looked out and offered to trade favors: if Ichika will do her ""homework"" (experience the power of the spiritual life forces and write about her feelings) then she will return the charm that Ichika has lost. As Ichika struggles to absorb the raw power of nature, those who watch from the other side of the mirror eagerly await her decision at the end of trials. Can a 14 year old take on the sins of the world and mend the rifts between nature and humanity?'",,Utakata,Utakata: Summer Pair of Early Winter,"Ichika Tachibana : Youko Honda, Manatsu Kuroki : Masumi Asano, Kai Toudou : Nobutoshi Canna, Keiko Takamura : Yurika Ochiai, Michiru Munakata : Yukari Tamura, Satsuki Takigawa : Tomoko Kawakami, Saya Kogure : Maria Kawamura, Sei Toudou : Nobuo Tobita, Keiji Gotou
Director, Megumi Oohashi
Music, Megumi Kadonosono
Character Design, Hisaharu Iijima
Art Director, Katsunori Haruta
Producer, Jun Yukawa
Producer, Shigeru Nishiyama
Editor, Shinichi Watanabe
Episode Director","Keiji Gotou : Director, Megumi Oohashi : Music, Megumi Kadonosono : Character Design, Hisaharu Iijima : Art Director, Katsunori Haruta : Producer, Jun Yukawa : Producer, Shigeru Nishiyama : Editor, Shinichi Watanabe : Episode Director"
Otogi Zoshi,,TV   ,26.0,Production I.G,Summer,"Action, Archery, Feudal Japan, Historical, Samurai, Based on a Novel, Violence",3.32,2004.0,2005.0,"""In the Heian period, political instability within the capital is beginning to manifest amidst widespread famine and disease. In order to stem the growing chaos, the Emperor orders Minamoto no Raikou -- a man known for his archery skills -- to reclaim the magatama, a mysterious jewel said to contain the power to save the world. But when Raikou himself becomes ill, it falls to his younger sister, Hikaru, to disguise herself and take her brother's place. In her quest for the magatama, Hikaru finds herself and her companions drawn deeper into a struggle she cannot comprehend...""",Violence,Otogi Zoshi,,"Hikaru Minamoto : Fumie Mizusawa, Kintaro : Wasabi Mizuta, Mansairaku : Shinichirou Miki, Matsumushi, Raikou Minamoto : Shinichirou Miki, Sadamitsu Usui, Urabe Suetake, Akaoni, Shouu Tajima
Original Character Design, Mizuho Nishikubo
Director, Kenji Kawai
Music, Hideki Taniuchi
Music, Kazuchika Kise
Character Design, Toshio Nakatani
Producer, Katsuji Morishita
Producer, Yoshinori Sugano
Producer","Shouu Tajima : Original Character Design, Mizuho Nishikubo : Director, Kenji Kawai : Music, Hideki Taniuchi : Music, Kazuchika Kise : Character Design, Toshio Nakatani : Producer, Katsuji Morishita : Producer, Yoshinori Sugano : Producer"
Yu-Gi-Oh! Movie 2: Pyramid of Light, Yu-Gi-Oh! Movie 2: Hikari no Pyramid,Movie,,Gallop,,"Shounen, Body Sharing, Card Battles, High Stakes Games, Based on a Manga",3.31,2004.0,,"'With the help of the power of the Pharaoh, Yugi Moto has earned the reputation of being the “King of Games.” But Seto Kaiba finally has a plan to bring down his rival, and with his new and powerful cards, he might finally have a chance of succeeding. Meanwhile, a new artifact known as the Pyramid of Light has captured the attention of Yugi and the gang, as it bears a striking resemblance to the Millennium Puzzle. Soon, Seto and Yugi will face each other in an epic battle – but something mysterious is at work. Will Yugi, the Pharaoh’s wistful strategies and the Egyptian God Cards be enough to put a stop to the ultimate foe?'",,"Yu-Gi-Oh!, Yu-Gi-Oh! Duelist, Yu-Gi-Oh! Millennium World, Yu-Gi-Oh! R, Yu-Gi-Oh! GX, Yu-Gi-Oh! 5D's, Yu-Gi-Oh! Zexal, Yu-Gi-Oh! Arc-V (Naohito MIYOSHI), Yu-Gi-Oh! Arc-V, Yu-Gi-Oh! Transcend Game",Yu-Gi-Oh! Duel Monsters,"Seto Kaiba : Kenjirou Tsuda, Yami Yugi : Shunsuke Kazama, Yugi Mutou : Shunsuke Kazama, Anubis : Kouji Ishii, Anzu Mazaki : Maki Saitou, Hiroto Honda : Hidehiro Kikuchi, Katsuya Jonouchi : Hiroki Takahashi, Mokuba Kaiba : Junko Takeuchi, Kazuki Takahashi
Original Creator, Hatsuki Tsuji
Director & Character Design, Noriko Kobayashi
Producer, Naoki Sasada
Producer","Kazuki Takahashi : Original Creator, Hatsuki Tsuji : Director & Character Design, Noriko Kobayashi : Producer, Naoki Sasada : Producer"
Diamond Daydreams Special, Kita e ~Diamond Dust Drops~ Special,DVD S,,Studio DEEN,,"Drama, Slice of Life",3.3,2004.0,,'No synopsis yet - check back soon!',,,Diamond Daydreams,"Suomi Kitano : Mayu Amase, Hanna Jarvinen : Ruri Asano, Haruto Nagasawa : Makoto Tsumura, Kouta : Shizuka Ishikawa, Takehiko Gokita
Music, Chinori Ribami
Character Design","Takehiko Gokita : Music, Chinori Ribami : Character Design"
Hammerboy, Mangchi,Movie,,,,"Action, Adventure, Fantasy, Island, Korean Animation",3.29,2004.0,,"'The story is about a boy called Mangchi. He is small, but he possesses a magical hammer that helps him get around all his problems. He therefore got the nickname of ""Hammerboy"". Mangchi lives on a small distant island called Candlestick because everywhere else has turned into a wasteland because of some big catastrophe. When Princess Poplar from the kingdom of Jemius is being pursued by henchmen of the conspirator Moonk, Hammerboy sides with her, ready to unleash all his latent powers in order to save humankind.'",,,,"Mangchi, Poplar, Angdu, Angdu'S Mother, Grandfather, Moonk, Mr. Winebottle, Pultaco",
Zettai Zetsumei Dangerous Jii-san 2nd Season, Grandpa Danger 2nd Season,TV   ,51.0,Studio Hibari,Spring,"Comedy, Based on a Manga",3.29,2004.0,2005.0,'Second season of\xa0Zettai Zetsumei Dangerous Jii-san.',,Zettaizetsumei Denjarasu Jiisan,"Zettai Zetsumei Dangerous Jii-san, Zettai Zetsumei Dangerous Jii-san 3rd Season, Dangerous Jii-san Ja OVA","Grandpa Danger : Daiki Nakamura, Grandson : Ayumi Tsunematsu, Kazutoshi Soyama
Original Creator, Rie Nishino
Character Design","Kazutoshi Soyama : Original Creator, Rie Nishino : Character Design"
Snowdrop, Minna no Uta: Snowdrop,Music,,,,"Bears, Minna no Uta",3.28,2004.0,,'No synopsis yet - check back soon!',,,,,
Final Approach,,TV   ,13.0,Zexcs,Fall ,"Comedy, Romance, Short Episodes, Based on a Visual Novel",3.28,2004.0,,"""In present-day Japan, a rising decline in the birth rate has prompted the government to intervene, thus forming the R.T.P. committee whose goal is to promote arranged marriages. Due to the sensitive nature of the issue, however, a test run was deemed mandatory, and young Ryo Mizuhara (chosen by the world's best supercomputer) was selected as the test subject, much to his own dismay. With the megalomaniac Shizuka Masuda appointed as his fiancee and secret agents in his face at every turn, can Ryo manage to save his sanity, let alone his bachelor lifestyle of the past?""",,,,"Ryo Mizuhara : Daisuke Kishio, Shizuka Masuda : Sakura Nogawa, Akane Mizuhara : Miyu Matsuki, Emiho Mutsu : Chiaki Takahashi, Miki Moriya : Yukari Tamura, Haruki Mukasa : Kousuke Okano, Yurika Meno : Yuuko Minaguchi, Takashi Yamamoto
Director, Angel Note
Music, Noriko Shimazawa
Character Design, Yasuhisa Kondou
Photography Director, Saburou Oomiya
Producer, Tomoko Kawasaki
Producer","Takashi Yamamoto : Director, Angel Note : Music, Noriko Shimazawa : Character Design, Yasuhisa Kondou : Photography Director, Saburou Oomiya : Producer, Tomoko Kawasaki : Producer"
Shadow Skill: Secret of the Kurudan Style,,OVA  ,1.0,,,"Hand to Hand Combat, Martial Arts",3.28,2004.0,,"'The legendary martial art known as Shadow Skill has been passed down through the generations, landing in the hands of the powerful Elle Ragu. Holding the title of Sevaar, she always is looking for a good fight along with her adoptive brother Gau Ban, but her newest challenge might be too much to handle. In Kuruda, this mysterious villain is on a quest to find the legendary Genesis skills that can defeat any opponent, including Elle and Gau. With time running out and the whole world to save, only Elle and Gau can save the day… but are their skills strong enough to survive?'",,"Shadow Skill, Shadow Skill: Phantom Of Shade, Shadow Skill (2000)","Shadow Skill: Epilogue, Shadow Skill OVA, Shadow Skill TV","Elle Ragu : Megumi Hayashibara, Gau Ban : Akio Matsuoka, Kurudan Style Founder : Hiroshi Yanaka, Scarface : Yasunori Matsumoto, Faury : Yuuko Mizutani, Kyou Ryu : Hiroshi Yanaka, Megumu Okada
Original Creator, Kazuya Ichikawa
Director","Megumu Okada : Original Creator, Kazuya Ichikawa : Director"
To Heart: Remember My Memories,,TV   ,13.0,AIC ASTA,Fall ,"Romance, Androids, Love Triangle, Non-Human Protagonists, Robots, School Life, Based on a Visual Novel",3.28,2004.0,,"'Time has passed and many things have changed in the lives of Hiroyuki and his friends. Most importantly, Multi, the human android he loved so much, is no longer a part of his life. Things take a turn, however, when the new semester starts. Multi unexpectedly is brought back to the school Hiroyuki and his friends attend by her developer Nagase, but it seems she has lost all of her memories. Now Hiroyuki must try to balance rebuilding his friendship with Multi while handling all of his other everyday problems.'",,"To Heart, To Heart: Remember My Memories, To Heart 2: Colorful Note, To Heart 2, To Heart 2: After School Diary - 4-koma MAXIMUM, To Heart 2 SD: Seitokai Days, To Heart 2: Another Days","To Heart Specials, To Heart, To Heart 2: Special Compilation, To Heart 2, To Heart ~Remember My Memories~ Specials, To Heart 2 OVA, To Heart 2 AD OVA, To Heart 2 AD Plus, To Heart 2 AD Next, To Heart 2: Dungeon Travelers","Akari Kamigishi : Ayako Kawasumi, Hiroyuki Fujita, Multi : Yui Horie, Aoi Matsubara, Ayaka Kurusugawa, Kotone Himekawa, Lemmy Miyauchi : Rumi Kasahara, Masashi Sato, Keitarou Motonaga
Director, Seikou Nagaoka
Music, Madoka Hirayama
Character Design, Tsuneo Takechi
Producer, Yuutarou Mochizuki
Producer, Makoto Nakamura
Producer, Tetsuya Tsuchihashi
Producer, Toshio Hatanaka
Producer","Keitarou Motonaga : Director, Seikou Nagaoka : Music, Madoka Hirayama : Character Design, Tsuneo Takechi : Producer, Yuutarou Mochizuki : Producer, Makoto Nakamura : Producer, Tetsuya Tsuchihashi : Producer, Toshio Hatanaka : Producer"
Futakoi, Twin Love,TV   ,13.0,ufotable,Fall ,"Comedy, Harem, Romance, School Life, Original Work",3.27,2004.0,,"'After his father decided to work overseas, Nozomu moved to the town of his childhood to attend school -- but this is no ordinary town! There is a legend that twins once loved a man so much that they turned into birds and flew away, and the abundance of twins to be found is the result. For Futami, having multiple twins who like him is a dream come true, but also a lot of work since they all want his attention! Now, with jealous fan clubs, sibling rivalry and an ornery goat named Billy to handle, Nozomu must try to win the affections of his childhood friends and new faces alike!'",,Futakoi Alternative,Futakoi Alternative,"Kaoruko Ichijou : Yui Horie, Kira Sakurazuki : Yui Itsuki, Nozomu Futami : Motoki Takagi, Sumireko Ichijou : Ami Koshimizu, Yura Sakurazuki : Hiromi Tsunakake, Keisuke Kosaka : Reiko Kiuchi, Kenmochi : Masaharu Satou, Miyabi Hinagiku : Ai Orikasa, Nobuo Tomizawa
Director, Hajime Kikuchi
Music, Mineko Ueda
Character Design, Gou Shukuri
Producer, Kouji Takeuchi
Producer, Kiyoshi Takano
Producer","Nobuo Tomizawa : Director, Hajime Kikuchi : Music, Mineko Ueda : Character Design, Gou Shukuri : Producer, Kouji Takeuchi : Producer, Kiyoshi Takano : Producer"
bloodthirsty butchers: Jack Nicholson,,Music,,,,"Criminals, Music",3.27,2004.0,,"'The official music video for Jack Nicholson from the album birdy, by bloodthirsty butchers.'",,,,"Mitsuyuki Ishibashi
Director, Bloodthirsty Butchers
Song Performance","Mitsuyuki Ishibashi : Director, Bloodthirsty Butchers : Song Performance"
Bobobo-bo Bo-bobo Recap,,TV Sp,,Toei Animation,,"Comedy, Sci Fi, Gag, Parody, Recap",3.27,2004.0,,"'A recap episode, covering episodes 1-32 of Bobobo-bo Bo-bobo.'",,,Bobobo-bo Bo-bobo,"Beauty, Bobobo-Bo Bo-Bobo, Dengakuman, Don Patch, Heppokomaru, Jelly Jiggler, Softon, Gunkan",
ficfyon7,,Movie,,,,"Abstract, Psychological, Shorts, Stop Motion Animation, Original Work",3.27,2004.0,,"'The noise of the badly projected cathode ray tube image cleared up and a news program called ""Ficfyon 7"" appeared on the monitor. Professor Kim Wilson, an expert on the mysterious genre of ""Ficfyon"" was introduced as a guest, and the host asked him questions about the current state of ""Ficfyon."" The professor\'s answer was not in words, but a mysterious gesture. With the presenter\'s astonished expression, the images on the monitor split and repeat like a matryoshka. Eventually, the program ends as if nothing had happened, but the strange loop continues afterwards...'",,,,,
Daphne in the Brilliant Blue Specials, Hikari to Mizu no Daphne Specials,DVD S,,J.C.Staff,,"Action, Ecchi, Original Work",3.27,2004.0,,'No synopsis yet - check back soon!',,Daphne in the Brilliant Blue,Daphne in the Brilliant Blue,"Gloria : Masumi Asano, Maia Mizuki : Mai Nakahara, Rena Honjou : Sayaka Oohara, Shizuka Hayama : Kana Ueda, Yu Park : Yuko Kaida, Chang : Shinji Kawada, Kosuke Yagi : Hidetoshi Nakamura, Lee : Tomomichi Nishimura",
Natsuiro no Sunadokei, Hourglass of Summer,OVA  ,2.0,Rikuentai,,"Drama, Romance, Sci Fi, School Life, Time Travel, Based on a Visual Novel",3.27,2004.0,,"""As the school term draws to a close, Koutarou Makimura vows to confess his love to Kaho Serizawa, the most beautiful girl in school. However, on the way home, he accidentally fondles a time traveler named Ligene, causing her to strike him recklessly over the head with an hourglass. When Koutarou wakes up, he discovers that summer has been and gone and that Kaho has tragically died. Now, with Ligene's help, he must leap through time and change the events of summer in order to save Kaho from her fate.""",,,,"Kaho Serizawa : Nana Mizuki, Koutarou Makimura : Hideki Ogihara, Ai Senou : Masayo Kurata, Ligene : Fumiko Orikasa, Mana Kawamura : Rikako Aikawa, Tomomi Yanagihara : Kikuko Inoue, Mr. Serizawa : Kazuya Ichijo, Takeshi Tokieda : Hiroki Takahashi, Takahiro Okao
Director, Ryou Sakai
Music, Yuuichi Oota
Music, Yasunari Nitta
Character Design, Takashi Nakanishi
Producer, Akihiko Hashimoto
Producer, Shin Oonuma
Episode Director & Storyboard","Takahiro Okao : Director, Ryou Sakai : Music, Yuuichi Oota : Music, Yasunari Nitta : Character Design, Takashi Nakanishi : Producer, Akihiko Hashimoto : Producer, Shin Oonuma : Episode Director & Storyboard"
Angelique,,OVA  ,3.0,Yumeta Company,,"Fantasy, Shoujo, Family Friendly, Magic, Based on an Otome Game, Based on a Visual Novel",3.26,2004.0,2005.0,"'Only one woman may rule the universe: she is the Queen. Her role is to keep the balance of creation and, with the help of her nine Guardians, make wise decisions that benefit all. However, the Queen’s powers do not last forever; once they begin to fade, a successor must be found to take her place. Enter Rosalia and Angelique, the finalist Queen Candidates who must face each other in a contest to determine who will take the throne. As they live through adventures in the Holy Land and get to know the Guardians, their true abilities are revealed – but who will come out victorious and claim the ultimate prize?'",,"Angelique, Neo Angelique","Angelique: Shiroi Tsubasa no Memoire, Angelique: Seichi yori Ai wo Komete, Angelique: Twin Collection, Koi Suru Tenshi Angelique: Kokoro no Mezameru Toki, Neo Angelique Abyss","Angelique Limoges : Yuri Shiratori, Oscar : Kenyuu Horiuchi, Rosalia De Catargena : Kotono Mitsuishi, Zephel : Mitsuo Iwata, Clavis : Hideyuki Tanaka, Dia : Atsuko Tanaka, Julious : Shou Hayami, Lumiale : Nobuo Tobita, Shin Katagai
Director",Shin Katagai : Director
Hamtaro OVA 4: Ham-Ham Games, Tottoko Hamutaro: Hamuchanzu no Mezase! Hamuhamu Kin Medal,OVA  ,1.0,TMS Entertainment,,"Animal Protagonists, Family Friendly, Hamsters, Non-Human Protagonists",3.26,2004.0,,"'In this tribute to the 2004 Olympics, Hamtaro and the Ham-Hams are tasked by Prince Bo with lighting the everlasting torch to Hamcropolis. However, the Rainbow Girls will not allow this and pursue the Ham-Hams.'",,The Adventures of Hamtaro,"Hamtaro, Hamtaro Movie 1: Ham Ham Land no Daibouken, Hamtaro OVA 1: Hamtaro's Birthday! 3000 Hammy Steps in Search of Mommy, Hamtaro Movie 2: Ham Ham Ham~Jya! Maboroshi no Princess, Hamtaro Movie 3: Ham Ham Gran Prix Aurora Tani no Kiseki: Ribbon-chan Kiki Ippatsu, Hamtaro OVA 2: Ham-Hams Ahoy!, Hamtaro Movie 4: Hamtaro to Fushigi no Oni no Emon Tou, Hamtaro OVA 3: Rainbow Rescue, Tottoko Hamtaro Dechu","Bijou : Kazusa Murai, Hamtaro : Kurumi Mamiya, Laura Haruna, Oxnard, Boss, Dexter : Chihiro Suzuki, Jingle, Kana Iwata",
Nurse Witch Komugi Z, Nurse Witch Komugi-chan Magikarte Z,OVA  ,2.0,Tatsunoko Production,,"Comedy, Ecchi, Magical Girl, Henshin Heroes, Idols, Magic, Parody, Original Work",3.25,2004.0,2005.0,"'Komugi is back! Now in a competitive idol career, she’s finally making a name for herself. Unfortunately, this usually results from her rivalry with the equally fame-hungry Megumi, with fans lapping up the action as the two swimsuit-clad beauties battle onscreen. However, Komugi’s warring lifestyle is disrupted with the arrival of the dastardly Magical Maid Koyori who seems intent on spreading weird viruses throughout the city that change the citizens into comical internet characters! One magical transformation later and Nurse Witch Komugi is ready to do battle with this cat-eared troublemaker. Can Komugi defeat Koyori and once again banish Angrar, the king of viruses, back to Vaccine World?'",,,"SoulTaker, Nurse Witch Komugi, Nurse Witch Komugi-chan Special, Nurse Witch Komugi Z Special, Nurse Witch Komugi R","Komugi Nakahara : Haruko Momoi, Koyori Kokubunji : Ikue Ootani, Mugimaru : Yuuji Ueda, Asuka Sakurai : Yukari Tamura, Kyousuke Date : Mitsuki Saiga, Maya : Ikue Ootani, Megumi Akiba : Atsuko Enomoto, Posokichi : Ai Shimizu, Yoshitomo Yonetani
Director, Kou Matsuzono
Director, Ryuji Takagi
Music, Akio Watanabe
Character Design, Kouhei Kawase
Producer, Takaya Ibira
Producer, Tetsurou Satomi
Producer, Jimmy Stone
Key Animator","Yoshitomo Yonetani : Director, Kou Matsuzono : Director, Ryuji Takagi : Music, Akio Watanabe : Character Design, Kouhei Kawase : Producer, Takaya Ibira : Producer, Tetsurou Satomi : Producer, Jimmy Stone : Key Animator"
Hamtaro Movie 4: Hamtaro to Fushigi no Oni no Emon Tou,,Movie,,TMS Entertainment,,"Animal Protagonists, Family Friendly, Hamsters, Non-Human Protagonists",3.25,2004.0,,'No synopsis yet - check back soon!',,The Adventures of Hamtaro,"Hamtaro, Hamtaro Movie 1: Ham Ham Land no Daibouken, Hamtaro OVA 1: Hamtaro's Birthday! 3000 Hammy Steps in Search of Mommy, Hamtaro Movie 2: Ham Ham Ham~Jya! Maboroshi no Princess, Hamtaro Movie 3: Ham Ham Gran Prix Aurora Tani no Kiseki: Ribbon-chan Kiki Ippatsu, Hamtaro OVA 2: Ham-Hams Ahoy!, Hamtaro OVA 3: Rainbow Rescue, Hamtaro OVA 4: Ham-Ham Games, Tottoko Hamtaro Dechu","Bijou : Kazusa Murai, Hamtaro : Kurumi Mamiya, Oxnard : Rikako Aikawa, Boss : Kentarou Itou, Dexter : Chihiro Suzuki, Ayayam : Aya Matsuura, Jingle : Yuu Asakawa, Kana Iwata, Ritsuko Kawai
Original Creator, Osamu Dezaki
Director & Storyboard, Motoyoshi Iwasaki
Music, Atsushi Yano
Producer, Masato Matsumoto
Producer, Tadahito Matsumoto
Producer","Ritsuko Kawai : Original Creator, Osamu Dezaki : Director & Storyboard, Motoyoshi Iwasaki : Music, Atsushi Yano : Producer, Masato Matsumoto : Producer, Tadahito Matsumoto : Producer"
Gravion Zwei, Choujuushin Gravion Zwei,TV   ,12.0,GONZO,Winter,"Comedy, Mecha, Sci Fi, Original Work",3.25,2004.0,,"'Eiji, Togo, Leele, Mizuki, Luna and Ena are back, and continue to battle the Zeravire daily in the combined super mecha Gravion! Along with fighting off the robotic invaders, the crew has maid duty, botched onsen visits and picnics with Sandman and Raven to handle. With the eminent threat of destruction ongoing and the maids working overtime, can the crew fight off the bad guys and show up their rivals (the elite G-Soldier Squadron) all while having a good time?'",,"Choujuushin Gravion (Light Novel), Choujuushin Gravion Zwei (Light Novel)",Gravion,"Eiji Shigure : Kenichi Suzumura, Klein Sandman : Shou Hayami, Leele : Houko Kuwashima, Luna Gusuku : Haruna Ikezawa, Mizuki Tachibana : Yuu Asakawa, Toga Tenkuji : Jun Fukuyama, Alex Smith : Junichi Suwabe, Anya : Kurumi Mamiya, Masami Obari
Director, Masumi Itou
Music, Makoto Uno
Character Design, Mikan Ehime
Character Design, Shouji Murahama
Producer, Ei Aoki
Storyboard, Shingo Suzuki
Storyboard","Masami Obari : Director, Masumi Itou : Music, Makoto Uno : Character Design, Mikan Ehime : Character Design, Shouji Murahama : Producer, Ei Aoki : Storyboard, Shingo Suzuki : Storyboard"
Doki Doki School Hours, Sensei no Ojikan,TV   ,13.0,J.C.Staff,Spring,"Comedy, Seinen, School Life, Based on a 4-Koma Manga, Based on a Manga",3.25,2004.0,,"""Mika wants to be the best teacher in the world: able to inspire her students to work hard and excel in their studies. Though she tries her hardest every day, she’s only about four and a half feet tall, so being taken seriously is difficult to say the least! To make matters worse, she teaches quite possibly the strangest bunch ever, from the resident super otaku to the loving lesbian who thinks Mika is the cutest thing born on this Earth. Now, amidst tests galore and homework aplenty, Mika's class starts another year on their path to graduation...""",,Doki Doki School Hours,Doki Doki School Hours Specials,"Akane Kobayashi : Tomoko Kawakami, Gen Nakamura : Mitsuo Iwata, Jouji Seki : Kishou Taniyama, Kenta Suetake : Kappei Yamaguchi, Mika Suzuki : Omi Minami, Minako Tominaga : Kana Ueda, Rio Kitagawa : Wakana Yamazaki, Shizuka Nagare : Ikue Ootani, Tamami Omose
Original Creator, Yoshiaki Iwasaki
Director, Yoshihisa Hirano
Music, Kiyotaka Nakahara
Character Design, Yuuji Matsukura
Producer, Kazuhiko Yusa
Producer, Tomohiro Ogawa
Producer, Masahito Otani
Episode Director","Tamami Omose : Original Creator, Yoshiaki Iwasaki : Director, Yoshihisa Hirano : Music, Kiyotaka Nakahara : Character Design, Yuuji Matsukura : Producer, Kazuhiko Yusa : Producer, Tomohiro Ogawa : Producer, Masahito Otani : Episode Director"
Daphne in the Brilliant Blue, Hikari to Mizu no Daphne,TV   ,24.0,J.C.Staff,Winter,"Action, Ecchi, Sci Fi, Bounty Hunters, Original Work",3.25,2004.0,,"'Maia Mizuki has just had all of her hopes and dreams shattered. Not only did she fail her entrance exam to the Ocean Agency, a prestigious marine law enforcement agency, but she’s also been left penniless, homeless, and alone. She soon finds herself caught in a gun fight between two scantily clad women and a pair of bank robbers. The women are from Nereids, a private detective agency that will do anything if the price is right. One thing leads to another and Maia takes a job working for Nereids, where she""ll receive room and board. Her jobs range from collecting rent to saving pets to capturing criminals. Now she just has to balance her life of ""fighting crime"" with her dream of one day being a part of the Ocean agency!'",,Daphne in the Brilliant Blue,Daphne in the Brilliant Blue Specials,"Gloria : Masumi Asano, Maia Mizuki : Mai Nakahara, Rena Honjou : Sayaka Oohara, Shizuka Hayama : Kana Ueda, Yu Park : Yuko Kaida, Chang : Shinji Kawada, Kosuke Yagi : Hidetoshi Nakamura, Lee : Tomomichi Nishimura, Takashi Ikehata
Director, Kow Otani
Music, Kazunori Iwakura
Character Design, Shigeru Nishiyama
Editor","Takashi Ikehata : Director, Kow Otani : Music, Kazunori Iwakura : Character Design, Shigeru Nishiyama : Editor"
Birthday Boy,,Movie,,,,"Korean Animation, Shorts, Original Work",3.25,2004.0,,'No synopsis yet - check back soon!',,,,,
Kinnikuman II Sei: Ultimate Muscle,,TV   ,13.0,Toei Animation,Spring,"Shounen, Sports, Hand to Hand Combat, Superheroes, Wrestling",3.25,2004.0,,'No synopsis yet - check back soon!',,"Kinnikuman, Ultimate Muscle: The Kinnukiman Legacy, Kinnikuman II Sei: Kyuukyoku Choujin Tag-hen, Kinnikuman: Kiseki no Kyuseishu Densetsu no Maki","Kinnikuman, Kinnikuman: Kessen!! Shichinin no Seigi Choujin vs. Uchuu Nobushi, Kinnikuman Movie, Kinnikuman Movie 4: Gyakushuu! Uchuu Kakure Choujin, Kinnikuman Movie 5: Haresugata! Seigi Choujin, Kinnikuman Movie 6: New York Kiki Ippatsu!, Kinnikuman: Kinnikusei Oui Soudatsu-hen, Kinnikuman II Sei Movie, Ultimate Muscle, Kinnikuman II Sei: Ultimate Muscle 2","Alexandria Meat : Konami Yoshida, Mantaro Kinniku : Masaya Onosaka, Terry Kenyon : Toshiyuki Morikawa, Check Mate, Gazelleman : Yasunori Masutani, Harabote Muscle : Kenji Nomura, Ilioukhine : Kouichi Toochika, Rinko Nikaido : Fumiko Orikasa, Yudetamago
Original Creator, Toshiaki Komura
Director, Masaki Satou
Character Design","Yudetamago : Original Creator, Toshiaki Komura : Director, Masaki Satou : Character Design"
Aqua Kids,,TV   ,26.0,,,"Adventure, Korean Animation, Ocean",3.24,2004.0,,'No synopsis yet - check back soon!',,,,"Ami : Akeno Watanabe, Dakis : Yui Ariga, Daler : Ken Narita, Garoo : Fumihiko Tachiki, Jino : Masakazu Morita, Ken : Yumiko Kobayashi, Morry : Masayuki Katou, Popo : Ai Matayoshi, Shunji Aoki
Producer, Atsuo Sugiyama
Producer","Shunji Aoki : Producer, Atsuo Sugiyama : Producer"
Hamtaro OVA 3: Rainbow Rescue, Tottoko Hamutaro: Hamuchanzu to Niji no Kuni no Oujisama,OVA  ,1.0,TMS Entertainment,,"Animal Protagonists, Family Friendly, Hamsters, Non-Human Protagonists",3.24,2004.0,,'No synopsis yet - check back soon!',,The Adventures of Hamtaro,"Hamtaro, Hamtaro Movie 1: Ham Ham Land no Daibouken, Hamtaro OVA 1: Hamtaro's Birthday! 3000 Hammy Steps in Search of Mommy, Hamtaro Movie 2: Ham Ham Ham~Jya! Maboroshi no Princess, Hamtaro Movie 3: Ham Ham Gran Prix Aurora Tani no Kiseki: Ribbon-chan Kiki Ippatsu, Hamtaro OVA 2: Ham-Hams Ahoy!, Hamtaro Movie 4: Hamtaro to Fushigi no Oni no Emon Tou, Hamtaro OVA 4: Ham-Ham Games, Tottoko Hamtaro Dechu","Bijou : Kazusa Murai, Hamtaro : Kurumi Mamiya, Laura Haruna, Oxnard, Boss, Dexter : Chihiro Suzuki, Jingle, Kana Iwata",
Agatha Christie's Great Detectives Poirot and Marple, Agatha Christie no Meitantei Poirot to Marple,TV   ,39.0,OLM,Summer,"Detectives, England, Europe, Based on a Novel",3.24,2004.0,2005.0,"""Maybelle West is a young relative of the famous Miss Marple, and an aspiring detective in her own right. Although the privilege of getting to witness Miss Marple's work from up close ought to be enough to train anyone in the craft, Maybelle also secures herself a place under the tutelage of another detective genius, Hercule Poirot. Thus, she ends up traveling between the village of St. Mary Mead and London, observing the two great minds at work as they use their amazing powers of deduction to solve crimes that leave the regular police baffled.""",,,,"Arthur Hastings : Hirofumi Nojima, Hercule Poirot : Kotaro Satomi, Mabel West : Fumiko Orikasa, Inspector Sharpe : Yusaku Yara, Jane Marple : Kaoru Yachigusa, Miss Lemon : Atsuko Tanaka, Oliver : Masako Joh, Alex Crackenthorpe : Daisuke Sakaguchi, Naohito Takahashi
Director, Toshiyuki Watanabe
Music, Sayuri Ichiishi
Character Design, Shinichi Watanabe
Episode Director, Masashi Sogo
Screenplay","Naohito Takahashi : Director, Toshiyuki Watanabe : Music, Sayuri Ichiishi : Character Design, Shinichi Watanabe : Episode Director, Masashi Sogo : Screenplay"
Legendz: Yomigaeru Ryuuou Densetsu, Legendz: Tale of the Dragon Kings,TV   ,50.0,Gallop,Spring,"Comedy, Shounen, Dragons, Based on a Manga",3.24,2004.0,2005.0,"'Shuzo ""Shu"" Matsutani is young, loves baseball, and carries around a useless white toy called a Talispod - at least, he THOUGHT it was useless. What Shu soon discovers is that Talispods can summon powerful monsters known as Legendz stored inside of Soul Dolls, and the evil Dark Wiz Toy Company wants his Talispod for nefarious purposes. After being chased by Dark Wiz\'s lackeys, Shu receives the ultimate gift from the skies: a Windragon who will fight by his side. Now, with the help of his friends, Shu will become involved in battles, hold back the Dark Wiz Toy Company, and discover the locations of the remaining Soul Dolls.'",,LegendZ,,"Halca Hepburn : Yuriko Fuchizaki, Meg Sprinkle : Megumi Nasu, Mike Mcfield : Masami Suzuki, Shiron : Kazuhiko Inoue, Shuzo Matsutani : Akemi Okamura, Dino Sparks : Omi Minami, Ranshiin : Kazuhiko Inoue, Anna : Chiemi Chiba, Akitarou Daichi
Director, Kazuyuki Kobayashi
Character Design, Shichirou Kobayashi
Art Director","Akitarou Daichi : Director, Kazuyuki Kobayashi : Character Design, Shichirou Kobayashi : Art Director"
Pretty Cure, Futari wa Pretty Cure,TV   ,49.0,Toei Animation,Winter,"Action, Magical Girl, Family Friendly, Henshin Heroes, Magic, Monster-of-the-week, Original Work",3.23,2004.0,2005.0,"'The sporty Nagisa and the bookish Honoka are ordinary middle school students, but when two strange creatures called Mepple and Mipple force them together to form the magical girl squad Pretty Cure, their differences soon give way to a developing friendship. But being a hero of the Light is not all roses! Will there be enough time for studying, playing lacrosse and cute boys in between their battles against minions of evil?'",,"Futari wa Precure, Futari wa Pretty Cure: Splash Star, Eiga: Futari wa Pretty Cure Splash Star - Chikutaku Kiki Ippatsu!, Go! Princess Pretty Cure, Kirakira Precure à la Mode","Pretty Cure Max Heart, Pretty Cure kara Minna e no Ouen Movie, Pretty Cure All Stars New Stage: Mirai no Tomodachi, Pretty Cure All Stars New Stage 2: Kokoro no Tomodachi, Pretty Cure All Stars New Stage 3: Eien no Tomodachi, Pretty Cure All Stars: Haru no Carnival♪, Pretty Cure All Stars: Minna de Utau♪ Kiseki no Mahou!, Hugtto! Pretty Cure x Futari wa Pretty Cure Movie: All Stars Memories","Honoka Yukishiro : Yukana, Nagisa Misumi : Youko Honna, Belzei Gertrude : Tomomichi Nishimura, Dark King : Kenichi Ono, Gekidrago : Kouji Ishii, Ilkubo : Issei Futamata, Juna : Yasunori Matsumoto, Kiriya : Reiko Kiuchi, Daisuke Nishio
Director, Naoki Satou
Music, Akira Inagami
Character Design, Tomoko Takahashi
Producer, Ten Washio
Producer, Moegi Nishizawa
Producer, Rika Tsuruzaki
Producer, Toshiaki Komura
Episode Director & Storyboard","Daisuke Nishio : Director, Naoki Satou : Music, Akira Inagami : Character Design, Tomoko Takahashi : Producer, Ten Washio : Producer, Moegi Nishizawa : Producer, Rika Tsuruzaki : Producer, Toshiaki Komura : Episode Director & Storyboard"
Hadakanbou, Minna no Uta: Hadakanbou,Music,,,,Minna no Uta,3.23,2004.0,,'No synopsis yet - check back soon!',,,,,
Diamond Daydreams, Kita e ~Diamond Dust Drops~,TV   ,12.0,Studio DEEN,Winter,"Drama, Romance, Age Gap, Doctors, Episodic, Unrequited Love, Based on a Visual Novel",3.23,2004.0,,"'Diamond dust: when the moisture in the air freezes on a chilly day, the air seems to sparkle and shimmer. It is said that to see the diamond dust in its glory means that lovers will stay together forever, friendships will flourish, and dreams will be realized. Kita-he ~Diamond Dust Drops~ tells the stories of several groups of friends and lovers as they struggle to stay together, accomplish their dreams, and anything in between, all revolving around the tale of the diamond dust.'",,,"Diamond Daydreams: Pure Session, Diamond Daydreams Special","Akari Harada : Akeno Watanabe, Atsuko Akanegi : Eriko Ishihara, Karin Shiraishi : Ao Takahashi, Kyouko Asahina : Mamiko Noto, Shoko Saibara : Urara Takano, Suomi Kitano : Mayu Amase, Cinema Club President : Kouichi Toochika, Dr. Amakasu : Gou Aoba, Ouji Hiroi
Original Creator, Bob Shirohata
Director, Takehiko Gokita
Music, Chinori Ribami
Character Design, Nobumitsu Urasaki
Producer, Satoshi Fujita
Producer, Hiroji Hamada
Producer, Shun Shimizu
Producer","Ouji Hiroi : Original Creator, Bob Shirohata : Director, Takehiko Gokita : Music, Chinori Ribami : Character Design, Nobumitsu Urasaki : Producer, Satoshi Fujita : Producer, Hiroji Hamada : Producer, Shun Shimizu : Producer"
"Sai (Zenpen): Mawaru, Meguru, Sono Kaku e", SAI: Part 1 / Revolving... to the Core,Music,,,,,3.22,2004.0,,'No synopsis yet - check back soon!',,,,,
Zoids: Fuzors,,TV   ,26.0,Tokyo Kids,Fall ,"Action, Mecha, Combining Mecha",3.22,2004.0,2005.0,"'On Planet Zi, in Blue City, a boy named R.D. works as a delivery boy for the Mach Storm team; he pilots his Liger Zero to help with his job-related tasks, but often finds himself in the middle of a Zoid battle as well. However, R.D.’s personal mission is to find the Alpha Zoid, the legendary machine that his father spent his lifetime trying to find. Along the path to fulfilling his dream, R.D. must deal with rivals such as Blake and the Savage Hammer team, and also somehow figure out the secrets of the Fuzor Zoids!'",,"Zoids: Chaotic Century, Zoids: New Century","Zoids: Chaotic Century, Zoids: Guardian Force, Zoids: New Century/Zero, Zoids: Genesis","Blade : Junji Majima, R.D. : Kenji Nojima, Sweet : Chie Nakamura, Alpha Richter : Tomokazu Seki, Amy : Manabi Mizuno, Anego : Masako Katsuki, Baraf : Kenta Miyake, Betty : Hitomi Nabatame, Kouji Makita
Director, Tetsuya Komuro
Music, Keisuke Watabe
Character Design, Fukashi Azuma
Producer, Toshihiro Nakazawa
Producer, Tomio Yamauchi
Episode Director, Mitsuko Ooya
Storyboard","Kouji Makita : Director, Tetsuya Komuro : Music, Keisuke Watabe : Character Design, Fukashi Azuma : Producer, Toshihiro Nakazawa : Producer, Tomio Yamauchi : Episode Director, Mitsuko Ooya : Storyboard"
Interlude,,OVA  ,3.0,Toei Animation,,"Action, Adventure, Ecchi, Mystery, Sci Fi, Based on a Visual Novel, Violence",3.21,2004.0,,"'In Japan, there is a disturbing rumor being spread that people\'s shadows are ripping from their bodies, never to be seen again. For one young man, the frightening nature of this rumor is just beginning to manifest in the form of a nightmarish world that he can\'t seem to escape from. In this place full of dark minions and demons, he and his friends fight futilely against unknown enemies, only to be brought back to the ""real world"" as quickly as they left it. Is this real, or a dream? Only one person holds the key to destroying and saving the world as he knows it...'",Violence,,,"Aya Watsuji : Houko Kuwashima, Boy : Masakazu Morita, Maiko Tamaki : Yukari Tamura, Chika Kimura : Kumiko Nishihara, Haruka Fujinobe : Yumi Touma, Ikuo Fuyuki : Hozumi Gouda, Izumi Marufuji : Mami Kingetsu, Kaoruko Minegishi : Machiko Toyoshima, Yukitoshi Houtani
Original Character Design, Tatsuya Nagamine
Director, Masahiro Hosoda
Director, Kouichirou Kameyama
Music, Hiroaki Shibata
Producer, Kazutaka Satoh
Producer, Takaaki Fukuyo
Key Animator","Yukitoshi Houtani : Original Character Design, Tatsuya Nagamine : Director, Masahiro Hosoda : Director, Kouichirou Kameyama : Music, Hiroaki Shibata : Producer, Kazutaka Satoh : Producer, Takaaki Fukuyo : Key Animator"
Saibou no Fushigi, Minna no Uta: Saibou no Fushigi,Music,,,,"Family Friendly, Minna no Uta",3.2,2004.0,,'No synopsis yet - check back soon!',,,,,
Stratos 4 OVA: Stratos 4.1 - Dutch Roll,,DVD S,,Studio Fantasia,,"Action, Comedy, Sci Fi, Aviation, Combining Mecha, Parody",3.2,2004.0,,'No synopsis yet - check back soon!',,,"Stratos 4, Stratos 4 OVA, Stratos 4 Advance, Stratos 4: Logbook, Stratos 4 Advance: Kanketsu-hen","Alice : Mayumi Asano, Mikaze Honjou : Yumi Kakazu, Annette Kerry, Betty Boozeman, Chizuru Kubo, Chris Calman, Karin Kikuhara, Kouichirou Sako : Mitsuo Iwata, Takeshi Mori
Director, Masamichi Amano
Music, Noriyasu Yamauchi
Character Design","Takeshi Mori : Director, Masamichi Amano : Music, Noriyasu Yamauchi : Character Design"
Stratos 4 OVA: Stratos 4.1 - Dutch Roll,,DVD S,,Studio Fantasia,,"Action, Comedy, Sci Fi, Aviation, Combining Mecha, Parody",3.2,2004.0,,No synopsis yet - check back soon!,,,"Stratos 4, Stratos 4 OVA, Stratos 4 Advance, Stratos 4: Logbook, Stratos 4 Advance: Kanketsu-hen","Alice : Mayumi Asano, Mikaze Honjou : Yumi Kakazu, Annette Kerry, Betty Boozeman, Chizuru Kubo, Chris Calman, Karin Kikuhara, Kouichirou Sako : Mitsuo Iwata, Takeshi Mori
Director, Masamichi Amano
Music, Noriyasu Yamauchi
Character Design","Takeshi Mori : Director, Masamichi Amano : Music, Noriyasu Yamauchi : Character Design"
Pokemon: Pikachu's Summer Festival, Pokemon: Pikachu no Natsumatsuri,Other,,OLM,,"Fantasy, Shounen, Animal Protagonists, Family Friendly, Monsters, Non-Human Protagonists, Based on a Video Game",3.19,2004.0,,"Summer has arrived, and many Pokemon have set up shops for a summer festival on the beach. Soon the gang will be blessed by a special performance from the pop idol Azumarill, but upon her arrival, she's kidnapped by the flying Pokemon Skarmory! Pikachu, along with Plusle, Minun, Meowth, Wobbuffet and a number of other Pokemon must now track down the singing beauty; the show must go on!",,"Pokemon: The Electric Tale of Pikachu, Pokémon Adventures, Magical Pokemon Journey, Pokémon: Diamond and Pearl Adventure!, Pokemon Mystery Dungeon: Ginji's Rescue Team, Pokemon Ranger, Pokemon Ranger and the Temple of the Sea, Pokemon: The Rise of Darkrai, Pokemon Ranger Batonnage, Kaitou! Pokemon 7, Pokemon: Giratina & the Sky Warrior!, Pokemon ReBURST, Pokemon the Movie: White - Victini and Zekrom, Pokemon + Nobunaga no Yabou - Ranse Iroemaki, Pokémon: Diancie and the Cocoon of Destruction, Pokémon: Omega Ruby & Alpha Sapphire, Pokemon the Movie: Hoopa and the Clash of Ages, Pokemon the Movie XY&Z: Volcanion to Karakuri no Magiana, Pokemon Horizon: Sun & Moon, Pokémon: Sun & Moon, Pokémon the Movie: I Choose You!","Pokemon Advanced, Pokemon: Pichu Bros. in Party Panic, Pokemon: Gotta Dance!, Pokemon Movie 6: Jirachi Wish Maker, Pokemon Movie 7: Destiny Deoxys, Pokemon Movie 8: Lucario and The Mystery of Mew, Pokemon: Pikachu's Ghost Carnival, Pokemon Movie 9: Pokemon Ranger and the Temple of the Sea, Pokemon: Pikachu's Island Adventure, Pokemon: Diamond & Pearl, Pokemon Movie 10: The Rise of Darkrai, Pokemon: Pikachu Tanken Club, Pokemon Mystery Dungeon: Explorers of Time and Darkness, Pokemon Movie 11: Giratina and the Sky Warrior, Pokemon: Pikachu's Great Ice Adventure, Pokemon Movie 12: Arceus and the Jewel of Life, Pokemon: Pikachu's Great Sparking Search, Pokemon Movie 13: Zoroark - Master of Illusions, Pokemon: Pikachu's Big Mysterious Adventure, Pokemon: Black & White, Pokemon Movie 14: Black - Victini and Reshiram, Pokemon Movie 14: White - Victini and Zekrom, Pokemon: Pikachu's Summer Bridge Story, Pokemon Black Version 2 and White Version 2, Pokemon: Black & White - Rival Destinies, Pokemon: Utae Meloetta - Rinka no Mi wo Sagase!, Pokemon Movie 15: Kyurem vs. The Sword of Justice, Pokemon: Meloetta's Moonlight Serenade, Pokemon: Black & White: Adventures in Unova, Pokemon: Black & White: Adventures in Unova and Beyond, Pokemon: Mewtwo - Prologue to Awakening, Pokemon: Eevee and Friends, Pokemon XY Special: Road to Kalos, Pokemon XY: Mega Evolution, Pokemon XY: Sora no Hahen, Pokemon: Diancie, Princess of the Diamond Domain, Pokemon Movie 17: Diancie and the Cocoon of Destruction, Pokemon: Hoopa, The Mischief Pokemon","Ash'S Pikachu : Ikue Ootani, Team Rocket’S Meowth : Inuko Inuyama, Jessie'S Wobbuffet : Yuuji Ueda, Ash'S Corphish, Ash'S Taillow, Ash'S Torkoal, Ash'S Treecko, Bellsprout, Kunihiko Yuyama
Director, Shinji Miyazaki
Music, Norihiro Matsubara
Character Design","Kunihiko Yuyama : Director, Shinji Miyazaki : Music, Norihiro Matsubara : Character Design"
Tofu (2004), Minna no Uta: Tofu,Music,,,,Minna no Uta,3.18,2004.0,,No synopsis yet - check back soon!,,,,,
Kashikokimono,,Movie,,,,"Abstract, Shorts",3.18,2004.0,,No synopsis yet - check back soon!,,,,"Takahiro Hayakawa
Director",Takahiro Hayakawa : Director
Hijikata Toshizou: Shiro no Kiseki,,OVA  ,1.0,Studio 4°C,,"19th Century, Feudal Japan, Historical, Samurai, Swordplay, Violence",3.18,2004.0,,"Historical Japan, the Meiji Revolution: Hijikata Toshizou is a young swordsman fighting for the Shinsengumi and the Tokugawa shogunate. As a lieutenant of the Shinsengumi, Hijikata earns a reputation for his ruthlessness and harsh moral code. Hijikata Toshizou's tale is one of fierce determination, his samurai spirit unfaltering even as the war nears its inescapable conclusion and his comrades fall one by one.",Violence,,,"Toshizou Hijikata : Rika Komatsu, Chie Uratani
Director & Character Design, Kenichi Kamio
Music, Miyuki Itou
Color Design","Chie Uratani : Director & Character Design, Kenichi Kamio : Music, Miyuki Itou : Color Design"
Rays: Moonflowers,,Music,,,,"Aliens, Dancing, Outer Space",3.18,2004.0,,No synopsis yet - check back soon!,,,,"Yeti, Hideaki Motoki
Director, Rays
Music","Hideaki Motoki : Director, Rays : Music"
Maze Bakunetsu Jikuu: Hot Springs, Maze: Hot Springs,DVD S,,,,,3.18,2004.0,,No synopsis yet - check back soon!,,,"Maze OVA, Maze, Maze Bakunetsu Jikuu: Tenpen Kyoui no Giant","Asterotte Reighe, Gorgeous, Mill Varnas, Randy, Rapier Sarris, Solude Schfoltzer, Chic",
Pe'z: Papa no March,,Music,,,,Music,3.17,2004.0,,No synopsis yet - check back soon!,,,,"Mitsuyuki Ishibashi
Director, Pe'Z
Music","Mitsuyuki Ishibashi : Director, Pe'Z : Music"
Tonosama Gaeru, Minna no Uta: Tonosama Gaeru,Music,,,,"Animal Protagonists, Family Friendly, Frogs, Minna no Uta, Non-Human Protagonists",3.17,2004.0,,No synopsis yet - check back soon!,,,,,
Ryuusei Sentai Musumet,,TV   ,13.0,TNK,Fall ,"Adventure, Comedy, Sci Fi, Sentai, Superheroes, Tokusatsu, Original Work",3.17,2004.0,,"Seven shooting stars from a distant galaxy have fallen to the Earth. Each of them has one of the rainbow colors and tremendous powers. Doctor Kishida and doctor Mishina got three of them, red, blue and green, in secret. After a long research, they control their powers using a helmet known as ""Musumet"". These helmets have special functions: they amplify their user's strenght and give him super powers. The two scientists create the secret organization ""MET"" to use the Musumet's power for world peace and protect the Earth from any posible damage caused by the remaining four stars. However, doctor Mishina and his wife die and their three daughters, Aoi, Midori and Kurenai make the decision to be the Musumets. The three sisters have to battle for the world peace, while the deal with common teenagers problems, like school, love or the three rich arrogant and plastic sisters Marcia, Kou and Shion Saotome.",,,,"Aoi Mishina, Kou Saotome, Kurenai Mishina : Liliana Barba, Marci Saotome, Midori Mishina, Shion Saotome, Nako Seijou : Miyu Matsuki, Shigeru Kimiya
Director, Kouji Hasegawa
Character Design, Nagateru Katou
Producer, Itsurou Kawasaki
Storyboard, Shinichirou Aoki
Storyboard","Shigeru Kimiya : Director, Kouji Hasegawa : Character Design, Nagateru Katou : Producer, Itsurou Kawasaki : Storyboard, Shinichirou Aoki : Storyboard"
Transformers: Energon Special, Transformers: Superlink Special,TV Sp,,Actas,,"Action, Comedy, Mecha, Sci Fi, Combining Mecha, Non-Human Protagonists, Robots, Sentient Mecha, Super Robot, Transforming Mecha, War",3.16,2004.0,,No synopsis yet - check back soon!,,"Transformers: The Manga, Transformers: The New Battle!!","Transformers: Scramble City, Transformers: The Movie, Transformers: The Headmasters, Transformers: Super-God Masterforce, Transformers: Victory, Transformers: Zone, Beast Wars II Chou Seimeitai Transformers, Beast Wars II Chou Seimeitai Transformers Movie, Chou Seimeitai Transformers: Beast Wars Neo, Transformers: Robots in Disguise, Transformers: Armada, Transformers: Energon, Transformers: Robot Masters, Transformers: Cybertron","Hot Shot, Rodimus, Cliffjumper, Cyclonus, Demolishor, Downshift, Duststorm, Inferno",
Wind: A Breath of Heart Specials,,DVD S,,Radix Ace Entertainment,,Based on a Visual Novel,3.16,2004.0,,No synopsis yet - check back soon!,,,"Wind -A Breath of Heart- Omake OVA, Wind: A Breath of Heart OVA, Wind: A Breath of Heart","Tatsuya Murayama
Music, Shinichi Yoshino
Character Design","Tatsuya Murayama : Music, Shinichi Yoshino : Character Design"
Zamagi: MAGICAL DEATH,,Music,,,,"Comedy, Parody",3.15,2004.0,,No synopsis yet - check back soon!,,,,"Ac-Bu
Director",Ac-Bu : Director
Kappa no Kaikata, How to Breed Kappas,TV   ,26.0,Picture Magic,Fall ,"Comedy, Seinen, Slice of Life, Japanese Mythology, Pets, Short Episodes, Youkai, Based on a Manga",3.15,2004.0,2005.0,"Kappas (Water Imps) and humans have a long history together in Japan, and in today's urbanised world, kappas can be purchased as pets. This is what a young man decides to do, and names his water imp 'Kaatan'. With no prior experience of keeping kappas, the new pet-owner consults a 'How to Raise a Water Imp' manual. He cares for, tames, and trains Kaatan, enjoying the imp's charms and patiently enduring his messes! Whether it's potty training or going out to play with other kappas, there's always an adventure for Kaatan and his new owner.",,Kappa no Kaikata,,"Kaatan : Chiro Kanzaki, Watashi : Masato Hagiwara, Chii : Yoshihiro Takayama, Kakkan : Junko Takeuchi, Misako Sakamoto : Nao Yamauchi, Yugo Ishikawa
Original Creator",Yugo Ishikawa : Original Creator
Fanta Jiisan no Uta, Minna no Uta: Fanta Jiisan no Uta,Music,,,,Minna no Uta,3.14,2004.0,,No synopsis yet - check back soon!,,,,,
Transformers: Energon, Transformers: Superlink,TV   ,51.0,Actas,Winter,"Action, Mecha, Sci Fi, Combining Mecha, Non-Human Protagonists, Robots, Sentient Mecha, Super Robot, Transforming Mecha, War",3.14,2004.0,,"It has been 10 years since the fateful battle with Unicron. Many of the Decepticons who fought in the battle against Unicron have joined forces with the Autobos to mine for Energon, an alternate energy source. But a new source of evil has risen, Alpha Q who plans to steal the Energon from the Autobots with the help of Scorponok and the Terrorcons. This new evil is trying to revive Megatron and Unicron in order to rekindle the old flames of war.",,"Transformers: The Manga, Transformers: The New Battle!!","Transformers: Scramble City, Transformers: The Movie, Transformers: The Headmasters, Transformers: Super-God Masterforce, Transformers: Victory, Transformers: Zone, Beast Wars II Chou Seimeitai Transformers, Beast Wars II Chou Seimeitai Transformers Movie, Chou Seimeitai Transformers: Beast Wars Neo, Transformers: Robots in Disguise, Transformers: Armada, Transformers: Robot Masters, Transformers: Energon Special, Transformers: Cybertron, Transformers: War for Cybertron - Siege, Transformers: War for Cybertron - Earthrise","Hot Shot : Kohsuke Toriumi, Jetfire : Nobuyuki Hiyama, Kicker Jones : Masumi Asano, Optimus Prime : Katsuyuki Konishi, Alexis Thi Dang : Akira Tomisaka, Arcee : Sharon Alexander, Brian Jones : Jin Yamanoi, Carlos Lopez : Junichi Endo, Jun Kawagoe
Director, Yutaka Sato
Director, Takashi Sano
Director, Kazunori Maruyama
Music, Yuka Takashina
Character Design, Yoshikazu Iwanami
Sound Director, Fukashi Azuma
Producer, Eugene Ishikawa
Producer","Jun Kawagoe : Director, Yutaka Sato : Director, Takashi Sano : Director, Kazunori Maruyama : Music, Yuka Takashina : Character Design, Yoshikazu Iwanami : Sound Director, Fukashi Azuma : Producer, Eugene Ishikawa : Producer"
Memories Off 3.5,,OVA  ,4.0,Picture Magic,,"Drama, Romance, Based on a Visual Novel",3.13,2004.0,,"After being dumped by his former girlfriend Neo, Shogo lives together with a new girl named Kanata. While hanging out with his friends in Cubic Cafe, he found out that Neo is a very popular model in a commercial; and unexpectedly, Neo shows up at the front down with nothing to say to him. Tragedy happens, and now, Shogo must decide who is more important to him, Neo or Kanata. Six months from this incident, a new story in the same town with a few familiar faces occurs. Inori is a high school girl who is looking forward to a promise she made with her boyfriend a year ago – to attend the Ashikajima fireworks display during the summer. During the busy hours of the festival, his job keeps him at the Narazu-ya Cafe. Will fate bring them together once again at their secret location?",,,"Memories Off, Memories Off 2nd, Memories Off #5 Togireta Film The Animation","Inori Misasagi, Isshu Sagisawa, Neo Kashima, Shougo Kaga, Hotaru Shirakawa, Ayumu Kise, Haya Nonohara, Inaho Shin, Toshikatsu Tokoro
Director, Ryou Sakai
Music, Konomi Sakurai
Character Design, Tadashi Oppata
Character Design, Chiyomaru Shikura
Producer, Takashi Saiki
Producer","Toshikatsu Tokoro : Director, Ryou Sakai : Music, Konomi Sakurai : Character Design, Tadashi Oppata : Character Design, Chiyomaru Shikura : Producer, Takashi Saiki : Producer"
Ring ni Kakero 1, Put it all in the Ring,TV   ,12.0,Toei Animation,Fall ,"Action, Shounen, Sports, Boxing, Hand to Hand Combat, Based on a Manga",3.13,2004.0,,"Ryuuji Takane is a young boxer who's determined to make it big and become a champion. His sister, Kiku, stands by his side as his trainer; together, they aim for the top. Ryuuji's first challenge is a middle school boxing tournament in which his arch rival Jun defeats him in the final round, though crippling his own arm in the process. Though victorious, due to his injury Jun suggests Ryuuji take his place in the Champion Carnival, an upcoming competition filled with the strongest of the strong. And so, Ryuuji and Kiku set forth to train hard and prepare for the Champion Carnival. With the help of his newly-learned ‘Boomerang Hook' skill  and sheer will power, Ryuuji will do whatever it takes to win the title!",,Ring ni Kakero,"Ring ni Kakero 1: Nichibei Kessen-hen, Ring ni Kakero 1: Shadow, Ring ni Kakero 1: Sekai Taikai-hen","Jun Kenzaki, Kiku Takane, Ryuuji Takane, Black Shaft, Ishimatsu Katori, Takeshi Kawai, Masami Kurumada
Original Creator, Toshiaki Komura
Director, Susumu Ueda
Music, Michi Himeno
Character Design, Shingo Araki
Character Design, Schreck Hedwick
Producer","Masami Kurumada : Original Creator, Toshiaki Komura : Director, Susumu Ueda : Music, Michi Himeno : Character Design, Shingo Araki : Character Design, Schreck Hedwick : Producer"
Lime-iro Senkitan: Nankoku Yume Roman, Raimuiro Senkitan: Nankoku Yume Roman,OVA  ,2.0,Studio Hibari,,"Ecchi, Harem, Island, Panty Shots, Based on a Visual Novel",3.13,2004.0,,"On its way to Kure Port, the Amanohara stops at an island to be repaired, giving some much needed rest and relaxation for Shintaro and the Raimu unit. The backdrop of a gorgeous festival is the perfect diversion for Momen, Asa and the rest of the girls; they use their womanly assets to their advantage time and time again in an attempt to finally get to their beloved teacher. But amidst the shared baths and nudity galore, trouble is brewing... for a sinister figure from the gang's past is soon to attack and disrupt their newfound vacation.",,,"Lime-iro Senkitan, Lime-iro Ryuukitan X","Asa Katou : Kaoru Sasajima, Kinu Fukushima : Sayaka Aoki, Momen Sanada : Ai Shimizu, Rinzu Kuroda : Yuka Aimoto, Sarasa Honda : Tsubasa Otomiya, Shintaro Umakai : Shinichirou Miki, Hyogo Kaji, Kuki, Satoru Akahori
Original Creator & Screenplay & Series Composition, Akira Suzuki
Director, Mayumi Watanabe
Character Design, Tetsurou Satomi
Producer","Satoru Akahori : Original Creator & Screenplay & Series Composition, Akira Suzuki : Director, Mayumi Watanabe : Character Design, Tetsurou Satomi : Producer"
Grrl Power!, Makasete Iruka!,OVA  ,1.0,CoMix Wave Films,,"Comedy, Family Friendly, Based on a Manga",3.12,2004.0,,"Need some help? At the Irakura agency, the young Umi, Sora and Ao take care of everything from delivering items to defeating monsters -- for a modest fee. Need a date? Having problems with your homework? There's nothing this young trio can't handle -- until now! When a distraught mother asks the girls for help getting her son to go back to school, Umi, Sora and Ao soon discover they might have a lot more to teach the boy than good attendance!",,Makasete Iruka!,,"Ao : Kaori Nazuka, Sora : Ayaka Saitou, Umi : Yumi Higashino, Akira Kosaka : Yuuko Sanpei, Hanazono : Tetsuo Komura, Riku : Kaori Shimizu, Batter-Kun : Shin Tamura, Gomez : Hisashi Eguchi, Akitarou Daichi
Producer & Director & Original Creator, Double Oats
Music, Yuka Shibata
Character Design","Akitarou Daichi : Producer & Director & Original Creator, Double Oats : Music, Yuka Shibata : Character Design"
Tsuki no Waltz, Minna no uta: Tsuki no Waltz,Music,,,,"Adventure, Fantasy, Minna no Uta",3.12,2004.0,,No synopsis yet - check back soon!,,,,,
Sakura Wars: Le Nouveau Paris, Sakura Taisen: Le Nouveau Paris,OVA  ,3.0,Radix Ace Entertainment,,"Sci Fi, Acting, Historical, Based on a Video Game",3.12,2004.0,2005.0,"The Paris Assault Force is back, but their leader is not. He's left for Japan, leaving the talented showgirls to wonder who should take his place. Will it be Erika the innocent nun, Loberia the ex-thief, Coquelicot the energetic circus performer, Glycine the proud noble, or Hanabi the expert marksman? Each girl believes she would be best for the position yet strange events put off the decision. Soon, more important events arise: an investigation threatens the secret of Les Chattes Noires, and a series of mysterious attacks rock the city. Can the girls discover the man behind the attacks, keep their secret safe, and still put on the best show in town?",,Sakura Taisen: Kanadegumi,"Sakura Wars: Ouka Kenran, Sakura Wars: Gouka Kenran, Sakura Wars TV, Sakura Wars: The Movie, Sakura Wars: Sumire, Sakura Wars: Ecole de Paris, Sakura Wars: New York NY., Sakura Wars: Kanadegumi, Sakura Kakumei ~Hana Saku Otome-tachi~","Coquelicot : Etsuko Kozakura, Erica Fontaine : Noriko Hidaka, Glycine Bleumer : Saeko Shimazu, Hanabi Kitaoji : Yoshino Takamori, Lobelia Carlini : Kikuko Inoue, Ci Caprice : Mika Kanai, Isabel Lilac : Keiko Aizawa, Mell Raison : Sachiko Kojima, Yuusuke Yamamoto
Director, Hiroyuki Kawasaki
Screenplay & Series Composition, Kouhei Tanaka
Music, Hidenori Matsubara
Character Design, Masaki Tanaka
Character Design, Keisaku Okumura
Producer, Akira Nishino
Producer, Hiromi Mori
Producer","Yuusuke Yamamoto : Director, Hiroyuki Kawasaki : Screenplay & Series Composition, Kouhei Tanaka : Music, Hidenori Matsubara : Character Design, Masaki Tanaka : Character Design, Keisaku Okumura : Producer, Akira Nishino : Producer, Hiromi Mori : Producer"
Wind: A Breath of Heart OVA,,OVA  ,3.0,VENET,,"Drama, Romance, Slice of Life, Supernatural, Based on a Visual Novel",3.12,2004.0,,"After ten years, Makoto Okano comes back to his home town with his little sister Hinata. There, he again meets his childhood sweetheart Minamo Narukaze whom he has given a harmonica (owns by his father) as a gift years ago. A strange girl suddenly shows up, making Makoto realize something is going on. The girl is attached to his parents, Minamo's father Akihito and the harmonica itself.",,,"Wind -A Breath of Heart- Omake OVA, Wind: A Breath of Heart, Wind: A Breath of Heart Specials","Hikari Tsukishiro : Riko Hirai, Makoto Okano : Hisayoshi Suganuma, Minamo Narukaze : Miwa Kouzuki, Nozomi Fujimiya : Junko Okada, Tsuneo Tominaga
Director, Minami Nozaki
Music, Kouji Watanabe
Character Design, Rie Nishino
Character Design","Tsuneo Tominaga : Director, Minami Nozaki : Music, Kouji Watanabe : Character Design, Rie Nishino : Character Design"
Morizo to Kikkoro,,TV   ,52.0,Spring 2004,,Non-Human Protagonists,3.11,2004.0,2005.0,No synopsis yet - check back soon!,,,,"Morizo, Kikkoro, Hisako Matsumoto
Producer",Hisako Matsumoto : Producer
Ragnarok: The Animation,,TV   ,26.0,G&G Entertainment,Spring,"Adventure, Fantasy, Magic, Medieval, RPG, Based on a Video Game",3.1,2004.0,,"Roan and Yuufa are two travelers in the world of Ragnarok, a place filled with magic, swordsmanship, quests, and of course, Porings! Armed with plenty of spells and potions, the two set off on a journey to find fame and fortune with newfound friends Maya the item-seller, and Takius, a mage who is determined to find the ""truth"". But with so many harrowing adventures ahead of them, will there be enough heal spells to go around?!",,Ragnarok,,"Iruga : Kazuya Nakai, Judia : Minako Arakawa, Keough : Takehito Koyasu, Maya : Haruko Momoi, Roan : Daisuke Sakaguchi, Takius : Aya Hisakawa, Yufa : Nana Mizuki, Dark Lord : Yousuke Akimoto, Myung-Jin Lee
Director, Noriyuki Asakura
Music, Kenji Shinohara
Character Design, Kenichi Kuroki
Producer","Myung-Jin Lee : Director, Noriyuki Asakura : Music, Kenji Shinohara : Character Design, Kenichi Kuroki : Producer"
The Mad Capsule Markets: Scary,,Music,,,,,3.1,2004.0,,No synopsis yet - check back soon!,,,,"The Mad Capsule Markets
Music",The Mad Capsule Markets : Music
Azusa Will Help!," Azusa, Otetsudai Shimasu!",OVA  ,1.0,TMS Entertainment,,"Sports, Baseball, Maids, Non-Human Protagonists, Robots, Original Work",3.1,2004.0,,"In the year 2099, the world of sports has been changed forever due to the addition of athletically inclined robots. For Karu Duck High's baseball club, these expensive opponents on Eagle High's team present a large challenge, especially if they want to win the championship, and their pride! With no money to spend and one player short, the team decides to do the only sensible thing -- purchase a second-hand maid robot to help them win?! As the tournament approaches, this group of students must help a cleaning machine be a baseball star, all without ruining her circuitry!",,,,"Azusa : Mamiko Noto, Senzou Harumaki : Kenichi Ogata, Shunpei Harumaki : Yuuki Tai, Tanabe : Hiroki Shimowada, Tonomura : Kentarou Itou, Yuuki Mizuho : Sachiko Kojima, Akira Nakasato : Youji Ueda, Doujima Arashi : Makoto Aoki, Hajime Kamegaki
Director, Kay-Ta Shiina
Music, Hideaki Miyamoto
Producer","Hajime Kamegaki : Director, Kay-Ta Shiina : Music, Hideaki Miyamoto : Producer"
Kage, Shadow,OVA  ,4.0,A.P.P.P.,,"Action, Drama, Assassins, Borderline H, Feudal Japan, Historical, Ninja, Swordplay, Explicit Sex,, Explicit Violence",3.08,2004.0,,"It is the peacful Edo period in Japan, and ninjas are hardly needed anymore. Karyu, a particularly skilled ninja, is forced to do work as a hired killer. She is asked to kill a merchant, but when she gets there, she finds that his servant is actually a ninja, who is just as skilled as Karyu. Her name is Uzume. Karyu and Uzume then compete against eachother in a bloody battle for superiority.","Explicit Sex,, Explicit Violence",,,"Karyu : Shiho Kawaragi, Uzume : Mari Adachi, Aoi : Mika Doi, Chen : Tsuyoshi Koyama, Gisuke : Juurouta Kosugi, Hyakki : Rei Igarashi, Jaki : Youichi Nishijima, Juuzou Hattori : Seizo Katou, Masashi Abe
Director, Yasuhito Kikuchi
Director, Marco D'Ambrosio
Music, Shinya Takahashi
Character Design","Masashi Abe : Director, Yasuhito Kikuchi : Director, Marco D'Ambrosio : Music, Shinya Takahashi : Character Design"
Meine Liebe, Ginyu Mokushiroku: Meine Liebe,TV   ,13.0,BEE TRAIN,Fall ,"Europe, Political, Based on a Visual Novel",3.08,2004.0,2005.0,"It was a time of political instability. While most of Europe was involved with power struggles, the island country of Kuchen followed its own independent path; and with the leadership of an intelligent king and his advisors, the people worked to restore their kingdom. These advisors, with strong minds and good backgrounds, were graduates of a prestigious boarding school known as the Rozenstolz Academy. Follow the lives of the five students with the potential to become the king's next advisors (known as the Strahl candidates), as they strive to achieve their dreams.",,Meine Liebe,Meine Liebe Wieder,"Camus Pfalzgraf Von Silvaner Lüneburg : Souichirou Hoshi, Eduard Markgraf Von Sekt Nahe Braunschweig : Tomokazu Seki, Isaac Cavendish : Takehito Koyasu, Ludwig Herzog Von Mohn Nahe Liechtenstein : Toshihiko Seki, Naoji Ishizuki : Akira Ishida, Orpherus Fürst Von Marmelade Nahe Görz : Takahiro Sakurai, Anri, Belouze, Kouichi Mashimo
Director, Yoshihisa Hirano
Music, Minako Shiba
Character Design","Kouichi Mashimo : Director, Yoshihisa Hirano : Music, Minako Shiba : Character Design"
Panda-Z: The Robonimation,,TV   ,30.0,Synergy SP,Spring,"Comedy, Mecha, Sci Fi, Animal Protagonists, Anthropomorphic, Bears, Chibi, Family Friendly, Non-Human Protagonists, Pandas, Parody, Short Episodes, Original Work",3.08,2004.0,,"Pan-Talon, pilot of the Panda-Z mecha, lives a colorful life. He engages in skirmishes against Skull Panda and the evil Warunimal army, plays Old Maid with his buddies, and consumes meals made out of batteries (for what else would a robot eat?). Meanwhile, at the enemy HQ, the Warunimal captains are more interested in finding out what their leader looks like under his cape than they are about devising evil plots. Through a variety of situations the forces collide, with both sides suffering design faults and neither taking the fighting seriously!",,,,"Pan-Talon, Bokkuma, Denwan, Dr. Panji, Eteckee, Firebear, Ichiro Hamu, Jangarly, Mamoru Kanbe
Director, Yoshikazu Iwanami
Sound Director, Seiya Numata
Key Animator","Mamoru Kanbe : Director, Yoshikazu Iwanami : Sound Director, Seiya Numata : Key Animator"
Burn Up! Scramble,,TV   ,12.0,AIC Spirits,Winter,"Action, Ecchi, Panty Shots, Police",3.08,2004.0,,"Warrior is an elite and highly-secret anti-crime unit of the police force. Established for quick resolution to terrorism and other considerable crimes, it is an all female team comprised of a weapons expert with a tragic past; a psychic with a low alcohol tolerance; and a judo expert looking for love. The adept three-member squad is assigned increasingly-daunting and challenging cases, but the most powerful and sinister organization may be closer than anyone realizes...",,Burn-Up: Excess & W,"Burn Up!, Burn Up! W, Burn Up! Excess","Lilica Evett : Mamiko Noto, Maya Jinguu : Rie Kugimiya, Rio Kinezono : Megumi Toyoguchi, Matsuri Tamagawa : Rie Tanaka, Warriors Commander : Yuko Kagata, Yuji Naruo : Hiroki Takahashi, Dill : Kazuhiko Nishimatsu, Monica : Kimiko Saitou, Hiroki Hayashi
Director, Toshihiko Sahashi
Music, Kazuo Nobuta
Music, Toshiharu Murata
Character Design, Hiroshi Kawamura
Producer, Kouhei Kawase
Producer, Masayoshi Matsumoto
Producer, Naofumi Morishita
Producer","Hiroki Hayashi : Director, Toshihiko Sahashi : Music, Kazuo Nobuta : Music, Toshiharu Murata : Character Design, Hiroshi Kawamura : Producer, Kouhei Kawase : Producer, Masayoshi Matsumoto : Producer, Naofumi Morishita : Producer"
Duel Masters Charge,,TV   ,52.0,A.C.G.T,Spring,"Shounen, Card Battles, Family Friendly, Based on a Manga",3.07,2004.0,2006.0,No synopsis yet - check back soon!,,,"Duel Masters, Duel Masters: Curse of the Deathphoenix, Shinseiki Duel Masters Flash, Duel Masters Zero, Zero Duel Masters, Duel Masters Cross, Duel Masters: Lunatic God Saga, Duel Masters Cross Shock, Duel Masters Victory, Duel Masters Victory V, Duel Masters Victory V3, Duel Masters Versus, Duel Masters Versus Revolution, Duel Masters: Hamukatsu to Dogiragon no Curry-pan Daibouken, Duel Masters Versus Revolution Final","Kyoshiro Kokujo, Mimi Tasogare, Shobu Kirifuda, George Kamamoto : Norio Wakamoto, Hakuoh, Knight, Rekuta Kadoko : Yuka Imai, Saiyuki Manaka, Shigenobu Matsumoto
Original Creator, Masayuki Hiraoka
Character Design","Shigenobu Matsumoto : Original Creator, Masayuki Hiraoka : Character Design"
Nanami-chan,,TV   ,12.0,Group TAC,Fall ,"Animal Protagonists, Family Friendly, Non-Human Protagonists, Short Episodes",3.07,2004.0,2005.0,"Michi and her parents have just move into the Happiness House, a bizarre neighborhood built atop a giant tree. As Michi ventures into her new room, a strange nut falls from one of the tree branches on the ceiling, revealing a small creature inside called Nanami-chan. The two quickly become good friends and begin to explore the Happiness House, discovering its secrets, meeting the neighbors, and teaching Nanami about the world, from daifuku to astronomy.",,,"Nanami-chan 2nd Series, Nanami-chan 3rd Series, Nanami-chan 4th Series, Nanami-chan 5th Series, Nanami-chan 6th Series","Michi Aoba : Yumi Kakazu, Nanami, Yoko Aoba : Noriko Hidaka, Yusaku Aoba : Takehito Koyasu, Chuta Uzaki : Tomomichi Nishimura, Eiffel, Emi Tobashiri, Fran, Tatsutoshi Nomura
Director, Kuricorder Quartet
Music, Takuya Inaba
Character Design, Hisako Matsumoto
Producer","Tatsutoshi Nomura : Director, Kuricorder Quartet : Music, Takuya Inaba : Character Design, Hisako Matsumoto : Producer"
Demonbane OVA, Kishin Houkou Demonbane OVA,OVA  ,1.0,Group TAC,,"Action, Fantasy, Mecha, Based on an Eroge, Based on a Visual Novel",3.07,2004.0,,"Amidst the hustle and bustle of Arkham, a wonderous city built by the powers of magic and alchemy, lie not-so-hushed rumors of a great machine that can be rarely seen in the city. With the newest sighting of this towering robot known as Demonbane, freelance journalist Lily Bridge is on the road to employment with a local paper. Her task? Find out information about the Demonbane by whatever means necessary! Joined by Kuro Daijuji, private investigator, Lily's skills are put to the test when mad scientists, otherworldly women, and even Demonbane itself gets in the way!",,"Zanmataisei Demonbane (Light Novel), Kishin Houkou Demonbane, D.Y.N. Freaks","Demonbane, Demonbane: Ouroboros Rondo","Kurou Daijuuji : Kentarou Itou, Lily Bridge : Tomoko Kawakami, Al Azif : Rie Kanda, Doctor West : Takumi Yamazaki, Blake : Toshiyuki Morikawa, Captain Ness : Kazuhiro Nakata, Chiaki : Kaoru Morota, Elsa : Mikako Sato, Shintarou Inokawa
Director & Storyboard, Hideki Hashimoto
Character Design, Kengo Shigemura
Editor, Yukio Takatsu
Assistant Animation Director & Storyboard","Shintarou Inokawa : Director & Storyboard, Hideki Hashimoto : Character Design, Kengo Shigemura : Editor, Yukio Takatsu : Assistant Animation Director & Storyboard"
Ghost Talker's Daydream, Teizokurei Daydream,OVA  ,4.0,Hal Film Maker,,"Ecchi, BDSM, Fetish, Ghost Hunters, Supernatural, Based on a Manga, Mature Themes,, Suicide",3.06,2004.0,,"The life of a spiritual medium is not an easy – being constantly surrounded by spirits, each with a problem to solve! The albino Misaki Saiki is one such medium who finds herself solving mysteries, fighting spirits and even getting possessed on occasion; and since talking to spirits doesn’t manage to pay the bills, she’s also a dominatrix on the side. Together with her spirit-fearing and martial arts-loving partner, an apprentice, and her very own stalker, Misaki will help spirits come to rest while fulfilling the desires of her S&M clients.","Mature Themes,, Suicide",Ghost Talker's Daydream,,"Ai Kunugi : Yukari Tamura, Misaki Saiki : Masumi Asano, Souichiro Kadotake : Tomokazu Sugita, Anzai : Michiko Neya, Mitsuru Fujiwara : Daisuke Kishio, Yamazaki : Tetsuo Kaneo, Ichinose : Mai Ito, Koga : Issei Futamata, Saki Okuse
Original Creator, Osamu Sekita
Director, Takayuki Negishi
Music, Akemi Kobayashi
Character Design & Chief Animation Director, Minoru Takanashi
Producer, Jun Yukawa
Producer, Shigeru Nishiyama
Editor","Saki Okuse : Original Creator, Osamu Sekita : Director, Takayuki Negishi : Music, Akemi Kobayashi : Character Design & Chief Animation Director, Minoru Takanashi : Producer, Jun Yukawa : Producer, Shigeru Nishiyama : Editor"
Nara Shika Monogatari, Nara Deer Story,Web  ,1.0,,,"Comedy, Animal Protagonists, Anthropomorphic, Boxing, Hand to Hand Combat, Non-Human Protagonists, Shorts",3.06,2004.0,,No synopsis yet - check back soon!,,,,"Jun Aoki
Director",Jun Aoki : Director
Kimagure Robot,,TV   ,10.0,Studio 4°C,Fall ,"Comedy, Sci Fi, Non-Human Protagonists, Promotional, Robots, Short Episodes, Original Work",3.06,2004.0,,"Need a house cleaner? A genie? A stand-up comic? Hakase Company has a solution for you: a robot, tailor made for your needs! From diary writing to spy catching, to thwarting alien invasions or extinguishing fires, there’s nothing these robots can’t do. But like most machinery, one thing is certain: malfunctions are bound to occur! Join the Doctor, his robotic assistant and mechanical creations galore as they save the world, one task at a time!",,,,"Assistant : Rio Matsumoto, Doctor : Toshiyuki Itakura, Nobutake Itou
Director, Chie Uratani
Director, Seiichi Yamamoto
Music","Nobutake Itou : Director, Chie Uratani : Director, Seiichi Yamamoto : Music"
B-Legend! Battle B-Daman,,TV   ,52.0,Nippon Animedia,Winter,"Action, Adventure, Fantasy, Shounen, Family Friendly, Based on a Manga",3.05,2004.0,,"Raised by cats until he was five, Yamato Delgato's only dream was to play B'Daman - the official sport of the B'DaWorld. His dream comes true when he's chosen to wield the most powerful B'Daman ever, the legendary Cobalt Blade, as only he has the skills to harness its power. This is his journey into the world of B'Daman as he learns valuable lessons and also tries to save the B'DaWorld from the evil clutches of the Shadow Alliance.",,B-Densetsu! Battle B-Daman,B-Legend! Battle B-Daman Fire Spirits!,"Bull Borgnine : Kurumi Mamiya, Gray Michael Vincent : Yuuki Tai, Tsubame Tsubakura : Tomoko Kaneda, Yamato Daiwa : Reiko Takagi, Armada : Tadashi Miyazawa, Enjyu : Daisuke Kishio, Liena Grace Vincent : Takako Uemura, Li Yong Fa : Miyako Ito, Mitsuo Hashimoto
Director, Hiroyuki Kawasaki
Series Composition, Yoshihiro Nagamori
Character Design, Shinichi Ikeda
Producer","Mitsuo Hashimoto : Director, Hiroyuki Kawasaki : Series Composition, Yoshihiro Nagamori : Character Design, Shinichi Ikeda : Producer"
The Melody of Oblivion, Boukyaku no Senritsu,TV   ,24.0,GAINAX,Spring,"Ecchi, Fantasy, Mecha, Mystery, Sci Fi, Motorcycles, Superpowers, Based on a Manga",3.04,2004.0,,"At the end of the 20th century a fierce war raged between the Monsters and the humans. The outcome was devastating for humanity -- as the Monsters had won -- and thus a new era of Monster-ruling began. These Monsters feed on children and can turn any human who sees them into either a puppet or stone -- except for the Melos Warriors who are the only ones able to fight them. Meet Bokka, a young aspiring Melos Warrior whose only goal is quite simple: to save the Melody of Oblivion and vanquish the Monster King, once and for all!",,The Melody of Oblivion,,"Bocca Serenade : Houko Kuwashima, Sayoko Tsukinomori : Masumi Asano, Child Dragon : Ken Yamaguchi, Coco : Yukari Tamura, Cron : Taliesin Jaffe, Elan Vital : Hiro Shimono, Flying Bunny : Yuri Shiratori, Hikari : Issei Miyazaki, Hiroshi Nishikiori
Director, Yoshikazu Suo
Music, Shinya Hasegawa
Character Design, Shichirou Kobayashi
Art Director, Hiroki Satou
Producer, Yuuji Matsukura
Producer, Takashi Tachizaki
Producer, Tsuyoshi Kamimiyashi
Producer","Hiroshi Nishikiori : Director, Yoshikazu Suo : Music, Shinya Hasegawa : Character Design, Shichirou Kobayashi : Art Director, Hiroki Satou : Producer, Yuuji Matsukura : Producer, Takashi Tachizaki : Producer, Tsuyoshi Kamimiyashi : Producer"
Ichigeki Sacchuu!! HoiHoi-san, Ichigeki Sacchuu!! Hoihoi-san,OVA  ,1.0,Daume,,"Sci Fi, Insects, Non-Human Protagonists, Robots, Based on a Manga",3.04,2004.0,,"In the year 20XX, insects have developed immunity to every kind of insect spray. To counter the incredible rise in insect numbers the Japanese government developed tiny extermination robots code named ""Hoihoi-san"". The popularity of Hoihoi-san units rises not only as a night time extermination unit, but for doll collectors as well! However, when a rival company introduces its own tiny extermination robots a new form of corporate sabotage begins, as they target not only the insects, but all Hoihoi-san units themselves!",,Ichigeki Sacchu HoiHoi-san,Ichigeki Sacchuu!! Hoihoi-san: Legacy,"Combat-San : Rie Tanaka, Hoihoi-San : Rie Kugimiya, Kimiko Dewa : Megumi Nasu, Aburatsubo : Showtaro Morikubo, Manager, Mutsumi Fushikawa : Mai Nakahara, Kunihiko Tanaka
Original Creator, Takuya Satou
Director, Shinji Ochi
Character Design, Nobuhiro Oosawa
Producer, Takeshi Anzai
Producer, Shun Umezawa
Producer","Kunihiko Tanaka : Original Creator, Takuya Satou : Director, Shinji Ochi : Character Design, Nobuhiro Oosawa : Producer, Takeshi Anzai : Producer, Shun Umezawa : Producer"
Transformers: Robot Masters,,OVA  ,2.0,Actas,,"Action, Mecha, Sci Fi, Non-Human Protagonists, Robots, Sentient Mecha, Short Episodes, Super Robot, Transforming Mecha, War, CG Animation",3.04,2004.0,2005.0,No synopsis yet - check back soon!,,"Transformers: The Manga, Transformers: The New Battle!!","Transformers: Scramble City, Transformers: The Movie, Transformers: The Headmasters, Transformers: Super-God Masterforce, Transformers: Victory, Transformers: Zone, Beast Wars II Chou Seimeitai Transformers, Beast Wars II Chou Seimeitai Transformers Movie, Chou Seimeitai Transformers: Beast Wars Neo, Transformers: Robots in Disguise, Transformers: Armada, Transformers: Energon, Transformers: Energon Special, Transformers: Cybertron","Optimus Prime : Wataru Hatano, Star Saber : Masahito Yabe, Victory Leo : Youto Kazama, Beast Megatron : Toshitsugu Takashina, Convoy, Starscream : Kunihiro Kawamoto, Gigant Bomb : Toshitsugu Takashina, Lio Convoy : Masayuki Katou, Kouji Itou
Director, Manabu Santou
Producer","Kouji Itou : Director, Manabu Santou : Producer"
"Hello Again, JoJo"," Minna no Uta: Hello Again, JoJo",Music,,POLYGON PICTURES,,Minna no Uta,3.03,2004.0,,No synopsis yet - check back soon!,,,,,
Dogtato-kun, Jagainu-kun,TV   ,26.0,Studio Egg,Spring,"Animal Protagonists, Dogs, Family Friendly, Food Protagonists, Non-Human Protagonists, Short Episodes, Original Work",3.02,2004.0,,"Dogtato-kun is one of the many half-animal/half-vegetable inhabitants of Veggietown! Along with Croconion, Cucumbird, Hedgetato and the rest of the gang, Dogtato-kun and Veggietown's edible dwellers will have fun, fall in love, and make new friends, all without losing a leaf!",,,,"Dogtato-Kun : Shinobu Adachi, Boartato : Kumiko Higa, Chocho : Mitsuyo Kondo, Croconion : Satoshi Taki, Cucumbird : Takayuki Inoue, Eggplooch : Yuu Urata, Haripotato : Sanae Kobayashi, Lady Bug : Yuu Urata, Masako Sugiyama
Original Creator, Yutaka Kagawa
Director, Hiroshi Igarashi
Music, Ikuko Itou
Character Design","Masako Sugiyama : Original Creator, Yutaka Kagawa : Director, Hiroshi Igarashi : Music, Ikuko Itou : Character Design"
Green Green Thirteen: Erolutions,,DVD S,,Studio Matrix,,"Comedy, Boarding School, Borderline H, Based on an Eroge, Based on a Visual Novel, Explicit Sex",3.02,2004.0,,"With the integration only a half a year away the school prepares for the last segrigated semester and the girls are back. Midori plays the matchmaker, from the future, and visits Yuuske and Futaba in their dreams encouraging them in their relationship which finally comes to a conclusion.",Explicit Sex,Green Green (Light Novel),"Green Green OVA, Green Green, Green Green Character DVD","Futaba Kutsuki, Midori Chitose, Yuusuke Takasaki, Chigusa Iino, Hikaru Ichiban-Boshi, Reika Morimura, Sanae Minami, Tadatomo Ijuuin, Yuuji Mutou
Director, Shinkichi Mitsumune
Music, Kiyotaka Nakahara
Character Design, Hisatoshi Yoshikawa
Producer","Yuuji Mutou : Director, Shinkichi Mitsumune : Music, Kiyotaka Nakahara : Character Design, Hisatoshi Yoshikawa : Producer"
Monkey Turn,,TV   ,25.0,OLM,Winter,"Action, Sports, Racing, Based on a Manga",3.02,2004.0,,"All Kenji wanted was to become a professional baseball player. But when his coach suggests that he look into the world of boat racing, the boy quickly throws himself into the sport. Alongside other racers such as Hiroshi, Kenji will now train and drive his heart out in an attempt to reach his goal: to be Japan's number one boat racer!",,Monkey Turn,Monkey Turn V,"Kenji Hatano : Tokuyoshi Kawashima, Aki Koike : Yumi Touma, Arisa Jougasaki : Michiko Neya, Hiroshi Kishimoto, Sumi Ugokata : Junko Noda, Takehiro Douguchi, Takeo Douguchi : Takeshi Aono, Takeshi Hamaoka, Katsutoshi Kawai
Original Creator, Katsuhito Akiyama
Director, Daisuke Ikeda
Music, Atsushi Okuda
Character Design, Ryuichi Kimura
Episode Director & Storyboard, Ei Aoki
Storyboard","Katsutoshi Kawai : Original Creator, Katsuhito Akiyama : Director, Daisuke Ikeda : Music, Atsushi Okuda : Character Design, Ryuichi Kimura : Episode Director & Storyboard, Ei Aoki : Storyboard"
Arigatou Thank You, Minna no Uta: Arigatou Thank You,Music,,,,"Aliens, Family Friendly, Minna no Uta, CG Animation",3.01,2004.0,,No synopsis yet - check back soon!,,,,,
Hakuchuu Meikyuu,,Web  ,1.0,,,"Abstract, Black and White, Shorts",3.01,2004.0,,No synopsis yet - check back soon!,,,,"Taro Shinkai
Director",Taro Shinkai : Director
Denki Groove: Hikenai Guitar wo Hikundaze, Hikenai Guitar wo Hikundaze,Music,,,,,3.0,2004.0,,No synopsis yet - check back soon!,,,,"Denki Groove
Song Performance",Denki Groove : Song Performance
Divergence Eve: Misaki Chronicles,,TV   ,13.0,Radix Ace Entertainment,Winter,"Action, Ecchi, Sci Fi, Aliens, Outer Space, Original Work",,2004.0,,"The Watcher’s Nest has escaped the final experiment via the ""Exodus"" emergency procedure to Earth… or have they? Forced to anchor to the moon to avoid colliding with the earth, they discover the world to be surrounded by a time barrier. And on earth, time is running amok! Different eras of history appear on the planet, but with only 2 constants: the presence of a Ghoul’s specular and Kureha Misaki. Can Major Lyar, Kiri, Commander Woerns and the crew unravel the mystery of the time barrier, Misaki and the Ghouls to escape this warped reality, and find their way home?",,,Divergence Eve,"Lyar Von Ertiana : Reiko Kiuchi, Misaki Kureha : Yumi Kakazu, Jean-Luc Leblanc : Takehito Koyasu, Juzoh Kureha : Hiroaki Hirata, Kiri Marialate : Fumie Mizusawa, Kotoko : Miyu Matsuki, Suzanna Bluestein : Sanae Kobayashi, Akari Kureha : Yuri Amano, Hiroshi Negishi
Chief Director, Jun Takada
Director, Yousuke Haga
Music, Toshinari Yamashita
Character Design, Motoki Ueda
Producer, Tsuneo Takechi
Producer, Toshio Hatanaka
Producer, Maki Horiuchi
Producer","Hiroshi Negishi : Chief Director, Jun Takada : Director, Yousuke Haga : Music, Toshinari Yamashita : Character Design, Motoki Ueda : Producer, Tsuneo Takechi : Producer, Toshio Hatanaka : Producer, Maki Horiuchi : Producer"
W Wish,,TV   ,13.0,Picture Magic,Fall ,"Drama, Harem, Slice of Life, School Life",2.99,2004.0,,"Juuna Tono is a boy without a past. Orphaned by a tragic accident that claimed the lives of his parents and his memory, Juuna and his younger twin sister Senna have only survived by their commitment to support each other. But when a strange girl greets him as “Big Brother” (onii-chan) Juuna turns to her and says, “Haru…hi?” It is someone from his forgotten past, who Senna claims is his childhood friend… or is she? Senna is obviously distraught at her appearance. To clear this mystery Juuna must reclaim his memory and his past to create a bright new future.",,,W Wish Omake,"Haruhi Inohara : Ryouko Shintani, Junna Tono : Jun Fukuyama, Senna Tono : Ai Shimizu, Akino Iida : Yuuka Nanri, Sana Fujie : Tomoko Kaneda, Tomokazu Kishida : Yoshinori Fujita, Tomo Kishida : Miyu Matsuki, Tsubasa Otori : Saeko Chiba, Osamu Sekita
Director, Ryou Sakai
Music, Yasunari Nitta
Character Design, Saburou Oomiya
Producer, Takashi Nakanishi
Producer","Osamu Sekita : Director, Ryou Sakai : Music, Yasunari Nitta : Character Design, Saburou Oomiya : Producer, Takashi Nakanishi : Producer"
Kujibiki Unbalance OVA,,OVA  ,3.0,Ajia-do,,"Comedy, Ecchi, School Life",2.99,2004.0,2005.0,"At Rikkyouin High School, the freshmen are divided into groups based upon lots that are drawn in a lottery, after which they must compete against in other in a series of contests. Whether it’s cooking, hardball, swimming or exorcisms, the challenges they face will determine which group will become the next year’s student council. All the while, the current student council president is busy defending her life against assassination attempts! There’s never a dull day at Rikkyouin High School!",,"Genshiken, Kujibiki Unbalance","Genshiken, Kujibiki Unbalance, Genshiken OVA, Genshiken 2","Chihiro Enomoto : Yuka Imai, Izumi Tachibana : Yuko Kaida, Komaki Asagiri : Yukari Tamura, Ritsuko Kubel Kettenkrad : Saeko Chiba, Tokino Akiyama : Akemi Kanda, Kaoruko Yamada : Yuuko Gotou, Kasumi Kisaragi : Ayako Kawasumi, Mugio Rokuhara : Kenichi Suzumura, Tsutomu Mizushima
Director, Masanori Takumi
Music","Tsutomu Mizushima : Director, Masanori Takumi : Music"
Big Fish & Begonia (2004), Da Yu Hai Tang (2004),Web  ,1.0,,,"Adventure, Drama, Fantasy, Romance, Chinese Animation, Shorts",2.99,2004.0,,No synopsis yet - check back soon!,,,Big Fish & Begonia,"Liang Xuan
Director, Zhang Chun
Director & Character Design, Kiyoshi Yoshida
Music","Liang Xuan : Director, Zhang Chun : Director & Character Design, Kiyoshi Yoshida : Music"
Yumeria,,TV   ,12.0,Studio DEEN,Winter,"Action, Comedy, Ecchi, Fantasy, Harem, Magical Girl, Romance, Dream World, Henshin Heroes, Superpowers, Based on a Video Game",2.99,2004.0,,"When Mikuri Tomokazu fell asleep on his 16th birthday, he expected to dream of girls and happy places -- but instead found himself on a strange battlefield in a desolate world! Now, Mikuri is saddled with the responsibility of saving the both the human and dream worlds from forces that could spell their destruction! But, more importantly, he is also saddled with a legion of adoring voluptuous girls. Questions abound: Who will Mikuri grope next? Will he ever score? And, less importantly, will the world be destroyed?",,,,"Mizuki Agatsuma : Masumi Asano, Tomokazu Mikuri : Wataru Hatano, Kuyou Senjou : Sara Nakayama, Mone : Moyu Arishima, Nanase Senjou : Kikuko Inoue, Neito : Mariko Suzuki, Neneko : Tamaki Nakanishi, Ishikari-Sensei : Tetsu Inada, Keitarou Motonaga
Director, Shinobu Nishioka
Character Design, Yoshihisa Nakayama
Producer, Shinichi Nakamura
Producer, Keiichi Matsuda
Producer, Ishii Akakura
Producer, Hiroyuki Koizumi
Producer, Kozue Kaneniwa
Producer","Keitarou Motonaga : Director, Shinobu Nishioka : Character Design, Yoshihisa Nakayama : Producer, Shinichi Nakamura : Producer, Keiichi Matsuda : Producer, Ishii Akakura : Producer, Hiroyuki Koizumi : Producer, Kozue Kaneniwa : Producer"
Tsuki wa Higashi ni Hi wa Nishi ni: Operation Sanctuary OVA, Hani Hani: Operation Sanctuary OVA,OVA  ,4.0,Radix Ace Entertainment,,Based on a Visual Novel,2.98,2004.0,,No synopsis yet - check back soon!,,,Tsuki wa Higashi ni Hi wa Nishi ni: Operation Sanctuary,,
Tsuki wa Higashi ni Hi wa Nishi ni: Operation Sanctuary, Hani Hani: Operation Sanctuary,TV   ,13.0,Radix Ace Entertainment,Summer,"Comedy, Drama, Harem, Romance, Sci Fi, Time Travel, Based on a Visual Novel",2.98,2004.0,,"For Naoki, the arrival of the mysterious Mikoto Amagaki was a life changing experience to say the least. Having embarked on a search for her long lost brother, Mikoto has managed to stir a great deal of questions in our young hero, including wondering why he has dreams of the brother's wrongdoings as they occur, and consequently, why this man looks so much like himself! With amnesia blocking the memories of his past, and secrets left unrevealed, it seems the joy and sadness in young Naoki's life is only just beginning...",,,Tsuki wa Higashi ni Hi wa Nishi ni: Operation Sanctuary OVA,"Honami Fujieda : Rie Kanda, Mikoto Amagasaki : Junko Nakata, Naoki Kuzumi : Hikaru Midorikawa, Chihiro Tachibana : Hitomi, Fumio Akiyama : Kanoko Hatamiya, Genzou Shibugaki : Hitoshi Bifu, Junichi Fukano : Yasunori Matsumoto, Kouji Hirose : Hiroki Takahashi, Shousei Jinno
Director, Akifumi Tada
Music, Norikatsu Nakano
Character Design, Tsuneo Takechi
Producer, Asuka Yamazaki
Producer, Makoto Nakamura
Producer, Toshio Hatanaka
Producer, Takashi Mizukami
Producer","Shousei Jinno : Director, Akifumi Tada : Music, Norikatsu Nakano : Character Design, Tsuneo Takechi : Producer, Asuka Yamazaki : Producer, Makoto Nakamura : Producer, Toshio Hatanaka : Producer, Takashi Mizukami : Producer"
Kaze no Toori Michi, Minna no Uta: Kaze no Toori Michi,Music,,,,"Romance, Adult Couples, Minna no Uta",2.96,2004.0,,No synopsis yet - check back soon!,,,,"Woman, Man, Joe Hisaishi
Music",Joe Hisaishi : Music
Viewtiful Joe,,TV   ,51.0,Group TAC,Fall ,"Action, Adventure, Sci Fi, Based on a Video Game",2.96,2004.0,2005.0,"Joe and Sylvia were watching a movie about the legendary superhero Captain Blue one day, when something unexpected happened: a monster reached through the movie screen and plucked Sylvia away! The giant robot Six Machine then grabs Joe and transports him to the other world as well, where Captain Blue gives him the ability to transform into a fantastic superhero! Joe, as the unstoppable fighting machine Viewtiful Joe, will do his best to save Silvia and put a stop to the bad guys that stand in his way.",,,,"Captain Blue Jr. : Makoto Tsumura, Joe : Tomokazu Seki, Silvia : Natsuko Kuwatani, Alastor : Shinichirou Miki, Captain Blue : Banjou Ginga, Charles The Third : Mitsuru Ogata, Fire Leo : Youji Ueda, Gran Bruce : Shouto Kashii, Takaaki Ishiyama
Director & Episode Director & Screenplay & Storyboard, Takehiko Gokita
Music, Yuusuke Hayashi
Music, Yukiko Oohashi
Character Design, Akira Takeuchi
Animation Director, Yuuji Yanase
Animation Director","Takaaki Ishiyama : Director & Episode Director & Screenplay & Storyboard, Takehiko Gokita : Music, Yuusuke Hayashi : Music, Yukiko Oohashi : Character Design, Akira Takeuchi : Animation Director, Yuuji Yanase : Animation Director"
Love Love?,,TV   ,,IMAGIN,Spring,"Comedy, Ecchi, Harem",2.96,2004.0,,"17 year old Ooizumi Naoto finds himself on set as the “making of” cameraman for a big budget TV production named Cosmopolitan Prayers. He is in heaven these days since his crush, Magami Natsumi, has been chosen for the lead heroine. But as he tries to find ways to advance their relationship, the other girls seem to also have set their sights on him with not-so-coy looks, full-body knockdowns and skirt flipping. Is he in heaven or hell? With all the chaos surrounding him, the biggest problem isn’t the incessant teasing, but whether or not the girls find out his big secret!",,,"Smash Hit Specials, Cosprayers The Movie, Cosprayers Specials, Cosprayers, Smash Hit, Love Love? Specials","Naoto Oizumi : Mamoru Miyano, Hikaru Jougasaki : Sayaka Oohara, Miku Hayasaka : Kiyomi Asai, Mitsuki Ikuta : Mamiko Noto, Natsumi Yagami : Miyu Matsuki, Sayaka Imamura : Mayumi Yoshida, Youko Katsugari : Sanae Kobayashi, Kazumi Hayakawa, Takeo Takahashi
Director, Toshihiko Sahashi
Music, Miwa Ooshima
Character Design, Toyoo Ashida
Producer, Akio Sakai
Producer, Masanobu Arakawa
Producer","Takeo Takahashi : Director, Toshihiko Sahashi : Music, Miwa Ooshima : Character Design, Toyoo Ashida : Producer, Akio Sakai : Producer, Masanobu Arakawa : Producer"
Wind: A Breath of Heart,,TV   ,13.0,Radix Ace Entertainment,Summer,"Drama, Romance, Slice of Life, Supernatural, Based on a Visual Novel",2.96,2004.0,,"When Makoto was forced to move away from his hometown, he left his childhood friend Minamo a harmonica and a promise: they’d meet again someday and eventually marry. Years later, Makoto and his sister Hinata return to Kazune, the city of supernatural powers. When Makoto hears a mysterious yet familiar harmonica melody being played on the roof of the school, he finds himself reunited with the girl of his all-but-forgotten childhood promise. The three and their friends happily go to school, spend time together, and slowly become more and more involved in the mysteries of a city which hides a great and disturbing secret – a secret that has touched all their lives more closely than they can possibly yet understand.",,,"Wind -A Breath of Heart- Omake OVA, Wind: A Breath of Heart OVA, Wind: A Breath of Heart Specials","Hikari Tsukishiro : Riko Hirai, Makoto Okano : Hisayoshi Suganuma, Minamo Narukaze : Miwa Kouzuki, Hinata Okano : Ritsuko Kasai, Kasumi Shikouin : Satomi Kodama, Minamo'S Father : Jin Horikawa, Nozomi Fujimiya : Junko Okada, Tsutomu Tachibana : Akio Suyama, Daisuke Chiba
Chief Director, Mitsuhiro Tougou
Chief Director, Tatsuya Murayama
Music, Shinichi Yoshino
Character Design, Tsuneo Takechi
Producer, Asuka Yamazaki
Producer, Makoto Nakamura
Producer, Toshio Hatanaka
Producer","Daisuke Chiba : Chief Director, Mitsuhiro Tougou : Chief Director, Tatsuya Murayama : Music, Shinichi Yoshino : Character Design, Tsuneo Takechi : Producer, Asuka Yamazaki : Producer, Makoto Nakamura : Producer, Toshio Hatanaka : Producer"
Gunbuster: Science Lessons,"Alt titles: Aim For the Top! Science Lessons, Top wo Nerae! Science Lessons",DVD S,,GAINAX,,"Educational, Original Work",2.95,2004.0,,No synopsis yet - check back soon!,,Gunbuster 2,"Gunbuster, Gunbuster Renewal EX, Gunbuster 2, Gunbuster Movie, Gunbuster 2 Movie, Gunbuster: Science Lessons Return, Gunbuster 2: Science Lessons","Kazumi Amano, Koichiro Ota, Noriko Takaya, Kazuya Tsurumaki
Director, Kouhei Tanaka
Music","Kazuya Tsurumaki : Director, Kouhei Tanaka : Music"
Kyuutai Panic Adventure Returns!, Orb Panic Adventure Returns!,Other,,,,"Action, Shounen, Crossover, Martial Arts, Shorts, Superpowers",2.93,2004.0,,No synopsis yet - check back soon!,,,Kyuutai Panic Adventure!,"Enel, Goku Son, Monkey D. Luffy, Android 18, Bulma, Gohan Son, Kankichi Ryotsu, Krillin",
Kakari, A Clerk in Charge,Movie,,,,"Animal Protagonists, Black and White, Non-Human Protagonists, Shorts",2.93,2004.0,,No synopsis yet - check back soon!,,,,"Atsushi Wada
Director",Atsushi Wada : Director
Kakyuusei 2, Kakyuusei 2: Hitomi no Naka no Shoujo-tachi,TV   ,13.0,ARMS,Fall ,"School Life, Based on an Eroge, Based on a Visual Novel",2.91,2004.0,,"Oriya Rouma is one busy high school kick boxing club member – albeit a lazy one who doesn't practice. Not a day goes by where there isn't some sort of chaos for him, whether it be injuring himself in fights or getting scolded by his best friend, Tamaki, who is also a member of the kick boxing club and very frustrated by Rouma's apathetic nature. The excitement doesn't stop there either. An enigma of a student has arrived at the school and it seems everyone, student and teacher alike, have some sort of memory of him. Maybe these memories are just a trick of the mind, or perhaps there is something more to this mysterious new boy than meets the eye...",,,"Elf-ban Kakyuusei, Kakyuusei","Nozomu Sunafuki : Taku Kimura, Okie Ibuse : Erika Narumi, Rouma Oriya : Hikaru Midorikawa, Shun Kishida : Hikaru Ikeda, Tamaki Saimon : Shiho Kawaragi, Chiho Kotono : Shizuka Kondou, Fumi Yokomizo : Hiromi Nishikawa, Hiroko Hirasawa : Ryouko Tanaka, Shigenori Kageyama
Director & Screenplay & Series Composition & Storyboard, Tomoyasu Kurashima
Character Design, Shigemi Ikeda
Art Director, Yasunori Muratake
Producer, Kan Fukumoto
Episode Director","Shigenori Kageyama : Director & Screenplay & Series Composition & Storyboard, Tomoyasu Kurashima : Character Design, Shigemi Ikeda : Art Director, Yasunori Muratake : Producer, Kan Fukumoto : Episode Director"
Kodomo no Kaitei no Koto, The Thing of Rotation for a Child,Movie,,,,Shorts,2.89,2004.0,,For whom does a girl keep rotating? A story of a weird relationship between a child and adults.,,,,"Atsushi Wada
Director",Atsushi Wada : Director
Sheep in the Island,,Other,,RG Animation Studios,,"Animal Protagonists, Island, Korean Animation, Non-Human Protagonists, Short Episodes, CG Animation, Original Work",2.89,2004.0,,No synopsis yet - check back soon!,,,Sheep and Dinoduck,"Dinoduck, Sheep",
Ken Hirai: Kimi wa Tomodachi,,Music,,,,,2.89,2004.0,,No synopsis yet - check back soon!,,,,"Ken Hirai
Music",Ken Hirai : Music
Akane Maniax, Kimi ga Nozomu Eien Gaiden,OVA  ,3.0,Silver,,"Comedy, Romance, Parody, Based on an Eroge, Based on a Visual Novel",2.88,2004.0,2005.0,"For Akane Suzumiya, letting go of her memories and moving forward has been difficult. Luckily (more like unluckily) for her, the loud and confident baseball powerhouse Gouda ""Ace"" Jouji has just transferred to school, and what's better (worse?!), he's just proposed to her in the middle of class after their first meeting! Can Akane outmaneuver and escape the persistent Gouda, or is she doomed to a pairing she cannot refuse?",,,"Rumbling Hearts, Kimi ga Nozomu Eien: Gundam Parody, Ayumayu Theater, Kimi ga Nozomu Eien ~Next Season~","Akane Suzumiya : Kaori Mizuhashi, Jouji Gouda : Tomokazu Seki, Chizuru Sakaki : Masayo Kurata, Haruka Suzumiya : Minami Kuribayashi, Kasumi Yashiro : Minami Kuribayashi, Kei Ayamine : Yuuko Nagashima, Mana Tsukuyomi : Akiko Ueda, Marimo Jinguuji : Miki Inoue, Tetsuya Watanabe
Director, Kenichi Sudou
Music, Yoshiki Minami
Music, Ado Torai
Music, Satoru Isono
Character Design, Katsuji Mizuta
Producer, Katsuyuki Kurasaki
Producer, Yoshiyuki Itou
Producer","Tetsuya Watanabe : Director, Kenichi Sudou : Music, Yoshiki Minami : Music, Ado Torai : Music, Satoru Isono : Character Design, Katsuji Mizuta : Producer, Katsuyuki Kurasaki : Producer, Yoshiyuki Itou : Producer"
Post Pet Momobin,,TV   ,24.0,Summer 2004,,"Animal Protagonists, Anthropomorphic, Bears, Family Friendly, Non-Human Protagonists, Short Episodes",2.87,2004.0,2005.0,"The plush Momo and Komomo are special letter carriers: they deliver mail from the depths of the sea to the end of the universe, from the past to the future itself. With a positive attitude and smile, the duo delivers letters to doctors, beautiful women, insects, ailing old men, and anything in between. Who will Momo and Komomo visit today?",,,,"Komomo, Momo, Professor Goddard : Showtaro Morikubo",
Love Love? Specials,,DVD S,,IMAGIN,,"Comedy, Harem, Original Work",2.87,2004.0,,No synopsis yet - check back soon!,,,"Smash Hit Specials, Cosprayers The Movie, Cosprayers Specials, Cosprayers, Smash Hit, Love Love?","Natsumi Yagami : Miyu Matsuki, Hikaru Jougasaki : Sayaka Oohara, Miku Hayasaka : Kiyomi Asai, Mitsuki Ikuta, Naoto Oizumi, Sayaka Imamura : Mayumi Yoshida, Youko Katsugari : Sanae Kobayashi, Takeo Takahashi
Director, Toshihiko Sahashi
Music, Miwa Ooshima
Character Design, Toyoo Ashida
Producer, Akio Sakai
Producer, Masanobu Arakawa
Producer","Takeo Takahashi : Director, Toshihiko Sahashi : Music, Miwa Ooshima : Character Design, Toyoo Ashida : Producer, Akio Sakai : Producer, Masanobu Arakawa : Producer"
Samurai Gun,,TV   ,12.0,Studio Egg,Fall ,"Action, Seinen, Feudal Japan, Historical, Samurai, Based on a Manga, Mature Themes,, Physical Abuse,, Sexual Abuse,, Violence",2.86,2004.0,,"In the time of the Shogunate, fierce warriors roam the countryside, raping and murdering innocent people. The only hope for peace lies with one man and a group of samurai who want nothing more than to bring down the bad guys, dead or alive! From saving prostitutes’ lives to gunning down brutal murderers, there’s nothing that Ichimatsu -- the Samurai Gun -- can’t do. With the help of body armor, high powered guns and close friends to watch his back, Ichimatsu must hunt down the Shogun’s ruthless killers by the way of the samurai… the Samurai Gun!","Mature Themes,, Physical Abuse,, Sexual Abuse,, Violence","Samurai Gun, Samurai Gun Gekkou",Samurai Gun Special,"Ichimatsu : Showtaro Morikubo, Kurenai : Kyoko Hikami, Ohana : Minori Chihara, Daimon : Katsuyuki Konishi, Gouta : Takehito Koyasu, Mitsumune Watou :  Tomokazu Sugita, Shunkai Matsuzaki : Kazuya Nakai, Sutekichi : Hiroki Takahashi, Kazuhiro Kumagai
Original Creator, Hideki Sonoda
Director, Kazuhito Kikuchi
Director & Storyboard, Akifumi Tada
Music, Kenichi Oonuki
Character Design, Yuuji Suzuki
Producer, Kunitoshi Okajima
Episode Director","Kazuhiro Kumagai : Original Creator, Hideki Sonoda : Director, Kazuhito Kikuchi : Director & Storyboard, Akifumi Tada : Music, Kenichi Oonuki : Character Design, Yuuji Suzuki : Producer, Kunitoshi Okajima : Episode Director"
Kagami no Genon,,Movie,,,,"Abstract, Black and White, Shorts",2.84,2004.0,,"The reflection of a spinning mirror on the ceiling. The tinkling of someone practicing the piano. One day, a young man discovers the true beauty of the world in its sights, sounds and natural light shows.",,,,"Kojiro Shishido
Director & Music",Kojiro Shishido : Director & Music
Pugyuru,,TV   ,13.0,Spring 2004,,"Comedy, Gag, Maids, Short Episodes, Based on a 4-Koma Manga, Based on a Manga",2.84,2004.0,,"In a normal neighborhood in a normal city, a young maid arrives from the maid village to help out a young unnamed girl. But this battery-operated being is no ordinary maid! Not only can she remove her head and turn her body into glue (amongst other things), Cheko-chan also has the wackiest of friends. From Mizore, the edible snow spirit from the north, to Nachiko, a large squid who likes to change faces, to Kanato the Yankee, the bully who is the strongest of them all, it seems the craziness has just begun in the life of a once typical high school student.",,Pugyuru,,"Cheko : Ai Tokunaga, Ma- : Sakura Nogawa, Kanato : Yuu Asakawa, Mizore : Kumi Sakuma, Nachiko : Miki Narahashi, Aniki : Toshihide Tsuchiya, Clerk : Nobuyuki Hiyama, Gangster : Nobuyuki Hiyama, Hajime Kurihara
Director, Yasunori Mitsuda
Music","Hajime Kurihara : Director, Yasunori Mitsuda : Music"
123, Minna no Uta: 123,Music,,,,"Family Friendly, Minna no Uta, Music",2.84,2004.0,,No synopsis yet - check back soon!,,,,,
I Love Sky,,Other,,RG Animation Studios,,"Comedy, Animal Protagonists, Anthropomorphic, Bears, Family Friendly, Non-Human Protagonists, Shorts",2.82,2004.0,,No synopsis yet - check back soon!,,,"I Love Picnic, Bernard, Contact, Contact 2, Bernard 2, Bernard Specials, Super Bernard, Bernard 3, Bernard: China Diapers, Da Wei Bei Ken Zhi Daomei Tegong Xiong",Bernard Bear,
Smash Hit Specials, Hit wo Nerae Specials,DVD S,,Studio Live,,"Comedy, Ecchi, Harem, Original Work",2.78,2004.0,,No synopsis yet - check back soon!,,,"Cosprayers The Movie, Cosprayers Specials, Cosprayers, Smash Hit, Love Love?, Love Love? Specials","Mitsuki Ikuta, Sayaka Imamura : Mayumi Yoshida, Toshihiko Sahashi
Music, Miwa Ooshima
Character Design","Toshihiko Sahashi : Music, Miwa Ooshima : Character Design"
Deniroo's Circus,,Other,,,,"Comedy, Stop Motion Animation",2.78,2004.0,,No synopsis yet - check back soon!,,,Mr. Deniroo in Henteko Mushi,"Tatsushi Momen
Director",Tatsushi Momen : Director
Denki Groove: Mr. Empty, Mr. Empty,Music,,,,,2.76,2004.0,,No synopsis yet - check back soon!,,,,,
Yumirose: Michi,,Music,,,,"Family Friendly, Minna no Uta",2.75,2004.0,,No synopsis yet - check back soon!,,,,,
Gunbuster Renewal EX,,DVD S,,GAINAX,,"Sci Fi, Original Work",2.71,2004.0,2005.0,No synopsis yet - check back soon!,,Gunbuster 2,"Gunbuster, Gunbuster: Science Lessons, Gunbuster 2, Gunbuster Movie, Gunbuster 2 Movie, Gunbuster: Science Lessons Return, Gunbuster 2: Science Lessons",,
Smash Hit, Hit wo Nerae,TV   ,,IMAGIN,Spring,"Comedy, Ecchi, Harem, Original Work",2.71,2004.0,,"""It’s not a dream you can see right away. It’s one you create.” Mitsuki Ikita, a 25 year-old woman with a little girl’s body, longs to produce a great detective drama to fulfill her dream and a promise made with her older brother. But when she gets her first big break in Japan’s competitive television industry, it’s a children’s “hero” series! The cinematographer is a master of the money shot, the costume designer has cosplay tendencies and the original screen writer is a 17 year-old high school student; Mitsuki must do her best to avoid the most horrible word in the business: CANCELLED!",,,"Smash Hit Specials, Cosprayers The Movie, Cosprayers Specials, Cosprayers, Love Love?, Love Love? Specials","Mitsuki Ikuta : Mamiko Noto, Kazumi Hayakawa : Kaoru Sasajima, Kenjiro Kurume : Takeshi Kusao, Naoto Oizumi : Mamoru Miyano, Ryou Amemiya : Akio Katou, Ryuunosuke Takahashi : Makoto Aoki, Yayoi Tanigawa : Hiroko Taguchi, Akira Ozu, Takeo Takahashi
Director, Toshihiko Sahashi
Music, Miwa Ooshima
Character Design, Toyoo Ashida
Producer, Akio Sakai
Producer, Masanobu Arakawa
Producer","Takeo Takahashi : Director, Toshihiko Sahashi : Music, Miwa Ooshima : Character Design, Toyoo Ashida : Producer, Akio Sakai : Producer, Masanobu Arakawa : Producer"
Landscape,,Movie,,,,"Abstract, Shorts, Trains",2.7,2004.0,,No synopsis yet - check back soon!,,,,"Keiichi Tanaami
Director, Nobuhiro Aihara
Director","Keiichi Tanaami : Director, Nobuhiro Aihara : Director"
Kimi ga Nozomu Eien: Gundam Parody,,DVD S,,Studio Fantasia,,"Action, Mecha, Sci Fi, Outer Space, Parody, Based on an Eroge, Based on a Visual Novel, Nudity",2.7,2004.0,,No synopsis yet - check back soon!,Nudity,,"Rumbling Hearts, Akane Maniax, Ayumayu Theater, Kimi ga Nozomu Eien ~Next Season~","Akane Suzumiya, Haruka Suzumiya : Minami Kuribayashi, Mitsuki Hayase, Takayuki Narumi : Kishou Taniyama, Kenzou Sakiyama, Motoko Kouzuki, Shinji Taira, Kenichi Sudou
Music, Youko Kikuchi
Character Design","Kenichi Sudou : Music, Youko Kikuchi : Character Design"
Apartment!,,Web  ,1.0,,,"Slice of Life, Apartment Life, Neighbors, No Dialogue, Shorts, Original Work",2.69,2004.0,,"At a bustling apartment complex, its tenants live each day to the fullest, whether it be people watching, cleaning up garbage, talking on the cell phone, or becoming an entirely different persona in the evenings...",,,,"Jun Aoki
Director",Jun Aoki : Director
Sweet Valerian,,TV   ,18.0,MADHOUSE,Summer,"Magical Girl, Family Friendly, Henshin Heroes, Magic, Short Episodes, Original Work",2.68,2004.0,,"Asialand City is a bustling metropolis that is under attack! Strange monsters fill the streets, and heroes are needed - enter the Relaxation Combat Team Valerian! Comprised of three girls-turned-bunnies, the Valerians do whatever it takes to put a stop to the Stress Team - a group of evildoers who turn people's stress into monsters! From ramen monsters to beyond, there's nothing that Relaxation Combat Team Valerian can't handle!",,Sweet Valerian,Sweet Valerian Specials,"Kanoko : Ami Koshimizu, Kate : Kaori Nazuka, Pop : Yuu Asakawa, Panda-Bu : Mika Kanai, Clamp
Original Character Design & Original Creator, Hiroaki Sakurai
Director, Double Oats
Music, Yoshiki Yamakawa
Character Design, Kouji Takahashi
Photography Director, Yoshinori Horikawa
Color Design, Yasunori Ebina
Sound Director, Yumiko Masujima
Producer","Clamp : Original Character Design & Original Creator, Hiroaki Sakurai : Director, Double Oats : Music, Yoshiki Yamakawa : Character Design, Kouji Takahashi : Photography Director, Yoshinori Horikawa : Color Design, Yasunori Ebina : Sound Director, Yumiko Masujima : Producer"
Television,,Web  ,1.0,,,Stop Motion Animation,2.67,2004.0,,No synopsis yet - check back soon!,,,,"Jun Aoki
Director",Jun Aoki : Director
Portable Kuukou,,Music,,Studio Kajino,,Sci Fi,2.65,2004.0,,"While lounging in a comfortable chair, a lovely young woman flips through a fashion magazine, goes on a stroll, and obtains a very special item. Soon after, in the skies floats a very special airport – a portable airport! People walk the halls with their luggage, embrace, and ultimately leave for their destinations – including the young woman herself!",,,"Space Station No. 9, Soratobu Toshi Keikaku","Yoshiyuki Momose
Director",Yoshiyuki Momose : Director
Tokyo Daigaku Monogatari, Tokyo University Story,OVA  ,2.0,Shinkuukan,,"Comedy, Drama, Romance, School Life, Based on a Manga, Mature Themes",2.63,2004.0,,"Murakami Naoki is the most intelligent student at his high school, but he can't stop obsessing over a girl named Mizuno Haruka. He finally asks her out, and to his surprise, she accepts. After several months of a loving yet obviously doomed romance, it comes time for them to take the entrance exams for Tokyo University. But what would happen to their relationship if only one of them was accepted?",Mature Themes,Tokyo Daigaku Monogatari,,"Haruka Mizuno, Naoki Murakami, Tatsuya Egawa
Original Creator, Aoi Takeuchi
Sound Director, Yoshio Usuda
Key Animator","Tatsuya Egawa : Original Creator, Aoi Takeuchi : Sound Director, Yoshio Usuda : Key Animator"
Netrun-mon The Movie,,OVA  ,1.0,Studio Hibari,,"Comedy, Ecchi, Fantasy, Animal Protagonists, Non-Human Protagonists",2.62,2004.0,,"BB Runner and Ranna are on a mission to help secretly complete a deadline for the exhausted NetRunner magazine staff. However, while carrying out their plans BB Runner is tempted by a girl's voice on the internet. Her name is Chiyu, she's a twelve-year-old magical girl, and she wants BB Runner and Ranna to help stop an evil villain in the Net World! After being pulled into cyberspace, our feathered heroes find themselves at the forefront of a harrowing and loli-filled adventure. On their quest to put a stop to the evil Master and his gang of 'Junkies,' the duo will meet with cute girls such as Biscuit-tan, see their way through fake obstacles and ultimately save the day!",,,,"Chiyu, Tsuyoshi Tamai
Original Creator, Akio Watanabe
Character Design & Chief Animation Director","Tsuyoshi Tamai : Original Creator, Akio Watanabe : Character Design & Chief Animation Director"
SD Gundam Force, Superior Defender Gundam Force,TV   ,52.0,Sunrise,Winter,"Action, Mecha, Chibi, Family Friendly",2.61,2004.0,,"The land of Neotopia is attacked by the Dark Axis, evil invaders from another dimension who wish to conquer this land. Neotopia's answer: the secret Super Dimensional Guard and their defenders, the Gundam Force. Led by Captain Gundam, the Gundam Force and its team of Gundams with special abilities are aided by a boy named Shute as they stop at nothing to defend the land from the Dark Axis and to defeat them once and for all.",,,"Mobile Suit SD Gundam Mk II, Mobile Suit SD Gundam Mk III, Mobile Suit SD Gundam Mk IV, Mobile Suit SD Gundam Mk V","Bakunetsumaru : Susumu Chiba, Captain Gundam : Hiroshi Kamiya, Relejimana Miya Du Lacroa : Miyu Matsuki, Shute : Romi Park, Zero : Mitsuki Saiga, Ashuramaru : Katsuyuki Konishi, Blue Doga, Chief Haro : Takahiro Yoshimizu, Yuuichi Abe
Director, Yoshihiro Ike
Music, Takahiro Kimura
Character Design, Shigeru Horiguchi
Producer, Masakatsu Kozuru
Producer, Norio Yamakawa
Producer, Kunitoshi Okajima
Episode Director & Storyboard, Yuuichirou Takeda
Screenplay","Yuuichi Abe : Director, Yoshihiro Ike : Music, Takahiro Kimura : Character Design, Shigeru Horiguchi : Producer, Masakatsu Kozuru : Producer, Norio Yamakawa : Producer, Kunitoshi Okajima : Episode Director & Storyboard, Yuuichirou Takeda : Screenplay"
Cosprayers Specials,,DVD S,,Studio Live,,Original Work,2.56,2004.0,,No synopsis yet - check back soon!,,,"Smash Hit Specials, Cosprayers The Movie, Cosprayers, Smash Hit, Love Love?, Love Love? Specials","Natsumi Yagami : Miyu Matsuki, Hikaru Jougasaki : Sayaka Oohara, Miku Hayasaka : Kiyomi Asai, Sayaka Imamura : Mayumi Yoshida, Youko Katsugari : Sanae Kobayashi",
Memory of Red,,Movie,,,,"Abstract, No Dialogue, Shorts",2.56,2004.0,,No synopsis yet - check back soon!,,,,"Nobuhiro Aihara
Director, Nagane Aki
Music","Nobuhiro Aihara : Director, Nagane Aki : Music"
Tenbatsu Angel Rabbie,,OVA  ,1.0,AIC Spirits,,"Comedy, Fantasy, Sci Fi, Angels, Magic, Based on a Visual Novel",2.52,2004.0,,"Ever since the great war of magic, angels have travelled from Heaven to the Earth to watch over the humans, to make sure they don't make the same mistake again. Lasty Farson (code name ""Angel Rabbie"") is Heaven's newest candidate for angelhood. Her mission: visit the people of Earth and help with their troubles! Unfortunately for Rabbie, her mission may be more difficult than she expected...",,,,"Lasty Farson : Mayumi Iizuka, Arte Sema : Mie Sonozaki, Fia Note : Yumi Kakazu, Luka : Takahiro Mizushima, Saaria Wynes : Manami Komori, Seerry Farson : Yuka Koyama, Shinji Ishihira
Director, Haruko Momoi
Music, Masaya Koike
Music, Mobo
Music, Noritaka Suzuki
Character Design, Takaya Ibira
Producer, Atsushi Yamamoto
Producer, Atsushi Yamamori
Producer","Shinji Ishihira : Director, Haruko Momoi : Music, Masaya Koike : Music, Mobo : Music, Noritaka Suzuki : Character Design, Takaya Ibira : Producer, Atsushi Yamamoto : Producer, Atsushi Yamamori : Producer"
The Green Wind,,Web  ,1.0,,,"Promotional, Shorts",2.52,2004.0,,No synopsis yet - check back soon!,,,,"Jun Aoki
Director",Jun Aoki : Director
Cosprayers, The Cosmopolitan Prayers,TV   ,,IMAGIN,Winter,"Action, Adventure, Comedy, Ecchi, Fantasy, Magical Girl, Henshin Heroes, Magic, Person in a Strange World, Original Work",2.49,2004.0,,"Hoshino Koto has always wanted to be like her idol Misuzu: a heroine of unfailing courage. But when an evil force materializes and absorbs all of mankind, Koto-chan finds herself inadvertently inducted into the Cosprayers. These Cosmopolitan Prayers, a team of seven beautiful girls, pure in heart and body and skilled in spiritual seals, must use their skills to purify the dark towers. But can they overcome heartache and betrayal to become the White Goddess of Light? And can Koto overcome herself to save her new friends and the world?",,,"Smash Hit Specials, Cosprayers The Movie, Cosprayers Specials, Smash Hit, Love Love?, Love Love? Specials","Natsumi Yagami : Miyu Matsuki, Youko Katsugari : Sanae Kobayashi, Hikaru Jougasaki : Sayaka Oohara, In : Tomoko Kaneda, Kurusu : Takahiro Sakurai, Miku Hayasaka : Kiyomi Asai, Sayaka Imamura : Mayumi Yoshida, You : Tomoko Kaneda, Takeo Takahashi
Director, Toshihiko Sahashi
Music, Miwa Ooshima
Character Design, Toyoo Ashida
Producer, Akio Sakai
Producer, Masanobu Arakawa
Producer","Takeo Takahashi : Director, Toshihiko Sahashi : Music, Miwa Ooshima : Character Design, Toyoo Ashida : Producer, Akio Sakai : Producer, Masanobu Arakawa : Producer"
Cosprayers The Movie,,Movie,,Studio Live,,Original Work,2.44,2004.0,,No synopsis yet - check back soon!,,,"Smash Hit Specials, Cosprayers Specials, Cosprayers, Smash Hit, Love Love?, Love Love? Specials","Natsumi Yagami : Miyu Matsuki, Hikaru Jougasaki : Sayaka Oohara, Miku Hayasaka : Kiyomi Asai, Sayaka Imamura : Mayumi Yoshida, Youko Katsugari : Sanae Kobayashi",
Dambo,,Music,,,,Stop Motion Animation,2.4,2004.0,,No synopsis yet - check back soon!,,,,,
Legend of DUO,,TV   ,12.0,Marine Entertainment,,"Short Episodes, Vampires, Original Work",2.38,2004.0,2005.0,"Humanity is on the brink of extinction due to a mysterious disease that kills without warning. Living amongst the humans are vampires; one of whom is Duo, a so-called traitor to his race. Having revealed a secret that would allow humans to save their lives, Duo inadvertently turned humans against the vampires, and thus was deemed an enemy of his own people. Zieg is a vampire with close ties to Duo and will stop at nothing to defeat him for his transgression, but is he strong enough to take revenge on the one who is closest to him?",,,,"Duo : Nobuhisa Nakamoto, Zieg : Tomokazu Sugita, Lizzie : Haruhisa Okumura, Stefan : Yuu Amano, Koichi Kikuchi
Director",Koichi Kikuchi : Director
Denki Groove: Chuunen Punk,,Music,,,,,2.34,2004.0,,No synopsis yet - check back soon!,,,,"Denki Groove
Song Performance",Denki Groove : Song Performance
Docchi mo Maid,,Web  ,1.0,Ishikawa Pro,,"Action, Comedy, Maids",2.2,2004.0,,No synopsis yet - check back soon!,,,,"Ido : Kozue Kurage, Izumi : Ouka Kasuga, Mei : Tae Okajima, Chicchaiko : Matsuri Mihiro, Frilly : Hiiragi Kagura, Naoya Ishikawa
Director",Naoya Ishikawa : Director
Denki Groove: Cafe de Oni, Cafe de Oni,Music,,,,"Demons, Nudity",2.2,2004.0,,No synopsis yet - check back soon!,Nudity,,,"Blue Oni, Red Oni, Denki Groove
Song Performance",Denki Groove : Song Performance
Yukidoke, The Thaw,Movie,,,,"Horror, Abstract, Black and White, Shorts, Explicit Violence",2.19,2004.0,,No synopsis yet - check back soon!,Explicit Violence,,,,
10 Nights' Dreams, Yume 10 Yoru,Movie,,,,"Abstract, No Dialogue, Shorts, Nudity",2.17,2004.0,,No synopsis yet - check back soon!,Nudity,,,"Keiichi Tanaami
Director, Nobuhiro Aihara
Director","Keiichi Tanaami : Director, Nobuhiro Aihara : Director"
Battle of Clay 2,,Web  ,1.0,,,"Shorts, Stop Motion Animation, Violence",1.81,2004.0,,"Two men play a violent game in which the loser must don a helmet, and the winner can beat him with a mallet...",Violence,,,"Blue Man, Red Man, Takena Nagao
Director",Takena Nagao : Director
Battle of Clay,,Web  ,1.0,,,"Action, No Dialogue, Shorts, Stop Motion Animation",1.73,2004.0,,"A red ball of clay pushes a newspaper ball down a slope, unaware that his actions will lead to a violent consequence...",,,Battle of Clay (2019),"Red Clay, Yellow Clay, Takena Nagao
Director",Takena Nagao : Director
Tenkuu Danzai Skelter Heaven,,OVA  ,1.0,Idea Factory,,"Action, Drama, Mecha, Sci Fi, Shorts, Based on a Video Game",0.96,2004.0,,"Hovering above the streets of a futuristic Tokyo, a mysterious object has appeared from outer space. Civilization’s only hope is the Altamira Agency – an organization comprised of genetically-altered female humanoids. Created in a laboratory, the girls are fully-trained and ready to pilot a vast array of mecha under the strict instructions of Funagai Otoya. However, unbeknownst to them, they were also designed to push back this enemy by any means – even if that means self destruction...",,,,"Misaki Kashima : Naoko Suzuki, Otsuya Funagai : Yukitugu Miyoshi, Rin Ichikawa : Megumi Nasu, Ayaka Matsumoto : Minori Chihara, Ceo Mishima : Hideyuki Tanaka, Konomi Tamura : Kaori Nazuka, Midori Matsumura : Shizuka Itou, Unknown Object, Yoshiteru Satou
Director, Kenji Kaneko
Music, Toshiyuki Ooshio
Character Design","Yoshiteru Satou : Director, Kenji Kaneko : Music, Toshiyuki Ooshio : Character Design"
Notteke Explet's,,TV   ,26.0,Spring 2004,,"Anthropomorphic, Family Friendly, Non-Human Protagonists, Short Episodes, Trains",,2004.0,,No synopsis yet - check back soon!,,,,,
Chuldong! Robot V,,TV   ,13.0,,,"Action, Mecha, Sci Fi, Family Friendly, Korean Animation",,2004.0,,No synopsis yet - check back soon!,,,,,
Mo Di Qiyu Ji, Flutemaster,TV   ,26.0,,,"Chinese Animation, Family Friendly",,2004.0,,No synopsis yet - check back soon!,,,,,
Steady x Study,,OVA  ,1.0,Idea Factory,,"Romance, Based on a Visual Novel",,2004.0,,No synopsis yet - check back soon!,,,,"Makoto Nakane : Maiko Itou, Reika Hoshi : Ai Nonaka, Mei Uehara : Minako Sango, Nozomi Abekawa : Ryou Hirohashi, Tamae Kirizume : Amika Takahashi",
Sugai-kun to Kazoku Ishi,,Web  ,10.0,,,"Comedy, Short Episodes, Flash Animation",,2004.0,,No synopsis yet - check back soon!,,,Sugai-kun to Kazoku Ishi The Movie,,
Taikong Xiha Zu, Space Hip Hop Duck,TV   ,26.0,,,"Adventure, Comedy, Sci Fi, Chinese Animation, Family Friendly",,2004.0,,No synopsis yet - check back soon!,,,,,
Otousan no Kutsu,,OVA  ,1.0,Ishikawa Pro,,Shorts,,2004.0,,No synopsis yet - check back soon!,,,,"Naoya Ishikawa
Director & Screenplay",Naoya Ishikawa : Director & Screenplay
McDull: Boluo You Wang Zi," McDull, Prince de la Bun",Movie,,,,"Comedy, Animal Protagonists, Anthropomorphic, Chinese Animation, Family Friendly, Non-Human Protagonists, Pigs",,2004.0,,"McDull’s hometown is rapidly changing due to the change in the economy. As the older buildings are slowly coming down, Mrs. McBing finds herself dealing with the various changes by buying insurance policies, U.S. dollars, gold, and plenty of toilet paper. McDull also learns he has a quirk where when things are told in lists, he begins to rapidly shake. Mrs. McBing tells McDull that the quirk comes from the father he never knew. When inspired to tell a story, Mrs. McBing finally tells her son the story of his father. McBing was a promising young man who had a dream. That dream is to become the Pineapple Bun Prince.",,,"McDull: Gushi, McDull: Xiang Dang Dang","Mcbing, Mcdull",
Yocchan no Fushigi na Crayon,,OVA  ,1.0,,,"Fantasy, Animal Protagonists, Non-Human Protagonists",,2004.0,,No synopsis yet - check back soon!,,,,,
Tabidachi no Hi ni,,OVA  ,1.0,,,"Drama, Family Friendly",,2004.0,,No synopsis yet - check back soon!,,,,,
Ashita Kirarin,,OVA  ,1.0,,,,,2004.0,,No synopsis yet - check back soon!,,,,"Ayako : Natsumi Takeda, Yuri : Tomomi Tada",
Minna no Tonio-chan: FUCK THE WORLD,,Other,,,,"Comedy, Abstract, Dark Comedy, Shorts, Based on a Manga, CG Animation, Explicit Violence",,2004.0,,No synopsis yet - check back soon!,Explicit Violence,"Minna no Tonio-chan, Minna no Tonio-chan RETURNS",,"Jaifuto, Sunerou, Tonio, Souta Sugahara
Director, B-Dash
Music","Souta Sugahara : Director, B-Dash : Music"
Yasashii Ookami,,OVA  ,1.0,,,"Animal Protagonists, Family Friendly, Non-Human Protagonists",,2004.0,,No synopsis yet - check back soon!,,,,,
Goannai Shimasu Another World e,,OVA  ,1.0,,,"Slice of Life, Educational",,2004.0,,No synopsis yet - check back soon!,,,,,
Tegami, Letter,OVA  ,1.0,,,"Drama, Educational, Family Friendly, Historical, World War 2",,2004.0,,No synopsis yet - check back soon!,,,,,
Hoshi Usagi to Tsuki no Fune,,Movie,,,,"Shorts, Based on a Picture Book",,2004.0,,No synopsis yet - check back soon!,,,,,
Uli Sai Jjang-Iya,,Movie,,,,"Educational, Family Friendly, Korean Animation",,2004.0,,No synopsis yet - check back soon!,,,,,
Bumper King Zapper, Beompeoking Jaepeo,TV   ,26.0,,,"Cars, Korean Animation, CG Animation",,2004.0,,No synopsis yet - check back soon!,,,,,
LOVE Jeans?, SMAnime: LOVE Jeans?,Other,,,,"Action, Comedy",,2004.0,,No synopsis yet - check back soon!,,,"LOVE Keitai?, LOVE Kayumi?","Takeshi Koike
Director",Takeshi Koike : Director
LOVE Kayumi?, SMAnime: LOVE Kayumi?,Other,,,,"Comedy, Fantasy",,2004.0,,No synopsis yet - check back soon!,,,"LOVE Keitai?, LOVE Jeans?","Takeshi Koike
Director",Takeshi Koike : Director
LOVE Keitai?, SMAnime: LOVE Keitai?,Other,,,,"Comedy, Doctors, Medical",,2004.0,,No synopsis yet - check back soon!,,,"LOVE Jeans?, LOVE Kayumi?","Takeshi Koike
Director",Takeshi Koike : Director
Allegseuui Moheom,,TV   ,26.0,,,"Fantasy, Family Friendly, Korean Animation",,2004.0,,No synopsis yet - check back soon!,,,,,
Hifukidake,,Movie,,,,"Abstract, Animal Protagonists, Non-Human Protagonists, Shorts, Stop Motion Animation",,2004.0,,No synopsis yet - check back soon!,,,,"Tomoyasu Murata
Director",Tomoyasu Murata : Director
Mebae no Ashita,,OVA  ,1.0,,,"Educational, Family Friendly",,2004.0,,No synopsis yet - check back soon!,,,,,
Hibike! Wadaiko,,OVA  ,1.0,,,"Drama, Educational, Family Friendly",,2004.0,,No synopsis yet - check back soon!,,,,,
Yooi Don!,,OVA  ,1.0,Toei Animation,,"Drama, Family Friendly",,2004.0,,No synopsis yet - check back soon!,,,,,
Ushigaeru,,Movie,,,,"Animal Protagonists, No Dialogue, Non-Human Protagonists, Shorts",,2004.0,,No synopsis yet - check back soon!,,,,"Shigeyoshi Tsukahara
Director",Shigeyoshi Tsukahara : Director
Fuichin-san,,OVA  ,1.0,,,"Drama, Shoujo, Historical, Based on a Manga",,2004.0,,No synopsis yet - check back soon!,,Fuichin-san,,,
