Name,Japanese_name,Type,Episodes,Studio,Release_season,Tags,Rating,Release_year,End_year,Description,Content_Warning,Related_Mange,Related_anime,Voice_actors,staff
Hajime no Ippo: The Fighting!, Fighting Spirit,TV   ,75.0,MADHOUSE,Fall ,"Action, Drama, Shounen, Sports, Boxing, Hand to Hand Combat, Weak to Strong, Based on a Manga",4.38,2000.0,2002.0,"""Ippo Makunouchi is a loser. He has no friends, he spends his free time helping his mom with work, and he's constantly being beaten up by bullies. But that all changes when one day he's saved from another beating by Takamura, an up-and-coming boxer. Soon, Ippo turns his life around with a passion for the newly discovered sport, but his new lifestyle is far from easy! Before he can even dream of becoming champion, he'll have to overcome a slew of fierce rivals and learn what 'dedication' really means.""",,Hajime no Ippo,"Hajime no Ippo: The Fighting! Special, Hajime no Ippo: Champion Road, Hajime no Ippo: Mashiba vs Kimura, Hajime no Ippo: New Challenger, Hajime no Ippo: Rising","Genji Kamogawa : Kenji Utsumi, Ippo Makunouchi : Kohei Kiyasu, Mamoru Takamura : Rikiya Koyama, Alexander Volg Zangief : Toshiyuki Morikawa, Eiji Date : Masaki Aizawa, Ginpachi Nekota : Ichiro Nagai, Haruhiko Yagi : Toshihiko Nakajima, Hiroko Makunouchi : Yorie Terauchi, George Morikawa
Original Creator, Satoshi Nishimura
Director, Tsuneo Imahori
Music, Koji Sugiura
Character Design, Manabu Tamura
Producer, Toshio Nakatani
Producer, Mitsuru Ooshima
Producer, Hiroshi Yamashita
Producer","George Morikawa : Original Creator, Satoshi Nishimura : Director, Tsuneo Imahori : Music, Koji Sugiura : Character Design, Manabu Tamura : Producer, Toshio Nakatani : Producer, Mitsuru Ooshima : Producer, Hiroshi Yamashita : Producer"
Detective Conan Movie 4: Captured In her Eyes, Meitantei Conan Movie 4: Hitomi no Naka no Ansatsusha,Movie,,TMS Entertainment,,"Mystery, Romance, Shounen, Age Transformation, Amnesia, Amusement Park, Detectives, Police, Based on a Manga, Violence",4.08,2000.0,,"'When a series of murders involving police officers occurs, chaos erupts within the police headquarters; and in an attempt to keep the citizens calm, the police decide to bury the case in the shadows. Soon, however, tragedy strikes yet again. This time the killer is after Officer Sato; he is shot in front of Ran, who promptly develops a case of amnesia and can’t remember anything – including the face of Sato’s attacker. With the perpetrator now on the loose, Conan must now protect Ran at all costs, and bring this case out of the shadows and into the light!'",Violence,"Magic Kaitou, Case Closed, Detective Conan: Tokubetsu-hen, Detective Conan: Zero's Tea Time","Detective Conan, Detective Conan Movie 1: The Time Bombed Skyscraper, Detective Conan Movie 2: The Fourteenth Target, Detective Conan Movie 3: The Last Magician of the Century, Detective Conan Movie 5: Countdown to Heaven, Detective Conan Movie 6: The Phantom of Baker Street, Detective Conan Movie 7: Crossroad in the Ancient Capital, Detective Conan Movie 8: Magician of the Silver Sky, Detective Conan Movie 9: Strategy Above the Depths, Detective Conan Movie 10: The Private Eyes' Requiem, Detective Conan Movie 11: Jolly Roger in the Deep Azure, Detective Conan Movie 12: Full Score of Fear, Detective Conan Movie 13: The Raven Chaser, Detective Conan Movie 14: The Lost Ship in the Sky, Detective Conan Movie 15: Quarter of Silence, Detective Conan Movie 16: The Eleventh Striker, Detective Conan Movie 17: Zekkai no Private Eye, Detective Conan Movie 18: The Sniper From Another Dimension, Detective Conan Movie 19: The Hellfire Sunflowers, Detective Conan Movie 20: The Darkest Nightmare, Detective Conan Movie 21: Kara Kurenai no Love Letter, Detective Conan Movie 22: Zero The Enforcer, Detective Conan Movie 23: The Fist of Blue Sapphire, Detective Conan Movie 24: The Scarlet Bullet","Conan Edogawa : Minami Takayama, Kogoro Mori : Akira Kamiya, Ran Mori : Wakana Yamazaki, Ai Haibara : Megumi Hayashibara, Ayumi Yoshida : Yukiko Iwai, Genta Kojima : Wataru Takagi, Hiroshi Agasa : Kenichi Ogata, Juzo Megure : Chafurin, Gosho Aoyama
Original Creator, Kenji Kodama
Director & Storyboard, Junichi Iioka
Series Composition, Katsuo Ono
Music, Masatomo Sudou
Character Design & Chief Animation Director, Takashi Nomura
Photography Director, Yukihiro Shibutani
Art Director, Kayoko Nishi
Color Design","Gosho Aoyama : Original Creator, Kenji Kodama : Director & Storyboard, Junichi Iioka : Series Composition, Katsuo Ono : Music, Masatomo Sudou : Character Design & Chief Animation Director, Takashi Nomura : Photography Director, Yukihiro Shibutani : Art Director, Kayoko Nishi : Color Design"
Cardcaptor Sakura: The Movie 2: The Sealed Card, Cardcaptor Sakura Movie 2: Fuuin Sareta Card,Movie,,MADHOUSE,,"Fantasy, Magical Girl, Romance, Shoujo, Family Friendly, Henshin Heroes, Magic, Based on a Manga",4.05,2000.0,,"""It's been\xa0three months since the last\xa0two Clow Cards were\xa0transformed by Sakura and Syaoran, and Syaoran and Meiling have returned to Hong Kong. Life has moved on as normal for our heroes and heroines, including the exciting news that Sakura has been chosen to be a princess at an upcoming school festival! But trouble arises when Clow Reed's old mansion is destroyed and replaced with a Carnival. And with it, bridges, sign posts\xa0and even\xa0people begin to disappear. Dark magic is afoot; can Sakura manage to stop it, even if it means losing the one she loves the most?""",,"Cardcaptor Sakura, Cardcaptor Sakura: Clear Card","Cardcaptor Sakura, Cardcaptor Sakura Specials, Cardcaptor Sakura: The Movie, Cardcaptor Sakura: Leave it to Kero, Tsubasa Reservoir Chronicle, Tsubasa Reservoir Chronicle The Movie: The Princess in the Birdcage Kingdom, Tsubasa Reservoir Chronicle 2nd Season, Tsubasa Reservoir Chronicle: Tokyo Revelations, Tsubasa: Spring Thunder Chronicle, Cardcaptor Sakura: Clear Card Prologue - Sakura and the Two Bears, Cardcaptor Sakura: Clear Card-hen","Keroberos : Aya Hisakawa, Meiling Li : Yukana, Sakura Kinomoto : Sakura Tange, Syaoran Li : Motoko Kumai, Tomoyo Daidouji : Junko Iwao, Chiharu Mihara : Miwa Matsumoto, Naoko Yanagisawa : Emi Motoi, Rika Sasaki : Tomoko Kawakami, Clamp
Original Creator, Morio Asaka
Director, Takayuki Negishi
Music, Kazuhiko Ikeguchi
Producer, Shinji Komori
Producer, Tatsuya Ono
Producer, Kouichi Tsurunari
Producer, Tsuyoshi Yoshida
Producer","Clamp : Original Creator, Morio Asaka : Director, Takayuki Negishi : Music, Kazuhiko Ikeguchi : Producer, Shinji Komori : Producer, Tatsuya Ono : Producer, Kouichi Tsurunari : Producer, Tsuyoshi Yoshida : Producer"
GaoGaiGar Final, Yuusha-Oh GaoGaiGar Final,OVA  ,8.0,Sunrise,,"Action, Adventure, Mecha, Sci Fi, Aliens, Combining Mecha, Cyborgs, Superpowers, Transforming Mecha, Original Work",,2000.0,2003.0,"'With the 31 Primevals defeated and their sinister plan to zonderise the universe thwarted, it seems humanity is finally safe from alien evil-doers. In this time of inter-stellar peace, the Gutsy Galaxy Guard is battling the crime syndicate BioNet and their mysterious Q-Parts technology until Mamoru, son of Cain, suddenly returns to Earth! Things become confusing, however, when Mamoru attacks the GGG orbital base and steals their acquired Q-Parts. Why is Mamoru now fighting against his old friends? And could a new, even more powerful alien threat be behind all this?'",,"King of Braves GaoGaiGar FINAL the COMIC, Hakaiou: GaoGaiGar vs Betterman (Light Novel), Hakaiou: GaoGaiGar vs Betterman","GaoGaiGar, Betterman, GaoGaiGar FINAL Grand Glorious Gathering","Guy Shishiou : Nobuyuki Hiyama, Ikumi Kaidou : Sayuri, Mamoru Amami : Maiko Itou, Abel : Sayuri, Ai Amami : Sayuri, Anryu : Yukari Tamura, Cain : Tamio Ohki, Choryujin : Shinichi Yamada, Yoshitomo Yonetani
Chief Director, Kouhei Tanaka
Music, Takahiro Kimura
Character Design, Shinichirou Kobayashi
Producer, Yuuichirou Takeda
Screenplay","Yoshitomo Yonetani : Chief Director, Kouhei Tanaka : Music, Takahiro Kimura : Character Design, Shinichirou Kobayashi : Producer, Yuuichirou Takeda : Screenplay"
Vampire Hunter D: Bloodlust,,Movie,,MADHOUSE,,"Action, Adventure, Mercenaries, Non-Human Protagonists, Post-apocalyptic, Star-Crossed Lovers, Vampires, Based on a Novel, Explicit Violence,, Nudity",3.99,2000.0,,"""In the distant future, the world lies in ruin and vampires rule the land. Mercenary vampire hunters fight the terrible forces of darkness - for a price; the most notorious of them all being the half-vampire named D. However, despite his actions that help humanity, he finds himself shunned by those he would save. When a girl named Charlotte is kidnapped by the vampire Lord Meier, her father hires D to bring her back - dead or alive. Competing with the vampire hunting Marcus Brothers for the prize, D encounters Meier first; but in the middle of their confrontation, Charlotte calls out Meier's name in worry and Meier reveals that she is accompanying him of her own free will...""","Explicit Violence,, Nudity","Vampire Hunter D (Light Novel), Vampire Hunter D",Vampire Hunter D,"D : Hideyuki Tanaka, Borgoff Marcus : Yusaku Yara, Carmilla : Bibari Maeda, Charlotte Elbourne : Emi Shinohara, Kyle Marcus : Houchuu Ootsuka, Left Hand : Ichiro Nagai, Leila : Megumi Hayashibara, Meier Link : Kouichi Yamadera, Yoshiaki Kawajiri
Director, Marco D'Ambrosio
Music, Yutaka Minowa
Character Design, Masao Maruyama
Producer, Mataichirou Yamamoto
Producer, Takayuki Nagasawa
Producer, Takahiro Tanaka
Key Animator","Yoshiaki Kawajiri : Director, Marco D'Ambrosio : Music, Yutaka Minowa : Character Design, Masao Maruyama : Producer, Mataichirou Yamamoto : Producer, Takayuki Nagasawa : Producer, Takahiro Tanaka : Key Animator"
FLCL, Furi Kuri,OVA  ,6.0,GAINAX,,"Action, Comedy, Romance, Sci Fi, Coming of Age, Non-Human Protagonists, Robots, Slapstick, Original Work",3.93,2000.0,2001.0,"""Naota Nanbada is a boring young boy who leads a boring life in a boring town. His older brother has left for America, and the closest he comes to any excitement is when his deadbeat dad has too much sake. But things change one day when a bizarre girl zooms up to him on a scooter and smacks him in the face with her guitar. What's more, once Naoto returns home he discovers that this strange woman has arrived ahead of him and moved in! Not only does she constantly engage in perverted activities with Naota's father and flirt with the young man himself, but she also claims to be an alien who is searching for the ‘Pirate King.' Now, Naota must learn to live with this new intruder, deal with an odd government agent who sports exceptionally large eyebrows and the mysterious Medical Mechanica, and come to terms with the fact that there are a variety of robots and weapons emerging out of his head - amongst other things. Perhaps boring wasn't so bad after all...""",,"FLCL, FLCL (Light Novel)","FLCL: Progressive, FLCL: Alternative","Haruko Haruhara : Mayumi Shintani, Mamimi Samejima : Izumi Kasagi, Naota Nandaba : Jun Mizuki, Canti, Commander Amarao : Kouji Ohkura, Eri Ninamori : Mika Itou, Kamon Nandaba : Suzuki Matsuo, Kitsurubami : Chiemi Chiba, Kazuya Tsurumaki
Director & Original Concept, Shinkichi Mitsumune
Music, The Pillows
Music, Yoshiyuki Sadamoto
Character Design, Hiroki Satou
Producer, Masatomo Nishizawa
Producer, Masanobu Satou
Producer, Hirotaka Takase
Producer","Kazuya Tsurumaki : Director & Original Concept, Shinkichi Mitsumune : Music, The Pillows : Music, Yoshiyuki Sadamoto : Character Design, Hiroki Satou : Producer, Masatomo Nishizawa : Producer, Masanobu Satou : Producer, Hirotaka Takase : Producer"
InuYasha,,TV   ,167.0,Sunrise,Fall ,"Fantasy, Shounen, Animal Characteristics, Demons, Feudal Japan, Non-Human Protagonists, Person in a Strange World, Time Travel, Tsundere, Based on a Manga, Violence",3.87,2000.0,2004.0,"""Kagome is a normal high school girl who falls into a well, transporting her back in time to the feudal era. Upon her arrival to this world, she mercifully unleashes Inuyasha, a half demon. As if this isn't enough, she also discovers that she is the bearer of the Shikon no Tama, a jewel of great spiritual power, a jewel which has just shattered into a million shards. Now, along with Miroku the priest, Sango the demon hunter, and Shippo the\xa0mischievous fox-demon, they must set out to find the Shikon shards and defeat the evils of the demon Naraku.""",Violence,"InuYasha, InuYasha (Light Novel)","Shounen Sunday CM: InuYasha, InuYasha The Movie 1: Affections Touching Across Time, InuYasha The Movie 2: The Castle Beyond the Looking Glass, InuYasha The Movie 3: Swords of an Honorable Ruler, InuYasha The Movie 4: Fire on the Mystic Island, InuYasha: Kuroi Tessaiga, InuYasha: The Final Act, Yashahime: Princess Half-Demon, Yashahime: Princess Half-Demon - The Second Act","Inuyasha : Kappei Yamaguchi, Kagome Higurashi : Satsuki Yukino, Miroku : Rieko Takahashi, Sango : Houko Kuwashima, Shippo : Kumiko Watanabe, Bankotsu : Takeshi Kusao, Ginkotsu : Hisao Egawa, Hakudoshi : Ai Kobayashi, Rumiko Takahashi
Original Creator, Masashi Ikeda
Director & Ed Director & Episode Director & Op Director & Screenplay & Storyboard, Yasunao Aoki
Director & Episode Director & Storyboard, Katsuyuki Sumisawa
Screenplay & Series Composition, Kaoru Wada
Music, Yoshihito Hishinuma
Animation Director & Character Design, Youichi Oogami
Photography Director, Kumiko Itou
Photography Director","Rumiko Takahashi : Original Creator, Masashi Ikeda : Director & Ed Director & Episode Director & Op Director & Screenplay & Storyboard, Yasunao Aoki : Director & Episode Director & Storyboard, Katsuyuki Sumisawa : Screenplay & Series Composition, Kaoru Wada : Music, Yoshihito Hishinuma : Animation Director & Character Design, Youichi Oogami : Photography Director, Kumiko Itou : Photography Director"
Ghost Stories, Gakkou no Kaidan,TV   ,19.0,Pierrot,Fall ,"Demons, Episodic, Japanese Mythology, Monster-of-the-week, School Life, Supernatural, Youkai, Original Work",3.83,2000.0,2001.0,"""Satsuki and Keichiro are new students of the haunted Amanogawa Elementary School - a school where their late mother attended as a child. Soon they meet the perverted Hajima Aoyama and #1 spirit researcher Leo Kakinoki, and thus their ghost hunting group is formed! WIth the help of Satsuki's mother's ghost diary and the crafty wiles of Kaaya, a cat that has been possessed by the demon Lord Amanojaku, the gang will seal away ghosts in order to rid Kaaya's body of Amanojaku and save the day. Can the four friends manage to seal away toilet ghosts, deadly nurses, creepy dolls and a variety of supernatural phenomena, all while passing their classes?""",,,"Ghost Stories Recaps, Ghost Stories - Curse of Death: The Headless Rider!!","Hajime Aoyama : Takako Honda, Keiichirou Miyanoshita : Kurumi Mamiya, Leo Kakinoki : Makoto Tsumura, Momoko Koigakubo : Kumi Sakuma, Satsuki Miyanoshita : Tomoko Kawakami, Amanojaku : Ryuusei Nakao, Reiichirou Miyanoshita : Takehiro Murozono, Sakata : Yutaka Aoyama, Noriyuki Abe
Director, Kaoru Wada
Music, Masaya Oonishi
Character Design, Yuriko Nakamura
Producer, Shigenori Kageyama
Episode Director & Storyboard, Masashi Sogo
Screenplay, Ryouji Nakamori
Animation Director","Noriyuki Abe : Director, Kaoru Wada : Music, Masaya Oonishi : Character Design, Yuriko Nakamura : Producer, Shigenori Kageyama : Episode Director & Storyboard, Masashi Sogo : Screenplay, Ryouji Nakamori : Animation Director"
Banner of the Stars, Seikai no Senki,TV   ,13.0,Sunrise,Spring,"Sci Fi, Military, Outer Space, Space Opera, War, Based on a Novel",3.81,2000.0,,"'Three years have passed since the Four Nations Alliance declared war on the Abh Empire. With both sides decimated by the first encounter, the lull in violence has provided enough time to build fleets massive enough to span the entire galaxy. Just before the Abh complete preparations for their conquest, however, the Alliance launches a pre-emptive strike, forcing them to take the defensive. Now in command of her own ship, Lafiel is assigned to the fleet as a destroyer captain, and eagerly awaits the opportunity to prove herself as a true Abriel. But when a new class of enemy ship appears on the front lines, the tides quickly turn for the worse. With her vessel now little more than cannon fodder, her dreams are turned into a desperate race for survival - can she and her crew survive amidst a battlefield of endless death and destruction?'",,"Crest of the Stars (Light Novel), Banner of the Stars (Light Novel), Seikai Trilogy: Crest of the Stars, Seikai no Monshou (Kouichirou YONEMURA)","Crest of the Stars, Crest of the Stars: Tokubetsu Hen, Crest of the Stars: Birth, Banner of the Stars: Tokubetsu Hen, Banner of the Stars II, Banner of the Stars III","Jinto Lin : Yuka Imai, Lafiel Abriel : Ayako Kawasumi, Atosuryua : Miho Yamada, Beneej Spoor : Rica Fukami, Dusanyu Abriel : Kaneto Shiozawa, Ekuryua : Kaori Shimizu, Keneesh : Chiharu Suzuka, Nefee Bebaus : Kazuhiko Inoue, Yasuchika Nagaoka
Director, Katsuhisa Hattori
Music, Keisuke Watabe
Character Design, Atsushi Sugita
Producer, Mikihiro Iwata
Producer, Yuuichirou Takeda
Screenplay","Yasuchika Nagaoka : Director, Katsuhisa Hattori : Music, Keisuke Watabe : Character Design, Atsushi Sugita : Producer, Mikihiro Iwata : Producer, Yuuichirou Takeda : Screenplay"
Digimon Adventure Movie 2: Bokura no War Game,,Movie,,Toei Animation,,"Action, Sci Fi, Shounen, Family Friendly, Monsters",3.81,2000.0,,"'Just when the Digidestined thought their Digimon troubles were over, a rogue Digimon appears on the Internet, hacking data, and crashing electronic devices across Japan. With the rest of the team tied up in their normal lives, Izumi and Taichi begin to track the mysterious Digimon over the net with the help of Gennai and their old partners. However, other than contacting Takeru and Yamato, they can’t do anything to slow down the ever-growing Digimon. The kids face a race against the clock when Diaboromon hacks into the military’s computer and aim missiles directly at their town. Can they figure out a way to defeat the evil Digimon before it’s too late?'",,"Digimon Adventure V-Tamer 01, Digimon, Digimon Adventure (Light Novel)","Digimon Adventure Movie 1, Digimon Adventure, Digimon Adventure 02 Movie: The Golden Digimentals, Digimon Adventure 02 Movie: Diaboromon Strikes Back","Koshirou Izumi : Umi Tenjin, Taichi Yagami : Toshiko Fujita, Takeru Takaishi : Hiroko Konishi, Yamato Ishida : Yuuto Kazama, Diaboromon : Paul St. Peter, Jou'S Gomamon : Junko Takeuchi, Koshirou'S Tentomon : Takahiro Sakurai, Mimi'S Palmon : Shihomi Mizowaki, Mamoru Hosoda
Director, Takanori Arisawa
Music, Takaaki Yamashita
Character Design, Hisashi Mori
Character Design, Michio Fukuda
Key Animator, Fumihide Sai
Key Animator, Takahiro Tanaka
Key Animator, Tatsuya Oishi
Key Animator","Mamoru Hosoda : Director, Takanori Arisawa : Music, Takaaki Yamashita : Character Design, Hisashi Mori : Character Design, Michio Fukuda : Key Animator, Fumihide Sai : Key Animator, Takahiro Tanaka : Key Animator, Tatsuya Oishi : Key Animator"
Ah! My Goddess: The Movie,"Alt titles: Gekijouban Ah! Megami-sama, Oh My Goddess! The Movie",Movie,,AIC,,"Fantasy, Romance, Seinen, Contemporary Fantasy, God-Human Relationship, Gods, Interspecies Relationship, Magic, Non-Human Protagonists, Based on a Manga",3.79,2000.0,,"'Freed from his longtime prison, Belldandy\'s mentor Celestin is once again trying to overthrow the Goddess System, but he can\'t do it without her. To ""help"" her decide anew whether to join him, he blocks her memories of Keiichi. As Keiichi and company race to restore Belldandy\'s memory, Keiichi also has to deal with the mysterious Morgan, the one who released Celestin in the first place!'",,"Oh My Goddess!, Oh My Goddess!: Adventures of the Mini-Goddesses, Oh My Goddess! First End (Light Novel), Aa! Shuukatsu no Megami-sama!","Ah! My Goddess, Oh! My Goddess: The Adventures of Mini-Goddess, Ah! My Goddess TV, Ah! My Goddess TV Specials, Ah! My Goddess: Flights of Fancy, Ah! My Goddess: Flights of Fancy Specials, Ah! My Goddess: Fighting Wings, Ah! My Goddess (2011)","Belldandy : Kikuko Inoue, Keiichi Morisato : Masami Kikuchi, Skuld : Aya Hisakawa, Urd : Yumi Touma, Chihiro Fujimi : Yuka Imai, Chrono : Yui Horie, Ere : Rumi Kasahara, Ex : Akiko Yajima, Kosuke Fujishima
Original Creator, Hiroaki Gohda
Director, Hidenori Matsubara
Character Design, Yoshikazu Iwanami
Sound Director, Toshiharu Murata
Mechanical Design, Kinya Watanabe
Producer, Tsuyoshi Yoshida
Producer, Naoyuki Onda
Animation Director & Key Animator","Kosuke Fujishima : Original Creator, Hiroaki Gohda : Director, Hidenori Matsubara : Character Design, Yoshikazu Iwanami : Sound Director, Toshiharu Murata : Mechanical Design, Kinya Watanabe : Producer, Tsuyoshi Yoshida : Producer, Naoyuki Onda : Animation Director & Key Animator"
One Piece Special 1: Adventure in the Ocean's Navel, One Piece Special 1: Umi no Heso no Daibouken-hen,TV Sp,,Toei Animation,,"Action, Adventure, Comedy, Shounen, Pirates, Based on a Manga",3.79,2000.0,,"'One peaceful day, Luffy and his crew happen upon an old treasure chest which holds a skull with a message: ‘Plunge into the Ocean’s navel; therein lies the secret to making your dreams come true…’ Intrigued by the note, Nami, Sanji and Usopp are lowered into the abyss to explore – and hopefully snag some treasure - but they get more than they bargained for when they are attacked by a giant octopus! Meanwhile, Luffy and Zoro are swept away to a derelict town that is plagued by giant sea creatures. They soon learn of the notorious Captain Joke, a man who broke the seal on a nearby mountain and brought forth the wrath of God. Intent on repaying the villagers in exchange for a free meal, Luffy and Zoro head to the mountain hoping to defeat the monsters and free the village of its curse. However, as each beast’s defeat aids Captain Joke’s resurrection, Luffy and the gang may have bitten off more than they can chew!'",,"Romance Dawn, One Piece, One Piece: Taose! Kaizoku Ganzack (Light Novel), One Piece: Loguetown-hen (Light Novel), One Piece: Strong World, Chopperman, Chopperman: Yuke Yuke! Minna no Chopper-sensei, One Piece x Toriko: Jisshoku! Akuma no Mi!!, One Piece Party, One Piece Ace's Story (Light Novel), One Piece episode A",One Piece,"Monkey D. Luffy : Mayumi Tanaka, Nami : Akemi Okamura, Sanji : Hiroaki Hirata, Usopp : Kappei Yamaguchi, Zoro Roronoa : Kazuya Nakai, Captain Joke : Akio Ootsuka, Hamu : Minami Takayama, Meroie : Ikue Ootani, Eiichiro Oda
Original Creator, Kouhei Tanaka
Music","Eiichiro Oda : Original Creator, Kouhei Tanaka : Music"
Crest of the Stars: Tokubetsu Hen, Seikai no Monshou: Tokubetsu Hen,TV Sp,,Sunrise,,"Drama, Sci Fi, Space Opera, Based on a Novel",3.78,2000.0,,"""In the distant future, mankind has mastered space and spread empires across the galaxy. While many choose to colonize distant planets, others choose to remain amidst the stars, ultimately giving rise to a new brand of humanity known as the Abh. Both genetically and culturally different from their Earth-dwelling peers, the Abh soon find themselves engaged in a bloody war that rages across hundreds of planets and set out to restore peace by means of conquest. Enter Jinto, a nobleman and ambassador of the recently acquired Hyde system whose duty is to represent his peoples' interests and rule on the Abh's behalf. In order to be officially coronated to this position, a cold-but-beautiful Abh princess named Lafiel arrives at Hyde to escort him back to the empire's capital. When they are suddenly attacked by an anti-Abh liberation front, however, the festivities are cut short, and the two must flee for their lives against all odds.""",,"Crest of the Stars (Light Novel), Banner of the Stars (Light Novel), Seikai Trilogy: Crest of the Stars","Crest of the Stars, Banner of the Stars, Crest of the Stars: Birth, Banner of the Stars: Tokubetsu Hen, Banner of the Stars II, Banner of the Stars III","Jinto Lin : Yuka Imai, Lafiel Abriel : Ayako Kawasumi, Beneej Spoor : Rica Fukami, Kyte : Michihiro Ikemizu, Plakia Lexshue : Gara Takashima, Seelnay : Ikue Ootani, Yasuchika Nagaoka
Director, Katsuhisa Hattori
Music, Keisuke Watabe
Character Design, Atsushi Sugita
Producer, Mikihiro Iwata
Producer, Akira Takeuchi
Key Animator, Shinsuke Ishikawa
Key Animator","Yasuchika Nagaoka : Director, Katsuhisa Hattori : Music, Keisuke Watabe : Character Design, Atsushi Sugita : Producer, Mikihiro Iwata : Producer, Akira Takeuchi : Key Animator, Shinsuke Ishikawa : Key Animator"
JoJo's Bizarre Adventure (2000),,OVA  ,7.0,A.P.P.P.,,"Action, Adventure, Fantasy, Shounen, Martial Arts, Superpowers, Based on a Manga, Violence",3.77,2000.0,,"'Kujo Jotaro is a normal, popular Japanese high-schooler, until he thinks that he is possesed by a spirit, and locks himself in prison. After seeing his grandfather, Joseph Joestar, and fighting Joseph\'s friend Muhammad Abdul, Jotaro learns that the ""Sprirt"" is actually Star Platinum, his Stand, or fighting energy given a semi-solid form. Later, his mother gains a Stand, and becomes sick. Jotaro leanrs that it is because the vampire Dio Brando has been revived 100 years after his defeat to Jonathan Joestar, Jotaro\'s great-great-grandfather. Jotaro decides to join Joseph and Abdul in a trip to Egypt to defeat Dio once and for all.'",Violence,"JoJo's Bizarre Adventure Part 1: Phantom Blood, JoJo's Bizarre Adventure Part 2: Battle Tendency, JoJo's Bizarre Adventure Part 3: Stardust Crusaders, JoJo's Bizarre Adventure Part 4: Diamond is Unbreakable, JoJo's Bizarre Adventure Part 5: Golden Wind, JoJo's Bizarre Adventure Part 6: Stone Ocean, JoJo's Bizarre Adventure Part 7: Steel Ball Run, The Book: JoJo's Bizarre Adventure 4th Another Day (Light Novel), Rohan at the Louvre, JoJo's Bizarre Adventure Part 8: Jojolion, Purple Haze Feedback: From JoJo's Bizarre Adventure (Light Novel), Jorge Joestar (Light Novel), JoJo's Bizarre Adventure: Crazy Diamond's Demonic Heartbreak","JoJo's Bizarre Adventure, JoJo's Bizarre Adventure: Phantom Blood, JoJo's Bizarre Adventure (2012), JoJo's Bizarre Adventure: Stardust Crusaders, JoJo’s Bizarre Adventure: Stardust Crusaders - Battle in Egypt, JoJo's Bizarre Adventure: Diamond is Unbreakable, JoJo's Bizarre Adventure: Golden Wind, JoJo's Bizarre Adventure: Stone Ocean","Joseph Joestar : Chikao Ohtsuka, Jotaro Kujo : Juurouta Kosugi, Mohammed Avdol : Kiyoshi Kobayashi, Dio Brando : Nobuo Tanaka, Hol Horse : Norio Wakamoto, Jean Pierre Polnareff : Katsuji Mori, Noriaki Kakyoin :  Hirotaka Suzuoki, N-Yah Geil : Rica Fukami, Hirohiko Araki
Original Creator, Yasuhito Kikuchi
Director, Takashi Kobayashi
Director, Hideki Nimura
Director, Marco D'Ambrosio
Music, Junichi Hayama
Character Design, Tsuneo Takechi
Producer, Kazuhiko Yusa
Producer","Hirohiko Araki : Original Creator, Yasuhito Kikuchi : Director, Takashi Kobayashi : Director, Hideki Nimura : Director, Marco D'Ambrosio : Music, Junichi Hayama : Character Design, Tsuneo Takechi : Producer, Kazuhiko Yusa : Producer"
Lupin III Special 12: Missed by a Dollar,,TV Sp,,TMS Entertainment,,"Action, Comedy, Criminals, Thieves, Based on a Manga",3.75,2000.0,,"'At an auction in New York City, Lupin tries his hand at winning a ring; but after being outbid by one dollar, he decides to steal it instead! The ring contains a secret to the whereabouts of a legendary brooch that is known to have been in the possession of the world’s most infamous dictators – and Lupin wants the treasure for himself. However, when he is forced to hand the ring over to an armed man working for the Bank of World, Lupin follows him to track it down. Now, with Jigen seeking revenge, Goemon requiring funds, Fujiko aiming to regain the money conned out of her, and Lupin wanting to get to the brooch, the group must work together to take on the Bank of World and fulfil their goals.'",,"Lupin III, Lupin Kozou","Lupin III: Pilot Film, Lupin III, Lupin III: Part II, Lupin III: The Mystery of Mamo, Lupin III: The Castle of Cagliostro, Lupin III: Part III, Lupin III: Legend of the Gold of Babylon, Lupin III: The Fuma Conspiracy, Lupin III: Secret Files, Lupin III Special 1: Bye Bye, Lady Liberty, Lupin III Special 2: The Hemingway Papers, Lupin III Special 3: Napoleon's Dictionary, Lupin III Special 4: From Siberia With Love, Lupin III Special 5: Voyage To Danger, Lupin III Special 6: Dragon of Doom, Lupin III: Farewell to Nostradamus, Lupin III Special 7: The Pursuit of Harimao's Treasure, Lupin III: Dead or Alive, Lupin III Special 8: The Secret Of The Twilight Gemini, Lupin III Special 9: Island of Assassins, Lupin III Special 10: Crisis in Tokyo, Lupin III Special 11: The Columbus Files, Lupin III Special 13: Alcatraz Connection, Lupin III: Return Of Pycal, Lupin III Special 14: Episode 0 - First Contact, Lupin III Special 15: Operation Return the Treasure, Lupin III Special 16: Stolen Lupin, Lupin III Special 17: Angel Tactics, Lupin III Special 18: Seven Days Rhapsody, Lupin III Special 19: The Elusiveness of the Fog, Lupin III: Green vs Red, Lupin III Special 20: Sweet Lost Night, Lupin III Special 21: Lupin III vs Detective Conan, Monkey Majik: Lupin the Third, Lupin III Special 22: The Last Job, Lupin III Special 23: Blood Seal of the Eternal Mermaid, Lupin VIII: Arsene and Cie, Lupin III: Lupin Family All-Stars, Lupin III: The Woman Called Fujiko Mine, Lupin III Special 24: Touhou Kenbunroku - Another Page, Lupin III Special 25: Princess of the Breeze - Kakusareta Kuuchuu Toshi, Lupin III: Jigen's Gravestone, Lupin III: Part IV, Lupin III Special 26: Italian Game, Lupin III: Goemon's Blood Spray, Lupin III Special 27: Goodbye Partner, Lupin III: The First","Arsene Lupin Iii : Kanichi Kurita, Daisuke Jigen : Kiyoshi Kobayashi, Fujiko Mine : Eiko Masuyama, Goemon Ishikawa Xiii : Makio Inoue, Koichi Zenigata : Goro Naya, Alexei Nabikov, Cynthia F. Kremov, Sandie Fishburne, Monkey Punch
Original Creator, Hideki Tonokatsu
Director & Storyboard, Yuuji Oono
Music, Ryou Tanaka
Character Design, Hiroshi Yamashita
Producer, Yasumichi Ozaki
Producer, Keishi Sakai
Key Animator","Monkey Punch : Original Creator, Hideki Tonokatsu : Director & Storyboard, Yuuji Oono : Music, Ryou Tanaka : Character Design, Hiroshi Yamashita : Producer, Yasumichi Ozaki : Producer, Keishi Sakai : Key Animator"
Jin-Roh: The Wolf Brigade,,Movie,,Production I.G,,"Action, Seinen, Guns, Military, Noir, Police, Terrorism, Thriller, Based on a Manga, Mature Themes,, Violence",3.74,2000.0,,"'Constable Fuse is part of an elite Special Forces unit known as the Capital Police whose mission is to maintain peace during a time of civil unrest. Fuse becomes entangled within a web of intrigue and politics between the Capital Police, the government intelligence bureau, and a secret society known as Jin-Roh – the Wolf Brigade.'","Mature Themes,, Violence",Hellhounds: Panzer Cops,,"Kazuki Fuse : Yoshikatsu Fujiki, Atsushi Henmi : Hiroyuki Kinoshita, Kei Amemiya : Sumi Mutoh, Bunmei Muroto : Kousei Hirota, Hachiroh Tohbe : Yoshisada Sakaguchi, Hajime Handa : Yukihiro Yoshida, Isao Aniya : Kenji Nakagawa, Nanami Agawa : Eri Sendai, Mamoru Oshii
Original Creator, Hiroyuki Okiura
Director, Hajime Mizoguchi
Music, Tetsuya Nishio
Character Design, Hidekazu Terakawa
Producer, Minoru Takanashi
Producer, Atsushi Sugita
Producer, Shuuichi Kakesu
Editor","Mamoru Oshii : Original Creator, Hiroyuki Okiura : Director, Hajime Mizoguchi : Music, Tetsuya Nishio : Character Design, Hidekazu Terakawa : Producer, Minoru Takanashi : Producer, Atsushi Sugita : Producer, Shuuichi Kakesu : Editor"
Zoids: Guardian Force,,TV   ,33.0,XEBEC,Spring,"Action, Mecha",3.74,2000.0,,"'The great war between the Helic Republic and the Guylos Empire ended four years ago, but the peacefulness of the world has not returned. In this troubled time, the Republic and the Empire have joined forces and created the Guardian Force in order to stop bandits, rebels, and other troublemakers. Van Flyheight and Fiona join the Guardian Force while continuing their search for Zoid Eve, but unfortunately they have more to worry about than mere bandit and rebels! Mysterious people are involved in a larger and more diabolical scheme, and they even have Organoids of their own!'",,"Zoids: Chaotic Century, Zoids: New Century","Zoids: Chaotic Century, Zoids: New Century/Zero, Zoids: Fuzors, Zoids: Genesis","Fiona : Makiko Ohmoto, Van Flyheight : Daisuke Kishio, Moonbay : Kumiko Watanabe, Takao Kato
Director, Robert Etoll
Music, Shinsuke Sugiuchi
Music, Tadashi Sakakita
Character Design, Toshihiro Nakazawa
Producer, Hirofumi Morotomi
Producer","Takao Kato : Director, Robert Etoll : Music, Shinsuke Sugiuchi : Music, Tadashi Sakakita : Character Design, Toshihiro Nakazawa : Producer, Hirofumi Morotomi : Producer"
Love Hina X'mas Special: Silent Eve, Love Hina Christmas Movie,TV Sp,,XEBEC,,"Comedy, Romance, Shounen, Christmas, Tsundere, Based on a Manga",3.72,2000.0,,"'The first Christmas of the millennium is approaching and the rumour on the streets has it that if you confess your love on this special day, your wish will come true! And though almost everyone is celebrating the arrival of the momentous event; Mutsumi, Naru, and Keitaro must instead focus on passing their preliminary exams, much to Keitaro\'s dismay! After hearing the Christmas rumours he just can\'t sit still and goes out of his way to confess to Naru. Yet nervousness causes him to blurt out the news, causing Naru to run away. With Christmas steadily approaching, Keitaro is now left with the question, ""was it just a one-sided love after all?""'",,"Love Hina, Love Hina Anime Comic, Love Hina (Light Novel), Love Hina: Special Project","Love Hina, Love Hina Special: Motoko's Choice, Love or Sword: Don't Cry, Love Hina Spring Special: I Wish Your Dream, Love Hina Final Selection, Love Hina Again","Keitaro Urashima : Yuuji Ueda, Naru Narusegawa : Yui Horie, Haruka Urashima : Megumi Hayashibara, Kaolla Su : Reiko Takagi, Mitsune Konno : Junko Noda, Motoko Aoyama : Yuu Asakawa, Mutsumi Otohime : Satsuki Yukino, Noriyasu Seta : Yasunori Matsumoto, Ken Akamatsu
Original Creator, Yoshiaki Iwasaki
Director, Koichi Korenaga
Music, Masaki Iwamoto
Music, Makoto Uno
Animation Director & Character Design & Chief Animation Director, Fukashi Azuma
Producer, Shinichi Ikeda
Producer, Yukinao Shimoji
Producer","Ken Akamatsu : Original Creator, Yoshiaki Iwasaki : Director, Koichi Korenaga : Music, Masaki Iwamoto : Music, Makoto Uno : Animation Director & Character Design & Chief Animation Director, Fukashi Azuma : Producer, Shinichi Ikeda : Producer, Yukinao Shimoji : Producer"
Saiyuki,"Alt titles: Gensou Maden Saiyuki, Gensoumaden Saiyuuki",TV   ,50.0,Pierrot,Spring,"Action, Adventure, Comedy, Fantasy, Shounen, Ancient China, Exorcists, Journey to the West, Based on a Manga",3.72,2000.0,2001.0,"'In the mystical world of Shangri-la, demons and humans live side by side, watched over by a parthenon of ancient Chinese gods. But when normally-civilized demons start to go berserk, the gods require the services of Genjou Sanzo - a Buddhist priest with a magical gun, an evil-banishing scripture and a take-no-prisoners attitude. Aided by the ancient monkey god Son Goku, the half-demon Sha Gojyo and the demon exterminator Cho Hakkai, he sets off on a treacherous journey westward, with armies of demons, dark mages and angry gods all standing in his way...'",,"Saiyuki, Saiyuki (Light Novel), Saiyuki Gaiden, Gekijouban Gensou Maden Saiyuki: Erabarezaru Mono e no Requiem (Light Novel), Saiyuki Reload, Saiyuki Reload Blast, Saiyuki Ibun, Saiyuki Anthology","Saiyuki OVA, Saiyuki Requiem, Saiyuki Interactive, Saiyuki Reload: Urasai, Saiyuki Reload, Saiyuki Reload Gunlock, Saiyuki Reload: Burial, Saiyuki Gaiden, Saiyuki Gaiden: Tokubetsu-hen - Kouga no Shou, Saiyuki Reload Blast, Saiyuki Reload: Zeroin","Gojyo Sha : Hiroaki Hirata, Goku Son : Souichirou Hoshi, Hakkai Cho : Akira Ishida, Sanzo Genjyo : Toshihiko Seki, Gyokumen Koushu : Shinobu Satou, Kougaiji : Takeshi Kusao, Yaone : Yuuko Minaguchi, Chin Yisou : Hiroya Ishimaru, Kazuya Minekura
Original Creator, Hayato Date
Director, Motoi Sakuraba
Music, Yuuji Moriyama
Character Design, Ken Hagino
Producer, Tomoko Gushima
Producer, Tetsuya Watanabe
Producer, Masahiko Murata
Episode Director & Storyboard","Kazuya Minekura : Original Creator, Hayato Date : Director, Motoi Sakuraba : Music, Yuuji Moriyama : Character Design, Ken Hagino : Producer, Tomoko Gushima : Producer, Tetsuya Watanabe : Producer, Masahiko Murata : Episode Director & Storyboard"
Vandread,,TV   ,13.0,GONZO,Fall ,"Comedy, Mecha, Sci Fi, Outer Space, Original Work",3.7,2000.0,,"'In a far and distant future, men and women have become mortal enemies. Each living on seperate planets, an interstellar war is being fought between the two very different peoples. Hibiki, a mere 3rd class worker, finds himself in the middle of a huge space battle, facing the nemesis of mankind: Womankind!'",,"Vandread: First Stage (Light Novel), Vandread, Vandread: The Second Stage (Light Novel), Vandread Special Stage, Vandread: The Extra Stage (Light Novel)","Vandread Integral, Vandread: The Second Stage, Vandread Turbulence","Bart Garsus : Tomokazu Seki, Dita Liebely : Yumi Kakazu, Hibiki Tokai : Hiroyuki Yoshino, Jura Basil Elden : Yuu Asakawa, Meia Gisborn : Fumiko Orikasa, Barnette Orangello : Michiko Neya, Buzam A. Calessa : Yoko Soumi, Duelo Mcfile : Hideki Tasaka, Takeshi Mori
Director, Yasunori Iwasaki
Music, Kazuya Kuroda
Character Design, Kazuhiko Ikeguchi
Producer, Katsuharu Nagata
Producer, Masaki Hinata
Animation Director, Hiroshi Nagahama
Assistant Animation Director","Takeshi Mori : Director, Yasunori Iwasaki : Music, Kazuya Kuroda : Character Design, Kazuhiko Ikeguchi : Producer, Katsuharu Nagata : Producer, Masaki Hinata : Animation Director, Hiroshi Nagahama : Assistant Animation Director"
Daa! Daa! Daa!, UFO Baby,TV   ,78.0,J.C.Staff,Spring,"Comedy, Shoujo, Aliens, Childcare, Cohabitation, School Life, Based on a Manga",3.7,2000.0,2002.0,"""Miyu's parents have big dreams: her mother wants to explore the universe and meet aliens, and her father wants to develop a new space shuttle. In order to accomplish their goals they decide to work at NASA; but due to their inevitably busy schedules, Miyu is sent to live with a friend of the family. On the day she arrives at her new home, her caretaker leaves on a religious pilgrimage, leaving her alone with his son Kanata. To top it off, an alien baby crashes into the house that night! The ship is too damaged to fly so the baby and his pet/baby sitter decide to live with Miyu and Kanata until help arrives, whenever that may be. How can two unrelated middle school kids learn to live together while raising a baby that insists on calling them mom and dad?""",,"Daa! Daa! Daa!, Shin Daa! Daa! Daa!",,"Kanata Saionji : Yuuko Sanpei, Miyu Kouzuki : Kaori Nazuka, Ruu : Mika Kanai, Wannyaa : Chiemi Chiba, Aya Konishi : Atsuko Enomoto, Christine Hanakomachi : Haruna Ikezawa, Mikan Yamamura : Mika Kanai, Mizuki Yamamura : Chihiro Suzuki, Mika Kawamura
Original Creator, Hiroaki Sakurai
Director, Toshio Masuda
Music, Masayuki Onchi
Character Design, Shichirou Kobayashi
Art Director, Eizou Kondou
Producer, Kunitoshi Okajima
Episode Director & Storyboard, Shingo Kaneko
Episode Director & Storyboard","Mika Kawamura : Original Creator, Hiroaki Sakurai : Director, Toshio Masuda : Music, Masayuki Onchi : Character Design, Shichirou Kobayashi : Art Director, Eizou Kondou : Producer, Kunitoshi Okajima : Episode Director & Storyboard, Shingo Kaneko : Episode Director & Storyboard"
Pucca,,Web  ,46.0,,,"Comedy, Romance, Korean Animation, Short Episodes, Flash Animation",3.68,2000.0,2005.0,"'Pucca is the sweet daughter of a Chinese restaurant owner. She loves to eat ja jang myung (Korean black noodles), but she is even more in love with Garu, an aspiring ninja.'",,,"Pucca (2006), Pucca (2008), Pucca: Love Recipe","Abyo, Garu, Pucca, Mio, Santa Claus",
Crest of the Stars: Birth, Seikai no Danshou,TV Sp,,Sunrise,,"Romance, Sci Fi, Outer Space, Based on a Novel",3.68,2000.0,,"'In a technology-inclined future, a young prince of the Abriel family and his lover take a detour on their way home from an interplanetary trading mission to explore the remains of a dead star. The ancient spaceship they find within causes them to look back over the birth of their race, the Ahb, genetically engineered humans designed to travel the vastness of space...'",,"Crest of the Stars (Light Novel), Banner of the Stars (Light Novel), Seikai Trilogy: Crest of the Stars, Seikai no Monshou (Kouichirou YONEMURA)","Crest of the Stars, Crest of the Stars: Tokubetsu Hen, Banner of the Stars, Banner of the Stars: Tokubetsu Hen, Banner of the Stars II, Banner of the Stars III","Debeus Abriel : Hirotaka Suzuoki, Plakia Lexshue : Gara Takashima, Jinto Lin, Lafiel Abriel : Ayako Kawasumi, Narrator : Haruhiko Jo, Yasuchika Nagaoka
Director, Katsuhisa Hattori
Music, Keisuke Watabe
Character Design, Atsushi Sugita
Producer, Mikihiro Iwata
Producer","Yasuchika Nagaoka : Director, Katsuhisa Hattori : Music, Keisuke Watabe : Character Design, Atsushi Sugita : Producer, Mikihiro Iwata : Producer"
Shoubushi Densetsu Tetsuya, Legendary Gambler Tetsuya,TV   ,20.0,Toei Animation,Fall ,"Drama, Shounen, Board Games, Gambling, Mahjong, Psychological, Based on a Manga, Drug Use,, Mature Themes",3.67,2000.0,2001.0,"'In the year 1947, the people of Shinjuku are down on their luck. With little money to buy food or necessities, some resort to gambling in order to survive. The Mahjong parlors are where the traveling Tetsuya chooses to spend his time, wiping the floor clean with his adversaries. However, once Tetsuya meets the intensely-skilled Boushu-san, he discovers that his own skills are lacking, and from now on Mahjong will never be the same! Does Tetsuya have what it takes to become a legendary gambler?'","Drug Use,, Mature Themes",Tetsuya: Jansei to Yobareta Otoko,,"Tetsuya Asada : Ryotaro Okiayu, Boshu : Chikao Ohtsuka, Danchi : Wataru Takagi, Innami : Kouji Totani, Lisa, Yuu : Hiroaki Hirata, Ataru, Danchi'S Father, Nobutaka Nishizawa
Director, Kuniaki Haishima
Music, Hidemi Kubo
Character Design, Toshiaki Komura
Episode Director & Storyboard, Mitsuo Shindou
Key Animator, Jun Arai
Key Animator","Nobutaka Nishizawa : Director, Kuniaki Haishima : Music, Hidemi Kubo : Character Design, Toshiaki Komura : Episode Director & Storyboard, Mitsuo Shindou : Key Animator, Jun Arai : Key Animator"
One Piece Movie 1,,Movie,,Toei Animation,,"Action, Adventure, Fantasy, Shounen, Island, Pirates, Superpowers, Based on a Manga",3.67,2000.0,,"'Once there was a legendary pirate named Woonan who, through a lifetime of adventure and pirating, gained over 1/3rd of the world’s gold. Legend has it that when he died, he left all of his gold on a single island, hidden until another pirate finds his map and comes to take it. Nami gets a lead as to the location of the island, and the crew immediately goes to find it. However, it won’t be easy, as they aren’t the only ones who are after the treasure. Now, they must desperately try to keep the nefarious El Drago and his crew from taking the legendary gold before they can claim it!'",,One Piece,One Piece,"Monkey D. Luffy : Mayumi Tanaka, Nami : Akemi Okamura, Usopp : Kappei Yamaguchi, Zoro Roronoa : Kazuya Nakai, El Drago : Kenji Utsumi, Ganzo : Taiki Matsuno, Tobio : Yuka Imai, Danny : Shinsuke Kasai, Eiichiro Oda
Original Creator, Junji Shimizu
Director, Kouhei Tanaka
Music, Kazuya Kuda
Character Design, Noboru Koizumi
Character Design","Eiichiro Oda : Original Creator, Junji Shimizu : Director, Kouhei Tanaka : Music, Kazuya Kuda : Character Design, Noboru Koizumi : Character Design"
Doraemon Movie 21: Nobita and the Legend of the Sun King, Doraemon Movie 21: Nobita no Taiyou Ou Densetsu,Movie,,Shin-Ei Animation,,"Adventure, Comedy, Fantasy, Shounen, Cats, Family Friendly, Forest, Jungle, Non-Human Protagonists, Robots, Time Travel, Based on a Manga",3.66,2000.0,,"""Doraemon and its friends open a hole in the time and they're travel to the Country of Mayana, a lost Mayan civilization in the jungle. There, Nobita will know its perfect double, prince Thio, heir to the throne. Both will decide to interchange papers to try to save to the Country of Mayana of the claws of the infernal Ledina witch and her evil forces.""",,"Doraemon, Daichohen Doraemon, The Doraemons: Doraemon Game Comic, Doraemon (Taiyou MATSUMOTO), Dorabase: Doraemon Chouyakyuu Gaiden, Doraemon Plus","Doraemon (1979), Doraemon: Doraemon Comes Back, Doraemon: Doraemon Comes Back (1998), The Doraemons: Strange, Sweets, Strange?","Doraemon : Nobuyo Oyama, Gian : Kazuya Tatekabe, Nobita Nobi : Noriko Ohara, Shizuka Minamoto, Suneo Honekawa : Kaneta Kimotsuki, Ledina, Thio, Ishumaru : Kouji Nakata, Hiroshi Fujimoto
Original Creator, Tsutomu Shibayama
Director, Katsumi Horii
Music, Nobuaki Kishima
Screenplay","Hiroshi Fujimoto : Original Creator, Tsutomu Shibayama : Director, Katsumi Horii : Music, Nobuaki Kishima : Screenplay"
Shaman King Specials,,Other,,,,"Action, Adventure, Comedy, Shounen, Recap, Tournaments, Based on a Manga",3.64,2000.0,2004.0,'No synopsis yet - check back soon!',,"Shaman King, Shaman King Kang Zeng Bang, Shaman King: Flowers (Pilot), Shaman King: Zero, Shaman King: Flowers, Shaman King: The Super Star, Shaman King: Red Crimson, Shaman King: Faust8 - Eien no Eliza (Light Novel)",Shaman King,"Amidamaru : Katsuyuki Konishi, Anna Kyoyama : Megumi Hayashibara, Manta Oyamada : Inuko Inuyama, Tao Ren : Romi Park, Yoh Asakura : Yuuko Satou, Chocolove Mcdaniel : Motoko Kumai, Hao : Minami Takayama, Pirika Usui : Tomoko Kawakami",
"Love Hina Special: Motoko's Choice, Love or Sword: Don't Cry"," Love Hina: Motoko no Sentaku, Koi ka Ken... ""Naku na""",DVD S,,XEBEC,,"Comedy, Ecchi, Harem, Romance, Shounen, Based on a Manga",3.64,2000.0,,"'One day, on his way back from dropping off Naru and Mei at the train station, Keitarou is saved by a katana-wielding beauty who turns out to be none other than Motoko’s sister – and she’s come to take her younger sibling back to the dojo! Shocked by her sister’s sudden appearance, Motoko, in a fit of desperation, \xa0blurts out that she cannot leave as she is getting married to Keitarou. Now, in order to stop Motoko from having to return home, Keitarou and the rest of the girls of the Hina inn must help to keep up the pretense of their relationship. But with Motoko unable to even kiss the young ronin without her punching him, can they succeed?'",,"Love Hina, Love Hina Anime Comic, Love Hina (Light Novel), Love Hina: Special Project","Love Hina, Love Hina X'mas Special: Silent Eve, Love Hina Spring Special: I Wish Your Dream, Love Hina Final Selection, Love Hina Again","Keitaro Urashima : Yuuji Ueda, Motoko Aoyama : Yuu Asakawa, Haruka Urashima : Megumi Hayashibara, Kaolla Su : Reiko Takagi, Mitsune Konno : Junko Noda, Naru Narusegawa : Yui Horie, Sarah Mcdougal : Yumiko Kobayashi, Shinobu Maehara : Masayo Kurata, Ken Akamatsu
Original Creator, Yoshiaki Iwasaki
Director, Koichi Korenaga
Music, Makoto Uno
Character Design, Shinichi Ikeda
Producer, Keisuke Iwata
Producer, Yukinao Shimoji
Producer","Ken Akamatsu : Original Creator, Yoshiaki Iwasaki : Director, Koichi Korenaga : Music, Makoto Uno : Character Design, Shinichi Ikeda : Producer, Keisuke Iwata : Producer, Yukinao Shimoji : Producer"
Love Hina,,TV   ,24.0,XEBEC,Spring,"Comedy, Ecchi, Harem, Romance, Shounen, Apartment Life, Boarding House, Childhood Promise, Landlords, Neighbors, Romantic Comedy, Slapstick, Tsundere, Based on a Manga",3.63,2000.0,,"'Keitaro Urashima is somewhat of a failure. In order to fulfill a promise he made to a girl fifteen years ago, he has tried time and again to get into Tokyo U but has never managed to pass the exam. However, fate smiles upon him and he ends up working for his aunt, managing an all-girls dorm! Living with the feral Kaolla, the timid Shinobu, the sake-loving Mitsune, the blade mistress Motoko and the punch-happy Naru, can Keitaro keep his focus and keep his promise? And will he ever end up meeting that girl from his past?'",,"Love Hina, Love Hina Anime Comic, Love Hina (Light Novel), Love Hina: Special Project","Love Hina Special: Motoko's Choice, Love or Sword: Don't Cry, Love Hina X'mas Special: Silent Eve, Love Hina Spring Special: I Wish Your Dream, Love Hina Final Selection, Love Hina Again","Keitaro Urashima : Yuuji Ueda, Naru Narusegawa : Yui Horie, Haruka Urashima : Megumi Hayashibara, Kaolla Su : Reiko Takagi, Mitsune Konno : Junko Noda, Motoko Aoyama : Yuu Asakawa, Mutsumi Otohime : Satsuki Yukino, Noriyasu Seta : Yasunori Matsumoto, Ken Akamatsu
Original Creator, Yoshiaki Iwasaki
Director, Koichi Korenaga
Music, Makoto Uno
Animation Director & Character Design & Key Animator, Shinichi Ikeda
Producer, Keisuke Iwata
Producer, Yukinao Shimoji
Producer, Toshinori Narita
Episode Director","Ken Akamatsu : Original Creator, Yoshiaki Iwasaki : Director, Koichi Korenaga : Music, Makoto Uno : Animation Director & Character Design & Key Animator, Shinichi Ikeda : Producer, Keisuke Iwata : Producer, Yukinao Shimoji : Producer, Toshinori Narita : Episode Director"
Yu-Gi-Oh! Duel Monsters,,TV   ,224.0,Gallop,Spring,"Adventure, Shounen, Body Sharing, Card Battles, High Stakes Games, Supernatural, Tournaments, Based on a Manga",3.62,2000.0,2004.0,"""Ever since Yugi Mutou completed the Millennium Puzzle his life has changed; he's made friends, learned how to play the card game Duel Monsters and has gained more confidence in himself. After his grandfather is beaten in a duel he is challenged by Seto Kaiba, ranked number two in the world, but Yugi beats him regardless. Now, as a result of his victory, Yugi has attracted the attention of the game's creator, Pegasus. Yugi is then challenged to a dual in an alternate reality where magic brings the monsters to life, but is beaten and his grandfather's soul is taken. In order to retrieve it Yugi must now participate in a tournament against the best duelists in the world, defeat the game's creator, and learn more about the secrets within his Millennium Puzzle!""",,"Yu-Gi-Oh!, Yu-Gi-Oh! Duelist, Yu-Gi-Oh! Millennium World, Yu-Gi-Oh! R, Yu-Gi-Oh! GX, Yu-Gi-Oh! 5D's, Yu-Gi-Oh! Zexal, Yu-Gi-Oh! Arc-V (Naohito MIYOSHI), Yu-Gi-Oh! Arc-V, Yu-Gi-Oh! Transcend Game, Yu-Gi-Oh! Rush Duel LP","Yu-Gi-Oh!, Yu-Gi-Oh! Duel Monsters: Battle City Special, Yu-Gi-Oh! Movie 2: Pyramid of Light, Yu-Gi-Oh! GX, Yu-Gi-Oh! 5D's, Yu-Gi-Oh! 3D: Bonds Beyond Time, Yu-Gi-Oh! Movie 4: The Dark Side of Dimensions","Anzu Mazaki : Maki Saitou, Hiroto Honda : Takayuki Kondou, Katsuya Jonouchi : Hiroki Takahashi, Seto Kaiba : Kenjirou Tsuda, Yami Yugi : Shunsuke Kazama, Yugi Mutou : Shunsuke Kazama, Amelda : Yukinara Iemura, Arthur Hopkins : Saburo Kodaka, Kazuki Takahashi
Original Creator, Kunihisa Sugishima
Director, Shinkichi Mitsumune
Music, Michi Himeno
Character Design, Shingo Araki
Character Design, Noriko Kobayashi
Producer, Hidetaka Ikuta
Producer, Naoki Sasada
Producer","Kazuki Takahashi : Original Creator, Kunihisa Sugishima : Director, Shinkichi Mitsumune : Music, Michi Himeno : Character Design, Shingo Araki : Character Design, Noriko Kobayashi : Producer, Hidetaka Ikuta : Producer, Naoki Sasada : Producer"
Detective Conan: The Internet - The Mysterious E-mail Case, Meitantei Conan: Internet Nazo no Mail Jiken,OVA  ,1.0,TMS Entertainment,,Mystery,3.6,2000.0,,'No synopsis yet - check back soon!',,,"Detective Conan, Detective Conan Movie 24: The Scarlet Bullet",Conan Edogawa : Minami Takayama,
Hidamari no Ki,,TV   ,25.0,MADHOUSE,Spring,"Seinen, 19th Century, Feudal Japan, Historical, Samurai, Based on a Manga",3.59,2000.0,,"'In the mid 1800s, prior to the fall of the Tokugawa Shogunate, two men lead very different lives in the city of Edo. Ibuya Manjiro is a would-be samurai who refuses to back down from a fight, and Ryoan Tezuka is the son of a well-known doctor and student of Western medicine. Both are looked down upon by members of the community – Ibuya for his heroic behavior that makes his dojo look bad, and Ryoan for following a form of medicine that Japan, as a whole, shuns. Though the two are on very different paths, their lives inevitably cross in romance, times of need, and the changing of history...'",,Hidamari no Ki,,"Osamu Tezuka
Original Creator, Gisaburou Sugii
Director, Keiko Matsui
Music, Marisuke Eguchi
Character Design, Manabu Tamura
Producer, Mitsuru Ooshima
Producer, Hiroshi Yamashita
Producer, Shinichirou Aoki
Episode Director","Osamu Tezuka : Original Creator, Gisaburou Sugii : Director, Keiko Matsui : Music, Marisuke Eguchi : Character Design, Manabu Tamura : Producer, Mitsuru Ooshima : Producer, Hiroshi Yamashita : Producer, Shinichirou Aoki : Episode Director"
Mahoujin Guru Guru Doki Doki Legend, Doki Doki Densetsu Mahoujin Guru Guru,TV   ,38.0,Nippon Animation,Spring,"Adventure, Comedy, Fantasy, Shounen, Parody, Based on a Manga",3.57,2000.0,,"'Still on their way to defeating the Demon King Giri, our heroes Nike and Kukuri plow dutifully forward in their leveled up states. Kukuri, the last mage of the Migu Migu tribe, has collected many a Guru Guru spell and is always searching for new ones, while Nike is still always on the look out for a good adventure. To defeat the ultimate evil the two must meet with the four kings of nature and gather four swords, which, when combined, become the Legendary Sword capable of slaying Giri where he stands! Along the way many a wacky and bizarre situation will come to pass. Can Nike and Kukuri finally slay the Demon King?'",,Mahoujin Guru Guru,"Mahoujin Guru Guru, Mahoujin Guru Guru Movie, Mahoujin Guru Guru (2017)","Kukuri : Konami Yoshida, Nike : Omi Minami, Gipple, Reido, Udberg Eldol, Hiroyuki Eto
Original Creator, Jun Takagi
Director, Fukashi Azuma
Producer","Hiroyuki Eto : Original Creator, Jun Takagi : Director, Fukashi Azuma : Producer"
Digimon Adventure 02 Movie: The Golden Digimentals, Digimon Adventure 02 Movie: Zenpen Digimon Hurricane Jouriku!! - Kouhen Chouzetsu Shinka!! Ougon no Digimental,Movie,,Toei Animation,,"Action, Adventure, Sci Fi, Shounen, America, Family Friendly, Monsters",3.56,2000.0,,"'While on a trip to the USA, Hikari and Takeru run into a mysterious Digimon who causes Mimi and the rest of the original Digidestined to suddenly vanish. Hikari quickly contacts Daisuke, Iori, and Miyako for help to rescue their friends, ultimately meeting up with a boy named Wallace in Colorado who has his own Digimon partner, Gumimon. They notice he has some sort of a connection with the strange Digimon, but is very secretive about it. Can they discover how the past of their American friend, the location “Summer Memory”, and the mysterious Digimon link together, and then rescue the team from a shadowy world before it’s too late?'",,"Digimon, Digimon Adventure (Light Novel)","Digimon Adventure Movie 1, Digimon Adventure Movie 2: Bokura no War Game, Digimon Adventure 02","Daisuke Motomiya : Reiko Kiuchi, Hikari Yagami : Kae Araki, Iori Hida : Megumi Urawa, Miyako Inoue : Rio Natsuki, Takeru Takaishi : Hiroko Konishi, Willis : Nami Miyahara, Chocomon : Mamiko Noto, Daisuke'S Vuimon : Junko Noda, Shigeyasu Yamauchi
Director, Takanori Arisawa
Music, Masahiro Aizawa
Character Design, Katsuyoshi Nakatsuru
Character Design, Hiromi Seki
Producer, Shigeru Nishiyama
Editor, Hiroki Kanno
Key Animator, Fumihide Sai
Key Animator","Shigeyasu Yamauchi : Director, Takanori Arisawa : Music, Masahiro Aizawa : Character Design, Katsuyoshi Nakatsuru : Character Design, Hiromi Seki : Producer, Shigeru Nishiyama : Editor, Hiroki Kanno : Key Animator, Fumihide Sai : Key Animator"
Ojamajo Doremi # Movie,,Movie,,Toei Animation,,"Magical Girl, Henshin Heroes, Magic, Witches, Original Work",3.56,2000.0,,"'One day, Pop is taking a test in the Magical Kingdom and runs across a beautiful flower in the Queen’s Garden; but unbeknownst to her, this flower is exceptionally special: it grants any wish, good or bad. After taking it with her back to the human world, Pop is scolded by Doremi and runs away to be alone. Out of anger, Pop wishes that Doremi would lose her magical powers and turn into a rodent; and because of the flower, her wish comes true. What’s worse is that the flower grows ""legs"" and escapes, wreaking havoc and granting wishes wherever it goes! Pop must join Hazuki, Onpu and Aiko to help capture Doremi and put a stop to the madness!'",,"Ojamajo Doremi, Ojamajo Doremi 16 (Light Novel), Ojamajo Doremi 17 (Light Novel), Ojamajo Doremi 18 (Light Novel), Ojamajo Doremi 19 (Light Novel), Ojamajo Doremi 20’s (Light Novel)",Ojamajo Doremi #,"Aiko Seno : Yuki Matsuoka, Doremi Harukaze : Chiemi Chiba, Hana Makihatayama, Hazuki Fujiwara : Tomoko Akiya, Onpu Segawa : Rumi Shishido, Pop Harukaze : Sawa Ishige, Dodo, Haruka Harukaze, Toei Animation
Original Creator, Takuya Igarashi
Director, Keiichi Oku
Music, Yoshihiko Umakoshi
Character Design","Toei Animation : Original Creator, Takuya Igarashi : Director, Keiichi Oku : Music, Yoshihiko Umakoshi : Character Design"
The Vision of Escaflowne: The Movie, Tenkuu no Escaflowne: The Movie,Movie,,Bones,,"Action, Fantasy, Mecha, Romance, Shoujo, Isekai, Person in a Strange World, Swordplay, Original Work, Explicit Violence",3.54,2000.0,,"'Hitomi wanted to just disappear from her life. The track club -- her best friend -- her parents -- she wanted it all to just...go away. While contemplating suicide, her wish is fulfilled by an unlikely savior: a man named Folken who brings her to his world, Gaea, to unlock the powers of the legendary Dragon, Escaflowne. But there are those who would stop at nothing to foil his plans, and chief among them is Van, the last warrior of a noble clan. Caught up in this epic struggle, Hitomi must find herself before she can find a way home.'",Explicit Violence,"The Vision of Escaflowne, Hitomi: Tenkuu no Escaflowne, The Vision of Escaflowne (Light Novel), Energist's Memories: The Vision of Escaflowne - Comic Anthology",The Vision of Escaflowne,"Hitomi Kanzaki : Maaya Sakamoto, Van Fanel : Yoshiko Kamei, Allen Schezar : Shinichirou Miki, Dilandau Albatou : Minami Takayama, Folken Fanel : Jouji Nakata, Gaddess : Tooru Ookawa, Merle : Ikue Ootani, Millerna Aston : Aki Takeda, Shouji Kawamori
Original Creator, Kazuki Akane
Director, Hajime Mizoguchi
Music, Youko Kanno
Music, Nobuteru Yuuki
Character Design, Masahiko Minami
Producer, Masuo Ueda
Producer, Minoru Takanashi
Producer","Shouji Kawamori : Original Creator, Kazuki Akane : Director, Hajime Mizoguchi : Music, Youko Kanno : Music, Nobuteru Yuuki : Character Design, Masahiko Minami : Producer, Masuo Ueda : Producer, Minoru Takanashi : Producer"
Digimon Adventure 02,,TV   ,50.0,Toei Animation,,"Action, Adventure, Sci Fi, Shounen, Family Friendly, Monster-of-the-week, Monsters",3.54,2000.0,2001.0,"""Two years after the DigiDestined (Taichi and the gang) saved the Digital World from the Dark Masters, new evil arises from the Real World. It's up to a new set of DigiDestined : Daisuke, Iori and Miyako, and a few from the original eight DigiDestineds to settle this fight once and for all. New Digimon and New Digivolutions are on the way, but is the new evildoer this time? Might this person be a foe or an ally? More secrets continue to be revealed as the new DigiDestineds fight to save both the real and the digital worlds.""",,"Digimon, Digimon Adventure (Light Novel)","Digimon Adventure 02 Movie, Digimon Adventure, Digimon Adventure 3D: Digimon Grand Prix!, Digimon Adventure 02 Movie: The Golden Digimentals, Digimon Adventure 02 Movie: Diaboromon Strikes Back","Daisuke Motomiya : Reiko Kiuchi, Daisuke'S Vuimon : Junko Noda, Hikari'S Tailmon : Yuka Tokumitsu, Hikari Yagami : Kae Araki, Iori Hida : Megumi Urawa, Iori'S Armadimon : Megumi Urawa, Ken Ichijouji : Romi Park, Miyako Inoue : Rio Natsuki, Hiroyuki Kakudou
Director, Takanori Arisawa
Music, Katsuyoshi Nakatsuru
Character Design, Akiyoshi Hongou
Character Design, Hiromi Seki
Producer, Kyoutarou Kimura
Producer, Daisuke Kawakami
Producer, Chiaki J. Konaka
Screenplay","Hiroyuki Kakudou : Director, Takanori Arisawa : Music, Katsuyoshi Nakatsuru : Character Design, Akiyoshi Hongou : Character Design, Hiromi Seki : Producer, Kyoutarou Kimura : Producer, Daisuke Kawakami : Producer, Chiaki J. Konaka : Screenplay"
Shin Getter Robo vs Neo Getter Robo,,OVA  ,4.0,Brain's Base,,"Action, Mecha, Sci Fi, Combining Mecha, Super Robot, Violence",3.54,2000.0,2001.0,"'Five years ago, Dinosaur Emperor Gore and his Mechasaurus army were vanquished by Getter Robo in a catastrophic battle that wiped out New York City. When the threat of invasion looms again, it’s up to ex-robot pilot Hayato to bring forth a new Getter from the ashes...one powered by plasma and controlled by a new generation of heroes! But even with the skills of wild fighter Go Ichimonji, Neo Getter Robo might not be strong enough. Humankind’s best hope still lies in the resurrection of the most dangerous super robot ever: Shin Getter Robo!'",Violence,"Getter Robo, Getter Robo Gou, Shin Getter Robo, Getter Robo Āḥ, Dynamic Superobot Wars: Super Robot Retsuden, Getter Robo Hien: The Earth Suicide, Getter Robo Anthology: Shinka no Ishi, Mazinger Otome, Getter Robo Devolution","Getter Robo, Great Mazinger vs Getter Robo, Getter Robo G, Great Mazinger vs Getter Robo G: The Great Space Encounter, Grendizer, Getter Robo G, Great Mazinger: Kessen! Daikaijuu!, Getter Robo Go, Getter Robo Armageddon, Dynamic Super Robots Soushingekki, New Getter Robo","Gai Daido, Go Ichimonji, Hayato Jin, Ryoma Nagare, Musashi Tomoe, Bat, Jack King, Neon, Go Nagai
Original Creator, Jun Kawagoe
Director, Fujio Suzuki
Character Design, Yoshikazu Iwanami
Sound Director, Takashi Nagai
Producer, Toru Shiobara
Producer","Go Nagai : Original Creator, Jun Kawagoe : Director, Fujio Suzuki : Character Design, Yoshikazu Iwanami : Sound Director, Takashi Nagai : Producer, Toru Shiobara : Producer"
Jungle Emperor Leo: Honnouji no Hen, Jungle Taitei: Honnouji no Hen,Other,,,,"Africa, Animal Protagonists, Cats, Forest, Jungle, Non-Human Protagonists, Shorts, Based on a Manga",3.54,2000.0,,"'The battle between the ""ideal king"" and the ""real world king"".'",,"Jungle Taitei, Leo the Lion Cub","Kimba the White Lion, Jungle Taitei Susume Leo!, The New Adventures of Kimba The White Lion, Jungle Emperor Leo Movie, Jungle Emperor Leo: The Brave Can Change the Future","Leo, Bubu, Coco, Paora, Tony, Fumihiro Yoshimura
Director",Fumihiro Yoshimura : Director
Crayon Shin-chan Movie 8: Arashi wo Yobu Jungle,,Movie,,Shin-Ei Animation,,"Adventure, Comedy, Crude, Forest, Island, Jungle",3.53,2000.0,,'The Nohara family is on a cruise heading towards a tropical island when suddenly the ship is invaded by a large group of monkeys. The simians capture all adults and take them to a nearby isle while leaving all children behind. It is up to Shin-chan and his friends to find and save the grown-ups.',,"Crayon Shin-chan, Shin Crayon Shin-chan, Crayon Shin-chan Shin-Men, Crayon Shin-chan: Gachinko! Gyakushuu no Robot-chan","Crayon Shin-chan, Crayon Shin-chan Movie 1: Action Kamen vs Haigure Maou, Crayon Shin-chan Movie 2: Buriburi Oukoku no Hihou, Crayon Shin-chan Movie 3: Unkokusai no Yabou, Crayon Shin-chan Movie 4: Henderland no Daibouken, Crayon Shin-chan Movie 5: Ankoku Tamatama Daitsuiseki, Crayon Shin-chan Movie 6: Dengeki! Buta no Hizume Daisakusen, Crayon Shin-chan Movie 7: Bakuhatsu! Onsen Wakuwaku Daikessen, Crayon Shin-chan Movie 9: The Adult Empire Strikes Back, Crayon Shin-chan Movie 10: Arashi wo Yobu Appare! Sengoku Daikassen, Crayon Shin-chan Movie 11: Arashi wo Yobu Eikou no Yakiniku Road, Crayon Shin-chan Movie 12: Arashi wo Yobu! Yuuhi no Kasukabe Boys, Crayon Shin-chan Movie 13: Densetsu wo Yobu Buriburi 3 Pun Dai Shingeki, Crayon Shin-chan Movie 14: Densetsu wo Yobu Odore! Amigo!, Crayon Shin-chan Movie 15: Arashi wo Yobu Utau Ketsu dake Bakudan!, Crayon Shin-chan Movie 16: Chou Arashi wo Yobu Kinpoko no Yuusha, Crayon Shin-chan Movie 17: Otakebe! Kasukabe Yasei Oukoku, Crayon Shin-chan Movie 18: Chou Jikuu! Arashi wo Yobu Ora no Hanayome, Crayon Shin-chan Movie 19: Arashi wo Yobu Ougon no Spy Daisakusen, Crayon Shin-chan Movie 20: Arashi o Yobu! Ora to Uchuu no Princess, Crayon Shin-chan Movie 21: Bakauma! B-Kyuu Gourmet Survival Battle!!, Crayon Shin-chan Movie 22: Gachinko! Gyakushuu no Robo To-chan, Crayon Shin-chan Movie 23: Ora no Hikkoshi Monogatari - Saboten Dai Shuugeki, Crayon Shin-chan Movie 24: Bakusui! Yumemi World Dai Totsugeki, Crayon Shin-chan Movie 25: Shurai! Uchujin Shiriri, Crayon Shin-chan Movie 26: Bakumori! Kung-Fu Boys - Ramen Tairan, Crayon Shin-chan Movie 27: Shinkon Ryokou Hurricane - Ushinawareta Hiroshi, Crayon Shin-chan Movie 28: Gekitotsu! Rakuga Kingdom to Hobo Yonin no Yuusha, Crayon Shin-chan Movie 29: Nazo Meki! Hana no Tenkasu Gakuen","Hiroshi Nohara : Keiji Fujiwara, Misae Nohara : Miki Narahashi, Shinnosuke Nohara : Akiko Yajima, Action Kamen : Tesshou Genda, Ai Suotome : Ayako Kawasumi, Bo : Chie Satou, Bunta Takakura : Rokuro Naya, Himawari Nohara : Satomi Koorogi, Yoshito Usui
Original Creator, Keiichi Hara
Director, Shinji Miyazaki
Music, Toshiyuki Arakawa
Music, Masaaki Yuasa
Character Design, Katsunori Hara
Character Design, Junichi Yamakawa
Producer, Hidetaka Ikuta
Producer","Yoshito Usui : Original Creator, Keiichi Hara : Director, Shinji Miyazaki : Music, Toshiyuki Arakawa : Music, Masaaki Yuasa : Character Design, Katsunori Hara : Character Design, Junichi Yamakawa : Producer, Hidetaka Ikuta : Producer"
Anime Roukyoku Kikou Shimizu no Jirochouden,,TV   ,30.0,Spring 2000,,"Comedy, Historical",3.52,2000.0,,'No synopsis yet - check back soon!',,,,,
Araiguma Rascal Specials, Rascal the Raccoon Specials,TV Sp,,Nippon Animation,,"Drama, America, Countryside, Historical, Recap, Based on a Novel",3.52,2000.0,,'No synopsis yet - check back soon!',,,Araiguma Rascal,"Oscar : Yuuji Shikamata, Rascal : Masako Nozawa, Sterling North : Toshihiko Utsumi",
Saving our Fragile Earth: Unico Special Chapter, Glass no Chikyuu wo Sukue Unico Tokubetsu-hen,Movie,,,,"Adventure, Fantasy, Animal Protagonists, Environmental, Non-Human Protagonists, Time Travel, Unicorns",3.52,2000.0,,"'Unico the unicorn is once again in a new place. During his journey with the West Wind, Unico meets Tsubasa, a talking tree boy. The Earth has become totally ruined to the extent that no creature can live there, because humans have drained it of all resources and destroyed the environment. Unico and Tsubasa go on a journey to find a way to make the Earth habitable again. They finally meet the Sphinx and the ""time fairy"" (Astro Boy/Atom) at the end of their hard journey. They decide to go back to the past and prevent humans from taking the wrong path.'",,Unico,Unico,"Tsubasa : Yasuhiro Takato, Unico : Akiko Yajima, Sphinx : Youko Asagami, Astro : Niina Kumagaya, Leo, Phoenix, Sapphire : Emi Shinohara, Water Fairy : Rumi Kasahara, Masayoshi Nishida
Director, Minoru Kubota
Producer, Sumio Udagawa
Producer","Masayoshi Nishida : Director, Minoru Kubota : Producer, Sumio Udagawa : Producer"
Hellsing: Psalm of Darkness,,DVD S,,GONZO,,"Action, Seinen, Europe, Overpowered Main Characters, Supernatural, Vampires, Based on a Manga",3.52,2000.0,,'No synopsis yet - check back soon!',,"Hellsing, Hellsing: The Dawn","Hellsing, Hellsing Ultimate: Digest for Freaks, Hellsing Ultimate, Hellsing: The Dawn","Alucard, Integra Fairbrook Wingates Hellsing, Seras Victoria, Alexander Anderson, Enrico Maxwell, Luke Valentine, The Captain, The Doctor, Kouta Hirano
Original Creator",Kouta Hirano : Original Creator
Brigadoon, Brigadoon: Marin to Melan,TV   ,26.0,Sunrise,Summer,"Action, Comedy, Sci Fi, Historical, Original Work",3.52,2000.0,2001.0,"'The year is 1969, and strange things are happening on Earth: a strange formation known as Brigadoon has appeared in the sky, and mysterious alien machines have begun to attack a seemingly ordinary orphan girl named Marin! Luckily for her, Marin finds an artifact which summons the alien Melan Blue to protect her – but there is more going on between Earth and Brigadoon than meets the eye. However there is more going on behind the scenes between Earth and Brigadoon. Along with a cast of quirky characters, Marin must get to the bottom of what’s going on, lest both Earth AND Brigadoon be destroyed forever!'",,Brigadoon,,"Marin Asagi : Kaori., Melan Blue : Houchuu Ootsuka, Erin Garnet : Kae Araki, Jun Tokita : Kae Araki, Lala : Chinami Nishimura, Lolo : Mayumi Shintani, Midori Mano : Ryouka Yuzuki, Mike White : Mitsuo Iwata, Yoshitomo Yonetani
Director & Original Concept, Yuuji Yoshino
Music, Takahiro Kimura
Character Design, Hisanori Kunisaki
Producer, Takashi Kouchiyama
Producer, Gorou Taniguchi
Storyboard, Shinichi Watanabe
Storyboard","Yoshitomo Yonetani : Director & Original Concept, Yuuji Yoshino : Music, Takahiro Kimura : Character Design, Hisanori Kunisaki : Producer, Takashi Kouchiyama : Producer, Gorou Taniguchi : Storyboard, Shinichi Watanabe : Storyboard"
Gravitation,,TV   ,13.0,Studio DEEN,Fall ,"BL, Romance, Shoujo, Shounen-ai, Adult Couples, Cohabitation, LGBT Themes, Mature Romance, Music, Opposites Attract, Rock Music, Showbiz, Writers, Based on a Manga, Emotional Abuse,, Mature Themes,, Physical Abuse,, Sexual Abuse,, Sexual Content",3.52,2000.0,2001.0,"'As a member of a musical duo on the verge of making it into show business, Shindou Shuichi has a lot on his mind -- especially since he writes the songs for his Bad Luck band. His life gets no less hectic when he bumps into Yuki Eiri, a successful yet cynical author extraordinaire, who immediately insults Shuichi’s lyrics upon reading them. Seeking him out to demand an apology, Shuichi nevertheless sees other facets of Eiri’s personality. Can he accept the fact that he might be developing feelings for the novelist who discredited his work on their first meeting?'","Emotional Abuse,, Mature Themes,, Physical Abuse,, Sexual Abuse,, Sexual Content","Gravitation, Gravitation: Remix Gravitation, Gravitation: The Novel (Light Novel), Gravitation: Voice of Temptation (Light Novel), Gravitation EX, Shindou Family Circumstances",Gravitation: Lyrics of Love,"Eiri Yuki : Kouki Miyata, Shuichi Shindou : Tomokazu Seki, Hiroshi Nakano : Yasunori Matsumoto, K : Ryotaro Okiayu, Mika Seguchi : Hiromi Tsuru, Ryuichi Sakuma : Kappei Yamaguchi, Sakano : Takehito Koyasu, Suguru Fujisaki : Fujiko Takimoto, Maki Murakami
Original Creator, Bob Shirohata
Director & Episode Director & Storyboard, Michiko Yokote
Screenplay & Series Composition, Takashi Kodama
Music, Miho Shimogasa
Character Design, Nobuto Sakamoto
Art Director, Shinji Matsumoto
Color Design, Masahiro Chiku
Producer","Maki Murakami : Original Creator, Bob Shirohata : Director & Episode Director & Storyboard, Michiko Yokote : Screenplay & Series Composition, Takashi Kodama : Music, Miho Shimogasa : Character Design, Nobuto Sakamoto : Art Director, Shinji Matsumoto : Color Design, Masahiro Chiku : Producer"
Ojarumaru Movie: Yakusoku no Natsu Ojaru to Semira,,Movie,,Gallop,,"Family Friendly, Time Travel, Based on a Manga",3.51,2000.0,,'No synopsis yet - check back soon!',,,"Ojarumaru, Ojarumaru no Koutsuu Anzen, Ojarumaru: Chitchai Mono no Ookina Chikara, Ojarumaru: Mangetsu Road Kiki Ippatsu - Tama ni wa Maro mo Daibouken, Ojarumaru: Wasureta Mori no Hinata","Ojarumaru Sakanoue : Hiroko Konishi, Ai Tamura : Satomi Koorogi, Akane : Omi Minami, Aobee : Kazuya Ichijo, Denbo Sanjuurou : Rie Iwatsubo, Kazuma Tamura : Yuriko Fuchizaki, Kintarou Sakata : Harumi Ikoma, Kisuke : Yuuji Ueda, Hisako Matsumoto
Producer",Hisako Matsumoto : Producer
Gear Fighter Dendoh, Gear Senshi Dendoh,TV   ,38.0,Sunrise,Fall ,"Comedy, Mecha, Sci Fi, Super Robot, Original Work",3.51,2000.0,2001.0,"'One starry night, a red light crashes down on an island in Japan, carrying with it 6 data weapons and a turquoise-haired girl. Seventeen years later, ""Gulfer"", a machine empire out to kill all living beings and conquer the universe, plants itself an outpost on the Moon and commences attacks on the Earth. GEAR, a secret organization established to counter the Gulfer, defends Earth from this threat. Dendoh, GEAR\'s main fighting weapon against the Gulfer, chooses two elementary school kids named Hokuto Kusanagi and Ginga Izumo to pilot it, and with GEAR\'s and the 6 data weapons\' help, they fight to protect the Earth from the Gulfer.'",,,,"Eris Willamette : Tomoko Ishimura, Ginga Izumo : Youko Matsuoka, Hokuto Kusanagi : Naomi Shindou, Abzolute : Kenji Nojima, Aiko Asano : Miki Yoshino, Black Knight Althea : Kazuhiro Nakata, Cea : Yumi Touma, Dr. Inoue : Yasuhiro Takato, Mitsuo Fukuda
Director, Toshihiko Sahashi
Music, Hirokazu Hisayuki
Character Design, Shigemi Ikeda
Art Director, Naotake Furusato
Producer, Kazunori Takagi
Producer, Naotake Goshima
Producer, Masahiro Hosoda
Episode Director & Storyboard","Mitsuo Fukuda : Director, Toshihiko Sahashi : Music, Hirokazu Hisayuki : Character Design, Shigemi Ikeda : Art Director, Naotake Furusato : Producer, Kazunori Takagi : Producer, Naotake Goshima : Producer, Masahiro Hosoda : Episode Director & Storyboard"
Ojarumaru: Chitchai Mono no Ookina Chikara,,TV Sp,,,,"Educational, Family Friendly, Time Travel, Based on a Manga",3.5,2000.0,,'No synopsis yet - check back soon!',,,"Ojarumaru, Ojarumaru no Koutsuu Anzen, Ojarumaru Movie: Yakusoku no Natsu Ojaru to Semira, Ojarumaru: Mangetsu Road Kiki Ippatsu - Tama ni wa Maro mo Daibouken, Ojarumaru: Wasureta Mori no Hinata",Ojarumaru Sakanoue,
Doraemon: Obaa-chan no Omoide, Doraemon: A Grandmother`s Recollections,Movie,,Shin-Ei Animation,,"Sci Fi, Shounen, Cats, Family Friendly, Non-Human Protagonists, Robots, Time Travel, Based on a Manga",3.49,2000.0,,'Nobita finds his old teddy bear among the trash after his mother partially cleaned up their shed and tells her not to throw it away. The stuffed animal is a precious gift from his beloved grandmother. Reminiscing about her makes Nobita ask Doraemon to take him back to when he was still three years old and his grandma was still alive.',,"Doraemon, Daichohen Doraemon, The Doraemons: Doraemon Game Comic, Doraemon Plus","Doraemon (1979), Doraemon: Doraemon Comes Back, Doraemon: Boku, Momotarou no Nanna no Sa, Dorami-chan: MiniDora SOS!!!, Dorami-chan: Hello Kyouryuu Kids!!, 2112: The Birth of Doraemon, Dorami & Doraemons: Robot School's Seven Mysteries, The Doraemons: Kaitou Dorapan Nazo no Chousenjou!, The Doraemons: Mushimushi Pyonpyon Daisakusen!, Doraemon: Doraemon Comes Back (1998), Doraemon: Nobita no Kekkon Zenya, The Doraemons: Strange, Sweets, Strange?, The Doraemons: Goal! Goal! Goal!, Doraemon: Boku no Umareta Hi, Stand by Me Doraemon","Doraemon : Nobuyo Oyama, Nobita Nobi : Noriko Ohara, Nobita'S Grandmother, Hiroshi Fujimoto
Original Creator, Susumu Watanabe
Director, Shunsuke Kikuchi
Music","Hiroshi Fujimoto : Original Creator, Susumu Watanabe : Director, Shunsuke Kikuchi : Music"
Dynamic Super Robots Soushingekki, Dynamic Super Robots Grand Battle!!,DVD S,,,,"Action, Mecha, Sci Fi, No Dialogue, Robots, Super Robot",3.49,2000.0,2001.0,'No synopsis yet - check back soon!',,,Shin Getter Robo vs Neo Getter Robo,"Kouji Kabuto, Boss, General Of Darkness, Sayaka Yumi",
Dotto Koni-chan,,TV   ,26.0,SHAFT,Fall ,"Adventure, Comedy, Gag, Parody, Original Work",3.49,2000.0,2001.0,"'Koni (whose character is based on the famous Sumo-wrestler) and his gang have lots of crazy and incoherent adventures in their town. From fighting with their ""Lovely-Teacher"" and dealing with Samurai fish, to confirming if ""The Armored-Guy\'s"" wife has an affair and saving the world, Koni, High, Moro, Nari and Afro, the Afro-dog, do the craziest and funniest things to have fun.'",,,,"High : Showtaro Morikubo, Koni : Kujira, Moro : Yukari Tamura, Nari : Omi Minami, Emi : Misa Watanabe, Ronald Nakayama : Hiroshi Tsuchida, Sarablade : Takahiro Sakurai, Yukio Abe
Art Director & Original Character Design, Kenji Yasuda
Director & Episode Director & Storyboard, Shinichi Watanabe
Director & Storyboard, Shintarou Inokawa
Assistant Director & Episode Director & Storyboard, Masaharu Amiya
Screenplay & Series Composition, Toshio Masuda
Music, Mitsuhiro Yoneda
Animation Director & Character Design & Episode Director & Storyboard, Yasuhisa Kondou
Photography Director","Yukio Abe : Art Director & Original Character Design, Kenji Yasuda : Director & Episode Director & Storyboard, Shinichi Watanabe : Director & Storyboard, Shintarou Inokawa : Assistant Director & Episode Director & Storyboard, Masaharu Amiya : Screenplay & Series Composition, Toshio Masuda : Music, Mitsuhiro Yoneda : Animation Director & Character Design & Episode Director & Storyboard, Yasuhisa Kondou : Photography Director"
"Ceres, Celestial Legend", Ayashi no Ceres,TV   ,24.0,Pierrot,Spring,"Fantasy, Romance, Shoujo, Angels, Love Triangle, Reincarnation, Based on a Manga",3.49,2000.0,,"'There is a legend of an angel who fell to Earth many years ago, and was forced to marry a man because he held the key to her only way home. Hundreds of years later, sixteen year old Mikage Aya is the reincarnation of Ceres, the vengeful angel, who must now fight for her life against her family and her own twin brother Aki, the reincarnation of her past evil husband...'",,Ceres: Celestial Legend,,"Aki Mikage : Susumu Chiba, Aya Mikage : Yumi Kakazu, Ceres : Junko Iwao, Chidori Kuruma : Ayako Kawasumi, Kagami Mikage : Tomokazu Sugita, Kyu Oda : Kujira, Suzumi Aogiri : Mayumi Asano, Toya : Katsuyuki Konishi, Yuu Watase
Original Creator, Hajime Kamegaki
Director, Ryou Sakai
Music, Hideyuki Motohashi
Character Design, Masayuki Hiraoka
Animation Director","Yuu Watase : Original Creator, Hajime Kamegaki : Director, Ryou Sakai : Music, Hideyuki Motohashi : Character Design, Masayuki Hiraoka : Animation Director"
Ojamajo Doremi #,,TV   ,49.0,Toei Animation,Winter,"Magical Girl, Family Friendly, Henshin Heroes, Magic, Witches, Original Work",3.49,2000.0,2001.0,"'Doremi, Aiko, Hazuki and Onpu have lost their witch powers and returned to the mundane lives of humans. Majo Rika has recently left the shop, and when the girls discover she has left a hair dryer behind, they sneak their way back into the Magical Kingdom to visit her; however, on their way they come across a special garden and a special baby who has just been born from a large flower: Hana-chan. Doremi is given the charge of taking care of Hana-chan for one year; and if she succeeds, the girls will have their magical crystals returned. What’s more, the quartet is given special permission to use witch magic, even as simple apprentices! Together with her friends, Doremi will work hard to raise Hana-chan and keep her safe from those who wish her harm.'",,"Ojamajo Doremi, Ojamajo Doremi 16 (Light Novel), Ojamajo Doremi 17 (Light Novel), Ojamajo Doremi 18 (Light Novel), Ojamajo Doremi 19 (Light Novel), Ojamajo Doremi 20’s (Light Novel)","Ojamajo Doremi, Ojamajo Doremi # Movie, Motto! Ojamajo Doremi, Ojamajo Doremi DOKKAAN!, Ojamajo Doremi Na-i-sho, Majo Minarai wo Sagashite","Aiko Seno : Yuki Matsuoka, Doremi Harukaze : Chiemi Chiba, Hana Makihatayama : Ikue Ootani, Hazuki Fujiwara : Tomoko Akiya, Onpu Segawa : Rumi Shishido, Pop Harukaze : Sawa Ishige, Akattsuki : Tomo Saeki, Alexander T. Oyajide : Ginzo Matsuo, Toei Animation
Original Creator, Takuya Igarashi
Director, Keiichi Oku
Music, Hiromi Seki
Producer, Kanako Arai
Producer","Toei Animation : Original Creator, Takuya Igarashi : Director, Keiichi Oku : Music, Hiromi Seki : Producer, Kanako Arai : Producer"
Black Jack: The Child Who Came From The Sky, Black Jack: Sora Kara Kita Kodomo,OVA  ,1.0,Tezuka Productions,,"Drama, Shounen, Doctors, Medical, Based on a Manga",3.48,2000.0,,"'After abandoning his country and stealing a fighter jet from a military base, the now ex-major Gaganoff suddenly appears at Black Jack’s door asking him to save his son, Andrei. After examining the boy, the unlicensed surgeon claims that he cannot help, staunchly refusing to help even when Gaganoff pulls a gun on him.\xa0However, after\xa0hearing the family’s story, Black Jack racks his brain for a way to cure Andrei’s disease and decides to\xa0attempt a radical surgery as a last-ditch attempt to save the boy’s life...'",,"Black Jack, Black Jack: Aoki Mirai",Black Jack OVA,"Black Jack : Akio Ootsuka, Ivan Juric Gaganoff : Masaru Ikeda, Miguela Gaganoff : Rio Natsuki, Pinoko : Yuuko Mizutani, Andrei Gaganoff : Masaru Ikeda, Osamu Tezuka
Original Creator, Shinji Seya
Director & Animation Director, Kazuo Okada
Art Director, Minoru Kubota
Producer, Mitsuaki Ooishi
Producer","Osamu Tezuka : Original Creator, Shinji Seya : Director & Animation Director, Kazuo Okada : Art Director, Minoru Kubota : Producer, Mitsuaki Ooishi : Producer"
3000 Leagues in Search of Mother (2000), Haha wo Tazunete Sanzenri (2000),TV Sp,,,,Family Friendly,3.48,2000.0,,'No synopsis yet - check back soon!',,,"3000 Leagues in Search of Mother, 3000 Leagues in Search of Mother Movie, 3000 Leagues in Search of Mother Specials",,
Tezuka Osamu ga Kieta?! 20 Seiki Saigo no Kaijiken, Tezuka Osamu's Strangest Case in the 20th Century,TV Sp,,Tezuka Productions,,Mystery,3.47,2000.0,,"""Tezuka and his characters are gathering for a New Year's party. When Tezuka goes missing, it's up to his characters to solve the mystery and bring him back.""",,,Ravex in Tezuka World,"Astro, Black Jack, Osamu Tezuka, Sapphire, Umataro Tenma, Chiyoko Wato, Ham Egg, Hiroshi Ochanomizu, Satoshi Kuwabara
Director, Yuuko Kobari
Color Design","Satoshi Kuwabara : Director, Yuuko Kobari : Color Design"
Pokemon Movie 3: Spell of the Unown, Pokemon Movie 3: Kesshou Tou no Teiou Entei,Movie,,OLM,,"Fantasy, Elemental Powers, Family Friendly, Monsters, Based on a Video Game",3.46,2000.0,,"""Molly is a young girl who is fascinated by her archaeologist father's stories of legendary pokemon - especially the regal Entei. But when her father vanishes, Molly is left alone; and her grief causes her to accidentally summon the mysterious Unown, who subsequently transform the castle and surrounding land into a crystalline wasteland. Once Ash's mother is kidnapped by Entei to be a surrogate mother to Molly, he and the gang must make their way to the castle to save both her and Molly alike from the grip of the Unown...""",,"Pokemon: The Electric Tale of Pikachu, Pokémon Adventures, Magical Pokemon Journey, Pokémon: Diamond and Pearl Adventure!, Pokemon Mystery Dungeon: Ginji's Rescue Team, Pokemon Ranger, Pokemon Ranger and the Temple of the Sea, Pokemon: The Rise of Darkrai, Pokemon Ranger Batonnage, Kaitou! Pokemon 7, Pokemon: Giratina & the Sky Warrior!, Pokemon ReBURST, Pokemon the Movie: White - Victini and Zekrom, Pokemon + Nobunaga no Yabou - Ranse Iroemaki, Pokémon: Diancie and the Cocoon of Destruction, Pokémon: Omega Ruby & Alpha Sapphire, Pokemon the Movie: Hoopa and the Clash of Ages, Pokemon the Movie XY&Z: Volcanion to Karakuri no Magiana, Pokemon Horizon: Sun & Moon, Pokémon: Sun & Moon, Pokémon the Movie: I Choose You!","Pokemon, Pokemon: Pikachu and Pichu","Ash Ketchum : Rica Matsumoto, Ash'S Pikachu : Ikue Ootani, Brock : Yuuji Ueda, Entei : Naoto Takenaka, Misty : Mayumi Iizuka, Molly Hale : Akiko Yajima, Delia Ketchum : Masami Toyoshima, James : Shinichirou Miki, Kunihiko Yuyama
Director, Shinji Miyazaki
Music, Hirokazu Tanaka
Music, Hisashi Kagawa
Character Design, Sayuri Ichiishi
Character Design, Norihiro Matsubara
Character Design, Kentarou Takahashi
Cg Director, Keisuke Nakamura
Cg Director","Kunihiko Yuyama : Director, Shinji Miyazaki : Music, Hirokazu Tanaka : Music, Hisashi Kagawa : Character Design, Sayuri Ichiishi : Character Design, Norihiro Matsubara : Character Design, Kentarou Takahashi : Cg Director, Keisuke Nakamura : Cg Director"
Zhi Duoduo Zhi Duoduo," Gee Dor Dor, Gee Dor Dor",Other,,,,"Animal Protagonists, Chinese Animation, Educational, Family Friendly, Non-Human Protagonists, Rabbits, Short Episodes",3.45,2000.0,,'No synopsis yet - check back soon!',,,Zhi Duoduo Qihuan Xingkong Zhi Lu,Chi Dor Dor,
Azumanga Web Daioh,,Other,,Ajia-do,,"Comedy, Shounen, Gag, School Life, Shorts, Based on a 4-Koma Manga, Based on a Manga",3.45,2000.0,,"'School doesn’t have to be boring; for Chiyo and her friends, high school brings no dull moments! Chiyo is asked to bring her video camera to class and make a film to put in a time capsule. Overbearing and obnoxious Tomo just can’t stand to let Chiyo have all the fun though, so she quickly runs off with the camera. From the moment she has control, things are turned upside down in this quiet school. Despite the chaos, all of the girls shine during their short moments of fame. Tomo may be wild, but she manages to perfectly capture the true personalities of everyone on this tape that will be around for years to come... or will it?'",,"Azumanga Daioh, Azumanga Daioh: Hoshuuhen, Osaka Banpaku","Azumanga Daioh: The Very Short Movie, Azumanga Daioh","Ayumu Kasuga : Ayako Kawasumi, Chiyo Mihama : Ayaka Saitou, Kagura : Mitsuki Saiga, Koyomi Mizuhara : Satsuki Yukino, Sakaki, Tomo Takino : Tomoe Hanba, Minamo Kurosawa : Akiko Hiramatsu, Yukari Tanizaki, Kiyohiko Azuma
Original Creator, Fumiaki Asano
Director & Character Design","Kiyohiko Azuma : Original Creator, Fumiaki Asano : Director & Character Design"
Descendants of Darkness, Yami no Matsuei,TV   ,13.0,J.C.Staff,Fall ,"Horror, Shoujo, Afterlife, Magic, Non-Human Protagonists, Psychopaths, Serial Killers, Shinigami, Supernatural, Based on a Manga",3.45,2000.0,,"'Tsuzuki Asato is a shinigami: a guardian of death. Acting as an investigator in Juuouchou, the bureau in charge of ensuring that each soul passes through the cycle of life naturally, his job often involves dealing with those who would disrupt this cycle. His life after death is about to change, however, as he is assigned a new partner, Kurosaki Hisoka, for a case in Nagasaki - a case seeming to involve some sort of vampire. But the two shinigami soon find that something deeper lies behind this blood-sucking menace...'",,Descendants of Darkness,,"Asato Tsuzuki : Shinichirou Miki, Hisoka Kurosaki : Mayumi Asano, Kazutaka Muraki : Shou Hayami, Seiichiro Tatsumi : Toshiyuki Morikawa, Yutaka Watari : Toshihiko Seki, 003, Ani Gushooshin : Yumiko Nakanishi, Chief Konoe : Tomomichi Nishimura, Youko Matsushita
Original Creator, Hiroko Tokita
Director, Masaharu Amiya
Screenplay & Series Composition, Tsuneyoshi Saito
Music, Yumi Nakayama
Character Design, Atsushi Moriyama
Producer, Yuuji Matsukura
Producer, Toshimichi Ootsuki
Producer","Youko Matsushita : Original Creator, Hiroko Tokita : Director, Masaharu Amiya : Screenplay & Series Composition, Tsuneyoshi Saito : Music, Yumi Nakayama : Character Design, Atsushi Moriyama : Producer, Yuuji Matsukura : Producer, Toshimichi Ootsuki : Producer"
Hand Maid May,,TV   ,10.0,TNK,Summer,"Comedy, Ecchi, Romance, Sci Fi, Androids, Maids, Non-Human Protagonists, Robots, Original Work",3.44,2000.0,,"""Kazuya Saotome is an electrical engineering student with a passion for computers, building his robot squid, and programming. One day he receives May, a hand sized cyberdoll, in a package from Cyberdyne Co. as a revenge tactic planted in a CD from his rival. With a little help from May to clean up his act, he may even be able to win over the heart of Kasumi, his landlord's daughter.""",,,"Hand Maid May Special, Hand Maid Mai","Kazuya Saotome : Takayuki Yamaguchi, May : Maria Yamamoto, Kasumi Tani : Mikako Takahashi, Kei : Omi Minami, Kotaro Nanbara : Yuuji Ueda, Mami : Kikuko Inoue, Rena : Rie Kugimiya, Sara : Kyoko Hikami, Shinichirou Kimura
Director, Toshio Masuda
Music, Katsuzou Hirata
Character Design, Akio Matsuda
Producer, Eiko Saitou
Animation Director & Key Animator","Shinichirou Kimura : Director, Toshio Masuda : Music, Katsuzou Hirata : Character Design, Akio Matsuda : Producer, Eiko Saitou : Animation Director & Key Animator"
Shinzo, Mushrambo,TV   ,32.0,Toei Animation,Winter,"Action, Adventure, Family Friendly, Post-apocalyptic, Original Work",3.44,2000.0,,"'In the 22nd century, humanity came under attack by its own creation: the genetically-engineered Enterrans. While most of the population was wiped out, a scientist executed his final plan: to put his daughter, Yakumo, into stasis for five hundred years so that she may restore peace and humanity to the world. Now, in the present, Yakumo has awakened and begins her search for Shinzo, the legendary sanctuary that houses the last of mankind. She is joined by three friendly Enterrans - Mushra, Sago, and Kutal - but the remaining Enterrans believe that she is an evil monster and would like her dead. Together with her new friends, Yakumo will search for a path to Shinzo, all the while battling unfriendly enemies along the way.'",,,,"Kutal : Naoki Tatsuta, Mushra : Minami Takayama, Sago : Yasuhiko Kawazu, Yakumo Tatsuro : Yuuko Minaguchi, Tetsuo Imazawa
Director, Mayori Sekijima
Screenplay & Series Composition, Katsumi Horii
Music, Sachiko Kamimura
Character Design, Kouzou Morishita
Producer, Taro Iwamoto
Producer, Kouichi Yada
Producer, Toshiaki Komura
Episode Director","Tetsuo Imazawa : Director, Mayori Sekijima : Screenplay & Series Composition, Katsumi Horii : Music, Sachiko Kamimura : Character Design, Kouzou Morishita : Producer, Taro Iwamoto : Producer, Kouichi Yada : Producer, Toshiaki Komura : Episode Director"
Hamster Club,,TV   ,130.0,Fall 2000,,"Animal Protagonists, Family Friendly, Hamsters, Non-Human Protagonists, Short Episodes, Based on a Manga",3.44,2000.0,2001.0,'No synopsis yet - check back soon!',,Hamster Club,,"Endou, Hikaru, Papa, Puu-Chan, Shigetchi",
Yuurei Yashiki,,Other,,,,"Horror, Family Friendly, Supernatural",3.43,2000.0,,'No synopsis yet - check back soon!',,,,"Simon, Virginia",
Carried By The Wind: Tsukikage Ran, Kazemakase Tsukikage Ran,TV   ,13.0,MADHOUSE,Winter,"Slice of Life, Feudal Japan, Overpowered Main Characters, Samurai, Original Work",3.43,2000.0,,"""Lady Ran is a self-described 'beautiful drifter': a samurai who travels Japan on a whim, always searching for good sake. Together with her good-hearted but somewhat dense sidekick Meow (master of the Iron Cat Fist style), they stumble into situations where they (usually unwillingly) confront bandits, corrupt officials and deceitful cults. But there's one enemy they can never defeat with their amazing sword and martial arts skills: their perpetual poverty!""",,Carried By The Wind: Tsukikage Ran,,"Meow : Akemi Okamura, Ran Tsukikage : Reiko Yasuhara, Bandit Chief : Peter Spellos, Beninosuke : Bo Williams, Benitsubaki : Kouji Ishii, Circus Ringmaster : Anthony Mozdy, Denkichi : Steve Staley, Denkichi'S Master, Akitarou Daichi
Director, Toshihiko Sahashi
Music, Hajime Watanabe
Character Design, Masahiko Murata
Episode Director & Storyboard","Akitarou Daichi : Director, Toshihiko Sahashi : Music, Hajime Watanabe : Character Design, Masahiko Murata : Episode Director & Storyboard"
Nyani ga Nyandaa Nyandaa Kamen, Mighty Cat Masked Niyander,TV   ,83.0,Sunrise,Winter,"Comedy, Animal Protagonists, Anthropomorphic, Cats, Family Friendly, Non-Human Protagonists, Based on a Picture Book",3.43,2000.0,2001.0,'No synopsis yet - check back soon!',,,"Nyani ga Nyandaa Nyandaa Kamen no Koutsuu Anzen, Nyani ga Nyandaa Nyandaa Kamen no Yuukai Boushi: Miiko-chan Chanto Check!!","Nyago : Mayumi Asano, Con : Ai Uchikawa, Ginko : Yuuko Kobayashi, Kachin : Kumi Yamakado, Miiko : Mika Kanai, Narrator : Mie Suzuki, Nyanta : Ayumi Kida, Nyaon : Kenyuu Horiuchi, Tomoko Iwasaki
Director, Tsutomu Shibayama
Director, Kazuhito Kikuchi
Storyboard, Mitsuko Ooya
Animation Director","Tomoko Iwasaki : Director, Tsutomu Shibayama : Director, Kazuhito Kikuchi : Storyboard, Mitsuko Ooya : Animation Director"
Ojarumaru no Koutsuu Anzen,,OVA  ,1.0,,,"Educational, Family Friendly",3.42,2000.0,,'No synopsis yet - check back soon!',,,"Ojarumaru, Ojarumaru: Chitchai Mono no Ookina Chikara, Ojarumaru Movie: Yakusoku no Natsu Ojaru to Semira, Ojarumaru: Mangetsu Road Kiki Ippatsu - Tama ni wa Maro mo Daibouken, Ojarumaru: Wasureta Mori no Hinata",,
Shin Megami Tensei: Devil Children,,TV   ,50.0,Actas,Fall ,"Action, Adventure, Fantasy, Family Friendly, Based on a Video Game",3.42,2000.0,2001.0,'No synopsis yet - check back soon!',,"Shin Megami Tensei, Shin Megami Tensei Devil Children: Light & Dark",Shin Megami Tensei Devil Children: Light & Dark,"Mirai Kaname, Setsuna Kai, Hiromi Kaname : Sukekiyo Kameyama, Yoshio Takeuchi
Director, Ryou Yoshimata
Music, Shuuhei Tamura
Character Design, Yasumichi Ozaki
Producer, Katou Naotsugu
Producer, Shinichi Watanabe
Episode Director & Storyboard, Norio Taniguchi
Episode Director & Storyboard, Kazuhito Kikuchi
Storyboard","Yoshio Takeuchi : Director, Ryou Yoshimata : Music, Shuuhei Tamura : Character Design, Yasumichi Ozaki : Producer, Katou Naotsugu : Producer, Shinichi Watanabe : Episode Director & Storyboard, Norio Taniguchi : Episode Director & Storyboard, Kazuhito Kikuchi : Storyboard"
Flanders no Inu Specials, The Dog of Flanders Specials,TV Sp,,Nippon Animation,,"Drama, 19th Century, Countryside, Dogs, Historical, Orphans, Pets, Poverty, Recap, World Masterpiece Theater, Based on a Novel",3.42,2000.0,,'No synopsis yet - check back soon!',,,The Dog of Flanders,"Alois Cogez : Reiko Katsura, Nello : Michie Kita, Patrasche",
Blood: The Last Vampire,,Movie,,Production I.G,,"Action, Horror, Supernatural, Swordplay, Vampires, Original Work, Nudity,, Violence",3.41,2000.0,,"'In the time of the Vietnam War, an American military base in Japan is plagued with a rash of killings whose assailant is unknown. Enter Saya, a mysterious young woman who happens to be the last of the vampire race, and has been charged by her government agency employer to investigate the sinister killings. With demons and creatures abounding, Saya must infiltrate a school to put a stop to the bloodshed -- unless the monsters get to her first...'","Nudity,, Violence","Blood: the Last Vampire - Night of the Beasts (Novel), Blood: The Last Vampire - Yami wo Izanau Chi (Light Novel), Blood: The Last Vampire 2002, Blood: The Last Vampire - Shanghai Aibyou (Light Novel), Blood+, Blood+ Adagio, Blood+ Kowloon Nights, Blood+ Russian Rose (Light Novel), Blood+ (Light Novel), Blood-C: Demonic Moonlight, Blood-C","Blood+, Blood-C, Blood-C: The Last Dark","David : Joe Romersa, Saya Otonashi : Yuuki Kudou, Lewis : Stuart Robinson, Hiroyuki Kitakubo
Director, Yoshihiro Ike
Music, Katsuya Terada
Character Design, Yukio Nagasaki
Producer, Ryuuji Mitsumoto
Producer, Shinji Takagi
Episode Director","Hiroyuki Kitakubo : Director, Yoshihiro Ike : Music, Katsuya Terada : Character Design, Yukio Nagasaki : Producer, Ryuuji Mitsumoto : Producer, Shinji Takagi : Episode Director"
Infinite Ryvius Light, Mugen no Ryvius: Light,OVA  ,6.0,,,"Sci Fi, Outer Space, Short Episodes, Original Work",3.41,2000.0,,'No synopsis yet - check back soon!',,,"Infinite Ryvius, Infinite Ryvius: Illusion",,
Steel Angel Kurumi Encore, Koutetsu Tenshi Kurumi Encore,OVA  ,4.0,OLM,,"Comedy, Harem, Romance, Sci Fi, Slice of Life, Androids, Interspecies Relationship, Non-Human Protagonists, Robots, Original Work",3.4,2000.0,,"""The adventure may be over for the Steel Angels and Nakahito Kagura, but life is still as chaotic as ever. Between Kurumi attempting life as a traditional Japanese woman, Karinka going on a blind date, and Saki becoming a star of the silver screen, things are sure to keep Nakahito on his toes. On top of all the excitement that has already ensued, all of the Steel Angels are gathering at the Kagura house and are demanding the rights to Nakahito's lips, which is believed to be the key to Kurumi's ultimate power. A contest that will determine the rightful owner of his kiss is underway, but who will emerge victorious?""",,Steel Angel Kurumi,"Steel Angel Kurumi, Steel Angel Kurumi 2, Steel Angel Kurumi Zero","Karinka, Kurumi, Nakahito Kagura : Houko Kuwashima, Saki, Tetsuo Ayanakouji, The General, Kaishaku
Original Creator, Naohito Takahashi
Director, Toshihiko Sahashi
Music, Yuriko Chiba
Character Design, Shuukichi Kanda
Producer","Kaishaku : Original Creator, Naohito Takahashi : Director, Toshihiko Sahashi : Music, Yuriko Chiba : Character Design, Shuukichi Kanda : Producer"
Super Dimensional Fortress Macross II: The Movie, Choujikuu Yousai Macross II: The Movie,Movie,,AIC,,"Mecha, Sci Fi, Music, Real Robot, Transforming Mecha, War, Original Work",3.39,2000.0,,"'Eighty years have passed on Earth since the events chronicled in ""Macross: Do you Remember Love?"" The descendants of the Zentraedi/Meltrandi conflict have established a new society with the people of Earth. When alien invaders identified as renegade Zentraedi threaten this uneasy alliance, the Super Dimensional Fortress Macross must resurrect itself after generations of inactivity to fight against the enemy forces.Hibiki Kanzazi, an investigative reporter for Scramble News Network (SNN), is caught up in the battle when he inadvertently allies himself with Ishtar, an enigmatic Zentraedi princess. Enlisting the help of spirited Valkyrie pilot Silvie Gena, Hibiki rushes to save Ishtar from imminent ""reprogramming"" by hostile Zentraedi. Silvie and Hibiki must also broadcast the truth about Zentraedi invasion and convince the powerful military complex U.N. Spacey to reactivate the Macross fortress and defend Earth one last time.'",,"Super Dimensional Fortress Macross II, Super Dimensional Fortress Macross the First",Super Dimensional Fortress Macross II: Lovers Again,"Hibiki Kanzaki, Ishtar, Sylvie Gena : Yumi Touma",
Kumo no Ito (2000),,Other,,,,"Family Friendly, Based on a Novel",3.39,2000.0,,'No synopsis yet - check back soon!',,,,Kandata,
Hero Hero-kun,,TV   ,104.0,Studio Flag,Spring,"Comedy, School Life, Based on a Manga",3.38,2000.0,2001.0,'No synopsis yet - check back soon!',,,,"Yoshihiro Takamoto
Director, Kazuo Iimura
Character Design","Yoshihiro Takamoto : Director, Kazuo Iimura : Character Design"
Di Gi Charat Summer Special 2000,,OVA  ,4.0,MADHOUSE,,"Comedy, Aliens, Chibi, Gag, Non-Human Protagonists, Short Episodes",3.38,2000.0,,"""While out on an errand for\xa0Gamers' store manager, Dejiko is blissfully unaware of the spaceship that lands nearby, and the strange girl that grabs onto her tail and follows her back to the shop. When they get back to Gamers, the girl reveals herself to be Pyoko – the leader of the Black Gema Gema Group that tried to invade the Di Gi Charat planet. However, after the Black Gema Gema failed in their mission they were forced to return home to Planet Analogue, where they lived in poverty. Now Pyoko has come up with the perfect moneymaking scheme; she’s going to kidnap Dejiko and hold her for ransom! Although she refuses to be kidnapped, Pyoko will do anything to get her revenge on Dejiko, even if it includes opening up a rival store right across the street...""",,"Di Gi Charat Theater: Dejiko's Summer Vacation, Di Gi Charat, Di Gi Charat Theater: Dejiko's Adventure, Di Gi Charat Theater: Piyoko is Number One!, Di Gi Charat: Dejiko's Champion Cup Theater, Di Gi Charat Theater: Leave it to Piyoko!","Di Gi Charat, Di Gi Charat Christmas Special, Di Gi Charat Ohanami Special, Di Gi Charat Tsuyu Specials, Di Gi Charat: Rocket from a Mouth, Di Gi Charat Natsuyasumi Special, Di Gi Charat Movie - A Trip to the Planet, Panyo Panyo Di Gi Charat, Leave it to Piyoko!, Di Gi Charat Nyo, Di Gi Charat: Winter Garden","Dejiko : Asami Sanada, Gema : Yoshiko Kamei, Puchiko : Miyuki Sawashiro, Rabi~En~Rose : Kyoko Hikami, Paya-Paya : Takashi Matsuyama, Pyocola Analogue Iii : Megumi Hayashibara, Rik Heisenberg : Kohsuke Toriumi, Abarenbou : Yuuji Ueda, Koge-Donbo
Original Creator, Hiroaki Sakurai
Director, Toshio Masuda
Music","Koge-Donbo : Original Creator, Hiroaki Sakurai : Director, Toshio Masuda : Music"
Track City,,TV   ,26.0,,,"Action, Cars, Korean Animation, Racing",3.38,2000.0,2002.0,'No synopsis yet - check back soon!',,,,Jimmy,
Time Bokan 2000: Kaitou Kiramekiman,,TV   ,26.0,Tatsunoko Production,Spring,"Action, Adventure, Comedy, Mecha, Sci Fi, Parody",3.38,2000.0,,'No synopsis yet - check back soon!',,,"Time Bokan, Yatterman (1977), Zendaman, Time Bokan Series: Time Patrol Tai Otasukeman, Yattodetaman, Time Bokan: Royal Revival, Yatterman (2008), Yatterman: Shin Yattermecha Osu gou! Omocha no Kuni de Dai Ketsudan da Koron!","Lip : Tomoko Kawakami, Puff : Kousuke Okano, Kirameeru : Etsuko Kozakura, Chateau : Eiji Sekiguchi, Cinema : Junichi Endo, Dogurin : Junpei Takiguchi, Dokku Ringo : Masayuki Yamamoto, Eaude Cologne : Shin Aomori, Hidehito Ueda
Director, Hiroshi Sasagawa
Director, Masayuki Yamamoto
Music, Takae Iijima
Color Design, Kazunori Takagi
Producer, Kenichi Maejima
Episode Director, Satoru Akahori
Screenplay, Hiroyuki Kawasaki
Screenplay","Hidehito Ueda : Director, Hiroshi Sasagawa : Director, Masayuki Yamamoto : Music, Takae Iijima : Color Design, Kazunori Takagi : Producer, Kenichi Maejima : Episode Director, Satoru Akahori : Screenplay, Hiroyuki Kawasaki : Screenplay"
Hand Maid May Special, Hand Maid May: Akiramemasen,DVD S,,TNK,,"Comedy, Ecchi, Androids, Non-Human Protagonists, Robots",3.38,2000.0,,'No synopsis yet - check back soon!',,,"Hand Maid May, Hand Maid Mai","May Black : Maria Yamamoto, May Blue : Maria Yamamoto, May Pink : Maria Yamamoto, May Red : Maria Yamamoto, May Yellow : Maria Yamamoto, Rena : Rie Kugimiya, Commando Z : Nobutoshi Canna, Hikari Koumyouji : Shoko Kikuchi",
Di Gi Charat Christmas Special,,OVA  ,1.0,J.C.Staff,,"Comedy, Aliens, Chibi, Christmas, Gag, Ship",3.36,2000.0,,"'Dejiko, Puchiko, and the rest of the gang are back for a yuletide celebration. Having received an invitation to a Christmas party on a cruise ship, the holidays are sure to be full of fun. However, mischief is in the air, as Pyoko and the Black Gema-gema gang try to steal the show! Will Christmas be a disaster of epic proportions? Or can Dejiko thwart the evil villians once more?'",,"Di Gi Charat Theater: Dejiko's Summer Vacation, Di Gi Charat, Di Gi Charat Theater: Dejiko's Adventure, Di Gi Charat Theater: Piyoko is Number One!, Di Gi Charat: Dejiko's Champion Cup Theater, Di Gi Charat Theater: Leave it to Piyoko!","Di Gi Charat, Di Gi Charat Summer Special 2000, Di Gi Charat Ohanami Special, Di Gi Charat Tsuyu Specials, Di Gi Charat: Rocket from a Mouth, Di Gi Charat Natsuyasumi Special, Di Gi Charat Movie - A Trip to the Planet, Panyo Panyo Di Gi Charat, Leave it to Piyoko!, Di Gi Charat Nyo, Di Gi Charat: Winter Garden","Dejiko : Asami Sanada, Gema : Yoshiko Kamei, Ky Schweitzer : Chihiro Suzuki, Rabi~En~Rose : Kyoko Hikami, Rik Heisenberg : Kohsuke Toriumi, Coo Erhard : Tomo Saeki, Puchiko : Miyuki Sawashiro, Pyocola Analogue Iii : Megumi Hayashibara, Koge-Donbo
Original Creator, Wataru Takahashi
Director, Toshio Masuda
Music, Yoshiki Yamakawa
Character Design","Koge-Donbo : Original Creator, Wataru Takahashi : Director, Toshio Masuda : Music, Yoshiki Yamakawa : Character Design"
Inspector Fabre, Fabre-sensei wa Meitantei,TV   ,,E&G Films,Spring,"Mystery, Family Friendly",3.36,2000.0,,'No synopsis yet - check back soon!',,,,"Masami Furukawa
Director, Hayato Matsuo
Music, Hajime Matsuzaki
Character Design, Hitoshi Nagao
Art Director","Masami Furukawa : Director, Hayato Matsuo : Music, Hajime Matsuzaki : Character Design, Hitoshi Nagao : Art Director"
Mon Colle Knights Movie: Densetsu no Fire Dragon, Rokumon Tengai Monkore Knights Movie: Densetsu no Fire Dragon,Movie,,Studio DEEN,,"Adventure, Fantasy, Card Battles, Monsters, Person in a Strange World, Superpowers",3.36,2000.0,,'No synopsis yet - check back soon!',,Mon Colle Knights (Light Novel),Mon Colle Knights,"Mondo Ooya, Rockna Hiiragi, Batchi, Count Ludwig Presto Von Meinstein Collection, Guko, Ichiroubei Hiiragi, Beginner, Jane, Satoru Akahori
Original Creator & Screenplay, Satoshi Kouno
Producer","Satoru Akahori : Original Creator & Screenplay, Satoshi Kouno : Producer"
Monster Rancher 2, Monster Farm: Legend e no Michi,TV   ,25.0,TMS Entertainment,Spring,"Action, Adventure, Fantasy, Monster-of-the-week, Monsters, Person in a Strange World, Based on a Video Game",3.35,2000.0,,'Second season of Monster Rancher.',,,Monster Rancher,"Genki Sakura : Chisa Yokoyama, Golem : Naoya Uchida, Ham : Nozomu Sasaki, Holly : Mariko Kouda, Mocchi : Yuri Shiratori, Rygar : Kazuki Yao, Suezo : Wataru Takagi, Durahan : Kenyuu Horiuchi, Hiroyuki Yano
Director, Shinichi Yoshikawa
Character Design, Katou Naotsugu
Producer, Tomio Yamauchi
Episode Director, Toshiaki Komura
Episode Director & Storyboard, Tsutomu Yabuki
Episode Director & Storyboard","Hiroyuki Yano : Director, Shinichi Yoshikawa : Character Design, Katou Naotsugu : Producer, Tomio Yamauchi : Episode Director, Toshiaki Komura : Episode Director & Storyboard, Tsutomu Yabuki : Episode Director & Storyboard"
Gatekeepers,,TV   ,24.0,GONZO,Spring,"Action, Comedy, Sci Fi, Aliens, School Life, Superpowers",3.35,2000.0,,"""The year is 1969 and alien invaders are trying to dominate the world. The only hope for Earth is AEGIS, a group of teenagers with the special ability to open 'Gates' that let them harness elemental powers gated from another dimension. AEGIS must now seek out other gatekeepers in order to stand a chance against the destruction of the world.""",,Gatekeepers,Gatekeepers 21,"Ruriko Ikusawa : Ayako Kawasumi, Shun Ukiya : Mamiko Noto, Reiji Kageyama : Tomokazu Seki, Reiko Asagiri : Mayumi Iizuka, Yukino Houjou : Masami Suzuki, Ayako Isagai : Yuko Sasamoto, Choutarou Banba : Takehito Koyasu, Fei Ling Fen : Chinami Nishimura, Hiroshi Yamaguchi
Original Creator, Junichi Satou
Director, Kouhei Tanaka
Music, Keiji Gotou
Character Design, Atsushi Itou
Producer, Shintarou Inokawa
Episode Director, Takaaki Fukuyo
Key Animator, Yukio Takatsu
Key Animator","Hiroshi Yamaguchi : Original Creator, Junichi Satou : Director, Kouhei Tanaka : Music, Keiji Gotou : Character Design, Atsushi Itou : Producer, Shintarou Inokawa : Episode Director, Takaaki Fukuyo : Key Animator, Yukio Takatsu : Key Animator"
The Boy Who Saw The Wind, Kaze wo mita Shounen,Movie,,Brain's Base,,"Adventure, Fantasy, Military, Orphans, Superpowers, Based on a Novel, Violence",3.35,2000.0,,"'Amon is a boy with mysterious powers: he can talk to the animals and float on the air streams. But Branich, the leader of the oppressive ""Golden Snakes"", wants to harnass Amon\'s power to complete ""the ultimate weapon"" so that he can rule the world. After losing everything that he holds dear, Amon must now fight to save his friends from destruction at the hands of the Snakes, and his very own power.'",Violence,,,"Amon Fritz : Yumi Adachi, Branich : Takashi Naito, Lucia : Keiko Toda, Maria : Aki Maeda, Monika : Mari Natsuki, Tabal : Daijiro Harada, Amon'S Father : Teruhiko Aoi, Amon'S Mother, Kazuki Omori
Director, Masahito Otani
Assistant Director, Tamiya Terashima
Music, Minoru Maeda
Character Design, Kazumitsu Ozawa
Producer, Juukou Ozawa
Producer, Masahiko Murata
Animation Director, Keishi Sakai
Key Animator","Kazuki Omori : Director, Masahito Otani : Assistant Director, Tamiya Terashima : Music, Minoru Maeda : Character Design, Kazumitsu Ozawa : Producer, Juukou Ozawa : Producer, Masahiko Murata : Animation Director, Keishi Sakai : Key Animator"
Android Kikaider,"Alt titles: Jinzou Ningen Kikaider the Animation, Kikaider",TV   ,13.0,Studio OX,Fall ,"Sci Fi, Shounen, Androids, Cyborgs, Non-Human Protagonists, Robots, Tokusatsu, Based on a Manga, Violence",3.35,2000.0,2001.0,"""After a terrible accident occurred at the lab, Professor Komyouji vanished - and with him, the hopes for completing his most recent creation: Jiro, a robot with a malfunctioning conscience circuit. With no memory of who he is or what is his purpose, Jiro is mentally lost; his saving grace is the Professor's daughter, Mitsuko, who - though afraid of Jiro - pledges to help him either repair his circuit or destroy him if his emotions become out of control. Unfortunately for Jiro, there is a far more sinister danger at hand: Professor Gill and the evil organization Dark are sending countless robots to destroy him, forcing Jiro to transform into his full cyborg self, Kikaider. With the help of Mitsuko, Jiro must ward off the forces of Dark while trying to discover what it means to be human...""",Violence,"Kikaider, Inazuman, Kikaider Code 02","Kikaider-01: The Animation, Guitar wo Motta Shounen: Kikaider vs. Inazuman","Jiro : Tomokazu Seki, Gill Herbert : Shinji Ogawa, Golden Bat : Norio Wakamoto, Ichiro Komyoji : Yuusuke Itou, Mitsuko Komyoji : Yui Horie, Nobuhiko Komyoji : Shozo Iizuka, Saburo : Juurouta Kosugi, Shotaro Ishinomori
Original Creator, Tensai Okamura
Director, Akira Mitake
Music, Naoyuki Konno
Character Design, Atsuhiro Iwakami
Producer, Kenji Yasuda
Episode Director & Storyboard, Masashi Sogo
Screenplay, Jou Tanaka
Animation Director","Shotaro Ishinomori : Original Creator, Tensai Okamura : Director, Akira Mitake : Music, Naoyuki Konno : Character Design, Atsuhiro Iwakami : Producer, Kenji Yasuda : Episode Director & Storyboard, Masashi Sogo : Screenplay, Jou Tanaka : Animation Director"
Diamond Daydreams: Pure Session, Kita e: Pure Session,OVA  ,1.0,,,Based on a Visual Novel,3.35,2000.0,,'No synopsis yet - check back soon!',,,Diamond Daydreams,"Ayu Kawahara : Kai Hirohashi, Kotori Haruno : Saeko Chiba, Kozue Satonaka : Megumi Toyoguchi, Megumi Aida : Ikue Ootani, Tanya Lipinski : Maaya Sakamoto, Ouji Hiroi
Original Concept, Mitsuhiro Yoneda
Episode Director, Yoshifumi Ieiri
Episode Director, Yoshiaki Itou
Animation Director, Makoto Kohara
Animation Director","Ouji Hiroi : Original Concept, Mitsuhiro Yoneda : Episode Director, Yoshifumi Ieiri : Episode Director, Yoshiaki Itou : Animation Director, Makoto Kohara : Animation Director"
Boogiepop Phantom, Boogiepop wa Warawanai,TV   ,12.0,MADHOUSE,Winter,"Horror, Mystery, Noir, Psychological, Based on a Light Novel, Animal Abuse,, Explicit Violence,, Mature Themes",3.34,2000.0,,"""Strange things have been happening at a local high school... mysterious disappearances, strange powers and brutal murders all emerge amongst kids who, up till now, have been perfectly normal. Even the Shinigami (Angel of Death) herself has been sighted. What's happening? The answers lie in the mysterious creature known as Boogiepop...""","Animal Abuse,, Explicit Violence,, Mature Themes","Boogiepop (Light Novel), Boogiepop Dual: Loser's Circus, Boogiepop Doesn't Laugh, Boogiepop at Dawn",Boogiepop and Others,"Boogiepop : Kaori Shimizu, Nagi Kirima : Yuu Asakawa, Echoes : Taiki Matsuno, Hisashi Jonouchi : Shizuma Hodoshima, Ichiro Kishida : Wasei Chikada, Kazuko Suema : Kyo Nagasawa, Mamoru Oikawa : Hiroyuki Yoshino, Misuzu Arito : Megumi Nasu, Takashi Watanabe
Director, Kenji Yasuda
Assistant Director & Episode Director & Storyboard, Shigeyuki Suga
Character Design, Masao Maruyama
Producer, Yasuo Ueda
Producer, Kazuya Furuse
Producer, Mitsuhiro Yoneda
Animation Director & Episode Director, Yoshiaki Itou
Animation Director","Takashi Watanabe : Director, Kenji Yasuda : Assistant Director & Episode Director & Storyboard, Shigeyuki Suga : Character Design, Masao Maruyama : Producer, Yasuo Ueda : Producer, Kazuya Furuse : Producer, Mitsuhiro Yoneda : Animation Director & Episode Director, Yoshiaki Itou : Animation Director"
Uchuujin Tanaka Tarou, Taro the Space Alien,TV   ,24.0,Spring 2000,,"Comedy, Sci Fi, Aliens, Family Friendly, School Life, Based on a Manga",3.34,2000.0,2001.0,"'Takashi Horimachi is an ordinary curious fifth grader attending ""Anytown"" Elementary School. One day, a very unusual transfer student named Taro Tanaka joins Takashi\'s class. Takashi and his classmates have never encountered anyone quite like Taro before. He is blue, has huge glowing eyes, pointy ears, a smooth bald head and one horn. Takashi, obsessed with trying to figure out this strange new visitor, attempts to track Taro\'s every move; and in the process he continuously falls victim to Taro\'s hilarious assortment of cosmic jokes and traps.'",,,,"Yasunari Nagatoshi
Original Creator",Yasunari Nagatoshi : Original Creator
Sakura Wars TV, Sakura Taisen TV,TV   ,25.0,MADHOUSE,Spring,"Action, Sci Fi, Acting, Demons, Historical, Power Suits, Psychic Powers, Based on a Video Game, Violence",3.33,2000.0,,"""It is the early 20th century, and steam-powered technology is ushering Japan into the new era. Suddenly, demonic forces begin to terrorize the world, yet hope remains for mankind! The Flower Division, a team assembled from the world's most talented psychics and spirit warriors, fight in their steam-powered mechs to battle the evil. To unleash their hidden potential, the Flower Division must also perform plays and entertain the citizens of Tokyo.""",Violence,"Sakura Taisen, Sakura Taisen: Kanadegumi","Sakura Wars: Ouka Kenran, Sakura Wars: Gouka Kenran, Sakura Wars: The Movie, Sakura Wars: Sumire, Sakura Wars: Ecole de Paris, Sakura Wars: Le Nouveau Paris, Sakura Wars: New York NY., Sakura Wars: Kanadegumi, Sakura Wars the Animation, Sakura Kakumei ~Hana Saku Otome-tachi~","Ichiro Ogami : Akio Suyama, Iris Chateaubriand : Kumiko Nishihara, Kanna Kirishima : Mayumi Tanaka, Li Kohran : Yuriko Fuchizaki, Maria Tachibana : Urara Takano, Sakura Shinguji : Chisa Yokoyama, Sumire Kanzaki : Michie Tomizawa, Ayame Fujieda : Ai Orikasa, Ouji Hiroi
Original Creator, Ryuutarou Nakamura
Director, Toshimasa Suzuki
Assistant Director & Episode Director & Storyboard, Kouhei Tanaka
Music, Hidenori Matsubara
Character Design, Hideyuki Morioka
Character Design & Chief Animation Director, Tsuguo Kozawa
Photography Director, Youko Mihashi
Color Design","Ouji Hiroi : Original Creator, Ryuutarou Nakamura : Director, Toshimasa Suzuki : Assistant Director & Episode Director & Storyboard, Kouhei Tanaka : Music, Hidenori Matsubara : Character Design, Hideyuki Morioka : Character Design & Chief Animation Director, Tsuguo Kozawa : Photography Director, Youko Mihashi : Color Design"
Hayan Ma-eum Baeggu, White Heart Baekgu,TV   ,13.0,,,"Adventure, Dogs, Korean Animation",3.33,2000.0,2001.0,"'Sol and Dong live with their widower father on an island village, where he works as a fisherman. One day a white puppy enters their lives. They adopt him and name him Max. However, after their father dies at sea and circumstances separate Max from Sol and Dong, Max must find the will to fight his way home, so he can be reunited with his owners.'",,,,,
eX-Driver,,OVA  ,6.0,Actas,,"Action, Cars, Original Work",3.33,2000.0,2001.0,"'In the relative near future, fossil fuel cars have gone the way of the dinosaur -- electric cars rule the landscape. And when these electric cars go bad, it’s up to the Ex-Drivers to stop them! Join Lisa and Lorna as they encounter situations revolving around them putting their souped up cars’ pedals to the metal in a showdown of slick cars and hot drivers. Speed is the name of the game and the stakes rise quicker than an RPM gauge in overdrive!'",,,"eX-Driver Danger Zone, eX-Driver the Movie, eX-Driver the Movie Specials","Lisa Sakakino : Miki Nagasawa, Lorna Endou : Yoko Asada, Souichi Sugano : Yumiko Kobayashi, Joe Todo : Steven Jay Blum, Kei Munakata : Unshou Ishizuka, Nina A Thunder : Michiko Neya, Ogawa Car Mechanic : Mitsuaki Madono, Rei Kazama : Mami Kingetsu, Kosuke Fujishima
Character Design & Original Creator, Jun Kawagoe
Director, Masumi Itou
Music, Toshiharu Murata
Mechanical Design","Kosuke Fujishima : Character Design & Original Creator, Jun Kawagoe : Director, Masumi Itou : Music, Toshiharu Murata : Mechanical Design"
Argento Soma,,TV   ,25.0,Sunrise,Fall ,"Action, Drama, Mecha, Sci Fi, Aliens, Military, Revenge, Original Work",3.32,2000.0,2001.0,"'Takuto’s relationship with his girlfriend Maki is on the rocks; she’s devoted to her research and keeps things bottled up inside, leaving their relationship uncertain. Life takes a tragic turn, however, when Takuto visits the source of Maki’s research: a giant metal being named Frank. While running an experiment to awaken Frank, the building collapses – and Takuto is the only survivor. Months later, Takuto awakens in a hospital with vengeance in his heart; and when the mysterious Dr. X offers him a new identity that he can use to bring down Frank, he accepts. With his new name of Ryu Soma and his new position in Funeral, a military organization charged with destroying alien invaders, Takuto sets forth to exact his revenge...'",,Argento Soma,Argento Soma Special,"Dan Simmons : Takehito Koyasu, Frank : Yuuji Takada, Guenevere Green : Kikuko Inoue, Harriet Bartholomew : Houko Kuwashima, Lana Ines : Sayuri, Michael Hartland : Jouji Nakata, Ryu Soma : Souichirou Hoshi, Sue Harris : Yui Horie, Kazuyoshi Katayama
Director, Katsuhisa Hattori
Music, Shuukou Murase
Character Design, Hiroyuki Birukawa
Producer","Kazuyoshi Katayama : Director, Katsuhisa Hattori : Music, Shuukou Murase : Character Design, Hiroyuki Birukawa : Producer"
NieA Under 7, NieA under 7 - domestic poor @nimation,TV   ,13.0,Triangle Staff,Spring,"Comedy, Sci Fi, Slice of Life, Aliens, Countryside, Non-Human Protagonists, Based on a Doujinshi",3.29,2000.0,,"""In the future, aliens coexist freely with mankind on Earth. One such alien is NieA, a lazy yet spirited girl who wastes away her days while living with the studious Mayuko. And life isn't easy... Mayuko is always short on food money, the spa where she works is about to go bankrupt and Mayuko's alien-crazy friend Chiaki is obsessed with NieA.""",,NieA Under 7,,"Mayuko Chigasaki : Ayako Kawasumi, Niea : Yuuko Miyamura, Chada : Allan Schintu, Chiaki Komatsu : Fumiko Orikasa, Chie Karita : Mari Ogasawara, Genzo Someya : Yuuta Sasaki, Karna : Tomoko Kawakami, Kotomi Hiyama : Rumi Ochiai, Yoshitoshi Abe
Key Animator & Original Character Design & Original Creator, Tomokazu Tokoro
Chief Director, Takuya Satou
Director, Yoshio Oowa
Music & Song Performance, Yoshiaki Yanagida
Character Design, Shoujirou Abe
Producer, Yasuyuki Ueda
Producer, Mitsuhiro Yoneda
Animation Director & Episode Director & Key Animator & Storyboard","Yoshitoshi Abe : Key Animator & Original Character Design & Original Creator, Tomokazu Tokoro : Chief Director, Takuya Satou : Director, Yoshio Oowa : Music & Song Performance, Yoshiaki Yanagida : Character Design, Shoujirou Abe : Producer, Yasuyuki Ueda : Producer, Mitsuhiro Yoneda : Animation Director & Episode Director & Key Animator & Storyboard"
Transformers: Robots in Disguise,,TV   ,39.0,Gallop,Spring,"Action, Mecha, Sci Fi, Combining Mecha, Non-Human Protagonists, Robots, Sentient Mecha, Super Robot, Transforming Mecha, War",3.29,2000.0,,"'The evil robot Megatron, the leader of the Predacons, kidnaps Koji’s father, Dr. Onishi, to use the doctor’s knowledge of Earth’s energy sources to take it all for himself. Luckily, a team of good robots disguised as ordinary vehicles are here to help Koji get his father back! Optimus Prime, the leader of the Autobots, has sworn to protect Earth from the evil Megatron. Using the information from Dr. Onishi, Megatron sends his Predacons all over the globe looking for energy, but the Autobots fight to stop the Predacons while not harming any humans. During these battles, Megatron must deal with an incompetent second-in-command named Sky-Byte who is more concerned with impressing his boss and writing poetry than following orders properly.'",,"Transformers: The Manga, Transformers: The New Battle!!","Transformers: Scramble City, Transformers: The Movie, Transformers: The Headmasters, Transformers: Super-God Masterforce, Transformers: Victory, Transformers: Zone, Beast Wars II Chou Seimeitai Transformers, Beast Wars II Chou Seimeitai Transformers Movie, Chou Seimeitai Transformers: Beast Wars Neo, Transformers: Armada, Transformers: Energon, Transformers: Robot Masters, Transformers: Energon Special, Transformers: Cybertron, Transformers: War for Cybertron - Siege, Transformers: War for Cybertron - Earthrise","Koji Onishi : Jason Spisak, Optimus Prime : Satoshi Hashimoto, Ai-Chan : Chieko Higuchi, Artfire, Counter Arrow, Dark Scream : Steven Jay Blum, Eagle Killer, Gas Skunk, Osamu Sekita
Director, Hiroyuki Namba
Music, Hatsuki Tsuji
Character Design, Makiko Iwata
Producer, Hisashi Kato
Producer, Shigerou Sugimura
Producer, Kazuhito Kikuchi
Storyboard, Jae-Hong Kim
Animation Director","Osamu Sekita : Director, Hiroyuki Namba : Music, Hatsuki Tsuji : Character Design, Makiko Iwata : Producer, Hisashi Kato : Producer, Shigerou Sugimura : Producer, Kazuhito Kikuchi : Storyboard, Jae-Hong Kim : Animation Director"
Medabots Damashii, Medabots Spirits,TV   ,39.0,Production I.G,Summer,"Sci Fi, Proxy Battles, Based on a Video Game",3.29,2000.0,2001.0,"'The sequel to the famous Medabots series, following the continuing adventures of Ikki and Metabee. The two encountered a strange enemy named Jinkai and the so called Death Medabots. Along with Nae and Erica, they will defeat Jinkai and the Death Medabots.'",,"Medarot, Medabots",Medabots,"Ikki Tenryou : Michiru Yamazaki, Metabee : Junko Takeuchi, Arika Amazake : Eri Sendai, Brass : Masami Suzuki, Iwanoi : Shigenori Yamazaki, Kagamiyama : Yoshiko Iseki, Kikuhime : Masami Suzuki, Peppercat : Mika Ishibashi, Masatsugu Arakawa
Director, Osamu Tezuka
Music, Tokuyuki Matsutake
Character Design, Takayuki Hamana
Episode Director & Storyboard","Masatsugu Arakawa : Director, Osamu Tezuka : Music, Tokuyuki Matsutake : Character Design, Takayuki Hamana : Episode Director & Storyboard"
Pipopapo Patrol-kun,,TV   ,65.0,Toei Animation,,"Adventure, Cars, Episodic, Family Friendly, Police, Short Episodes, Original Work",3.29,2000.0,2001.0,"'New in town, patrol car Pattle and his partner, Hajime make a funny fuss in Sunflower Town, where everything is new and interesting.'",,,,"Hajime : Eriko Kawasaki, Patrol : Chika Sakamoto, Mac : Keiichi Sonobe, Momoko, Pat, Yamamoto : Takumi Yamazaki, Angie, Anto, Toei Animation
Original Creator, Mitsuo Hashimoto
Director, Toshiyuki Tamazawa
Producer & Music, Yoshihiro Suzuki
Character Design","Toei Animation : Original Creator, Mitsuo Hashimoto : Director, Toshiyuki Tamazawa : Producer & Music, Yoshihiro Suzuki : Character Design"
The Prince and the Coral Sea,"Alt titles: Daisaku Ikeda: The Prince and the Coral Sea, Sango no Umi to Ouji",OVA  ,1.0,Toei Animation,,"Drama, Fantasy, Environmental, Family Friendly, Historical, Island, Based on a Picture Book",3.27,2000.0,,"'On Okinawa island, a boy named Ray determines to use a magical gift from a mermaid to protect the island’s nature and people no matter what he has to give.'",,,,"Ray : Orine Fukushima, Ken : Dave Wittenberg, King : Paul St. Peter, Mermaid : Megumi Toyoguchi, Mia : Michelle Ruff, Uncle, Mia'S Father : Dave Mallow, Mia'S Mother : Mari Devon, Daisaku Ikeda
Original Creator, Tomoharu Katsumata
Director, Seiji Yokoyama
Music","Daisaku Ikeda : Original Creator, Tomoharu Katsumata : Director, Seiji Yokoyama : Music"
Mezzo Forte,,OVA  ,2.0,ARMS,,"Action, Borderline H, Bounty Hunters, Original Work, Explicit Sex,, Explicit Violence",3.27,2000.0,2001.0,"'The deadly Mikura and her friends are usually more than skilled enough to handle the dirty jobs they get, but they find themselves in over their head when they try to abduct the millionaire head of a gigantic crime family! Hilarity (and hardcore sex/violence) abounds as they clash with his gorgeous psychotic daughter Momomi and her army of hitmen.'","Explicit Sex,, Explicit Violence",,Mezzo,"Kenichi Kurokawa : Taichirou Hirokawa, Mikura Suzuki : Tomoko Kotani, Tomohisa Harada : Takumi Yamazaki, Emoto : William Frederick, Hirooka : Norio Wakamoto, Momokichi Momoi : Shozo Iizuka, Momomi Momoi : Akemi Okamura, Sawa, Yasuomi Umetsu
Director & Animation Director & Character Design & Original Creator & Screenplay, Tooru Shura
Music, Osamu Koshinaka
Producer, Tarou Miyabe
Producer","Yasuomi Umetsu : Director & Animation Director & Character Design & Original Creator & Screenplay, Tooru Shura : Music, Osamu Koshinaka : Producer, Tarou Miyabe : Producer"
Ghiblies,,Other,,Studio Ghibli,,Comedy,3.27,2000.0,2002.0,"'Meet the Ghiblies. Designed from the ground up to reflect the wonderful and talented people behind the famous Studio Ghibli, they have volunteered to let the light shine on the behind-the-scenes workings of their work and personal lives. Follow them as they decide where to eat lunch! Laugh with them as they reveal their inside jokes! Feel their pain as they remember their first love! Witness their many hidden talents! Be shocked as they perform hedonistic dances in their underwear! Find solace in their good deeds! And through it all, remember that these are the minds that have changed the face of anime as we know it!'",,,,"Nonaka-Kun : Masahiko Nishimura, Oka-Chan : Arata Furuta, Yukari-San : Kyouka Suzuki, Yoshiyuki Momose
Director, Manto Watanobe
Music, Mitsunori Kataama
Cg Director, Hiroyuki Watanabe
Producer, Shinji Hashimoto
Key Animator, Shinya Oohira
Key Animator","Yoshiyuki Momose : Director, Manto Watanobe : Music, Mitsunori Kataama : Cg Director, Hiroyuki Watanabe : Producer, Shinji Hashimoto : Key Animator, Shinya Oohira : Key Animator"
Ninja Bugei-chou Pilot,,Other,,,,"Action, Black and White, Ninja, Shorts, Based on a Manga",3.27,2000.0,,'No synopsis yet - check back soon!',,Ninja Bugei-chou,,,
Pokemon: Pikachu and Pichu, Pokemon: Pichu to Pikachu,Movie,,OLM,,"Fantasy, Animal Protagonists, Family Friendly, Monsters, Non-Human Protagonists, Shorts, Based on a Video Game",3.26,2000.0,,"'Ash, Misty and Brock are taking a break from their pokemon-battling adventures to take a rest in the city, leaving their pokemon to run free for the day. Pikachu is quickly swept up in a game of cat and mouse with two local Pichu, leading him to the ultimate inner sanctuary: a tire-laden playground full of pokemon! However, a run-in with danger threatens the stability of the structure; can Pikachu, the Pichu and the rest of their new friends band together to save the day?'",,"Pokemon: The Electric Tale of Pikachu, Pokémon Adventures, Magical Pokemon Journey, Pokémon: Diamond and Pearl Adventure!, Pokemon Mystery Dungeon: Ginji's Rescue Team, Pokemon Ranger, Pokemon Ranger and the Temple of the Sea, Pokemon: The Rise of Darkrai, Pokemon Ranger Batonnage, Kaitou! Pokemon 7, Pokemon: Giratina & the Sky Warrior!, Pokemon ReBURST, Pokemon the Movie: White - Victini and Zekrom, Pokemon + Nobunaga no Yabou - Ranse Iroemaki, Pokémon: Diancie and the Cocoon of Destruction, Pokémon: Omega Ruby & Alpha Sapphire, Pokemon the Movie: Hoopa and the Clash of Ages, Pokemon the Movie XY&Z: Volcanion to Karakuri no Magiana, Pokemon Horizon: Sun & Moon, Pokémon: Sun & Moon, Pokémon the Movie: I Choose You!",Pokemon Movie 3: Spell of the Unown,"Ash'S Pikachu : Ikue Ootani, Older Pichu Brother, Younger Pichu Brother : Satomi Koorogi, Team Rocket’S Meowth : Inuko Inuyama, Ash Ketchum : Rica Matsumoto, Ash'S Bulbasaur : Megumi Hayashibara, Ash'S Chikorita, Ash'S Cyndaquil, Kunihiko Yuyama
Director, Hirokazu Tanaka
Music, Norihiro Matsubara
Character Design, Chouji Yoshikawa
Producer, Takemoto Mori
Producer, Yukako Matsusako
Producer","Kunihiko Yuyama : Director, Hirokazu Tanaka : Music, Norihiro Matsubara : Character Design, Chouji Yoshikawa : Producer, Takemoto Mori : Producer, Yukako Matsusako : Producer"
Zoku Gosenzo San'e,,OVA  ,4.0,Studio Gazelle,,"Comedy, Mystery, Borderline H, Supernatural, Original Work, Explicit Sex",3.26,2000.0,2001.0,'No synopsis yet - check back soon!',Explicit Sex,,Masquerade,"Gen Hiraga, Ayumi Ito : Masami Toyoshima, Beatrice Lambert : Ai Uchikawa, Jennifer Collins, Mitsuko Ito : Michiko Neya, Sakurako Rokuhira : Yuriko Yamaguchi, Shinichi Masaki
Director, T.K.Crow
Music, Hitoshi Haga
Character Design","Shinichi Masaki : Director, T.K.Crow : Music, Hitoshi Haga : Character Design"
Locke the Superman: Mirror Ring, Choujin Locke: Mirror Ring,OVA  ,1.0,SIDO,,"Action, Sci Fi, Outer Space, Psychic Powers, Superpowers",3.25,2000.0,,"'When some scavengers stumble across and reinitialize the supercomputer ELANA, Locke and his friends are drawn into a repeat of its plot to destroy all ESPers.'",,"Locke the Superman Side Story: Knights of Darkness, Locke the Superman, Locke the Superman: Embrace of the Wind, Locke the Superman: Children of Time","Locke the Superman Pilot, Locke the Superman, Locke the Superman: Lord Leon, Locke the Superman: New World Command","Locke : Kenichi Suzumura, Arbus, Ariel Grant, Banon, Cassandra Al-Hassan, Czar, Elana, Emma, Yuki Hijiri
Original Creator, Junichi Hayama
Character Design, Yuusaku Saotome
Producer","Yuki Hijiri : Original Creator, Junichi Hayama : Character Design, Yuusaku Saotome : Producer"
Maetel Legend,,OVA  ,2.0,Vega Entertainment,,"Sci Fi, Cyborgs, Leijiverse, Based on a Manga",3.25,2000.0,2001.0,"""La Metalle, once the sister planet to Earth, is now covered by ice and snow; its inhabitants struggle to survive the crippling cold.\xa0All seems lost for humanity until a scientist named Hardgear proposes a solution called mechanization.\xa0 He intends to give each person a metal body that can withstand the planet's harsh climate, effectively creating a world of cyborgs. Princesses Maetel and Emeraldes openly oppose mechanization, fearing that they will become heartless monsters; while their mother, the Queen, undergoes the process and in turn forces her subjects to do the same.\xa0 Determined to remain human, the princesses chose to face their destinies and take on the ruthless Hardgear, even if they must pay the ultimate price with their lives.""",,,"Galaxy Express 999, Galaxy Express 999 Movie, Galaxy Express 999: Can You Live Like A Warrior?, Galaxy Express 999: Glass no Clair, Ginga Tetsudou 999: Kimi wa Haha no You ni Aiseruka!!, Adieu Galaxy Express 999, Galaxy Express 999: Eternal Fantasy, DNA Sights 999.9, Space Symphony Maetel: Ginga Tetsudou 999 Gaiden","Emeraldas : Atsuko Enomoto, Maetel : Satsuki Yukino, Queen La Andromeda Prometheum : Keiko Han, Dager : Yousuke Akimoto, Hardgear : Takashi Matsuyama, Brant : Yuuji Kishi, Cast, Count Mecha, Kazuyoshi Yokota
Director, Masamichi Amano
Music, Hiroyuki Hayase
Sound Director, Takaji Matsudo
Producer, Yuuji Suzuki
Producer, Tomoyuki Imai
Producer, Hitoshi Yagi
Producer","Kazuyoshi Yokota : Director, Masamichi Amano : Music, Hiroyuki Hayase : Sound Director, Takaji Matsudo : Producer, Yuuji Suzuki : Producer, Tomoyuki Imai : Producer, Hitoshi Yagi : Producer"
Puppet Princess, Karakuri no Kimi,OVA  ,1.0,TMS Entertainment,,"Horror, Shounen, Feudal Japan, Ninja, Based on a Manga, Explicit Violence,, Nudity",3.25,2000.0,,"""The hillsides of feudal Japan are no longer safe; men are being brutally murdered by mysterious, grotesque ninjas that don't seem to die, leaving a wake of terror in their path. In the midst of the chaos, a young girl named Rangiku wanders the land with a ninja named Manajiri, searching for the man who murdered her family and stole their most prized possession: a doll that has the ability to move on its own. With gruesome enemies to conquer and revenge at hand, Rangiku must use her skill of controlling her wooden dolls to destroy everything in their path, or die trying!""","Explicit Violence,, Nudity",Yoru no Uta,,"Rangiku Fumiwatari : Akiko Yajima, Yasaburo Manajiri : Norio Wakamoto, Head Of The Deathless Ninjas : Takeshi Aono, Sadayoshi Karimata : Kouji Nakata, Hisashige Fumiwatari : Jamieson K. Price, Narrator : Mugihito, Kazuhiro Fujita
Original Creator, Hirotoshi Takaya
Director & Character Design, Kaoru Wada
Music, Masahito Yoshioka
Producer","Kazuhiro Fujita : Original Creator, Hirotoshi Takaya : Director & Character Design, Kaoru Wada : Music, Masahito Yoshioka : Producer"
Black Jack: Heian Sento, Black Jack: Capital Transfer to Heian,Movie,,Tezuka Productions,,"Drama, Shounen, Doctors, Medical, Shorts, Based on a Manga",3.25,2000.0,,'No synopsis yet - check back soon!',,"Black Jack, Black Jack: Aoki Mirai",,"Black Jack : Akio Ootsuka, Pinoko : Yuuko Mizutani, Joe Carol Brane : Debora Weigert, Osamu Tezuka
Original Creator",Osamu Tezuka : Original Creator
Chiisana Tegami, Minna no Uta: Chiisana Tegami,Music,,,,"Family Friendly, Minna no Uta",3.24,2000.0,,'No synopsis yet - check back soon!',,,,"Taku Furukawa
Director",Taku Furukawa : Director
Baby Felix, Baby Felix & Friends Show,TV   ,65.0,Radix Ace Entertainment,Fall ,"Adventure, Comedy, Animal Protagonists, Anthropomorphic, Cats, Family Friendly, Non-Human Protagonists, Short Episodes, Based on a Cartoon",3.23,2000.0,2001.0,'The Baby Felix and Friends Show follows the adventures of a young Felix The Cat and his baby pals\xa0as they find fun and mischief along their zany travels.',,,,"Felix : Toshihiko Seki, Baby Kitty : Yumi Touma, Biff : Tesshou Genda, Majorina : Rei Sakuma, Marty : Ryuusei Nakao, Master Cylinder : Kouichi Nagano, Mimi : Atsuko Enomoto, Mookie : Noko Konoha, Kunitoshi Okajima
Director, Katsumi Horii
Music, Shinichi Yoshino
Character Design","Kunitoshi Okajima : Director, Katsumi Horii : Music, Shinichi Yoshino : Character Design"
The Prince and the White Horse, Daisougen to Hakuba,OVA  ,1.0,Toei Animation,,"Historical, Time Travel, War",3.22,2000.0,,"'Bataar, a Mongolian boy, wants to make his father’s war-injured leg better. One day, a white horse takes Bataar back in time to prevent the war from starting.'",,,,"Bataar : Mitsuki Saiga, Tsetseg : Yuuko Mizutani, Ayushi : Kousei Yagi, Blue King : Iemasa Kayumi, Dolji : Hidetoshi Nakamura, Narantsatsral : Eri Nishida, Red King : Hiroshi Ito, Sunjidmaa : Yuuko Katou, Daisaku Ikeda
Original Creator, Tomoharu Katsumata
Director, Seiji Yokoyama
Music, Takashi Nashizawa
Character Design","Daisaku Ikeda : Original Creator, Tomoharu Katsumata : Director, Seiji Yokoyama : Music, Takashi Nashizawa : Character Design"
Haru Natsu, Minna no Uta: Haru Natsu,Music,,,,Minna no Uta,3.22,2000.0,,'No synopsis yet - check back soon!',,,,"Kouji Nanke
Director",Kouji Nanke : Director
Geobreeders 2, Geobreeders: Breakthrough,OVA  ,4.0,Chaos Project,,"Action, Based on a Manga",3.21,2000.0,2001.0,"'The Kagura Total Security team is back, and after a little shooting accident, they are left without a home and office. Looking at this as a minor inconvenience, the fiery Randou, meek Maya, exploited Yoichi and ""the boss"" make their way on foot across Japan. With the city under attack from the Phantom Cats, the girls find themselves the target of a beautiful and mysterious shooter. Who is this woman, and with such a coordinated attack, just what are the Phantom Cats up to?'",,Geobreeders,Geobreeders,"Eiko Randou : Yuka Imai, Maki Umezaki : Aya Hisakawa, Takami Sakuragi : Akiko Yajima, Yuka Kikushima : Satomi Koorogi, Maya : Mayumi Iizuka, Yoichi Taba : Shinichirou Miki, Yuu Himehagi : Narumi Hidaka, Ayumi Narusawa : Miki Nagasawa, Kiyoshi Fukumoto
Director, Shin Misawa
Director, Kotaro Nakagawa
Music, Motoyoshi Iwasaki
Music, Yuuji Moriyama
Character Design, Shigeru Kitayama
Producer","Kiyoshi Fukumoto : Director, Shin Misawa : Director, Kotaro Nakagawa : Music, Motoyoshi Iwasaki : Music, Yuuji Moriyama : Character Design, Shigeru Kitayama : Producer"
Denshin Mamotte Shugogetten!, Mamotte Shugogetten OVA,OVA  ,8.0,Toei Animation,,"Comedy, Romance, Shounen, Magic, Based on a Manga",3.21,2000.0,2001.0,"""Tasuke is an ordinary schoolboy who is protected by two rivaling guardian spirits, Shaorin and Ruuan. When a third spirit named Kiryuu enters the fray with the apparent purpose of making Tasuke's life a living hell, it’s once again time for Tasuke to demonstrate how any problem in the world can be solved by being a generally nice -- if a bit wishy-washy -- guy. But Shaorin, whose world has been turned upside down, must now learn to cope with new and unfamiliar emotions, as well as discover the true meaning of love.""",,Mamotte Shugogetten!,Mamotte Shugogetten!,"Kiryuu Bannanchiten : Houko Kuwashima, Ruuan Keikounitten : Yumi Takada, Shaorin Shugogetten : Mariko Kouda, Tasuke Shichiri : Daisuke Sakaguchi, Izumo Miyauchi : Toshiyuki Morikawa, Kaori Aihara : Ai Maeda, Koichirou Endou : Omi Minami, Rishu : Ayako Kawasumi, Yukio Kaizawa
Director, Hiroyuki Kouzu
Music, Youichi Oonishi
Character Design","Yukio Kaizawa : Director, Hiroyuki Kouzu : Music, Youichi Oonishi : Character Design"
Fushigi Sekai Atagoul Monogatari,,OVA  ,1.0,,,"Adventure, Fantasy, Family Friendly, CG Animation",3.21,2000.0,,'No synopsis yet - check back soon!',,Atagoal wa Neko no Mori,Atagoal wa Neko no Mori,Hideyoshi,
Amon: Apocalypse of Devilman, Amon Devilman Mokushiroku,OVA  ,1.0,Studio Live,,"Action, Horror, Seinen, Demons, Supernatural, Based on a Manga, Explicit Violence,, Nudity",3.2,2000.0,,"'Time has passed since Akira Fudo was possessed by the powerful demon Amon, giving him the ability to change into Devilman. Humans have become increasingly paranoid of demon attacks, resorting to murder of innocent civilians with mob mentality – among nicer things. Akira continues to fight against the demon armies with his companions – but when his girlfriend Miki is brutally murdered, his will breaks and the sadistic Amon is unleashed, controlling his body. The final battle awaits in Akira’s mind – can he defeat Amon and control his body once more?'","Explicit Violence,, Nudity","Devilman, Shin Devilman, Devil Lady, Amon: Devilman Mokushiroku, Neo Devilman, Dynamic Superobot Wars: Super Robot Retsuden, Akuma Kishi, Devilman Grimoire, Devilman Saga","Devilman, Mazinger Z, Devilman: The Birth, Devilman: The Demon Bird, The Devil Lady, Cyborg 009: The Cyborg Soldier, Devilman: Crybaby","Akira Fudou : Shinji Takeda, Amon : Akio Ootsuka, Miki Makimura : Atsuko Enomoto, Ryou Asuka : Tomokazu Seki, Seylos : Kazuki Yao, Kensaku Makimura : Motoko Kumai, Mikiko Kawamoto : Rie Tanaka, Psycho Jenny : Mitsuki Saiga, Go Nagai
Original Creator, Kenichi Takeshita
Director","Go Nagai : Original Creator, Kenichi Takeshita : Director"
Pokemon: Pikachu's Winter Vacation 2000,,OVA  ,2.0,OLM,,"Fantasy, Family Friendly, Monsters, Based on a Video Game",3.2,2000.0,,"""Crazy antics snowball into a major Pokemon quarrel and it's up to Pikachu to spread good cheer before it's too late!""",,"Pokemon: The Electric Tale of Pikachu, Pokémon Adventures, Magical Pokemon Journey, Pokémon: Diamond and Pearl Adventure!, Pokemon Mystery Dungeon: Ginji's Rescue Team, Pokemon Ranger, Pokemon Ranger and the Temple of the Sea, Pokemon: The Rise of Darkrai, Pokemon Ranger Batonnage, Kaitou! Pokemon 7, Pokemon: Giratina & the Sky Warrior!, Pokemon ReBURST, Pokemon the Movie: White - Victini and Zekrom, Pokemon + Nobunaga no Yabou - Ranse Iroemaki, Pokémon: Diancie and the Cocoon of Destruction, Pokémon: Omega Ruby & Alpha Sapphire, Pokemon the Movie: Hoopa and the Clash of Ages, Pokemon the Movie XY&Z: Volcanion to Karakuri no Magiana, Pokemon Horizon: Sun & Moon, Pokémon: Sun & Moon, Pokémon the Movie: I Choose You!","Pokemon, Pokemon Chronicles","Ash'S Pikachu : Ikue Ootani, Team Rocket’S Meowth : Inuko Inuyama, Ash Ketchum : Rica Matsumoto, Ash'S Bulbasaur : Megumi Hayashibara, Ash'S Chikorita : Mika Kanai, Ash'S Heracross : Katsuyuki Konishi, Ash'S Squirtle : Rikako Aikawa, Brock : Yuuji Ueda",
Ghost Stories Recaps, Gakkou no Kaidan Recaps,TV Sp,,Pierrot,,"Recap, School Life, Supernatural, Original Work",3.19,2000.0,2001.0,No synopsis yet - check back soon!,,,"Ghost Stories, Ghost Stories - Curse of Death: The Headless Rider!!","Momoko Koigakubo : Kumi Sakuma, Satsuki Miyanoshita : Tomoko Kawakami",
Serial Experiments Lain: LPR-309,,DVD S,,,,Promotional,3.18,2000.0,,No synopsis yet - check back soon!,,Serial Experiments Lain: The Nightmare of Fabrication,Serial Experiments Lain,,
Mushi, Minna no Uta: Mushi,Music,,,,Minna no Uta,3.17,2000.0,,No synopsis yet - check back soon!,,,,,
Candidate for Goddess,"Alt titles: Megami Kouhosei, Pilot Candidate",TV   ,12.0,XEBEC,Winter,"Mecha, Sci Fi, Aliens, Outer Space, Based on a Manga",3.16,2000.0,,"In the distant future, aliens called Victim destroyed all the worlds of humanity except for Zion. In this desperate time, young boys of the space colonies are sent to GOA to learn how to, and compete for the right to, pilot the fighting machines designated as Ingrids. These child pilots are assisted by EX -- a special power, and by female partners who repair the Ingrids. However, to save humanity, exceptional candidates are needed, and two new students, Zero and Hiead, motivated by their desire to succeed and burning rivalry, may be the human race's last hope...",,Candidate for Goddess,Candidate for Goddess OVA,"Hiead Gner : Susumu Chiba, Kizna Towryk : Miki Nagasawa, Rei Enna : Yukimasa Obi, Teela Zain Elmes : Yuri Amano, Erts Virny Cocteau : Kenji Nojima, Ikhny Allecto : Rie Kugimiya, Aracd Narocke : Akira Ishida, Azuma Hijikata : Keiji Fujiwara, Yukiru Sugisaki
Original Creator, Mitsuru Hongo
Director, Tomoyuki Asakawa
Music, Shinichi Yamaoka
Character Design, Minoru Takanashi
Producer, Toru Sato
Producer, Tomomi Ishida
Producer, Toshinori Narita
Episode Director","Yukiru Sugisaki : Original Creator, Mitsuru Hongo : Director, Tomoyuki Asakawa : Music, Shinichi Yamaoka : Character Design, Minoru Takanashi : Producer, Toru Sato : Producer, Tomomi Ishida : Producer, Toshinori Narita : Episode Director"
Reign: The Conqueror Movie, Alexander Senki Movie,Movie,,MADHOUSE,,"Adventure, Historical, Based on a Light Novel",3.16,2000.0,,No synopsis yet - check back soon!,,Reign: The Conqueror (Light Novel),Reign: The Conqueror,"Alexander : Toshihiko Seki, Antigonos : Daisuke Gouri, Aristotle : Nachi Nozawa, Cassandra : Atsuko Tanaka, Cleitus : Houchuu Ootsuka, Darius Iii : Kouichi Yamadera, Dinocrates : Ryuusei Nakao, Diogenes : Kazuo Kumakura, Rintarou
Director, Yoshinori Kanemori
Director, Yuuzou Satou
Character Design, Yoshihisa Nakayama
Producer","Rintarou : Director, Yoshinori Kanemori : Director, Yuuzou Satou : Character Design, Yoshihisa Nakayama : Producer"
Strange Dawn,,TV   ,13.0,Hal Film Maker,Summer,"Adventure, Fantasy, Family Friendly, Person in a Strange World, Original Work",3.16,2000.0,,"Emi and Yuko are two middle school girls who, with a flash of light, have suddenly found themselves in a place much farther than home, where all the people are only about a foot tall. Without further ado, they are named the Great Protectors, who were destined to appear. With war in the air and tensions on the rise, all the girls want to do is go home. But will they find a way back, even though they don't know how they arrived?",,,,"Eri Natsuno : Shouko Enomoto, Mani : Rie Ishizuka, Reka : Kumi Sakuma, Shall : Kentarou Itou, Yuko Miyabe : Kaori Shimizu, Beret : Mitsuo Iwata, Dall : Susumu Chiba, Deum, Junichi Satou
Director, Shougo Kawamoto
Director, Kaoru Wada
Music, Akihiko Yamashita
Character Design, Koujirou Hayashi
Photography Director, Akemi Kobayashi
Chief Animation Director, Yuuji Yanase
Animation Director","Junichi Satou : Director, Shougo Kawamoto : Director, Kaoru Wada : Music, Akihiko Yamashita : Character Design, Koujirou Hayashi : Photography Director, Akemi Kobayashi : Chief Animation Director, Yuuji Yanase : Animation Director"
Angelique: Shiroi Tsubasa no Memoire,,OVA  ,2.0,Yumeta Company,,"Fantasy, Reverse Harem, Based on an Otome Game, Based on a Visual Novel",3.14,2000.0,,"Angelique is the queen of the cosmos in a lush fantasy world, with nine strong and handsome guardians at her command. What started as a simple reunion between friends turned into a nightmare when the recently deceased Arios came back from the dead with a sinister plan to kill both queens! Can the gang come together to save not only themselves, but Arios himself?",,"Angelique, Neo Angelique","Angelique: Seichi yori Ai wo Komete, Angelique: Twin Collection, Angelique","Angelique Collet : Yoko Asada, Arios : Ken Narita, Angelique Limoges : Yuri Shiratori, Charles Wong : Mitsuaki Madono, Clavis : Kaneto Shiozawa, Ernst : Toshiyuki Morikawa, Julious : Shou Hayami, Lumiale : Nobuo Tobita",
Clockwork Fighters: Hiwou's War, Karakuri Kiden: Hiwou Senki,TV   ,26.0,Bones,Fall ,"Action, Adventure, Historical, Original Work",3.13,2000.0,2001.0,"Two centuries ago, it was the beginning of the Industrial Age in Japan. Hiwou, Sai and their siblings and friends live peacefully in a quiet village and play with clockwork machines for fun, until one day a nefarious group called the Wind Gang attacks. Hiwou finds himself in the cockpit of the Homura, a giant clockwork doll built by his ancestors which the Wind Gang wants to destroy. With their home burned to the ground and their families held hostage, Hiwou and the rest must set forth to find his long-lost father and find a way to bring peace to everyone once more.",,Clockwork Fighters: Hiwou's War,,"Arashi : Shinichirou Miki, Hiwou : Houko Kuwashima, Machi : Kaori Mizuhashi, Sai : Nobuo Tobita, Shishi : Rikako Aikawa, Kurogane : Yasunori Matsumoto, Masurawo : Shinya Ootaki, Mayu : Akiko Yajima, Tetsurou Amino
Director, Hiroshi Yamaguchi
Music, Hiroshi Ousaka
Character Design, Hajime Jinguji
Character Design, Toyoyuki Yokohama
Producer, Mitsuru Ooshima
Producer, Hiroki Kanno
Animation Director","Tetsurou Amino : Director, Hiroshi Yamaguchi : Music, Hiroshi Ousaka : Character Design, Hajime Jinguji : Character Design, Toyoyuki Yokohama : Producer, Mitsuru Ooshima : Producer, Hiroki Kanno : Animation Director"
Platinumhugen Ordian, Ginsokiko Ordian,TV   ,24.0,Plum,Spring,"Action, Mecha, Sci Fi, Military, Original Work, Nudity",3.11,2000.0,,"In a world where various factions are at war with each other, a new piloted mecha, with guns that are connected to the central nervous system, is being developed by the International Military Organization. Because of his knowledge of piloting mecha, 17-year-old Yu Kananase is recruited by the 18th Reserve Squadron to be a test pilot; and thus his new life begins. Together with his comrades Eric, Nanna, and Nell, Yu must discover the truth about his past and the meaning of life, while trying to return from each battlefield alive.",Nudity,,,"Nanna Aihara : Atsuko Enomoto, Nell Maqmahausen : Haruna Ikezawa, Wolf Erikmayer : Shinichirou Miki, Yuu Kananase : Shinji Kawada, Carol Frasier, Fes Estanio : Tomoyuki Shimura, Kaori Kananase : Houko Kuwashima, Monika : Naoko Matsui, Masami Obari
Director, Toshiyuki Omori
Music, Fumihide Sai
Animation Director & Character Design, Shinichi Ikeda
Producer, Masaru Nagai
Producer, Shingo Suzuki
Animation Director & Episode Director, Eiji Abiko
Animation Director & Storyboard, Ryuichi Kimura
Storyboard","Masami Obari : Director, Toshiyuki Omori : Music, Fumihide Sai : Animation Director & Character Design, Shinichi Ikeda : Producer, Masaru Nagai : Producer, Shingo Suzuki : Animation Director & Episode Director, Eiji Abiko : Animation Director & Storyboard, Ryuichi Kimura : Storyboard"
Pinky Wakuwaku Tabi Stroll,,Web  ,7.0,,,"Animal Protagonists, Non-Human Protagonists, Promotional, Short Episodes, CG Animation",3.11,2000.0,,No synopsis yet - check back soon!,,,"Pinky Monkey no Umareta Hi, Pinky Monkey x FaFa Collaboration Animation: At Afternoon of Sunny Day",Pinky,
Tri-Zenon, Mutekioh Tri-Zenon,TV   ,22.0,E&G Films,Fall ,"Comedy, Mecha, Super Robot",3.11,2000.0,2001.0,"Akira Kamui, Ai Kamui and their father have a serious problem: debt! Akira and Ai steal a family heirloom treasure map to keep the spoils for themselves, but an unfortunate distraction occurs: their city, Chitose, becomes the battleground for the military and an invading race of aliens! Falling into the lair of the treasure itself, the giant mecha Tri-Zenon, Akira, Ai and their friend Kanna now find themselves in the adventure of a lifetime: protecting Earth from the powers of Zenon Palace!",,,,"Ai Kamui : Asami Sanada, Akira Kamui : Jun Fukuyama, Kanna Uryuu : Megumi Hayashibara, Takashi Watanabe
Director, Kenji Kawai
Music, Naomi Miyata
Character Design, Toshimichi Ootsuki
Producer, Shintarou Inokawa
Episode Director & Storyboard, Toshinori Narita
Episode Director & Storyboard, Hiroyuki Kawasaki
Screenplay, Yuuji Yanase
Animation Director","Takashi Watanabe : Director, Kenji Kawai : Music, Naomi Miyata : Character Design, Toshimichi Ootsuki : Producer, Shintarou Inokawa : Episode Director & Storyboard, Toshinori Narita : Episode Director & Storyboard, Hiroyuki Kawasaki : Screenplay, Yuuji Yanase : Animation Director"
Hino Hideshi Toukaidou Yotsuya Kaidan,,OVA  ,1.0,,,Horror,3.1,2000.0,,No synopsis yet - check back soon!,,,,,
Mon Colle Knights, Rokumon Tengai Monkore Knight,TV   ,51.0,Studio DEEN,Winter,"Adventure, Fantasy, Card Battles, Monsters, Person in a Strange World, Superpowers, Based on a Card Game",3.1,2000.0,,"In a parallel universe called Mon World, there exist magnificent monsters with special abilities. After years of research, Professor Hiiragi has discovered a way to enter this fantastical place and explore it using his special monster detection device. However, he didn't count on the evil Prince Eccentro, who only wants to grab the powers of the Mon World creatures for his selfish purposes! To protect the freedom and happiness of Mon World, Professor Hiiragi employs the help of his courageous daughter Rockna and her boyfriend Mondo, who transform into the Mon Colle Knights whenever danger calls. Working together with the powerful creatures of Mon World, can Rockna and Mondo prevent Prince Eccentro from fulfilling his evil plans?",,"Mon Colle Knights, Mon Colle Knights (Light Novel)",Mon Colle Knights Movie: Densetsu no Fire Dragon,"Mondo Ooya : Tomo Saeki, Rockna Hiiragi : Yui Horie, Batchi : Kyoko Hikami, Beginner : Mika Kanai, Chuzaemon Takenaka : Yuuji Ueda, Count Ludwig Presto Von Meinstein Collection : Kazuhiko Inoue, Guko : Yuka Imai, Ichiroubei Hiiragi : Shigeru Chiba, Yasunao Aoki
Director, Hiroshi Sakamoto
Music, Atsuko Nakajima
Character Design, Fukashi Azuma
Producer, Shinichi Ikeda
Producer","Yasunao Aoki : Director, Hiroshi Sakamoto : Music, Atsuko Nakajima : Character Design, Fukashi Azuma : Producer, Shinichi Ikeda : Producer"
Memories Hidden in Darkness,,Movie,,,,Shorts,3.1,2000.0,,No synopsis yet - check back soon!,,,,"Keiichi Tanaami
Director",Keiichi Tanaami : Director
TV-ban Pokemon Special Masara Town-hen Recaps, Pokemon: Masara Town Arc Recaps,OVA  ,2.0,OLM,,"Fantasy, Family Friendly, Proxy Battles, Recap, Based on a Video Game",3.09,2000.0,,No synopsis yet - check back soon!,,Pokémon the Movie: I Choose You!,Pokemon,"Ash Ketchum : Rica Matsumoto, Ash'S Pikachu : Ikue Ootani, Brock, Misty",
Na mo Nai Hana no Youni, Minna no Uta: Na mo Nai Hana no Youni,Music,,,,"Family Friendly, Minna no Uta",3.08,2000.0,,No synopsis yet - check back soon!,,,,,
Angel Sanctuary, Tenshi Kinryoku,OVA  ,3.0,Hal Film Maker,,"Shoujo, Angels, Reincarnation, Siblings, Star-Crossed Lovers, Based on a Manga, Explicit Violence,, Incest,, Mature Themes",3.07,2000.0,,"Setsuno Muda is a high school boy with a cruel fate, trapped in a forbidden love for his blood sister and inhabited by the spirit of the Organic Angel Alexiel. As the final battle between Heaven and Hell approaches, and forces gather against him, he must soon make decisions that will inevitably alter his future for better or worse. But for poor young Setsuno, his anguish and torment might be more overwhelming than the blood on his hands, as conflicts are settled and lives are changed forever...","Explicit Violence,, Incest,, Mature Themes",Angel Sanctuary,,"Alexiel : Ai Orikasa, Rosiel : Susumu Chiba, Sara Mudou : Ayako Kawasumi, Setsuna Mudou : Kenji Nojima, Arachne : Mayumi Asano, Kurai : Yuuko Miyamura, Sakuya Kira : Takehito Koyasu, Detective A : Takeharu Oonishi, Kaori Yuki
Original Creator, Kiyoko Sayama
Director & Episode Director & Storyboard, Mayori Sekijima
Screenplay & Series Composition, Masumi Itou
Music & Song Arrangement & Song Composition, Hidekazu Shimamura
Animation Director & Character Design & Chief Animation Director, Junichirou Nishikawa
Art Director, Hideyuki Tanaka
Sound Director, Yoshiyuki Itou
Producer","Kaori Yuki : Original Creator, Kiyoko Sayama : Director & Episode Director & Storyboard, Mayori Sekijima : Screenplay & Series Composition, Masumi Itou : Music & Song Arrangement & Song Composition, Hidekazu Shimamura : Animation Director & Character Design & Chief Animation Director, Junichirou Nishikawa : Art Director, Hideyuki Tanaka : Sound Director, Yoshiyuki Itou : Producer"
Digimon Adventure 3D: Digimon Grand Prix!,,Movie,,,,"Action, Family Friendly, Monsters, Racing, Shorts, CG Animation",3.06,2000.0,,No synopsis yet - check back soon!,,,"Digimon Adventure, Digimon Adventure 02","Daisuke'S Vuimon : Junko Noda, Picodevimon, Koshirou'S Tentomon, Taichi'S Agumon, Yamato'S Gabumon, Hikari'S Tailmon, Iori'S Armadimon : Megumi Urawa, Jou'S Gomamon, Mamoru Hosoda
Director & Episode Director",Mamoru Hosoda : Director & Episode Director
Kirara,,OVA  ,1.0,Ashi Productions,,"Comedy, Romance, Seinen, Ghosts, Supernatural, Time Travel, Based on a Manga, Nudity",3.06,2000.0,,"While heading towards her own wedding, Kirara Imai dies in a car accident. Deeply frustrated for being unable to accomplish her dreams beside Konpei Asai, she asks for the opportunity of being with him once again. Kirara is able to return, but she goes back eight years in time as a ghost. There she is able to meet Konpei and herself when they still weren't a couple.",Nudity,Kirara,,"Kirara Asai, Kirara Imai, Konpei Asai, Amy, Arthur Oshitaka, Konpei'S Father, Konpei'S Mother, Mita, Toshiki Yui
Original Creator, Kiyoshi Murayama
Director, Yasushi Murayama
Director, Shinya Takahashi
Character Design, Fumio Sasaki
Key Animator, Takaaki Fukuyo
Key Animator","Toshiki Yui : Original Creator, Kiyoshi Murayama : Director, Yasushi Murayama : Director, Shinya Takahashi : Character Design, Fumio Sasaki : Key Animator, Takaaki Fukuyo : Key Animator"
Hamtaro, Tottoko Hamtarou,TV   ,296.0,TMS Entertainment,Summer,"Adventure, Slice of Life, Animal Protagonists, Family Friendly, Hamsters, Non-Human Protagonists, Pets, Based on a Manga",3.03,2000.0,2006.0,"Laura is a typical fifth-grade girl with a not-so-typical pet: Hamtaro! Quirky and curious, Hamtaro quickly makes friends with his fellow ""neighbors"" after the duo moves to a new town, and a lifetime of adventures begins. Whether it's attending sports festivals, visiting museums in the search for the world’s largest seed or playing matchmaker, the Ham-Ham Friends will stop at nothing to have a good time. When the humans stray, the hamsters come out to play!",,The Adventures of Hamtaro,"Tottoko Hamtaro: Anime Dechu!, Hamtaro Movie 1: Ham Ham Land no Daibouken, Hamtaro OVA 1: Hamtaro's Birthday! 3000 Hammy Steps in Search of Mommy, Hamtaro Movie 2: Ham Ham Ham~Jya! Maboroshi no Princess, Hamtaro Movie 3: Ham Ham Gran Prix Aurora Tani no Kiseki: Ribbon-chan Kiki Ippatsu, Hamtaro OVA 2: Ham-Hams Ahoy!, Hamtaro Movie 4: Hamtaro to Fushigi no Oni no Emon Tou, Hamtaro OVA 3: Rainbow Rescue, Hamtaro OVA 4: Ham-Ham Games, Tottoko Hamtarou Hai!, Tottoko Hamtaro Dechu, Tottoko Hamtaro (2012)","Bijou : Kazusa Murai, Boss : Kentarou Itou, Cappy : Ai Uchikawa, Dexter : Chihiro Suzuki, Hamtaro : Kurumi Mamiya, Howdy : Yuu Sugimoto, Laura Haruna : Haruna Ikezawa, Maxwell : Takako Honda, Osamu Nabeshima
Director, Motoyoshi Iwasaki
Music, Junko Yamanaka
Character Design, Masatomo Sudou
Character Design, Noriko Kobayashi
Producer, Shinsaku Hatta
Producer, Yuoh Sekita
Producer, Sachiko Yoshida
Producer","Osamu Nabeshima : Director, Motoyoshi Iwasaki : Music, Junko Yamanaka : Character Design, Masatomo Sudou : Character Design, Noriko Kobayashi : Producer, Shinsaku Hatta : Producer, Yuoh Sekita : Producer, Sachiko Yoshida : Producer"
Boys Be...,,TV   ,13.0,Hal Film Maker,Spring,"Comedy, Drama, Romance, Shounen, School Life, Based on a Manga",3.01,2000.0,,"There is nothing more sad and pleasant than love in its various forms, and a group of high school students will discover them in this melancholy series. The focus is on Kanzaki Kyoichi, an artist and a dreamer at heart, and Nitta Chiharu, a track star and a childhood friend of Kyoichi's. From spring to summer to fall to winter, love will grow and fade, and grow again",,"Boys Be..., Boys Be... 2nd Season, Boys Be... L Co-op, Boys Be... Next Season, Girls Be..., Boys Be Ambitious! (Hiroyuki TAMAKOSHI)",,"Aki Mizutani : Yuri Shiratori, Chiharu Nitta : Kazusa Murai, Kyoichi Kanzaki : Kenichi Suzumura, Makoto Kurimizawa : Akira Ishida, Yoshihiko Kenjo :  Hideo Ishikawa, Yumi Kazama : Miki Nagasawa, Aya Kurihara : Misato Fukuen, Chiharu Reicha : Megumi Hayashibara, Masahiro Itabashi
Original Creator, Masami Shimoda
Director, Itsuko Takeda
Character Design, Katsunori Haruta
Producer, Kouhei Kawase
Producer, Shigeru Nishiyama
Editor, Hiroyuki Kawasaki
Screenplay","Masahiro Itabashi : Original Creator, Masami Shimoda : Director, Itsuko Takeda : Character Design, Katsunori Haruta : Producer, Kouhei Kawase : Producer, Shigeru Nishiyama : Editor, Hiroyuki Kawasaki : Screenplay"
Miami Guns,,TV   ,13.0,Group TAC,Winter,"Action, Comedy, Shounen, America, Police, Based on a Manga",3.01,2000.0,,"Welcome to the Miami Police department, a place where the afro is in style and trigger-happy policemen (and women) reside, including the borderline clinically insane Yao Sakurakouji! With a wealthy father who gives her money at the drop of a hat, there’s nothing stopping her from buying banks just to blow them up, and other destructive behaviors. Luckily, on the force she’s not alone due to her quiet introvert partner Lu Amano, who is everything Yao isn't. Together, this dysfunctional pair does their best in cleaning up the neighborhood from whatever might occur!",,Miami Guns,,"Lu Amano : Yukari Tamura, Yao Sakurakouji : Megumi Toyoguchi, Al : Yukari Tamura, Chief Amano : Mitsuru Ogata, Haruki Ishikawa : Norihisa Mori, Julio Peacemaker : Akira Ishida, Kaken Musume : Rie Tanaka, Kosuke Inaba : Hiroki Takahashi, Yoshitaka Koyama
Director, Kou Nakagawa
Music, Hiroaki Nakajima
Character Design, Hirofumi Morotomi
Producer, Sawako Yamamoto
Animation Director","Yoshitaka Koyama : Director, Kou Nakagawa : Music, Hiroaki Nakajima : Character Design, Hirofumi Morotomi : Producer, Sawako Yamamoto : Animation Director"
Phantom Hunter Miko, Reinou Tantei Miko: Phantom Hunter Miko,OVA  ,2.0,Shinkuukan,,"Comedy, Ecchi, Borderline H, Supernatural, Based on a Manga, Explicit Sex",3.01,2000.0,2001.0,"Jinguuji Miko and her male assistant Kanda Rokuro hunt phantoms together. The phantoms invade people's bodies and control them. Trained as a skilled Phantom Hunter, Miko must use exorcism to send the phantoms back to where ever they came from.",Explicit Sex,,,"Miko Jinguji : Yumi Takada, Rokuro Kanda : Kappei Yamaguchi, Azusa Ryougetsuin, Harumi : Hitomi Oikawa, Kayano, Keijin Hyakkendou : Takehiro Murozono, Mao, Juichi Iogi
Original Creator, Kazuhiro Furuhashi
Director, Masashi Kojima
Character Design","Juichi Iogi : Original Creator, Kazuhiro Furuhashi : Director, Masashi Kojima : Character Design"
Happy Bogeys,,Movie,,,,Non-Human Protagonists,3.0,2000.0,2014.0,No synopsis yet - check back soon!,,Tsuno-byou,,"Takashi Kurihara
Director",Takashi Kurihara : Director
Sci-fi Harry,,TV   ,20.0,A.P.P.P.,Fall ,"Drama, Horror, Seinen, America, Psychic Powers, Psychological, Superpowers, Based on a Manga",2.98,2000.0,2001.0,"Harry MacQuinn is a teenage loner. He's frightened of confrontation, is extremely awkward, is all but invisible at his school, and has no self-confidence; but there's one thing that makes him unique: Harry has telekinetic powers. After he haphazardly saves Catherine - a girl he has a crush on - from attackers, he unwittingly reveals his powers to her. And after his powers are seen on video, events unfold that bring to light an interest in Harry from a secretive organization, attention from the local police, and the most dangerous aspect of Harry's ability: every time he uses his powers, someone near him dies.",,"Sci-fi Harry, Sci-Fi HARRY the Comic",,"Catherine Chapman : Yui Horie, Chinori : Yukana, Harry Macquinn : Ryu Itou, John Mayfield : Susumu Chiba, Mike Stafford : Nobuo Tanaka, Dolf Liedman, Elliot Chapman : Saeko Chiba, Kate : Yoko Soumi, George Iida
Original Creator, Katsuyuki Kodera
Director, Yoshihiro Ike
Music, Shinya Takahashi
Character Design, Masaki Hinata
Animation Director, Takaaki Fukuyo
Key Animator","George Iida : Original Creator, Katsuyuki Kodera : Director, Yoshihiro Ike : Music, Shinya Takahashi : Character Design, Masaki Hinata : Animation Director, Takaaki Fukuyo : Key Animator"
Refrain Blue,,OVA  ,3.0,PP Project,,"Drama, Romance, Based on an Eroge, Based on a Visual Novel, Nudity",2.97,2000.0,,"Every summer, the students of Touyou School have their summer school in a beautiful location by the sea, and melancholy Matsunaga Yoshihiro is charged with their care. With a troubled past, Matsunaga seems to blend perfectly with the also troubled Morisawa Nao, a young girl with much sadness in her heart. With all the heartbreak, can these two finally find love again?",Nudity,,,"Norio Kashima
Director, Cue
Music, Mayumi Watanabe
Character Design, Saburou Oomiya
Producer, Akira Takeuchi
Key Animator","Norio Kashima : Director, Cue : Music, Mayumi Watanabe : Character Design, Saburou Oomiya : Producer, Akira Takeuchi : Key Animator"
Pokemon: Slowking's Day, Pokemon: Yadoking no Ichinichi,Other,,OLM,,"Fantasy, Family Friendly, Island, Monsters, Shorts, Based on a Video Game",2.97,2000.0,,"The regal Slowking awakens one calm morning on Shamouti Island, eager to face the day. There are plenty of things Slowking likes, including coconuts, taking walks, afternoon naps and sunsets – and today, he’ll experience them all!",,"Pokemon: The Electric Tale of Pikachu, Pokémon Adventures, Magical Pokemon Journey, Pokémon: Diamond and Pearl Adventure!, Pokemon Mystery Dungeon: Ginji's Rescue Team, Pokemon Ranger, Pokemon Ranger and the Temple of the Sea, Pokemon: The Rise of Darkrai, Pokemon Ranger Batonnage, Kaitou! Pokemon 7, Pokemon: Giratina & the Sky Warrior!, Pokemon ReBURST, Pokemon the Movie: White - Victini and Zekrom, Pokemon + Nobunaga no Yabou - Ranse Iroemaki, Pokémon: Diancie and the Cocoon of Destruction, Pokémon: Omega Ruby & Alpha Sapphire, Pokemon the Movie: Hoopa and the Clash of Ages, Pokemon the Movie XY&Z: Volcanion to Karakuri no Magiana, Pokemon Horizon: Sun & Moon, Pokémon: Sun & Moon, Pokémon the Movie: I Choose You!",Pokemon Movie 2: The Power of One,Slowking : Masatoshi Hamada,
Labyrinth of Flames, Honoo no Labyrinth,OVA  ,2.0,Studio Fantasia,,"Action, Comedy, Ecchi, Panty Shots, Royalty, Russia, Samurai, Slapstick, Swordplay, Original Work, Nudity,, Violence",2.95,2000.0,,"Galan is a failure of a samurai who is down on his luck, until one day, the unexpected happens: a princess of a foreign country presents him with a sword. To his delight, he accepts it, completely unaware of its past and its secrets. Shortly after, strange events begin to unfold, causing both humorous and ecchi situations for Galan to survive through, all the while protecting his mysterious sword full of secrets.","Nudity,, Violence",,,"Galan : Kouichi Toochika, Natsu Aoi : Yuki Masuda, Carrie White : Mami Kingetsu, Datenoshin Kagami : Susumu Chiba, Erola Suppaatoka, Kasumi : Yukari Tamura, Nastassja Nijinsky : Ruri Asano, Shigemitsu Aoi : Shozo Iizuka, Katsuhiko Nishijima
Director, Kouichi Fujino
Music, Noriyasu Yamauchi
Character Design, Yoshikazu Iwanami
Sound Director, Kiyoshi Sugiyama
Producer, Shigeo Kaneko
Producer","Katsuhiko Nishijima : Director, Kouichi Fujino : Music, Noriyasu Yamauchi : Character Design, Yoshikazu Iwanami : Sound Director, Kiyoshi Sugiyama : Producer, Shigeo Kaneko : Producer"
"Yami no Kioku, Yume no Inei",,Movie,,,,"Abstract, Shorts",2.95,2000.0,,No synopsis yet - check back soon!,,,,"Keiichi Tanaami
Director",Keiichi Tanaami : Director
Infinite Ryvius: Illusion, Mugen no Ryvius: Illusion,DVD S,,Sunrise,,"Comedy, Chibi, Original Work",2.91,2000.0,,No synopsis yet - check back soon!,,Infinite Ryvius,"Infinite Ryvius, Infinite Ryvius Light",,
Grandeek, Grandeek: The Alternative,OVA  ,1.0,Group TAC,,"Action, Adventure, Fantasy, Seinen, Magic, Swordplay, Based on a Manga",2.89,2000.0,,"The mysterious Isle of Marcleida is the destination for the brave young warrior Tia and her spirit sword ""Grandeek."" Planning to bring an end to the island's inexplicable murders, she needs to find the great sword ""Aihorn."" Home to a vengeful spirit, the blade possesses anyone who wields it. However, as the sword is still considered a great prize, Tia soon discovers she is not the only one in search of such power...",,Grandeek Reel,,"Grandeek : Ichiro Nagai, Luke Slayton : Masashi Ebara, Tia Olebriant : Yui Horie, Aihorn : Souichirou Hoshi, Massimo : Rokuro Naya, Yuri : Takumi Yamazaki, Yuri'S Fiancée, Lucia : Rie Tanaka, Kohime Ohse
Original Creator, Sou Toyama
Director, Taku Iwasaki
Music","Kohime Ohse : Original Creator, Sou Toyama : Director, Taku Iwasaki : Music"
Anon Sentai Ranger 5,,Web  ,1.0,Anon Pictures,,"Action, Parody, Sentai, Superheroes, Tokusatsu, CG Animation",2.89,2000.0,,No synopsis yet - check back soon!,,,,"Anon Blue, Anon Pink, Anon Red, Anon White, Anon Yellow, Chief",
The Laws of the Sun, Taiyou no Hou: El Cantare e no Michi,Movie,,Group TAC,,"Sci Fi, Aliens, Happy Science, Reincarnation, Religion",2.89,2000.0,,"Many eons ago, an alien named El Cantare and several other God-like beings arrived in our solar system and populated the planet Venus, creating the human race. Global warming forced the humans to emigrate to Earth, where the aliens assisted them in building advanced civilizations. When a corrupt king named Satan falls to Hell and begins leading souls astray, El Cantare descends to Earth and is reincarnated many times to guide people to the path of light. Reincarnated alongside him are a group of people who repeatedly witness his wisdom and miracles as he introduces religion to the lost continents of Mu and Atlantis, saves people from an alien cult in the ancient Incan Empire, and finally brings enlightenment to ancient India as Shakyamuni Buddha.",,,"Hermes: Winds of Love, The Golden Laws, The Laws of Eternity","El Cantare : Crispin Freeman, La Mu : Crispin Freeman, Rient Arl Croud : Crispin Freeman, Shakyamuni Buddha : Crispin Freeman, Thoth : Crispin Freeman, Achemene, Agun, Agun'S Mother, Takaaki Ishiyama
Director, Yoshiyuki Hane
Character Design","Takaaki Ishiyama : Director, Yoshiyuki Hane : Character Design"
A.LI.CE,,Movie,,,,"Sci Fi, CG Animation, Original Work",2.86,2000.0,,"Alice, the youngest person ever to be sent into space, is the only survivor when her flight crashes back to earth. Not only is she the only survivor, but she learns that she has been mysteriously catapulted 30 years to the future, where a mysterious dictator known as Nero rules the world with and iron fist and has sent his soldiers to capture, or kill her.",,,,"Alice Hayashi : Kaori Shimizu, Maria : Mariko Kouda, Yuan : Chihiro Suzuki, Casba : Urara Takano, Nero : Ryou Horikawa, Nicolai : Fumihiko Tachiki, Yumi : Yuuko Miyamura, Kenichi Maejima
Director, Akira Murata
Music, Katsuaki Takemoto
Producer","Kenichi Maejima : Director, Akira Murata : Music, Katsuaki Takemoto : Producer"
With You: Mitsumeteitai,,OVA  ,2.0,ARMS,,"Drama, Mystery, Romance, Supernatural, Based on a Visual Novel",2.86,2000.0,2001.0,"Six years have passed since Manami moved to Myanmar with her father, leaving her two best friends Masaki and Naori behind. Though love between Manami and Masaki once seemed probable, a newfound relationship with Naori has since blossomed. Now, in the present, Manami has returned, ready to pick up where things left off. Unfortunately, things become even more complicated when the jewel Manami brought back with her is found out to contain a vengeful spirit. Will love save the day?",,,,"Amato Michiru : Maria Saetsuki, Cyamna Fon : Minami Nagasaki, Gotouda Keiji : Nobuo Tobita, Hikawa Naori : Miki Narahashi, Itou Masaki : Kouichi Nagano, Itou Noemi : Kaori Fujisaki, Leon Lowell : Koji Tobe, Naruse Manami : Hitomi Oikawa, Shigenori Kageyama
Director & Storyboard, Osamu Koshinaka
Producer","Shigenori Kageyama : Director & Storyboard, Osamu Koshinaka : Producer"
Popee the Performer,,TV   ,39.0,Winter 2000,,"Comedy, Circus, Dark Comedy, Episodic, No Dialogue, Short Episodes, Slapstick, CG Animation, Animal Abuse,, Mature Themes,, Physical Abuse,, Violence",2.85,2000.0,2001.0,"Meet Popee and Kedamono, two very abnormal circus performers that live a very eventful life. Whether they're performing dangerous stunts, dodging alien abductions or being taken over by a body-possessing frog, there's never a dull moment at the circus. Alongside the flamboyant Papi and a special elephant car, Kedamono and Popee will traverse an endless desert in search for an oasis, stab each other with knives for target practice and even blow each other up with bombs – but for poor Kedamono, surviving Popee's homicidal spurts will be difficult to say the least...","Animal Abuse,, Mature Themes,, Physical Abuse,, Violence",Popee the Performer,Popee the Performer: Countdown Special,"Kedamono, Papi, Popee, Alien, Elephant Car, Frog, Ryuji Masuda
Director",Ryuji Masuda : Director
Space Travelers,,Movie,,Robot,,"Sci Fi, Mercenaries, Outer Space, Based on a Movie",2.81,2000.0,,"In the year S.A. 038, the ORS (the Orbital Ring System) invaded and conquered the world as we know it. These unknown assailants crippled the Earth, destroyed the United Cosmic Fleet of planets, and cut off the colonies from the home planet, all in only three days! The only people brave enough to bypass the ORS' security are those who act as mercenaries, traveling between the Earth and colonies with information and goods -- for a profit, of course! For Jet and his crew, their most important mission is suddenly at hand -- but can they survive long enough to save the day?",,,,"Jetter : Shinichirou Miki, Hoi : Shigeru Chiba, Papilion : Kotono Mitsuishi, Katsuyuki Motohiro
Original Concept, Takashi Ui
Director, Toshiyuki Watanabe
Music, Mitsuru Bakuto
Character Design, Kenichiro Zaizen
Producer, Hirotsugu Usui
Producer, Toru Horibe
Producer","Katsuyuki Motohiro : Original Concept, Takashi Ui : Director, Toshiyuki Watanabe : Music, Mitsuru Bakuto : Character Design, Kenichiro Zaizen : Producer, Hirotsugu Usui : Producer, Toru Horibe : Producer"
The Super Milk-chan Show, Oh! Super Milk-chan,TV   ,12.0,Winter 2000,,"Comedy, Crude, Episodic, Original Work",2.71,2000.0,,"She's rude, crude, and is barely out of diapers: she's Super Milk-chan! Along with Hakage the quiet and philosophical slug and a well-meaning space case of a robot named Tetsuko, Milk-chan spends her days trying to figure out how to earn money, fending off her landlord, or entertaining calls from the President himself. Whether it's tracking down counterfeiters, playing doctor to undersea creatures or learning about a smart bomb that will destroy everyone in sight, Milk-chan and her friends always have a fun and selfish new adventure in front of them!",,,Super Milk-chan,"Hanage : Brad Pyutt, Milk-Chan : Haruka Nakamura, Tetsuko : Ryouka Yuzuki, President : Choo, Dr. Eyepatch, Robodog No. 1, The Landlord, Hideyuki Tanaka
Director, Moku
Music, Takahiro Yoshimatsu
Character Design, Yoshikazu Iwanami
Sound Director, Kazuaki Morijiri
Producer, Reiko Fukakusa
Producer, Kazumasa Watanabe
Producer, Masamitsu Morijiri
Producer","Hideyuki Tanaka : Director, Moku : Music, Takahiro Yoshimatsu : Character Design, Yoshikazu Iwanami : Sound Director, Kazuaki Morijiri : Producer, Reiko Fukakusa : Producer, Kazumasa Watanabe : Producer, Masamitsu Morijiri : Producer"
Sin: The Movie,,Movie,,Phoenix Entertainment,,"Action, Sci Fi, Based on a Video Game, Explicit Violence",2.61,2000.0,,"In the dystopic city of Freeport, a strike force known as HARDCORPS, led by John Blade, puts a stop to endless crime. However, recently a number of mutants have been witnessed across the globe, tearing down anyone who stands in their way; and SinTEK, led by the vengeful Elexis Sinclaire, seems to be connected. In the midst of the bloodshed, Blade must discover the truth behind SinTEK's sinister plan, and save a mysterious girl named Elyse in the process...",Explicit Violence,,,"John Blade : Kouji Ishii, Elexis Sinclaire : Kaori Yamagata, Jennifer Christina Armack : Kikuko Inoue, Kait Palmer :  Masako Katsuki, Vincenzo Mancini : Akio Ootsuka, Ceral Sinclaire, Charlie Blade, Daniel Greenwall : Tamio Ohki, Yasunori Urata
Director, Masamichi Amano
Music, Hidetoshi Oomori
Character Design","Yasunori Urata : Director, Masamichi Amano : Music, Hidetoshi Oomori : Character Design"
m-flo: Quantum Leap,,Music,,Production I.G,,,2.61,2000.0,,No synopsis yet - check back soon!,,,,"Kanji Wakabayashi
Director & Character Design, M-Flo
Music","Kanji Wakabayashi : Director & Character Design, M-Flo : Music"
Resident Evil 4D Executor, Biohazard 4D Executer,Other,,VSL,,"Action, Horror, Sci Fi, Zombies, Based on a Video Game, CG Animation, Explicit Violence",2.61,2000.0,,"The story centers on the mission of a military squad sent to the zombie-infested Raccoon City to locate the whereabouts of Dr. Cameron, a female scientist conducting research on a new type of virus.",Explicit Violence,"Resident Evil: The Umbrella Chronicles - Houkai e no Jokyoku, Resident Evil: The Marhawa Desire, Resident Evil - Heavenly Island","Resident Evil 4: Incubate, Resident Evil: Degeneration, Resident Evil: Damnation, Resident Evil: Vendetta, Resident Evil: Infinite Darkness","Ed : Hideto Erihara, Klaus : Masaki Aizawa, Norman : Yoshiyuki Kaneko, Roger : Hiroto Torihata, Cameron : Yurika Hino, Robert : Tadasuke Oumizu, Kouichi Oohata
Director, Yoshihiro Ike
Music, Kenji Yoshida
Producer","Kouichi Oohata : Director, Yoshihiro Ike : Music, Kenji Yoshida : Producer"
First Kiss Story, First Kiss Monogatari,OVA  ,1.0,ARMS,,"Drama, Romance, Based on a Visual Novel",2.55,2000.0,,"Kana and Yoshihiko are as in love as anyone can be… but they seem to start slowly drifting away from each other when Yoshihiko starts at a college away from town. Seeing so little of her soulmate, Kana becomes more and more perplexed. What's worse, a new teacher by the name of Shogo is not only assigned to her class, but is taken in by Kana's family. Living with him under the same roof, Kana's troubles are now really starting to escalate…",,,,"Kana Orikura : Natsumi Yanase, Manami Orikura : Kaori Mizuhashi, Shougo Hayakawa : Toshiyuki Morikawa, Yayoi Orikura :  Miho Yamada, Yoshihiko Mizusawa : Atsushi Kisaichi, Ayaka : Marina Ono, Yukiko : Ayumi Furuyama, Kan Fukumoto
Director, Tatsuo Ryuuno
Character Design, Hiroki Mizugami
Character Design, Osamu Koshinaka
Producer, Masanobu Sumitomo
Producer, Akira Takeuchi
Key Animator","Kan Fukumoto : Director, Tatsuo Ryuuno : Character Design, Hiroki Mizugami : Character Design, Osamu Koshinaka : Producer, Masanobu Sumitomo : Producer, Akira Takeuchi : Key Animator"
Wheels,,Movie,,,,Shorts,2.54,2000.0,,No synopsis yet - check back soon!,,,,"Kazuhiro Hocchi
Director",Kazuhiro Hocchi : Director
Devadasy, Sousei Seiki Devadasy,OVA  ,3.0,Studio Gazelle,,"Action, Ecchi, Mecha, Sci Fi, Aliens, Based on a Video Game",2.44,2000.0,2001.0,"20 years ago a mecha called Devadasy was discovered in Tibet, and the organization Spirits was created to study and repair it. In the present day, an alien invasion has begun and Spirits is now an organization that uses Devadasy to combat this threat. Two friends, Kei and Naoki, join Spirits to help save mankind and become Devadasy's pilots - but what secrets is Spirits hiding about the Devadasy, fellow pilot Amala, and most importantly, Kei himself?",,,,"Kei Anno : Kenichi Suzumura, Amara Minakushi : Kotono Mitsuishi, Misako Takashina : Yumiko Yamaguchi, Naoki Matsudo : Ryoko Nagata, Yamada : Tooru Ookawa, Nobuhiro Kondou
Director, Masako Gotou
Character Design, Shigemi Ikeda
Art Director, Kinya Watanabe
Producer, Hiroaki Inoue
Producer, Ikuo Satou
Producer","Nobuhiro Kondou : Director, Masako Gotou : Character Design, Shigemi Ikeda : Art Director, Kinya Watanabe : Producer, Hiroaki Inoue : Producer, Ikuo Satou : Producer"
Battle Angel Alita 3D Special, Gunnm 3D Special,OVA  ,1.0,anima,,"Action, Seinen, Cyborgs, Racing, Robots, Shorts, Based on a Manga, Violence",2.41,2000.0,,No synopsis yet - check back soon!,Violence,"Battle Angel Alita, Ashen Victor, Battle Angel Alita: Holy Night and Other Stories, Battle Angel Alita: Last Order, Battle Angel Alita: Mars Chronicle",Battle Angel Alita,Gally,
Noisy Birth,,Music,,Studio Rikka,,Abstract,2.2,2000.0,,"Lone sperm swim in darkness, red-eyes glare knowingly and a person hangs themselves in the distance. Rushing amidst a forest or down an alleyway, a noisy birth of action ensues in a bleak landscape.",,,,"Yasuhiro Yoshiura
Director",Yasuhiro Yoshiura : Director
Nami,,Movie,,,,"Abstract, Shorts, Stop Motion Animation, Explicit Sex",1.19,2000.0,,No synopsis yet - check back soon!,Explicit Sex,,,"Kei Oyama
Director",Kei Oyama : Director
ROBOTTING,,Movie,,,,"Action, No Dialogue, Non-Human Protagonists, Robots, Shorts",,2000.0,,No synopsis yet - check back soon!,,,,"Kunio Kato
Director, Takashi Kurihara
Director","Kunio Kato : Director, Takashi Kurihara : Director"
Ichimai no Etegami,,OVA  ,1.0,,,"Educational, Family Friendly",,2000.0,,No synopsis yet - check back soon!,,,,,
WIND,,Movie,,,,"Abstract, No Dialogue, Shorts",,2000.0,,"Beginning with a pinhole camera photograph by Yasu Suzuka, an intricate abstract animation develops in the pitch-dark.",,,,"Nobuhiro Aihara
Director",Nobuhiro Aihara : Director
Marin to Yamato: Fushigi na Nichiyoubi,,OVA  ,1.0,,,"Fantasy, Family Friendly",,2000.0,,No synopsis yet - check back soon!,,,,"Marin, Yamato, Ryou Yasumura
Director",Ryou Yasumura : Director
Yonimo Osoroshii Nihon Mukashibanashi,,OVA  ,3.0,,,"Horror, Psychological",,2000.0,,"The horrible truths behind Japanese Fairy Tales from the ancient times are finally revealed! This title includes three episodes: “The Monkey and the Crab”, “Click-Crack Mountain” and “Urashima and the Kingdom beneath the Sea”.",,,,,
Chibi Maruko-chan: Jishin wo Kangaeru,,OVA  ,1.0,,,"Shoujo, Educational, Family Friendly, Based on a Manga",,2000.0,,No synopsis yet - check back soon!,,Chibi Maruko-chan,"Chibi Maruko-chan, Chibi Maruko-chan: Watashi no Suki na Uta",Momoko Sakura : Tarako Isono,
Auto Mommy,,Movie,,,,"Shorts, Stop Motion Animation",,2000.0,,No synopsis yet - check back soon!,,,,"Hideto Nakata
Director",Hideto Nakata : Director
Sore Ike! Anpanman: Kieta Jam Ojisan,,TV Sp,,,,"Adventure, Fantasy",,2000.0,,No synopsis yet - check back soon!,,,"Sore Ike! Anpanman, Sore Ike! Anpanman: Omusubiman","Takashi Yanase
Original Creator",Takashi Yanase : Original Creator
Okore!! Nonkuro,,OVA  ,1.0,,,"Aliens, Dogs, Family Friendly",,2000.0,,No synopsis yet - check back soon!,,,,Nonkuro,
Suteki! Sakura Mama,,TV   ,18.0,Eiken,,Short Episodes,,2000.0,2001.0,No synopsis yet - check back soon!,,,,"Sakura Haruno : Eri Saito, Daiki Haruno : Rokuro Naya, Haruka Haruno : Yuri Tabata, Mika Haruno : Ema Kogure, Yoh Haruno : Makoto Aoki, Norio Yazawa
Director & Character Design",Norio Yazawa : Director & Character Design
Amigo Tomodachi,,OVA  ,1.0,,,"Drama, Slice of Life, Educational, Family Friendly",,2000.0,,No synopsis yet - check back soon!,,,,,
Let's Star Watching,,Movie,,,,Shorts,,2000.0,,No synopsis yet - check back soon!,,,,,
SMAP 2000 Concert Anime,,Other,,,,"Action, Sci Fi",,2000.0,,No synopsis yet - check back soon!,,,,"Takeshi Koike
Director",Takeshi Koike : Director
Rubi Yoyo, Rubi,TV   ,52.0,,,"Chinese Animation, Family Friendly, Short Episodes",,2000.0,,No synopsis yet - check back soon!,,,Rubi Yoyo 2,,
Taekwon-wang Gang Taepung,,TV   ,26.0,,,"Action, Korean Animation, Martial Arts, School Club, School Life",,2000.0,,"The story is centered around a stubborn boy called Kang Tae-poong who sometimes gets in trouble with other people. After getting knocked out by another boy of his age who does Taekwondo, Tae-poong decides to do Taekwondo himself. Together with a few fellow students and a teacher, he forms a Taekwondo club.",,,,Tae-Poong Kang,
Lan Pi Shu Yu Da Lian Mao 2nd Season,,TV   ,39.0,,,"Animal Protagonists, Anthropomorphic, Cats, Chinese Animation, Non-Human Protagonists",,2000.0,2001.0,The second season of Lan Pi Shu Yu Da Lian Mao.,,,Lan Pi Shu Yu Da Lian Mao,,
Sui Tang Yingxiong Chuan,,TV   ,52.0,,,"Fantasy, Chinese Animation",,2000.0,,No synopsis yet - check back soon!,,,,,
Boriwa Jjagu, Bori & Jjagu,Movie,,,,"Family Friendly, Korean Animation",,2000.0,,No synopsis yet - check back soon!,,,,,
Mr. Digital Tokoro, Digital Tokoro-san,TV   ,245.0,POLYGON PICTURES,,"Comedy, Short Episodes, CG Animation, Original Work",,2000.0,2001.0,"Multitalented musician, actor, and emcee George Tokoro stars as a CG version of himself in this comedic series. Tune in as he explores Digital Tokoro World along with his faithful dog Indy and feline friend TV. Every episode of this CG series brings tears, laughter, and lots of action.",,,Aruite Mikka!,,
Clover 4/3,,Web  ,24.0,Studio Kaab,,"Drama, Korean Animation, School Life",,2000.0,,"We follow the lives and turmoils of seven outcasted 17 year olds and you--the protagonist. Between the aches of being a girl who's younger than her body looks or a boy who'd rather get into fist fights than give handshakes, we found a piece of ourselves within the outcasted teens that's abnormal. Like a four leaf clover. Which are said to bring luck even though it is a mutant in the sea of three leaves. And so the curtain rises to glimpse at these four leaf Clovers--4 boys and 3 girls.",,,,,
Tatsunoko Fight OP,,Other,,Tatsunoko Production,,"Opening Animation, Promotional",,2000.0,,The opening animation for the video game Tatsunoko Fight.,,,,"Casshern, Johji Minami, Ken Washio, Takeshi Yoroi, Volter, Astral Chameleon, Berg Katse, Braiking Boss, Akiyuki Simbo
Director & Episode Director & Storyboard",Akiyuki Simbo : Director & Episode Director & Storyboard
Feifei De Hangye,,TV   ,26.0,,,"Animal Protagonists, Anthropomorphic, Chinese Animation, Family Friendly, Short Episodes",,2000.0,,No synopsis yet - check back soon!,,,,,
Nostalgia, Suiren no Hito,Movie,,,,"Drama, No Dialogue, Shorts, Stop Motion Animation",,2000.0,,"In Murata’s award-winning thesis work, which mourns the loss of a loved one, an elderly man’s daily routine is interrupted by a rediscovered fragment of a precious memory.",,,,"Tomoyasu Murata
Director",Tomoyasu Murata : Director
