Name,Japanese_name,Type,Episodes,Studio,Release_season,Tags,Rating,Release_year,End_year,Description,Content_Warning,Related_Mange,Related_anime,Voice_actors,staff
Code Geass: Lelouch of the Rebellion R2, Code Geass: Hangyaku no Lelouch R2,TV   ,25.0,Sunrise,Spring,"Mecha, Sci Fi, Conspiracy, Mind Games, Overpowered Main Characters, Political, Psychological, Real Robot, Rebellions, Rivalries, Royalty, Secret Identity, Superpowers, Terrorism, Original Work",4.47,2008.0,,"'Area 11 is still under Britannian rule and the Elevens remain brutally oppressed; what’s more, their saviour, Zero, is nowhere to be found and all of Britannia believes the rebellion is finally over. Elsewhere, having lost the battle, Lelouch sets his sights upon winning the war – but the task is no easier since the Britannian forces have learned some valuable lessons all of their own. Not only have they discovered his identity and captured many of his Black Knights, but they now manipulate the memories of all of his friends. Worst of all, they have taken the most precious thing in his life – his dear sister, Nunnally. With his hatred for the Britannians stronger than ever before, Lelouch must now recuperate his forces and bring their rule of terror to an end.'",,"Code Geass: Lelouch of the Rebellion, Code Geass: Suzaku of the Counterattack, Code Geass: Nightmare of Nunnally, Code Geass: Lelouch of the Rebellion - Knight: Official Comic Anthology - For Girls, Code Geass: Lelouch of the Rebellion - Queen: Official Comic Anthology - For Boys, Code Geass: Lelouch of the Rebellion (Light Novel), Code Geass: Lelouch of the Rebellion - Ake no Kiseki (Light Novel), Code Geass: Tales of an Alternate Shogunate, Code Geass: Lelouch of the Rebellion R2 (Light Novel), Code Geass: Lelouch of the Rebellion R2 - Knights of the Round (Light Novel), Code Geass: Shikkoku no Renya, Barcode Geass: Hanbai no Lelouch, Code Geass: Soubou no Oz, Code Geass: Boukoku no Akito (Light Novel), Kateikyoushi no Lelouch-san","Code Geass: Lelouch of the Rebellion, Code Geass: Lelouch of the Rebellion Recaps, Code Geass: Lelouch of the Rebellion Picture Drama, Code Geass: Lelouch of the Rebellion Special Edition - Black Rebellion, Code Geass: Lelouch of the Rebellion R2 Picture Drama, Code Geass: Lelouch of the Rebellion R2 Flash Specials, Code Geass: Lelouch of the Rebellion R2 Special Edition - Zero Requiem, Code Geass: Lelouch of the Rebellion - Kiseki no Birthday Picture Drama, Code Geass: Akito the Exiled, Code Geass: Nunnally in Wonderland, Code Geass Gaiden: Boukoku no Akito Picture Drama","C.C. : Yukana, Kallen Stadtfeld : Ami Koshimizu, Lelouch Lamperouge : Jun Fukuyama, Suzaku Kururugi : Takahiro Sakurai, Anya Alstreim : Yuuko Gotou, Cecile Croomy : Kikuko Inoue, Charles Zi Britannia : Norio Wakamoto, Cornelia Li Britannia : Junko Minagawa, Gorou Taniguchi
Director & Original Creator & Storyboard, Clamp
Original Character Design, Kotaro Nakagawa
Music, Hitomi Kuroishi
Music, Takahiro Kimura
Character Design, Takao Minegishi
Producer, Hirofumi Morotomi
Producer, Jun Yukawa
Producer","Gorou Taniguchi : Director & Original Creator & Storyboard, Clamp : Original Character Design, Kotaro Nakagawa : Music, Hitomi Kuroishi : Music, Takahiro Kimura : Character Design, Takao Minegishi : Producer, Hirofumi Morotomi : Producer, Jun Yukawa : Producer"
Clannad After Story,,TV   ,24.0,Kyoto Animation,Fall ,"Drama, Romance, Adult Couples, Coming of Age, Family Life, Illness, Based on a Visual Novel, Drug Use,, Mature Themes",4.44,2008.0,2009.0,"""Summer break is now over; the second semester has started for Tomoya, Nagisa and the others, and little has changed. Since Tomoya's\xa0relationship with his father is still troubled, he continues to live with Nagisa and her family, even if it means getting roped into organizing a baseball team for the family bakery. Life at school continues as normal with Sunohara as carefree as ever; however, when his sister Mei voices her concerns about him, the series of events that follow place a strain on Sunohara and Tomoya’s friendship. Whether it's saving a person from themselves or passing on a message from the past, one thing’s for sure: no matter how tough things get, good friends will always be there to help out.""","Drug Use,, Mature Themes","Clannad: 4-Koma Manga Gekijou, Clannad, Tomoyo After: Dear Shining Memories, Clannad: Tomoyo Dearest","Clannad Movie, Clannad, Clannad: Another World, Tomoyo Chapter, Clannad: Another World, Kyou Chapter","Nagisa Furukawa : Mai Nakahara, Tomoya Okazaki : Yuuichi Nakamura, Akio Furukawa : Ryotaro Okiayu, Girl : Tomoko Kawakami, Kotomi Ichinose : Mamiko Noto, Kyou Fujibayashi : Ryou Hirohashi, Mei Sunohara : Yukari Tamura, Misae Sagara : Satsuki Yukino, Tatsuya Ishihara
Director, Magome Togoshi
Music, Shinji Orito
Music, Jun Maeda
Music & Song Composition & Song Lyrics, Kazumi Ikeda
Character Design, Yoshihisa Nakayama
Producer, Shinichi Nakamura
Producer, Naohiro Futono
Producer","Tatsuya Ishihara : Director, Magome Togoshi : Music, Shinji Orito : Music, Jun Maeda : Music & Song Composition & Song Lyrics, Kazumi Ikeda : Character Design, Yoshihisa Nakayama : Producer, Shinichi Nakamura : Producer, Naohiro Futono : Producer"
The Garden of Sinners Movie 5: Paradox Paradigm, Kara no Kyoukai Movie 5: Mujun Rasen,Movie,,ufotable,,"Drama, Mystery, Overpowered Main Characters, Supernatural, Based on a Light Novel, Explicit Violence,, Mature Themes,, Physical Abuse,, Domestic Abuse",4.3,2008.0,,"'In November 1998, a double homicide occurs at the newly constructed Ogawa apartment complex. Shiki meets a boy named\xa0Tomoe Enjou, a runaway who claims to be the murderer, and lets him use her apartment as his hideout. From that day onward, their strange cohabitation begins. Coincidentally, Mikiya Kokutou is investigating a tip regarding the murder at that unique apartment complex...'","Explicit Violence,, Mature Themes,, Physical Abuse,, Domestic Abuse","The Garden of Sinners (Light Novel), Kara no Kyoukai: The Garden of Sinners, The Garden of Sinners: Recalled Out Summer (Light Novel), The Garden of Sinners: Shuumatsu Rokuon/The Garden of Oblivion (Light Novel)","Lunar Legend Tsukihime, The Garden of Sinners Movie 1: Thanatos. (Overlooking View), Kara no Kyoukai: Cinema Intros, The Garden of Sinners Movie 2: ...And Nothing Heart. (Murder Speculation Part A), The Garden of Sinners Movie 3: Ever Cry, Never Life. (Remaining Sense of Pain), The Garden of Sinners Movie 4: Garan-no-Dou. (The Hollow Shrine), The Garden of Sinners Movie 6: Fairy Tale. (Oblivion Recording), The Garden of Sinners Remix: Gate of Seventh Heaven, The Garden of Sinners Movie 7: ......Not Nothing Heart. (Murder Speculation Part B), The Garden of Sinners: Epilogue, The Garden of Sinners: Recalled Out Summer, The Garden of Sinners: Recalled Out Summer - Extra Chorus","Mikiya Kokutou : Kenichi Suzumura, Shiki Ryougi : Maaya Sakamoto, Tomoe Enjou : Tetsuya Kakihara, Touko Aozaki : Takako Honda, Cornelius Alba : Kouji Yusa, Souren Araya : Jouji Nakata, Akitaka Suzurugi, Azaka Kokutou : Ayumi Fujimura, Kinoko Nasu
Original Creator, Takashi Takeuchi
Original Character Design, Takayuki Hirao
Director & Storyboard, Takuro Takahashi
Animation Director & Assistant Director & Character Design, Yuki Kajiura
Music & Song Arrangement & Song Composition & Song Lyrics, Tomonori Sudou
Animation Director & Character Design, Seiji Matsuda
Photography Director, Yuuichi Terao
Photography Director","Kinoko Nasu : Original Creator, Takashi Takeuchi : Original Character Design, Takayuki Hirao : Director & Storyboard, Takuro Takahashi : Animation Director & Assistant Director & Character Design, Yuki Kajiura : Music & Song Arrangement & Song Composition & Song Lyrics, Tomonori Sudou : Animation Director & Character Design, Seiji Matsuda : Photography Director, Yuuichi Terao : Photography Director"
Major Season 4,,TV   ,26.0,Synergy SP,Winter,"Drama, Shounen, Sports, Baseball, Based on a Manga",4.2,2008.0,,"'Goro’s sporting adventures continue, only this time he is in the land where baseball was born – America! Not only are his opponents bigger, tougher, and more determined than ever before, but even his teammates are ultimately competitors in the grueling race for the Major Leagues. Add to that the culture shock and language barriers and it is clear he has his work cut out for him. Still, Goro has never been closer to his dream of the Major Leagues and, as far as he is concerned, the bigger the challenge, the sweeter the victory!'",,"Major, Major 2nd","Major Season 1, Major Season 2, Major Season 3, Major Movie: Yuujou no Winning Shot, Major Season 5, Major Season 6, Major: Message, Major: World Series, Major 2nd","Goro Honda : Showtaro Morikubo, Alice Jinnai : Atsuko Enomoto, Andou : Takao Ishii, Daisuke Komori : Kouki Miyata, Jeff Keene : Toshiyuki Morikawa, Joe Gibson Jr. : Daisuke Namikawa, Kaoru Shimizu : Yuko Sasamoto, Momoko Hoshino : Junko Noda, Takuya Mitsuda
Original Creator, Riku Fukushima
Director, Noriyuki Asakura
Music, Kenichi Oonuki
Character Design, Naohiko Furuichi
Producer","Takuya Mitsuda : Original Creator, Riku Fukushima : Director, Noriyuki Asakura : Music, Kenichi Oonuki : Character Design, Naohiko Furuichi : Producer"
One Outs,,TV   ,25.0,MADHOUSE,Fall ,"Seinen, Sports, Baseball, High Stakes Games, Overpowered Main Characters, Psychological, Based on a Manga",4.2,2008.0,2009.0,"""Kojima is a baseball legend. As the superstar cleanup hitter for the Lycaons, he won himself many awards including rookie of the year seven times; but there's one title he never acquired: champion. In an attempt to find that special something Kojima feels he's missing inside, he opens a training camp in Okinawa. There, through a series of events, Kojima is introduced to a high stakes game dominated by the talented Toua Tokuchi, and subsequently loses a fortune. However, Kojima finally defeats Toua and due to their agreement, he enlists him to join the now poorly-ranked Lycaons - but Toua demands a high price: instead of a salary, he will receive five million yen for each out, and lose fifty million yen for each point lost. With a bad attitude and prodigal skills, Toua will help transform the Lycaons into winners once more.""",,One Outs,,"Hiromichi Kojima : Tsutomu Isobe, Toua Tokuchi : Masato Hagiwara, Dennis Johnson : Taiten Kusunoki, Itsuki Takami : Masaya Matsukaze, Katsurou Shirooka : Shinji Ogawa, Kenichi Imai : Tooru Nara, Mitsuo Oikawa : Toshio Furukawa, Satoshi Ideguchi : Kappei Yamaguchi, Shinobu Kaitani
Original Creator, Yuuzou Satou
Director, Akihiko Matsumoto
Music, Masaki Hinata
Animation Director & Character Design & Chief Animation Director, Takahiro Umehara
Character Design, Manabu Tamura
Producer, Toshio Nakatani
Producer, Masahiro Hosoda
Episode Director & Storyboard","Shinobu Kaitani : Original Creator, Yuuzou Satou : Director, Akihiko Matsumoto : Music, Masaki Hinata : Animation Director & Character Design & Chief Animation Director, Takahiro Umehara : Character Design, Manabu Tamura : Producer, Toshio Nakatani : Producer, Masahiro Hosoda : Episode Director & Storyboard"
Skip Beat!,,TV   ,25.0,Hal Film Maker,Fall ,"Comedy, Romance, Shoujo, Acting, Idols, Showbiz, Work Life, Based on a Manga",4.19,2008.0,2009.0,"""Kyoko moves to the big city with the prince of her dreams Shotaro; he wants to make it big in the entertainment business, so she works hard at many different jobs to support him as he achieves his dream. However, one day, Kyoko accidentally discovers the horrible truth: the love of her life thinks of her as a 'plain and boring woman!' Outraged, Kyoko swears revenge – she will make it even bigger than Shotaro in the entertainment world. The only question is, how will she fulfill her desire?""",,Skip Beat!,,"Kyoko Mogami : Marina Inoue, Ren Tsuruga : Katsuyuki Konishi, Shou Fuwa : Mamoru Miyano, Kanae Kotonami : Risa Hayamizu, Lory Takarada : Kouji Ishii, Takenori Sawara : Kenji Hamada, Yukihito Yashiro : Masahito Kawanago, Erika Kouenji : Atsuko Enomoto, Yoshiki Nakamura
Original Creator, Kiyoko Sayama
Director, Mayori Sekijima
Screenplay & Series Composition, Akifumi Tada
Music, Tetsuya Kumagai
Character Design, Shinji Horikiri
Producer, Hiroto Kumegai
Producer, Kousuke Suzuki
Producer","Yoshiki Nakamura : Original Creator, Kiyoko Sayama : Director, Mayori Sekijima : Screenplay & Series Composition, Akifumi Tada : Music, Tetsuya Kumagai : Character Design, Shinji Horikiri : Producer, Hiroto Kumegai : Producer, Kousuke Suzuki : Producer"
Mobile Suit Gundam 00 Second Season, Kidou Senshi Gundam 00 Second Season,TV   ,25.0,Sunrise,Fall ,"Action, Mecha, Sci Fi, Political, Real Robot, Rebellions, Original Work",4.19,2008.0,2009.0,"""Four years after Celestial Being's disastrous showdown with the Earth military, most of humanity is united under a single government: the Earth Sphere Federation. A-LAWS, an autonomous task force established in the name of preserving peace and security, is in reality responsible for the brutal and oppressive enforcement of the Federation government's will. The remnants of Celestial Being notice that the world is no better off in the wake of their actions four years ago, and in fact is largely worse. Feeling the need to take responsibility for their past actions and set things right, Setsuna and the rest of Celestial Being begin re-organizing, preparing to intervene in world affairs once again.""",,"Mobile Suit Gundam: Awakening, Escalation, Confrontation (Light Novel), Mobile Suit Gundam ZZ, Mobile Suit Gundam: The Revival of Zeon, Mobile Suit Gundam: New Revival of Zeon, Mobile Suit Gundam: Hathaway's Flash (Light Novel), Record of MS War: Mobile Suit Gundam Abridged, Mobile Suit Gundam: Silhouette Formula 91, Mobile Suit Gundam: The Origin, Mobile Suit Gundam: The Anthology, Mobile Suit Gundam Climax U.C., Mobile Suit Gundam 00, Mobile Suit Gundam 00 2nd Season, Mobile Suit Gundam AGE, Mobile Suit Gundam: MSV-R - Fabulous Shin Matsunaga, Mobile Suit Gundam: Hunter of Black Clothes, Mobile Suit Gundam 0083: Rebellion, Mobile Suit Gundam: Char's Counterattack - Beltorchika's Children, Mobile Suit Moon Gundam","Mobile Suit Zeta Gundam, Mobile Suit Gundam ZZ, Mobile Suit SD Gundam Mk I, Mobile Suit Gundam: Char's Counterattack, All That Gundam, Mobile Suit Gundam 0080: War in the Pocket, Mobile Suit SD Gundam no Gyakushuu: Arashi wo Yobu Gakuensai, Mobile Suit Gundam F91, Mobile Suit Gundam 0083: Stardust Memory, Mobile Suit Gundam 0083: Stardust Memory - The Mayfly of Space, Mobile Suit Gundam 0083: The Afterglow of Zeon, Mobile Suit Victory Gundam, Mobile Fighter G Gundam, Mobile Suit Gundam Wing, Mobile Suit Gundam: The 08th MS Team, After War Gundam X, Mobile Suit Gundam Wing: Endless Waltz, Mobile Suit Gundam Wing: Endless Waltz Movie, Gundam: Mission To The Rise, Turn A Gundam, Mobile Suit Gundam Evolve, Mobile Suit Gundam MS IGLOO: The Hidden One Year War, Mobile Suit Gundam SEED: After Phase: In the Valley of Stars, Mobile Suit Gundam SEED Destiny, Mobile Suit Gundam MS IGLOO: Apocalypse 0079, Mobile Suit Gundam 00, Mobile Suit Gundam MS IGLOO 2: Juuryoku Sensen, Mobile Suit Gundam 00: Tenshitachi no Kiseki, Mobile Suit Gundam 00 Special Edition I: Celestial Being, Mobile Suit Gundam 00 Special Edition II: End of World, 30th Gundam Perfect Mission, Mobile Suit Gundam ZZ: Gundam Frag., Ring of Gundam, Mobile Suit Gundam 00 Special Edition III: Return the World, Mokei Senshi Gunpla Builders Beginning G, Chou Denei-ban SD Gundam Sangokuden Brave Battle Warriors, Mobile Suit Gundam Unicorn, Mobile Suit Gundam 00 The Movie: A Wakening of the Trailblazer, Mobile Suit Gundam AGE, Mobile Suit Gundam AGE: Memory of Eden, Collection of Key Animation Films, Mobile Suit Gundam: Thunderbolt, Mobile Suit Gundam: The Origin, Mobile Suit Gundam: Iron-Blooded Orphans, Mobile Suit Gundam: Iron-Blooded Orphans 2","Allelujah Haptism : Hiroyuki Yoshino, Lockon Stratos : Shinichirou Miki, Louise Halevy : Chiwa Saitou, Saji Crossroad : Miyu Irino, Setsuna F. Seiei : Mamoru Miyano, Tieria Erde : Hiroshi Kamiya, Aber Rindt : Kazuki Yao, Ali Al-Saachez : Keiji Fujiwara, Seiji Mizushima
Director, Kenji Kawai
Music, Yun Kouga
Character Design, Michinori Chiba
Character Design, Hiroo Maruyama
Producer, Hiroomi Ikeya
Producer, Eiko Saitou
Key Animator, Jimmy Stone
Key Animator","Seiji Mizushima : Director, Kenji Kawai : Music, Yun Kouga : Character Design, Michinori Chiba : Character Design, Hiroo Maruyama : Producer, Hiroomi Ikeya : Producer, Eiko Saitou : Key Animator, Jimmy Stone : Key Animator"
Natsume's Book of Friends, Natsume Yuujinchou,TV   ,13.0,Brain's Base,Summer,"Drama, Shoujo, Slice of Life, Bodyguards, Cats, Countryside, Episodic, Iyashikei, Japanese Mythology, Orphans, Supernatural, Youkai, Based on a Manga",4.19,2008.0,,"""Natsume is lonely; he has an ability that separates him from others: he can see and interact with spirits. Soon, however, Natsume discovers that he’s not alone: his grandmother Reiko also had the gift. But things get hectic and possibly dangerous for Natsume when he finds out that he also inherited the 'Book of Friends', a book that contains the names of all the spirits Reiko defeated and subjugated. He finds himself hounded by his grandmother's underlings and, with the help of a 'cat' charm spirit, decides to free them from the Book's shackles, as well as protect the book from those who seek to misuse its power...""",,"Natsume's Book of Friends, Natsume's Book of Friends (Light Novel), Nyanko-sensei ga Iku!","Natsume's Book of Friends Season 2, Zoku Natsume Yuujinchou: 3D Nyanko-sensei Gekijou, Natsume's Book of Friends Season 3, Natsume's Book of Friends Season 4, Natsume's Book of Friends: Nyanko-sensei & The First Errand, Natsume Yuujinchou: Itsuka Yuki no Hi ni, Natsume's Book of Friends Season 5, Natsume's Book of Friends Season 6, Natsume's Book of Friends Movie: Ephemeral Bond, Natsume's Book of Friends Movie 2, Ichiban Kuji Natsume Yuujinchou: Nyanko-sensei to Hana Shirabe, Natsume Yuujinchou × Kumamoto-ken: Hitoyoshi/Kuma de no Yasashii Jikan","Nyanko-Sensei : Sanae Kobayashi, Takashi Natsume : Hiroshi Kamiya, Jun Sasada : Miyuki Sawashiro, Kaname Tanuma : Kazuma Horie, Kogitsune : Akiko Yajima, Touko Fujiwara : Miki Itou, Akagane : Atsushi Imaruoka, Akifumi'S Fiance : Ayumi Fujimura, Yuki Midorikawa
Original Creator, Takahiro Oomori
Director, Makoto Yoshimori
Music, Akira Takada
Character Design, Akiko Odawara
Producer, Masanori Miyake
Producer, Shuko Yokoyama
Producer, Ikuhide Ichikawa
Producer","Yuki Midorikawa : Original Creator, Takahiro Oomori : Director, Makoto Yoshimori : Music, Akira Takada : Character Design, Akiko Odawara : Producer, Masanori Miyake : Producer, Shuko Yokoyama : Producer, Ikuhide Ichikawa : Producer"
Toradora!,,TV   ,25.0,J.C.Staff,Fall ,"Comedy, Romance, Shounen, Coming of Age, Love Confession, Neighbors, Opposites Attract, Romantic Comedy, School Life, Tsundere, Unrequited Love, Based on a Light Novel",4.19,2008.0,2009.0,"""Ryuuji Takasu has an eventful life: his classmates think he's a delinquent due to his 'killer' eyes; his crush Minori seems ever out of reach; and he’s just had an unfortunate encounter with 'palm-sized Taiga' – a feisty and dainty wench in his class. With different cleaning habits and tempers, the two clash like night and day; that is, except for the fact that Taiga and Ryuuji have crushes on the other's good friend! With school rumors abounding, the duo must now work together to play matchmaker for each other. Who will end up with their true love?""",,"Toradora! (Light Novel), Toradora Spin-off! (Light Novel), Toradora!","Toradora! Recap, Toradora SOS! Hurray for Gourmands, Toradora! The True Meaning of Bento","Ryuuji Takasu : Junji Majima, Taiga Aisaka : Rie Kugimiya, Ami Kawashima : Eri Kitamura, Minori Kushieda : Yui Horie, Yasuko Takasu : Sayaka Oohara, Yuusaku Kitamura : Hirofumi Nojima, Hisamitsu Noto : Kazuyuki Okitsu, Inage : Tsuyoshi Aoki, Tatsuyuki Nagai
Director, Yukari Hashimoto
Music, Masayoshi Tanaka
Character Design, Shinichi Ikeda
Producer, Yuuji Matsukura
Producer, Takahiro Yamanaka
Producer, Muneyuki Kanbe
Producer, Takaaki Yuasa
Producer","Tatsuyuki Nagai : Director, Yukari Hashimoto : Music, Masayoshi Tanaka : Character Design, Shinichi Ikeda : Producer, Yuuji Matsukura : Producer, Takahiro Yamanaka : Producer, Muneyuki Kanbe : Producer, Takaaki Yuasa : Producer"
xxxHOLiC Kei,,TV   ,13.0,Production I.G,Spring,"Comedy, Seinen, Episodic, Japanese Mythology, Mysterious Shop, Supernatural, Youkai, Based on a Manga",4.19,2008.0,,"'Watanuki, who is able to see the spirit world, continues to work for Yuuko at her special shop, in which anything a person desires can be theirs – for a price. Under her subtle influence, Watanuki is becoming more able to accept the burden of attracting the attention of various spirits and other worldly being; but now, he must truly understand just how NOT simple the world really is. Seeing the truth of his muddled friendships with Doumeki and Himawari will merely be the beginning; finding his own place in the world will be the goal.'",,"xxxHOLiC, Shiritsu Horitsuba Gakuen, xxxHOLiC: Rei, Tsubasa: World Chronicle - Niraikanai-hen Special","xxxHOLiC Movie: A Midsummer Night's Dream, xxxHOLiC, xxxHOLiC Shunmuki, xxxHOLiC Rou","Kimihiro Watanuki : Jun Fukuyama, Shizuka Doumeki : Kazuya Nakai, Yuuko Ichihara : Sayaka Oohara, Himawari Kunogi : Shizuka Itou, Maru : Kazuko Kojima, Mokona Modoki : Mika Kikuchi, Moro : Hisayo Mochizuki, Ame-Warashi : Akiko Yajima, Clamp
Original Creator, Tsutomu Mizushima
Director, S.E.N.S.
Music, Kazuchika Kise
Character Design, Katsuji Morishita
Producer, Junichirou Tanaka
Producer, Nahomi Sudo
Producer, Takuya Matsushita
Producer","Clamp : Original Creator, Tsutomu Mizushima : Director, S.E.N.S. : Music, Kazuchika Kise : Character Design, Katsuji Morishita : Producer, Junichirou Tanaka : Producer, Nahomi Sudo : Producer, Takuya Matsushita : Producer"
Gintama: Jump Festa 2008,,Other,,Sunrise,,"Action, Comedy, Sci Fi, Shounen, Aliens, Breaking the Fourth Wall, Crude, Feudal Japan, Gag, Parody, Samurai, Shorts, Slapstick, Swordplay, Based on a Manga, Violence",4.18,2008.0,,"""It’s that time of year again, and this year’s anime tour sees Gintoki and Katsura are set to be stars in their very own big-screen movie! Hacking and slashing their way through a grey wasteland filled with beastmen, they find help from the usually hostile Shinsengumi. Unfortunately for them, it’s all one big lie and the episode's budget has been spent on their non-existent blockbuster. Time for Shinpachi, Kagura and Elizabeth to help out, even if they are more interested in the upcoming One Piece episode...""",Violence,"Gintama, 3-Z Class's Ginpachi-sensei (Light Novel), Gintama Kanketsu-hen: Yorozuya yo Eien Nare (Light Novel)",Gintama,"Gintoki Sakata : Tomokazu Sugita, Kagura : Rie Kugimiya, Shinpachi Shimura : Daisuke Sakaguchi, Isao Kondo : Susumu Chiba, Kotarou Katsura : Akira Ishida, Toshiro Hijikata : Kazuya Nakai, Elizabeth, Kyuubei Yagyuu : Fumiko Orikasa, Hideaki Sorachi
Original Creator",Hideaki Sorachi : Original Creator
Junjou Romantica 2,,TV   ,12.0,Studio DEEN,Fall ,"BL, Comedy, Drama, Romance, Shounen-ai, Age Gap, Cohabitation, LGBT Themes, Romantic Comedy, Writers, Yaoi Hand Syndrome, Based on a Manga, Sexual Content",4.18,2008.0,,"""Misaki has made his way to attending a university, and continues to live with distinguished author Akihiko – a man who is persistent as ever in pursuing a relationship with Misaki. However, with Akihiko's editor insisting that Misaki keeps his distance to avoid scandals and Misaki’s stubbornness in full force, it’s difficult for the boy to admit his feelings to his benefactor. As if things couldn't be more complicated, the arrival of Haruhiko, Akihiko’s brother, throws yet another wrench in the gears. With Haruhiko now showering Misaki with gifts and Misaki's indecision on the rise, will Akihiko and Misaki finally see their relationship to flourish?""",Sexual Content,"Junjou Romantica, Junjou Mistake","Junjou Romantica Special, Junjou Romantica, Junjou Romantica OVA, Junjou Romantica 3, Junjou Romantica OVA 2","Akihiko Usami : Hikaru Hanada, Misaki Takahashi : Takahiro Sakurai, Hiroki Kamijou : Kentarou Itou, Nowaki Kusama : Nobutoshi Canna, Shinobu Takatsuki : Daisuke Kishio, You Miyagi : Kazuhiko Inoue, Eri Aikawa : Noriko Namiki, Fuyuhiko Usami : Juurouta Kosugi, Shungiku Nakamura
Original Creator, Chiaki Kon
Director, Youko Kikuchi
Character Design, Junka Kobayashi
Producer, Tsuneo Takechi
Producer, Tomoko Suzuki
Producer, Akira Yoshikawa
Producer, Sawako Yamamoto
Animation Director","Shungiku Nakamura : Original Creator, Chiaki Kon : Director, Youko Kikuchi : Character Design, Junka Kobayashi : Producer, Tsuneo Takechi : Producer, Tomoko Suzuki : Producer, Akira Yoshikawa : Producer, Sawako Yamamoto : Animation Director"
Nodame Cantabile: Paris, Nodame Cantabile: Paris-hen,TV   ,11.0,J.C.Staff,Fall ,"Comedy, Josei, Romance, Adult Couples, Classical Music, Europe, France, Mature Romance, Music, noitaminA, Tsundere, Based on a Manga",4.16,2008.0,,"'Chiaki and Nodame have both made it to Paris in pursuit of their futures as musicians. Chiaki begins his training as a world-class conductor and, in typical fashion, is quite successful; yet on the other hand, Nodame struggles as she starts to seriously learn about music for the first time. However, even though the two have worked tirelessly to meet the demands of their newfound musical lives, their relationship continues to progress slowly and frustratingly. Can Nodame and Chiaki balance both their new careers, and each other?'",,Nodame Cantabile,"Puri Gorota: Uchuu no Yuujou Daibouken, Nodame Cantabile, Nodame Cantabile: Special Lesson, Nodame Cantabile OVA, Nodame Cantabile: Finale, Nodame Cantabile: Finale Special, Nodame Cantabile OVA 2","Megumi Noda : Ayako Kawasumi, Shinichi Chiaki : Tomokazu Seki, Frank Latoine : Shintarou Asanuma, Roland : Makoto Ishii, Rui Son : Sayaka Oohara, Tatiana Vishneva : Shizuka Itou, Yasunori Kuroki : Masaya Matsukaze, Yunlong Li : Satoshi Hino, Tomoko Ninomiya
Original Creator, Chiaki Kon
Director, Suguru Matsutani
Music, Hidekazu Shimamura
Character Design, Shichirou Kobayashi
Art Director, Nobuhiro Oosawa
Producer, Masato Jouno
Producer, Kouji Yamamoto
Producer","Tomoko Ninomiya : Original Creator, Chiaki Kon : Director, Suguru Matsutani : Music, Hidekazu Shimamura : Character Design, Shichirou Kobayashi : Art Director, Nobuhiro Oosawa : Producer, Masato Jouno : Producer, Kouji Yamamoto : Producer"
Baccano! Specials,,DVD S,,Brain's Base,,"Action, America, Criminals, Gangs, Mafia, Based on a Light Novel, Violence",4.13,2008.0,,"'With the frenzy of the incident on board the Flying Pussyfoot finally dying down, the President is still trying to piece together exactly what happened that night. Calling various informants and witnesses into his office, he hopes a few familiar faces can shed some light on the strange events. Elsewhere in the city, Graham Spector has a grudge to settle with Jacuzzi and his group, however it seems things won’t be as easy as he first thought. Despite all of the crazy happenings, Isaac and Miria are still as footloose as ever and their latest venture is a giant domino rally. Will the president ever get the answers to his questions, can Jacuzzi survive the night, and most importantly, who gets to topple the first domino?'",Violence,"Baccano! (Light Novel), Baccano! 1931 The Grand Punk Railroad, Baccano!",Baccano!,"Chane Laforet : Ryou Hirohashi, Claire Stanfield : Masakazu Morita, Graham Specter : Tomokazu Sugita, Jacuzzi Splot : Daisuke Sakaguchi, Nice Holystone : Yuu Kobayashi, Elmer C. Albatross : Shintarou Oohata, Huey Laforet : Susumu Chiba, Ladd Russo : Keiji Fujiwara, Takahiro Oomori
Director, Makoto Yoshimori
Music, Takahiro Kishida
Character Design","Takahiro Oomori : Director, Makoto Yoshimori : Music, Takahiro Kishida : Character Design"
Spice and Wolf, Ookami to Koushinryou,TV   ,13.0,IMAGIN,Winter,"Adventure, Drama, Fantasy, Romance, Adult Couples, Animal Characteristics, Animal Transformation, Economics, God-Human Relationship, Gods, Interspecies Relationship, Mature Romance, Medieval, Non-Human Protagonists, Based on a Light Novel",4.13,2008.0,,"'Since long ago, the wolf goddess Holo has honored a contract to bless the rural village of Pasloe with fertile harvests; and in return she has been celebrated and worshipped by the villagers. But as mankind advances, the people have begun to take command of nature for themselves and have made their own god to worship. Holo finds that she is paid little more than lip service, if not outright mocked; and considering the contract annulled, she takes human form and enlists the aid of a passing merchant, Kraft Lawrence, to return to her home in the snowy forests to the north. As they journey together,\xa0Kraft finds that he has plenty to learn from this capricious god, and she from him as well.'",,"Spice and Wolf (Light Novel), Spice and Wolf, Wolf and Parchment: New Theory Spice and Wolf (Light Novel), Wolf & Parchment","Spice and Wolf II OVA, Spice and Wolf II, Spice and Wolf II Specials, Spice and Wolf VR","Holo : Ami Koshimizu, Kraft Lawrence : Jun Fukuyama, Chloe : Kaori Nazuka, Nora Arendt : Mai Nakahara, Assessor : Masayuki Omoro, Clothing Shop Owner : Yasuhiro Fujiwara, Enek, Hans Remerio : Hozumi Gouda, Takeo Takahashi
Director, Yuuji Yoshino
Music, Kazuya Kuroda
Character Design, Tatsuya Ishiguro
Producer, Tomoko Suzuki
Producer, Masanobu Arakawa
Producer, Yuuichi Matsunaga
Producer, Naomi Tokuda
Producer","Takeo Takahashi : Director, Yuuji Yoshino : Music, Kazuya Kuroda : Character Design, Tatsuya Ishiguro : Producer, Tomoko Suzuki : Producer, Masanobu Arakawa : Producer, Yuuichi Matsunaga : Producer, Naomi Tokuda : Producer"
Time of Eve, Eve no Jikan,Web  ,6.0,Studio Rikka,Summer,"Drama, Sci Fi, Androids, Cafe, Robots, Original Work",4.13,2008.0,2009.0,"'In the future, androids live side by side with humans – but not as their equals, as their slaves. Though they look identical, these androids must display a holographic ring over their heads so the difference is clear. One day, a boy named Rikuo finds abnormal activity patterns in the logs of his own android, and alongside his friend Masaki, he sets forth to find where the android has been. Much to their surprise, the duo discovers a secret café known as Eve no Jikan with a single rule: within its walls, there must be no discrimination between humans and robots. In this place, androids appear to be human and are even displaying signs of independence – a trait that should not be possible. Rikou finds his perceptions increasingly challenged as he struggles to come to terms with his own android, and the relationship between man and machines...'",,"Time of EVE: Another Act (Light Novel), Eve no Jikan",Time of Eve Movie,"Masakazu Masaki : Kenji Nojima, Rikuo Sakisaka : Jun Fukuyama, Akiko : Yukana, Chie : Miyuki Sawashiro, Koji : Michio Nakao, Nagi : Rina Satou, Rina : Miki Itou, Sammy : Rie Tanaka, Yasuhiro Yoshiura
Director, Tooru Okada
Music, Ryuusuke Chayama
Character Design, Tom Nagae
Producer","Yasuhiro Yoshiura : Director, Tooru Okada : Music, Ryuusuke Chayama : Character Design, Tom Nagae : Producer"
The Prince of Tennis: The National Tournament - Final, Tennis no Ouji-sama: Zenkoku Taikai-hen - Final,OVA  ,7.0,M.S.C.,,"Shounen, Sports, Tennis, Based on a Manga",4.13,2008.0,2009.0,"'After months of harsh matches, gruelling training, and numerous injuries, the Seigaku regulars have fought their way to the finals of the National Tournament. Just one step away from victory, all they need to do now is beat their final opponents; however it won’t be easy. Their final opponents are none other than Rikkaidai - the team they fought against in the final of the Kantou Regional Tournament, and the last two years National Tournament winners! With Rikkaidai seeking vengeance for their previous defeat, and national glory at stake, Seigaku must stay strong if they want to win. However, the team suffers a devastating blow when Echizen loses his memory. Now that the odds are stacked against them, could this put an end to Seigaku’s championship dreams?'",,"Prince of Tennis, Shin Tennis no Ouji-sama","The Prince of Tennis, The Prince of Tennis: The National Tournament, The Prince of Tennis: The National Tournament - Semifinal, The Prince of Tennis: Another Story - Kako to Mirai no Message, The Prince of Tennis: Another Story II - Ano Toki no Bokura, The Prince of Tennis II, The Prince of Tennis II Specials, The Prince of Tennis II OVA vs. Genius 10, The Prince of Tennis II: U-17 World Cup","Eiji Kikumaru : Hiroki Takahashi, Kaoru Kaidou : Kohei Kiyasu, Kunimitsu Tezuka : Ryotaro Okiayu, Ryoma Echizen : Junko Minagawa, Sadaharu Inui : Kenjirou Tsuda, Shuichirou Oishi : Takayuki Kondou, Shuusuke Fuji : Yuki Kaida, Takashi Kawamura : Naru Kawamoto, Takeshi Konomi
Original Creator, Shunsuke Tada
Director, Cheru Watanabe
Music, Akiharu Ishii
Character Design","Takeshi Konomi : Original Creator, Shunsuke Tada : Director, Cheru Watanabe : Music, Akiharu Ishii : Character Design"
"The Garden of Sinners Movie 3: Ever Cry, Never Life. (Remaining Sense of Pain)", Kara no Kyoukai Movie 3: Tsuukaku Zanryuu,Movie,,ufotable,,"Drama, Mystery, Overpowered Main Characters, Supernatural, Based on a Light Novel, Drug Use,, Explicit Sex,, Explicit Violence,, Mature Themes,, Physical Abuse,, Sexual Abuse",4.12,2008.0,,"'On a solemn night in July 1998, teenager Fujino Asagami is mercilessly raped by a street gang in a dilapidated bar. No\xa0matter what physical or sexual abuse they deal, however, the girl regards her captors with the same apathetic expression. The next day, mangled bodies are discovered in that same building, so torn apart that investigators find it infeasible to even consider the culprit human...'","Drug Use,, Explicit Sex,, Explicit Violence,, Mature Themes,, Physical Abuse,, Sexual Abuse","The Garden of Sinners (Light Novel), Kara no Kyoukai: The Garden of Sinners, The Garden of Sinners: Recalled Out Summer (Light Novel), The Garden of Sinners: Shuumatsu Rokuon/The Garden of Oblivion (Light Novel)","Lunar Legend Tsukihime, The Garden of Sinners Movie 1: Thanatos. (Overlooking View), Kara no Kyoukai: Cinema Intros, The Garden of Sinners Movie 2: ...And Nothing Heart. (Murder Speculation Part A), The Garden of Sinners Movie 4: Garan-no-Dou. (The Hollow Shrine), The Garden of Sinners Movie 5: Paradox Paradigm, The Garden of Sinners Movie 6: Fairy Tale. (Oblivion Recording), The Garden of Sinners Remix: Gate of Seventh Heaven, The Garden of Sinners Movie 7: ......Not Nothing Heart. (Murder Speculation Part B), The Garden of Sinners: Epilogue, The Garden of Sinners: Recalled Out Summer, The Garden of Sinners: Recalled Out Summer - Extra Chorus","Fujino Asagami : Mamiko Noto, Mikiya Kokutou : Kenichi Suzumura, Shiki Ryougi : Maaya Sakamoto, Touko Aozaki : Takako Honda, Keita Minato : Shintarou Asanuma, Azaka Kokutou : Ayumi Fujimura, Fujino'S Mother : Makiko Nitta, Gakuto : Kenji Takahashi, Kinoko Nasu
Original Creator, Takashi Takeuchi
Original Character Design, Mitsuru Obunai
Director & Animation Director & Character Design, Yuki Kajiura
Music & Song Arrangement & Song Composition & Song Lyrics, Tomonori Sudou
Character Design, Yuuichi Terao
Photography Director, Seiji Matsuda
Photography Director, Kazuo Ogura
Art Director","Kinoko Nasu : Original Creator, Takashi Takeuchi : Original Character Design, Mitsuru Obunai : Director & Animation Director & Character Design, Yuki Kajiura : Music & Song Arrangement & Song Composition & Song Lyrics, Tomonori Sudou : Character Design, Yuuichi Terao : Photography Director, Seiji Matsuda : Photography Director, Kazuo Ogura : Art Director"
Aria the Origination,,TV   ,13.0,Hal Film Maker,Winter,"Sci Fi, Shounen, Slice of Life, Apprenticeship, Iyashikei, Ocean, Work Life, Based on a Manga",4.11,2008.0,,"'The water-laden city of Neo-Venezia is a haven for tourists and dream chasers. While in the city, gondoliers known as Undines ferry the visitors from place to place, showing them the sights or simply lending a sympathetic ear. Akari Mizunashi is an apprentice at the Aria Company, one of three companies in the city, and wishes to be promoted someday to the title of Prima. With the help of her friends, Akari accomplishes many things including helping to shuttle frequent visitors to the unknown sights of the city, gazing at beautiful paintings, and pondering the existence of the planet before it was called Aqua.'",,"Aqua, Aria, Aria (Light Novel)","Aria the Animation, Aria the Natural, Aria the OVA: Arietta, Aria the Origination: That Secret Little Place..., Aria the Origination Picture Drama, Aria the Avvenire, Aria the Crepuscolo, Aria the Benedizione","Aika S. Granzchesta : Chiwa Saitou, Akari Mizunashi : Erino Hazuki, Alice Carroll : Ryou Hirohashi, President Aria : Chinami Nishimura, Ai Aino : Kaori Mizuhashi, Akira E. Ferrari : Junko Minagawa, Alicia Florence : Sayaka Oohara, Athena Glory : Tomoko Kawakami, Kozue Amano
Original Creator, Junichi Satou
Director, Takeshi Senoo
Music, Choro Club
Music, Makoto Koga
Character Design, Yoshikazu Beniya
Producer, Tetsuo Uchida
Producer, Toshiaki Asaka
Producer","Kozue Amano : Original Creator, Junichi Satou : Director, Takeshi Senoo : Music, Choro Club : Music, Makoto Koga : Character Design, Yoshikazu Beniya : Producer, Tetsuo Uchida : Producer, Toshiaki Asaka : Producer"
InuYasha: Kuroi Tessaiga,,Movie,,Sunrise,,"Action, Fantasy, Shounen, Animal Characteristics, Feudal Japan, Non-Human Protagonists, Person in a Strange World, Based on a Manga",4.1,2008.0,,'No synopsis yet - check back soon!',,InuYasha,"InuYasha, InuYasha The Movie 1: Affections Touching Across Time, InuYasha The Movie 2: The Castle Beyond the Looking Glass, InuYasha The Movie 3: Swords of an Honorable Ruler, InuYasha The Movie 4: Fire on the Mystic Island, InuYasha: The Final Act","Inuyasha : Kappei Yamaguchi, Sesshomaru : Ken Narita, Jaken : Choo, Kagome Higurashi : Satsuki Yukino, Kirara : Tarako Isono, Kohaku : Akiko Yajima, Miroku : Kouji Tsujitani, Rin : Mamiko Noto, Rumiko Takahashi
Original Creator, Yasunao Aoki
Director & Storyboard, Kaoru Wada
Music, Yoshihito Hishinuma
Character Design & Chief Animation Director, Youichi Oogami
Photography Director, Shigemi Ikeda
Art Director, Miyuki Satou
Color Design, Youta Tsuruoka
Sound Director","Rumiko Takahashi : Original Creator, Yasunao Aoki : Director & Storyboard, Kaoru Wada : Music, Yoshihito Hishinuma : Character Design & Chief Animation Director, Youichi Oogami : Photography Director, Shigemi Ikeda : Art Director, Miyuki Satou : Color Design, Youta Tsuruoka : Sound Director"
The House of Small Cubes,"Alt titles: La Maison en Petits Cubes, Tsumiki no Ie",Movie,,Oh production,,"Drama, Fantasy, Aging, Loneliness, Melancholy, No Dialogue, Ocean, Shorts, Original Work",4.09,2008.0,,"'An old man resides in a city mostly submerged by water, living in a home he had to build on top of his old one. His daily routine now consists of smoking his pipe, drinking wine, watching television and eating the fish he catches. Living alone in the silent desolation of the elderly he is surrounded by photographs but no people. One day he drops his pipe into the water and it disappears into his old, submerged home. To retrieve it he rents a scuba suit, but once he descends into the place he used to live he is overwhelmed by the memories of the life he used to have - the family he used to know.'",,,,"Old Man, Kunio Kato
Director, Kenji Kondo
Music, Masanori Kusakabe
Producer","Kunio Kato : Director, Kenji Kondo : Music, Masanori Kusakabe : Producer"
Gurren Lagann Movie 1: Childhood's End, Tengen Toppa Gurren Lagann Movie 1: Guren-hen,Movie,,GAINAX,,"Action, Adventure, Comedy, Mecha, Sci Fi, Combining Mecha, Recap, Super Robot, Original Work",4.08,2008.0,,"'Simon lives a boring life in the underground village of Jeeha, where his main job day in and day out is to dig tunnels. His close friend Kamina, however, longs to bust out of their oppressive existence and reach the surface world where open skies and adventure await! One day, during his usual digs, Simon discovers a robot with a big face buried amongst the rocks. No sooner has he shown Kamina his mysterious find when two beings from the surface crash land into Jeeha Village - one is a gun-toting woman calling herself Yoko and the other is a terrifying mecha piloted by a Beastman! Seeing their chance to escape village drudgery, Kamina rallies Simon and Yoko to defeat the invader using their new robot, Lagann. However, upon breaking out onto the surface world, Simon, Kamina, and Yoko encounter enemies more powerful than they could have envisioned. Their fight for adventure just turned into a war for the survival of the human race - will their lust for freedom hold out against such terrible odds?'",,"Tengen Toppa Gurren Lagann, Tengen Toppa Gurren Lagann (Light Novel), Tengen Toppa Gurren Lagann: 4-koma Kingdom - Yoko no Oheso-hen, Tengen Toppa Gurren Lagann: Guren Gakuenhen, Tengen Toppa Gurren Lagann: Otoko Ippiki-hen, Tengen Toppa Gurren Lagann: Otoko Doahou!-hen, Tengen Toppa Gurren Lagann: Kessen! Otokogumi-hen","Tengen Toppa Gurren Lagann OVA, Tengen Toppa Gurren Lagann, Tengen Toppa Gurren Lagann Parallel Works, Tengen Toppa Gurren Lagann Gekijouban Zenyasai Special: Viral's Sweet Dream, Tengen Toppa Gurren Lagann: Lagann-hen, Tengen Toppa Gurren Lagann: Kirameki Yoko Box ~Pieces of Sweet Stars~, Tengen Toppa Gurren Lagann Parallel Works 2","Kamina : Katsuyuki Konishi, Simon : Tetsuya Kakihara, Yoko Littner : Marina Inoue, Adiane, Cytomander, Guame, Kittan Bachika, Leeron Littner, Hiroyuki Imaishi
Director, Masahiko Ootsuka
Assistant Director, Taku Iwasaki
Music, Atsushi Nishigori
Character Design, Yousuke Toba
Producer, Shouko Nakamura
Key Animator","Hiroyuki Imaishi : Director, Masahiko Ootsuka : Assistant Director, Taku Iwasaki : Music, Atsushi Nishigori : Character Design, Yousuke Toba : Producer, Shouko Nakamura : Key Animator"
Detroit Metal City,,OVA  ,12.0,Studio 4°C,,"Comedy, Seinen, Crude, Music, Parody, Rock Music, Satire, Secret Identity, Showbiz, Based on a Manga",4.08,2008.0,,"""Negishi Souichi always dreamed of joining a trendy pop band, so that he could perform music like that of his idol, Kahimi Karie. In order to realize his dream, he decided to leave the country side and his loving parents to study in Tokyo. And after graduating, he does manage to join a band... but not the kind he was expecting! As lead singer of the death metal band Detroit Metal City, under the stage name Krauser II, he is made to perform loud songs filled with obscene lyrics - a far cry from the songs he used to write in school. But despite the fact that Negishi hates DMC's music, the Krauser side of him will do anything to put on a good show for his fans... even if it means making Negishi's life a misery!""",,Detroit Metal City,Detroit Metal City: Birth of the Metal Devil,"Johannes Krauser Ii : Yuuji Ueda, Soichi Negishi : Daisuke Kishio, Death Records President :  Ai Kobayashi, Terumichi Nishida : Makoto Yasumura, Wada Masayuki : Yuto Nakano, Yuri Aikawa : Masami Nagasawa, Asato Hidetaka : Shinji Kawada, Dj Laika : Dj Oasis, Kiminori Wakasugi
Original Creator, Hiroshi Nagahama
Director, Shichirou Kobayashi
Art Director, Rika Hatakeda
Producer, Yoshihiro Furusawa
Producer, Atsushi Takahashi
Producer","Kiminori Wakasugi : Original Creator, Hiroshi Nagahama : Director, Shichirou Kobayashi : Art Director, Rika Hatakeda : Producer, Yoshihiro Furusawa : Producer, Atsushi Takahashi : Producer"
Soul Eater,,TV   ,51.0,Bones,Spring,"Action, Fantasy, Shounen, Demons, Monster School, School Life, Shinigami, Supernatural, Based on a Manga",4.08,2008.0,2009.0,"""In a bizarre fantasy world, students known as meisters are trained at the illustrious Shinigami Weapon Meister University; but the tools they wield are no ordinary weapons! Each meister is paired with a human-like being who can transform into a weapon at will; and after defeating a pre-kishin - a human whose soul has darkened - the weapon eats the soul within it. A meister's ultimate goal is to collect ninety-nine pre-kishin souls and one of a witch so that his or her partner will become an all-powerful Death Scythe. Maka and her partner Soul Eater; Assassin Black Star and his partner Demon Blade Tsubaki; and Shinigami's son Death the Kid and his partners the Demon Twin Pistol Thompson Sisters each vie for their ultimate goal, but plenty of challenges and adventures lie in their way!""",,"Soul Eater, Soul Eater Not!","Soul Eater: Late Night Show, Soul Eater Not!","Black Star : Yumiko Kobayashi, Death The Kid : Mamoru Miyano, Elizabeth Thompson : Akeno Watanabe, Maka Albarn : Chiaki Omigawa, Patricia Thompson : Narumi Takahira, Soul Evans : Kouki Uchiyama, Tsubaki Nakatsukasa : Kaori Nazuka, Arachne Gorgon : Michiko Neya, Atsushi Ohkubo
Original Creator, Takuya Igarashi
Director, Taku Iwasaki
Music, Yoshiyuki Itou
Character Design, Aya Yoshino
Producer, Taihei Yamanishi
Producer, Yoshihiro Ooyabu
Producer, Shigeru Nishiyama
Editor","Atsushi Ohkubo : Original Creator, Takuya Igarashi : Director, Taku Iwasaki : Music, Yoshiyuki Itou : Character Design, Aya Yoshino : Producer, Taihei Yamanishi : Producer, Yoshihiro Ooyabu : Producer, Shigeru Nishiyama : Editor"
Junjou Romantica,,TV   ,12.0,Studio DEEN,Spring,"BL, Comedy, Drama, Romance, Shounen-ai, Age Gap, Cohabitation, LGBT Themes, Romantic Comedy, Writers, Yaoi Hand Syndrome, Based on a Manga, Sexual Content",4.07,2008.0,,"""Misaki Takahashi has little hope of getting into a university, so his older brother Takahiro's friend, Usami Akihiko, offers to tutor Misaki as a favor to Takahiro - for Usami is secretly in love with him. However, as time passes Misaki realizes that he has uncomfortable and budding feelings for Usami. Meanwhile, Hiroki is a man who can't get over an unrequited love with Usami in the past - and with the help of Nowaki, he may finally learn to love again. These couples and more experience the joys and sadness of love between men under the most unlikely conditions.""",Sexual Content,"Junjou Romantica, Junjou Mistake","Junjou Romantica Special, Junjou Romantica 2, Junjou Romantica OVA, Junjou Romantica 3, Junjou Romantica OVA 2","Akihiko Usami : Rina Satou, Misaki Takahashi : Takahiro Sakurai, Hiroki Kamijou : Eri Kitamura, Nowaki Kusama : Nobutoshi Canna, Shinobu Takatsuki : Daisuke Kishio, You Miyagi : Kazuhiko Inoue, Eri Aikawa : Noriko Namiki, Gentaro Hayashinaga : Daisuke Kageura, Shungiku Nakamura
Original Creator, Chiaki Kon
Director, Moka
Music, Youko Kikuchi
Character Design, Eriko Aoki
Producer, Kunitoshi Okajima
Episode Director, Sawako Yamamoto
Animation Director","Shungiku Nakamura : Original Creator, Chiaki Kon : Director, Moka : Music, Youko Kikuchi : Character Design, Eriko Aoki : Producer, Kunitoshi Okajima : Episode Director, Sawako Yamamoto : Animation Director"
The Garden of Sinners Movie 4: Garan-no-Dou. (The Hollow Shrine), Kara no Kyoukai Movie 4: Garan no Dou,Movie,,ufotable,,"Drama, Mystery, Overpowered Main Characters, Supernatural, Based on a Light Novel, Violence",4.07,2008.0,,"""June 1998: After spending two years in a coma caused by a traffic accident, Shiki Ryougi awakens with amnesia. She is\xa0visited by Touko Aozaki, a wizard and proprietor of a studio called Garan no Dou. Shiki has lost not only the memory of her accident, but also any real sense that she's even alive. Strangely, enigmatic beings begin to attack her...""",Violence,"The Garden of Sinners (Light Novel), Kara no Kyoukai: The Garden of Sinners, The Garden of Sinners: Recalled Out Summer (Light Novel), The Garden of Sinners: Shuumatsu Rokuon/The Garden of Oblivion (Light Novel)","Lunar Legend Tsukihime, The Garden of Sinners Movie 1: Thanatos. (Overlooking View), Kara no Kyoukai: Cinema Intros, The Garden of Sinners Movie 2: ...And Nothing Heart. (Murder Speculation Part A), The Garden of Sinners Movie 3: Ever Cry, Never Life. (Remaining Sense of Pain), The Garden of Sinners Movie 5: Paradox Paradigm, The Garden of Sinners Movie 6: Fairy Tale. (Oblivion Recording), The Garden of Sinners Remix: Gate of Seventh Heaven, The Garden of Sinners Movie 7: ......Not Nothing Heart. (Murder Speculation Part B), The Garden of Sinners: Epilogue, The Garden of Sinners: Recalled Out Summer, The Garden of Sinners: Recalled Out Summer - Extra Chorus","Shiki Ryougi : Maaya Sakamoto, Touko Aozaki : Takako Honda, Mikiya Kokutou : Kenichi Suzumura, Akitaka Suzurugi, Fujino Asagami : Mamiko Noto, Kirie Fujou : Rie Tanaka, Lio Shirazumi : Souichirou Hoshi, Souren Araya : Jouji Nakata, Kinoko Nasu
Original Creator, Takashi Takeuchi
Original Character Design, Teiichi Takiguchi
Director & Animation Director & Character Design, Masaru Kimura
Assistant Animation Director & Assistant Director, Yuki Kajiura
Music & Song Arrangement & Song Composition & Song Lyrics, Tomonori Sudou
Animation Director & Character Design, Yuuichi Terao
Photography Director, Seiji Matsuda
Photography Director","Kinoko Nasu : Original Creator, Takashi Takeuchi : Original Character Design, Teiichi Takiguchi : Director & Animation Director & Character Design, Masaru Kimura : Assistant Animation Director & Assistant Director, Yuki Kajiura : Music & Song Arrangement & Song Composition & Song Lyrics, Tomonori Sudou : Animation Director & Character Design, Yuuichi Terao : Photography Director, Seiji Matsuda : Photography Director"
Major Movie: Yuujou no Winning Shot, Major Movie: Yuujou's Winning Shot,Movie,,XEBEC,,"Shounen, Sports, Baseball, Based on a Manga",4.07,2008.0,,"'For Goro Honda – now Goro Shigeno – leaving his friends in Mifune was a difficult experience. Not that there’s much time to dwell on the past – no sooner has he moved schools when another team demands his exceptional baseball skills! This time, Goro joins Hakata South, a little league team that hasn’t won a major competition in years and has a coach with a bad attitude. What’s more, although Goro quickly establishes himself as the ace with positive results, this triggers some bad feeling amongst his peers. Add to that his severely damaged shoulder and worrying developments in his adoptive family, and it looks like Goro’s troubles are far from behind him.'",,"Major, Gekijouban Major: Yuujou no Winning Shot, Major 2nd","Major Season 1, Major Season 2, Major Season 3, Major Season 4, Major Season 5, Major Season 6, Major: Message, Major: World Series, Major 2nd","Goro Honda : Showtaro Morikubo, Masato Koga, Kaoru Shimizu : Yuko Sasamoto, Megumi Koga, Akiko Sano, Alice Jinnai : Atsuko Enomoto, Arthur, Atsushi Maehara, Takuya Mitsuda
Original Creator, Takao Kato
Director, Akio Takami
Character Design, Hatsue Katou
Character Design, Shinichi Yamaoka
Character Design, Naohiko Furuichi
Producer, Akira Takeuchi
Key Animator","Takuya Mitsuda : Original Creator, Takao Kato : Director, Akio Takami : Character Design, Hatsue Katou : Character Design, Shinichi Yamaoka : Character Design, Naohiko Furuichi : Producer, Akira Takeuchi : Key Animator"
Ponyo on the Cliff by the Sea,"Alt titles: Gake no Ue no Ponyo, Ponyo",Movie,,Studio Ghibli,,"Fantasy, Contemporary Fantasy, Family Friendly, Magic, Mermaids, Non-Human Protagonists, Ocean, Original Work",4.07,2008.0,,"""Ponyo is a goldfish who lives in the sea, and has an over-protective magician for a father. Soon Ponyo runs away from home and is rescued by a five-year-old boy named Sosuke. As she wants nothing more than to understand what it's like to be a human being, Ponyo uses magic to transform into a human girl, and the two begin to form a special bond. However, this magic results in drastic consequences, and one final test stands in Ponyo's way before she can truly be human. Can Ponyo fulfill her dream, or is she destined to return to the sea?""",,Ponyo on the Cliff by the Sea,,"Ponyo : Yuria Nana, Sosuke : Hiroki Doi, Fujimoto : George Tokoro, Granmamare : Yuuki Amami, Lisa : Tomoko Yamaguchi, Koichi : Kazushige Nagashima, Kumiko : Emi Hiraoka, Noriko : Cloris Leachman, Hayao Miyazaki
Director & Original Creator & Screenplay & Song Lyrics, Joe Hisaishi
Music, Katsuya Kondou
Character Design, Toshio Suzuki
Producer, Hideki Hamasu
Key Animator, Nobuyuki Takeuchi
Key Animator","Hayao Miyazaki : Director & Original Creator & Screenplay & Song Lyrics, Joe Hisaishi : Music, Katsuya Kondou : Character Design, Toshio Suzuki : Producer, Hideki Hamasu : Key Animator, Nobuyuki Takeuchi : Key Animator"
Ghost in the Shell 2.0, Koukaku Kidoutai 2.0,Movie,,Production I.G,,"Sci Fi, Cyberpunk, Cyborgs, Hacking, Noir, Based on a Manga, Nudity",4.06,2008.0,,"'A mysterious new hacker known only as the Puppet Master threatens to create chaos, erasing and rewriting the memories of his victims: humans who have cast away their physical body to become cyborgs. Is he an evil genius, or could he signal the beginning of a new age in the relationship between man and machine?'",Nudity,"Ghost in the Shell, Ghost in the Shell 1.5: Human-Error Processor, Ghost in the Shell 2: Man-Machine Interface, Ghost in the Shell 2: Innocence - After the Long Goodbye (Light Novel), Ghost in the Shell: Stand Alone Complex, Ghost in the Shell Arise: Sleepless Eye, Ghost in the Shell: Stand Alone Complex - The Laughing Man","Ghost in the Shell, Ghost in the Shell: Stand Alone Complex, Ghost in the Shell: Stand Alone Complex - Tachikoma Days, Ghost in the Shell: Stand Alone Complex 2nd Gig, Ghost in the Shell 2: Innocence, Ghost in the Shell: Stand Alone Complex 2nd Gig - Tachikoma Days, Ghost in the Shell: Stand Alone Complex - The Laughing Man - Tachikoma Days, Ghost in the Shell: Stand Alone Complex - The Laughing Man, Ghost in the Shell: Stand Alone Complex - Individual Eleven, Ghost in the Shell: Stand Alone Complex - Individual Eleven - Tachikoma Days, Ghost in the Shell: Stand Alone Complex - Solid State Society, Ghost in the Shell: Uchikomatic Days, Ghost in the Shell: Arise, Ghost in the Shell: Arise - Another Mission, Ghost in the Shell: Arise - Logicoma Specials, Ghost in the Shell: Nyuumon Arise, Ghost in the Shell: Arise border:less project - WORKING HIGH, Ghost in the Shell: Arise - Alternative Architecture, Ghost in the Shell: The New Movie, Ghost in the Shell: Ghost Chaser","Batou : Akio Ootsuka, Motoko Kusanagi : Atsuko Tanaka, Project 2501 : Yoshiko Sakakibara, Togusa : Kouichi Yamadera, Daisuke Aramaki : Tamio Ohki, Ishikawa : Yutaka Nakano, Masamune Shirow
Original Creator, Mamoru Oshii
Director, Hiroyuki Okiura
Character Design, Mitsuhisa Ishikawa
Producer, Ken Iyadomi
Producer, Kazunori Ito
Screenplay","Masamune Shirow : Original Creator, Mamoru Oshii : Director, Hiroyuki Okiura : Character Design, Mitsuhisa Ishikawa : Producer, Ken Iyadomi : Producer, Kazunori Ito : Screenplay"
"Clannad: Another World, Tomoyo Chapter"," Clannad: Mou Hitotsu no Sekai, Tomoyo-hen",DVD S,,Kyoto Animation,,"Drama, Romance, School Life, Senpai-Kouhai Relationship, Based on a Visual Novel",4.06,2008.0,,"'After spending his days skipping school and wandering around the city, the delinquent Tomoya met Tomoyo and gradually, the pair fell in love. It has now been a month since they started dating and Tomoyo has just been announced as the newest student council president of Hikarizaka high school. With Tomoyo being kept busy by her new duties as well as her quest to save the sakura trees, and rumors circulating about why the new student council president spends so much time with the school’s two most infamous delinquents, can Tomoya and Tomoyo’s relationship survive?'",,"Clannad: 4-Koma Manga Gekijou, Clannad, Tomoyo After: Dear Shining Memories, Clannad: Tomoyo Dearest","Clannad Movie, Clannad, Clannad After Story, Clannad: Another World, Kyou Chapter","Tomoya Okazaki : Yuuichi Nakamura, Tomoyo Sakagami : Houko Kuwashima, Second Grade Student Council Member : Jun Fukuyama, Youhei Sunohara : Daisuke Sakaguchi, Class 3-A Homeroom Teacher, Class 3-D Homeroom Teacher : Tadahisa Saizen, Jun Maeda
Music, Naoko Yamada
Key Animator","Jun Maeda : Music, Naoko Yamada : Key Animator"
Black Butler, Kuroshitsuji,TV   ,24.0,A-1 Pictures,Fall ,"Shounen, 19th Century, Butlers, Deal with the Devil, Demons, England, Europe, Master-Servant Relationship, Nobility, Non-Human Protagonists, Supernatural, Based on a Manga, Animal Abuse,, Mature Themes",4.05,2008.0,2009.0,"'In Victorian England it is commonplace for the rich and wealthy to have a staff, led by a head butler, to run their households; the Phantomhive Estate is no different. The young and demanding Count Ciel Phantomhive, child owner of a toy company, lives in the grand countryside manor. Sebastian is his head butler, and the epitome of perfection; he effortlessly and gracefully completes his day-to day chores and fixes the countless mistakes of the other employees. However, whilst on the outside all seems prim and proper, a more sinister secret lies just beneath the surface. Sebastian is in fact a demon bound by a contract with the young count; he will loyally serve and fight for him in return for his soul.'","Animal Abuse,, Mature Themes","Black Butler, Black Butler Anthology Comic","Black Butler Recap, Black Butler: His Butler, Performer, Black Butler Picture Drama, Black Butler 2, Black Butler 2 Specials, Black Butler: Book of Circus, Black Butler: Book of Murder, Black Butler: Book of the Atlantic","Ciel Phantomhive : Maaya Sakamoto, Sebastian Michaelis : Daisuke Ono, Angela Blanc : Akiko Yajima, Arthur Randall : Yutaka Aoyama, Bardroy : Hiroki Touchi, Elizabeth Middleford : Yukari Tamura, Finnian : Yuuki Kaji, Fred Abberline : Hisayoshi Suganuma, Yana Toboso
Original Creator, Toshiya Shinohara
Director, Taku Iwasaki
Music, Minako Shiba
Character Design, Hiroo Maruyama
Producer, Hiroyuki Shimizu
Producer, Shunsuke Saitou
Producer, Mikihiro Iwata
Producer","Yana Toboso : Original Creator, Toshiya Shinohara : Director, Taku Iwasaki : Music, Minako Shiba : Character Design, Hiroo Maruyama : Producer, Hiroyuki Shimizu : Producer, Shunsuke Saitou : Producer, Mikihiro Iwata : Producer"
Detective Conan Movie 12: Full Score of Fear, Meitantei Conan Movie 12: Senritsu no Gakufu,Movie,,TMS Entertainment,,"Drama, Mystery, Shounen, Age Transformation, Classical Music, Detectives, Music, Music School, School Life, Based on a Manga",4.03,2008.0,,"""At the prestigious Doumoto Music Academy, tragedy has struck: a bomb suddenly took the lives of two talented musicians as they practiced a piece. Soon after, Conan and the gang are invited to the opening concert of the school's new hall, and together they are able to hear the beautiful sounds of a Stradivarius violin. However, soon into their investigation of the murders, another explosion takes yet another life. Conan and his friends must get to the bottom of these mysterious murders and solve the case before more innocent lives are taken.""",,"Magic Kaitou, Case Closed, Detective Conan: Tokubetsu-hen, Detective Conan (Shima MIZUKI) (Light Novel), Detective Conan: Zero's Tea Time","Detective Conan, Detective Conan Movie 1: The Time Bombed Skyscraper, Detective Conan Movie 2: The Fourteenth Target, Detective Conan Movie 3: The Last Magician of the Century, Detective Conan Movie 4: Captured In her Eyes, Detective Conan Movie 5: Countdown to Heaven, Detective Conan Movie 6: The Phantom of Baker Street, Detective Conan Movie 7: Crossroad in the Ancient Capital, Detective Conan Movie 8: Magician of the Silver Sky, Detective Conan Movie 9: Strategy Above the Depths, Detective Conan Movie 10: The Private Eyes' Requiem, Detective Conan Movie 11: Jolly Roger in the Deep Azure, Detective Conan Movie 13: The Raven Chaser, Detective Conan Movie 14: The Lost Ship in the Sky, Detective Conan Movie 15: Quarter of Silence, Detective Conan Movie 16: The Eleventh Striker, Detective Conan Movie 17: Zekkai no Private Eye, Detective Conan Movie 18: The Sniper From Another Dimension, Detective Conan Movie 19: The Hellfire Sunflowers, Detective Conan Movie 20: The Darkest Nightmare, Detective Conan Movie 21: Kara Kurenai no Love Letter, Detective Conan Movie 22: Zero The Enforcer, Detective Conan Movie 23: The Fist of Blue Sapphire, Detective Conan Movie 24: The Scarlet Bullet","Conan Edogawa : Minami Takayama, Kogoro Mori : Akira Kamiya, Ran Mori : Wakana Yamazaki, Ai Haibara : Megumi Hayashibara, Ayumi Yoshida : Yukiko Iwai, Genta Kojima : Wataru Takagi, Hiroshi Agasa : Kenichi Ogata, Juzo Megure : Chafurin, Gosho Aoyama
Original Creator, Yasuichiro Yamamoto
Director, Katsuo Ono
Music, Masatomo Sudou
Character Design, Michihiko Suwa
Producer, Masahito Yoshioka
Producer","Gosho Aoyama : Original Creator, Yasuichiro Yamamoto : Director, Katsuo Ono : Music, Masatomo Sudou : Character Design, Michihiko Suwa : Producer, Masahito Yoshioka : Producer"
Lucky Star OVA,,OVA  ,1.0,Kyoto Animation,,"Comedy, Shounen, Slice of Life, Gag, Otaku Culture, Based on a 4-Koma Manga, Based on a Manga",4.02,2008.0,,"'Konata, Tsukasa, Kagami and Miyuki are four ordinary high school girls who live their lives from day to day. However with their own brand of humour, and Konata’s seemingly endless supply of anime, manga and game references; the girls can make even their mundane everyday adventures that little bit more enjoyable. Whether they are talking to their friend’s dog, turning a gym class game of volleyball into a match between sisters, getting lost on a hike or even playing online RPG games with their teacher, the lives of these friends is anything but dull.'",,"Lucky Star, Lucky Star: Comic a la Carte, Lucky Star: Pocket Travelers, Lucky Star: Boo Boo Kagaboo, Miyakawa-ke no Kuufuku","Lucky Star, Miyakawa-ke no Kuufuku","Kagami Hiiragi : Emiri Katou, Konata Izumi : Aya Hirano, Miyuki Takara : Aya Endou, Tsukasa Hiiragi : Kaori Fukuhara, Cherry : Kujira, Minami Iwasaki : Minori Chihara, Misao Kusakabe : Kaoru Mizuhara, Nanako Kuroi : Konomi Maeda, Kagami Yoshimizu
Original Creator, Yasuhiro Takemoto
Director, Satoru Kousaki
Music, Yukiko Horiguchi
Character Design, Hideaki Hatta
Producer, Atsushi Itou
Producer, Kengo Shigemura
Editor, Naoko Yamada
Episode Director","Kagami Yoshimizu : Original Creator, Yasuhiro Takemoto : Director, Satoru Kousaki : Music, Yukiko Horiguchi : Character Design, Hideaki Hatta : Producer, Atsushi Itou : Producer, Kengo Shigemura : Editor, Naoko Yamada : Episode Director"
Code Geass: Lelouch of the Rebellion Special Edition - Black Rebellion, Code Geass: Hangyaku no Lelouch Special Edition Black Rebellion,OVA  ,1.0,Sunrise,,"Mecha, Sci Fi, Real Robot, Recap",4.01,2008.0,,'No synopsis yet - check back soon!',,"Code Geass: Lelouch of the Rebellion, Code Geass: Suzaku of the Counterattack, Code Geass: Nightmare of Nunnally, Code Geass: Lelouch of the Rebellion - Knight: Official Comic Anthology - For Girls, Code Geass: Lelouch of the Rebellion - Queen: Official Comic Anthology - For Boys, Code Geass: Lelouch of the Rebellion (Light Novel), Code Geass: Tales of an Alternate Shogunate, Code Geass: Lelouch of the Rebellion R2 (Light Novel), Barcode Geass: Hanbai no Lelouch, Code Geass: Soubou no Oz, Code Geass: Boukoku no Akito (Light Novel), Kateikyoushi no Lelouch-san","Code Geass: Lelouch of the Rebellion, Code Geass: Lelouch of the Rebellion Recaps, Code Geass: Lelouch of the Rebellion Picture Drama, Code Geass: Lelouch of the Rebellion R2, Code Geass: Lelouch of the Rebellion R2 Picture Drama, Code Geass: Lelouch of the Rebellion R2 Flash Specials, Code Geass: Lelouch of the Rebellion R2 Special Edition - Zero Requiem, Code Geass: Lelouch of the Rebellion - Kiseki no Birthday Picture Drama, Code Geass: Akito the Exiled, Code Geass: Nunnally in Wonderland, Code Geass Gaiden: Boukoku no Akito Picture Drama","C.C. : Yukana, Kallen Stadtfeld : Ami Koshimizu, Lelouch Lamperouge : Jun Fukuyama, Suzaku Kururugi : Takahiro Sakurai, Cornelia Li Britannia : Junko Minagawa, Euphemia Li Britannia : Omi Minami, Jeremiah Gottwald : Ken Narita, Kaname Ougi : Mitsuaki Madono, Gorou Taniguchi
Original Creator & Storyboard, Clamp
Original Character Design, Takao Minegishi
Producer, Hirofumi Morotomi
Producer, Yoshitaka Kawaguchi
Producer","Gorou Taniguchi : Original Creator & Storyboard, Clamp : Original Character Design, Takao Minegishi : Producer, Hirofumi Morotomi : Producer, Yoshitaka Kawaguchi : Producer"
ef - a tale of melodies,,TV   ,12.0,SHAFT,Fall ,"Drama, Romance, Neighbors, Based on an Eroge, Based on a Visual Novel",3.98,2008.0,,"""The story of Yu Himura and Yuko Amamiya’s relationship is troubled and complex. One day, Yuko showed up at Yu's high school and, despite the two not having seen one another for ten years, confessed that Yu was her first love and still loves him. In the present, Mizuki Hayama moves in with her cousin as she prepares to begin high school. She meets his smooth and handsome neighbor, Shuichi Kuze, and begins spending increasing amounts of time with him; they begin to fall for one another despite their age difference. The tale of these relationships thus begins to unfold.""",,ef: A Fairy Tale of the Two,"ef - a tale of memories: Prologue, ef - a tale of memories, ef - a tale of memories: Recollections, ef - a tale of melodies: Prologue","Mizuki Hayama : Mai Goto, Shuichi Kuze : Kenji Hamada, Yuu Himura : Kouichi Toochika, Yuuko Amamiya : Yumiko Nakajima, Nagi Hirono : Shizuka Itou, Akane Himura : Junko Shimeno, Akira Amamiya : Tohru Furusawa, Chihiro Shindou : Natsumi Yanase, Shin Oonuma
Director & Episode Director & Op Director & Storyboard, Tenmon
Music, Eiichiro Yanagi
Music, Nobuhiro Sugiyama
Animation Director & Character Design & Chief Animation Director, Shouhei Uchimura
Photography Director, Hitoshi Hibino
Color Design, Mitsuteru Shibata
Producer, Mitsutoshi Kubota
Producer","Shin Oonuma : Director & Episode Director & Op Director & Storyboard, Tenmon : Music, Eiichiro Yanagi : Music, Nobuhiro Sugiyama : Animation Director & Character Design & Chief Animation Director, Shouhei Uchimura : Photography Director, Hitoshi Hibino : Color Design, Mitsuteru Shibata : Producer, Mitsutoshi Kubota : Producer"
Kyo Kara Maoh! 3rd Series,,TV   ,39.0,Studio DEEN,Spring,"Comedy, Fantasy, Harem, Contemporary Fantasy, Demon King, Isekai, Medieval, Non-Human Protagonists, Person in a Strange World, Royalty, Based on a Light Novel",3.98,2008.0,2009.0,"'It is not easy trying to juggle being both a high school student and the Demon King of another world, but Shibuya Yuuri is trying his best. With Yuuri’s family on Earth driving him mad and everyone in Shin Makoku up to their usual antics, everything has returned to normal – but not for long. Behind the scenes, all is not peaceful as there are those within the ten noble families that seek to replace Yuuri as Maou with someone who doesn’t disappear off to another world for weeks on end. With his coming of age ceremony approaching, can Yuuri convince those who doubt him that he is fit for the job?'",,"Kyou kara Ma no Tsuku Jiyuugyou! (Light Novel), Kyo Kara Maoh!","Kyo Kara Maoh!, Kyo Kara Maoh! R","Conrad Weller : Toshiyuki Morikawa, Wolfram Von Bielefeld : Mitsuki Saiga, Yuuri Shibuya : Takahiro Sakurai, Gunter Von Christ : Kazuhiko Inoue, Gwendal Von Voltaire : Akio Ootsuka, Ken Murata : Kouki Miyata, Shori Shibuya : Katsuyuki Konishi, Yozak Gurrier : Masanori Takeda, Junji Nishimura
Director, Youichirou Yoshikawa
Music, Yuka Kudou
Character Design, Itsurou Kawasaki
Storyboard, Michio Fukuda
Storyboard","Junji Nishimura : Director, Youichirou Yoshikawa : Music, Yuka Kudou : Character Design, Itsurou Kawasaki : Storyboard, Michio Fukuda : Storyboard"
Kaiba,,TV   ,12.0,MADHOUSE,Spring,"Adventure, Romance, Sci Fi, Abstract, Amnesia, Body Swapping, Dystopia, Original Work",3.97,2008.0,,"'Welcome to a world in which memories can be transferred from body to body; old painful memories can be removed and replaced with new ones, and the poor sell their bodies to the rich to survive. Waking up one day, Kaiba finds himself in a strange place with no memories of his past and a mysterious hole in his chest; the only clue as to his identity is a locket with a picture of a girl hanging from his neck. Armed with this token, Kaiba must now travel across the galaxy to discover who he is and what the girl in the locket means to him; however, his journey will bring him into contact with many people whose lives have been tragically affected by the manipulation of memories. All too soon it becomes clear that something is very wrong with this world…'",,,,"Kaiba : Houko Kuwashima, Neiro : Mamiko Noto, Popo : Romi Park, Chroniko : Chiwa Saitou, Hyo-Hyo : Wasabi Mizuta, Kaba, Vanilla : Hisao Egawa, Baby : Unshou Ishizuka, Madhouse
Original Creator, Masaaki Yuasa
Director, Kiyoshi Yoshida
Music, Nobutake Itou
Character Design, Manabu Tamura
Producer, Yukiko Ninokata
Producer, Hiroyuki Kitaura
Producer, Eun-Young Choi
Animation Director & Episode Director & Key Animator & Screenplay & Storyboard","Madhouse : Original Creator, Masaaki Yuasa : Director, Kiyoshi Yoshida : Music, Nobutake Itou : Character Design, Manabu Tamura : Producer, Yukiko Ninokata : Producer, Hiroyuki Kitaura : Producer, Eun-Young Choi : Animation Director & Episode Director & Key Animator & Screenplay & Storyboard"
Aria the Origination: That Secret Little Place..., Aria the Origination: Sono Choppiri Himitsu no Basho ni...,DVD S,,Hal Film Maker,,"Sci Fi, Shounen, Slice of Life, Ocean, Based on a Manga",3.97,2008.0,,"'Since Alicia has gone out for the day, business has been temporarily suspended for the Aria Company and Akari must now find some way to occupy herself. With Aika working and Alice at school, the enthusiastic young undine has decided to his the town of Neo Venezia in the company of President Aria. As the pair explores they marvel at the hanging laundry in the residential area, sip tea on the pier and head to a local restaurant for a meal of pasta prepared freshly at the table. Meanwhile, Akatsuki also has some free time and when he spots Akari wandering around, he decides to follow her. But with the pink-haired girl disappearing from his sight at every turn, will he ever be able to catch up to her?'",,"Aqua, Aria, Aria (Light Novel)",Aria the Origination,"Akari Mizunashi : Erino Hazuki, President Aria : Chinami Nishimura, Akatsuki Izumo : Hirofumi Nojima, Aika S. Granzchesta : Chiwa Saitou, Alice Carroll : Ryou Hirohashi, Woody : Yuuji Ueda, Kozue Amano
Original Creator, Junichi Satou
Director, Takeshi Senoo
Music, Choro Club
Music, Makoto Koga
Character Design","Kozue Amano : Original Creator, Junichi Satou : Director, Takeshi Senoo : Music, Choro Club : Music, Makoto Koga : Character Design"
Zoku Sayonara Zetsubou Sensei,,TV   ,13.0,SHAFT,Winter,"Comedy, Shounen, Slice of Life, Breaking the Fourth Wall, Dark Comedy, Gag, Parody, Satire, School Life, Teaching, Based on a Manga, Mature Themes,, Suicide",3.96,2008.0,,"""Nozomu Itoshiki is in despair… again! Condemned a traitor to a religious cult he'd never joined, Nozomu finds himself pursued far-and-wide by its mutated, fanatical worshippers. In his final escape-turned-suicide-attempt, he plunges headlong into the oceanic depths. Sometime later he is discovered - beached, naked, and unconscious -by the unbearably cheery Fuura Kafuka, who drags him to her all-girl high school for care. To his dismay, he is instantly appointed teacher to Kafuka, and her class of extraordinary misfits. What ensues is an unending series of schizophrenic absurdities, beginning with the re-introduction of Nozomu's troubled students; and their problems - tail fetishes, stalking, closet-hiding – quickly become his problems. Thus the grand question arises: will Nozomu finally succeed in ending his life, or will his students beat him to it?""","Mature Themes,, Suicide","Sayonara, Zetsubou-Sensei","Sayonara, Zetsubou-Sensei, Sayonara Zetsubou Sensei Jo: Zetsubou Shoujo Senshuu, Sayonara Zetsubou Sensei Jo: Zoku Zetsubou Shoujo Senshuu, Goku Sayonara Zetsubou Sensei, Zan Sayonara Zetsubou Sensei, Zan Sayonara Zetsubou Sensei Bangaichi, Sayonara Zetsubou Sensei Blu-ray Box Special, Sayonara Zetsubou Sensei Special Omake","Abiru Kobushi : Yuuko Gotou, Chiri Kitsu : Marina Inoue, Harumi Fujiyoshi : Miyu Matsuki, Kaere Kimura : Yuu Kobayashi, Kafuka Fuura : Ai Nonaka, Kiri Komori : Asuka Tanii, Matoi Tsunetsuki : Asami Sanada, Meru Otonashi : Chiwa Saitou, Kouji Kumeta
Original Creator, Yukihiro Miyamoto
Chief Director & Ed Director & Episode Director & Op Director & Storyboard, Akiyuki Simbo
Director, Naoyuki Tatsuwa
Assistant Director & Key Animator & Op Director & Storyboard, Shaft
Series Composition, Tomoki Hasegawa
Music, Hideyuki Morioka
Character Design & Chief Animation Director, Rei Egami
Photography Director","Kouji Kumeta : Original Creator, Yukihiro Miyamoto : Chief Director & Ed Director & Episode Director & Op Director & Storyboard, Akiyuki Simbo : Director, Naoyuki Tatsuwa : Assistant Director & Key Animator & Op Director & Storyboard, Shaft : Series Composition, Tomoki Hasegawa : Music, Hideyuki Morioka : Character Design & Chief Animation Director, Rei Egami : Photography Director"
My Bride Is a Mermaid OVA, Seto no Hanayome OVA,OVA  ,2.0,AIC,,"Comedy, Shounen, Mermaids, Based on a Manga",3.96,2008.0,2009.0,"""Now in their third year of school, Nagasumi continues to evade death at the hands of San and Luna's over-protective fathers and their merfolk mafia. Everyone hopes to get placed in the same class again this year, but Nagasumi is instead placed into a class full of oddball delinquents and a teacher named Shark – a teacher who then orders everyone to kill each other! While Nagasumi fights for his life in school, on the weekends he gets to date San and take her out to movies and maid cafes. With danger always around the corner in Nagasumi’s presence, he’s constantly rushing to everyone’s rescue, leaving a very worried San in return. Will Nagasumi manage to escape this semester unscathed?""",,Seto no Hanayome,"My Bride is a Mermaid, My Bride is a Mermaid OVA Special","Lunar Edomae : Sakura Nogawa, Nagasumi Michishio : Takahiro Mizushima, Sun Seto : Haruko Momoi, Akeno Shiranui : Eri Kitamura, Gozaburo Seto : Kenta Miyake, Hideyoshi Sarutobi : Masahito Yabe, Kai Mikawa : Daisuke Ono, Lunar'S Papa : Tesshou Genda, Tahiko Kimura
Original Creator, Seiji Kishi
Director, Kazuaki Morita
Character Design, Hideyuki Nanba
Producer, Shinsaku Hatta
Producer, Yasutaka Kimura
Producer, Tetsuya Tsuchihashi
Producer, Hirotsugu Oogo
Producer","Tahiko Kimura : Original Creator, Seiji Kishi : Director, Kazuaki Morita : Character Design, Hideyuki Nanba : Producer, Shinsaku Hatta : Producer, Yasutaka Kimura : Producer, Tetsuya Tsuchihashi : Producer, Hirotsugu Oogo : Producer"
The Garden of Sinners Movie 6: Fairy Tale. (Oblivion Recording), Kara no Kyoukai Movie 6: Boukyaku Rokuon,Movie,,ufotable,,"Drama, Mystery, Overpowered Main Characters, Supernatural, Based on a Light Novel, Cannibalism,, Drug Use,, Mature Themes,, Violence",3.95,2008.0,,"""January 1999: Apprentice mage Azaka Kokutou, Mikiya's younger sister, has been ordered by her mentor, Touko Aozaki, to\xa0investigate a certain incident in which fairies steal the memories of students at Azaka's school, Reien Academy. Azaka launches an investigation with the help of Shiki.""","Cannibalism,, Drug Use,, Mature Themes,, Violence","The Garden of Sinners (Light Novel), Kara no Kyoukai: The Garden of Sinners, The Garden of Sinners: Recalled Out Summer (Light Novel), The Garden of Sinners: Shuumatsu Rokuon/The Garden of Oblivion (Light Novel)","Lunar Legend Tsukihime, The Garden of Sinners Movie 1: Thanatos. (Overlooking View), Kara no Kyoukai: Cinema Intros, The Garden of Sinners Movie 2: ...And Nothing Heart. (Murder Speculation Part A), The Garden of Sinners Movie 3: Ever Cry, Never Life. (Remaining Sense of Pain), The Garden of Sinners Movie 4: Garan-no-Dou. (The Hollow Shrine), The Garden of Sinners Movie 5: Paradox Paradigm, The Garden of Sinners Remix: Gate of Seventh Heaven, The Garden of Sinners Movie 7: ......Not Nothing Heart. (Murder Speculation Part B), The Garden of Sinners: Epilogue, The Garden of Sinners: Recalled Out Summer, The Garden of Sinners: Recalled Out Summer - Extra Chorus","Azaka Kokutou : Ayumi Fujimura, Shiki Ryougi : Maaya Sakamoto, Mikiya Kokutou : Kenichi Suzumura, Misaya Ouji : Nana Mizuki, Satsuki Kurogiri : Ryotaro Okiayu, Akira, Fujino Asagami, Hideo Hayama : Yuuichi Ishigami, Kinoko Nasu
Original Creator & Song Lyrics, Takashi Takeuchi
Original Character Design, Takahiro Miura
Director, Yuki Kajiura
Music & Song Arrangement & Song Composition & Song Lyrics, Atsushi Ogasawara
Animation Director & Character Design, Tomonori Sudou
Animation Director & Character Design, Yuuichi Terao
Photography Director, Seiji Matsuda
Photography Director","Kinoko Nasu : Original Creator & Song Lyrics, Takashi Takeuchi : Original Character Design, Takahiro Miura : Director, Yuki Kajiura : Music & Song Arrangement & Song Composition & Song Lyrics, Atsushi Ogasawara : Animation Director & Character Design, Tomonori Sudou : Animation Director & Character Design, Yuuichi Terao : Photography Director, Seiji Matsuda : Photography Director"
Goku Sayonara Zetsubou Sensei,,OVA  ,3.0,SHAFT,,"Comedy, Shounen, Slice of Life, Breaking the Fourth Wall, Dark Comedy, Gag, Parody, Satire, Teaching, Based on a Manga, Mature Themes,, Suicide",3.94,2008.0,2009.0,"""Itoshiki Nozomu continues to live his life in despair, unable to see the good in living... not that his homeroom class really helps matters! Mixing this suicidal teacher with his diverse and sometimes psychotic class often leads to some of the most bizarre situations. Even receiving Valentine's chocolates ends up with everyone deciding that full-blown otakus are the only citizens capable of keeping national secrets. Though whether it's discussing the hidden battles that are often far more complicated and more violent than ones that are broadcast, or lamenting that the changing world often means that nothing is quite as good as the original, it isn't surprising that Itoshiki is not the only one that’s left in despair.""","Mature Themes,, Suicide","Sayonara, Zetsubou-Sensei","Sayonara, Zetsubou-Sensei, Sayonara Zetsubou Sensei Jo: Zetsubou Shoujo Senshuu, Zoku Sayonara Zetsubou Sensei, Sayonara Zetsubou Sensei Jo: Zoku Zetsubou Shoujo Senshuu, Zan Sayonara Zetsubou Sensei, Zan Sayonara Zetsubou Sensei Bangaichi, Sayonara Zetsubou Sensei Blu-ray Box Special, Sayonara Zetsubou Sensei Special Omake","Abiru Kobushi : Yuuko Gotou, Chiri Kitsu : Marina Inoue, Harumi Fujiyoshi : Miyu Matsuki, Kaere Kimura : Yuu Kobayashi, Kafuka Fuura : Ai Nonaka, Kiri Komori : Asuka Tanii, Matoi Tsunetsuki : Asami Sanada, Meru Otonashi, Kouji Kumeta
Original Creator, Yukihiro Miyamoto
Chief Director & Ed Director & Storyboard, Akiyuki Simbo
Director & Series Composition, Naoyuki Tatsuwa
Assistant Director & Key Animator & Storyboard, Shaft
Series Composition, Tomoki Hasegawa
Music, Hideyuki Morioka
Character Design & Chief Animation Director, Rei Egami
Photography Director","Kouji Kumeta : Original Creator, Yukihiro Miyamoto : Chief Director & Ed Director & Storyboard, Akiyuki Simbo : Director & Series Composition, Naoyuki Tatsuwa : Assistant Director & Key Animator & Storyboard, Shaft : Series Composition, Tomoki Hasegawa : Music, Hideyuki Morioka : Character Design & Chief Animation Director, Rei Egami : Photography Director"
Special A,,TV   ,24.0,AIC,Spring,"Comedy, Romance, Shoujo, Rivalries, Romantic Comedy, Based on a Manga",3.93,2008.0,,"'Ever since their first meeting at six years old, Hikari Hanazono has struggled to defeat her rival Kei Takashima at anything, whether it be athletics or academics. To date she has proven unsuccessful, resulting in Kei constantly referring to her as ""second place."" In reality, Kei has been in love with Hikari for quite some time, but Hikari remains completely oblivious to the fact. Now, as the top two students in a prestigious academy, the duo continues their long-running competition as part of the school\'s elite class of seven, the Special A. Will Hikari ever surpass Kei... or realize that he loves her?'",,"Special A, Special A: Jougai Rantou",,"Akira Toudou : Hitomi Nabatame, Hikari Hanazono : Yuuko Gotou, Jun Yamamoto : Tsubasa Yonaga, Kei Takishima : Jun Fukuyama, Megumi Yamamoto : Ayahi Takagaki, Ryuu Tsuji : Kazuma Horie, Tadashi Karino : Hiro Shimono, Aoi Ogata : Kouji Yusa, Maki Minami
Original Creator, Yoshikazu Miyao
Director, Kiyotaka Nakahara
Character Design, Hiroshi Kawamura
Producer, Fuminori Yamazaki
Producer, Youko Kawahara
Producer, Takashi Watanabe
Producer, Sawako Yamamoto
Animation Director","Maki Minami : Original Creator, Yoshikazu Miyao : Director, Kiyotaka Nakahara : Character Design, Hiroshi Kawamura : Producer, Fuminori Yamazaki : Producer, Youko Kawahara : Producer, Takashi Watanabe : Producer, Sawako Yamamoto : Animation Director"
Hidamari Sketch x 365,,TV   ,13.0,SHAFT,Summer,"Comedy, Seinen, Slice of Life, Art, Art School, Boarding House, Iyashikei, Neighbors, School Life, Based on a 4-Koma Manga, Based on a Manga",3.93,2008.0,,"""It is still Yuno's first year at Yamabuki High school, and for the girls of the Hidamari apartment complex, life continues as normal. Whether it is visiting a shrine to do some sketching on their day off, or sitting under a kotatsu enjoying nabe on a cold winter's day, Yuno, Miyuko, Sae and Hiro make the most of each other’s company and cherish the time they have together. From the entrance exams and meeting each other, through the seasons, follow the day-to-day lives of these girls as they make each moment count and bring their own brand of fun to the most everyday activities.""",,"Sunshine Sketch, Hidamari Sketch: Anthology Comic, Hidamari Sketch: Youkoso Hidamari-sou e (Light Novel), Hidamari Sketch: Hidamari School Life (Light Novel)","Hidamari Sketch, Hidamari Sketch Specials, Hidamari Sketch: Chou Hidamatsuri Special, Hidamari Sketch x 365 EX, Hidamari Sketch x 365 Specials, Hidamari Sketch x Hoshimittsu, Hidamari Sketch x Hoshimittsu Specials, Hidamari Sketch x SP, Hidamari Sketch x Honeycomb, Hidamari Sketch: Sae & Hiro's Graduation Arc","Hiro : Yuuko Gotou, Miyako : Kaori Mizuhashi, Sae : Ryouko Shintani, Yuno : Kana Asumi, Chika : Rie Kugimiya, Landlady : Miyuki Sawashiro, Principal : Choo, Yoshinoya : Miyu Matsuki, Ume Aoki
Original Creator, Akiyuki Simbo
Director & Storyboard, Tomoki Kikuya
Music, Yoshiaki Itou
Animation Director & Character Design & Chief Animation Director & Key Animator, Shinichirou Etou
Photography Director, Hisaharu Iijima
Art Director, Junichirou Tanaka
Producer, Kozue Kaneniwa
Producer","Ume Aoki : Original Creator, Akiyuki Simbo : Director & Storyboard, Tomoki Kikuya : Music, Yoshiaki Itou : Animation Director & Character Design & Chief Animation Director & Key Animator, Shinichirou Etou : Photography Director, Hisaharu Iijima : Art Director, Junichirou Tanaka : Producer, Kozue Kaneniwa : Producer"
Death Note Rewrite 2: L's Successors, Death Note Rewrite 2: L wo Tsugu Mono,TV Sp,,MADHOUSE,,"Mystery, Crime, Criminals, Mind Games, Psychological, Psychopaths, Serial Killers, Shinigami, Supernatural, Vigilantes",3.91,2008.0,,'No synopsis yet - check back soon!',,"Death Note (Pilot), Death Note, Death Note: Another Note - The Los Angeles BB Murder Cases (Light Novel), Death Note: L Change the World (Light Novel), Death Note Special","Death Note, Death Note Rewrite 1: Visions of a God","Light Yagami : Mamoru Miyano, Mello : Nozomu Sasaki, Near, Ryuk : Shidou Nakamura, Anthony Rester : Masaki Aizawa, Halle Lidner, Hideki Ide, Hirokazu Ukita, Tetsurou Araki
Director, Masaru Kitao
Character Design, Kazuhiro Yamada
Photography Director, Manabu Tamura
Producer, Toshio Nakatani
Producer","Tetsurou Araki : Director, Masaru Kitao : Character Design, Kazuhiro Yamada : Photography Director, Manabu Tamura : Producer, Toshio Nakatani : Producer"
"The Familiar of Zero: ""Rondo"" of Princesses", Zero no Tsukaima: Princess no Rondo,TV   ,12.0,J.C.Staff,Summer,"Comedy, Fantasy, Isekai, Magic, Magic School, Master-Servant Relationship, Person in a Strange World, School Life, Tsundere, Based on a Light Novel",3.91,2008.0,,"'Following the war against Albion, Saito has returned to the Tristain Academy and is becoming increasingly closer to Louise. However, their newfound tranquillity is shattered when one day, the runes on the back of Saito’s hand disappear. Saito is now free from being Louise’s familiar, but not from her ‘explosive’ temper. Nevertheless, Saito refuses to leave Louise’s side and pledges to help her find a way to renew their contract and regain his powers. Soon, while on a mission to find the elf that revived Saito during the final battle against Albion, the duo encounters the mysterious Sheffield: a familiar of another void magic user. Why is Sheffield pursuing the pair and what plans does her master have for them?'",,"Zero no Tsukaima (Light Novel), Zero's Familiar, Zero no Tsukaima Gaiden: Tabitha no Bouken (Light Novel), Zero no Tsukaima Gaiden: Tabitha no Bouken, Zero no Chukaima - Youchien nano!, Zero's Familiar Chevalier","The Familiar of Zero, The Familiar of Zero: Knight of the Twin Moons, The Familiar of Zero: ""Rondo"" of Princesses Picture Drama, The Familiar of Zero: ""Rondo"" of Princesses - Seductive Beach, The Familiar of Zero F","Louise Francoise Le Blanc De La Valliere : Rie Kugimiya, Saito Hiraga : Satoshi Hino, Agnes Chevalier De Milan : Michiko Neya, Guiche De Gramont : Takahiro Sakurai, Henrietta De Tristain : Ayako Kawasumi, Jean Colbert : Takuma Suzuki, King Joseph : Juurouta Kosugi, Kirche Augusta Frederica Von Anhalt Zerbst : Nanako Inoue, Eiji Usatsuka
Original Character Design, Yuu Kou
Director, Shinkichi Mitsumune
Music, Masahiro Fujii
Character Design, Masazumi Katou
Producer, Mitsuhiro Matsuo
Producer, Miho Ichii
Producer, Koutarou Tamura
Storyboard","Eiji Usatsuka : Original Character Design, Yuu Kou : Director, Shinkichi Mitsumune : Music, Masahiro Fujii : Character Design, Masazumi Katou : Producer, Mitsuhiro Matsuo : Producer, Miho Ichii : Producer, Koutarou Tamura : Storyboard"
Ranma 1/2 Akumu! Shunmin Kou, Ranma 1/2: Nightmare! Incense of Spring Sleep,OVA  ,1.0,Studio DEEN,,"Comedy, Harem, Romance, Shounen, Martial Arts, Based on a Manga, Nudity",3.9,2008.0,,"'Happosai, fed up with Ranma interfering with his hobby, decides to use a sleeping incense on him to make Ranma ""sleep till spring"".But Akane accidentally smells the incense and due to unforeseen side effects starts attacking everyone and everything in her sleep. Now the gang has to find a way to wake her up.'",Nudity,Ranma 1/2,"Ranma 1/2, Ranma 1/2: The Movie - Big Trouble in Nekonron, China, Ranma 1/2: Tendou-ke no Oyobidenai Yatsura!, Ranma 1/2: The Movie 2 - Nihao My Concubine, Ranma 1/2 OVA, Ranma 1/2 OVA: Chou Musabetsu Kessen! Ranma Team VS Densetsu no Houou, Ranma 1/2 Special, Ranma 1/2 Super","Akane Tendo : Noriko Hidaka, Ranma Saotome : Megumi Hayashibara, Happosai, Shampoo : Rei Sakuma, Ukyo Kuonji : Hiromi Tsuru, Ataru Moroboshi, Cologne : Miyoko Asou, Genma Saotome : Kenichi Ogata, Rumiko Takahashi
Original Creator, Takeshi Mori
Director, Kouhei Tanaka
Music, Atsuko Nakajima
Character Design, Shigemi Ikeda
Art Director, Yoshikazu Iwanami
Sound Director, Hiroshi Hasegawa
Producer, Norio Matsumoto
Key Animator","Rumiko Takahashi : Original Creator, Takeshi Mori : Director, Kouhei Tanaka : Music, Atsuko Nakajima : Character Design, Shigemi Ikeda : Art Director, Yoshikazu Iwanami : Sound Director, Hiroshi Hasegawa : Producer, Norio Matsumoto : Key Animator"
Bleach Movie 3: Fade to Black, Bleach Movie 3: Fade to Black - Kimi no Na wo Yobu,Movie,,Pierrot,,"Action, Shounen, Shinigami, Supernatural, Swordplay, Based on a Manga",3.89,2008.0,,"'One night, two mysterious figures infiltrate the Twelfth Squad’s laboratory for nefarious purposes, wiping out\xa0a third of Seireitei in the process. Amidst the commotion, the intruders approach Rukia and indirectly cause everyone she knows to forget about her – that is, except for Ichigo, who manages to escape this mind alteration. Sensing that something is wrong, Ichigo travels to Soul Society for answers; but with obliterated memories, everyone treats him as an enemy. Now, with all thirteen protection squads chasing him, can Ichigo find a way to retrieve the lost memories of his friends and rescue Rukia - not to mention find out why was she targeted in the first place?'",,"Bleach (Pilot), Bleach, Bleach: Letters From the Other Side (Light Novel), Bleach: The Honey Dish Rhapsody (Light Novel), Bleach: Jigoku Hen Special - The Unforgivens, Bleach 4-koma: Komaburi, Bleach Unmasked Short Stories, Bleach: Spirits Are Forever with You (Light Novel), Bleach: The Death Save the Strawberry (Light Novel), Bleach: We Do Knot Always Love You (Light Novel), Bleach: Can't Fear Your Own World (Light Novel)","Bleach: Memories in the Rain, Bleach, Bleach: The Sealed Sword Frenzy, Bleach Movie 1: Memories of Nobody, Bleach Movie 2: The DiamondDust Rebellion, Bleach Movie 4: Hell Verse","Homura : Aya Hirano, Ichigo Kurosaki : Masakazu Morita, Renji Abarai : Kentarou Itou, Rukia Kuchiki : Fumiko Orikasa, Shizuku : Hiroshi Kamiya, Byakuya Kuchiki : Ryotaro Okiayu, Genryuusai Yamamoto : Masaaki Tsukada, Hanatarou Yamada : Kouki Miyata, Tite Kubo
Original Creator, Noriyuki Abe
Director, Shirou Sagisu
Music, Masashi Kudou
Character Design, Ken Hagino
Producer, Shunji Aoki
Producer, Mikihiko Fukazawa
Producer, Ryouji Nakamori
Key Animator","Tite Kubo : Original Creator, Noriyuki Abe : Director, Shirou Sagisu : Music, Masashi Kudou : Character Design, Ken Hagino : Producer, Shunji Aoki : Producer, Mikihiko Fukazawa : Producer, Ryouji Nakamori : Key Animator"
Xam'd: Lost Memories, Bounen no Xamdou,Web  ,26.0,Bones,Summer,"Action, Romance, Sci Fi, Island, Military, War, Original Work",3.89,2008.0,2009.0,"""Akiyuki lives on post-war Sentan Island, always rushing between the demands of his separated parents and his friends at school. But his carefree days come abruptly to an end when his school bus suffers an explosion, the first attack to plunge Sentan back into war. Akiyuki lives to find himself turned into a Xam'd, a mysterious creature, by the suspected cause of the explosion. Engulfed by Xam'd, Akiyuki is eventually saved by a red-haired girl, Nakiami, only to find himself torn away from those he loves. Now he must work to control and understand the creature within him, all while searching for his family and friends in a world steeped in the secrets and chaos of war.""",,Bounen no Xamdou: Junreisha no Compass,,"Akiyuki Takehara : Atsushi Abe, Haru Nishimura : Fumiko Orikasa, Nakiami : Yuuko Sanpei, Ahm : Kenji Hamada, Akushiba : Katsuyuki Konishi, Furuichi Teraoka : Shinnosuke Tachibana, Fusa Takehara : Risa Hayamizu, Ishuu Benikawa : Yumi Tamai, Masayuki Miyaji
Director, Michiru Ooshima
Music, Ayumi Kurashima
Character Design, Ryou Ooyama
Producer, Miho Kawagoe
Producer, Makoto Watanabe
Producer, Seiya Numata
Key Animator","Masayuki Miyaji : Director, Michiru Ooshima : Music, Ayumi Kurashima : Character Design, Ryou Ooyama : Producer, Miho Kawagoe : Producer, Makoto Watanabe : Producer, Seiya Numata : Key Animator"
Junjou Romantica Special,,DVD S,,Studio DEEN,,"BL, Comedy, Shounen-ai, Romantic Comedy, Based on a Manga",3.88,2008.0,,'No synopsis yet - check back soon!',,Junjou Romantica,"Junjou Romantica, Junjou Romantica 2, Junjou Romantica OVA, Junjou Romantica 3, Junjou Romantica OVA 2","Akihiko Usami, Misaki Takahashi, Hiroki Kamijou, Nowaki Kusama, Shinobu Takatsuki, You Miyagi",
Michiko & Hatchin, Michiko to Hatchin,TV   ,22.0,Manglobe,Fall ,"Action, Adventure, Police, Original Work, Violence",3.88,2008.0,2009.0,"""Hana is a nine-year-old girl who lives in constant fear of her abusive family; Michiko is a sexy woman who has just done the unthinkable: broken out of the impenetrable Diamandra Penitentiary. After Hana is whisked away by Michiko, who claims to be her mother, the duo sets forth on a high octane ride towards freedom. In the streets of Brazil and aboard Michiko's motorcycle, Hana and Michiko will look for Hana's long lost father, try to learn to co-exist and get along together, and stay one step ahead of the police and afro-clad Atsuko.""",Violence,,,"Hana Morenos : Suzuka Ohgo, Michiko Malandro : Yoko Maki, Atsuko Jackson : Maki Sakai, Satoshi Batista : Masaki Miura, Shinsuke Rodriguez : Scott Freeman, Anastacia : Gara Takashima, Bebel Feng-Yi : Minami Tamura, Blanco, Sayo Yamamoto
Director, Alexandre Kassin
Music, Hiroshi Shimizu
Character Design, Kazuhiro Yamada
Photography Director, Takashi Kouchiyama
Producer, Kouji Yamamoto
Producer, Yoshinori Takeeda
Producer, Koutarou Tamura
Episode Director","Sayo Yamamoto : Director, Alexandre Kassin : Music, Hiroshi Shimizu : Character Design, Kazuhiro Yamada : Photography Director, Takashi Kouchiyama : Producer, Kouji Yamamoto : Producer, Yoshinori Takeeda : Producer, Koutarou Tamura : Episode Director"
Detective Conan Magic File 2: Kudou Shinichi - The Case of the Mysterious Wall and the Black Lab, Meitantei Conan Magic File 2: Kudou Shin'ichi Nazo no Kabe to Kuro Lab Jiken,OVA  ,1.0,TMS Entertainment,,"Mystery, Shounen, Age Transformation, Detectives, Based on a Manga",3.87,2008.0,,"'One day during middle school, while impressing the local kids at the park with his soccer skills, Shinichi meets a strange man asking\xa0people if they saw him at the park three days ago. His name is Kouichi Akimoto, and he is the prime suspect in his grandmother’s murder. At the time of the killing, Kouichi was asleep in the middle of the park following a drunken night with a friend, making it impossible for him to be the culprit, but there’s just one problem: there’s no one to confirm his story! Determined to help the man, Shinichi begins to investigate. But when his only lead – a woman walking a large black Labrador – hits a brick wall, it seems his inquiry is back to square one. Can the rookie Shinichi figure out the truth of the matter and get Kouichi his much needed alibi?'",,"Magic Kaitou, Case Closed, Detective Conan: Tokubetsu-hen, Detective Conan: Zero's Tea Time","Detective Conan, Detective Conan OVA 1: Conan vs Kid vs YAIBA, Detective Conan OVA 2: 16 Suspects, Detective Conan OVA 3: Conan and Heiji and the Vanished Boy, Detective Conan OVA 4: Conan and Kid and Crystal Mother, Detective Conan OVA 5: The Target is Kogoro! The Detective Boys' Secret Investigation, Detective Conan OVA 6: Follow the Vanished Diamond! Conan and Heiji vs Kid!, Detective Conan OVA 7: A Challenge from Agasa, Detective Conan OVA 8: High School Girl Detective Sonoko Suzuki's Case Files, Detective Conan OVA 9: The Stranger of 10 Years, Detective Conan Magic File 3: Shinichi and Ran: Memories of Mahjong Tiles and Tanabata, Lupin III Special 21: Lupin III vs Detective Conan, Detective Conan OVA 10: Kid in Trap Island, Detective Conan Magic File 4: Osaka Okonomiyaki Odyssey, Detective Conan Magic File 5: Niigata - Tokyo Omiyage Capriccio, Detective Conan OVA 11: A Secret Order from London, Detective Conan vs. Wooo, Detective Conan: Excalibur no Kiseki, Detective Conan Magic File 6: Fantasista Flower, The Disappearance of Conan Edogawa: The Worst Two Days in History, Detective Conan Movie 24: The Scarlet Bullet","Conan Edogawa : Minami Takayama, Shinichi Kudo : Kappei Yamaguchi, Kouichi Akimoto : Shigeru Nakahara, Ran Mori : Wakana Yamazaki, Ayumi Yoshida : Yukiko Iwai, Genjiyama : Shiro Gou, Genta Kojima : Wataru Takagi, Mitsuhiko Tsuburaya : Ikue Ootani, Gosho Aoyama
Original Creator, Yasuichiro Yamamoto
Director, Katsuo Ono
Music, Junko Yamanaka
Character Design, Masatomo Sudou
Character Design, Michihiko Suwa
Producer, Masahito Yoshioka
Producer","Gosho Aoyama : Original Creator, Yasuichiro Yamamoto : Director, Katsuo Ono : Music, Junko Yamanaka : Character Design, Masatomo Sudou : Character Design, Michihiko Suwa : Producer, Masahito Yoshioka : Producer"
One Piece: Romance Dawn Story,,TV Sp,,Toei Animation,,"Action, Comedy, Shounen, Pirates, Based on a Manga",3.86,2008.0,,"'When Luffy is separated from his crew he ends up on the ship of Crescent Beard Galley in search of some food; its crew picks a fight with him but Luffy effortlessly beats them anyways. Meanwhile the ship heads for a town on a small island that was ravaged by pirates fifteen years ago, and when he disembarks, Luffy is attacked by a young woman named Silk. When she realizes that he isn’t Galley, Silk offers Luffy a good meal and explains to him that, as it’s her greatest treasure, she will defend the town at all costs. So when Galley returns to ransack the island – and settle his grudge with Luffy – it’s time for Silk to prove that she can protect what is most dear to her. Can the pair stop Galley from destroying the town, and will Luffy be able to meet up with the crew of the Thousand Sunny again?'",,"Romance Dawn, One Piece",,"Galley : Rikiya Koyama, Monkey D. Luffy : Mayumi Tanaka, Silk : Kaya Matsutani, Mayor : Kozo Shioya, Brook : Choo, Franky : Kazuki Yao, Nami : Akemi Okamura, Robin Nico : Yuriko Yamaguchi, Eiichiro Oda
Original Creator, Katsumi Tokoro
Director, Kouhei Tanaka
Music, Shirou Hamaguchi
Music","Eiichiro Oda : Original Creator, Katsumi Tokoro : Director, Kouhei Tanaka : Music, Shirou Hamaguchi : Music"
Chi's Sweet Home, Chi's Sweet Home - Chi's New Address,TV   ,104.0,MADHOUSE,Spring,"Adventure, Comedy, Seinen, Slice of Life, Animal Protagonists, Cats, Family Friendly, Iyashikei, Non-Human Protagonists, Pets, Short Episodes, Based on a Manga",3.86,2008.0,,"'One day, a young kitten was on a walk with her mother and siblings; but soon she became separated from her kin. Struggling to find her way home, the kitten soon ran into a young boy named Yohei and his mother; and out of pity, the duo takes the kitten home with them. Unfortunately they discover that they are unable to keep pets in their home, and thus begin a quest to find her a new place to live. From playing with shoelaces to being washed, the cute kitten named Chi will have fun and get to know her new family – though all she really wants is to make it home to her feline mother.'",,"Chi's Sweet Home, Chi's Sweet Adventures","Chi's New Address, Chi's Sweet Home OVA, Chi's Sweet Adventure, Chi's Sweet Adventure 2nd Season","Chi Yamada : Satomi Koorogi, Kento Yamada : Hidenobu Kiuchi, Miwa Yamada : Noriko Hidaka, Yohei Yamada : Etsuko Kozakura, Juri : Ikumi Satou, Kuroi : Kiyoyuki Yanada, Chi'S Mother : Noriko Hidaka, Juri'S Mother : Kaori Yagi, Kanata Konami
Original Creator, Mitsuyuki Masuhara
Director, Akemi Kobayashi
Character Design, Takashi Murayama
Producer, Junji Aoki
Producer, Kenichi Komori
Producer, Masaki Hinata
Animation Director, Masumi Itou
Song Arrangement & Song Composition","Kanata Konami : Original Creator, Mitsuyuki Masuhara : Director, Akemi Kobayashi : Character Design, Takashi Murayama : Producer, Junji Aoki : Producer, Kenichi Komori : Producer, Masaki Hinata : Animation Director, Masumi Itou : Song Arrangement & Song Composition"
Shugo Chara!! Doki,,TV   ,51.0,SATELIGHT,Fall ,"Comedy, Fantasy, Magical Girl, Romance, Shoujo, Family Friendly, Henshin Heroes, Magic, Monster-of-the-week, Based on a Manga",3.86,2008.0,2009.0,"'The guardians’ lives have been somewhat quiet lately, as X Eggs have stopped appearing. But just when the gang start to question whether Easter has given up on the fight for the embryo, a new type of X Egg appears and the battle begins once more. Amu has a lot to worry about – not only with the appearance of the new X Egg, but also the anxiety of wondering if Dia will ever hatch! Above all else, will Amu finally be able to choose which guy she truly likes the most?'",,"Shugo Chara!, Shugo Chara-chan!","Shugo Chara!, Shugo Chara Party!","Amu Hinamori : Kanae Itou, Ikuto Tsukiyomi : Miyuki Sawashiro, Lulu De Morcef : Akemi Kanda, Miki : Nanae Katou, Nadeshiko Fujisaki : Saeko Chiba, Ran : Kana Asumi, Rima Mashiro : Sayuri Yahagi, Suu : Aki Toyosaki, Peach-Pit
Original Creator, Kenji Yasuda
Director & Screenplay & Storyboard, Di'Ll
Music, Fumihide Sai
Character Design, Yoshio Usuda
Animation Director","Peach-Pit : Original Creator, Kenji Yasuda : Director & Screenplay & Storyboard, Di'Ll : Music, Fumihide Sai : Character Design, Yoshio Usuda : Animation Director"
A Certain Magical Index, Toaru Majutsu no Index,TV   ,24.0,J.C.Staff,Fall ,"Action, Sci Fi, Magic, Supernatural, Superpowers, Based on a Light Novel, Explicit Violence",3.86,2008.0,2009.0,"'Touma Kamijou\'s right hand has the ability to nullify any form of supernatural power, whether it be magical, psychic, or divine; he lives in a city populated by students with these powers. Yet unfortunately for Touma, his arm also seems to nullify good luck. Despite his bad luck, the boy tries to stay out of trouble and just live out his life, trying to be the ""good guy"" whenever he can; but trouble enters his life one day when he finds a young girl hanging on his balcony. She turns out to be a nun of the Church of England, bearing the Index-Librorum-Prohibitorum - a collection of 103,000 forbidden texts, and as a result has a number of people after her. How far will Touma go to protect his new companion from her pursuers?'",Explicit Violence,"A Certain Magical Index (Light Novel), A Certain Scientific Railgun, A Certain Magical Index, A Certain Magical Index: New Testament (Light Novel), A Certain Scientific Railgun Featuring a Certain Magical Index Official Comic Anthology, A Certain Scientific Accelerator, A Certain Scientific Dark Matter, Genesis Testament: A Certain Magical Index (Light Novel)","A Certain Magical Index-tan, A Certain Scientific Railgun, A Certain Magical Index II, A Certain Magical Index 10th Anniversary PV, A Certain Magical Index III, A Certain Scientific Accelerator","Index : Yuka Iguchi, Touma Kamijou : Atsushi Abe, Accelerator : Nobuhiko Okamoto, Aisa Himegami : Mamiko Noto, Kaori Kanzaki : Shizuka Itou, Komoe Tsukuyomi : Kimiko Koyama, Kuroko Shirai : Satomi Arai, Mikoto Misaka : Rina Satou, Hiroshi Nishikiori
Director, Maiko Iuchi
Music, Yuuichi Tanaka
Character Design, Yuuji Matsukura
Producer, Kouhei Kawase
Producer, Yasutaka Kimura
Producer, Nobuhiro Nakayama
Producer, Kazuma Miki
Producer","Hiroshi Nishikiori : Director, Maiko Iuchi : Music, Yuuichi Tanaka : Character Design, Yuuji Matsukura : Producer, Kouhei Kawase : Producer, Yasutaka Kimura : Producer, Nobuhiro Nakayama : Producer, Kazuma Miki : Producer"
Darker than Black: Beneath Cherry Blossoms in Full Bloom..., Darker than Black: Sakura no Hana no Mankai no Shita,DVD S,,Bones,,"Action, Sci Fi, Superpowers, Original Work",3.86,2008.0,,"""Within the Contractor underground, intrigue and murder surround a stolen chemical. When the pages of Otsuka's work reveal details that point to the coveted substance, BK201 might be forced to write the final chapter of the young author's tale.""",,"Darker Than Black, Darker than Black: Shikkoku no Hana","Darker than Black, Darker than Black: Gemini of the Meteor, Darker than Black: Kuro no Keiyakusha Gaiden","Hei : Hidenobu Kiuchi, Mao : Ikuya Sawaki, Mayu Otsuka : Yuuna Inamura, Huang : Masaru Ikeda, Kiko Kayanuma : Emiri Katou, Misaki Kirihara : Nana Mizuki, Yin : Misato Fukuen, Yusuke Saito : Tomoyuki Shimura, Tensai Okamura
Director, Youko Kanno
Music, Takahiro Komori
Character Design, Ryou Ooyama
Producer, Yoshihiro Ooyabu
Producer","Tensai Okamura : Director, Youko Kanno : Music, Takahiro Komori : Character Design, Ryou Ooyama : Producer, Yoshihiro Ooyabu : Producer"
Saint Seiya: The Hades Chapter - Elysion, Saint Seiya: Meiou Hades Elysion-hen,OVA  ,6.0,Toei Animation,,"Action, Adventure, Fantasy, Sci Fi, Shounen, Hand to Hand Combat, Power Suits, Superpowers, Violence",3.86,2008.0,,"'Hell has been invaded and The Wall of Lamentation has been destroyed. The road has now been opened for our heroes to travel through the dimensions in order to get to the final battleground - the divine plain of Elysion. There lies the actual and true form of Hades, untouched, unseen for so many centuries. Seiya and his companions have now only one goal in mind which is the return of the Holy Armor of Athena to the Goddess so she can destroy Hades once and for all – but the captured Athena will not so easily be reached. The Saints will first have to face the mighty guardians of Elysion: Thanatos, the God of Death, and his twin brother Hypnos, the God of Sleep.'",Violence,"Knights of the Zodiac, Saint Seiya: Episode G, Saint Seiya: The Lost Canvas, Saint Seiya: Next Dimension, Saint Seiya: The Lost Canvas - Meiou Shinwa Gaiden, Saint Seiya: Saintia Shou, Saint Seiya: Origin","Saint Seiya: Knights of the Zodiac, Saint Seiya Movie 4: Warriors of the Final Holy Battle, Saint Seiya: The Hades Chapter - Sanctuary, Saint Seiya Movie 5: The Heaven Chapter - Overture, Saint Seiya: The Hades Chapter - Inferno, Saint Seiya: The Lost Canvas - Meiou Shinwa, Saint Seiya: The Lost Canvas - Meiou Shinwa 2nd Chapter, Saint Seiya Omega, Saint Seiya: Soul of Gold","Andromeda Shun : Yuta Kazuya, Cygnus Hyoga : Hiroaki Miura, Dragon Shiryu : Takahiro Sakurai, Pegasus Seiya : Masakazu Morita, Phoenix Ikki : Katsuyuki Konishi, Saori Kido : Fumiko Orikasa, Hades : Akio Ootsuka, Hypnos : Issei Futamata, Tomoharu Katsumata
Director, Seiji Yokoyama
Music, Michi Himeno
Character Design, Shingo Araki
Character Design","Tomoharu Katsumata : Director, Seiji Yokoyama : Music, Michi Himeno : Character Design, Shingo Araki : Character Design"
One Piece Movie 9: Episode of Chopper - The Miracle Winter Cherry Blossom," One Piece Movie 9: Episode of Chopper Plus - Fuyu ni Saku, Kiseki no Sakura",Movie,,Toei Animation,,"Action, Adventure, Comedy, Shounen, Island, Pirates, Based on a Manga, Violence",3.85,2008.0,,"'When Nami suddenly comes down with a fever, Luffy and the crew immediately set out to find a doctor. They soon arrive at Winter Island, a freezing land where the snow never melts - and they receive a rather frosty reception. Unfortunately after the cruel king Wapol escaped the island following a pirate attack, he took all the doctors with him; now the only physician left lives atop the mountain, and there’s no way of contacting her! Deciding that Nami can’t wait, Luffy and Sanji set out to find Dr. Kureha; though when Wapol and his brother Mushul return to the island in order to claim back the land, the Straw Hat pirates find that they aren’t the only ones trying to reach the summit. With the help of a mysterious talking reindeer named Chopper, Luffy and that gang must try to save the entire island from Wapol’s cruel plans. Also, having taken an instant liking to him, can Luffy persuade Chopper to become his comrade and join the crew of the Thousand Sunny?'",Violence,One Piece,One Piece,"Dr. Kureha : Masako Nozawa, Franky : Kazuki Yao, Monkey D. Luffy : Mayumi Tanaka, Nami : Akemi Okamura, Robin Nico : Yuriko Yamaguchi, Sanji : Hiroaki Hirata, Tony Tony Chopper : Ikue Ootani, Usopp : Kappei Yamaguchi, Eiichiro Oda
Original Creator, Junji Shimizu
Director, Kouhei Tanaka
Music, Shirou Hamaguchi
Music, Naoki Tate
Character Design, Shinji Shimizu
Producer, Yoshihiko Taneda
Producer","Eiichiro Oda : Original Creator, Junji Shimizu : Director, Kouhei Tanaka : Music, Shirou Hamaguchi : Music, Naoki Tate : Character Design, Shinji Shimizu : Producer, Yoshihiko Taneda : Producer"
Hell Girl: Three Vessels, Jigoku Shoujo Mitsuganae,TV   ,26.0,Studio DEEN,Fall ,"Horror, Body Sharing, Deal with the Devil, Episodic, Melancholy, Supernatural, Youkai, Original Work, Bullying,, Emotional Abuse",3.85,2008.0,2009.0,"""Since the Hell Girl's supposed disappearance, her three helpers, Ichimoku Ren, Wanyuudou and Hone-Onna have returned to humankind to live out a normal existence. Life for the trio is suddenly shattered when Kikuri returns with word from Enma Ai: she has taken control of the body of a young school girl, Yuzuki Mikage, to continue the Jigoku Tsushin website operation. With the hotline to Hell back up and running, the promise of vengeance will once more be too much for some people to resist, digging a grave for both themselves and their tormentor. With reunions from the past, a newly-revitalized Hell Girl and new grudges to take care of, will Enma Ai ever be released from her thankless task?""","Bullying,, Emotional Abuse","Hell Girl, Shin Jigoku Shoujo, Hell Girl R","Hell Girl, Hell Girl: Two Mirrors, Hell Girl: Fourth Twilight","Ai Enma : Mamiko Noto, Hone Onna :  Takako Honda, Kikuri : Kanako Sakai, Ren Ichimoku : Masaya Matsukaze, Wanyudo : Takayuki Sugou, Yamawaro : Hekiru Shiina, Yuzuki Mikage : Satomi Satou, Akie Takasugi : Kanae Oki, Hiroshi Watanabe
Director, Yasuharu Takanashi
Music, Hiromi Mizutani
Music, Kenji Fujisawa
Music, Mariko Oka
Character Design, Ai Abe
Producer, Ai Matsuki
Producer, Kunitoshi Okajima
Storyboard","Hiroshi Watanabe : Director, Yasuharu Takanashi : Music, Hiromi Mizutani : Music, Kenji Fujisawa : Music, Mariko Oka : Character Design, Ai Abe : Producer, Ai Matsuki : Producer, Kunitoshi Okajima : Storyboard"
ItaKiss, Itazura na Kiss,TV   ,25.0,TMS Entertainment,Spring,"Comedy, Drama, Romance, Shoujo, Cohabitation, Opposites Attract, Based on a Manga",3.84,2008.0,,"'Kotoko Aihara has always been in love with Naoki Irie; he’s tall, handsome, and rumored to be the most intelligent student in Japan – who wouldn’t be? Only one thing stands in the way of a relationship with Irie: Kotoko is ditzy and is at the bottom set of her school, and Irie-kun hates nothing more than ditzy, stupid girls. When disaster strikes and Kotoko is forced to move in with Irie-kun’s family, she suddenly sees her chance to bridge the gap. After all, even cool, super-intelligent guys must have a soft spot, right?'",,Itazura na Kiss,,"Kotoko Aihara : Nana Mizuki, Naoki Irie : Daisuke Hirakawa, Kinnosuke Ikezawa : Shuuhei Sakaguchi, Noriko Irie : Naoko Matsui, Yuuki Irie : Romi Park, Ayako Matsumoto : Saori Seto, Christine Robbins : Yuuko Gotou, Christine'S Father : Yutaka Aoyama, Kaoru Tada
Original Creator, Osamu Yamasaki
Director, Yasuharu Takanashi
Music, Maki Fujioka
Character Design, Kazuhiro Soeta
Character Design","Kaoru Tada : Original Creator, Osamu Yamasaki : Director, Yasuharu Takanashi : Music, Maki Fujioka : Character Design, Kazuhiro Soeta : Character Design"
Vampire Knight Guilty,,TV   ,13.0,Studio DEEN,Fall ,"Drama, Romance, Shoujo, Amnesia, Boarding School, Monster School, School Life, Supernatural, Vampires, Based on a Manga",3.82,2008.0,,"""Having recovered from the injuries he had sustained, Zero returns to Cross Academy to resume his role as prefect. Though, not long after he resumes his role, members of the Supreme Vampire Council ambush Zero with the intent to execute him for the murder of the pureblood, Shizuka. Luckily when Kaname intervenes, he sends the council away and insists that they stay out of school affairs. However, whilst Kaname continues to hide the truth about Shizuka's death, there are others who grow suspicious of what happened that night and what the dorm president is hiding. Meanwhile, Yuuki begins to have flashbacks, leading her to investigate her blood-stained past: what will she find, and will she continue to be tempted by an offer from Kaname?""",,"Vampire Knight, Vampire Knight: Ice Blue Sin (Light Novel), Vampire Knight: The Noir Trap (Light Novel), Vampire Knight: Fleeting Dreams (Light Novel), Vampire Knight: Memories","Vampire Knight, Vampire Knight: Gekiai no Portrait","Kaname Kuran : Daisuke Kishio, Yuki Cross : Yui Horie, Zero Kiryu : Mamoru Miyano, Akatsuki Kain : Junichi Suwabe, Asato Ichijo : Kouji Ishii, Hanabusa Aidou : Jun Fukuyama, Ichiru Kiryu : Mamoru Miyano, Kaien Cross : Hozumi Gouda, Matsuri Hino
Original Creator, Kiyoko Sayama
Director, Takefumi Haketa
Music, Asako Nishida
Character Design, Ryuichi Kimura
Episode Director, Kanon Wakeshima
Song Performance","Matsuri Hino : Original Creator, Kiyoko Sayama : Director, Takefumi Haketa : Music, Asako Nishida : Character Design, Ryuichi Kimura : Episode Director, Kanon Wakeshima : Song Performance"
Initial D Extra Stage 2: Tabidachi no Green,,OVA  ,1.0,A.C.G.T,,"Drama, Romance, Seinen, Sports, Cars, Racing, Based on a Manga",3.82,2008.0,,"'For novice street racer Iketani, the thrill of downhill racing is nothing compared to the rush of a chance to meet his former sweetheart and Sil-Eighty driver, Mako. Wanting to apologize for his actions when they were last together, the two agree to get together to talk. However, arriving two hours early, Iketani’s good nature gets the better of him and he helps a stranded old man by driving him across the island. Will he make it back in time for Mako, or are they fated to drift apart once again?'",,Initial D,"Initial D, Initial D Second Stage, Initial D Third Stage, Initial D Extra Stage, Initial D Battle Stage, Initial D: Project D to the Next Stage - Project D e Mukete, Initial D Fourth Stage, Initial D Battle Stage 2, Initial D Fifth Stage, Initial D Final Stage, Initial D Legend 1: Awakening, Initial D Legend 2: Racer, Initial D Legend 3: Dream","Koichiro Iketani : Kazuki Yao, Mako Sato : Michiko Neya, Itsuki Takeuchi : Mitsuo Iwata, Kenji : Wataru Takagi, Sayuki : Yumi Kakazu, Takumi Fujiwara : Shinichirou Miki, Iketani'S Mom : Kyouko Terase, Old Man : Tadashi Miyazawa, Shuichi Shigeno
Original Creator, Tsuneo Tominaga
Director, Atsushi Umebori
Music, Dennis Martin
Music, Minoru Tanaka
Character Design, Jou Tanaka
Character Design & Chief Animation Director, Nobuaki Kishima
Screenplay","Shuichi Shigeno : Original Creator, Tsuneo Tominaga : Director, Atsushi Umebori : Music, Dennis Martin : Music, Minoru Tanaka : Character Design, Jou Tanaka : Character Design & Chief Animation Director, Nobuaki Kishima : Screenplay"
Daughter of Twenty Faces, Nijuu-Mensou no Musume,TV   ,22.0,Bones,Spring,"Action, Drama, Seinen, Thieves, Based on a Manga",3.82,2008.0,,"""Eleven-year-old Chizuko Mikamo is a victim; she is aware that her cruel relatives have been slowly poisoning her, but she can't do anything to escape her fate except starve herself. Luckily for her, the infamous thief, Twenty Faces, has arrived to steal her household's most valuable treasure: Chizuko herself. Alongside Twenty Faces, Ken, Skipper and the rest of the gang, Chizuko travels to exotic lands and strange places in search of valuable treasure. But, as she soon discovers, there's much more to the mysterious Twenty Faces than she could ever have bargained for...""",,Nijuu Mensou no Musume,,"Chizuko Mikamo : Aya Hirano, Akechi : Kenji Hamada, Akine : Masanori Takeda, Ken : Masaya Matsukaze, Kouhei Kakshima : Houchuu Ootsuka, Nozomi Kayama : Miyuki Sawashiro, Senchou : Koutarou Nakamura, Shunka Koito : Rina Satou, Shinji Ohara
Original Creator, Nobuo Tomizawa
Director, Kazunori Miyake
Music, Koichi Horikawa
Character Design, Kazuhide Tomonaga
Mechanical Design, Noritomo Yonai
Producer, Kyoutarou Kimura
Producer, Yoshihiro Iwasaki
Producer","Shinji Ohara : Original Creator, Nobuo Tomizawa : Director, Kazunori Miyake : Music, Koichi Horikawa : Character Design, Kazuhide Tomonaga : Mechanical Design, Noritomo Yonai : Producer, Kyoutarou Kimura : Producer, Yoshihiro Iwasaki : Producer"
Inazuma Eleven,,TV   ,127.0,OLM,Fall ,"Drama, Sports, Family Friendly, Soccer, Superpowers, Tournaments, Based on a Video Game",3.8,2008.0,2011.0,"""Raimon Middle School's soccer club is led by the boisterous and determined Mamoru Endou. Armed with his grandfather’s notebook on special training and a fierce spirit,\xa0Mamoru desires to lead the team to victory, but\xa0there’s just one problem: the team is weak, unskilled, and disheartened. However, when several new members come on board, including soccer star Shuuya Gouenji\xa0from Kidokawa Seishuu Middle School, things begin to look up for the team. With ruthless opponents to defeat, special moves to acquire and the Soccer Frontier tournament to win,\xa0Mamoru and the gang will kick and block their way to victory!""",,"Inazuma Eleven, Inazuma Eleven GO Anthology!, Inazuma Eleven Outer Code Anthology, Inazuma Eleven Reloaded, Inazuma Eleven: Penguin wo Tsugu Mono","Inazuma Eleven: Saikyou Gundan Ogre Shuurai, Inazuma Eleven x Despicable Me, Inazuma Eleven GO, Inazuma Eleven GO: Kyuukyoku no Kizuna Gryphon, Inazuma Eleven GO: Chrono Stone, Inazuma Eleven GO: Galaxy, Inazuma Eleven: Chou Jigen Dream Match, Inazuma Eleven: Outer Code, Inazuma Eleven: Reloaded - Soccer no Henkaku, Inazuma Eleven: Ares no Tenbin, Inazuma Eleven: Orion no Kokuin","Mamoru Endou : Junko Takeuchi, Shuuya Gouenji : Hirofumi Nojima, Yuuto Kidou : Hiroyuki Yoshino, Aki Kino : Fumiko Orikasa, Akio Fudou : Yuuki Kaji, Aphrodi : Yuuko Sanpei, Asuka Domon : Jun Konno, Ayumu Shourinji : Masako Joh, Katsuhito Akiyama
Director, Yasunori Mitsuda
Music, Yuuji Ikeda
Character Design, Yuko Inoue
Character Design, Fukashi Azuma
Producer, Kiyofumi Kajiwara
Producer, Sayako Muramatsu
Producer, Michio Fukuda
Storyboard","Katsuhito Akiyama : Director, Yasunori Mitsuda : Music, Yuuji Ikeda : Character Design, Yuko Inoue : Character Design, Fukashi Azuma : Producer, Kiyofumi Kajiwara : Producer, Sayako Muramatsu : Producer, Michio Fukuda : Storyboard"
My Bride is a Mermaid OVA Special, Seto no Hanayome OVA Special,DVD S,,AIC,,"Comedy, Shounen, Mermaids, Based on a Manga",3.8,2008.0,2009.0,'No synopsis yet - check back soon!',,Seto no Hanayome,My Bride Is a Mermaid OVA,"Lunar Edomae : Sakura Nogawa, Lunar'S Papa : Tesshou Genda, Saturn : Ayumi Tsunematsu, Tennouzan, Tahiko Kimura
Original Creator, Kazuaki Morita
Character Design","Tahiko Kimura : Original Creator, Kazuaki Morita : Character Design"
Sayonara Zetsubou Sensei Jo: Zoku Zetsubou Shoujo Senshuu,,TV Sp,,SHAFT,,"Comedy, Shounen, Breaking the Fourth Wall, Gag, Recap, Based on a Manga",3.8,2008.0,,'No synopsis yet - check back soon!',,"Sayonara, Zetsubou-Sensei","Sayonara, Zetsubou-Sensei, Sayonara Zetsubou Sensei Jo: Zetsubou Shoujo Senshuu, Zoku Sayonara Zetsubou Sensei, Goku Sayonara Zetsubou Sensei, Zan Sayonara Zetsubou Sensei, Zan Sayonara Zetsubou Sensei Bangaichi, Sayonara Zetsubou Sensei Blu-ray Box Special, Sayonara Zetsubou Sensei Special Omake","Ai Kaga, Harumi Fujiyoshi, Kafuka Fuura, Meru Otonashi, Nozomu Itoshiki : Hiroshi Kamiya, Abiru Kobushi, Chie Arai, Chiri Kitsu, Kouji Kumeta
Original Creator, Akiyuki Simbo
Director","Kouji Kumeta : Original Creator, Akiyuki Simbo : Director"
School Rumble San Gakki, School Rumble: 3rd Semester,OVA  ,2.0,Studio Comet,,"Comedy, Shounen, Gag, Romantic Comedy, School Life, Based on a Manga",3.79,2008.0,,"'Love is in the air once more! As the last day of school draws near for class 2-C, Tsukamoto Tenma and Harima Kenji are still no closer to confessing their feelings for the respective targets of their affections. But when the gang learns that Karasuma-kun may be moving away for good, it becomes a race against time for them as they struggle to push Tenma into taking that last big step. Can Tenma confess her love before it is too late, or will Harima finally muster up the courage to sweep Tenma off her feet?'",,"School Rumble, School Rumble Z","School Rumble, School Rumble: Extra Class, School Rumble: 2nd Semester","Akira Takano : Kaori Shimizu, Eri Sawachika : Yui Horie, Kenji Harima : Hiroki Takahashi, Mikoto Suou : Hitomi Nabatame, Oji Karasuma : Ryousei Konishi, Tenma Tsukamoto : Ami Koshimizu, Yakumo Tsukamoto : Mamiko Noto, Asou Hiroyoshi : Mitsuhiro Ichiki, Jin Kobayashi
Original Creator, Shinji Takamatsu
Director, Toshiyuki Omori
Music, Hajime Watanabe
Character Design, Kensuke Tateishi
Producer, Bunpei Ogawa
Producer, Masakazu Yoshimoto
Producer, Motohiro Nakata
Producer","Jin Kobayashi : Original Creator, Shinji Takamatsu : Director, Toshiyuki Omori : Music, Hajime Watanabe : Character Design, Kensuke Tateishi : Producer, Bunpei Ogawa : Producer, Masakazu Yoshimoto : Producer, Motohiro Nakata : Producer"
Ga-Rei-Zero, Ga-Rei: Zero,TV   ,12.0,AIC Spirits,Fall ,"Action, Horror, Shounen, Demons, Supernatural, Based on a Manga, Explicit Violence,, Nudity",3.79,2008.0,2009.0,"'Kagura and Yomi are two girls who have a bond that cannot be broken. While once they fought side by side against the supernatural forces that threaten the planet, fate had something different in store for these star-crossed companions. Yet to understand the present, one must first experience the past – a time before Kagura’s involvement with the Supernatural Disaster Prevention Agency. Always cheery and good-natured to a fault, the young Kagura first meets Yomi when she is invited into her home. Over time, the two battle malicious spirits and grow closer together – but soon, more terrifying foes begin to reveal themselves. A swarm of glowing blue butterflies and a mysterious stone are harbingers of darker things to come, and one thing’s for sure: Kagura and Yomi will never be the same.'","Explicit Violence,, Nudity","Ga-rei, Ga-rei - Tsuina no Shou, Tokyo ESP x Ga-Rei: Shadow Walker",,"Kagura Tsuchimiya : Minori Chihara, Yomi Isayama : Kaoru Mizuhara, Ayame Jinguuji : Mai Aizawa, Garaku Tsuchimiya : Tetsuo Komura, Kazuhiro Mitogawa : Megumi Matsumoto, Kazuki Sakuraba : Minoru Shiraishi, Kiri Nikaidou : Maki Tsuchiya, Kouji Iwahata : Tetsu Inada, Hajime Segawa
Original Creator, Ei Aoki
Director & Episode Director & Storyboard, Noriyasu Agematsu
Music, Osamu Horiuchi
Character Design, Yoshimi Umino
Art Director, Atsushi Itou
Producer, Shin Wakabayashi
Key Animator, Shinichirou Kajiura
Key Animator","Hajime Segawa : Original Creator, Ei Aoki : Director & Episode Director & Storyboard, Noriyasu Agematsu : Music, Osamu Horiuchi : Character Design, Yoshimi Umino : Art Director, Atsushi Itou : Producer, Shin Wakabayashi : Key Animator, Shinichirou Kajiura : Key Animator"
Naruto Shippuden Movie 2: Bonds, Naruto Shippuden Movie 2: Kizuna,Movie,,Pierrot,,"Action, Shounen, Ninja, Based on a Manga",3.79,2008.0,,"""When a mysterious group of ninjas attack Konoha they leave devastation in their wake. The ninjas are discovered to be from the Sky Country - a civilization that was destroyed during the second great ninja war. Amongst the wreckage Naruto encounters a doctor named Shinou who is helping to heal the wounded. Later at the hospital, Shinou's young pupil, Amaru, bursts in looking for him to help, as her own village has also been attacked. Now, while a four-man cell is counterattacking the enemy's base, Naruto, Sakura and Hinata are accompanying Shinou and Amaru to her village so they can help. As the Sky Country attempts to start another great war and bring the world into despair Naruto will have to try and stop them himself. With the power of dark chakra at the Sky Country's disposal, Naruto is faced with a powerful and dangerous enemy; though all is not lost, especially when help arrives from a most unexpected source...""",,"Naruto (Pilot), Naruto, Naruto: Innocent Heart, Demonic Blood (Light Novel), Rock Lee's Springtime of Youth, Naruto Shippuden Movie 5: Blood Prison (Light Novel), Road to Naruto the Movie, Naruto Jinraiden: Okami no Naku Hi (Light Novel), Naruto: Mission - Protect the Waterfall Village! (Light Novel), Naruto: Chibi Sasuke’s Sharingan Legend, Boruto: Road to ""B"", Naruto Secret Chronicles (Light Novel), Naruto: The Seventh Hokage and the Scarlet Spring, Boruto: Naruto the Movie Tokubetsu Bangai-hen - Naruto ga Hokage ni Natta Hi, Boruto: Naruto the Movie (Light Novel), Naruto True Story (Light Novel), Naruto Gaiden: Michita Tsuki ga Terasu Michi, Naruto: Konoha Shinden - Yukemuri Ninpouchou (Light Novel)","Naruto Shippuden, Naruto Shippuden Movie 1, Naruto Shippuden: Konoha Gakuen Picture Drama Special, Naruto Shippuden Movie 3: The Will of Fire, Naruto Shippuden Movie 4: The Lost Tower, Naruto Shippuden OVA: Sage Naruto vs Sasuke, Naruto Shippuden Movie 5: Blood Prison, Naruto: Honoo no Chuunin Shiken! Naruto vs Konohamaru!!, Naruto Shippuden Movie 6: Road to Ninja, Naruto Shippuden: Sunny Side Battle!, The Last: Naruto the Movie","Amaru : Motoko Kumai, Naruto Uzumaki : Junko Takeuchi, Shinnou : Unshou Ishizuka, Hinata Hyuga : Nana Mizuki, Kakashi Hatake : Kazuhiko Inoue, Sai : Satoshi Hino, Sakura Haruno : Chie Nakamura, Shikamaru Nara : Showtaro Morikubo, Masashi Kishimoto
Original Creator, Hajime Kamegaki
Director, Yasuharu Takanashi
Music, -Yaiba-
Music, Tetsuya Nishio
Character Design","Masashi Kishimoto : Original Creator, Hajime Kamegaki : Director, Yasuharu Takanashi : Music, -Yaiba- : Music, Tetsuya Nishio : Character Design"
Tentai Senshi Sunred, Astro Fighter Sunred,TV   ,26.0,AIC ASTA,Fall ,"Comedy, Seinen, Gag, Monsters, Parody, Superheroes, Based on a Manga",3.79,2008.0,2009.0,"'The battle between good and evil wages on in the town of Kawasaki! Sunred, a sarcastic, cranky hero often battles the forces of Florsheim, an evil organization out to achieve world domination! But for\xa0 General Vamp and the rest of the Florsheim gang, attaining such a goal won’t be easy. Between helping Sunred move, deciding how to throw out a used frying pan, disputing over stolen ramen and recruiting new members, there’s never a quiet moment in Kawasaki!'",,Tentai Senshi Sunred,"Tentai Senshi Sunred Specials, Tentai Senshi Sunred 2","Sunred : Shun Takagi, Vamp : Louis Yamada Liii, Antkiller : Tetsuya Toki, Combat Goon One : Shinichirou Higuchi, Combat Goon Two : Satoshi Shimizu, Geirus : Shinobu Matsumoto, Kayoko : Makiko Nabei, Khamenman : Satoshi Shimizu, Seiji Kishi
Director, Shinji Kakijima
Music, Kazuaki Morita
Character Design, Masakazu Miyake
Art Director, Shigeaki Komatsu
Producer, Takeshi Minami
Producer, Yuuji Yanase
Storyboard, Keishi Sakai
Key Animator","Seiji Kishi : Director, Shinji Kakijima : Music, Kazuaki Morita : Character Design, Masakazu Miyake : Art Director, Shigeaki Komatsu : Producer, Takeshi Minami : Producer, Yuuji Yanase : Storyboard, Keishi Sakai : Key Animator"
Fist of the North Star: Legend of Kenshiro, Shin Kyuuseishu Densetsu Hokuto no Ken Zero Kenshirou-den,Movie,,TMS Entertainment,,"Action, Shounen, Desert, Dystopia, Hand to Hand Combat, Martial Arts, Overpowered Main Characters, Post-apocalyptic, Based on a Manga, Animal Abuse,, Explicit Violence,, Mature Themes,, Physical Abuse",3.78,2008.0,,'No synopsis yet - check back soon!',"Animal Abuse,, Explicit Violence,, Mature Themes,, Physical Abuse","Fist of the North Star, Fist of the Blue Sky, Fist of the North Star Gaiden: Kinyoku no Garuda - Nanto Goshasei Zenshi, Fist of the Blue Sky: Regenesis","Fist of the North Star, Fist of the North Star: The Movie, Fist of the North Star 2, New Fist of the North Star, Hokuto no Ken: Legend of Heroes, Fist of the North Star: Legend of Raoh - Death for Love, Fist of the Blue Sky, Fist of the Blue Sky Specials, Fist of the North Star: Legend of Yuria, Fist of the North Star: Legend of Raoh - Fierce Fight, Fist of the North Star: Legend of Toki, Legends of the Dark King: A Fist of the North Star Story, DD Hokuto no Ken, DD Fist of the North Star, Fist of the North Star: Strawberry Flavor, DD Fist of the North Star II","Kenshiro : Hiroshi Abe, Raoh, Ryuuken : Chikao Ohtsuka, Shin : Takuya Kirimoto, Yuria : Yuriko Ishida, Zeed : Nobuaki Kanemitsu, Buronson
Original Creator, Toshihiro Hirano
Director, Yuki Kajiura
Music, Masaki Satou
Character Design, Kazuhiko Hidano
Producer, Tomonari Katou
Producer, Masayoshi Ookawa
Producer, Shinsuke Ishikawa
Assistant Animation Director & Key Animator","Buronson : Original Creator, Toshihiro Hirano : Director, Yuki Kajiura : Music, Masaki Satou : Character Design, Kazuhiko Hidano : Producer, Tomonari Katou : Producer, Masayoshi Ookawa : Producer, Shinsuke Ishikawa : Assistant Animation Director & Key Animator"
Slayers Revolution,,TV   ,13.0,J.C.Staff,Summer,"Adventure, Comedy, Fantasy, Magic, Medieval, Based on a Light Novel",3.77,2008.0,,"""Flat-chested, gluttonous Lina Inverse and dashing Gourry are back! On their way to find a new sword for Gourry, the duo runs into Amelia and Zelgadis in a town in Ruvinagald Kingdom, as well as the scheming special inspector Wiser Flayon. Unfortunately for Lina, her notoriety has earned her a hefty reputation and has led to being arrested at the hands of Wiser! Though she committed none of the crimes, Lina finds herself blamed for such things as destroying mage tanks and stealing people's pets; however, with an arsenal of magic at her disposal, she and her friends always manage to track down the real culprit. Will Lina ever live down her reputation?""",,"Slayers (Light Novel), Slayers: Medieval Mayhem, Slayers Super-Explosive Demon Story, Slayers Special, Slayers Premium, Slayers: Knight of the Aqualord, Maburaho VS Slayers!?: Dragon All Stars Gekitouhen, Slayers vs Orphen (Light Novel), Slayers Revolution, Slayers: Light Magic, New Slayers: The Hourglass of Falces, Slayers Evolution-R","Slayers, Slayers: The Motion Picture, Slayers Next, Slayers: The Book of Spells, Slayers Return, Slayers Try, Slayers Great, Slayers Gorgeous, Slayers Excellent, Slayers Premium, Slayers Evolution-R","Amelia Wil Tesla Seyruun : Masami Suzuki, Gourry Gabriev : Yasunori Matsumoto, Lina Inverse : Megumi Hayashibara, Zelgadis Graywords : Hikaru Midorikawa, Pokota, Xellos : Akira Ishida, Crown Prince Philionel El Di Seyruun, Duclis, Takashi Watanabe
Director, Osamu Tezuka
Music, Naomi Miyata
Character Design, Yoshikazu Iwanami
Sound Director, Shinichi Ikeda
Producer, Yuuji Matsukura
Producer, Gou Shukuri
Producer, Shigeru Nishiyama
Editor","Takashi Watanabe : Director, Osamu Tezuka : Music, Naomi Miyata : Character Design, Yoshikazu Iwanami : Sound Director, Shinichi Ikeda : Producer, Yuuji Matsukura : Producer, Gou Shukuri : Producer, Shigeru Nishiyama : Editor"
Nodame Cantabile: Special Lesson, Nodame Cantabile: Nodame to Chiaki no Umi Monogatari,DVD S,,J.C.Staff,,"Comedy, Josei, Romance, Based on a Manga",3.77,2008.0,,"""It's summer vacation, and the delighted Chiaki, Nodame, Mine and Masumi are on their way to the Nagano Music Festival. When the irritable Chiaki falls asleep in the car, the rest of the gang decide to take a quick detour and head to the beach, much to the sleeping conductor's distress once he awakens. Now, as Nodame and the others begin to enjoy themselves and make the most of the sun, sea and sand, Chiaki attempts to hide his intense fear of the ocean and put on a brave face, no matter what it takes...""",,Nodame Cantabile,"Puri Gorota: Uchuu no Yuujou Daibouken, Nodame Cantabile, Nodame Cantabile: Paris, Nodame Cantabile OVA, Nodame Cantabile: Finale, Nodame Cantabile: Finale Special, Nodame Cantabile OVA 2","Megumi Noda : Ayako Kawasumi, Shinichi Chiaki : Tomokazu Seki, Masumi Okuyama : Yoshinori Fujita, Ryutaro Mine : Shinji Kawada, Franz Von Stresemann, Tomoko Ninomiya
Original Creator",Tomoko Ninomiya : Original Creator
Minami-ke Okawari,,TV   ,13.0,asread,Winter,"Comedy, Seinen, Slice of Life, Gag, Siblings, Based on a Manga",3.77,2008.0,,"""It’s a new year, but little has changed for the Minami household. Chiaki has been given the job of nutritionist for her class's new hamster, and uses the same techniques to care for it that she learned while studying Kanna; Haruka is still suffering from the greatly-exaggerated rumors that she was once a mob boss back in her middle school; and Kanna is as hyperactive as ever, always forcing her friends into awkward situations (including cross-dressing, litter picking and forming an army)! But despite their troubles, the three sisters stick together and always manage to have fun!""",,Minami-ke,"Minami-ke, Minami-ke Okaeri, Minami-ke Betsubara, Minami-ke Omatase, Minami-ke Tadaima, Minami-ke Natsuyasumi","Chiaki Minami : Minori Chihara, Haruka Minami : Rina Satou, Kana Minami : Marina Inoue, Atsuko : Ryouko Ono, Fujioka : Tetsuya Kakihara, Hayami : Saeko Chiba, Hosaka : Daisuke Ono, Keiko : Saori Gotou, Coharu Sakuraba
Original Creator, Naoto Hosoda
Director, Yasuhiro Misawa
Music, Masaki Tanaka
Character Design, Takahiro Yamanaka
Producer, Masahito Otani
Episode Director, Shin Wakabayashi
Key Animator","Coharu Sakuraba : Original Creator, Naoto Hosoda : Director, Yasuhiro Misawa : Music, Masaki Tanaka : Character Design, Takahiro Yamanaka : Producer, Masahito Otani : Episode Director, Shin Wakabayashi : Key Animator"
Birdy the Mighty: Decode, Tetsuwan Birdy: Decode,TV   ,13.0,A-1 Pictures,Summer,"Action, Sci Fi, Seinen, Aliens, Body Sharing, Non-Human Protagonists, Police, Based on a Manga",3.77,2008.0,,"""Birdy Cephon used to be a butt-kicking intergalactic Federation investigator who took down bad guys where they stand; Tsutomu Senkawa used to be a normal student with shy tendencies and a penchant for exploring abandoned houses. However, when Birdy accidentally killed Tsutomu while trying to apprehend a famous criminal on Earth, Geega, both of their lives changed forever! Now, while Tsutomu's body is reconstructed in a faraway place, the two must share the same body – Tsutomu controlling it by day, and Birdy taking over when she spots a criminal in need of tough justice. All Tsutomu wants is to live a normal life; can he manage to cope with Birdy's enormous eating habits, intense muscle use, and easily irritable attitude?""",,"Birdy the Mighty, Birdy the Mighty (2003), Birdy the Mighty Evolution, Birdy the Mighty: Decode - Ano Hi no Sayaka e (Light Novel)","Birdy the Mighty, Birdy the Mighty: Decode 2, Birdy the Mighty: Decode - The Cipher","Birdy Cephon Altera : Saeko Chiba, Tsutomu Senkawa : Miyu Irino, Capella Titis : Kaori Nazuka, Gomez : Unshou Ishizuka, Keisuke Muroto : Keiji Fujiwara, Natsumi Hayamiya : Kanae Itou, Nejula Gate : Ryouka Yuzuki, Satyajit Shyamalan : Kenichi Suzumura, Masami Yuuki
Original Creator, Kazuki Akane
Director, Yuugo Kanno
Music, Ryousuke Sawa
Character Design, Satoko Kimura
Color Design, Eiji Inomoto
Cg Director, Narue Minami
Producer, Takuo Suzuki
Episode Director","Masami Yuuki : Original Creator, Kazuki Akane : Director, Yuugo Kanno : Music, Ryousuke Sawa : Character Design, Satoko Kimura : Color Design, Eiji Inomoto : Cg Director, Narue Minami : Producer, Takuo Suzuki : Episode Director"
Sayonara Zetsubou Sensei Jo: Zetsubou Shoujo Senshuu,,DVD S,,SHAFT,,"Comedy, Shounen, Breaking the Fourth Wall, Gag, Parody, Recap, Satire, Based on a Manga",3.76,2008.0,,'No synopsis yet - check back soon!',,"Sayonara, Zetsubou-Sensei","Sayonara, Zetsubou-Sensei, Zoku Sayonara Zetsubou Sensei, Sayonara Zetsubou Sensei Jo: Zoku Zetsubou Shoujo Senshuu, Goku Sayonara Zetsubou Sensei, Zan Sayonara Zetsubou Sensei, Zan Sayonara Zetsubou Sensei Bangaichi, Sayonara Zetsubou Sensei Blu-ray Box Special, Sayonara Zetsubou Sensei Special Omake","Abiru Kobushi, Kaere Kimura, Kafuka Fuura, Kiri Komori, Matoi Tsunetsuki, Meru Otonashi, Nami Hito, Nozomu Itoshiki : Hiroshi Kamiya, Kouji Kumeta
Original Creator, Akiyuki Simbo
Director, Tomoki Hasegawa
Music, Hideyuki Morioka
Character Design","Kouji Kumeta : Original Creator, Akiyuki Simbo : Director, Tomoki Hasegawa : Music, Hideyuki Morioka : Character Design"
Library War, Toshokan Sensou,TV   ,12.0,Production I.G,Spring,"Action, Comedy, Romance, Guns, Library, Military, noitaminA, Based on a Light Novel",3.76,2008.0,,"'The government has passed the Media Betterment Act, establishing a military police force to stop the spread of ""negative influences harmful to society;"" and in response, libraries have organized their own military units to protect freedom of expression. After being saved by a Library Defense Force agent in a bookstore, Kasahara is inspired to enlist in the Library Defense Force. Although she proves quite athletic and capable, she must endure the harsh but meaningful training of her instructor and superior officer, Doujou. As she learns how to be a good soldier, she participates in LDF operations, helping protect literary freedom for everyone.'",,"Toshokan Sensou (Light Novel), Library Wars: Love & War, Toshokan Sensou Spitfire!, Toshokan Sensou: Love & War Bessatsu-hen","Library War: Romance Impairment, Toshokan Sensou: Kakumei no Tsubasa","Atsushi Dojo : Tomoaki Maeno, Iku Kasahara : Marina Inoue, Asako Shibasaki : Miyuki Sawashiro, Hikaru Tezuka : Tatsuhisa Suzuki, Mikihisa Komaki : Akira Ishida, Ryuusuke Genda : Kanji Suzumori, Satoshi Tezuka : Hiroyuki Yoshino, Akiya Ogata, Takayuki Hamana
Director & Episode Director & Storyboard, Yuugo Kanno
Music, Satoru Nakamura
Character Design, Shigemi Ikeda
Art Director, Atsuya Takase
Producer, Fumie Takeuchi
Producer, Yoshiaki Kyougoku
Key Animator, Shinpei Kamata
Key Animator","Takayuki Hamana : Director & Episode Director & Storyboard, Yuugo Kanno : Music, Satoru Nakamura : Character Design, Shigemi Ikeda : Art Director, Atsuya Takase : Producer, Fumie Takeuchi : Producer, Yoshiaki Kyougoku : Key Animator, Shinpei Kamata : Key Animator"
True Tears,,TV   ,13.0,P.A. WORKS,Winter,"Drama, Romance, Countryside, Love Triangle, School Life, Based on a Visual Novel",3.75,2008.0,,"'Shinichiro Nakagami is an everyday high school student, with the exception of having his beautiful and athletic childhood friend Hiromi Yuasa living in his household after the death of her parents. Unfortunately, their relationship is cold at best - Shinichiro can tell that she is suffering, but she acts coldly and distant from her foster family and so he is unable to help ease her sadness. His family is also forcing him to practice a traditional Japanese dance that does not interest him, adding to his frustration. On top of that, he is cursed to misfortune by another girl in school, the eccentric Noe Isurugi. Shinichiro juggles all of these problems on a day-to-day basis as he learns about love and the sadness of those around him.'",,True Tears,"True Tears Specials, True Tears Epilogue, True Tears: Raigomaru to Jibeta no Monogatari, True Tears Recap, Utopia","Hiromi Yuasa : Kaori Nazuka, Noe Isurugi : Ayahi Takagaki, Shinichiro Nakagami : Makoto Ishii, Aiko Andou : Yuka Iguchi, Jun Isurugi : Yuuki Masuda, Miyokichi Nobuse : Hiroyuki Yoshino, Jibeta, Noe'S Grandmother, Junji Nishimura
Director, Hajime Kikuchi
Music, Kanami Sekiguchi
Character Design, Takayuki Nagatani
Producer, Kenji Horikawa
Producer, Ryousuke Hiramitsu
Producer, Yoshiyuki Itou
Producer","Junji Nishimura : Director, Hajime Kikuchi : Music, Kanami Sekiguchi : Character Design, Takayuki Nagatani : Producer, Kenji Horikawa : Producer, Ryousuke Hiramitsu : Producer, Yoshiyuki Itou : Producer"
Keroro Gunsou Movie 3: Tenkuu Daikessen de Arimasu!,,Movie,,Sunrise,,"Comedy, Shounen, Aliens, Frogs, Non-Human Protagonists, Based on a Manga",3.75,2008.0,,'No synopsis yet - check back soon!',,Sgt. Frog,"Sgt. Frog, Keroro Gunsou Movie 1, Chibi Kero: Secret of the Kero Ball, Keroro Gunsou Movie 2: Shinkai no Princess de Arimasu!, Keroro Gunsou: Mushakero Ohirome Sengoku Ranstar Dai Battle, Keroro Gunsou Movie 4: Gekishin Dragon Warriors de Arimasu!, Keroro Gunsou Movie 5: Kyuukyoku Keroro, Kiseki no Jikuu-jima, de arimasu!!, Keroro","Dark Keroro : Kumiko Watanabe, Dororo : Takeshi Kusao, Fuyuki Hinata : Tomoko Kawakami, Giroro : Jouji Nakata, Keroro : Kumiko Watanabe, Kururu : Takehito Koyasu, Natsumi Hinata : Chiwa Saitou, Tamama : Etsuko Kozakura, Mine Yoshizaki
Original Creator, Junichi Satou
Director, Saeko Suzuki
Music, Fumitoshi Oizaki
Character Design, Chieo Ohashi
Producer, Takayuki Watanabe
Producer","Mine Yoshizaki : Original Creator, Junichi Satou : Director, Saeko Suzuki : Music, Fumitoshi Oizaki : Character Design, Chieo Ohashi : Producer, Takayuki Watanabe : Producer"
Sekirei,,TV   ,12.0,Seven Arcs,Summer,"Ecchi, Harem, Seinen, Hand to Hand Combat, Panty Shots, Sudden Girlfriend Appearance, Based on a Manga, Mature Themes,, Nudity,, Physical Abuse",3.75,2008.0,,"""Minato Sahashi was living a normal life; he had just failed his college entrance exam for a second year in a row, and lived a quiet life in a single's apartment. That is, until the busty Musubi fell from the sky on top of him! She is a Sekirei, one of 108 that are destined to fight each other until only one remains; and he or she will ascend to heaven with his or her chosen one known as an Ashikabi. Minato soon finds himself in the embrace of Musubi, becoming her Ashibaki - but his life will only become more complicated. Musubi isn't the last to claim Minato as her Ashibaki, and what's worse, plenty of other Sekirei and opponents stand in his way!""","Mature Themes,, Nudity,, Physical Abuse","Sekirei, Sekirei: 365 Days Without Her","Sekirei: My First Errand, Sekirei: Pure Engagement, Sekirei: Pure Engagement Special","Kusano : Kana Hanazawa, Matsu : Aya Endou, Minato Sahashi : Shinnosuke Tachibana, Musubi : Saori Hayami, Tsukiumi : Marina Inoue, Benitsubasa : Shizuka Itou, Haihane : Mitsuki Saiga, Haruka Shigi : Nobuhiko Okamoto, Sakurako Gokurakuin
Original Creator, Keizou Kusakawa
Director, Hiroaki Sano
Music, Shinpei Tomooka
Character Design, Hiroyuki Shimizu
Producer, Kozue Kaneniwa
Producer, Michio Fukuda
Storyboard, Osamu Inoue
Storyboard","Sakurako Gokurakuin : Original Creator, Keizou Kusakawa : Director, Hiroaki Sano : Music, Shinpei Tomooka : Character Design, Hiroyuki Shimizu : Producer, Kozue Kaneniwa : Producer, Michio Fukuda : Storyboard, Osamu Inoue : Storyboard"
Rosario + Vampire Capu2, Rosario to Vampire Capu2,TV   ,13.0,GONZO,Fall ,"Comedy, Ecchi, Harem, Shounen, Monsters, Monster School, Panty Shots, School Life, Supernatural, Vampires, Based on a Manga, Nudity",3.75,2008.0,,"'It’s a new year and Aono Tsukune and the rest of the gang are now second year students. While Kurumu, Yukari and Shirayuki are being idolized as the beauties of the second years, Moka is receiving ten times the attention and fan mail, as well as… a death threat?! But when it turns out that the culprit is Moka’s younger sister, Kokoa, that is hell-bent on killing her, the situation becomes more complicated. Now, Tsukune has more than ever to deal with; from being stalked by Shirayuki and trying to get closer to Moka, to the appearance of Kokoa who hates her sister’s sealed form and doesn’t think twice about attacking Tsukune, it is certain that it won’t be a quiet year for the students at Youkai Academy!'",Nudity,"Rosario + Vampire: Prototype, Rosario + Vampire, Rosario + Vampire Season II, Rosario + Vampire (Light Novel)",Rosario + Vampire,"Moka Akashiya : Nana Mizuki, Tsukune Aono : Daisuke Kishio, Ginei Morioka : Tomokazu Seki, Kokoa Shuzen : Chiwa Saitou, Kurumu Kurono : Misato Fukuen, Mizore Shirayuki : Rie Kugimiya, Ruby Toujou : Saeko Chiba, Yukari Sendo : Kimiko Koyama, Akihisa Ikeda
Original Creator, Takayuki Inagaki
Director, Kouhei Tanaka
Music, Shirou Hamaguchi
Music, Mariko Fujita
Character Design, Shigemi Ikeda
Art Director, Shinichi Ikeda
Producer, Taichi Hashimoto
Producer","Akihisa Ikeda : Original Creator, Takayuki Inagaki : Director, Kouhei Tanaka : Music, Shirou Hamaguchi : Music, Mariko Fujita : Character Design, Shigemi Ikeda : Art Director, Shinichi Ikeda : Producer, Taichi Hashimoto : Producer"
Nogizaka Haruka no Himitsu, Haruka Nogizaka's Secret,TV   ,12.0,diomedea,Summer,"Comedy, Ecchi, Romance, Otaku Culture, School Life, Based on a Light Novel",3.74,2008.0,,"'Yuuto Ayase is not interested in girls - if his two housemates are anything to go by, girls are loud, brazen slobs that are best left alone. However, when Yuuto accidentally discovers an important secret of his school’s most popular female, Haruka Nogizaka, the two become bound in a budding friendship. All too soon, Yuuto discovers that, despite her flawless appearance, Haruka is clumsy, naive, and a closet otaku... and he just might be falling for her.'",,"Nogizaka Haruka no Himitsu (Light Novel), Nogizaka Haruka no Himitsu, Nogizaka Asuka no Himitsu (Light Novel)","Nogizaka Haruka no Himitsu: Purezza, Nogizaka Haruka no Himitsu: Finale","Haruka Nogizaka : Mamiko Noto, Yuuto Ayase : Wataru Hatano, Hazuki Sakurazaka : Kaori Shimizu, Mika Nogizaka : Mai Goto, Nanami Nanashiro : Kana Ueda, Ruko Ayase : Hitomi Nabatame, Shiina Amamiya : Rina Satou, Yukari Kamishiro : Miyu Matsuki, Yusaku Igarashi
Original Creator, Munenori Nawa
Director, Tsuyoshi Tamai
Series Composition, Takeshi Watanabe
Music, Satoshi Ishino
Character Design, Reiji Kasuga
Art Director, Yoshikazu Iwanami
Sound Director, Yoshinobu Tokumoto
Episode Director","Yusaku Igarashi : Original Creator, Munenori Nawa : Director, Tsuyoshi Tamai : Series Composition, Takeshi Watanabe : Music, Satoshi Ishino : Character Design, Reiji Kasuga : Art Director, Yoshikazu Iwanami : Sound Director, Yoshinobu Tokumoto : Episode Director"
Shigofumi,,TV   ,12.0,J.C.Staff,Winter,"Drama, Afterlife, Episodic, Supernatural, Based on a Light Novel, Mature Themes",3.74,2008.0,,"'There are some things that can only be said after death. Aided by a talking staff that thinks it is alive, Fumika delivers Shigofumi, the last words and feelings of the dead in the form of letters, to their addressees. Whether they are letters of apology, revenge, or simply a final farewell, she always brings them to their destination. Delivering Shigofumi is not always an easy job; as some people refuse to believe such things as letters from the dead are possible, while others are afraid of what these letters might contain. But the mail must go through; what the recipients decide to do with it afterwards is up to them.'",Mature Themes,Shigofumi: Stories of Last Letter (Light Novel),"Shigofumi Picture Drama, Shigofumi Special","Fumika : Kana Ueda, Kanaka : Yuki Matsuoka, Chiaki : Masumi Asano, Haruno Kasai : Fumiko Orikasa, Kaname Nojima : Takuma Terashima, Kirameki Mikawa : Rikiya Koyama, Natsuka Kasai : Saeko Chiba, Tatasumi Nojima : Akio Nojima, Tatsuo Satou
Director, Masumi Itou
Music, Tetsuya Kawakami
Character Design, Yuuji Matsukura
Producer, Nobuhiro Oosawa
Producer, Jun Yukawa
Producer, Shigeru Nishiyama
Editor, Tsutomu Yabuki
Episode Director","Tatsuo Satou : Director, Masumi Itou : Music, Tetsuya Kawakami : Character Design, Yuuji Matsukura : Producer, Nobuhiro Oosawa : Producer, Jun Yukawa : Producer, Shigeru Nishiyama : Editor, Tsutomu Yabuki : Episode Director"
My-Otome 0 ~S.ifr~, Mai-Otome 0 ~S.ifr~,OVA  ,3.0,Sunrise,,"Ecchi, Fantasy, Sci Fi, Superpowers",3.74,2008.0,,"""The story focuses on the origins of Lena Sayers, the mother of Arika Yumemiya and former bearer of Lofty Crimson Jade / Blue Sky Sapphire GEM, and Sifr Fran, the biological mother of Nina Wáng and the former queen of Windbloom Kingdom, as well as the origins of Schwartz, Aswad, and the Garderobe Academy and its Five Columns. The kidnapping of Sifr and the powerful revelation of Lena's GEM will soon fatefully determine the outcome of the future for themselves and the others around them.""",,"My-Hime, Mai-Otome, Mai-Otome Arashi, Mai​-HiME Destiny​ (Light Novel)","My-Hime Specials, Mai-Otome, My-Otome Specials, My-Hime: Kuro no Mai, Saigo no Bansan, My-Otome Special: Otome no Inori","Bruce Windbloom : Ryotaro Okiayu, Lena Sayers : Aya Endou, Sifr Fran : Ami Koshimizu, Elliot Chandler : Yuuko Sanpei, John Smith : Osamu Saka, Miyu Greer : Kiyomi Asai, Raquel Mayol : Minori Chihara, Sister Shion : Eri Kitamura, Hirokazu Hisayuki
Director & Character Design, Kuniaki Haishima
Music, Hiroaki Matsuura
Cg Director, Hisanori Kunisaki
Producer, Naotake Furusato
Producer","Hirokazu Hisayuki : Director & Character Design, Kuniaki Haishima : Music, Hiroaki Matsuura : Cg Director, Hisanori Kunisaki : Producer, Naotake Furusato : Producer"
Tegami Bachi: Letter Bee - Light and Blue Night Fantasy, Tegami Bachi: Letter Bee - Hikari to Ao no Gensou Yawa,TV Sp,,St. Signpost,,"Fantasy, Shounen, Insects, Steampunk, Based on a Manga",3.74,2008.0,,"""In Amberground - a land of eternal night infested by giant armored bugs - a small group of civil servants known as Letter Bees carry out their daily job. Charged with delivering important letters, each Letter Bee is partnered with a ‘Dingo' to protect them and ensure their consignment safely reaches its destination. One day, a rookie Letter Bee named Lag Seeing and his Dingo Niche are given a special assignment: they must deliver a particularly important package to a former Bee. Accompanied by an old and rather smelly ex-Dingo called Darwin who is acting as their guide, the journey to the town of Silencio is set to be difficult and dangerous. Will the rookie Lag be able to deliver the package safely, and does he even know the true purpose of his delivery?""",,"PEZ, Tegami Bachi","Tegami Bachi: Letter Bee, Letter Bee Academy, Tegami Bachi: Letter Bee Reverse, Tegami Bachi: Letter Bee Reverse Specials","Lag Seeing : Miyuki Sawashiro, Niche : Ayumi Fujimura, Darwin : Kazuhiro Oguro, Largo Lloyd : Katsuyuki Konishi, Aria Link : Ami Koshimizu, Elena Blanc : Yuu Kobayashi, Gauche Suede : Jun Fukuyama, Roda, Hiroyuki Asada
Original Creator, Mamoru Kanbe
Director, Kunihiko Ryou
Music, Minako Shiba
Character Design, Kazuteru Oshikiri
Producer, Tetsurou Saitou
Producer, Rie Matsubara
Editor","Hiroyuki Asada : Original Creator, Mamoru Kanbe : Director, Kunihiko Ryou : Music, Minako Shiba : Character Design, Kazuteru Oshikiri : Producer, Tetsurou Saitou : Producer, Rie Matsubara : Editor"
RIN: Daughters of Mnemosyne, Mnemosyne: Mnemosyne no Musume-tachi,OVA  ,6.0,XEBEC,,"Action, GL, Horror, Mystery, Yuri, Original Work, Explicit Sex,, Explicit Violence,, Mature Themes,, Physical Abuse,, Sexual Abuse",3.73,2008.0,,"""Rin is a private investigator with an advantage: near immortality. Thanks to the spores of the Yggdrasill tree, both she and her assistant Mimi have lived many years longer than the average person. That isn’t to say that being immortal doesn't have its problems. With 'angels' wanting to devour them, the being Apos sending wave after wave of professional assassins to kill them, and constant hangovers from long nights of drinking, being immortal still has its downsides. With Apos' attempts at removing them from the picture increasing, can Rin and Mimi figure out what he is after so they can return to their morning shots of Vodka?""","Explicit Sex,, Explicit Violence,, Mature Themes,, Physical Abuse,, Sexual Abuse","RIN: Daughters of Mnemosyne, RIN: Daughters of Mnemosyne 2008 (Light Novel)",,"Mimi : Rie Kugimiya, Rin Asogi : Mamiko Noto, Apos : Akira Ishida, Kouki Maeno : Nobuyuki Hiyama, Laura : Sayaka Oohara, Mishiho Maeno : Kaori Nazuka, Ruon Kamiyama : Hitomi Nabatame, Sayara Yamanobe : Rie Tanaka, Shigeru Ueda
Director, Takayuki Negishi
Music, Mitsuru Ishihara
Character Design, Nobuhiro Oosawa
Producer, Yoshikazu Beniya
Producer, Yasuo Ueda
Producer","Shigeru Ueda : Director, Takayuki Negishi : Music, Mitsuru Ishihara : Character Design, Nobuhiro Oosawa : Producer, Yoshikazu Beniya : Producer, Yasuo Ueda : Producer"
"The Familiar of Zero: ""Rondo"" of Princesses - Seductive Beach", Zero no Tsukaima: Princesses no Rondo - Yuuwaku no Sunahama,DVD S,,J.C.Staff,,"Comedy, Ecchi, Master-Servant Relationship",3.73,2008.0,,"""Since the trip to the great cathedral in Romalia has been cancelled, the students at Tristain Academy are heading to the beach for summer vacation; though when they arrive, both Saito and Guiche are disappointed at the girls' reserved swimming costumes. Luckily, help is at hand as Principal Ottoman just so happens to have located a large chest full of seductive swimwear in an aristocrat's manor and orders the young ladies to change into them! With the boys attempting to con the girls into wearing even skimpier bikinis and Louise hoping to secure a moonlit stroll on the beach with Saito, it's sure to be an eventful summer break for the Tristain students.""",,"Zero no Tsukaima (Light Novel), Zero's Familiar, Zero no Tsukaima Gaiden: Tabitha no Bouken (Light Novel), Zero no Tsukaima Gaiden: Tabitha no Bouken, Zero no Chukaima - Youchien nano!, Zero's Familiar Chevalier","The Familiar of Zero, The Familiar of Zero: Knight of the Twin Moons, The Familiar of Zero: ""Rondo"" of Princesses, The Familiar of Zero: ""Rondo"" of Princesses Picture Drama, The Familiar of Zero F","Louise Francoise Le Blanc De La Valliere : Rie Kugimiya, Saito Hiraga :  Satoshi Hino, Agnes Chevalier De Milan : Michiko Neya, Guiche De Gramont : Takahiro Sakurai, Henrietta De Tristain : Ayako Kawasumi, Kirche Augusta Frederica Von Anhalt Zerbst : Nanako Inoue, Montmorency Margarita La Fere De Montmorency : Mikako Takahashi, Principal Osman : Takeshi Aono, Yuu Kou
Director, Shinkichi Mitsumune
Music, Masahiro Fujii
Character Design","Yuu Kou : Director, Shinkichi Mitsumune : Music, Masahiro Fujii : Character Design"
Mahou Sensei Negima! ~Shiroki Tsubasa Ala Alba~,,OVA  ,3.0,SHAFT,,"Comedy, Ecchi, Fantasy, Harem, Shounen, Magic, Based on a Manga",3.72,2008.0,2009.0,"'Negi has just discovered that his father is still alive; thus, he decides to travel to Wales and find him, and prepares to say goodbye to his students. When some of his class learn that Negi may not return to the Mahora Academy they form the Ala Alba – a club with the purpose of finding Negi’s father and returning to school safely. Following their grueling training the Ala Alba – under the guise of the British Culture Research Club – is ready to depart for Mundus Magicus. However, before they can leave the Ala Alba has to contend with other classmates who want in on the action, as well as Negi’s jealous childhood friend, Anya. At this rate, will Negi and the Ala Alba manage to make it to Wales?'",,"Negima! Magister Negi Magi, Negima!? Neo, Negiho: Mahora Little Girls, UQ Holder!","Mahou Sensei Negima! Introduction Film, Negima!, Negima!?, Negima!? Haru Special!?, Negima!? Natsu Special!?, Mahou Sensei Negima! ~Mou Hitotsu no Sekai~, Mahou Sensei Negima! ~Mou Hitotsu Sekai~ Magical Girl Yue, Mahou Sensei Negima! Anime Final, UQ Holder!","Asuna Kagurazaka : Akemi Kanda, Konoka Konoe : Ai Nonaka, Negi Springfield : Rina Satou, Nodoka Miyazaki : Mamiko Noto, Setsuna Sakurazaki : Yuu Kobayashi, Anastasia Yurievna Cocolova : Chiwa Saitou, Ayaka Yukihiro : Junko Minagawa, Chachamaru Karakuri : Akeno Watanabe, Ken Akamatsu
Original Creator, Akiyuki Simbo
Chief Director, Yukihiro Miyamoto
Director, Hiroaki Tomita
Director, Tomoyuki Itamura
Director & Storyboard, Hajime Kikuchi
Music, Noboru Jitsuhara
Character Design, Shinichirou Etou
Photography Director","Ken Akamatsu : Original Creator, Akiyuki Simbo : Chief Director, Yukihiro Miyamoto : Director, Hiroaki Tomita : Director, Tomoyuki Itamura : Director & Storyboard, Hajime Kikuchi : Music, Noboru Jitsuhara : Character Design, Shinichirou Etou : Photography Director"
Fist of the North Star: Legend of Toki, Shin Kyuuseishu Densetsu Hokuto no Ken Toki-den,OVA  ,1.0,A.P.P.P.,,"Action, Shounen, Desert, Dystopia, Hand to Hand Combat, Martial Arts, Post-apocalyptic, Based on a Manga, Animal Abuse,, Explicit Violence,, Mature Themes,, Physical Abuse",3.71,2008.0,,'No synopsis yet - check back soon!',"Animal Abuse,, Explicit Violence,, Mature Themes,, Physical Abuse","Fist of the North Star, Fist of the Blue Sky, Fist of the North Star Gaiden: Kinyoku no Garuda - Nanto Goshasei Zenshi, Fist of the Blue Sky: Regenesis","Fist of the North Star, Fist of the North Star: The Movie, Fist of the North Star 2, New Fist of the North Star, Hokuto no Ken: Legend of Heroes, Fist of the North Star: Legend of Raoh - Death for Love, Fist of the Blue Sky, Fist of the Blue Sky Specials, Fist of the North Star: Legend of Yuria, Fist of the North Star: Legend of Raoh - Fierce Fight, Legends of the Dark King: A Fist of the North Star Story, Fist of the North Star: Legend of Kenshiro, DD Hokuto no Ken, DD Fist of the North Star, Fist of the North Star: Strawberry Flavor, DD Fist of the North Star II","Kenshiro : Hiroshi Abe, Raoh : Takashi Ukaji, Toki : Kenyuu Horiuchi, Souga : Unshou Ishizuka, Bat : Daisuke Namikawa, Lin : Maaya Sakamoto, Ryuuken : Chikao Ohtsuka, Yuria : Yuriko Ishida, Buronson
Original Creator, Koubun Shizuno
Director, Yuki Kajiura
Music, Junichi Hayama
Character Design, Kazuhiko Hidano
Producer, Tomonari Katou
Producer, Ryuichi Kimura
Episode Director","Buronson : Original Creator, Koubun Shizuno : Director, Yuki Kajiura : Music, Junichi Hayama : Character Design, Kazuhiko Hidano : Producer, Tomonari Katou : Producer, Ryuichi Kimura : Episode Director"
Kurenai,,TV   ,12.0,Brain's Base,Spring,"Comedy, Drama, Slice of Life, Bodyguards, Childcare, Martial Arts, Based on a Light Novel, Mature Themes,, Violence",3.71,2008.0,,"'To make money, high school student Shinkurou Kurenai works for the secretive Benika as a ""dispute mediator,"" acting to intervene in the disputes of clients – often violently. One day, Benika gives him a much different assignment: to protect Murasaki Kuhoin, a seven-year-old girl from the wealthy Kuhoin family. This turns out to be a more troublesome task than he expects, as Murasaki is spoiled, naive, and completely unaware of what life is like outside of the luxurious one she had previously. He also has no idea why Murasaki needs his protection, though he is slowly obtaining details from a well-informed classmate. Adding to his problems, Shinkurou still must continue to do his previous work for Benika and take care of his social relationships in school while protecting Murasaki, complicating his entire life. Nonetheless, as time passes, he and Murasaki grow close; however, trouble brews in the shadows as everyone - including Shinkurou - seems to be harboring secrets...'","Mature Themes,, Violence","Kurenai (Light Novel), Kurenai",Kurenai OVA,"Murasaki Kuhoin : Aoi Yuuki, Shinkuro Kurenai : Miyuki Sawashiro, Benika Juuzawa : Sawa Ishige, Ginko Murakami : Nozomi Masu, Renjou Kuhouin : Takaya Kuroda, Tamaki Mutou : Asami Sanada, Yamie : Haruka Kimura, Yayoi Inuzuka : Aiko Ookubo, Kentarou Katayama
Original Creator, Kou Matsuo
Director, Ken Muramatsu
Music, Kumi Ishii
Character Design, Yuuichi Furuichi
Color Design, Shinichi Ikeda
Producer, Makoto Ooyoshi
Producer, Masashi Takatori
Producer","Kentarou Katayama : Original Creator, Kou Matsuo : Director, Ken Muramatsu : Music, Kumi Ishii : Character Design, Yuuichi Furuichi : Color Design, Shinichi Ikeda : Producer, Makoto Ooyoshi : Producer, Masashi Takatori : Producer"
Lupin III Special 20: Sweet Lost Night,,TV Sp,,TMS Entertainment,,"Action, Middle Eastern, Thieves, Based on a Manga",3.71,2008.0,,"""At Fujiko's request, Lupin travels to Arabia to steal the legendary Magic Lamp. After obtaining the loot and shaking off the relentless Zenigata, Lupin retreats to a secluded beach and upon rubbing the lamp he is greeted by its fairy. The next thing he knows, Lupin is in the middle of a busy road twelve hours later with no recollection of what happened the night before! Lupin soon learns that the mysterious fairy of the lamp is actually a woman named Drew and the lamp itself is a device for controlling memories. Since his pride as a thief refuses to allow anything to be stolen from him - especially half his daily memories - Lupin sets out to retrieve the lamp and confront Dr. Eichmann: the man behind this invasive technology. With obstacles in his way such as the persistent Colonel Garlic who also wants to get his hands on the lamp, will Lupin be able to stop Dr. Eichmann and recover his lost memories?""",,"Lupin III, Lupin Kozou","Lupin III: Pilot Film, Lupin III, Lupin III: Part II, Lupin III: The Mystery of Mamo, Lupin III: The Castle of Cagliostro, Lupin III: Part III, Lupin III: Legend of the Gold of Babylon, Lupin III: The Fuma Conspiracy, Lupin III: Secret Files, Lupin III Special 1: Bye Bye, Lady Liberty, Lupin III Special 2: The Hemingway Papers, Lupin III Special 3: Napoleon's Dictionary, Lupin III Special 4: From Siberia With Love, Lupin III Special 5: Voyage To Danger, Lupin III Special 6: Dragon of Doom, Lupin III: Farewell to Nostradamus, Lupin III Special 7: The Pursuit of Harimao's Treasure, Lupin III: Dead or Alive, Lupin III Special 8: The Secret Of The Twilight Gemini, Lupin III Special 9: Island of Assassins, Lupin III Special 10: Crisis in Tokyo, Lupin III Special 11: The Columbus Files, Lupin III Special 12: Missed by a Dollar, Lupin III Special 13: Alcatraz Connection, Lupin III: Return Of Pycal, Lupin III Special 14: Episode 0 - First Contact, Lupin III Special 15: Operation Return the Treasure, Lupin III Special 16: Stolen Lupin, Lupin III Special 17: Angel Tactics, Lupin III Special 18: Seven Days Rhapsody, Lupin III Special 19: The Elusiveness of the Fog, Lupin III: Green vs Red, Lupin III Special 21: Lupin III vs Detective Conan, Monkey Majik: Lupin the Third, Lupin III Special 22: The Last Job, Lupin III Special 23: Blood Seal of the Eternal Mermaid, Lupin VIII: Arsene and Cie, Lupin III: Lupin Family All-Stars, Lupin III: The Woman Called Fujiko Mine, Lupin III Special 24: Touhou Kenbunroku - Another Page, Lupin III Special 25: Princess of the Breeze - Kakusareta Kuuchuu Toshi, Lupin III: Jigen's Gravestone, Lupin III: Part IV, Lupin III Special 26: Italian Game, Lupin III: Goemon's Blood Spray, Lupin III Special 27: Goodbye Partner, Lupin III: The First","Arsene Lupin Iii : Kanichi Kurita, Daisuke Jigen : Kiyoshi Kobayashi, Fujiko Mine : Eiko Masuyama, Goemon Ishikawa Xiii : Makio Inoue, Koichi Zenigata : Goro Naya, Adam, Colonel Garlic, Dr. Eichmann, Monkey Punch
Original Creator, Tetsurou Amino
Director, Yuuji Oono
Music, Satoshi Hirayama
Character Design, Yasumichi Ozaki
Producer, Yoshinobu Tokumoto
Episode Director","Monkey Punch : Original Creator, Tetsurou Amino : Director, Yuuji Oono : Music, Satoshi Hirayama : Character Design, Yasumichi Ozaki : Producer, Yoshinobu Tokumoto : Episode Director"
Detective Conan OVA 8: High School Girl Detective Sonoko Suzuki's Case Files, Meitantei Conan OVA 8: Joshi Kousein Tantei Suzuki Sonoko no Jikenbo,OVA  ,1.0,,,"Comedy, Mystery, Shounen, Age Transformation, Detectives, Based on a Manga",3.71,2008.0,,"'Sonoko has offered to write and direct a play so that her class can raise money for charity. She decides upon a murder mystery about the death of a magazine editor, and even commits to playing the star who solves the case, but there’s a problem: with only a week to go, she has yet to finish the script! With no idea how to end her story, she calls on Ran, Conan and the gang to think up the ideal conclusion with their skills of deduction. Though with Kogouro’s useless logic and the Detective Boys’ bizarre and improbable offerings, it seems it will be up to Conan to solve the case – even if this time it’s fictional...'",,"Magic Kaitou, Case Closed, Detective Conan: Tokubetsu-hen, Detective Conan: Zero's Tea Time","Detective Conan, Detective Conan OVA 1: Conan vs Kid vs YAIBA, Detective Conan OVA 2: 16 Suspects, Detective Conan OVA 3: Conan and Heiji and the Vanished Boy, Detective Conan OVA 4: Conan and Kid and Crystal Mother, Detective Conan OVA 5: The Target is Kogoro! The Detective Boys' Secret Investigation, Detective Conan OVA 6: Follow the Vanished Diamond! Conan and Heiji vs Kid!, Detective Conan OVA 7: A Challenge from Agasa, Detective Conan Magic File 2: Kudou Shinichi - The Case of the Mysterious Wall and the Black Lab, Detective Conan OVA 9: The Stranger of 10 Years, Detective Conan Magic File 3: Shinichi and Ran: Memories of Mahjong Tiles and Tanabata, Lupin III Special 21: Lupin III vs Detective Conan, Detective Conan OVA 10: Kid in Trap Island, Detective Conan Magic File 4: Osaka Okonomiyaki Odyssey, Detective Conan Magic File 5: Niigata - Tokyo Omiyage Capriccio, Detective Conan OVA 11: A Secret Order from London, Detective Conan vs. Wooo, Detective Conan: Excalibur no Kiseki, Detective Conan Magic File 6: Fantasista Flower, The Disappearance of Conan Edogawa: The Worst Two Days in History, Detective Conan Movie 24: The Scarlet Bullet","Conan Edogawa : Minami Takayama, Kogoro Mori : Akira Kamiya, Ran Mori : Wakana Yamazaki, Sonoko Suzuki : Naoko Matsui, Ai Haibara : Megumi Hayashibara, Ayumi Yoshida : Yukiko Iwai, Genta Kojima : Wataru Takagi, Mitsuhiko Tsuburaya : Ikue Ootani, Gosho Aoyama
Original Creator",Gosho Aoyama : Original Creator
Tales of the Abyss,,TV   ,26.0,Sunrise,Fall ,"Action, Adventure, Comedy, Fantasy, Magic, Prophecy, Based on a Video Game",3.7,2008.0,2009.0,"'Auldrant is a world governed by The Score, an ancient prophecy divined by Yulia, which foretells the fate of all things. Thus, the Order of Lorelei is founded with the sole purpose of determining and upholding The Score. However, there always will be those who struggle against fate. Luke is a spoiled young noble of Kimlasca who yearns to be outside of the walls of his mansion. He spends his days spurning the advances of his fiancée Natalia and training with Guy, his friend and bodyguard, and his teacher Van, Commander of the Knights of Lorelei. During an attack on the mansion, he ends up in Malkuth, enemy territory. When he tries to return home, he soon finds himself embroiled in a worldwide conflict between those who would uphold fate and those who would defy it.'",,"Tales of the Abyss, Tales of the Abyss Comic Anthology, Tales of the Abyss: 4-koma Manga Gekijou, Tales of the Abyss: Kin no Inori (Light Novel), Tales of the Abyss: Asch the Bloody, Tales of the Abyss: Tsuioku no Jade","Tales of Eternia, Tales of Phantasia, Tales of Symphonia the Animation: Sylvarant Episode, Tales of Vesperia ~The First Strike~, Tales of the Abyss Special Fan Disc, Tales of the Rays: Mirrage Prison OP, Tales of Puppet","Anise Tatlin : Haruko Momoi, Guy Cecil : Yasunori Matsumoto, Jade Curtis : Takehito Koyasu, Luke Fon Fabre : Chihiro Suzuki, Natalia Luzu Kimlasca-Lanvaldear : Michiko Neya, Tear Grants : Yukana, Arietta : Satsuki Yukino, Asch : Chihiro Suzuki, Kenji Kodama
Director, Motoi Sakuraba
Music, Yoshihito Hishinuma
Character Design, Shigemi Ikeda
Art Director, Eriko Kimura
Sound Director, Hiroo Maruyama
Producer, Naohiro Ogata
Producer, Hiroko Kuwazono
Producer","Kenji Kodama : Director, Motoi Sakuraba : Music, Yoshihito Hishinuma : Character Design, Shigemi Ikeda : Art Director, Eriko Kimura : Sound Director, Hiroo Maruyama : Producer, Naohiro Ogata : Producer, Hiroko Kuwazono : Producer"
Kannagi, Kannagi: Crazy Shrine Maidens,TV   ,13.0,A-1 Pictures,Fall ,"Comedy, Drama, Harem, Shounen, Cohabitation, Japanese Mythology, School Club, School Life, Supernatural, Based on a Manga",3.7,2008.0,,"'Mikuriya Jin makes a woodcarving from the remains of a guardian tree, but he gets much more than he bargained for when girl materializes from the statue! Her name is Nagi, the troublesome and at times violent deity of the land; and with nowhere to go, she announces that she will stay with Jin. Now, with Jin’s help and a magical girl wand purchased at the local convenience store, Nagi aims to exorcise the impurities that are infecting the land. Though when the sacred tree is finally uprooted, it is only a matter of time before her powers will diminish; thus, a new object of worship is required, and what better object than Nagi herself! However, obtaining your goal of becoming a popular idol is not so straightforward, especially when you have to compete with your sister, who is unwilling to share her fan base and plans to sabotage you at every step!'",,"Kannagi, Kanpachi",Kannagi: If You Are a Shrine Maiden,"Jin Mikuriya : Hiro Shimono, Nagi : Haruka Tomatsu, Daitetsu Hibiki : Takanori Hoshino, Meguru Akiba : Tetsuya Kakihara, Shino Ookouchi : Mai Nakahara, Takako Kimura : Risa Hayamizu, Tsugumi Aoba : Miyuki Sawashiro, Zange : Kana Hanazawa, Eri Takenashi
Original Creator, Yutaka Yamamoto
Director, Satoru Kousaki
Music, Kakeru Mima
Character Design, Kazuko Nakashima
Color Design, Atsuhiro Iwakami
Producer, Yousuke Sugino
Producer, Tomonori Ochikoshi
Producer","Eri Takenashi : Original Creator, Yutaka Yamamoto : Director, Satoru Kousaki : Music, Kakeru Mima : Character Design, Kazuko Nakashima : Color Design, Atsuhiro Iwakami : Producer, Yousuke Sugino : Producer, Tomonori Ochikoshi : Producer"
ef - a tale of memories: Recollections,,OVA  ,1.0,SHAFT,,Recap,3.69,2008.0,,'No synopsis yet - check back soon!',,ef: A Fairy Tale of the Two,"ef - a tale of memories: Prologue, ef - a tale of memories, ef - a tale of melodies: Prologue, ef - a tale of melodies","Chihiro Shindou : Natsumi Yanase, Renji Asou : Motoki Takagi, Hiro Hirono : Hiro Shimono, Kei Shindou : Junko Okada, Kyousuke Tsutsumi : Yuuki Tai, Miyako Miyamura : Hiroko Taguchi, Mizuki Hayama : Mai Goto, Yuu Himura : Kouichi Toochika",
Vampire Knight,,TV   ,13.0,Studio DEEN,Spring,"Drama, Romance, Shoujo, Amnesia, Boarding School, Monster School, School Life, Supernatural, Vampires, Based on a Manga",3.69,2008.0,,"""Cross Academy is a school with a difference: in a unique and experimental setup designed by the headmaster, it has a Day Class consisting of ordinary humans and a Night Class filled with vampires. Yuki Cross and her friend Zero Kiryu are school prefects whose job it is to make sure the secret of the Night Class is always safe; they patrol the school grounds at night and supervise the switchover of classes at dawn and dusk to prevent any 'accidents' from happening. While Zero is suspicious of vampires and hates the idea of sharing the same space as them, Yuki admires the Night Class for their beauty and sophistication; she is especially intrigued by their charming leader, Kaname, because he once saved her life. However, as Yuki quickly learns, not all vampires are amiable like the Night Class, and as terrible events unfold, Yuki must ask herself whether in a world where vampires are the hunters and humans are the prey, peaceful coexistence can really be achieved.""",,"Vampire Knight, Vampire Knight: Ice Blue Sin (Light Novel), Vampire Knight: The Noir Trap (Light Novel), Vampire Knight: Fleeting Dreams (Light Novel), Vampire Knight: Memories","Vampire Knight Guilty, Vampire Knight: Gekiai no Portrait","Kaname Kuran : Daisuke Kishio, Yuki Cross : Yui Horie, Zero Kiryu : Mamoru Miyano, Akatsuki Kain : Junichi Suwabe, Hanabusa Aidou : Jun Fukuyama, Kaien Cross : Hozumi Gouda, Maria Kurenai : Mai Nakahara, Rima Touya : Eri Kitamura, Matsuri Hino
Original Creator, Kiyoko Sayama
Director, Takefumi Haketa
Music, Asako Nishida
Character Design, Fukashi Azuma
Producer, Tomoko Takahashi
Producer, Yumiko Masushima
Producer, Ryuichi Kimura
Episode Director & Storyboard","Matsuri Hino : Original Creator, Kiyoko Sayama : Director, Takefumi Haketa : Music, Asako Nishida : Character Design, Fukashi Azuma : Producer, Tomoko Takahashi : Producer, Yumiko Masushima : Producer, Ryuichi Kimura : Episode Director & Storyboard"
Corpse Princess: Aka, Shikabane Hime: Aka,TV   ,13.0,feel.,Fall ,"Shounen, Monsters, Supernatural, Superpowers, Based on a Manga",3.69,2008.0,,"""Ouri is an orphan who was raised by Keisei, a man he considers to be his older brother. One night, Ouri finds a strange wounded girl in the temple of the orphanage. Cold and covered in scars, Ouri initially thinks that she is dead – that is, until a mysterious talking cat tells him that she is a Shikabane – a corpse. After secretly watching Keisei heal\xa0the girl\xa0without explanation, Ouri decides it's time to leave the nest. However, he has picked a poor time, and he soon realizes that he's tangled in a strange, supernatural web. Why does Ouri continually meet this girl as she hunts monsters? What does Keisei have to do with it all and what exactly is her mission?""",,Corpse Princess,"Corpse Princess: Kuro, Corpse Princess: Puchitto, Corpse Princess: Kuro Special","Keisei Tagami : Keiji Fujiwara, Makina Hoshimura : Nana Akiyama, Ouri Kagami : Tatsuya Hasome, Akasha Shishidou : Mitsuru Miyamoto, Akira Touoka : Aoi Yuuki, Black Cat : Yui Horie, Honda : Nobutoshi Canna, Itsuki Yamagami : Chise Nakamura, Yoshiichi Akahito
Original Creator, Masahiko Murata
Director & Ed Director & Episode Director & Key Animator & Storyboard, Norihito Sumitomo
Music, Chikashi Kubota
Character Design, Kikuko Sadakata
Character Design, Nobuyuki Kurashige
Producer, Hiroyuki Yamaga
Producer, Keiichi Kashiwada
Producer","Yoshiichi Akahito : Original Creator, Masahiko Murata : Director & Ed Director & Episode Director & Key Animator & Storyboard, Norihito Sumitomo : Music, Chikashi Kubota : Character Design, Kikuko Sadakata : Character Design, Nobuyuki Kurashige : Producer, Hiroyuki Yamaga : Producer, Keiichi Kashiwada : Producer"
Kimi ga Aruji de Shitsuji ga Ore de,"Alt titles: Kimiaru, They Are My Noble Masters",TV   ,13.0,A.C.G.T,Winter,"Comedy, Ecchi, GL, Harem, Shoujo-ai, Maids, Mansion, Panty Shots, Parody, Based on an Eroge, Based on a Visual Novel, Incest,, Mature Themes,, Nudity",3.68,2008.0,,"'Ren and Mihato Uesugi have moved to Chiharu in order to find work and a place to live, but it has proven difficult to find employment. Through a series of events the duo finds itself in the prestigious Kuonji house - and subsequently accepts live-in maid positions! Famous Shinra, inventive Miyu and youngest Yume are tough customers to wait on, but with the help of the ex-militant head-butler Colonel, head maid Benisu and other wait staff, Ren and Mihato might just learn what it takes to be the best maid or butler you can be. Their jobs are not easy, though, with everything from inappropriate sibling love to household games to handle!'","Incest,, Mature Themes,, Nudity",Kimi ga Aruji de Shitsuji ga Ore de,,"Mihato Uesugi : Hitomi, Ren Uesugi : Tomokazu Seki, Shinra Kuonji : Shizuka Itou, Ageha Kuki : Rie Tanaka, Chiharu Kiyohara : Yuu Amamiya, Colonel, Miyu Kuonji : Yuuko Gotou, Natose : Yuu Asakawa, Susumu Kudou
Director, Noriyasu Agematsu
Music, Hitoshi Fujima
Music, Fumio Matsumoto
Character Design, Kayo Fukuda
Producer, Yuichiro Tatabatake
Producer, Yoshito Mikamo
Episode Director, Shinichi Watanabe
Episode Director & Storyboard","Susumu Kudou : Director, Noriyasu Agematsu : Music, Hitoshi Fujima : Music, Fumio Matsumoto : Character Design, Kayo Fukuda : Producer, Yuichiro Tatabatake : Producer, Yoshito Mikamo : Episode Director, Shinichi Watanabe : Episode Director & Storyboard"
Pucca (2008),,TV   ,13.0,,,"Comedy, Episodic, Korean Animation",3.68,2008.0,,'Continuation of Pucca (2006).',,,"Pucca, Pucca (2006)","Abyo, Garu, Pucca, Tobe",
Earl and Fairy, Hakushaku to Yousei,TV   ,12.0,Artland,Fall ,"Adventure, Shoujo, 19th Century, Doctors, England, Europe, Historical, Magic, Nobility, Based on a Light Novel",3.67,2008.0,,"""Throughout the ages, fairy doctors served as liaisons between humans and fairies; but in the present time of the 19th century, fairies are nothing more than an old wives' tale. Nineteen-year-old Lydia Carlton is one of the only remaining fairy doctors and enjoys a quiet life in the countryside of England - that is, until the dashing Edgar, for mysterious reasons, whisks her away on a daring adventure. Said to be the descendent of the earl of the fairy nation, Edgar desires the noble sword of the merrow that serves as proof to his lineage. Though his motives and origins are questionable, Lydia now sets forth to help Edgar on his quest.""",,"Hakushaku to Yousei (Light Novel), The Earl and The Fairy",Earl and Fairy Specials,"Edgar J. C. Ashenbert : Hikaru Midorikawa, Lydia Carlton : Nana Mizuki, Banshee : Kaori Nazuka, Ermine : Sayaka Oohara, Kelpie : Takehito Koyasu, Marigold : Rie Kugimiya, Merrow Queen : Mika Doi, Nico : Hiro Yuuki, Mizue Tani
Original Creator, Kouichirou Soutome
Director, Takehiko Gokita
Music, Asako Takaboshi
Character Design, Rika Sasaki
Producer, Yukiyo Komito
Chief Animation Director, Masahiko Yoda
Chief Animation Director","Mizue Tani : Original Creator, Kouichirou Soutome : Director, Takehiko Gokita : Music, Asako Takaboshi : Character Design, Rika Sasaki : Producer, Yukiyo Komito : Chief Animation Director, Masahiko Yoda : Chief Animation Director"
Shakugan no Shana II Specials,,DVD S,,J.C.Staff,,"Comedy, Chibi",3.67,2008.0,2009.0,'No synopsis yet - check back soon!',,"Shakugan no Shana (Light Novel), Shakugan no Shana, Shakugan no Shana Zero (Light Novel), Shakugan no Shana X Eternal Song - Harukanaru Uta","Shakugan no Shana Specials, Shakugan no Shana OVA, Shakugan no Shana Movie, Shakugan no Shana Movie Special, Shakugan no Shana II, Shakugan no Shana S, Shakugan no Shana S Specials, Shakugan no Shana III Specials","Shana : Rie Kugimiya, Yuuji Sakai : Satoshi Hino, Bel-Peol : Sayaka Oohara, Hecate : Mamiko Noto, Kazumi Yoshida : Ayako Kawasumi, Fumina Konoe, Hayato Ike : Hirofumi Nojima, Index : Yuka Iguchi, Takashi Watanabe
Director, Kow Otani
Music, Mai Ootsuka
Character Design","Takashi Watanabe : Director, Kow Otani : Music, Mai Ootsuka : Character Design"
Legend of the Condor Hero III,"Alt titles: Shen Diao Xia Lu III, Shin Chou Kyou Ryo: Condor Hero III",TV   ,26.0,Jade Animation,,Martial Arts,3.67,2008.0,,'Third season of Legend of the Condor Hero.',,,"Legend of the Condor Hero, Legend of the Condor Hero II","Guo Yang : Daisuke Namikawa, Long Nu Xiao, Noboru Sugimitsu
Character Design",Noboru Sugimitsu : Character Design
Sore Ike! Anpanman: Yousei Rinrin no Himitsu,,Movie,,TMS Entertainment,,"Anthropomorphic, Family Friendly, Food Protagonists, Non-Human Protagonists",3.66,2008.0,,'No synopsis yet - check back soon!',,,"Sore Ike! Anpanman, Sore Ike! Anpanman: Hiya Hiya Hiyariko to Bafu Bafu Baikinman","Anpanman : Keiko Toda, Baikinman : Ryuusei Nakao, Batako-San : Rei Sakuma, Cheese : Kouichi Yamadera, Creampanda : Miki Nagasawa, Currypanman : Michiyo Yanagisawa, Dokin-Chan : Hiromi Tsuru, Horrorman : Kaneta Kimotsuki, Takashi Yanase
Original Creator",Takashi Yanase : Original Creator
Library War: Romance Impairment, Toshokan Sensou: Koi no Shougai,DVD S,,Production I.G,,"Action, Library, Military, Based on a Light Novel",3.66,2008.0,,"""Komaki is arrested for violating the human rights of a disabled minor, but the charges are trumped up by the Betterment\xa0Forces. It'll take the feelings of Marie, the young deaf-mute girl in love with Komaki, to save him.""",,"Toshokan Sensou (Light Novel), Library Wars: Love & War, Toshokan Sensou Spitfire!, Toshokan Sensou: Love & War Bessatsu-hen","Library War, Toshokan Sensou: Kakumei no Tsubasa","Marie Nakazawa, Mikihisa Komaki : Akira Ishida, Asako Shibasaki : Miyuki Sawashiro, Atsushi Dojo : Tomoaki Maeno, Hikaru Tezuka : Tatsuhisa Suzuki, Iku Kasahara : Marina Inoue, Ryuusuke Genda, Akiya Ogata, Yuugo Kanno
Music, Satoru Nakamura
Character Design","Yuugo Kanno : Music, Satoru Nakamura : Character Design"
.hack//G.U. Trilogy,,Movie,,CyberConnect2 sai,,"MMORPG, RPG, Virtual Reality, CG Animation",3.66,2008.0,,"""The World is an ordinary online game – or at least, that's what Haseo thought before his friend Shino was player killed and in the real world, Shino's body subsequently fell into a coma. While Haseo searches for the mysterious player killer called Tri-Edge in order to bring Shino back, he discovers that a dangerous virus called AIDA is lurking inside The World. Only Epitaph Users such as Haseo - players with special powers – can defeat it. With\xa0the help of Project G.U. members Pi and Kuhn, Haseo will fight to save both The World and Shino...""",,".hack//Legend of the Twilight, .hack//AI Buster (Light Novel), .hack//Another Birth (Light Novel), .hack//GnU, .hack//G.U.+, .hack//XXXX, .hack//Alcor, .hack//CELL (Light Novel), .hack//Link, .hack//4koma, .hack//G.U. (Light Novel)",".hack//SIGN, .hack//LIMINALITY, .hack//Legend Of The Twilight, .hack//SIGN - Intermezzo, .hack//SIGN - Unison, .hack//GIFT, .hack//Roots, .hack//G.U. Returner, .hack//G.U. Trilogy Parody, .hack//Quantum, .hack//Quantum: Go, Our Chim Chims!!, .hack // The Movie, .hack//Versus: The Thanatos Report","Atoli : Ayako Kawasumi, Haseo : Takahiro Sakurai, Ovan : Hiroki Touchi, Aina : Atsuko Enomoto, Pi : Sanae Kobayashi, Shino Nanao : Kaori Nazuka, Tri-Edge : Sayaka Aida, Wiseman : Takumi Yamazaki, Hiroshi Matsuyama
Director, Seiichiro Hosokawa
Character Design, Shin Unozawa
Producer, Kouji Morimoto
Producer, Rio Nakata
Producer","Hiroshi Matsuyama : Director, Seiichiro Hosokawa : Character Design, Shin Unozawa : Producer, Kouji Morimoto : Producer, Rio Nakata : Producer"
Tengen Toppa Gurren Lagann Parallel Works, Gurren Lagann Parallel Works,Music,,GAINAX,,"Action, Adventure, Comedy",3.66,2008.0,,"'Swept far from their hometown of Jeeha village, the shy Simon and heroic Kamina find themselves in a parallel universe where things aren’t quite as they seem. From a gun-toting cowboy scene in southern America, the boys soon find themselves fighting the busty Yoko in a fantasy world. Set to a pumping soundtrack, the team travel through time experiencing everything from the surreal to the chibi, meeting some familiar faces along the way.'",,"Tengen Toppa Gurren Lagann, Tengen Toppa Gurren Lagann (Light Novel), Tengen Toppa Gurren Lagann: 4-koma Kingdom - Yoko no Oheso-hen, Tengen Toppa Gurren Lagann: Guren Gakuenhen, Tengen Toppa Gurren Lagann: Otoko Ippiki-hen, Tengen Toppa Gurren Lagann: Otoko Doahou!-hen, Tengen Toppa Gurren Lagann: Kessen! Otokogumi-hen","Tengen Toppa Gurren Lagann OVA, Tengen Toppa Gurren Lagann, Gurren Lagann Movie 1: Childhood's End, Tengen Toppa Gurren Lagann Gekijouban Zenyasai Special: Viral's Sweet Dream, Tengen Toppa Gurren Lagann: Lagann-hen, Tengen Toppa Gurren Lagann: Kirameki Yoko Box ~Pieces of Sweet Stars~, Tengen Toppa Gurren Lagann Parallel Works 2","Kamina, Lord Genome, Simon, Viral, Yoko Littner, Gimmy Adai, Guame, Nia Teppelin, Atsushi Nishigori
Character Design",Atsushi Nishigori : Character Design
Kochira Katsushikaku Kameari Kouenmae Hashutsujo: Washi to Ore!? - Bokura wa Asakusa Shounen Tanteidan,,TV Sp,,,,"Comedy, Police, Time Travel",3.66,2008.0,,'No synopsis yet - check back soon!',,,,,
Sore Ike! Anpanman: Hiya Hiya Hiyariko to Bafu Bafu Baikinman,,Movie,,TMS Entertainment,,"Anthropomorphic, Family Friendly, Food Protagonists, Non-Human Protagonists",3.66,2008.0,,'No synopsis yet - check back soon!',,,"Sore Ike! Anpanman, Sore Ike! Anpanman: Yousei Rinrin no Himitsu","Anpanman : Keiko Toda, Baikinman, Batako-San, Cheese, Currypanman, Dokin-Chan, Jam Oji-San, Hiyariko, Takashi Yanase
Original Creator",Takashi Yanase : Original Creator
Detroit Metal City: Birth of the Metal Devil,,OVA  ,1.0,Studio 4°C,,"Comedy, Seinen, Crude, Music, Parody, Rock Music, Satire, Secret Identity, Shorts, Showbiz, Based on a Manga",3.66,2008.0,,"""Negishi Souichi always dreamed of joining a trendy pop band, so that he could perform music like that of his idol, Kahimi Karie. In order to realize his dream, he decided to leave the country side and his loving parents to study in Tokyo. And after graduating, he does manage to join a band... but not the kind he was expecting! As lead singer of the death metal band Detroit Metal City, under the stage name Krauser II, he is made to perform loud songs filled with obscene lyrics - a far cry from the songs he used to write in school. But despite the fact that Negishi hates DMC's music, the Krauser side of him will do anything to put on a good show for his fans... even if it means making Negishi's life a misery!""",,Detroit Metal City,Detroit Metal City,"Johannes Krauser Ii, Soichi Negishi : Daisuke Kishio, Yuri Aikawa, Death Records President, Keisuke Nashimoto, Terumichi Nishida, Wada Masayuki, Kiminori Wakasugi
Original Creator, Hiroshi Nagahama
Director","Kiminori Wakasugi : Original Creator, Hiroshi Nagahama : Director"
Rosario + Vampire, Rosario to Vampire,TV   ,13.0,GONZO,Winter,"Comedy, Ecchi, Harem, Shounen, Monsters, Monster School, Panty Shots, School Life, Supernatural, Vampires, Based on a Manga, Nudity",3.66,2008.0,,"""Fifteen-year-old Tsukune Aono\xa0is average in every way; he has no hobbies, less-than-stellar grades and he's even flunked his high school entrance exam. His parents have managed to enroll him in a school, but it's no ordinary school!\xa0Tsukune will be attending the Youkai Academy, a place where monsters learn how to co-exist with humans! As the werewolves, vampires, witches and other monsters are required to retain their human forms,\xa0Tsukune - the lone human - is able to avoid their bloodthirsty gazes. However, he quickly attracts the attention of a number of devilish beauties including the vampire Moka, a busty succubus and even a young witch! It seems Tsukune's average life isn't so average anymore!""",Nudity,"Rosario + Vampire: Prototype, Rosario + Vampire, Rosario + Vampire Season II, Rosario + Vampire (Light Novel)",Rosario + Vampire Capu2,"Moka Akashiya : Nana Mizuki, Tsukune Aono : Daisuke Kishio, Ginei Morioka : Tomokazu Seki, Kurumu Kurono : Misato Fukuen, Kuyou : Shuuichi Ikeda, Mizore Shirayuki : Rie Kugimiya, Ruby Toujou : Saeko Chiba, Yukari Sendo : Kimiko Koyama, Akihisa Ikeda
Original Creator, Takayuki Inagaki
Director, Kouhei Tanaka
Music, Shirou Hamaguchi
Music, Mariko Fujita
Character Design, Mitsuko Ooya
Episode Director, Shin Itagaki
Episode Director & Storyboard, Michio Fukuda
Storyboard","Akihisa Ikeda : Original Creator, Takayuki Inagaki : Director, Kouhei Tanaka : Music, Shirou Hamaguchi : Music, Mariko Fujita : Character Design, Mitsuko Ooya : Episode Director, Shin Itagaki : Episode Director & Storyboard, Michio Fukuda : Storyboard"
To Love Ru,,TV   ,26.0,XEBEC,Spring,"Comedy, Ecchi, Harem, Romance, Sci Fi, Shounen, Slice of Life, Aliens, Arranged Marriage, Cohabitation, Interspecies Relationship, Love Triangle, Panty Shots, Romantic Comedy, Royalty, School Life, Sudden Girlfriend Appearance, Based on a Manga, Nudity",3.65,2008.0,,"'Rito Yuuki is a bumbling boy who wants nothing more than to confess his love to the lovely Haruna, but a variety of obstacles always seems to stand in his way. One day, while relaxing in his bathtub Rito found his hands full - literally - with the breasts of a strange alien girl named Lala who suddenly appeared in his lap! She is the princess of Planet Deviluke, and she has run away from home to escape the prospect of an arranged marriage; and unfortunately for Rito, his accidental groping is the traditional engagement ritual of his otherworldly guest! Deviluke\'s emperor will destroy Earth if Rito backs down from his ""proposal,"" but all he really wants to do is be with Saruyama! Naked antics, magical powers, misunderstandings, Lala\'s marriage-happy family and Rito\'s own shyness are many of the barriers he must face in his attempt to win the real love of his life – that is, if Lala doesn\'t win him over first!'",Nudity,"To Love Ru, To Love Ru: Abunai Girls Talk (Light Novel), To Love Ru Darkness, To Love Ru Darkness: Little Sisters (Light Novel), To Love Ru: Rito to Sayaka no Houkago, To Love Ru Darkness: Special","To Love Ru OVA, Motto To Love Ru, To Love Ru: Darkness OVA, To Love Ru: Darkness, To Love Ru: Darkness 2nd, To Love Ru: Darkness 2nd Specials, To Love Ru: Darkness 2nd OVA, To Love Ru: Multiplication - Mae kara Ushiro kara","Haruna Sairenji : Sayuri Yahagi, Lala Satalin Deviluke :  Haruka Tomatsu, Rito Yuuki : Akeno Watanabe, Kenichi Saruyama : Hiroyuki Yoshino, Mikan Yuuki : Kana Hanazawa, Peke : Satomi Arai, Ren Elsie Jewelria : Fuyuka Ooura, Run Elsie Jewelria : Fuyuka Ooura, Saki Hasemi
Original Creator, Takao Kato
Director, Takeshi Watanabe
Music, Yuuichi Oka
Character Design, Takatoshi Chino
Producer, Hiroyuki Yonemasu
Producer, Makoto Ooyoshi
Producer, Masanori Gotou
Producer","Saki Hasemi : Original Creator, Takao Kato : Director, Takeshi Watanabe : Music, Yuuichi Oka : Character Design, Takatoshi Chino : Producer, Hiroyuki Yonemasu : Producer, Makoto Ooyoshi : Producer, Masanori Gotou : Producer"
Outlaw Star Pilot, Seihou Bukyou Outlaw Star Pilot,Other,,Sunrise,,"Sci Fi, Seinen, Shorts, Based on a Manga",3.64,2008.0,,'No synopsis yet - check back soon!',,"Future-Retro Hero Story, Outlaw Star","Outlaw Star, Angel Links","Gene Starwind, Aisha Clanclan, James Hawking, Melfina, Suzuka, Takehiko Gokita
Original Creator, Kow Otani
Music, Takuya Saitou
Character Design","Takehiko Gokita : Original Creator, Kow Otani : Music, Takuya Saitou : Character Design"
Tower of Druaga: the Aegis of Uruk, Druaga no Tou: the Aegis of Uruk,TV   ,12.0,GONZO,Spring,"Action, Adventure, Comedy, Fantasy, Magic, Medieval, Parody, RPG, Based on a Video Game",3.64,2008.0,,"'In the kingdom of Urak, the tower of Druaga is a source of fear and death; it is the cause of disease and monster attacks, and climbing it is impossible given the ferocity of the monsters within – until now. It is the Summer of Anu, a period that occurs once every five years during which the monsters are weakened. Jil, a guardian, is one adventurer whose goal is to reach the top level and slay the tower’s creator, the demon Druaga, and finally bring peace to Uruk with the help of a powerful artifact found within. However, Jil and his friends aren’t the only ones who aim for the top; it’s a race to the finish!'",,,"Tower of Druaga: The Aegis of Uruk: Jil no Bouken, Tower of Druaga: the Sword of Uruk","Ahmey : Risa Hayamizu, Coopa : Minori Chihara, Jil : Kenn, Kaaya : Fumiko Orikasa, Melt : Hozumi Gouda, Druaga : Jyoji Arimori, Ethana : Risa Mizuno, Fatina : Yui Horie, Kouichi Chigira
Director, Hitoshi Sakimoto
Music, Junichi Takaoka
Character Design, Atsushi Yamagata
Character Design, Hideyuki Nanba
Producer, Taichi Hashimoto
Producer, Michio Fukuda
Storyboard, Jimmy Stone
Key Animator","Kouichi Chigira : Director, Hitoshi Sakimoto : Music, Junichi Takaoka : Character Design, Atsushi Yamagata : Character Design, Hideyuki Nanba : Producer, Taichi Hashimoto : Producer, Michio Fukuda : Storyboard, Jimmy Stone : Key Animator"
Code Geass: Lelouch of the Rebellion R2 Picture Drama, Code Geass: Hangyaku no Lelouch R2 Picture Drama,DVD S,,Sunrise,,Picture Drama,3.63,2008.0,2009.0,'No synopsis yet - check back soon!',,"Code Geass: Lelouch of the Rebellion, Code Geass: Suzaku of the Counterattack, Code Geass: Nightmare of Nunnally, Code Geass: Lelouch of the Rebellion - Knight: Official Comic Anthology - For Girls, Code Geass: Lelouch of the Rebellion (Light Novel), Code Geass: Tales of an Alternate Shogunate, Code Geass: Lelouch of the Rebellion R2 (Light Novel), Code Geass: Shikkoku no Renya, Barcode Geass: Hanbai no Lelouch, Code Geass: Soubou no Oz, Code Geass: Boukoku no Akito (Light Novel), Kateikyoushi no Lelouch-san","Code Geass: Lelouch of the Rebellion, Code Geass: Lelouch of the Rebellion Recaps, Code Geass: Lelouch of the Rebellion Picture Drama, Code Geass: Lelouch of the Rebellion Special Edition - Black Rebellion, Code Geass: Lelouch of the Rebellion R2, Code Geass: Lelouch of the Rebellion R2 Flash Specials, Code Geass: Lelouch of the Rebellion R2 Special Edition - Zero Requiem, Code Geass: Lelouch of the Rebellion - Kiseki no Birthday Picture Drama, Code Geass: Akito the Exiled, Code Geass: Nunnally in Wonderland, Code Geass Gaiden: Boukoku no Akito Picture Drama, Code Geass: Lelouch of the Rebellion R2 Picture Drama - Last Moratorium","Kallen Stadtfeld : Ami Koshimizu, Lelouch Lamperouge : Jun Fukuyama, Suzaku Kururugi : Takahiro Sakurai, Anya Alstreim : Yuuko Gotou, C.C. : Yukana, Cecile Croomy : Kikuko Inoue, Gilbert G.P. Guilford : Yoshiyuki Kouno, Gino Weinberg : Souichirou Hoshi",
Yes! Pretty Cure 5 GoGo! Movie: Okashi no Kuni no Happy Birthday, Yes! Pretty Cure 5 GoGo! Okashi no Kuni no Happy Birthday,Movie,,Toei Animation,,"Magical Girl, Henshin Heroes, Magic",3.63,2008.0,,"""It's Nozomi's birthday, but it is disturbed by Bunbee chasing after a girl from another world, Chocola. When Pretty Cure rescue her, she thanks them by taking them to her country, Dessert Kingdom. In this cockaigne with rivers of juice and candy growing on trees, they feel very comfortable. But then they meet the evil Mushiban and his two subordinates Dry and Bitter. They want to take over the kingdom and change Pretty Cure into sweets. In order to save not only Nozomi's Birthday but also the whole Dessert Kingdom, Pretty Cure have to fight their way against Dry and Bitter and also against their own friend: Coco, who is being brainwashed by Mushiban.""",,"Futari wa Precure, Futari wa Pretty Cure: Splash Star, Eiga: Futari wa Pretty Cure Splash Star - Chikutaku Kiki Ippatsu!, Yes! Pretty Cure 5 GoGo!, Kirakira Precure à la Mode",Yes! Pretty Cure 5 GoGo!,"Karen Minazuki : Ai Maeda, Komachi Akimoto : Ai Nagano, Kurumi Mimino : Eri Sendai, Nozomi Yumehara : Yuuko Sanpei, Rin Natsuki : Junko Takeuchi, Urara Kasugano : Mariya Ise, Chocola : Taeko Kawata, Coco : Takeshi Kusao, Tatsuya Nagamine
Director, Naoki Satou
Music, Toshie Kawamura
Character Design, Katsumi Tamegai
Character Design, Kazuhiro Asou
Producer, Shouko Nakamura
Key Animator","Tatsuya Nagamine : Director, Naoki Satou : Music, Toshie Kawamura : Character Design, Katsumi Tamegai : Character Design, Kazuhiro Asou : Producer, Shouko Nakamura : Key Animator"
You're Under Arrest: Full Throttle Special, Taiho Shichauzo: Full Throttle - Watashitachi no Iru Basho,DVD S,,Studio DEEN,,"Comedy, Seinen, Coworkers, Police, Work Life, Based on a Manga",3.63,2008.0,,'No synopsis yet - check back soon!',,You're Under Arrest!,"You're Under Arrest! OVA, You're Under Arrest!, You're Under Arrest! Diverting Traffic at the Beach, You're Under Arrest: Mini-Specials, You're Under Arrest! The Movie, You're Under Arrest! Fast & Furious, You're Under Arrest! No Mercy!!, You're Under Arrest: Full Throttle","Miyuki Kobayakawa : Akiko Hiramatsu, Natsumi Tsujimoto : Sakiko Tamagawa, 50 C.C. Old Lady, Futaba Aoi, Kachou, Kaori Takano : Haruka Tomatsu, Maho, Randy, Kosuke Fujishima
Original Creator, Kouichi Oohata
Director, Masara Nishida
Music, Atsuko Nakajima
Character Design","Kosuke Fujishima : Original Creator, Kouichi Oohata : Director, Masara Nishida : Music, Atsuko Nakajima : Character Design"
Dragon Ball: Yo! The Return of Son-Goku and Friends!!, Dragon Ball: Ossu! Kaette Kita Son Goku to Nakamatachi!!,TV Sp,,Toei Animation,,"Action, Shounen, Aliens, Hand to Hand Combat, Martial Arts, Superpowers, Based on a Manga",3.63,2008.0,,"""Mr. Satan has just finished building a grand hotel, and has invited Goku and his friends to a feast to celebrate. All is peaceful until Vegeta's brother Tarble shows up; he is looking for help against two evil brothers who attacked his planet, and have now followed him to Earth. Everyone wants in on the action, but in order to be fair, they decide that only two people will fight these evil brothers. After drawing lots, they determine that the mighty warriors who will confront the villains will be... the children, Trunks and Goten! Will these mighty fiends be able to defeat two small boys? Will Mr. Satan's glorious new hotel survive the onslaught? And most importantly, will Goku ever stop eating?""",,"Dragon Ball Z, Dragon Ball: Yo! The Return of Son-Goku and Friends!!, Dragon Ball Heroes: Victory Mission, Dragon Ball Z: Fukkatsu no F, Dragon Ball Super, Dragon Ball: That Time I Got Reincarnated as Yamcha!, Super Dragon Ball Heroes: Ankoku Makai Mission!, Super Dragon Ball Heroes: Universe Mission!!","Dragon Ball Z, Dragon Ball Z Movie 1: Dead Zone, Dragon Ball Z Movie 2: The World's Strongest, Dragon Ball Z Movie 3: The Tree of Might, Dragon Ball Z Special 1: Bardock - The Father of Goku, Dragon Ball Z Movie 4: Lord Slug, Dragon Ball Z Movie 5: Cooler's Revenge, Dragon Ball Z Movie 6: Return of Cooler, Dragon Ball Z: Atsumare! Goku World, Dragon Ball Z Movie 7: Super Android 13, Dragon Ball Z Special 2: The History of Trunks, Dragon Ball Z Movie 8: Broly - The Legendary Super Saiyan, Dragon Ball Z Movie 9: Bojack Unbound, Dragon Ball Z: Plan to Destroy the Saiyajin, Dragon Ball Z Movie 10: Broly - Second Coming, Dragon Ball Z Movie 11: Bio-Broly, Dragon Ball Z Movie 12: Fusion Reborn, Dragon Ball Z Movie 13: Wrath of the Dragon, Dragon Ball Z Kai, Dragon Ball: Plan to Destroy the Saiyajin, Dragon Ball Z Kai: Bring Peace to the Future! Goku's Spirit is Eternal, Dragon Ball: Episode of Bardock, Dragon Ball Z Movie 14: Battle of Gods, Dragon Ball Z Kai: The Final Chapters, Dragon Ball Z Movie 15: Resurrection 'F'","Goku Son : Masako Nozawa, Goten Son : Masako Nozawa, Trunks Brief : Takeshi Kusao, Vegeta : Ryou Horikawa, Android 18 : Miki Itou, Avo : Yusuke Numata, Bulma : Hiromi Tsuru, Cado : Kazunari Tanaka, Akira Toriyama
Original Creator, Yoshihiro Ueda
Director, Shunsuke Kikuchi
Music, Naoyoshi Yamamuro
Character Design","Akira Toriyama : Original Creator, Yoshihiro Ueda : Director, Shunsuke Kikuchi : Music, Naoyoshi Yamamuro : Character Design"
Da Capo II Second Season,,TV   ,13.0,feel.,Spring,"Drama, Fantasy, Harem, Romance, Island, Love Triangle, Magic, Based on an Eroge, Based on a Visual Novel",3.62,2008.0,,"'Yoshiyuki, Otome, Yume, Sakura and the rest of their friends are back for more romance and mystery. The school festival is approaching, and the class decides upon a puppet show; what’s more, Yoshiyuki was chosen to be the lead! Even once the holidays pass, plenty of quiet times await the gang: Yoshiyuki and Otome investigate mysterious occurrences on the island and the truth behind the always-blooming sakura tree, and everyone celebrates the end of the year – amongst other events.'",,"Da Capo, Da Capo Second Graduation, Da Capo II, Da Capo II: Imaginary Future","Da Capo, Da Capo Second Season, Da Capo Second Season Specials, Da Capo II, Da Capo if, Da Capo: D.C I & II P.S.P, T.P. Sakura: Time Paladin Sakura, Da Capo III Special, Da Capo III","Otome Asakura : Ayahi Takagaki, Yoshiyuki Sakurai : Shintarou Asanuma, Yume Asakura : Yui Horie, Anzu Yukimura : Tae Okajima, Koko Tsukishima : Yoshino Nanjou, Nanaka Shirakawa : Minori Chihara, Sakura Yoshino : Yukari Tamura, Suginami :  Daisuke Kishio, Hideki Okamoto
Director, Kaoru Ookubo
Music, Noriko Shimazawa
Character Design, Naoko Kosakabe
Art Director, Gou Shukuri
Producer, Tomoko Kawasaki
Producer, Shigeru Saitou
Producer, Yoshinobu Tokumoto
Episode Director","Hideki Okamoto : Director, Kaoru Ookubo : Music, Noriko Shimazawa : Character Design, Naoko Kosakabe : Art Director, Gou Shukuri : Producer, Tomoko Kawasaki : Producer, Shigeru Saitou : Producer, Yoshinobu Tokumoto : Episode Director"
Urusei Yatsura: The Obstacle Course Swim Meet, Urusei Yatsura: The Shougaibutsu Suieitaikai,Other,,Sunrise,,"Comedy, Sci Fi, Shounen, Aliens, Non-Human Protagonists, Based on a Manga",3.62,2008.0,,'No synopsis yet - check back soon!',,Urusei Yatsura,"Urusei Yatsura, Urusei Yatsura Special: It's Spring! Take Off!, Urusei Yatsura Movie 1: Only You, Urusei Yatsura Movie 2: Beautiful Dreamer, Urusei Yatsura Movie 3: Remember My Love, Urusei Yatsura OVA, Urusei Yatsura Movie 4: Lum The Forever, Urusei Yatsura Movie 5: The Final Chapter, Urusei Yatsura Movie 6: Always My Darling","Ataru Moroboshi, Lum, Oyuki : Noriko Ohara, Ryoko Mendou : Mami Koyama, Sakura : Machiko Washio, Sakuranbou : Ichiro Nagai, Shinobu Miyake, Ataru'S Father, Rumiko Takahashi
Original Creator, Shigemi Ikeda
Art Director, Eriko Kimura
Sound Director","Rumiko Takahashi : Original Creator, Shigemi Ikeda : Art Director, Eriko Kimura : Sound Director"
Gunslinger Girl: Il Teatrino OVA,,OVA  ,2.0,Artland,,"Action, Shounen, Assassins, Cyborgs, Europe, Guns, Based on a Manga",3.62,2008.0,,"'After Jean and Rico finish a mission, Jean and José head off for a short break with Rico and Henrietta. They visit their old home, and Jean reflects on old memories of their younger sister, Enrica, who died in a terrorist attack.'",,Gunslinger Girl,"Gunslinger Girl, Gunslinger Girl: Il Teatrino","Angelica, Claes, Henrietta : Kana Akutsu, Rico : Anri Shiono, Triela, Giuse Croce : Kouzou Mito, Enrica Croce, Jean Croce, Yu Aida
Original Creator, Hiroshi Ishiodori
Chief Director, Akira Mano
Director, Kow Otani
Music, Noboru Sugimitsu
Character Design, Hajime Maruyama
Producer, Toshihisa Yoshii
Producer, Jun Maeda
Song Composition & Song Lyrics","Yu Aida : Original Creator, Hiroshi Ishiodori : Chief Director, Akira Mano : Director, Kow Otani : Music, Noboru Sugimitsu : Character Design, Hajime Maruyama : Producer, Toshihisa Yoshii : Producer, Jun Maeda : Song Composition & Song Lyrics"
Porphy no Nagai Tabi, The Orphans of Simitra,TV   ,52.0,Nippon Animation,Winter,"Adventure, Earthquake, Europe, Orphans, Siblings, World Masterpiece Theater, Based on a Novel",3.62,2008.0,,"'In the original novel, Porphyras is a Greek boy who was orphaned with his sister Mina by an earthquake. The two siblings decide to embark on a journey across Europe instead of staying in their foster home in an unfamiliar country.'",,,,"Mina Patagos : Ayumi Fujimura, Porphyras Patagos : Yuki Kaida, Anek Patagos : Sumi Shimamoto, Christopher : Kazuhiko Inoue, Rose : Miki Nagasawa, Zaimis : Toshiyuki Toyonaga, Alecia : Mariya Ise, Alvari : Tamio Sobami, Tomomi Mochizuki
Director, Moka
Music, Shigeo Akahori
Character Design, Seimei Kidokoro
Episode Director, Ryuichi Kimura
Storyboard","Tomomi Mochizuki : Director, Moka : Music, Shigeo Akahori : Character Design, Seimei Kidokoro : Episode Director, Ryuichi Kimura : Storyboard"
Shigofumi Special,,DVD S,,J.C.Staff,,"Drama, Fantasy, Afterlife, Supernatural, Based on a Light Novel",3.62,2008.0,,'No synopsis yet - check back soon!',,Shigofumi: Stories of Last Letter (Light Novel),"Shigofumi Picture Drama, Shigofumi","Fumika Mikawa : Eri Sendai, Suzane Shinozaki : Yui Horie, Fumika : Kana Ueda, Kanaka : Yuki Matsuoka, Kaname Nojima : Takuma Terashima, Natsuka Kasai : Saeko Chiba, Chiaki : Masumi Asano, Funabori : Isshin Chiba, Tatsuo Satou
Director, Masumi Itou
Music, Ali Project
Song Performance","Tatsuo Satou : Director, Masumi Itou : Music, Ali Project : Song Performance"
Nabari no Ou,,TV   ,26.0,J.C.Staff,Spring,"Shounen, Ninja, Supernatural, Superpowers, Based on a Manga",3.62,2008.0,,"'There are two worlds which exist side by side – the ordinary surface world of the humans and the secret world of ninjas called Nabari. Within this secret world, the opposing ninja groups are fighting over who should possess the ultimate power known as Shinra Banshou. Enter Miharu Rokujou, a high-school student who lives a carefree life and likes to keep himself to himself. Unfortunately for Miharu, his carefree life is about to be over, because within him is hidden the ultimate power and there is no end of evil minions ready to kidnap him for it! Miharu’s only chance of survival is to embrace this mystic world and become the King of Nabari himself. With the help of his new ninja friends, Kouichi, Shimizu, and Kumohira, can he come to grips with his powers or will he fall prey to his many enemies instead?'",,Nabari no Ou,,"Miharu Rokujou : Rie Kugimiya, Yoite : Mitsuki Saiga, Gau Meguro : Nobuhiko Okamoto, Juuji Minami : Kimiko Koyama, Kazuhiko Yukimi : Kenjirou Tsuda, Koichi Aizawa : Satoshi Hino, Kotarou Fuuma : Ryotaro Okiayu, Raikou Shimizu : Junichi Suwabe, Yuhki Kamatani
Original Creator, Kunihisa Sugishima
Director, Michiru Ooshima
Music, Kazunori Iwakura
Character Design, Shichirou Kobayashi
Art Director, Yuuji Matsukura
Producer, Shigeru Nishiyama
Editor, Masahito Otani
Episode Director","Yuhki Kamatani : Original Creator, Kunihisa Sugishima : Director, Michiru Ooshima : Music, Kazunori Iwakura : Character Design, Shichirou Kobayashi : Art Director, Yuuji Matsukura : Producer, Shigeru Nishiyama : Editor, Masahito Otani : Episode Director"
ef - a tale of melodies: Prologue,,DVD S,,SHAFT,,"Drama, Based on an Eroge, Based on a Visual Novel",3.61,2008.0,,'No synopsis yet - check back soon!',,ef: A Fairy Tale of the Two,"ef - a tale of memories: Prologue, ef - a tale of memories, ef - a tale of memories: Recollections, ef - a tale of melodies","Mizuki Hayama, Shuichi Kuze, Yuu Himura, Yuuko Amamiya, Shin Oonuma
Director, Tenmon
Music, Nobuhiro Sugiyama
Character Design","Shin Oonuma : Director, Tenmon : Music, Nobuhiro Sugiyama : Character Design"
Yes! Pretty Cure 5 GoGo!,,TV   ,48.0,Toei Animation,Winter,"Action, Magical Girl, Family Friendly, Henshin Heroes, Magic, Monster-of-the-week",3.61,2008.0,2009.0,"'The girls who had formerly lost their powers and bade farewell to their friends Coco and Nuts from Palmier Kingdom are resurrected as Pretty Cure by the mysterious woman Flora who also wants them to find her in a place called Cure Rosegarden. To go there, they need the magic Rose Pact and the powers of the four kings of countries surrounding Palmier. But a dark organization called Eternal is also striving to get to Cure Rosegarden by stealing the Rose Pact. Luckily, Precure get helped by new allies: the delivery-boy Syrup who can change into a giant bird and fly them anywhere they want and the mysterious and beautiful fighter Milky Rose stand alongside Pretty Cure to protect what is really valuable.'",,"Futari wa Precure, Futari wa Pretty Cure: Splash Star, Eiga: Futari wa Pretty Cure Splash Star - Chikutaku Kiki Ippatsu!, Yes! Pretty Cure 5 GoGo!, Kirakira Precure à la Mode","Yes! Pretty Cure 5, Yes! Pretty Cure 5 GoGo! Movie: Okashi no Kuni no Happy Birthday, Pretty Cure All Stars: GoGo Dream Live!, Pretty Cure All Stars DX: Minna Tomodachi - Kiseki no Zenin Daishuugou, Pretty Cure All Stars DX2: Kibou no Hikari - Rainbow Jewel wo Mamore!, Pretty Cure All Stars DX3: Mirai ni Todoke! Sekai wo Tsunagu Niji-Iro no Hana, Pretty Cure kara Minna e no Ouen Movie, Pretty Cure All Stars New Stage: Mirai no Tomodachi, Pretty Cure All Stars New Stage 2: Kokoro no Tomodachi, Pretty Cure All Stars New Stage 3: Eien no Tomodachi, Pretty Cure All Stars: Haru no Carnival♪, Pretty Cure All Stars: Minna de Utau♪ Kiseki no Mahou!, Hugtto! Pretty Cure x Futari wa Pretty Cure Movie: All Stars Memories, Healin' Good Pretty Cure Movie: Yume no Machi de Kyun! Tto GoGo! Daihenshin!!","Karen Minazuki : Ai Maeda, Komachi Akimoto : Ai Nagano, Kurumi Mimino : Eri Sendai, Nozomi Yumehara : Yuuko Sanpei, Rin Natsuki : Junko Takeuchi, Urara Kasugano : Mariya Ise, Boss, Coco : Takeshi Kusao, Toshiaki Komura
Director & Episode Director & Storyboard, Naoki Satou
Music, Toshie Kawamura
Character Design, Kazuhiro Asou
Producer, Shouko Nakamura
Key Animator, Seiya Numata
Key Animator","Toshiaki Komura : Director & Episode Director & Storyboard, Naoki Satou : Music, Toshie Kawamura : Character Design, Kazuhiro Asou : Producer, Shouko Nakamura : Key Animator, Seiya Numata : Key Animator"
Kiss x Sis,,OVA  ,12.0,feel.,,"Comedy, Ecchi, Romance, Seinen, Borderline H, Brother Complex, Panty Shots, Siblings, Based on a Manga, Explicit Sex,, Incest,, Mature Themes",3.61,2008.0,2015.0,"'Although they are not related by blood, Keita finds himself the object of his feisty twin-sisters Ako and Riko’s affections. Using extremely creative ways to wake him in the morning, the girls kiss, caress and grope their way into Kei-chan’s bed in the hope of becoming his bride. Forbidden sibling love even spreads to the school classroom, and as the rivalry between Ako and Riko intensifies, will they stop at nothing to win their brother’s unwilling heart? But how far is too far, and can Keita say no to two beautiful young girls throwing themselves at him forever?'","Explicit Sex,, Incest,, Mature Themes",Kiss x Sis,Kiss x Sis TV,"Ako Suminoe : Ayana Taketatsu, Keita Suminoe : Ken Takeuchi, Riko Suminoe : Yuiko Tatsumi, Mrs. Suminoe : Tomoe Hanba, Mr. Suminoe : Tomoyuki Shimura, Miharu Mikuni, Mikazuki Kiryuu, Toda Edogawa, Bow Ditama
Original Creator, Munenori Nawa
Director, Naoko Kosakabe
Art Director, Tomoko Kawasaki
Producer, Takahiro Yamanaka
Producer","Bow Ditama : Original Creator, Munenori Nawa : Director, Naoko Kosakabe : Art Director, Tomoko Kawasaki : Producer, Takahiro Yamanaka : Producer"
Qin Shi Mingyue: Ye Jin Tianming,,TV   ,18.0,Sparkly Key Animation Studio,,"Action, Ancient China, Chinese Animation, Historical, Wuxia, CG Animation",3.61,2008.0,,'No synopsis yet - check back soon!',,,"The Legend of Qin, Qin Shi Mingyue: Zhu Zi Bai Jia, Qin Shi Mingyue Si: Wanli Changcheng, Qin Shi Mingyue: Kong Shan Niao Yu, Qin Shi Mingyue: Luo Shengtang Xia, Qin Shi Mingyue: Junlin Tianxia, Qin Shi Mingyue 3D: Dianying Longteng Wanli, Qin Shi Mingyue Tebie Pian: Dizi Jiang Xi, Qin Shi Mingyue: Yi Zhe Ru Shi, Qin Shi Mingyue: Canghai Hengliu","Baifeng, Ban, Chilian, Daozhi, Datiechui, Duanmu Rong, Gao Jianli, Gao Yue",
Doraemon Movie 28: Nobita and the Green Giant Legend, Doraemon Movie 28: Nobita to Midori no Kyojin Den,Movie,,Shin-Ei Animation,,"Adventure, Shounen, Cats, Environmental, Family Friendly, Non-Human Protagonists, Robots, Based on a Manga",3.61,2008.0,,"'Nobita finds a small plant still in a container at an abandoned area and decides to take it home. His mother asks him not to put it on their garden because it won\'t have space to properly grow. Therefore he asks Doraemon for help. The robot cat then uses a special plant converter from the future that will allow the plant to move freely without the need to form roots attached to the ground. Named ""Kibou"" (Hope), the small green creature gleefully plays with Nobita and his friends. The group is taken by surprise when they are suddenly transported to another planet governed by a society of plant beings. Doraemon and his friends then discover that due to mankind\'s mistreatment of nature, the green population is planning to remove all plants from Earth. They must now return home and find a way to save the world.'",,"Doraemon, Daichohen Doraemon, The Doraemons: Doraemon Game Comic, Doraemon Plus","Doraemon (1979), Doraemon: Doraemon Comes Back, Doraemon: Doraemon Comes Back (1998), The Doraemons: Strange, Sweets, Strange?, Doraemon (2005)","Doraemon : Nobuyo Oyama, Gian : Subaru Kimura, Nobita Nobi : Noriko Ohara, Shizuka Minamoto, Suneo Honekawa : Tomokazu Seki, Kibou, Nobisuke Nobi, Hiroshi Fujimoto
Original Creator, Ayumu Watanabe
Director, Kan Sawada
Music, Kumi Ogura
Producer, Takumi Fujimori
Producer, Tatsuji Yamazaki
Producer, Daisuke Yoshikawa
Producer, Tetsuo Shima
Producer","Hiroshi Fujimoto : Original Creator, Ayumu Watanabe : Director, Kan Sawada : Music, Kumi Ogura : Producer, Takumi Fujimori : Producer, Tatsuji Yamazaki : Producer, Daisuke Yoshikawa : Producer, Tetsuo Shima : Producer"
Nezumi-kun no Kimochi,,Web  ,1.0,,,"Animal Protagonists, Non-Human Protagonists, Picture Drama",3.6,2008.0,,'No synopsis yet - check back soon!',,,"Nezumi-kun no Chokki, Tobidasu Ehon 3D",,
Genius Party Beyond,,Other,,Studio 4°C,,"Comedy, Sci Fi, Abstract, Collections, Original Work",3.6,2008.0,,"'In five beautiful and unique fantasy worlds, five different tales unfold. A young boy worries about his pregnant mother; a mismatched group hunts down a legendary treasure on the Giant’s Isle; and a small village must determine the fate of a giant fallen meteor. These stories and more unwind to a musical backdrop in a world as varied and interesting as the next.'",,,Genius Party,"Kuu : Youko Kanno, Shinya Oohira
Director & Animation Director & Character Design, Tatsuyuki Tanaka
Director & Character Design, Kazuto Nakazawa
Director & Character Design, Kouji Morimoto
Director & Character Design, Mahiro Maeda
Director & Character Design, Akira Ifukube
Music, Juno Reactor
Music, Warsaw Village Band
Music","Shinya Oohira : Director & Animation Director & Character Design, Tatsuyuki Tanaka : Director & Character Design, Kazuto Nakazawa : Director & Character Design, Kouji Morimoto : Director & Character Design, Mahiro Maeda : Director & Character Design, Akira Ifukube : Music, Juno Reactor : Music, Warsaw Village Band : Music"
Kiku-chan to Ookami, Sensou Douwa: Kiku-chan to Ookami,TV Sp,,Shin-Ei Animation,,"Drama, Historical, War, World War 2",3.6,2008.0,,'No synopsis yet - check back soon!',,,,"Kiku : Ayako Kawasumi, Wolf : Masako Nozawa, Father : Naomi Kusumi, Koutarou : Konami Yoshida, Mother : Sumi Shimamoto, Narrator : Ai Satou, Yocchan : Motoko Kumai, Tetsuo Yasumi
Director, Masae Sagara
Music, Shuichi Seki
Character Design","Tetsuo Yasumi : Director, Masae Sagara : Music, Shuichi Seki : Character Design"
Tower of Druaga: The Aegis of Uruk: Jil no Bouken,,TV Sp,,GONZO,,"Action, Adventure, Comedy, Fantasy, Medieval, RPG, Based on a Video Game",3.59,2008.0,,'No synopsis yet - check back soon!',,,"Tower of Druaga: the Aegis of Uruk, Tower of Druaga: the Sword of Uruk","Fatina : Yui Horie, Jil : Kenn, Kally : Akira Ishida, Neeba : Takahiro Sakurai, Utu : Hiroki Yasumoto, Coopa : Minori Chihara, Melt : Hozumi Gouda, Ahmey : Risa Hayamizu, Hitoshi Sakimoto
Music",Hitoshi Sakimoto : Music
Neo Angelique Abyss: Second Age,,TV   ,13.0,Yumeta Company,Summer,"Fantasy, Reverse Harem, Romance, Shoujo, Based on an Otome Game, Based on a Visual Novel",3.59,2008.0,,"""Six months have passed since Rayne, Hyuga, Angelique and Jade were betrayed by Nyx and watched both him and their mansion burn to the ground. Arcadia is now in ruin, Thanatos is growing stronger, and the Aube Hunters - who have been missing for some time - are now seen as scapegoats for the destruction of the land. With time running out, Arcadia's only hope lies with the now-scorned Aube Hunters and Angelique, the only person capable of saving the land from darkness...""",,"Angelique, Neo Angelique",Neo Angelique Abyss,"Angelique : Aya Endou, Hyuga : Daisuke Ono, J.D. : Masaya Onosaka, Nyx : Tooru Ookawa, Rayne : Hiroki Takahashi, Bernard : Daisuke Hirakawa, Erenfried : Miyu Irino, Jet : Yuuichi Nakamura, Shin Katagai
Director, Masumi Itou
Music, Kairi Yura
Character Design, Maki Fujioka
Character Design, Shinji Horikiri
Producer, Satoshi Yamaguchi
Producer, Takuto Kumagai
Producer, Wataru Senoo
Producer","Shin Katagai : Director, Masumi Itou : Music, Kairi Yura : Character Design, Maki Fujioka : Character Design, Shinji Horikiri : Producer, Satoshi Yamaguchi : Producer, Takuto Kumagai : Producer, Wataru Senoo : Producer"
Gunslinger Girl: Il Teatrino,,TV   ,13.0,Artland,Winter,"Action, Sci Fi, Shounen, Assassins, Cyborgs, Europe, Guns, Human Experimentation, Italy, Based on a Manga",3.59,2008.0,,"""When their investigation into the disappearance of an operative leads them directly to The Five Republics, the Social Welfare Agency sends mechanically-enhanced cyborg Triela to infiltrate the organization. However, she meets her match in the form of Pinocchio, one of Padania's assassins whose skills with a knife are exceptional. Meanwhile, after a long period of hospitalization, Angelica has recovered enough physically to return to the field. But due to the side effects of her conditioning and her addiction to the medicine prescribed to her, is she mentally ready?""",,Gunslinger Girl,"Gunslinger Girl, Gunslinger Girl: Il Teatrino OVA","Angelica : Kana Hanazawa, Claes : Risa Mizuno, Henrietta : Kana Akutsu, Pinocchio : Daisuke Kishio, Rico : Anri Shiono, Triela : Atsuko Enomoto, Giuse Croce : Kouzou Mito, Jean Croce : Takehito Koyasu, Yu Aida
Original Creator, Akira Mano
Director, Hiroshi Ishiodori
Director, Kow Otani
Music, Noboru Sugimitsu
Character Design, Hajime Maruyama
Producer, Toshihisa Yoshii
Producer, Jun Maeda
Song Composition & Song Lyrics","Yu Aida : Original Creator, Akira Mano : Director, Hiroshi Ishiodori : Director, Kow Otani : Music, Noboru Sugimitsu : Character Design, Hajime Maruyama : Producer, Toshihisa Yoshii : Producer, Jun Maeda : Song Composition & Song Lyrics"
Allison and Lillia, Allison to Lillia,TV   ,26.0,MADHOUSE,Spring,"Aviation, Military, Based on a Light Novel",3.59,2008.0,,"""It is the year 3287, and the countries of Roxche and Soux-Beil have been feuding for one hundred and thirty years. In the country of Roxche, the young air force pilot Allison has just reunited with her childhood friend Wil; and together, they are about to embark on a grand adventure. Whether it's ending the war between the countries with the help of a legendary treasure, traveling into hostile territory, or helping restore a princess's right to the throne, Allison and Wil will complete their missions with kindness and honor.""",,"Allison (Light Novel), Lillia to Treize (Light Novel), Allison, Meg to Seron (Light Novel), The Story of One Continent (Light Novel)",,"Allison Whittington : Nana Mizuki, Lilliane Acacia Corazon Schultz : Nana Mizuki, Treize : Hiroyuki Yoshino, Wilhelm Schultz : Motoko Kumai, Carr Benedict : Kouichi Yamadera, Fiona : Mamiko Noto, Travas : Toshiyuki Morikawa, Aures : Tomohisa Asou, Masayoshi Nishida
Director, Touko Machida
Screenplay & Series Composition, Shuusei Murai
Music, Shinji Seya
Character Design, Toshihiro Nakajima
Mechanical Design, Yukiko Ninokata
Producer, Hideaki Sakamoto
Producer, Michiyo Miyagawa
Producer","Masayoshi Nishida : Director, Touko Machida : Screenplay & Series Composition, Shuusei Murai : Music, Shinji Seya : Character Design, Toshihiro Nakajima : Mechanical Design, Yukiko Ninokata : Producer, Hideaki Sakamoto : Producer, Michiyo Miyagawa : Producer"
Big Windup! The Basics of Basics, Ookiku Furikabutte: Kihon no Kihon,DVD S,,A-1 Pictures,,"Comedy, Seinen, Sports, Baseball, Based on a Manga",3.59,2008.0,,"'Abe wasn’t a fan of Haruna, but there’s a lot to like about the guy. He’s tall, good-looking, has a one-in-a-million arm, and he wants to win no matter what.'",,Ookiku Furikabutte,"Big Windup!, Ookiku Furikabutte: Natsu no Scorebook, Big Windup! 2, Big Windup! 2: Goals","Motoki Haruna : Masaya Matsukaze, Naoto Kaguyama : Kiyotaka Furushima, Hironori Ookawa : Kenji Takahashi, Suzune Miyashita : Rina Satou, Yuuki Machida : Takashi Hikida, Asa Higuchi
Original Creator, Shirou Hamaguchi
Music, Takahiko Yoshida
Character Design","Asa Higuchi : Original Creator, Shirou Hamaguchi : Music, Takahiko Yoshida : Character Design"
Hyakko,,TV   ,13.0,Nippon Animation,Fall ,"Comedy, Shounen, Slice of Life, School Life, Based on a Manga",3.58,2008.0,,"""Kamizono Academy is so spacious that transfer student Ayumi Nonomura and long time resident Tatsuki Iizuka find themselves lost together in the corridors. With the addition of fiery Torako Kageyama and quirky, somber Suzume Saotome, the four quickly become friends and comrades in arms against boredom. Whether it's being a last minute Morals Officer with bisexual Nene or constructing robots with Kageyama, there's plenty of fun to go around at Kamizono Academy!""",,Hyakko,Hyakko Extra,"Ayumi Nonomura : Aya Hirano, Suzume Saotome : Yurika Ochiai, Tatsuki Iizuka : Michiko Neya, Torako Kageyama : Fumiko Orikasa, Chie Suzugasaki : Yui Horie, Inori Tsubomiya : Satomi Satou, Kitsune Kageyama : Mitsuhiro Ichiki, Koma Kobayashi : Hiroko Igarashi, Haruaki Katou
Original Creator, Michio Fukuda
Director & Episode Director & Storyboard, Yasuharu Takanashi
Music, Tsunku
Music, Hiromi Mizutani
Music, Kenji Fujisawa
Music, Keiko Oota
Character Design, Hiroyuki Hayase
Sound Director","Haruaki Katou : Original Creator, Michio Fukuda : Director & Episode Director & Storyboard, Yasuharu Takanashi : Music, Tsunku : Music, Hiromi Mizutani : Music, Kenji Fujisawa : Music, Keiko Oota : Character Design, Hiroyuki Hayase : Sound Director"
"The Familiar of Zero: ""Rondo"" of Princesses Picture Drama", Zero no Tsukaima: Princess no Rondo Picture Drama,DVD S,,J.C.Staff,,"Comedy, Ecchi, Romance, Master-Servant Relationship, Picture Drama",3.58,2008.0,2009.0,"'Not content with their own romance, Louise has decided to enact love-themed plays with Saito as her co-star. From a tale of the innocent maid Etienne and her lecherous master Count Paul, to a graceful countess being seduced by her kind-hearted gardener, the stage is set for their illicit affairs to begin. However, will either of them be able to stick to the script, and will Saito escape from their escapades unscathed?'",,"Zero no Tsukaima (Light Novel), Zero's Familiar, Zero no Tsukaima Gaiden: Tabitha no Bouken (Light Novel), Zero no Tsukaima Gaiden: Tabitha no Bouken, Zero no Chukaima - Youchien nano!, Zero's Familiar Chevalier","The Familiar of Zero, The Familiar of Zero: Knight of the Twin Moons, The Familiar of Zero: ""Rondo"" of Princesses, The Familiar of Zero: ""Rondo"" of Princesses - Seductive Beach, The Familiar of Zero F","Louise Francoise Le Blanc De La Valliere : Rie Kugimiya, Saito Hiraga : Satoshi Hino, Siesta",
Casshern Sins,,TV   ,24.0,MADHOUSE,Fall ,"Action, Sci Fi, Androids, Post-apocalyptic, Robots",3.58,2008.0,2009.0,"'In a dark future, the world is in ruin and everything is slowly crumbling away into dust. Humanity is almost extinct, while robots desperately seek out new parts to replace their rusting bodies. Their only hope for survival is to devour the one known as Casshern… or so they believe. Meanwhile, Casshern himself has lost all memory of his past. Why are these robots attacking him? Did he really kill the one known as Luna; the Sun that was called Moon? And why is he, alone, unaffected and undamaged by the ruin?'",,,"Casshan, Casshan: Robot Hunter","Casshern : Tooru Furuya, Braiking Boss : Kenji Utsumi, Dio : Toshiyuki Morikawa, Dune : Yuto Nakano, Friender, Leda : Mami Koyama, Luna : Akiko Yajima, Lyuze : Nami Miyahara, Shigeyasu Yamauchi
Director, Kaoru Wada
Music, Yoshihiko Umakoshi
Character Design, Hiroyuki Oomori
Producer, Yasuhiro Uema
Producer, Eun-Young Choi
2Nd Key Animator & Animation Director & Episode Director & Key Animator & Storyboard, Shouko Nakamura
Assistant Animation Director & Key Animator, Yasuomi Umetsu
Key Animator","Shigeyasu Yamauchi : Director, Kaoru Wada : Music, Yoshihiko Umakoshi : Character Design, Hiroyuki Oomori : Producer, Yasuhiro Uema : Producer, Eun-Young Choi : 2Nd Key Animator & Animation Director & Episode Director & Key Animator & Storyboard, Shouko Nakamura : Assistant Animation Director & Key Animator, Yasuomi Umetsu : Key Animator"
Hatenkou Yuugi,,TV   ,10.0,Studio DEEN,Winter,"Adventure, Drama, Fantasy, Josei, Based on a Manga",3.57,2008.0,,"""One day, Rahzel's father decides that she should go on a journey and see the world, so he does the only reasonable thing – he kicks her out of the house! However, Rahzel is an optimist and decides to find a traveling partner, and within minutes she stumbles upon the beautiful silver haired red-eyed Alzeid. Rahzel tells Alzeid that she will free him from his boring life and take him on a fun and wonderful adventure. Joined by a mysterious yet lecherous muscle head named Baroqueheat, the travelers head out without a destination in mind, seeking enjoyment and fulfillment, and encountering friends and enemies at every turn.""",,Dazzle,,"Alzeid : Takahiro Sakurai, Baroqueheat : Shinichirou Miki, Rahzel Anadis : Sanae Kobayashi, Branowen, Grandfather : Kinryuu Arimoto, Jelice Bryah, Kiara : Hiro Shimono, Romario : Miyu Matsuki, Minari Endou
Original Creator, Yoshihiro Takamoto
Director, Yasuhiro Imagawa
Series Composition, Norikatsu Nakano
Character Design, Kanako Itou
Song Performance, Kaori Hikita
Song Performance","Minari Endou : Original Creator, Yoshihiro Takamoto : Director, Yasuhiro Imagawa : Series Composition, Norikatsu Nakano : Character Design, Kanako Itou : Song Performance, Kaori Hikita : Song Performance"
H2O: Footprints in the Sand,,TV   ,12.0,Zexcs,Winter,"Drama, Romance, Slice of Life, Countryside, Disability, Psychological, School Life, Based on an Eroge, Based on a Visual Novel, Bullying,, Mature Themes,, Nudity,, Physical Abuse",3.57,2008.0,,"'After a series of unfortunate events, the young Hirose Takuma was rendered blind. In an attempt to reverse his condition Hirose moves in with his uncle in a rural village, and upon his arrival he quickly begins to make new friends. However, Hirose soon discovers that one of his classmates, Hayami Kohinata, is being harshly bullied by her peers for reasons that neither she nor anyone else wants to explain. Even the seemingly honest and gentle Hinata Kagura, who had been doing her best to be friendly and helpful to Hirose since his arrival, acts harshly towards Hayami. Once a mysterious girl bequeaths Hirose with a life-changing gift, he takes it upon himself to help save Kohinata from her loneliness while working to uncover the truth of the situation.'","Bullying,, Mature Themes,, Nudity,, Physical Abuse",H2O: Footprints in the Sand,,"Hayami Kohinata : Harumi Sakurai, Hinata Kagura : Ryouko Tanaka, Otoha : Mia Naruse, Takuma Hirose : Ami Koshimizu, Hamaji Yakumo : Yui Sakakibara, Henchman A : Yuuto Kazama, Henchman B : Tetsuya Kakihara, Maki Kumon : Youko Honda, Hideki Tachibana
Director, Junpei Fujita
Music, Atsushi Okuda
Character Design, Tomoko Kawasaki
Producer, Tsuneo Takechi
Producer, Seiichi Hachiya
Producer, Makoto Chiba
Producer, Tomoko Suzuki
Producer","Hideki Tachibana : Director, Junpei Fujita : Music, Atsushi Okuda : Character Design, Tomoko Kawasaki : Producer, Tsuneo Takechi : Producer, Seiichi Hachiya : Producer, Makoto Chiba : Producer, Tomoko Suzuki : Producer"
Onegai My Melody Kirara,,TV   ,52.0,Studio Comet,Spring,"Fantasy, Anthropomorphic, Family Friendly, Sanrio Characters",3.57,2008.0,2009.0,'No synopsis yet - check back soon!',,,"My Melody no Akazukin, Onegai My Melody, Onegai My Melody: Kuru Kuru Shuffle!, Onegai My Melody Sukkiri♪, Onegai My Melody: Yuu & Ai","Kirara Hoshizuki : Reina Tanaka, My Melody : Rei Sakuma, Baku : Noboru Maeda, Kuromi : Junko Takeuchi, Piano-Chan : Junko Takeuchi, Uta Yumeno : Azusa Kataoka",
Da Capo if,,OVA  ,2.0,Zexcs,,"Drama, Romance, Based on an Eroge, Based on a Visual Novel",3.57,2008.0,2009.0,"'Tragedy has fallen upon Asakura’s family with the sudden loss of a loved one, leaving the devastated Junichi in agony and unable to support himself. A year has passed, and with the help of Kotori and many of Junichi’s supportive friends, he is finally ready to move on with his life with Kotori.\xa0However, despite Junichi’s attempt to start anew, Kotori is troubled with Junichi’s newfound decision...'",,"Da Capo, Da Capo Second Graduation, Da Capo II: Imaginary Future","Da Capo, Da Capo Second Season, Da Capo Second Season Specials, Da Capo II, Da Capo II Second Season, Da Capo: D.C I & II P.S.P, T.P. Sakura: Time Paladin Sakura, Da Capo III Special, Da Capo III","Junichi Asakura : Yuuki Tai, Kotori Shirakawa : Yui Horie, Koyomi Shirakawa : Naoko Matsui, Mako Mizukoshi : Yuki Matsuoka, Miharu Amakase : Akemi Kanda, Moe Mizukoshi : Yui Itsuki, Sakura Yoshino : Yukari Tamura, Suginami : Daisuke Kishio, Shinji Ushiro
Director, Masumi Itou
Music, Naoko Kosakabe
Art Director, Gou Shukuri
Producer, Tomoko Kawasaki
Producer, Shigeru Saitou
Producer, Yoshio Usuda
Key Animator","Shinji Ushiro : Director, Masumi Itou : Music, Naoko Kosakabe : Art Director, Gou Shukuri : Producer, Tomoko Kawasaki : Producer, Shigeru Saitou : Producer, Yoshio Usuda : Key Animator"
Psychic Squad, Zettai Karen Children,TV   ,51.0,Synergy SP,Spring,"Action, Comedy, Shounen, Psychic Powers, Superpowers, Based on a Manga",3.57,2008.0,2009.0,"'In the future, select humans have begun to evolve and acquire special ESP powers – powers that the rest of the populace fear and detest. While some ESPers are harmless, others desire to use their powers for their own personal gain. In order to suppress this threat, identify new ESPers and protect those with powers from the public, the B.A.B.E.L. organization is founded. At its helm are three ten-year-old ESPers: Kaoru, Aoi and Shiho. Together, they will put a stop to crime and attempt to gain the trust of the public; but can their guardian, Kouichi Minamoto, manage to help the girls mature enough so their selfish actions will stop hurting the world around them?'",,"Zettai Karen Children, Zettai Karen Children: The Unlimited - Hyoubu Kyousuke, Hourousha","Zettai Karen Children: Generous Treatment! Natsuko and Hotaru's B.A.B.E.L. Report, Zettai Karen Children OVA: Aitazousei! Ubawareta Mirai?, Zettai Karen Children - Chou Sakidori Special, Zettai Karen Children: The Unlimited - Hyoubu Kyousuke","Aoi Nogami : Ryouko Shiraishi, Kaoru Akashi : Aya Hirano, Kouichi Minamoto : Yuuichi Nakamura, Shiho Sannomiya : Haruka Tomatsu, Akira Yadorigi : Fuyuka Ooura, Fujiko Tsubomi : Yukana, Hatsune Inugami : Ai Shimizu, Hotaru Nowaki : Rina Satou, Takashi Shiina
Original Creator, Keiichirou Kawaguchi
Director, Kotaro Nakagawa
Music, Takahiro Kagami
Character Design, Naohiko Furuichi
Producer, Yuuka Sakurai
Producer, Shinichi Watanabe
Episode Director & Storyboard, Seiya Numata
Animation Director","Takashi Shiina : Original Creator, Keiichirou Kawaguchi : Director, Kotaro Nakagawa : Music, Takahiro Kagami : Character Design, Naohiko Furuichi : Producer, Yuuka Sakurai : Producer, Shinichi Watanabe : Episode Director & Storyboard, Seiya Numata : Animation Director"
Lupin III: Green vs Red,,OVA  ,1.0,,,"Action, Criminals, Thieves",3.57,2008.0,,"'When there is a thief as infamous and cunning as Arsene Lupin the 3rd, copycats are inevitable – everyone wants to try their hand at becoming the master thief. The real Lupin has the target for his next job, Ice Cube – a diamond that holds a secret. However, whilst the presence of the copycats is of little consequence to the true Lupin, one impostor is becoming much more of a problem: he is after the same loot, and unlike the countless other fakes, this one is good. Now the real and the fake Lupins must battle it out to see who can get to the diamond first and who is most worthy of the Lupin name, all the whilst trying to avoid the relentless Zenigata who still vows to arrest Lupin – that is, if he can figure out which one is real!'",,"Lupin III, Lupin Kozou, Lupin Sansei: Neighbor World Princess","Lupin III: Pilot Film, Lupin III, Lupin III: Part II, Lupin III: The Mystery of Mamo, Lupin III: The Castle of Cagliostro, Lupin III: Part III, Lupin III: Legend of the Gold of Babylon, Lupin III: The Fuma Conspiracy, Lupin III: Secret Files, Lupin III Special 1: Bye Bye, Lady Liberty, Lupin III Special 2: The Hemingway Papers, Lupin III Special 3: Napoleon's Dictionary, Lupin III Special 4: From Siberia With Love, Lupin III Special 5: Voyage To Danger, Lupin III Special 6: Dragon of Doom, Lupin III: Farewell to Nostradamus, Lupin III Special 7: The Pursuit of Harimao's Treasure, Lupin III: Dead or Alive, Lupin III Special 8: The Secret Of The Twilight Gemini, Lupin III Special 9: Island of Assassins, Lupin III Special 10: Crisis in Tokyo, Lupin III Special 11: The Columbus Files, Lupin III Special 12: Missed by a Dollar, Lupin III Special 13: Alcatraz Connection, Lupin III: Return Of Pycal, Lupin III Special 14: Episode 0 - First Contact, Lupin III Special 15: Operation Return the Treasure, Lupin III Special 16: Stolen Lupin, Lupin III Special 17: Angel Tactics, Lupin III Special 18: Seven Days Rhapsody, Lupin III Special 19: The Elusiveness of the Fog, Lupin III Special 20: Sweet Lost Night, Lupin III Special 21: Lupin III vs Detective Conan, Monkey Majik: Lupin the Third, Lupin III Special 22: The Last Job, Lupin III Special 23: Blood Seal of the Eternal Mermaid, Lupin VIII: Arsene and Cie, Lupin III: Lupin Family All-Stars, Lupin III: The Woman Called Fujiko Mine, Lupin III Special 24: Touhou Kenbunroku - Another Page, Lupin III Special 25: Princess of the Breeze - Kakusareta Kuuchuu Toshi, Lupin III: Jigen's Gravestone, Lupin III: Part IV, Lupin III Special 26: Italian Game, Lupin III: Goemon's Blood Spray, Lupin III: The First","Arsene Lupin Iii : Kanichi Kurita, Daisuke Jigen : Kiyoshi Kobayashi, Fujiko Mine : Eiko Masuyama, Goemon Ishikawa Xiii : Makio Inoue, Koichi Zenigata : Goro Naya, Yukiko, Baito, Beniya, Monkey Punch
Original Creator, Shigeyuki Miya
Director, Yuuji Oono
Music, Takayo Nishimura
Character Design, Keishi Sakai
Key Animator","Monkey Punch : Original Creator, Shigeyuki Miya : Director, Yuuji Oono : Music, Takayo Nishimura : Character Design, Keishi Sakai : Key Animator"
Legends of the Dark King: A Fist of the North Star Story, Hokuto no Ken: Raoh Gaiden - Ten no Haoh,TV   ,13.0,SATELIGHT,Fall ,"Action, Seinen, Martial Arts, Overpowered Main Characters, Post-apocalyptic, Based on a Manga, Explicit Violence",3.57,2008.0,,"""The year is 199X, and most of the world's population has been wiped out by nuclear war. Raoh, the strongest warrior alive, survives by using a deadly martial art known as Hokuto Shin Ken; this powerful fighting style targets pressure points and is said to be unbeatable. Along with the feisty and beautiful Reina, her smart and cunning brother Souga and Raoh's trusty steed Kokuro-ko, Raoh sets forth to conquer what's left of mankind. Yet the world is not as we know it – it's filled with killers, thieves, warlords and the weak. With epic power and fear, Raoh will conquer his enemies where they stand.""",Explicit Violence,"Fist of the North Star, Fist of the Blue Sky, Legends of the Dark Kings: A Fist of the North Star Story, Fist of the North Star Gaiden: Kinyoku no Garuda - Nanto Goshasei Zenshi, Fist of the Blue Sky: Regenesis","Fist of the North Star, Fist of the North Star: The Movie, Fist of the North Star 2, New Fist of the North Star, Hokuto no Ken: Legend of Heroes, Fist of the North Star: Legend of Raoh - Death for Love, Fist of the Blue Sky, Fist of the Blue Sky Specials, Fist of the North Star: Legend of Yuria, Fist of the North Star: Legend of Raoh - Fierce Fight, Fist of the North Star: Legend of Toki, Fist of the North Star: Legend of Kenshiro, DD Hokuto no Ken, DD Fist of the North Star, Fist of the North Star: Strawberry Flavor, DD Fist of the North Star II","Raoh : Takayuki Kondou, Reina : Mai Nakahara, Sakuya : Akiko Kimura, Souga : Masaya Matsukaze, Amon : Katsuhisa Houki, Gaoh : Hideyuki Umezu, Gihan : Makoto Yasumura, Gion : Yukihiro Misono, Yu-Ko Osada
Original Creator, Masashi Abe
Director, Shinya Naito
Music, Kazuhiro Ishikawa
Music, Hirotaka Marufuji
Character Design, Hisato Usui
Producer, Kazuo Oonuki
Producer, Kouta Naka
Producer","Yu-Ko Osada : Original Creator, Masashi Abe : Director, Shinya Naito : Music, Kazuhiro Ishikawa : Music, Hirotaka Marufuji : Character Design, Hisato Usui : Producer, Kazuo Oonuki : Producer, Kouta Naka : Producer"
Our Home's Fox Deity, Wagaya no Oinari-sama,TV   ,24.0,Zexcs,Spring,"Comedy, Fantasy, Slice of Life, Animal Characteristics, Japanese Mythology, Based on a Light Novel",3.57,2008.0,,"""When Noboru and Toru Takagami hear that their grandmother is dying, they rush to their late mother's hometown to visit her – however, it was all a ruse. Upon their arrival the two discover that their grandmother is alive and well, that Toru is being targeted by demons, and that Noboru is now head of the Mizuchi family. In order to save his brother, Noboru releases the family's guardian deity, a fox spirit named Kugen who was sealed away due to its mischievous behavior. The demon is defeated; but when it becomes apparent that Toru will continue to attract them, Noboru has no choice but to allow Kugen and Ko (the family's guardian maiden) to live with them. With demons, gods and increased living expenses now complicating his life, will Noboru able to cope?""",,"Wagaya no Oinari-sama. (Light Novel), Wagaya no Oinari-sama.",Our Home's Fox Deity Specials,"Kou : Saori Hayami, Kuugen Tenko : Yuuichi Nakamura, Noboru Takagami : Takahiro Mizushima, Toru Takagami : Yu Shimamura, Ebisu : Daisuke Ono, Gyokuyou : Wataru Hatano, Misaki Sakura : Yui Kano, Mubyou : Kaori Mizuhashi, Jin Shibamura
Original Creator, Yoshiaki Iwasaki
Director, Yasuharu Takanashi
Music, Yasunari Nitta
Character Design, Tsuneo Takechi
Producer, Seiichi Hachiya
Producer, Tomoko Suzuki
Producer, Yoshifumi Kominato
Producer","Jin Shibamura : Original Creator, Yoshiaki Iwasaki : Director, Yasuharu Takanashi : Music, Yasunari Nitta : Character Design, Tsuneo Takechi : Producer, Seiichi Hachiya : Producer, Tomoko Suzuki : Producer, Yoshifumi Kominato : Producer"
Hells Angels, Hells,Movie,,MADHOUSE,,"Action, Comedy, Fantasy, Seinen, Afterlife, Demons, Hell, Monster School, Non-Human Protagonists, School Life, Based on a Manga, Nudity",3.57,2008.0,,"'Rinne Amagame has just begun her first day of high school... in purgatory?! After running late in the land of the living and getting run over by a semi truck, Rinne found herself stuck in a world where her classmates are demons and monsters instead of cute boys. To make matters worse, there’s been a mix-up, as she isn’t dead yet! Now, surrounded by half-decayed dogs and satanic Elvis impersonators, what’s a once-normal school girl to do, and is there any way to get out of this hell?!'",Nudity,Hells Angels,,"Mario : Hidenobu Kiuchi, Rinne Amagame : Misato Fukuen, Ryu Kutou : Daisuke Kishio, Headmaster Helvis : Fumihiko Tachiki, Kiki : Ami Koshimizu, Lock : Choo, Phantoma : Yui Kano, Stealer : Miyuki Sawashiro, Shin-Ichi Hiromoto
Original Creator, Yoshiki Yamakawa
Director, Seimei Kidokoro
Assistant Director, Edison
Music, Kazuto Nakazawa
Character Design, Eun-Young Choi
Key Animator","Shin-Ichi Hiromoto : Original Creator, Yoshiki Yamakawa : Director, Seimei Kidokoro : Assistant Director, Edison : Music, Kazuto Nakazawa : Character Design, Eun-Young Choi : Key Animator"
Resident Evil: Degeneration, Biohazard: Degeneration,Movie,,Digital Frontier,,"Action, Horror, Sci Fi, Pandemic, Zombies, Based on a Video Game, CG Animation, Violence",3.57,2008.0,,"'It’s been some time since Raccoon City, the origin of the T-Virus outbreak, was wiped off the map by the military. Umbrella Corporation’s stock plummeted and a new pharmaceutical company called WilPharma has risen in its place; however, unlike its predecessor, WilPharma is working on a vaccine for the illness that turns humans into bloodthirsty zombies. Claire Redfield has just landed in WilPharma’s town to visit a friend when she finds herself in the center of a zombie-filled bloodbath. Leon Kennedy and members of the Special Response Team are called in to save Claire and the other survivors from the airport, saving an important member of WilPharma in the process. What has caused this new recurrance of the T-Virus? Claire and Leon must get to the bottom of things before nefarious foes are able to carry out their plans...'",Violence,"Resident Evil: The Umbrella Chronicles - Houkai e no Jokyoku, Resident Evil: The Marhawa Desire, Resident Evil - Heavenly Island","Resident Evil 4D Executor, Resident Evil 4: Incubate, Resident Evil: Damnation, Resident Evil: Vendetta, Resident Evil: Infinite Darkness","Angela Miller : Mabuki Andou, Claire Redfield : Yuko Kaida, Leon Scott Kennedy : Jin Yamanoi, Curtis Miller : Rikiya Koyama, Frederic Downing : Masashi Ebara, Senator Ron Davis : Masashi Hirose, Aunt : Junko Midori, Greg Glenn : Masanori Takeda, Makoto Kamiya
Director, Tetsuya Takahashi
Music, Naoyuki Onda
Character Design, Hiroyuki Kobayashi
Producer","Makoto Kamiya : Director, Tetsuya Takahashi : Music, Naoyuki Onda : Character Design, Hiroyuki Kobayashi : Producer"
Golgo 13,,TV   ,50.0,The Answer Studio,Spring,"Action, Seinen, Assassins, Criminals, Episodic, Guns, Noir, Based on a Manga, Explicit Sex,, Mature Themes,, Violence",3.56,2008.0,2009.0,"""Duke Tougou - otherwise known as Golgo 13; he's loved by the ladies, hated by his enemies, is enamored with firepower, and can take out a target from several kilometers away. With an arsenal of weapons at his command, Golgo 13 is hired by a variety of people to take down hijackers and more - but he also must protect himself against those who want to take down the legend himself!""","Explicit Sex,, Mature Themes,, Violence",Golgo 13,"Golgo 13: The Professional, Golgo 13: Queen Bee","Duke Tougou : Hiroshi Tachi, Alphonse Louis Steinbeck Iii : Masakazu Itou, Andre Renault : Kan Tanaka, Ash : Ryuusei Nakao, Ax-3 : Houchuu Ootsuka, Brian : Takehiro Murozono, Brigitta : Rica Fukami, Charlie : Tetsuharu Ohta, Takao Saito
Original Creator, Shunji Ooga
Director, Daisuke Ikeda
Music, Kazuyoshi Takeuchi
Character Design, Kentarou Takahashi
Photography Director, Susumu Matsuyama
Producer","Takao Saito : Original Creator, Shunji Ooga : Director, Daisuke Ikeda : Music, Kazuyoshi Takeuchi : Character Design, Kentarou Takahashi : Photography Director, Susumu Matsuyama : Producer"
Princess Resurrection: Princess Comatose, Kaibutsu Oujo: Konsui Oujo,DVD S,,MADHOUSE,,"Shounen, Supernatural, Based on a Manga",3.56,2008.0,,"'While discussing her past with Master at the Dandy cafe, Sawawa is completely unaware of the trouble brewing back at Hime’s mansion. Hiro’s flame of life seems to be slowly ebbing away, Reiri has lost the vampiric power of flight, and half-breed Liza can no longer use her super-strength. As if being helpless isn’t enough, enemies of the past show themselves once more; a spectre of a familiar werewolf bears his fangs, a giant shark drifts through the darkened corridors and a headless horseman bounds through the walls. What exactly is going on, and why is Hime so calm?'",,Princess Resurrection,"Princess Resurrection, Princess Resurrection OVA, Princess Resurrection OVA Specials","Hime : Ayako Kawasumi, Hiro Hiyorimi : Fuyuka Ooura, Reiri Kamura : Mamiko Noto, Riza Wildman : Yuko Kaida, Flandre : Shiho Kawaragi, Francesca : Rika Morinaga, Master : Akio Katou, Princess Sherwood : Ai Shimizu, Yasunori Mitsunaga
Original Creator, Mikiya Katakura
Music, Kazuya Kuroda
Character Design","Yasunori Mitsunaga : Original Creator, Mikiya Katakura : Music, Kazuya Kuroda : Character Design"
The Diary of a Crazed Family, Kyouran Kazoku Nikki,TV   ,26.0,Nomad,Spring,"Comedy, Sci Fi, Slice of Life, Animal Characteristics, Based on a Light Novel",3.55,2008.0,,"""Once upon a time, a creature named Enka tried to destroy everything on Earth. It was eventually slain by humans; but before dying Enka proclaimed that one day its child would return to the planet, spreading fear and despair throughout all humanity. Now, thousands of years later, DNA tests have identified six 'children of Enka'. Only one of them is dangerous, but nobody knows which one (and killing them all would be mean!) Instead, 'Operation Cozy Family' is born! Normal human Ouka Midarezaki is forced into marrying Kyouka, one of the children of Enka; and together they play the roles of 'father' and 'mother' for the other children. But will family bonding and love really be enough to prevent the destruction of the planet?""",,"The Diary of a Crazed Family (Light Novel), The Diary of a Crazed Family: Bangai (Light Novel), The Diary of a Crazed Family",,"Chika Midarezaki : Haruka Tomatsu, Gekka Midarezaki : Rina Satou, Ginka Midarezaki : Yoshinori Fujita, Hyouka Midarezaki : Ryou Hirohashi, Kyouka Midarezaki : Ayumi Fujimura, Ouka Midarezaki : Takayuki Kondou, Teika Midarezaki : Hiroki Yasumoto, Yuuka Midarezaki : Kana Hanazawa, Yasuhiro Kuroda
Director, Tomoki Kikuya
Music, Makoto Koga
Character Design, Tetsurou Satomi
Producer, Takayuki Nagatani
Producer, Tatsuya Ono
Producer, Kenta Suzuki
Producer, Yuuichi Matsunaga
Producer","Yasuhiro Kuroda : Director, Tomoki Kikuya : Music, Makoto Koga : Character Design, Tetsurou Satomi : Producer, Takayuki Nagatani : Producer, Tatsuya Ono : Producer, Kenta Suzuki : Producer, Yuuichi Matsunaga : Producer"
Naruto Shippuden: Konoha Gakuen Picture Drama Special," Naruto: Shippuuden - Shippuu! ""Konoha Gakuen"" Den",DVD S,,Pierrot,,"Comedy, Shounen, Delinquents, Picture Drama, School Life, Based on a Manga",3.55,2008.0,,"""Konoha Gakuen is a prestigious school whose students excel in both academics and sports. However, the institution's quiet\xa0reputation is turned upside down with the arrival of Naruto, a new transfer student whose ambition\xa0is to become the gang leader of Japan! After frequently battling with rival delinquents, Naruto manages to fight his way through the ranks of the academy. However, there's still\xa0one person left for him to beat – his bitter rival, Sasuke.""",,"Naruto (Pilot), Naruto, Naruto: Innocent Heart, Demonic Blood (Light Novel), Rock Lee's Springtime of Youth, Road to Naruto the Movie, Naruto Jinraiden: Okami no Naku Hi (Light Novel), Naruto: Mission - Protect the Waterfall Village! (Light Novel), Naruto: Chibi Sasuke’s Sharingan Legend, Boruto: Road to ""B"", Naruto Secret Chronicles (Light Novel), Naruto: The Seventh Hokage and the Scarlet Spring, Boruto: Naruto the Movie Tokubetsu Bangai-hen - Naruto ga Hokage ni Natta Hi, Boruto: Naruto the Movie (Light Novel), Naruto True Story (Light Novel), Naruto Gaiden: Michita Tsuki ga Terasu Michi, Naruto: Konoha Shinden - Yukemuri Ninpouchou (Light Novel)","Naruto Shippuden, Naruto Shippuden Movie 1, Naruto Shippuden Movie 2: Bonds, Naruto Shippuden Movie 3: The Will of Fire, Naruto Shippuden Movie 4: The Lost Tower, Naruto Shippuden OVA: Sage Naruto vs Sasuke, Naruto Shippuden Movie 5: Blood Prison, Naruto: Honoo no Chuunin Shiken! Naruto vs Konohamaru!!, Naruto Shippuden Movie 6: Road to Ninja, Naruto Shippuden: Sunny Side Battle!, The Last: Naruto the Movie","Naruto Uzumaki : Junko Takeuchi, Sasuke Uchiha : Noriaki Sugiyama, Hinata Hyuga : Nana Mizuki, Ino Yamanaka : Ryouka Yuzuki, Sakura Haruno : Chie Nakamura, Choji Akimichi, Ebisu, Gaara",
Web Ghosts PiPoPa, Net Ghost PiPoPa,TV   ,51.0,Studio Hibari,,"Action, Adventure, Comedy, Sci Fi, Family Friendly, Original Work",3.54,2008.0,2009.0,"'Yuta is a Japanese boy who hates modern day technology outside of the cell phone. When his mom gets hired at the Dreamland Japan headquarters, he is forced to move. Unbeknown to him is a hidden land called Web World, the land connecting all computers, phones, televisions, and more. Yuta receives a mysterious message on his phone. When he touches the message, he is sent inside his cell phone to the Web World where he meets Web Ghosts Pit, Pat, and Pot, more commonly called PiPoPa. Together Yuta must team up with these Net Ghosts and new friends to save the Web World from the web ghosts themselves and outside forces which wish to use it to take over the entire world.'",,,,"Hikaru Sofue : Sayuri Yahagi, Pat : Masahito Yabe, Pit : Ryouko Shiraishi, Pot : Satomi Arai, Yuuta Akikawa : Rina Satou, Bat : Yuko Gibu, Bit, Bot : Sayaka Kinoshita, Naomi Iwata
Original Creator, Shinichirou Kimura
Director, Motoyoshi Iwasaki
Music, Yoshito Mikamo
Episode Director & Storyboard, Masaharu Amiya
Screenplay, Shinichirou Kajiura
Animation Director & Key Animator, Satoru Kusuda
Key Animator","Naomi Iwata : Original Creator, Shinichirou Kimura : Director, Motoyoshi Iwasaki : Music, Yoshito Mikamo : Episode Director & Storyboard, Masaharu Amiya : Screenplay, Shinichirou Kajiura : Animation Director & Key Animator, Satoru Kusuda : Key Animator"
"Shinran-sama: Negai, Soshite Hikari", Shinran-sama: His Wish and Light,OVA  ,1.0,Group TAC,,"Drama, Buddhism, Historical, Religion",3.54,2008.0,,'No synopsis yet - check back soon!',,,,"Shinran Shounin, Bennen, Boar Hunter, Eshinni, Haru, Hounen Shounin, Jien, Kakushinni, Toshiyuki Watanabe
Music",Toshiyuki Watanabe : Music
Mobile Suit Gundam 00: Tenshitachi no Kiseki,,TV Sp,,Sunrise,,"Action, Mecha, Sci Fi, Recap",3.54,2008.0,,'A recap episode of the first season of Mobile Suit Gundam 00.',,,"Mobile Suit Gundam 00, Mobile Suit Gundam 00 Second Season",,
Yu-Gi-Oh! 5D's,,TV   ,154.0,Gallop,Spring,"Action, Drama, Sci Fi, Shounen, Card Battles, High Stakes Games, Motorcycles, Tournaments, Based on a Manga",3.54,2008.0,2011.0,"'The future of Duel Monsters has finally arrived! With it has come a new form of dueling known as ""Riding Duels,"" which many duelists are eager to take up and learn. One such player is Yusei Fudo, an aspiring rider duelist who lives in the slum area known as Satellite; he has been wronged by the system and is on a mission to defeat his archrival: Jack Atlus, the Absolute King of the Riding Duel. With Jack having wronged him in his past, Yusei chooses to exact his revenge by taking his title; but, with a strange, unfamiliar set of rules and many foes ahead, will he ever reach Neo-Domino City and claim his prize?'",,"Yu-Gi-Oh!, Yu-Gi-Oh! Duelist, Yu-Gi-Oh! Millennium World, Yu-Gi-Oh! R, Yu-Gi-Oh! GX, Yu-Gi-Oh! 5D's, Yu-Gi-Oh! Zexal, Yu-Gi-Oh! Arc-V (Naohito MIYOSHI), Yu-Gi-Oh! Arc-V, Yu-Gi-Oh! Transcend Game","Yu-Gi-Oh! Duel Monsters, Yu-Gi-Oh! GX, Yu-Gi-Oh! 5D's: Evolving Duel! Stardust vs Red Demons, Yu-Gi-Oh! 3D: Bonds Beyond Time","Aki Izayoi : Ayumi Kinoshita, Crow Hogan : Shintarou Asanuma, Jack Atlas : Takanori Hoshino, Lua : Ai Horanai, Luca : Yuka Terasaki, Yuusei Fudou : Yuya Miyashita, Ancient Fairy Dragon : Mika Doi, Aporia : Takayuki Sugou, Kazuki Takahashi
Original Creator, Katsumi Ono
Director, Yutaka Minobe
Music, Shuuji Maruyama
Character Design, Fukashi Azuma
Producer, Ryou Sasaki
Producer, Teruaki Mimatsu
Producer, Norio Yamakawa
Producer","Kazuki Takahashi : Original Creator, Katsumi Ono : Director, Yutaka Minobe : Music, Shuuji Maruyama : Character Design, Fukashi Azuma : Producer, Ryou Sasaki : Producer, Teruaki Mimatsu : Producer, Norio Yamakawa : Producer"
Aria the Origination Picture Drama,,DVD S,,Hal Film Maker,,"Sci Fi, Shounen, Slice of Life, Ocean, Picture Drama, Based on a Manga",3.54,2008.0,,"'When they’re not working as Undines, the girls of the Neo Venezia Gondolas like to take it easy and relax. Akari, Aika and Alice discuss love, life and ice cream during a pajama party at a hot spring, while Atora and the others\xa0buy too much food for lunch. With the girls attempting to win a game of soccer\xa0and telling ghost stories on a hot summer night, they manage to have the time of their lives no matter what they do.'",,"Aqua, Aria, Aria (Light Novel)",Aria the Origination,"Aika S. Granzchesta : Chiwa Saitou, Akari Mizunashi : Erino Hazuki, Alice Carroll : Ryou Hirohashi, Akatsuki Izumo : Hirofumi Nojima, Akira E. Ferrari : Junko Minagawa, Alicia Florence : Sayaka Oohara, Al Pitt : Akeno Watanabe, Athena Glory : Tomoko Kawakami",
Someday's Dreamers II Sora, Mahou Tsukai ni Taisetsu na Koto: Natsu no Sora,TV   ,12.0,Hal Film Maker,Summer,"Drama, Shounen, Slice of Life, Apprenticeship, Magic, Magic School, School Life, Based on a Manga",3.53,2008.0,,"""Sora Suzuki is a girl who, like her late father, has the ability to use magic. Though she's always lived in the countryside, Sora is on her way to Tokyo where she'll undergo a summer apprenticeship. Unless she does so, she can't become a registered mage - a magic user who can take job requests from clients. Moving to the big city, making new friends and succeeding at her training could prove challenging, but with determination and a positive attitude Sora intends to overcome these obstacles and make the most out of her summer in the process.""",,"Someday's Dreamers, Someday's Dreamers (Light Novel), Someday's Dreamers: Spellbound, Someday's Dreamers: Summer Skies",Someday's Dreamers,"Gouta Midorikawa : Tomoaki Maeno, Sora Suzuki : Kana Hanazawa, Hiyori Yamabuki : Mikako Takahashi, Honomi Asagi : Marina Inoue, Kouji Kuroda : Daisuke Namikawa, Saori Shiraishi : Urara Takano, Seiichirou Hara : Rikiya Koyama, Fuune Momozono : Mami Kingetsu, Norie Yamada
Original Creator, Osamu Kobayashi
Director, Takefumi Haketa
Music, Yuusuke Yoshigaki
Character Design, Hisaharu Iijima
Art Director, Naomi Sudou
Producer, Akio Matsuda
Producer, Noboru Sugiyama
Producer","Norie Yamada : Original Creator, Osamu Kobayashi : Director, Takefumi Haketa : Music, Yuusuke Yoshigaki : Character Design, Hisaharu Iijima : Art Director, Naomi Sudou : Producer, Akio Matsuda : Producer, Noboru Sugiyama : Producer"
Tengen Toppa Gurren Lagann: Mitee Mono wa Miteen da!!,,DVD S,,GAINAX,,"Action, Adventure, Comedy, Mecha, Sci Fi, Combining Mecha, Post-apocalyptic, Super Robot, Original Work",3.53,2008.0,,'No synopsis yet - check back soon!',,,Tengen Toppa Gurren Lagann,,
Vampire Knight: Gekiai no Portrait,,DVD S,,Studio DEEN,,"Comedy, Shoujo, Boarding School, Monster School, School Life, Based on a Manga",3.53,2008.0,,"'It’s time for an election to decide who will be the next dorm president and the battle is between Kaname and Ichijou. However, while Aidou is busy putting up posters and defacing the opponent’s propaganda, Kaname seems reluctant to campaign at all, even going so far as to support Ichijou! Which way will the night class vote, and who will be the next dorm leader?'",,"Vampire Knight, Vampire Knight: Ice Blue Sin (Light Novel), Vampire Knight: The Noir Trap (Light Novel), Vampire Knight: Fleeting Dreams (Light Novel), Vampire Knight: Memories","Vampire Knight, Vampire Knight Guilty","Hanabusa Aidou : Jun Fukuyama, Takuma Ichijo : Susumu Chiba, Kaname Kuran : Daisuke Kishio, Ruka Souen : Junko Minagawa, Akatsuki Kain : Junichi Suwabe, Rima Touya, Senri Shiki : Souichirou Hoshi, Matsuri Hino
Original Creator, Takefumi Haketa
Music, Asako Nishida
Character Design","Matsuri Hino : Original Creator, Takefumi Haketa : Music, Asako Nishida : Character Design"
Ganbare! Memeko-chan,,OVA  ,1.0,Studio Moriken,,"Comedy, Work Life, Based on a Manga, Flash Animation",3.53,2008.0,,'The story follows the life of a short office lady and her friends.',,,,"Katsumi Kishida : Shouya Maruyama, Memeko Kashiwaba : Chihiro Aikawa, Betty : Yura Hatsuki",
Kodomo no Jikan: Rin's Classroom Diary, Kodomo no Jikan: Rin no Gakkyuu Nisshi,OVA  ,1.0,diomedea,,"Comedy, Ecchi, Seinen, Age Gap, Recap, Student-Teacher Relationship, Based on a Manga",3.52,2008.0,,"""Aoki Daisuke is a fresh, new elementary school teacher, eager to help shape and guide his young students. But he got more than he bargained for with Kokonoe Rin! This saucy third grader has knowledge beyond her years, and a deep-seated mistrust and loathing of adults. She will go to any lengths to protect her friends Kuro and Mimi, including harassment, extortion, threats, and sexual blackmail. And yet, with her friends, she is kind, caring, and self-sacrificing. Can Daisuke gain Rin's trust and save her from her dark side without falling victim to it himself?""",,"Kodomo no Jikan, Kodomo no Jikan: Houkago","Kodomo no Jikan: Anata ga Watashi ni Kureta Mono, Kodomo no Jikan, Kodomo no Jikan: Kuro-chan to Shiro-chan, Kodomo no Jikan: Ni Gakki, Kodomo no Jikan: Kodomo no Natsu Jikan","Daisuke Aoki, Rin Kokonoe, Kuro Kagami, Mimi Usa, Kenta Oyajima, Kyoko Hoin, Reiji Kokonoe, Sae Shirai",
Mokke Specials,,DVD S,,MADHOUSE,,"Seinen, Slice of Life, Countryside, Family Friendly, Iyashikei, Japanese Mythology, Siblings, Supernatural, Youkai, Based on a Manga",3.52,2008.0,,"""The leaves are changing color and cold weather approaches. It's festival season, and the perfect time for Mitsuki and Shizuru to enjoy themselves with their grandparents. But unfortunately, the harsh wind leaves their grandmother laid up in bed sick, so it's time for the girls' mother to return and help around the house. With Mitsuki turning her back on Grammy and Shizuru becoming uncharacteristically angry with her younger sister, is there something more sinister at work in the Hibara household?""",,Mokke,Mokke,"Mizuki Hibara : Nana Mizuki, Shizuru Hibara : Ayako Kawasumi, Ojii-Chan : Katsunosuke Hori, Chitose Hibara, Obaa-Chan, Takatoshi Kumakura
Original Creator, Yoshihiro Ike
Music, Toshio Kawaguchi
Character Design, Touko Machida
Screenplay","Takatoshi Kumakura : Original Creator, Yoshihiro Ike : Music, Toshio Kawaguchi : Character Design, Touko Machida : Screenplay"
Yu-Gi-Oh! 5D's: Evolving Duel! Stardust vs Red Demons, Yu-Gi-Oh! 5D's: Shinkasuru Kettou! Stardust vs. Red Demon's,Other,,Gallop,,"Shounen, Card Battles, High Stakes Games, Based on a Manga",3.51,2008.0,,"'Yuusei Fudou and Jack Atlas go head-to-head in the Duel Stadium once again with the title of ""King of Riding Duels"" on the line. As Stardust Dragon and Red Demon\'s Dragon clash, both Duelists activate ""Buster Mode"" and unleash powerful new forms of their ace monsters.'",,"Yu-Gi-Oh!, Yu-Gi-Oh! Duelist, Yu-Gi-Oh! Millennium World, Yu-Gi-Oh! R, Yu-Gi-Oh! GX, Yu-Gi-Oh! 5D's, Yu-Gi-Oh! Zexal, Yu-Gi-Oh! Arc-V (Naohito MIYOSHI), Yu-Gi-Oh! Arc-V, Yu-Gi-Oh! Transcend Game",Yu-Gi-Oh! 5D's,"Jack Atlas : Takanori Hoshino, Yuusei Fudou : Yuya Miyashita, Aki Izayoi : Ayumi Kinoshita, Lua : Ai Horanai, Luca : Yuka Terasaki, Master Of Ceremonies : Bernard Ackah",
Ikuze! Gen-san,,Web  ,12.0,Nippon Animation,,"Comedy, Short Episodes, Slapstick, Based on a Video Game",3.51,2008.0,,'No synopsis yet - check back soon!',,,,"Genzou Tamura : Kappei Yamaguchi, Agari Kirishima : Erika, Ayumi Tamura : Yuka Inokuchi, Cha Danuki : Tadashi Miyazawa, Daisuke Naniwa : Masaki Aizawa, Genkurou Tamura : Hiroshi Naka, Genroku Tamura : Kenji Nomura, Hachi Nami-Dan : Kishou Taniyama, Yoshiaki Okumura
Director & Episode Director & Storyboard, Katsumi Hasegawa
Series Composition, Takuto Noka
Music, Sonomi Aramaki
Character Design, Hiromi Iio
Photography Director, Mitsuki Nakamura
Art Director, Kouichi Furukawa
Color Design, Hiroyuki Hayase
Sound Director","Yoshiaki Okumura : Director & Episode Director & Storyboard, Katsumi Hasegawa : Series Composition, Takuto Noka : Music, Sonomi Aramaki : Character Design, Hiromi Iio : Photography Director, Mitsuki Nakamura : Art Director, Kouichi Furukawa : Color Design, Hiroyuki Hayase : Sound Director"
Strike Witches,,TV   ,12.0,GONZO,Summer,"Action, Ecchi, Sci Fi, Aliens, Animal Characteristics, Guns, Historical, Magic, Military, Panty Shots, Original Work, Nudity",3.51,2008.0,,"'In the year 1939 an unknown enemy called the Neuroi appeared. Their purpose is unclear and origin is unknown, but they attack and destroy any signs of human civilization they come across. Because conventional weapons are useless against them, humanity developed a striker unit known as the Strike Witches to combat the Neuroi. Miyafuji Yoshika is a girl with exceptional healing power but lacks control; she has been scouted to join the Strike Witches and fight the Neuroi, but all she wants to do is take over her family clinic. After witnessing an attack by the Neuroi on her way to find out if her father is still alive, Miyafuji resolves herself to fight for and protect the people around her. Who or what are the Neuroi and what do they want?'",Nudity,"Strike Witches (Light Novel), Strike Witches: Maidens in the Sky, Strike Witches: Otome no Maki (Light Novel), Strike Witches: The Sky that Connects Us, Strike Witches: 1937 Fuso Sea Incident, Strike Witches: Koushiki Comic à la Carte, Strike Witches: CHIi Sanya, Strike Witches: One-Winged Witches, Strike Witches: 501 Butai Hasshinshimasu!, Strike Witches Zero: 1939 Koukoku no Majo, Strike Witches: Andorra no Majo, Strike Witches Gekijouban: Kaeritai Basho (Light Novel), Strike Witches Gekijouban: 501 Butai Hasshinshimasu!, Strike Witches: CHIi Size, Strike Witches: Aurora no Majo, Strike Witches: Dai-501 Tougou Sentou Koukuudan, Strike Witches: Kurenai no Majo-tachi, Noble Witches: Dai 506 Tougou Sentou Koukuudan (Light Novel), Strike Witches: Contrail of Witches, Brave Witches: 502nd JFW Takeoff!, Strike Witches: 501 Butai Hasshinshimasu! Zoku","Strike Witches OVA, Strike Witches 2, Strike Witches Movie, Strike Witches: Operation Victory Arrow, Brave Witches, Brave Witches: The Great Petersburg Strategy, Strike Witches: 501st JOINT FIGHTER WING Take Off!, Strike Witches: Road to Berlin, Renmei Kuugun Koukuu Mahou Ongakutai Luminous Witches","Mio Sakamoto : Saeko Chiba, Yoshika Miyafuji : Misato Fukuen, Charlotte E Yeager : Ami Koshimizu, Eila Ilmatar Juutilainen : Ayuru Ohashi, Erica Hartmann : Sakura Nogawa, Francesca Lucchini : Chiwa Saitou, Gertrud Barkhorn : Mie Sonozaki, Lynette Bishop : Kaori Nazuka, Kazuhiro Takamura
Director & Character Design, Seikou Nagaoka
Music, Naoshi Imamoto
Producer, Yuka Harada
Producer, Shouji Saeki
Episode Director & Screenplay & Storyboard, Shin Wakabayashi
Key Animator, Arthell Isom
Background Artist","Kazuhiro Takamura : Director & Character Design, Seikou Nagaoka : Music, Naoshi Imamoto : Producer, Yuka Harada : Producer, Shouji Saeki : Episode Director & Screenplay & Storyboard, Shin Wakabayashi : Key Animator, Arthell Isom : Background Artist"
Monochrome Factor,,TV   ,24.0,A.C.G.T,Spring,"Action, BL, Comedy, Shoujo, Shounen-ai, Supernatural, Based on a Manga",3.51,2008.0,,"'Though the world may seem to be a normal place, in the midst of shadows lies the supernatural and terrifying. Beings from the shadow world known as Kokuchi have begun to invade the human world, and it’s up to certain people to defeat them; Akira Nikaido is one such person. Though his life used to be ordinary, one day, the bishounen and affectionate Shirogane asked Akira to form a pact with him; and consequently, Akira became Shirogane’s shadow partner. Together, the two hunt down stray Kokuchi – but more importantly, Akira must fend off Shirogane’s advances and try to make his classes!'",,Monochrome Factor,,"Akira Nikaido : Daisuke Ono, Aya Suzuno : Masumi Asano, Haruka Kujou : Mitsuki Saiga, Kengo Asamura : Hiroshi Kamiya, Shirogane : Junichi Suwabe, Kou : Katsuyuki Konishi, Lulu : Yukari Tamura, Mayu Asamura : Ami Koshimizu, Kairi Sorano
Original Creator, Yuu Kou
Director, Jun Murakami
Music, Takeshi Abo
Music, Shigeyuki Suga
Character Design, Nobuhiro Oosawa
Producer, Toshio Iizuka
Producer, Michio Fukuda
Storyboard","Kairi Sorano : Original Creator, Yuu Kou : Director, Jun Murakami : Music, Takeshi Abo : Music, Shigeyuki Suga : Character Design, Nobuhiro Oosawa : Producer, Toshio Iizuka : Producer, Michio Fukuda : Storyboard"
Pokemon Movie 11: Giratina and the Sky Warrior, Pokemon Movie 11: Giratina to Sora no Hanataba Sheimi,Movie,,OLM,,"Adventure, Fantasy, Shounen, Elemental Powers, Family Friendly, Monsters, Based on a Video Game",3.51,2008.0,,"'Parallel to the normal world lies the Reverse World, a distorted place filled with mystery. When an imbalance occurs in the regular world, a black cloud of poison appears in the Reverse World to maintain the fragile balance of time and space. Only one Pokemon, Giratina, lives in the Reverse World; it can travel between the worlds at ease. Angry that Dialga and Palkia’s past battle spread toxic fumes into its world, Giratina comes to the regular world to challenge Dialga, ultimately leading to a tear between the worlds. At the middle of the conflict is the Pokemon Shaymin, a being who is able to absorb the poison. As Ash and his friends are pulled into the fray, they simultaneously try to assist Shaymin in reaching its destination so it can evolve. Meanwhile, in the skies, a lone man named Zero seeks Giratina for his own reasons...'",,"Pokemon: Machamp's 24-Hour Champ Police!, Pokemon: The Electric Tale of Pikachu, Pokémon Adventures, Magical Pokemon Journey, Pokémon: Diamond and Pearl Adventure!, Pokemon Mystery Dungeon: Ginji's Rescue Team, Pokemon Ranger, Pokemon Ranger and the Temple of the Sea, Pokemon: The Rise of Darkrai, Pokemon Diamond Pearl: Regigigas Hokaku Daisakusen!!, Pokemon Ranger Batonnage, Kaitou! Pokemon 7, Pokemon: Giratina & the Sky Warrior!, Pokemon ReBURST, Pokemon the Movie: White - Victini and Zekrom, Pokemon + Nobunaga no Yabou - Ranse Iroemaki, Pokémon: Diancie and the Cocoon of Destruction, Pokémon: Omega Ruby & Alpha Sapphire, Pokemon the Movie: Hoopa and the Clash of Ages, Pokemon the Movie XY&Z: Volcanion to Karakuri no Magiana, Pokemon Horizon: Sun & Moon, Pokémon: Sun & Moon, Pokémon the Movie: I Choose You!","Pokemon: Pichu Bros. in Party Panic, Pokemon: Gotta Dance!, Pokemon Movie 6: Jirachi Wish Maker, Pokemon Movie 7: Destiny Deoxys, Pokemon: Pikachu's Summer Festival, Pokemon Movie 8: Lucario and The Mystery of Mew, Pokemon: Pikachu's Ghost Carnival, Pokemon Movie 9: Pokemon Ranger and the Temple of the Sea, Pokemon: Pikachu's Island Adventure, Pokemon: Diamond & Pearl, Pokemon Movie 10: The Rise of Darkrai, Pokemon: Pikachu Tanken Club, Pokemon Mystery Dungeon: Explorers of Time and Darkness, Pokemon: Pikachu's Great Ice Adventure, Pokemon Movie 12: Arceus and the Jewel of Life, Pokemon: Pikachu's Great Sparking Search, Pokemon Movie 13: Zoroark - Master of Illusions, Pokemon: Pikachu's Big Mysterious Adventure, Pokemon: Black & White, Pokemon Movie 14: Black - Victini and Reshiram, Pokemon Movie 14: White - Victini and Zekrom, Pokemon Black Version 2 and White Version 2, Pokemon: Black & White - Rival Destinies, Pokemon: Utae Meloetta - Rinka no Mi wo Sagase!, Pokemon Movie 15: Kyurem vs. The Sword of Justice, Pokemon: Meloetta's Moonlight Serenade, Pokemon: Black & White: Adventures in Unova, Pokemon: Black & White: Adventures in Unova and Beyond, Pokemon: Mewtwo - Prologue to Awakening, Pokemon: Eevee and Friends, Pokemon XY Special: Road to Kalos, Pokemon XY: Mega Evolution, Pokemon XY: Sora no Hahen, Pokemon: Diancie, Princess of the Diamond Domain, Pokemon Movie 17: Diancie and the Cocoon of Destruction, Pokemon: Hoopa, The Mischief Pokemon","Ash Ketchum : Rica Matsumoto, Ash'S Pikachu : Ikue Ootani, Brock : Yuuji Ueda, Dawn : Megumi Toyoguchi, Giratina, Shaymin : Vanilla Yamazaki, Dawn'S Piplup : Etsuko Kozakura, Newton Graceland : Kouichi Yamadera, Kunihiko Yuyama
Director, Shinji Miyazaki
Music, Sayuri Ichiishi
Character Design, Norihiro Matsubara
Character Design, Kazuaki Mouri
Character Design, Shunya Yamada
Character Design, Mikihiko Fukazawa
Producer, Junya Okamoto
Producer","Kunihiko Yuyama : Director, Shinji Miyazaki : Music, Sayuri Ichiishi : Character Design, Norihiro Matsubara : Character Design, Kazuaki Mouri : Character Design, Shunya Yamada : Character Design, Mikihiko Fukazawa : Producer, Junya Okamoto : Producer"
Nanami-chan 5th Series,,TV   ,16.0,,,"Animal Protagonists, Family Friendly, Non-Human Protagonists, Short Episodes",3.5,2008.0,,'No synopsis yet - check back soon!',,,"Nanami-chan, Nanami-chan 2nd Series, Nanami-chan 3rd Series, Nanami-chan 4th Series, Nanami-chan 6th Series",Steve : Shinichi Ishihara,
Sands of Destruction, World Destruction: Sekai Bokumetsu no Rokunin,TV   ,13.0,Production I.G,Summer,"Action, Adventure, Fantasy, Based on a Video Game",3.5,2008.0,,"'In a world where humans are enslaved by beast men, there is one person who wishes to destroy it all: Morute, the leader of the World Destruction Committee. She sets out on a journey with an ancient artifact known as the ""Destruct Code,"" a device rumored to have the power to destroy the world and turn everything back into sand. Along the way she finds two companions: the kind-hearted human Kyrie, and aspiring hero and beast man Toppi. Together the trio travels the world, always staying out of reach of the World Salvation Committee. Will they discover the secrets of the Destruct Code, and more importantly, succeed at destroying the world?'",,World Destruction,,"Kyrie Illunis : Mamoru Miyano, Morte Ashelah : Maaya Sakamoto, Taupy Toplan : Tooru Furuya, Agan Mardrus : Hiroyuki Yoshino, Lia Dragonell : Yuu Kobayashi, Naja Gref : Daisuke Ono, Alligator Master : John Swasey, Almeida, Shunsuke Tada
Director, Yoshihiro Ike
Music, Keita Matsumoto
Character Design, Toyokazu Hattori
Producer, Kensuke Ishikawa
Animation Director & Episode Director & Storyboard","Shunsuke Tada : Director, Yoshihiro Ike : Music, Keita Matsumoto : Character Design, Toyokazu Hattori : Producer, Kensuke Ishikawa : Animation Director & Episode Director & Storyboard"
Pyuu to Fuku! Jaguar: Return of Yaku Ichinenburi,,OVA  ,3.0,,,"Comedy, Shounen, Gag, Based on a Manga",3.5,2008.0,2009.0,'No synopsis yet - check back soon!',,Pyuu to Fuku! Jaguar,"Pyuu to Fuku! Jaguar, Pyuu to Fuku! Jaguar: Ima, Fuki ni Yukimasu","Junichi Jaguar, Azuma Tani
Director",Azuma Tani : Director
The Sky Crawlers,,Movie,,Production I.G,,"Action, Aviation, Europe, Military, Based on a Novel",3.5,2008.0,,"""In a world where corporations snuff out the competition by sending fighter jets to attack their offices, teenage pilot Kannami Yuichi is reassigned to a new base. There, he meets Tokino, a carefree pilot who enjoys the company of older women, and Kasanagi Suito, his superior officer who he slowly falls for. However, not everything is as it seems. Soon, distressing questions are raised about Kannami's predecessor, a race of perpetual adolescents known as the Kildren, and the enemy ace of the skies, Teacher.""",,Sky Crawlers Series (Novel),,"Suito Kusanagi : Rinko Kikuchi, Yuuichi Kannami : Ryo Kase, Midori Mitsuya : Chiaki Kuriyama, Naofumi Tokino : Shosuke Tanihara, Towa Sasakura : Yoshiko Sakakibara, Aihara, Aizu Yadagawa : Daisuke Hirakawa, Aragi, Mamoru Oshii
Director, Kenji Kawai
Music, Tetsuya Nishio
Character Design, Tomohiko Ishii
Producer, Hideyuki Saitou
Producer, Junichi Uematsu
Editor","Mamoru Oshii : Director, Kenji Kawai : Music, Tetsuya Nishio : Character Design, Tomohiko Ishii : Producer, Hideyuki Saitou : Producer, Junichi Uematsu : Editor"
Ocha-ken: Ryokutto Monogatari,,TV   ,13.0,Fall 2008,,"Slice of Life, Animal Protagonists, Dogs, Family Friendly, Food Protagonists, Non-Human Protagonists, Short Episodes",3.5,2008.0,2009.0,'No synopsis yet - check back soon!',,,"Ocha-ken: Chokotto Monogatari, Ocha-ken: Hotto Monogatari","Hana, Ryoku",
Gag Manga Biyori 3, Masuda Kousuke Gekijou Gag Manga Biyori 3,TV   ,12.0,Artland,,"Comedy, Shounen, Crude, Episodic, Gag, Short Episodes, Based on a Manga",3.5,2008.0,,"'Meet the perverted Dr. Insect who, instead of educating the world about dragonflies, is more interested in stripping off his clothes and torturing a small boy with unfair multiple choice quizzes. Meanwhile, ever wondered how to get an apology out of an unwilling yoga instructor, or what actually happened to Inou Tatadaka while he was trying to draw the first accurate map of Japan? With famous detective Usami-chan continuing to uncover the many deviant crimes of that panty-obsessed Kumakichi and a paranoid manga artist contemplating sushi contact lenses, it can never be said that life is dull.'",,"Gag Manga Biyori, Gag Manga Biyori GB","Gag Manga Biyori Jump Festa OVA, Gag Manga Biyori, Gag Manga Biyori 2, Gag Manga Biyori +","Imoko Onono : Eiji Takemoto, Kumakichi : Takeshi Maeda, Matsuo Bashou : Takeshi Maeda, Taishi Shoutoku : Takeshi Maeda, Usami-Chan : Kaori Nazuka, Mangaka, Nyami-Chan, Panmi-Sensei, Kousuke Masuda
Original Creator, Akitarou Daichi
Director, Takahiro Inagaki
Producer, Jun Takei
Producer","Kousuke Masuda : Original Creator, Akitarou Daichi : Director, Takahiro Inagaki : Producer, Jun Takei : Producer"
Storm Rider: Clash of the Evils, Feng Yun Jue,Movie,,,,"Action, Adventure, Chinese Animation, Martial Arts, Superpowers, Based on a Manga",3.5,2008.0,,"""When some of the greatest swordsmen in the world are brutally murdered, Wind, Cloud, and the massacre's only survivor, Ngou, battle for a blood that holds powerful gifts.""",,Storm Riders,Feng Ji Yun Nu,"Wing-Shing Ma
Original Creator",Wing-Shing Ma : Original Creator
Dragonaut: The Resonance Special, Dragonaut: The Resonance - Kotou - Tozasareta Kyousoo,DVD S,,GONZO,,"Comedy, Ecchi, Slice of Life, Dragons, Parody, School Life",3.49,2008.0,,'No synopsis yet - check back soon!',,Dragonaut: The Resonance,Dragonaut: The Resonance,"Jin Kamishina, Toa, Akira Souya, Amadeus, Gio, Howlingstar, Kasuga Nozaki, Kiril Zhazhiev, Kousuke Yamashita
Music, Makoto Uno
Character Design","Kousuke Yamashita : Music, Makoto Uno : Character Design"
Batman: Gotham Knight,,OVA  ,6.0,BEE TRAIN,,"Action, Sci Fi, Collections, Secret Identity, Superheroes, Vigilantes, Based on a Comic Book",3.49,2008.0,,"'Batman: a name known throughout the streets of Gotham City, a name kids tell urban legends about and criminals fear. Batman continues to purge Gotham City from the filth that is roaming the streets. After having received Lt. Gordon’s complete trust, he is implicated in all kinds of police affairs, the first of which is the capture of the mysterious robber referred to as the ""man in black"". Through this ordeal and many others including an encounter with the Killer Croc and Scarecrow, Batman will try to find out more about the dark city’s underground and make his way to become Gotham’s Dark Knight.'",,"Batman: The Jiro Kuwata Batmanga, Batman: Child of Dreams, Batman: Death Mask, Batman Ninja",Batman Ninja,"Bruce Wayne : Shinichirou Miki, Alfred Pennyworth : Shinji Ogawa, Anna Ramirez : Romi Park, B-Devil : Scott Menville, Cassandra : Kikuko Inoue, Crispus Allen : Jouji Nakata, Dander : Ayumi Kida, Deadshot : Jim Meskimen, Yasuhiro Aoki
Director, Hiroshi Morioka
Director, Yoshiaki Kawajiri
Director, Shoujirou Nishimi
Director, Futoshi Higashide
Director, Jong-Sik Nam
Director, Toshiyuki Kubooka
Director, Robert Joseph Kral
Music","Yasuhiro Aoki : Director, Hiroshi Morioka : Director, Yoshiaki Kawajiri : Director, Shoujirou Nishimi : Director, Futoshi Higashide : Director, Jong-Sik Nam : Director, Toshiyuki Kubooka : Director, Robert Joseph Kral : Music"
Kyou no 5 no 2 TV,,TV   ,13.0,XEBEC,Fall ,"Comedy, Seinen, Slice of Life, School Life, Based on a Manga",3.49,2008.0,,"'Ryouta is a typical elementary school boy in class 5-2. He likes hanging out with his friends, he plays guitar on his broom instead of cleaning the classroom and he’s more interested in whose Superball bounces the highest than seeing a girl’s panties or sneaking a peek at a dirty magazine. However Ryouta also has the unfortunate luck of often being caught in the most seemingly-perverted situations at the worst possible times. Still, amidst becoming the guru of the turn-on of a collarbone, Ryouta continues to live a normal day-to-day life; that is, as normal a life as a tormented pseudo-perverted schoolboy can!'",,Kyou no 5 no 2,"Kyou no 5 no 2, Kyou no 5 no 2: Kagai Jugyou - Mizukake, Kyou no 5 no 2 (2009)","Chika Koizumi : Asami Shimoda, Ryota Sato : Yuu Kobayashi, Kazumi Aihara : Mako, Kouji Imai : Megumi Yamato, Megumi Hidaka : Youko Honda, Natsumi Hirakawa : Kana Asumi, Tsubasa Kawai : Ayahi Takagaki, Yuki Asano : Satomi Akesaka, Coharu Sakuraba
Original Creator, Tsuyoshi Nagasawa
Director, Kei Haneoka
Music, Sunao Chikaoka
Character Design, Gou Nakanishi
Producer, Toshimasa Suzuki
Storyboard","Coharu Sakuraba : Original Creator, Tsuyoshi Nagasawa : Director, Kei Haneoka : Music, Sunao Chikaoka : Character Design, Gou Nakanishi : Producer, Toshimasa Suzuki : Storyboard"
Mobile Suit Gundam MS IGLOO 2: Juuryoku Sensen, Kidou Senshi Gundam MS IGLOO 2 Juuryoku Sensen,OVA  ,3.0,Sunrise,,"Action, Mecha, Sci Fi, Real Robot, Supernatural, War, CG Animation",3.49,2008.0,2009.0,'No synopsis yet - check back soon!',,"Mobile Suit Gundam: Awakening, Escalation, Confrontation (Light Novel), Mobile Suit Gundam ZZ, Mobile Suit Gundam: The Revival of Zeon, Mobile Suit Gundam: New Revival of Zeon, Mobile Suit Gundam: Hathaway's Flash (Light Novel), Record of MS War: Mobile Suit Gundam Abridged, Mobile Suit Gundam: Silhouette Formula 91, Mobile Suit Gundam: The Origin, Mobile Suit Gundam: The Anthology, Mobile Suit Gundam Climax U.C., Mobile Suit Gundam 00, Mobile Suit Gundam 00 2nd Season, Mobile Suit Gundam: MSV-R - Fabulous Shin Matsunaga, Mobile Suit Gundam: Hunter of Black Clothes, Mobile Suit Gundam 0083: Rebellion, Mobile Suit Gundam: Char's Counterattack - Beltorchika's Children, Mobile Suit Moon Gundam","Mobile Suit Zeta Gundam, Mobile Suit Gundam ZZ, Mobile Suit SD Gundam Mk I, Mobile Suit Gundam: Char's Counterattack, All That Gundam, Mobile Suit Gundam 0080: War in the Pocket, Mobile Suit SD Gundam no Gyakushuu: Arashi wo Yobu Gakuensai, Mobile Suit Gundam F91, Mobile Suit Gundam 0083: Stardust Memory, Mobile Suit Gundam 0083: Stardust Memory - The Mayfly of Space, Mobile Suit Gundam 0083: The Afterglow of Zeon, Mobile Suit Victory Gundam, Mobile Fighter G Gundam, Mobile Suit Gundam Wing, Mobile Suit Gundam: The 08th MS Team, After War Gundam X, Mobile Suit Gundam Wing: Endless Waltz, Mobile Suit Gundam Wing: Endless Waltz Movie, Gundam: Mission To The Rise, Turn A Gundam, Mobile Suit Gundam Evolve, Mobile Suit Gundam MS IGLOO: The Hidden One Year War, Mobile Suit Gundam SEED: After Phase: In the Valley of Stars, Mobile Suit Gundam SEED Destiny, Mobile Suit Gundam MS IGLOO: Apocalypse 0079, Mobile Suit Gundam 00, Mobile Suit Gundam 00 Second Season, Mobile Suit Gundam 00 Special Edition I: Celestial Being, Mobile Suit Gundam 00 Special Edition II: End of World, 30th Gundam Perfect Mission, Mobile Suit Gundam ZZ: Gundam Frag., Ring of Gundam, Mobile Suit Gundam 00 Special Edition III: Return the World, Mokei Senshi Gunpla Builders Beginning G, Chou Denei-ban SD Gundam Sangokuden Brave Battle Warriors, Mobile Suit Gundam Unicorn, Mobile Suit Gundam 00 The Movie: A Wakening of the Trailblazer, Mobile Suit Gundam AGE, Mobile Suit Gundam AGE: Memory of Eden, Collection of Key Animation Films, Mobile Suit Gundam: Thunderbolt, Mobile Suit Gundam: The Origin, Mobile Suit Gundam: Iron-Blooded Orphans, Mobile Suit Gundam: Iron-Blooded Orphans 2","Arleen Nazon : Kikuko Inoue, Ben Barberry : Masaki Terasoma, Harman Yandell : Tsutomu Isobe, Rayban Surat : Katsuyuki Konishi, Michael Colmatta : Hiroki Touchi, The Death God Of Zeon : Kikuko Inoue, Doroba Kuzwayo : Kentarou Itou, Kycilia Zabi : Mami Koyama, Takashi Imanishi
Producer & Director, Megumi Oohashi
Music, Junichi Kimura
Producer, Arata Sasaki
Producer","Takashi Imanishi : Producer & Director, Megumi Oohashi : Music, Junichi Kimura : Producer, Arata Sasaki : Producer"
Kamen no Maid Guy,,TV   ,12.0,MADHOUSE,Spring,"Comedy, Ecchi, Shounen, Maids, Mansion, Panty Shots, Based on a Manga",3.49,2008.0,,"'Naeko and Kousuke Fujiwara have just been given a gift from their grandfather: the mess of a mansion they live in will now be cared for by two capable maids – Fubiki, a beauty that appeals to Kousuke’s fetish; and Kogarashi, a huge, strong man who will perform his maid duties to his fullest! What the two don’t know is that they are the last in line for their family’s inheritance, and these two “maids” have been hired to protect them. For Kousuke, this new life is a dream come true; but for Naeko, her mammoth, gravity-defying breasts will never be safe from Kogarashi or any other male’s antics again!'",,Kamen no Maid Guy,"Kamen no Maid Guy: This Summer, Plenty of Breasts","Fubuki : Megumi Toyoguchi, Kogarashi : Rikiya Koyama, Naeka Fujiwara : Yuka Iguchi, Eiko Izumi : Emiri Katou, Elizabeth K. Strawberryfield : Saki Fujita, Kousuke Fujiwara : Daisuke Sakaguchi, Miwa Hirano : Yuu Kobayashi, Saki Tabaruzaka : Yuko Kaida, Maruboro Akai
Original Creator, Masayuki Sakoi
Director, Kaoru Okubo
Music, Kaoru Ookubo
Music, Mitsutoshi Ogura
Producer, Yukiko Ninokata
Producer, Yasuhiro Mikami
Producer, Takayuki Matsunaga
Producer","Maruboro Akai : Original Creator, Masayuki Sakoi : Director, Kaoru Okubo : Music, Kaoru Ookubo : Music, Mitsutoshi Ogura : Producer, Yukiko Ninokata : Producer, Yasuhiro Mikami : Producer, Takayuki Matsunaga : Producer"
Indie Anibox: Selma Danbaekjil Coffee, Indie Anibox: Selma's Protein Coffee,Movie,,,,Korean Animation,3.48,2008.0,,'No synopsis yet - check back soon!',,,,,
Tamagotchi Movie 2: Happiest Story In The Universe!?, Eiga! Tamagotchi Uchuu Ichi Happy na Monogatari!?,Movie,,OLM,,"Fantasy, Family Friendly",3.48,2008.0,,'No synopsis yet - check back soon!',,,"Anime TV de Hakken! Tamagotchi, Tamagotchi Honto no Hanashi, Let's Go! Tamagotchi, Tamagotchi Movie 1, Tamagotchi!, Tamagotchi! Yume Kira Dream, Tamagotchi! Miracle Friends, Go-Go Tamagotchi!, Tamagotchi! Tamatomo Daishuu GO, Tamagotchi Movie 3: Himitsu no Otodake Daisakusen!","Mametchi : Rie Kugimiya, Chamametchi : Yuko Gibu, Kikitchi : Junko Takeuchi, Kuchipatchi : Asami Yaguchi, Memetchi : Ryouka Yuzuki, Jouji Shimura
Director, Shirou Hamaguchi
Music, Sayuri Ichiishi
Character Design, Katsunori Kubo
Producer","Jouji Shimura : Director, Shirou Hamaguchi : Music, Sayuri Ichiishi : Character Design, Katsunori Kubo : Producer"
Touhou Niji Sousaku Doujin Anime: Musou Kakyou, Touhou Niji Sousaku Doujin Anime: A Summer Day's Dream,OVA  ,4.0,,,"Fantasy, Mystery, Japanese Mythology, Magic, Based on a Doujinshi, Based on a Video Game",3.47,2008.0,2021.0,"""In the Hakurei shrine warehouse the not so helpful, klutzy, Ibuki Suika and shrine maiden Hakurei Reimu are the only ones working on the preparations for the upcoming festival. Suika is then sent off to do the shopping, when Reimu notices the disappearance of the shrine's donation box. Journalist Shameimaru Aya who suddenly shows up, suggests the box may indeed have been stolen - strangely enough since it is always empty. Aya goes into detective mode, quickly summoning mage Kirisame Marisa, who is supposed to help find the missing box. As it turns out many other things have mysteriously disappeared the night before. Much work still lies ahead of Reimu... and who or what is the shadowy figure among the trees near the shrine?""",,"Touhou Sangetsusei: Eastern and Little Nature Deity, Touhou Sangetsusei: Strange and Bright Nature Deity, Touhou Gumonshiki: Memorizable Gensokyo, Touhou Bougetsushou: Silent Sinner in Blue, Touhou Bougetsushou: Tsuki no Inaba to Chijou no Inaba, Touhou Bougetsushou: Cage in Lunatic Runagate (Light Novel), Touhou Sangetsusei: Oriental Sacred Place, Touhou Ibara Kasen: Wild and Horned Hermit., Touhou Sangetsusei: Visionary Fairies in Shrine.","Anime Tenchou x Touhou Project, Touhou Gensou Mangekyou: The Memories of Phantasm, Touhou Niji Sousaku Doujin Anime: Musou Kakyou Special, Hifuu Katsudou Kiroku: The Sealed Esoteric History","Marisa Kirisame : Miyuki Sawashiro, Reimu Hakurei : Mai Nakahara, Alice Margatroid, Aya Shameimaru : Ayumi Furuyama, Patchouli Knowledge : Mikako Takahashi, Reisen Udongein Inaba : Sayuri Yahagi, Remilia Scarlet : Ayumi Tsuji, Sakuya Izayoi : Rie Tanaka, Zun
Original Character Design & Original Creator, Tokine
Director & Animation Director & Art Director & Music & Screenplay & Storyboard, Akira
Color Design","Zun : Original Character Design & Original Creator, Tokine : Director & Animation Director & Art Director & Music & Screenplay & Storyboard, Akira : Color Design"
Himitsu: The Revelation,,TV   ,26.0,MADHOUSE,Spring,"Drama, Mystery, Sci Fi, Shoujo, Detectives, Dream World, Psychological, Based on a Manga, Mature Themes",3.47,2008.0,,"""In the present, murders are solved not by investigations, but by memories. Using the removed brain of a victim, the members of Forensic Investigation Office Section Nine examine the person's last thoughts to determine a suspect and motive in the case. Many oppose the violation of their loved ones' private and personal memories; but what they don't understand is that behind the scenes, even the investigators themselves are often conflicted with their deeds. Aoki Ikko is one such man who struggles to overcome his own mental doubts about his profession, while trying his best to take down those responsible for the crimes.""",Mature Themes,Himitsu,,"Ikko Aoki : Daisuke Namikawa, Tsuyoshi Maki : Tomokazu Seki, Michiru Sendo : Eri Sendai, Nanako Amachi : Ai Nonaka, Okabe Yasufumi : Kousuke Meguro, Takashi Soga : Kenji Hamada, Chief Tashiro : Ryusuke Oobayashi, Kyouko Satonaka : Mamiko Noto, Reiko Shimizu
Original Creator, Hiroshi Aoyama
Director, Yoshihisa Hirano
Music, Kyuuma Ooshita
Character Design, Manabu Tamura
Producer, Toshio Nakatani
Producer, Yousuke Kasahara
Producer, Shigenori Kageyama
Storyboard","Reiko Shimizu : Original Creator, Hiroshi Aoyama : Director, Yoshihisa Hirano : Music, Kyuuma Ooshita : Character Design, Manabu Tamura : Producer, Toshio Nakatani : Producer, Yousuke Kasahara : Producer, Shigenori Kageyama : Storyboard"
Sugar Bunnies Chocolate!,,TV   ,26.0,Ashi Productions,Spring,"Fantasy, Family Friendly, Sanrio Characters",3.47,2008.0,,'Second season of Sugar Bunnies.',,,"Sugar Bunnies, Sugar Bunnies: Taisetsu na Tomodachi e..., Sugar Bunnies Fleur, Sugar Bunnies Fleur Specials, Sugar Bunnies Chocolate! Specials","Hiroshi Kugimiya
Director",Hiroshi Kugimiya : Director
Wellber no Monogatari: Sisters of Wellber Zwei, Sisters of Wellber Zwei,TV   ,13.0,Trans Arts,Winter,"Adventure, Fantasy, Medieval, Political, Original Work",3.47,2008.0,,"""After a treaty has been signed to prevent war, Tina and Princess Rita started traveling again. This time, it is to find the murderer of Tina's family and village when she was a child to have her revenge.""",,,Wellber no Monogatari: Sisters of Wellber,"Galahad Eiger : Daisuke Namikawa, Rita Sior : Mikako Takahashi, Tina Lothar : Junko Takeuchi, Gyrano De Borgerac : Choo, Roden Sior : Tomokazu Sugita, Sherri : Eri Sendai, Caesar : Yoshihisa Kawahara, Carina Sior : Hirono Matsubara, Takayuki Hamana
Director & Episode Director & Storyboard, Akio Dobashi
Music","Takayuki Hamana : Director & Episode Director & Storyboard, Akio Dobashi : Music"
Ikkitousen: Great Guardians,,TV   ,12.0,ARMS,Summer,"Action, Ecchi, Seinen, Hand to Hand Combat, Martial Arts, Panty Shots, Romance of the Three Kingdoms, Based on a Manga, Nudity,, Violence",3.47,2008.0,,"""With the threat of the Demon King thwarted, the three warring academies of Kanto are enjoying an unusual state of peace. Having secured their alliance with Seito academy, Hakufu, Koukin, and Ryomou are now free to spend their time earning money to participate in upcoming tournaments. That is, until the surprising appearance of an old foe, the emergence of a new ally, and the revelation of an old friend's identity threaten to turn the schools against one another again.""","Nudity,, Violence",Battle Vixens,"Ikkitousen, Ikkitousen: Dragon Destiny, Ikkitousen: Dragon Destiny: Hot Springs Grand Final Battle, Ikkitousen: Great Guardians: Battle Tour Club, Sexy Cosplay, Ikkitousen: Xtreme Xecutor, Ikkitousen: Xtreme Xecutor Specials, Ikkitousen: Shuugaku Toushi Keppuuroku, Ikkitousen: Extravaganza Epoch, Ikkitousen: Western Wolves, Shin Ikkitousen","Chuubou Sonken : Yui Horie, Hakufu Sonsaku : Masumi Asano, Housen Ryofu : Akeno Watanabe, Koukin Shuuyu : Satoshi Hino, Shimei Ryomou : Yuko Kaida, Unchou Kan'U : Hitomi Nabatame, Ekitoku Chouhi : Minori Chihara, Genpou Saji : Kouji Yusa, Yuuji Shiozaki
Original Creator, Kouichi Oohata
Director, Yasuharu Takanashi
Music, Rin-Sin
Character Design, Shigemi Ikeda
Art Director, Shinsaku Tanaka
Producer, Hisato Usui
Producer, Takurou Hatakeyama
Producer","Yuuji Shiozaki : Original Creator, Kouichi Oohata : Director, Yasuharu Takanashi : Music, Rin-Sin : Character Design, Shigemi Ikeda : Art Director, Shinsaku Tanaka : Producer, Hisato Usui : Producer, Takurou Hatakeyama : Producer"
Mameshiba,,Other,,,,"Comedy, Animal Protagonists, Dogs, Episodic, Food and Beverage, Food Protagonists, Non-Human Protagonists, Short Episodes, Original Work",3.47,2008.0,2013.0,"'Mameshiba are mysterious creatures that are not quite beans nor Shiba dogs, but something in between.'",,4-Koma Mameshiba Gakuen,"Mameshiba: Mamerry Christmas, Mame-Mofu Collab Animation, Mameshiba the DVD Green Pea-shiba no Kutsujoku, Mameshiba: Sakamichi Korokoro-hen, Mameshiba: Kansatsu-hen, Kinako Movie x Mameshiba, Babyshiba, Mameshiba Theme Song, InaDan Movie x Mameshiba Collab CM, Mameshiba x Kyary Pamyu Pamyu, Tanahashi Hiroshi x Mameshiba Pro Wrestling, Bic Contact x Mameshiba, R100 x Mameshiba Original Manners, Gintama x Mameshiba, Henna Omamesan, Mameshiba x Gaist Crusher, Mameshiba Gakuen, Mameshiba: 5-Shuunen Party-hen, The Irregular at Magic High School x Mameshiba, 4 Shuunen Monst? Shiru ka yo!, Mameshiba x Tunes!, Laughing Under the Clouds x Mameshiba, Mr. Osomatsu x Mameshiba, Hametarou, ""Kiss Dekiru Gyoza"" x Mameshiba Movie, Fairy Tail x Mameshiba, Mameshiba: Music Clip, Mameshiba x The Seven Deadly Sins, Inochi Sketch x Mameshiba, Mameshiba: Mamerry Christmas 2020, Babyshiba: Fruits Debut CM, Oni Girl!! x Mameshiba, Gintama: The Final x Mameshiba, Mameshiba Halloween, Mameshiba no Ouchi de Tanoshimu Mame Chishiki, Mameshiba 2nd Season","Edamame, Black Bean, Cashew Nut, Coffee Bean, Jelly Bean, Natto, Peanut, Red Bean",
Ryoko's Case File, Yakushiji Ryoko no Kaiki Jikenbo,TV   ,13.0,Doga Kobo,Summer,"Action, Detectives, Police, Supernatural, Based on a Light Novel",3.47,2008.0,,"""Ryoko Yakushiji is the gifted and beautiful Superintendent of the Tokyo Metropolitan Police; no matter what the problem – science gone wrong or supernatural monsters – it seems there is nothing she cannot solve. With her new partner, the mild mannered Junichiro Izumida, she sets about tackling some of Tokyo's most terrible crimes. However, as Izumida quickly discovers, Ryoko's talent comes with a big ego and some strange personal baggage; cleaning up the streets of Tokyo becomes not just a matter of finding the bad guys, but trying to survive Ryoko's attitude problem as well!""",,"Ryoko's Case File (Light Novel), Ryoko's Case File",,"Jun'Ichirou Izumida : Hidenobu Kiuchi, Ryoko Yakushiji : Hitomi Nabatame, Akira Kishimoto : Kenji Nojima, Kazuma Nonagase : Daisuke Hirakawa, Lucienne : Christelle Ciari, Marianne : Satomi Satou, Ruriko Isurugi : Sumi Shimamoto, Yukiko Muromachi : Houko Kuwashima, Tarou Iwasaki
Director, Hiroyuki Kawasaki
Screenplay & Series Composition, Junichirou Taniguchi
Character Design, Ryota Furukawa
Key Animator","Tarou Iwasaki : Director, Hiroyuki Kawasaki : Screenplay & Series Composition, Junichirou Taniguchi : Character Design, Ryota Furukawa : Key Animator"
Mouryou no Hako,,TV   ,13.0,MADHOUSE,Fall ,"Drama, Horror, Mystery, Detectives, Noir, Supernatural, Based on a Novel",3.46,2008.0,,"'Between August and October, 1952, a series of unusual crimes takes place in Musashino and Mitaka: the attempted murder of 14-year-old Kanako Yuzuki, Kanako\'s abduction from the strange research ""hospital"" where she was recovering, then abductions of other girls, followed by their severed limbs in custom-fitted boxes being placed in surrounding towns. News editor Morihiko Toriguchi and crime fiction writer Tatsumi Sekiguchi investigate with the help of onmyōji Akihiko Chūzenji.'",,"The Summer of the Ubume (Novel), Mouryou no Hako, Hyakki Tsurezure-Bukuro, Kyoukotsu no Yume, Ubume no Natsu, Jorougumo no Kotowari, Tesso no Ori",Mouryou no Hako: Hako no Yuurei no Koto,"Akihiko Chuzenji : Hiroaki Hirata, Kanako Yuzuki : Haruka Tomatsu, Reijiro Enokizu : Toshiyuki Morikawa, Shutaro Kiba : Takaaki Seki, Tatsumi Sekiguchi : Hidenobu Kiuchi, Yoriko Kusumoto : Mikako Takahashi, Morihiko Toriguchi : Daisuke Namikawa, Mysterious Man : Tooru Furuya, Natsuhiko Kyougoku
Original Creator, Clamp
Original Character Design, Ryousuke Nakamura
Director & Episode Director & Key Animator & Op Director & Storyboard, Shuusei Murai
Music, Asako Nishida
Character Design, Manabu Tamura
Producer, Toshio Nakatani
Producer, Yuuta Yamazaki
Key Animator","Natsuhiko Kyougoku : Original Creator, Clamp : Original Character Design, Ryousuke Nakamura : Director & Episode Director & Key Animator & Op Director & Storyboard, Shuusei Murai : Music, Asako Nishida : Character Design, Manabu Tamura : Producer, Toshio Nakatani : Producer, Yuuta Yamazaki : Key Animator"
Kirepapa.,,OVA  ,2.0,Prime Time,,"BL, Comedy, Romance, Shounen-ai, Age Gap, LGBT Themes, Single Parent, Writers, Based on a Manga, Explicit Sex,, Mature Themes,, Sexual Abuse",3.46,2008.0,2009.0,"""Chisato Takatsukasa would like to think he's a normal concerned parent. His attractive son, Riju, has many male friends and Chisato is certain that they all want nothing more than to take advantage of him - and thus he concocts schemes to scare away each and every one of them. However, there's one man who doesn't seem to get the hint: Shunsuke Sakaki, Riju's best friend who is secretly in love with Chisato. Through a series of encounters Chisato comes to realize he has feelings for Shunsuke as well, but what about Riju and his feelings?""","Explicit Sex,, Mature Themes,, Sexual Abuse",Kirepapa.,,"Chisato Takatsukasa : Hikaru Midorikawa, Riju Takatsukasa : Kouki Miyata, Shunsuke Sakaki : Takahiro Sakurai, Chihiro Takatsukasa : Toshiyuki Morikawa, Kakeru Nijou : Junichi Suwabe, Shin Funaba : Tomokazu Sugita, Chidori Takatsukasa : Wataru Hatano, Chitose Takatsukasa : Tokuyoshi Kawashima, Ryo Takagi
Original Creator, Shuuhei Tamura
Character Design, Shuuhei Tanaka
Character Design, Yuuichi Ishizu
Producer","Ryo Takagi : Original Creator, Shuuhei Tamura : Character Design, Shuuhei Tanaka : Character Design, Yuuichi Ishizu : Producer"
Kamen Rider Den-O: Imagin Anime 2,,DVD S,,,,"Comedy, Sci Fi, Chibi",3.46,2008.0,,'No synopsis yet - check back soon!',,Kamen Rider Buster,"Kamen Rider Den-O: Imagin Anime, Kamen Rider Den-O: Imagin Anime 3","Deneb, Kintaros, Momotaros, Ryuutaros, Sieg, Urataros",
Zombie-Loan Specials,,DVD S,,XEBEC M2,,"Action, Drama, Horror, Shounen, Supernatural, Based on a Manga",3.45,2008.0,,'No synopsis yet - check back soon!',,Zombie-Loan,Zombie-Loan,"Chika Akatsuki, Michiru Kita, Shito Tachibana, Bekko, Carmella, Hakka, Koume, Koyomi Yoimachi, Peach-Pit
Original Creator, Akira Nishimori
Director, Hiroyuki Sawano
Music, Chiharu Satou
Character Design","Peach-Pit : Original Creator, Akira Nishimori : Director, Hiroyuki Sawano : Music, Chiharu Satou : Character Design"
Cobra The Animation: The Psychogun,,OVA  ,4.0,Magic Bus,,"Action, Adventure, Ecchi, Sci Fi, Shounen, Aliens, Cyborgs, Space Pirates, Based on a Manga",3.45,2008.0,2009.0,"""For Cobra, a space pirate wanted across the galaxy for his infamous deeds, life has always been one narrow escape after another. But events take an exceptional turn when what should have been a straightforward heist once again gets him embroiled in the schemes of the evil Pirate Guild. This time the Guild is after Professor Utopia More, a woman whose research on some very strange sea creatures just uncovered the secrets of the universe. With the Guild no doubt wanting that power for their evil purposes, Cobra sees no recourse but to help a damsel in distress and finally get revenge on some old enemies. In the end, giant fish, mollusks, and saving the universe are all in a day's work for the man they call Psychogun.""",,"Cobra, Cobra: The Psychogun, Cobra: Galaxy Nights, Cobra: Time Drive, Cobra: Blue Rose, Cobra: Magic Doll","Space Adventure Cobra Pilot, Space Adventure Cobra Movie, Space Adventure Cobra, Cobra The Animation: Time Drive, Cobra The Animation","Cobra : Nachi Nozawa, Utopia More : Mabuki Andou, Cliff Bold : Shunsuke Sakuya, Crystal Boy : Hiroki Touchi, Duck : Noboru Yamaguchi, Gypsy Doc : Shunsuke Sakuya, Kai : Masao Komaya, Lady Armaroid : Yoshiko Sakakibara, Buichi Terasawa
Director & Original Creator, Kenichi Maejima
Director, Yoshihiro Ike
Music, Keizou Shimizu
Character Design, Shichirou Kobayashi
Art Director, Masashi Ikeda
Producer, Mariko Kusuhara
Producer, Harumi Suzuki
Producer","Buichi Terasawa : Director & Original Creator, Kenichi Maejima : Director, Yoshihiro Ike : Music, Keizou Shimizu : Character Design, Shichirou Kobayashi : Art Director, Masashi Ikeda : Producer, Mariko Kusuhara : Producer, Harumi Suzuki : Producer"
Noramimi,,TV   ,12.0,TMS Entertainment,Winter,"Comedy, Seinen, Based on a Manga",3.44,2008.0,,"""A world where mascots aren't just marketing tools. Families contact mascot agencies, to find a suitable one for their children. This story focuses on one such agency, which has its very own mascot: Noramimi, the syrup-stirring Kaminari Kozo (Lightning Kid).""",,Noramimi,Noramimi 2,"Noramimi : Nanae Katou, Cinnamon : Eri Kitamura, Dottari : Chie Koujiro, Kapayuki : Nobuhiko Okamoto, Naomi Ginkakuji : Eri Nakao, Narrator : Kazato Tomizawa, Sarashina : Tomoe Hanba, Shigeru : Hiro Shimono, Kazuo Hara
Original Creator, Yoshitaka Koyama
Director, Kou Nakagawa
Music, Toshihiko Masuda
Character Design, Yoshihiro Iwasa
Producer, Yuusuke Kubo
Producer, Yuuji Yanase
Episode Director & Storyboard","Kazuo Hara : Original Creator, Yoshitaka Koyama : Director, Kou Nakagawa : Music, Toshihiko Masuda : Character Design, Yoshihiro Iwasa : Producer, Yuusuke Kubo : Producer, Yuuji Yanase : Episode Director & Storyboard"
Antique Bakery, Seiyou Kottou Yougashiten: Antique,TV   ,12.0,Nippon Animation,Summer,"BL, Comedy, Drama, Shoujo, Shounen-ai, Adult Couples, Baking, Childhood Friends, Coworkers, Food and Beverage, LGBT Themes, Mature Romance, noitaminA, Restaurants, Work Life, Based on a Manga",3.44,2008.0,,"""Tachibana has recently quit his job at a high-class firm, and for unknown reasons, decides to open a bakery. His first employee is Ono, an extremely talented patissier who is also known as the 'Gay of demonic charm' - something that has caused him to lose his job countless times. Joining the crew also is Eiji - a retired champion boxer - who is hired on the spot as only a trainee purely because he is not Ono's 'type.' However, Chikage, the bumbling childhood friend and shadow of Tachibana, is exactly his type! Now, with the shop finally open, everyone seems to be filling their positions well; but one question remains: what were Tachibana's motives for opening the bakery, and does it have a link to his troubled and forgotten past?""",,Antique Bakery,,"Chikage Kobayakawa : Eiji Hanawa, Eiji Kanda : Mamoru Miyano, Keiichirou Tachibana : Asami Sanada, Yusuke Ono : Shinichirou Miki, Atsushi : Kishou Taniyama, Ayako Hosoda : Yukiko Takaguchi, Haruka Nakatsu : Yukiko Takaguchi, Itou : Umeka Shouji, Fumi Yoshinaga
Original Creator, Yoshiaki Okumura
Director, Takefumi Haketa
Music, Akio Uchino
Character Design, Hiroyuki Hayase
Sound Director, Masato Jouno
Producer, Tomio Yamauchi
Episode Director","Fumi Yoshinaga : Original Creator, Yoshiaki Okumura : Director, Takefumi Haketa : Music, Akio Uchino : Character Design, Hiroyuki Hayase : Sound Director, Masato Jouno : Producer, Tomio Yamauchi : Episode Director"
To Heart 2 AD OVA, To Heart 2 AD,OVA  ,2.0,Chaos Project,,"Ecchi, Harem, Romance, Panty Shots, Based on an Eroge, Based on a Visual Novel",3.44,2008.0,,"'Takaki is back, but with a troublesome problem: he has amnesia! His friends don’t hesitate to take advantage of the situation, trying to convince Takaki of a variety of things: he’s the lover of Manaka, the servant of Yuma-san, and owes Kouji money?! With confusion in his heart, Takaki passes from girl to girl as they try to claim him for their own; and together, the gang tries to help Takaki remain as happy as possible during this difficult time. However, soon Takaki will figure out what happened to make him lose his memory, and it seems to involve Tamaki…'",,"To Heart, To Heart: Remember My Memories, To Heart 2: Colorful Note, To Heart 2, To Heart 2: After School Diary - 4-koma MAXIMUM, To Heart 2 SD: Seitokai Days, To Heart 2: Another Days","To Heart Specials, To Heart, To Heart: Remember My Memories, To Heart 2: Special Compilation, To Heart 2, To Heart ~Remember My Memories~ Specials, To Heart 2 OVA, To Heart 2 AD Plus, To Heart 2 AD Next, To Heart 2: Dungeon Travelers","Takaaki Kouno, Tamaki Kousaka : Shizuka Itou, Yuma Tonami, Yuuji Kousaka, Harumi Kouno, Ilfa, Konomi Yuzuhara, Lucy Maria Misora : Rio Natsuki, Yasuhisa Katou
Director & Character Design, Masahide Yanagisawa
Character Design, Kenichirou Katsura
Character Design, Yuutarou Mochizuki
Producer","Yasuhisa Katou : Director & Character Design, Masahide Yanagisawa : Character Design, Kenichirou Katsura : Character Design, Yuutarou Mochizuki : Producer"
Soul Eater: Late Night Show,,Other,,Bones,,"Comedy, Fantasy, Shounen, Demons, Shinigami, Short Episodes, Based on a Manga",3.44,2008.0,2009.0,'No synopsis yet - check back soon!',,"Soul Eater, Soul Eater Not!",Soul Eater,,
Scarecrowman,,TV   ,26.0,TMS Entertainment,Summer,"Fantasy, Family Friendly, CG Animation, Original Work",3.44,2008.0,,'The title character is a scarecrow who has stood watch in a field for twenty years — until he wakes up one morning after a lightning storm. He ends up helping the daughter of a scarecrow shop owner and becoming friends with her.',,,,"Alice : Atsuko Enomoto, Horn Head : Ayumi Beppu, Scarecrowman : Hirofumi Nojima, Alan : Mitsuhiro Sakamaki, Alice'S Grandfather : Kiyoshi Kawakubo, Alice'S Grandmother : Toshiko Fujita, Alice'S Mother : Kaori Mine, Bearbear : Sanae Kobayashi, Yoshio Takeuchi
Director, Kouichirou Kameyama
Music","Yoshio Takeuchi : Director, Kouichirou Kameyama : Music"
Keroro Gunsou: Mushakero Ohirome Sengoku Ranstar Dai Battle, Sgt. Frog: Mushakero Ohirome Sengoku Ranstar Dai Battle,Other,,Sunrise,,"Action, Feudal Japan, Samurai",3.44,2008.0,,'No synopsis yet - check back soon!',,,Keroro Gunsou Movie 3: Tenkuu Daikessen de Arimasu!,,
It's a Rumic World: 50th Anniversary Weekly★Shonen Sunday,"Alt titles: It's a Rumic World, Rumic World",Other,,,,"Comedy, Crossover",3.43,2008.0,,'No synopsis yet - check back soon!',,,,"Ataru Moroboshi, Inuyasha : Kappei Yamaguchi, Kagome Higurashi, Lum, Ranma Saotome : Kappei Yamaguchi, Rumiko Takahashi
Original Creator",Rumiko Takahashi : Original Creator
Kimikiss Pure Rouge: Love Fighter,,DVD S,,J.C.Staff,,"Drama, Romance, School Life, Based on a Visual Novel",3.43,2008.0,,'No synopsis yet - check back soon!',,"Kimikiss, Kimikiss: Sweet Lips, Kimikiss: Lyrical Contact, Kimikiss: After Days",Kimikiss Pure Rouge,"Megumi Kuryuu : Mai Nakahara, Megumi Kuryuu, Akira Hiiragi : Jun Fukuyama, Kazuki Aihara : Takahiro Mizushima, Kouichi Sanada : Satoshi Hino, Mitsuki Shijyo : Mamiko Noto, Yuumi Hoshino : Ami Koshimizu, Asuka Sakino : Ryou Hirohashi, Kenichi Kasai
Director, Masaru Yokoyama
Music, Masumi Itou
Music, Kazunori Iwakura
Character Design","Kenichi Kasai : Director, Masaru Yokoyama : Music, Masumi Itou : Music, Kazunori Iwakura : Character Design"
Hakken Taiken Daisuki! Shimajirou,,TV   ,101.0,St. Signpost,Spring,"Comedy, Fantasy, Slice of Life, Animal Protagonists, Anthropomorphic, Family Friendly, Non-Human Protagonists",3.43,2008.0,2010.0,'No synopsis yet - check back soon!',,,"Shima Shima Tora no Shimajirou, Shimajirou Hesoka, Shimajirou no Wow!, Shimajirou to Tanjoubi no Ohoshi-sama, Shimajirou to Fufu no Daibouken Movie: Sukue! Nana-iro no Hana, Shimajirou to Kujira no Uta, Shimajirou to Ookinaki, Shimajirou to Otsuki-sama no Himitsu, Shimajirou to Ehon no Kuni, Shimajirou to Niji no Oasis, Shimajirou: Mahou no Shima no Daibouken, Shimajirou to Nagareboshi no Negaigoto, Shimajirou to Ururu no Hero Land","Mimirin Midorihara, Ramurin Makiba, Shimajirou Shimano, Torippii Sorano",
Tatakae! Dokan-kun: Gekitou-kun,,TV   ,13.0,DLE,Winter,"Comedy, Short Episodes, Flash Animation, Original Work",3.42,2008.0,,'No synopsis yet - check back soon!',,,"Dennou Senshi Dokan-kun, Susume! Dokan-kun, Tatakae! Dokan-kun: Robolympic-hen, Tobidase! Dokan-kun","Frogman
Director, Manzo
Music","Frogman : Director, Manzo : Music"
Candy Boy,,Web  ,7.0,AIC,Spring,"GL, Romance, Shoujo-ai, Slice of Life, Cohabitation, LGBT Themes, Love Triangle, Siblings, Sister Complex, Original Work, Incest,, Mature Themes",3.42,2008.0,2009.0,"'Yukino and Kanade are twin sisters who now share a room at their new school in Tokyo. Ever since they were little, the pair has been exceptionally close – perhaps even a bit too close for siblings when eyes are turned away. But soon a girl named Sakuya, who often tails the two, begins to grow closer to Yukino; and after an alleged confession that she hears about, Kanade begins to get worried that something is going on behind her back. Can the three of the girls keep their relationships with each other on stable ground, or will jealousy and heartache come crashing down on them?'","Incest,, Mature Themes","Candy Boy: Young Girls Fall in Love!, Candy Boy","Candy Boy Episode 0, Candy Boy EX01, Candy Boy EX02","Kanade Sakurai : Hitomi Nabatame, Yukino Sakurai : Ryouka Yuzuki, Sakuya Kamiyama : Emiri Katou, Shizuku Sakurai : Yuu Kobayashi, Female Student A : Tomo Adachi, Female Student B : Shiho Hisajima, Takafumi Hoshikawa
Director, Takashi Habe
Character Design","Takafumi Hoshikawa : Director, Takashi Habe : Character Design"
Neo Angelique Abyss,,TV   ,13.0,Yumeta Company,Spring,"Fantasy, Shoujo, Based on an Otome Game, Based on a Visual Novel",3.42,2008.0,,"""The fantasy world of Arcadia is in peril: fierce monsters known as Thanatos are sucking the life from humans, and only men known as Purifiers can vanquish them. Angelique is a young girl who attends Melrose Girls Academy and thought her life was normal, until the dashing Nyx told her that she has hidden powers within. After a brutal attack by a Thanatos, Angelique finds she is able to help in the battle and heal those who have been sucked dry; her powers are real, and she discovers she is in fact the Queen's Egg - the only female Purifier. With the help of allies such as shoot-em-up Rayne, the happy traveler J.D. and Silver Knight Hyuga, Angelique will learn about her powers and help put a stop to the Thanatos.""",,"Angelique, Neo Angelique","Angelique, Neo Angelique Abyss: Second Age","Angelique : Aya Endou, Hyuga : Daisuke Ono, J.D. : Masaya Onosaka, Nyx : Tooru Ookawa, Rayne : Hiroki Takahashi, Bernard : Daisuke Hirakawa, Erenfried : Miyu Irino, Jet : Yuuichi Nakamura, Shin Katagai
Director, Masumi Itou
Music, Kairi Yura
Character Design, Maki Fujioka
Character Design, Shinji Horikiri
Producer, Satoshi Yamaguchi
Producer, Takuto Kumagai
Producer, Wataru Senoo
Producer","Shin Katagai : Director, Masumi Itou : Music, Kairi Yura : Character Design, Maki Fujioka : Character Design, Shinji Horikiri : Producer, Satoshi Yamaguchi : Producer, Takuto Kumagai : Producer, Wataru Senoo : Producer"
Noramimi 2,,TV   ,12.0,TMS Entertainment,Fall ,"Comedy, Seinen, Based on a Manga",3.41,2008.0,,'Second season\xa0of Noramimi.',,Noramimi,Noramimi,"Noramimi, Cinnamon, Dottari, Naomi Ginkakuji, Sarashina, Tomagome, Toshio Handa, Kazuo Hara
Original Creator, Yoshitaka Koyama
Director, Kou Nakagawa
Music, Toshihiko Masuda
Character Design, Yoshihiro Iwasa
Producer, Yuusuke Kubo
Producer, Yuuji Yanase
Episode Director & Storyboard","Kazuo Hara : Original Creator, Yoshitaka Koyama : Director, Kou Nakagawa : Music, Toshihiko Masuda : Character Design, Yoshihiro Iwasa : Producer, Yuusuke Kubo : Producer, Yuuji Yanase : Episode Director & Storyboard"
Pretty Cure All Stars: GoGo Dream Live!, Chou Tanpen Pretty Cure All Stars: Go Go Dream Live!,Other,,Toei Animation,,"Magical Girl, Crossover, Henshin Heroes, Magic, Shorts",3.41,2008.0,,'No synopsis yet - check back soon!',,"Futari wa Precure, Futari wa Pretty Cure: Splash Star, Eiga: Futari wa Pretty Cure Splash Star - Chikutaku Kiki Ippatsu!, Kirakira Precure à la Mode","Pretty Cure Max Heart, Pretty Cure Splash Star, Yes! Pretty Cure 5 GoGo!","Hikari Kujou : Rie Tanaka, Honoka Yukishiro : Yukana, Karen Minazuki : Ai Maeda, Komachi Akimoto : Ai Nagano, Kurumi Mimino : Eri Sendai, Mai Mishou : Atsuko Enomoto, Nagisa Misumi : Youko Honna, Nozomi Yumehara : Yuuko Sanpei",
Amatsuki,,TV   ,13.0,Studio DEEN,Spring,"Action, Fantasy, Josei, Feudal Japan, Japanese Mythology, Person in a Strange World, Samurai, Virtual Reality, Youkai, Based on a Manga",3.41,2008.0,,"'When Tokidoki Rikugou donned a pair of virtual reality glasses and entered a Bakumatsu-era exhibit at a museum, he had no idea that his life would drastically change. While walking across a bridge in the fabricated reality, Tokidoki ran across a small being and a monster called a nue - and he was promptly attacked. His eye was damaged, but more importantly, Tokidoki discovered that he was now stuck inside the ""virtual reality"" filled with samurai and spirits. Now, with the help of Kuchiha, a warrior woman possessed by a dog spirit; and Shinonome, a fellow student who has been stuck, just like Tokidoki, for the past two years, Tokidoki must search for the truth behind the nue and try to find a way home.'",,Amatsuki,,"Kuchiha : Romi Park, Tokidoki Rikugo : Jun Fukuyama, Bonten : Junichi Suwabe, Heihachi : Kenji Nojima, Kon Shinonome : Kouji Yusa, Shamon : Jouji Nakata, Tsuyukusa : Showtaro Morikubo, Yakou : Eri Kitamura, Shinobu Takayama
Original Creator, Kazuhiro Furuhashi
Director, Mari Fukuhara
Music, Shinobu Tagashira
Character Design, Hiroyuki Oomori
Producer, Takema Okamura
Producer, Yuuko Kon
Producer, Eiji Fukuyama
Key Animator","Shinobu Takayama : Original Creator, Kazuhiro Furuhashi : Director, Mari Fukuhara : Music, Shinobu Tagashira : Character Design, Hiroyuki Oomori : Producer, Takema Okamura : Producer, Yuuko Kon : Producer, Eiji Fukuyama : Key Animator"
Tatakae! Dokan-kun: Robolympic-hen,,TV   ,13.0,DLE,Spring,"Comedy, Short Episodes, Flash Animation, Original Work",3.41,2008.0,,'No synopsis yet - check back soon!',,,"Dennou Senshi Dokan-kun, Susume! Dokan-kun, Tatakae! Dokan-kun: Gekitou-kun, Tobidase! Dokan-kun","Frogman
Director, Manzo
Music","Frogman : Director, Manzo : Music"
Magician's Academy, Macademi Wasshoi!,TV   ,12.0,Zexcs,Fall ,"Action, Comedy, Ecchi, Magic, Panty Shots, Based on a Light Novel",3.41,2008.0,,"""In another reality protected by a sentient portal lies the Magician's Academy – a facility for learning about the magical arts and the power of summoning. Takuto Hasegawa is one such student who must balance his life on Earth with his life at the Academy. His life was relatively normal until one day, he summoned a naked creature who he dubs Tanarotte, and who subsequently becomes his servant. Takuto must now care for this busty beauty, but it won't be easy – representatives of both the god and demon realms want to put a stop to Tanarotte's existence, for once she chooses to become a god or demon she will throw off the balance of power between the two kingdoms. Now, Takuto finds himself in the middle of a variety of ecchi and cleavage-heavy situations as he tries to continue his studies, while slowly and inadvertently acquiring more scantily-clad women that he must watch over.""",,"Magician's Academy (Light Novel), Macademi Radical (Light Novel), Magician's Academy (BLADE), Magician's Academy, Macademix (Light Novel)",,"Suzuho Hasegawa : Ui Miyazaki, Takuto Hasegawa : Ami Koshimizu, Tanarotte Unthirteen : Mariya Ise, Agaliarept : Junichi Suwabe, Eineus : Ayako Kawasumi, Eitarou Sakuma : Takuma Terashima, Falce : Yukari Fukui, Gabriel : Miyu Matsuki, Takaomi Kanasaki
Director, Tomoki Hasegawa
Music, Takaharu Ookuma
Character Design, Yoshikazu Iwanami
Sound Director, Tomoko Kawasaki
Producer, Toshiaki Asaka
Producer, Kenta Suzuki
Producer, Michiyoshi Koyama
Producer","Takaomi Kanasaki : Director, Tomoki Hasegawa : Music, Takaharu Ookuma : Character Design, Yoshikazu Iwanami : Sound Director, Tomoko Kawasaki : Producer, Toshiaki Asaka : Producer, Kenta Suzuki : Producer, Michiyoshi Koyama : Producer"
Switch,,OVA  ,2.0,Actas,,"Action, Shounen, Crime, Police, Based on a Manga, Drug Use,, Mature Themes",3.41,2008.0,2009.0,"'Two newbies at the Narcotic Control Department in Japan, Haru and Kai, struggle against: drug dealers, gangs, murderers, psychopaths, mysterious organizations, and mad people in general. The gentle and caring one of the group, Kai, who has problems of his own, has the tendancy of turning into a lethal killing machine in certain scenarios. The way he acts changes like that of a ""switch"". As the two do their job, answers of what is behind Kai\'s strange behavior and who exactly he is, is revealed.'","Drug Use,, Mature Themes",Switch,,"Hal Kurabayashi : Takahiro Sakurai, Kai Eto : Jun Fukuyama, Akito Kagura, Shouhei Kuzuya, Keigo Kajiyama, Masami Ibu, Masataka Hiki, Naked Ape
Original Creator, Takeshi Itou
Character Design, Yoshikazu Iwanami
Sound Director","Naked Ape : Original Creator, Takeshi Itou : Character Design, Yoshikazu Iwanami : Sound Director"
Shin Ninja Tamamaru,,TV   ,26.0,,,"Comedy, Family Friendly, Ninja, Short Episodes",3.41,2008.0,2009.0,'No synopsis yet - check back soon!',,,"Ninja Tamamaru, Ninja Tamamaru: Toukaidou Gojuusan-ji, Ninja Tamamaru: Rule wo Mamotte Koutsuu Anzen! no Maki",,
Kurozuka,,TV   ,12.0,MADHOUSE,Fall ,"Action, Horror, Romance, Sci Fi, Dystopia, Feudal Japan, Post-apocalyptic, Samurai, Swordplay, Based on a Novel, Explicit Violence",3.4,2008.0,,"""In feudal Japan, Kurou and his servant Benkei are fleeing from Kurou's elder brother, who has recently ascended to the throne. In a forest, they come across a house and a strange woman by the name of Kuromitsu, who agrees to harbor them under one condition: that they do not peer into the inner chambers. Soon, they are attacked by the Red Army; they are searching for Kuromitsu, whose blood holds immortality. Fatally wounded, Kurou drinks some of Kuromitsu's blood and gains immortality along with strange abilities; but shortly after, Kurou is seemingly decapitated and wakes up centuries later in a ruined city. In this twisted future the Red Army is omnipresent and still searching for Kuromitsu’s blood, while a rebel army seeks to keep them from acquiring it. With threats at every turn and fueled by his obsession, Kurou sets forth to find Kuromitsu and seek his revenge on the Red Army.""",Explicit Violence,Kurozuka,,"Kuro : Mamoru Miyano, Benkei : Jouji Nakata, Hasegawa : Tooru Ookawa, Karuta : Keiji Fujiwara, Kuon : Miyu Irino, Kuromitsu : Romi Park, Rai : Houko Kuwashima, Arashiyama : Shinichirou Miki, Tetsurou Araki
Director, Kiyoshi Yoshida
Music, Masanori Shino
Character Design, Taro Morishima
Producer, Jimmy Stone
Key Animator","Tetsurou Araki : Director, Kiyoshi Yoshida : Music, Masanori Shino : Character Design, Taro Morishima : Producer, Jimmy Stone : Key Animator"
Blade of the Immortal, Mugen no Juunin,TV   ,13.0,BEE TRAIN,Summer,"Action, Seinen, Feudal Japan, Swordplay, Based on a Manga, Violence",3.4,2008.0,,"'Manji, a recently-turned immortal swordsman, has sworn to kill a thousand villains to counterbalance the merciless and indiscriminate slaughter that ended with the death of his sister. To this end, he decides to travel with Rin, a young girl who reminds him of the sister he failed. She has sworn to take vengeance on the Itto-ryu, specifically their leader Anotsu; for the Itto-ryu are group of elite swordsmen who killed her parents and raped her mother in front of her. However; being immortal doesn’t guarantee victory: Manji’s skill and immortality will be tested to their limits...'",Violence,"Blade of the Immortal, Blade of the Immortal: Legend of the Sword Demon (Light Novel)",Blade of the Immortal (2019),"Manji : Tomokazu Seki, Rin Asano : Rina Satou, Araya Kawakami : Daisuke Namikawa, Giichi : Toshiyuki Morikawa, Hyakurin : Megumi Toyoguchi, Kagehisa Anotsu : Hirofumi Nojima, Kagimura Habaki : Takayuki Sugou, Kuroi Sabato : Masashi Ebara, Hiroaki Samura
Original Creator, Kouichi Mashimo
Director, Hiroyuki Kawasaki
Series Composition, Kow Otani
Music, Yoshimitsu Yamashita
Character Design, Yoshimi Umino
Art Director, Katsuji Morishita
Producer, Takuya Matsushita
Producer","Hiroaki Samura : Original Creator, Kouichi Mashimo : Director, Hiroyuki Kawasaki : Series Composition, Kow Otani : Music, Yoshimitsu Yamashita : Character Design, Yoshimi Umino : Art Director, Katsuji Morishita : Producer, Takuya Matsushita : Producer"
Yozakura Quartet,,TV   ,12.0,Nomad,Fall ,"Action, Shounen, Supernatural, Superpowers, Based on a Manga",3.4,2008.0,,"'In the town of Sakurashin, demons and humans live together in harmony; and to help transition its new members, the Youkai Life Consultation Office provides support and guidance. Its members contain mind reading, cat-eared Ao, strong and beautiful Hime, conjurer Kotoha, and Akina - a human with the ability to vanquish the souls of harmful demons. Together, the quartet will help the town stay safe and try to keep the peace between humans, demons, and those who would harm them.'",,Yozakura Quartet,"Yozakura Quartet: Hoshi no Umi, Yozakura Quartet: Tsuki ni Naku, Yozakura Quartet: Yoza-Quar!, Yozakura Quartet: Hana no Uta","Akina Hiizumi : Yuuki Kaji, Ao Nanami : Saki Fujita, Hime Yarisakura : Misato Fukuen, Kotoha Isone : Miyuki Sawashiro, Enjin Hiizumi : Tomokazu Seki, Kyousuke Kishi : Daisuke Ono, Mariabelle : Rie Tanaka, Rin Azuma : Ai Matayoshi, Suzuhito Yasuda
Original Creator, Kou Matsuo
Director, Akio Dobashi
Music, Satonobu Kikuchi
Character Design, Shinichi Nakamura
Producer, Junichirou Tanaka
Producer, Kozue Kaneniwa
Producer, Kensuke Tateishi
Producer","Suzuhito Yasuda : Original Creator, Kou Matsuo : Director, Akio Dobashi : Music, Satonobu Kikuchi : Character Design, Shinichi Nakamura : Producer, Junichirou Tanaka : Producer, Kozue Kaneniwa : Producer, Kensuke Tateishi : Producer"
"Kamen no Maid Guy: This Summer, Plenty of Breasts"," Kamen no Maid Guy: Ano Natsu, Ichiban Yutaka na Chichi.",OVA  ,1.0,MADHOUSE,,"Comedy, Ecchi, Shounen, Island, Based on a Manga, Nudity",3.4,2008.0,,"'Summer has arrived\xa0and Naeka and Kousuke’s grandfather has lent the pair his summerhouse.\xa0However, as\xa0they enjoy a relaxing vacation with their friends on their own private island, a strange old man calling himself Urashima Taro interrupts their fun and removes Naeka’s bikini top! Though she initially chases him off, later that night the perverted old man returns to harass the girls in the bath. But is this Urashima Taro really the man from the legend, and what exactly does he want with Naeka?'",Nudity,Kamen no Maid Guy,Kamen no Maid Guy,"Eiko Izumi : Emiri Katou, Kousuke Fujiwara : Daisuke Sakaguchi, Miwa Hirano : Yuu Kobayashi, Naeka Fujiwara : Yuka Iguchi, Fubuki : Megumi Toyoguchi, Kogarashi : Rikiya Koyama, Taro Urashima : Shiro Saito, Turtle, Maruboro Akai
Original Creator",Maruboro Akai : Original Creator
Giga Tribe,,TV   ,39.0,,,"Korean Animation, Superpowers",3.39,2008.0,2009.0,'No synopsis yet - check back soon!',,,,Gang Tu-Ji,
Tytania,,TV   ,26.0,Artland,Fall ,"Sci Fi, Outer Space, Political, Space Opera, Based on a Light Novel",3.39,2008.0,2009.0,"'Humanity has stretched its reach into space and has settled onto a number of planets. For the past several hundred years, though, most of man’s territory has been politically and militarily dominated by the Tytania clan. However, their grip of power begins to shake when an admiral from Euria, Fan Hulic, preposterously manages to win a battle against an armada commanded by a Tytanian duke. Now wanted by Tytania, Fan Hulic flees from one planet to another. His travels will lead him to many places and many people, all of whom finally have hope that the hated Tytania can finally be defeated.'",,,,"Fan Hyulick : Katsuyuki Konishi, Idrice Tytania : Hiroyuki Yoshino, Jusran Tytania : Daisuke Kishio, Zarlish Tytania :  Taketora, Ajuman Tytania : Kenta Miyake, Alan Mahdi : Takashi Oohara, Alses Tytania : Takeshi Kusao, Ariabert Tytania : Takashi Kondou, Kouji Itou
Chief Director, Noboru Ishiguro
Director, Hiroshi Takaki
Music, Noboru Sugimitsu
Character Design, Eizou Kondou
Producer, Yukio Kikukawa
Producer, Satoshi Matsui
Producer, Kensaku Yamanaka
Producer","Kouji Itou : Chief Director, Noboru Ishiguro : Director, Hiroshi Takaki : Music, Noboru Sugimitsu : Character Design, Eizou Kondou : Producer, Yukio Kikukawa : Producer, Satoshi Matsui : Producer, Kensaku Yamanaka : Producer"
Uchi no 3 Shimai,,TV   ,102.0,Toei Animation,Spring,"Comedy, Slice of Life, Family Friendly, Family Life",3.39,2008.0,2010.0,'No synopsis yet - check back soon!',,,Uchi no 3 Shimai Movie,"Chi : Taeko Kawata, Father : Kouji Tsujitani, Fu : Ikue Ootani, Mother : Chika Fujimura, Su : Mika Kanai, Mopsi : Chiyako Shibahara, Hiroyuki Takei
Music, Shigeru Nishiyama
Editor","Hiroyuki Takei : Music, Shigeru Nishiyama : Editor"
Ninja Tamamaru,,TV   ,26.0,,,"Comedy, Family Friendly, Ninja, Short Episodes",3.38,2008.0,,'No synopsis yet - check back soon!',,,"Shin Ninja Tamamaru, Ninja Tamamaru: Toukaidou Gojuusan-ji, Ninja Tamamaru: Rule wo Mamotte Koutsuu Anzen! no Maki, Ninja Tamamaru no Hi no Youjin",Tamamaru,
Zoku Attacker You! Kin Medal e no Michi, New Attacker You!,TV   ,52.0,Knack,,"Romance, Shoujo, Sports, Volleyball, Based on a Manga",3.38,2008.0,,"'Young and ambitious girls strive to do their very best to become NO.1 team in the sport world of volleyball. Outside the court, they face the problem of termination if they don’t win along with family, love and friendship dilemmas.'",,Attacker You!,Attacker You!,,
Linebarrels of Iron, Kurogane no Linebarrels,TV   ,24.0,GONZO,Fall ,"Action, Mecha, Sci Fi, Shounen, Based on a Manga",3.38,2008.0,2009.0,"""AD 2019: the giant mecha known as LINEBARREL falls to Earth, grabbing the attention of the anti-machina organization JUDA. Before JUDA can arrive on the scene, an unfortunate accident occurs: LINEBARREL crashes into Kouichi Hayase, a weak and frail pushover of a boy. Waking up underneath a beautiful naked woman, Kouichi discovers that he now possesses great power and can summon LINEBARREL for his own purposes. All Kouichi has wanted is to become a hero of justice and hold his own, instead his childhood friends Yajima and Risako fighting his battles for him – and now he finally has that chance. With LINEBARREL's power, Kouichi becomes cocky and aggressive, lashing out at those he cares about most; and as a 'hero of justice', Kouichi must find his new place in the world and protect himself from two organizations who want their hands on LINEBARREL.""",,Kurogane no Linebarrels,"Linebarrels of Iron Picture Drama, Linebarrels of Iron Specials","Emi Kizaki : Mamiko Noto, Kouichi Hayase : Tetsuya Kakihara, Hideaki Yajima : Gou Shinomiya, Hisataka Katou : Jun Fukuyama, Izuna Endo : Rie Kugimiya, Kunio Ishigami : Jouji Nakata, Makoto Domyoji : Jun Konno, Masaki Sugawara : Susumu Chiba, Tomohiro Shimoguchi
Original Creator, Eiichi Shimizu
Original Creator, Masamitsu Hidaka
Director, Conisch
Music, Hisashi Hirai
Character Design, Takeo Ogiwara
Photography Director, Shigemi Ikeda
Art Director, Masaru Nagai
Producer","Tomohiro Shimoguchi : Original Creator, Eiichi Shimizu : Original Creator, Masamitsu Hidaka : Director, Conisch : Music, Hisashi Hirai : Character Design, Takeo Ogiwara : Photography Director, Shigemi Ikeda : Art Director, Masaru Nagai : Producer"
Maple Story Special,,DVD S,,MADHOUSE,,"Adventure, Fantasy, Based on a Video Game",3.37,2008.0,,'No synopsis yet - check back soon!',,,Maple Story,"Al, Kino, Nina",
Agigongryong Doolie (2009),,TV   ,26.0,,,"Dinosaurs, Korean Animation",3.37,2008.0,2009.0,'No synopsis yet - check back soon!',,,,,
Kanokon,,TV   ,12.0,XEBEC,Spring,"Ecchi, Romance, Animal Characteristics, Non-Human Protagonists, Panty Shots, School Life, Sudden Girlfriend Appearance, Supernatural, Based on a Light Novel, Sexual Content",3.37,2008.0,,"'The timid, virginal Kouta is a new student at Kunpo High School; and while others in his situation might be a wallflower forever, Kouta has no such luck – he has attracted the attention of the busty Chizuru, who happens to be a fox deity! However, Kouta’s misfortunes don’t stop there; he’s also pursued by Nozomu, a wolf deity. Between being molested, propositioned, having his face shoved between mammoth breasts or witnessing endless panty shots, Kouta must also attempt to maintain his studies – even though all Chizuru and Nozomu want is to be the one to deflower him first!'",Sexual Content,"Kanokon (Light Novel), Kanokon","Kanokon Specials, Kanokon: The Girl Who Cried Fox, Kanokon: The Girl Who Cried Fox Specials","Chizuru Minamoto : Ayako Kawasumi, Kouta Oyamada : Mamiko Noto, Ai Nanao : Tamaki Nakanishi, Akane Asahina : Chiwa Saitou, Kiriko Takana : Ui Miyazaki, Minori Mitama : Kumiko Nishihara, Mio Osakabe : Yui Itsuki, Nozomu Ezomori : Miyu Takeuchi, Atsushi Ootsuki
Director, Tsuyoshi Ito
Music, Akio Takami
Character Design, Takatoshi Chino
Producer, Tatsuhiro Nitta
Producer, Yasuhiro Mikami
Producer, Yuuichi Matsunaga
Producer, Michiko Koyanagi
Producer","Atsushi Ootsuki : Director, Tsuyoshi Ito : Music, Akio Takami : Character Design, Takatoshi Chino : Producer, Tatsuhiro Nitta : Producer, Yasuhiro Mikami : Producer, Yuuichi Matsunaga : Producer, Michiko Koyanagi : Producer"
Battle Spirits: Shounen Toppa Version,,TV   ,50.0,Sunrise,Fall ,"Adventure, Proxy Battles, Based on a Card Game",3.37,2008.0,2009.0,'No synopsis yet - check back soon!',,Battle Spirits: Sword Eyes,"Battle Spirits: Shounen Gekiha Dan, Battle Spirits: Brave, Battle Spirits: Heroes, Battle Spirits: Sword Eyes, Battle Spirits: Saikyou Ginga Ultimate Zero, Battle Spirits: Sword Eyes Gekitouden, Battle Spirits: Burning Soul, Battle Spirits: Double Drive","Fumiko Otonashi : Akemi Kanda, Juli Sawaragi : Kaya Miyake, Kakeru Nohara : Ryosuke Sakamaki, Kyouji Kawatou : Riki Kitazawa, Suiren : Ayahi Takagaki, Toppa Bashin : Mutsumi Tamura, Baito : Anri Katsu, Kyouka Sawaragi : Maya Nishimura, Mitsuru Hongo
Director, Dai Satou
Series Composition, Kow Otani
Music, Miho Shimogasa
Character Design","Mitsuru Hongo : Director, Dai Satou : Series Composition, Kow Otani : Music, Miho Shimogasa : Character Design"
Akane-Iro ni Somaru Saka,,TV   ,12.0,TNK,Fall ,"Comedy, Ecchi, Harem, Romance, Arranged Marriage, Based on an Eroge, Based on a Visual Novel",3.36,2008.0,,"""When Junichi 'Gene Killer' Nagase saved the beautiful and wealthy Yuuhi Katagiri from bullies one day, he had no idea that he'd actually assisted his would-be wife! For what Junichi didn't know is that he and Yuuhi's fathers decided they would be wed, and Yuuhi has arrived in his town to decide if her betrothed is good enough for the job. After a humiliating and unwanted first kiss, Yuuhi moves in with Junichi to evaluate his worth; and thus, Junichi's life is changed forever. With embarrassing situations at every turn and a bride-to-be that thinks he's uncivilized and brash, what's a guy to do?""",,Akane-Iro ni Somaru Saka,Akane-Iro ni Somaru Saka Hardcore,"Jun'Ichi Nagase : Wataru Hatano, Minato Nagase : Aya Hirano, Yuuhi Katagiri : Rie Kugimiya, Fuyuhiko Nishino : Akira Ishida, Karen Ayanokouji : Emiri Katou, Mikoto Tachibana : Erino Hazuki, Mitsuki Shiina : Rie Tanaka, Nagomi Shiraishi : Ryou Hirohashi, Keitarou Motonaga
Director, Kenichirou Suehiro
Music, Kumi Horii
Character Design, Madoka Hirayama
Character Design, Makoto Itou
Producer, Katsumi Koike
Producer, Masanori Gotou
Producer, Tetsuko Kotani
Producer","Keitarou Motonaga : Director, Kenichirou Suehiro : Music, Kumi Horii : Character Design, Madoka Hirayama : Character Design, Makoto Itou : Producer, Katsumi Koike : Producer, Masanori Gotou : Producer, Tetsuko Kotani : Producer"
Tokyo Punch!,,Other,,,,"Comedy, Short Episodes",3.36,2008.0,,"'Howard, a goofy English boy, discovers after moving to Tokyo for his working holidays, that being a ""gaijin"" (foreigner) in Japan can be a quite challenging experience. For Howard, everyday brings a new challenge; nobody speaks his language, his body language is out of place, the food is weird, he cannot read any sign in the street, and high-tech devices are sometimes out of control. Howard, the main hero of the series, never seem to lose his cool despite all the mishaps...'",,,,,
Shinjuku Shin-chan Patrol: Warui Otona ni Ki wo Tsukete,,Web  ,1.0,,,"Educational, Family Friendly, Superheroes",3.36,2008.0,,'No synopsis yet - check back soon!',,,Shinjuku Shin-chan: Yoiko no Koutsuu Anzen,,
Real Drive, RD Sennou Chousashitsu,TV   ,26.0,Production I.G,Spring,"Sci Fi, Dream World, Original Work",3.36,2008.0,,"'Fifty years ago, Haru was diving in the sea as part of a scientific experiment; but something went terribly wrong, and a shockwave both decimated the area, and caused Haru to slip into a coma. In the present, Haru awakens as an old man into a vastly-changed society. People, no longer content with reality, have turned to a metaphysical reality called the Metal to fulfill their desires – and it’s up to ""cyber divers"" to save these souls when something goes wrong. With the help of the cheerful girl Minamo and the android Holon, Haru strives to become a cyber diver, discover the secrets of the Metal and ultimately discover the reason why his life has slipped away.'",,,,"Masamichi Haru, Minamo Aoi, Ayumu Fujiwara, Eiichirou Kushima, Eliza, Emi Miaya, Erica Patricia Takanami, Eugene Fujiwara, Kazuhiro Furuhashi
Director, Yoshihisa Hirano
Music, Hideki Taniuchi
Music, Tetsuro Ueyama
Character Design, George Wada
Producer, Toshio Nakatani
Producer, Yasuo Ueda
Producer, Yousuke Kasahara
Producer","Kazuhiro Furuhashi : Director, Yoshihisa Hirano : Music, Hideki Taniuchi : Music, Tetsuro Ueyama : Character Design, George Wada : Producer, Toshio Nakatani : Producer, Yasuo Ueda : Producer, Yousuke Kasahara : Producer"
Kyou no 5 no 2: Kagai Jugyou - Mizukake, Kyou no 5 no 2 Special,DVD S,,Lyrics,,"Comedy, Seinen, School Life, Based on a Manga",3.35,2008.0,,"'One hot summer day, Class 5-2\xa0heads to the school pool for gym class. As everyone prepares to leave, they go to wash their eyes, but when Ryota tries to get away without doing so, Chika soon berates him by saying that he’ll regret it later when they start to hurt. With Ryota refusing to give in, and the next class rapidly approaching, Chika and the others take it upon themselves to ensure that the stubborn boy washes his eyes, whether he likes it or not!'",,Kyou no 5 no 2,"Kyou no 5 no 2, Kyou no 5 no 2 TV, Kyou no 5 no 2 (2009)","Chika Koizumi : Mai Kadowaki, Ryota Sato : Houko Kuwashima, Kouji Imai : Megumi Yamato, Tsubasa Kawai : Ayahi Takagaki, Yuki Asano : Mikako Takahashi, Kazumi Aihara : Mamiko Noto, Coharu Sakuraba
Original Creator",Coharu Sakuraba : Original Creator
Crayon Shin-chan Movie 16: Chou Arashi wo Yobu Kinpoko no Yuusha,,Movie,,Shin-Ei Animation,,"Comedy, Crude",3.35,2008.0,,'No synopsis yet - check back soon!',,"Crayon Shin-chan, Shin Crayon Shin-chan, Crayon Shin-chan Shin-Men, Crayon Shin-chan: Gachinko! Gyakushuu no Robot-chan","Crayon Shin-chan, Crayon Shin-chan Movie 1: Action Kamen vs Haigure Maou, Crayon Shin-chan Movie 2: Buriburi Oukoku no Hihou, Crayon Shin-chan Movie 3: Unkokusai no Yabou, Crayon Shin-chan Movie 4: Henderland no Daibouken, Crayon Shin-chan Movie 5: Ankoku Tamatama Daitsuiseki, Crayon Shin-chan Movie 6: Dengeki! Buta no Hizume Daisakusen, Crayon Shin-chan Movie 7: Bakuhatsu! Onsen Wakuwaku Daikessen, Crayon Shin-chan Movie 8: Arashi wo Yobu Jungle, Crayon Shin-chan Movie 9: The Adult Empire Strikes Back, Crayon Shin-chan Movie 10: Arashi wo Yobu Appare! Sengoku Daikassen, Crayon Shin-chan Movie 11: Arashi wo Yobu Eikou no Yakiniku Road, Crayon Shin-chan Movie 12: Arashi wo Yobu! Yuuhi no Kasukabe Boys, Crayon Shin-chan Movie 13: Densetsu wo Yobu Buriburi 3 Pun Dai Shingeki, Crayon Shin-chan Movie 14: Densetsu wo Yobu Odore! Amigo!, Crayon Shin-chan Movie 15: Arashi wo Yobu Utau Ketsu dake Bakudan!, Crayon Shin-chan Movie 17: Otakebe! Kasukabe Yasei Oukoku, Crayon Shin-chan Movie 18: Chou Jikuu! Arashi wo Yobu Ora no Hanayome, Crayon Shin-chan Movie 19: Arashi wo Yobu Ougon no Spy Daisakusen, Crayon Shin-chan Movie 20: Arashi o Yobu! Ora to Uchuu no Princess, Crayon Shin-chan Movie 21: Bakauma! B-Kyuu Gourmet Survival Battle!!, Crayon Shin-chan Movie 22: Gachinko! Gyakushuu no Robo To-chan, Crayon Shin-chan Movie 23: Ora no Hikkoshi Monogatari - Saboten Dai Shuugeki, Crayon Shin-chan Movie 24: Bakusui! Yumemi World Dai Totsugeki, Crayon Shin-chan Movie 25: Shurai! Uchujin Shiriri, Crayon Shin-chan Movie 26: Bakumori! Kung-Fu Boys - Ramen Tairan, Crayon Shin-chan Movie 27: Shinkon Ryokou Hurricane - Ushinawareta Hiroshi, Crayon Shin-chan Movie 28: Gekitotsu! Rakuga Kingdom to Hobo Yonin no Yuusha, Crayon Shin-chan Movie 29: Nazo Meki! Hana no Tenkasu Gakuen","Hiroshi Nohara : Keiji Fujiwara, Misae Nohara : Miki Narahashi, Shinnosuke Nohara : Akiko Yajima, Action Kamen : Tesshou Genda, Bo : Chie Satou, Bunta Takakura : Rokuro Naya, Himawari Nohara : Satomi Koorogi, Masao Sato : Mie Suzuki, Yoshito Usui
Original Creator, Mitsuru Hongo
Director, Minoru Maruo
Music, Toshiyuki Arakawa
Music, Kei Wakakusa
Music, Yuuichirou Sueyoshi
Character Design, Katsunori Hara
Character Design, Naomi Nishiguchi
Producer","Yoshito Usui : Original Creator, Mitsuru Hongo : Director, Minoru Maruo : Music, Toshiyuki Arakawa : Music, Kei Wakakusa : Music, Yuuichirou Sueyoshi : Character Design, Katsunori Hara : Character Design, Naomi Nishiguchi : Producer"
Chaos;HEAd,,TV   ,12.0,MADHOUSE,Fall ,"Mystery, Psychological, Supernatural, Thriller, Based on a Visual Novel, Violence",3.35,2008.0,,"'Takumi is a reclusive otaku who wants nothing more than to be left alone to play online games and watch anime. He only attends the minimum necessary to pass his classes, and rarely leaves\xa0his cramped room\xa0except to purchase the newest figurines. One evening, while Takumi is chatting online with his friend ""Grim,"" a stranger called ""Shogun"" joins the channel and, after ""Grim"" leaves, posts a series of disturbing photographs depicting a man impaled to a wall with metal stakes. The following day, Takumi is horrified when he wanders into an alley and once again sees Shogun’s images – but this time, the gruesome scene is reality. From then on, Takumi sees the world through a new set of eyes; imaginary delusions meld with reality, and he isn\'t sure who he can trust. With suspicions and confusion at every turn, Takumi must struggle to determine what\'s going on - but most importantly, whose eyes are those eyes?'",Violence,"Chaos;HEAd, Chaos;HEAd: Blue Complex, Chaos;HEAd H, Robotics;Notes, Chaos;Child, Chaos;Child: Children's Collapse","Chaos;Child: Chaos;HEAd, Chaos;Child","Ayase Kishimoto : Yui Sakakibara, Kozue Orihara : Ayumi Tsuji, Nanami Nishijo : Ui Miyazaki, Rimi Sakihata : Eri Kitamura, Sena Aoi : Hitomi Nabatame, Takumi Nishijo : Hiroyuki Yoshino, Yua Kusunoki : Chiaki Takahashi, Genichi Norose : Kenta Miyake, Takaaki Ishiyama
Director & Ed Director & Episode Director & Op Director & Storyboard, Tokyo
Music, Hidekazu Shimamura
Character Design, Fuminori Hara
Producer, Yasuo Ueda
Producer, Hiroaki Tsunoda
Producer, Michiko Koyanagi
Producer, Yuusuke Numagi
Producer","Takaaki Ishiyama : Director & Ed Director & Episode Director & Op Director & Storyboard, Tokyo : Music, Hidekazu Shimamura : Character Design, Fuminori Hara : Producer, Yasuo Ueda : Producer, Hiroaki Tsunoda : Producer, Michiko Koyanagi : Producer, Yuusuke Numagi : Producer"
Hakaba Kitarou,,TV   ,11.0,Toei Animation,Winter,"Comedy, Horror, Slice of Life, Japanese Mythology, Monsters, noitaminA, Supernatural, Youkai",3.35,2008.0,,"'When the last two remaining members of the Ghost Tribe died, they left with them Kitarou - a one-eyed ghoulish child with a sinister cackle and a penchant for the supernatural. From day to day Kitarou tries his best to fit in at school (while failing miserably), thwart the fiendish schemes of the crude and rude Rat Man, and get the attention of the lovely and kind Neko Girl. with the help of his father-turned-talking-eyeball and his nervous and confused caretaker, Kitarou must learn to be the best Ghost Tribe heir that he can be!'",,"Hakaba Kitaro, Kitaro, Gegege no Kitarou: Youkai Sen Monogatari, Gegege no Kitarou: Shin Youkai Sen Monogatari","GeGeGe no Kitarou, GeGeGe no Kitarou (1968), GeGeGe no Kitarou (1971), GeGeGe no Kitarou: Kitarou Tanjou-hen, GeGeGe no Kitarou: Chisougan, GeGeGe no Kitarou (1985), GeGeGe no Kitarou Movie (1985), GeGeGe no Kitarou: Youkai Daisensou, GeGeGe no Kitarou: Saikyou Youkai Gundan! Nihon Jouriku!!, GeGeGe no Kitarou: Gekitotsu!! Ijigen Youkai no Daihanran, GeGeGe no Kitarou: Jigoku-hen, GeGeGe no Kitarou (1996), GeGeGe no Kitarou: Daikaijuu, GeGeGe no Kitarou: Obake Nighter, GeGeGe no Kitarou: Youkai Tokkyuu! Maboroshi no Kisha, GeGeGe no Kitarou: Kitarou no Yuurei Densha, GeGeGe no Kitarou (2007), GeGeGe no Kitarou: Youkai Japan Rally 3D, GeGeGe no Kitarou: Nippon Bakuretsu!!, GeGeGe no Kitarou (2018)","Kitarou : Masako Nozawa, Medama Oyaji : Isamu Tanonaka, Fake Kitaro : Kazue Ikura, Neko : Shouko Nakagawa, Nezumi Otoko : Chikao Ohtsuka, Shigeru Mizuki : Tooru Ookawa, Kitarou'S Mother : Reiko Suzuki, Mononoke : Kozo Shioya, Kimitoshi Chioka
Director, Kaoru Wada
Music, Naoyoshi Yamamuro
Character Design, Yoshiyuki Ikezawa
Producer, Atsuya Takase
Producer, Atsutoshi Umezawa
Producer, Mitsuo Shindou
Key Animator","Kimitoshi Chioka : Director, Kaoru Wada : Music, Naoyoshi Yamamuro : Character Design, Yoshiyuki Ikezawa : Producer, Atsuya Takase : Producer, Atsutoshi Umezawa : Producer, Mitsuo Shindou : Key Animator"
Zhu Zhu Xia: Yong Chuang Weilai Cheng, GG Bond Season 3: Adventure in the Future,TV   ,40.0,,,"Sports, Animal Protagonists, Anthropomorphic, Chinese Animation, Family Friendly, Non-Human Protagonists, Pigs, CG Animation",3.34,2008.0,,"""This time, GG Bond is sent to 2080 to find a world divided, where the poor live on a lower, polluted level. He finds that his primary school, Parents' Hope School, is about to be taken over by a competitor, Super Technology School. To defend against this, he must win sports competitions to raise funds.""",,,"Zhu Zhu Xia: Da Nao Huang Gong, Zhu Zhu Xia: Mo Huan Zhu Luo Ji, Zhu Zhu Xia: Wu Xia 2008, Bai Bian Zhu Zhu Xia, Zhu Zhu Xia: Jimu Shijie De Tong Hua, Zhu Zhu Xia: Xingfu Jiuyuan Dui, Zhu Zhu Xia Movie 1: Jiong Jiong Wei Ji, Zhu Zhu Xia: Bian Shen Xiao Ying Xiong, Zhu Zhu Xia: Bian Shen Zhandu, Zhu Zhu Xia Movie 2: Yong Chuang Juren Dao, Zhu Zhu Xia: Bai Bian Lian Meng, Zhu Zhu Xia Movie 3: Zhong Ji Jue Zhan, Zhu Zhu Xia Movie 3: Zhong Ji Jue Zhan - Qian Ye Pian, Zhu Zhu Xia: Wu Ling Shou Wei Zhe, Zhu Zhu Xia: Guang Ming Shou Wei Zhe, Zhu Zhu Xia: Meng Xiang Shou Wei Zhe, Zhu Zhu Xia: Fan Wai - Pin Zhuang Tegong Dui, Zhu Zhu Xia Movie 4: Ying Xiong Zhu Shao Nian, Zhu Zhu Xia: Chao Xing Meng Chong, Zhu Zhu Xia: Jing Qiu Xiao Yingxiong, Zhu Zhu Xia: Konglong Riji, Zhu Zhu Xia Movie 5: Bukesiyi de Shijie, Zhu Zhu Xia: Jing Su Xiao Yingxiong",,
Tales of Symphonia the Animation: Sylvarant Episode - Kaette Kita Kratos Sensei no Private Lesson, Tales of Symphonia the Animation: Sylvarant-hen - Kaette Kita Kratos Sensei no Private Lesson,DVD S,,ufotable,,"Comedy, Fantasy, Based on a Video Game",3.34,2008.0,,'No synopsis yet - check back soon!',,"Tales of Symphonia, Tales of Symphonia BC Anthology Collection, Tales of Symphonia: Extra Load, Tales of Symphonia: Ratatosk no Kishi - Onshuu no Richter, Tales of Symphonia: Shokuzai no Kratos (Light Novel)","Tales of Symphonia the Animation: Sylvarant Episode, Tales of Symphonia the Animation: Sylvarant Episode - Kratos Sensei no Private Lesson","Lloyd Irving : Katsuyuki Konishi, Zelos Wilder : Masaya Onosaka, Colette Brunel, Genis Sage, Kratos Aurion, Raine Sage, Sheena Fujibayashi",
Our Home's Fox Deity Specials, Wagaya no Oinari-sama: Kuu-chan no Omake Gekijou,DVD S,,Zexcs,,"Comedy, Fantasy, Animal Characteristics, Japanese Mythology, Based on a Light Novel",3.34,2008.0,2009.0,'No synopsis yet - check back soon!',,"Wagaya no Oinari-sama. (Light Novel), Wagaya no Oinari-sama.",Our Home's Fox Deity,"Kou, Kuugen Tenko, Misaki Sakura, Noboru Takagami, Toru Takagami, Ebisu, Jin Shibamura
Original Creator, Yasuharu Takanashi
Music, Yasunari Nitta
Character Design","Jin Shibamura : Original Creator, Yasuharu Takanashi : Music, Yasunari Nitta : Character Design"
Bernard Mission Impossible, Backkom Mission Impossible,Other,,,,"Comedy, Animal Protagonists, Bears, Family Friendly, Korean Animation, Non-Human Protagonists, Parody, Short Episodes, CG Animation",3.34,2008.0,,'No synopsis yet - check back soon!',,,,Bernard Bear,
Candy Boy EX01,,DVD S,,AIC,,"GL, Shoujo-ai, Slice of Life, Siblings, Sister Complex",3.33,2008.0,,"'Twins Yukino and Kanade have just arrived in Tokyo ready to head to their new dorm, but their new lodgings are not quite what they were anticipating. While Yuki seems pleased with the convenience of having a grocery store downstairs and is trying to stay positive, her sister is proving far more difficult to please. Concerned at the lack of security and the tiny living quarters, Kana can’t seem to raise any enthusiasm for their new life, so in an attempt\xa0to cheer her up, Yuki decides to take her beloved sister on a walk around the city.'",,"Candy Boy: Young Girls Fall in Love!, Candy Boy","Candy Boy Episode 0, Candy Boy, Candy Boy EX02","Kanade Sakurai : Hitomi Nabatame, Yukino Sakurai : Ryouka Yuzuki, Shizuku Sakurai : Yuu Kobayashi",
"Ikkitousen: Great Guardians: Battle Tour Club, Sexy Cosplay",,DVD S,,ARMS,,"Ecchi, Hand to Hand Combat, Panty Shots, Nudity",3.33,2008.0,2009.0,"'Sitting around a table, Hakufu, Ryofu, Kakouen, Ryomou, Kan’U, Gentoku and Shiryuu take turns participating in a super sexy cosplay competition. From clumsy Hakufu spilling milk over herself in a short maid outfit to Ryofu seducing Ryomou during a medical examination, these girls prove that any situation can be made more pleasurable with skin-tight, skimpy outfits. However, unfortunately for Koukin, Kan’U and Kakouen get a little carried away and what was once pure ecchi pleasure soon becomes a ball-gagged nightmare for the boy!'",Nudity,Battle Vixens,"Ikkitousen, Ikkitousen: Dragon Destiny, Ikkitousen: Dragon Destiny: Hot Springs Grand Final Battle, Ikkitousen: Great Guardians, Ikkitousen: Xtreme Xecutor, Ikkitousen: Xtreme Xecutor Specials, Ikkitousen: Shuugaku Toushi Keppuuroku, Ikkitousen: Extravaganza Epoch","Hakufu Sonsaku : Masumi Asano, Myousai Kakouen : Eri Kitamura, Shimei Ryomou : Yuko Kaida, Shiryuu Chouun : Yuu Asakawa, Unchou Kan'U : Hitomi Nabatame, Chuubou Sonken : Yui Horie, Gentoku Ryuubi : Kei Shindou, Goei : Kikuko Inoue, Yuuji Shiozaki
Original Creator",Yuuji Shiozaki : Original Creator
Bikkuriman Kids: Theme Fighter Nyander,,Other,,,,"Family Friendly, Promotional, Short Episodes",3.33,2008.0,,'No synopsis yet - check back soon!',,,,,
Koihime Musou,,TV   ,12.0,Doga Kobo,Summer,"Adventure, Ecchi, Ancient China, Martial Arts, Romance of the Three Kingdoms, Based on an Eroge, Based on a Visual Novel",3.32,2008.0,,"'Rumors tell of a black-haired beauty that roams the land, taking down bandits that would harm the weak and innocent. Named Kan’u, the well-endowed warrior travels the land with her new friend Chouhi and a varied cast of companions, from the kind Koumei to the egotistical Sonshoukou and beyond. Together, the gang takes odd jobs, engage in political struggles and find plenty of new adventures along the way!'",,"Koihime Musou: Doki Otome darake no Sangokushi Engi, Shin Koihime Musou: Otome Ryouran Sangokushi Engi, Shin Koihime Musou: Moeshouden - Otome Mankan Zenseki","Koihime Musou: Koihime Flash, Koihime Musou OVA, Shin Koihime Musou, Shin Koihime Musou: Live Revolution, Shin Koihime Musou OVA Omake, Shin Koihime Musou: Otome Tairan, Shin Koihime Musou: Rival Warlords Vacation on a Tropical Island - There Will Also Be Tentacles!, Shin Koihime Musou: Otome Tairan OVA, Shin Koihime Musou: Otome Tairan OVA Omake","Chouhi Yokutoku : Hiroka Nishizawa, Chouun Shiryuu : Emi Motoi, Kan'U Unchou : Nami Kurokawa, Shokatsuryou Koumei : Erika Narumi, Sonshoukou : Hitomi, Bachou Mouki : Maki Kobayashi, Enshou Honsho : Masami Katou, Kakouton Genjou : Harumi Asai, Nobuaki Nakanishi
Director, Hisayuki Shimizu
Music, Tomoya Hiratsuka
Character Design, Yuuichirou Takahata
Producer, Michiko Koyanagi
Producer, Masahiro Hosoda
Storyboard","Nobuaki Nakanishi : Director, Hisayuki Shimizu : Music, Tomoya Hiratsuka : Character Design, Yuuichirou Takahata : Producer, Michiko Koyanagi : Producer, Masahiro Hosoda : Storyboard"
Vegetable Fairies N.Y.SALAD: 2nd Series, Yasai no Yousei: N.Y.Salad 2nd Series,TV   ,26.0,Spring 2008,,"Anthropomorphic, Family Friendly, Food and Beverage, Food Protagonists, Non-Human Protagonists, Short Episodes",3.32,2008.0,,'No synopsis yet - check back soon!',,,"Vegetable Fairies N.Y.SALAD, Vegetable Fairies N.Y.SALAD Movie, Vegetable Fairies N.Y.SALAD: Quiz Theater",,
Kamen Rider Den-O: Imagin Anime,,DVD S,,,,"Comedy, Sci Fi, Chibi",3.32,2008.0,,'No synopsis yet - check back soon!',,Kamen Rider Buster,"Momotaros no Natsuyasumi, Kamen Rider Den-O: Imagin Anime 2, Momotaros Kiba tte Ikuze!, Kamen Rider Den-O: Imagin Anime 3","Deneb, Kintaros, Momotaros, Ryuutaros, Sieg, Urataros",
Minna no Uta: Hana,,Music,,,,Minna no Uta,3.32,2008.0,,'No synopsis yet - check back soon!',,,,,
Convenience Store Senki Purin-tai,,Web  ,8.0,,,"Comedy, Convenience Store, Promotional, Short Episodes",3.31,2008.0,,'No synopsis yet - check back soon!',,,,,
Bus Gamer,,TV Sp,,Anpro,,"Action, Shounen, High Stakes Games, Play or Die, Based on a Manga",3.3,2008.0,,"'In the underbelly of the corporate world, a secret series of battles takes place called the Bus Game, whose participants are solicited randomly via letters in the mail. During the games, teams of three attempt to take into their possession a disk filled with corporate secrets; the winners are given increasingly high cash rewards, while the losers get nothing - or worse, they lose their lives. Toki, Kazuo and Nobu make up the ""no name"" team, and their goal is to win one billion yen each. Each has a reason to need the money and a secret, disturbing past; but with high stakes and mysterious employers, they can only hope to leave the game alive.'",,Bus Gamer,,"Kazuo Saitoh : Hiroki Takahashi, Nobuto Nakajou : Junichi Suwabe, Toki Mishiba : Kenichi Suzumura, Keiko Ichinomiya : Michiko Neya, Kiryuu : Yasushi Miyabayashi, Saitou'S Mother : Mahiru Konno, Santa : Youji Ueda, Yanagida : Mugihito, Kazuya Minekura
Original Creator, Naoyuki Kuzuya
Director, Hiroyuki Nagashima
Music, Takahisa Ichikawa
Character Design, Mika Nomura
Producer, Hiroyuki Oomori
Producer, Takema Okamura
Producer, Tomio Yamauchi
Episode Director","Kazuya Minekura : Original Creator, Naoyuki Kuzuya : Director, Hiroyuki Nagashima : Music, Takahisa Ichikawa : Character Design, Mika Nomura : Producer, Hiroyuki Oomori : Producer, Takema Okamura : Producer, Tomio Yamauchi : Episode Director"
Aresuke,,Other,,,,Short Episodes,3.3,2008.0,2018.0,'No synopsis yet - check back soon!',,,,,
Ha-P, Happy,OVA  ,1.0,,,"Drama, Melancholy, No Dialogue, Nudity",3.3,2008.0,,'No synopsis yet - check back soon!',Nudity,,,"Hiroco Ichinose
Director",Hiroco Ichinose : Director
Bleach: Jump Festa 2008 Special, Bleach Colorful!: Gotei Juusan Yatai Daisakusen!,Other,,Pierrot,,"Comedy, Supernatural, Based on a Manga",3.3,2008.0,,'No synopsis yet - check back soon!',,Bleach,Bleach,"Ichigo Kurosaki, Rukia Kuchiki, Akon, Byakuya Kuchiki, Isane Kotetsu, Izuru Kira, Kiyone Kotetsu, Kon, Tite Kubo
Original Creator",Tite Kubo : Original Creator
Fireball,,TV   ,13.0,Jinni's,Spring,"Comedy, Sci Fi, Androids, Episodic, Mansion, Non-Human Protagonists, Robots, Short Episodes, CG Animation, Original Work",3.3,2008.0,,"'The year is 48650 and in Merkur, humankind is at war with the machine race. High in their regal mansion, the quirky robots Lady Drossel Von Flugel and her servant Gedachtnis spend their time discussing the intricacies of life. From the art of letter writing and\xa0human verbal communication to the trials of owning a pet, the two show themselves to be utterly clueless. Then again, who cares when you have a robotic monkey to play with?'",,,"Fireball Special, Fireball Charming, Fireball Humorous, Gebäude=Bäude","Drossel Von Flugel : Miyuki Kawasho, Gedächtnis : Tooru Ookawa, Die Schadenfreude : Daisuke Gouri, Wataru Arakawa
Producer & Director, Yoshiyuki Usui
Music, Hitoshi Fukuchi
Character Design","Wataru Arakawa : Producer & Director, Yoshiyuki Usui : Music, Hitoshi Fukuchi : Character Design"
Soosee no Aquarion: Dai 27-wa Parallel-ban,,DVD S,,,,Chibi,3.3,2008.0,,'No synopsis yet - check back soon!',,,Aquarion,,
Little Charo,,TV   ,50.0,Spring 2008,,"Slice of Life, Animal Protagonists, Dogs, Family Friendly, Non-Human Protagonists, Short Episodes",3.29,2008.0,2009.0,'No synopsis yet - check back soon!',,,"Little Charo 2, Little Charo: Touhoku-hen, Little Charo 4: New York Again",Charo : Risa Junna,
Kuripuri*Kuripura,,Movie,,TAKUNBOX,,"Comedy, Family Friendly, Shorts, Original Work",3.29,2008.0,,'No synopsis yet - check back soon!',,,,"Taku Furukawa
Director",Taku Furukawa : Director
Earl and Fairy Specials, Hakushaku to Yousei Specials,DVD S,,Artland,,"Fantasy, Chibi, Based on a Light Novel",3.28,2008.0,2009.0,'No synopsis yet - check back soon!',,"Hakushaku to Yousei (Light Novel), The Earl and The Fairy",Earl and Fairy,"Edgar J. C. Ashenbert : Hikaru Midorikawa, Lydia Carlton : Nana Mizuki, Raven : Tomokazu Sugita, Kelpie : Takehito Koyasu, Paul Ferman : Hiroshi Kamiya, Ulysses : Mamoru Miyano, Kouichirou Soutome
Director",Kouichirou Soutome : Director
Persona: Trinity Soul,,TV   ,26.0,A-1 Pictures,Winter,"Mystery, Psychic Powers, Supernatural, Superpowers, Based on a Video Game, Drug Use,, Mature Themes",3.28,2008.0,,"'After being separated from him for ten years, Shin Kanzato and his brother Jun have moved to Ayanagi City to live with their older brother Ryou; but little do they know that a rash of mysterious murders have recently plagued the city, leaving the victims’ bodies turned inside out. Soon, Shin finds himself being attacked by a man who is able to summon a mysterious and ghostly creature; and more importantly, he realizes that he possesses the same powers. Now, with the discovery of more people like himself, Shin finds himself drawn further and further into the world of those who use ""Persona.""'","Drug Use,, Mature Themes","Persona 3, Persona 4, Persona x Tantei Naoto (Light Novel), P4U2: Persona 4 the Ultimax Ultra Suplex Hold, Persona Q: Shadow of the Labyrinth - Side:P3",,"Jun Kanzato : Miyuki Sawashiro, Ryou Kanzato : Takehito Koyasu, Shin Kanzato : Nobuhiko Okamoto, Ayane : Mamiko Noto, Eiko Nikaido : Sanae Kobayashi, Kanaru Morimoto : Mai Nakahara, Kunio Itou : Hisao Egawa, Megumi Kayano : Kana Asumi, Atsushi Matsumoto
Director, Taku Iwasaki
Music, Yuriko Ishii
Character Design, Kazuko Nakashima
Color Design, Shigeru Nishiyama
Editor, Kunitoshi Okajima
Episode Director, Ryousuke Nakamura
Op Director & Storyboard, Shin Wakabayashi
Key Animator","Atsushi Matsumoto : Director, Taku Iwasaki : Music, Yuriko Ishii : Character Design, Kazuko Nakashima : Color Design, Shigeru Nishiyama : Editor, Kunitoshi Okajima : Episode Director, Ryousuke Nakamura : Op Director & Storyboard, Shin Wakabayashi : Key Animator"
Zenryoku Usagi,,TV   ,52.0,TMS Entertainment,,"Comedy, Animal Protagonists, Anthropomorphic, Episodic, Family Friendly, Non-Human Protagonists, Rabbits, Based on a Manga",3.27,2008.0,,"""Need a job done right? Call the Zenryoku Engineering Company! Staffed by hip-hop loving boss Oyakata, aggressive Ojou, babysitter-turned-worker Minarai and a variety of other motivated rabbits, Zenryoku Engineering Company lives by a simple motto: do our very best! From finding old fossils to building a bridge to help a young rabbit find his way home, there's nothing the team can't build or handle!""",,Zenryoku Usagi,,"Minarai : Touko Aoyama, Eigyo : Kouki Miyata, Neesan : Kotono Mitsuishi, Ojyou : Kae Araki, Oyakata : Wataru Takagi, Soucho : Keikou Sakai, Micro, Kei Ikeda
Original Creator, Hideaki Miyamoto
Producer","Kei Ikeda : Original Creator, Hideaki Miyamoto : Producer"
Blassreiter,,TV   ,24.0,GONZO,Spring,"Action, Sci Fi, Demons, Europe, Germany, Motorcycles, Racing, Original Work",3.27,2008.0,,"""In the near future, demons with the ability to fuse with machinery and infest corpses have begun terrorizing mankind. Dubbed 'Amalgams', no one knows how they are created, or where their abilities originate from. As the random outbreaks continue, the general population begins to panic, demanding protection from these vicious beasts; enter XAT, a military unit created solely to counter the Amalgam threat. Despite being a highly skilled unit, however, they find themselves hard pressed to contain the threat, let alone subdue it. To compound matters further, a new type of Amalgam surfaces that proves even more devious than the rest - one made from the human, not machine. Yet all is not lost, two of these new Amalgams - the feisty Gerd and the mysterious Blue - actively oppose the others. With the odds stacked against them, will they be able to protect mankind while simultaneously being shunned by it?""",,"Blassreiter: Genetic, Blassreiter Judgment (Light Novel)",Blassreiter: Navigator,"Amanda Werner : Shizuka Itou, Hermann Saltza : Kenta Miyake, Joseph Jobson : Masaya Matsukaze, Alvin Lutz : Nobuyuki Hiyama, Beatrice Grese : Sayaka Oohara, Bradley Guilford : Yuuichi Nakamura, Gerd Frentzen : Unshou Ishizuka, Malek Werner : Junko Minagawa, Ichirou Itano
Director & Series Composition, Gen Urobuchi
Screenplay & Series Composition, Norihiko Hibino
Music, Naoyuki Onda
Animation Director & Character Design & Chief Animation Director, Koujirou Hayashi
Photography Director, Masaru Nagai
Producer, Takehiko Shimazu
Producer, Eiji Abiko
Animation Director","Ichirou Itano : Director & Series Composition, Gen Urobuchi : Screenplay & Series Composition, Norihiko Hibino : Music, Naoyuki Onda : Animation Director & Character Design & Chief Animation Director, Koujirou Hayashi : Photography Director, Masaru Nagai : Producer, Takehiko Shimazu : Producer, Eiji Abiko : Animation Director"
Oyoge! Taiyaki-kun,,Other,,,,"Animal Protagonists, Non-Human Protagonists, Shorts",3.26,2008.0,,'No synopsis yet - check back soon!',,,,,
GeGeGe no Kitarou: Nippon Bakuretsu!!, Gekijouban Gegege no Kitarou: Nippon Bakuretsu!!,Movie,,Toei Animation,,"Japanese Mythology, Supernatural, Youkai",3.26,2008.0,,'No synopsis yet - check back soon!',,"Kitaro, Gegege no Kitarou: Youkai Sen Monogatari, Gegege no Kitarou: Shin Youkai Sen Monogatari","GeGeGe no Kitarou, GeGeGe no Kitarou (1968), GeGeGe no Kitarou (1971), GeGeGe no Kitarou: Kitarou Tanjou-hen, GeGeGe no Kitarou: Chisougan, GeGeGe no Kitarou (1985), GeGeGe no Kitarou Movie (1985), GeGeGe no Kitarou: Youkai Daisensou, GeGeGe no Kitarou: Saikyou Youkai Gundan! Nihon Jouriku!!, GeGeGe no Kitarou: Gekitotsu!! Ijigen Youkai no Daihanran, GeGeGe no Kitarou: Jigoku-hen, GeGeGe no Kitarou (1996), GeGeGe no Kitarou: Daikaijuu, GeGeGe no Kitarou: Obake Nighter, GeGeGe no Kitarou: Youkai Tokkyuu! Maboroshi no Kisha, GeGeGe no Kitarou: Kitarou no Yuurei Densha, GeGeGe no Kitarou (2007), Hakaba Kitarou, GeGeGe no Kitarou: Youkai Japan Rally 3D, GeGeGe no Kitarou (2018)","Gegege No Kitarou : Minami Takayama, Hana Kazamatsuri : Sanae Kobayashi, Kagami-Jiji : Unshou Ishizuka, Maya Hibino : Tomoe Hanba, Medama Oyaji : Isamu Tanonaka, Neko Musume : Hiromi Konno, Nezumi Otoko : Wataru Takagi, Orochi-Onna : Tomoe Hanba, Shigeru Mizuki
Original Creator, Tsuyoshi Koga
Director, Kouhei Kureta
Assistant Director, Seiji Yokoyama
Music","Shigeru Mizuki : Original Creator, Tsuyoshi Koga : Director, Kouhei Kureta : Assistant Director, Seiji Yokoyama : Music"
Mach Girl,,TV   ,26.0,Studio Rong,Summer,"Comedy, Cars, Racing, Short Episodes",3.26,2008.0,,'No synopsis yet - check back soon!',,,Speed Racer,"Lip, Nuts, Jean Wayne, Koshu Inaba
Music, Suzuka Yoshida
Character Design","Koshu Inaba : Music, Suzuka Yoshida : Character Design"
The Curlydog Story,,Other,,,,"Dogs, No Dialogue, Pets",3.26,2008.0,,'No synopsis yet - check back soon!',,,,"Asami Ike
Director",Asami Ike : Director
Konchuu Ninja, Minna no Uta: Konchuu Ninja,Music,,,,"Family Friendly, Minna no Uta",3.26,2008.0,,'No synopsis yet - check back soon!',,,,,
Telepathy Shoujo Ran,,TV   ,26.0,TMS Entertainment,Spring,"Sci Fi, Psychic Powers, School Life, Supernatural, Superpowers, Based on a Novel",3.26,2008.0,,"""Ran Isozaki is a typical middle school student with a typical crush on her childhood friend Rui, and a not-so-typical ability: she has just discovered that she has the power of telepathy! Though she'd rather be finding ways to get Rui's attention, Ran finds herself in the middle of sinister supernatural situations; but she's not alone! Joining Ran is the cocky and beautiful Naha Midori, a fellow telepath who has just transferred to Ran's school. Together, Ran, Naha and Rui will experience the joys of middle school, and the perils of the supernatural!""",,"Telepathy Shoujo ""Ran""",,"Midori Naha : Kana Ueda, Ran Isozaki : Emiri Katou, Rui Ayase, Momoko Ohara, Rin Isozaki, Takizawa, Yamashita, Akari, Yoshihiro Ike
Music, Kazunori Tanahashi
Episode Director, Hideki Tonokatsu
Episode Director & Storyboard","Yoshihiro Ike : Music, Kazunori Tanahashi : Episode Director, Hideki Tonokatsu : Episode Director & Storyboard"
Dinosaur King 2nd Season, Kodai Ouja Kyouryuu King D-Kids Adventure Yokuryuu Densetsu,TV   ,30.0,Sunrise,,"Dinosaurs, Family Friendly, Based on a Video Game",3.25,2008.0,,"'Max, Rex, and Zoe are barely getting used to being without their dinosaur pals, but when a time traveling gate opens, the three must reunite with their friends to help set the passage of time back correctly.'",,Dinosaur King,Dinosaur King,"Max Taylor : Megumi Matsumoto, Rex Owen : Matsuri Mizuguchi, Zoe Drake : Tomoko Kobashi, Aki Taylor : Chiaki Kanou, Dr. Owen : Hiroshi Shirokuma, Dr. Z : Tetsuo Goto, Ed : Junichi Endo, Gunenco : Yasuhiro Mamiya, Kazuhiro Asou
Producer, Ryouki Kamitsubo
Storyboard, Masayuki Hiraoka
Animation Director, Shinichirou Kajiura
Animation Director","Kazuhiro Asou : Producer, Ryouki Kamitsubo : Storyboard, Masayuki Hiraoka : Animation Director, Shinichirou Kajiura : Animation Director"
Kanokon Specials,,DVD S,,XEBEC,,"Ecchi, Animal Characteristics, Christmas, Valentine's Day, Nudity,, Sexual Content",3.25,2008.0,,"'Kouta just cannot seem to escape from the persistent advances of his two luscious lady admirers – even when he’s asleep, Chizuru and Nozomu use their “feminine wiles” to wake the poor boy from his slumber. However, when the Kanokon girls aren’t wrapping themselves up as Christmas presents or contemplating the many perverted uses of Valentine’s chocolate, they seem content enough to parade themselves in front of the camera in various states of seduction and undress...'","Nudity,, Sexual Content","Kanokon (Light Novel), Kanokon","Kanokon, Kanokon: The Girl Who Cried Fox, Kanokon: The Girl Who Cried Fox Specials","Chizuru Minamoto : Ayako Kawasumi, Nozomu Ezomori, Akane Asahina : Chiwa Saitou, Kouta Oyamada : Mamiko Noto, Ai Nanao : Tamaki Nakanishi, Kiriko Takana, Minori Mitama, Mio Osakabe, Tsuyoshi Ito
Music, Akio Takami
Character Design","Tsuyoshi Ito : Music, Akio Takami : Character Design"
Catman Series III,,Web  ,6.0,FCC,,"Slice of Life, Abstract, Animal Protagonists, Anthropomorphic, Cats, Music, Non-Human Protagonists, Flash Animation",3.24,2008.0,,"'Catman is still as unlucky as ever, to the point where even falling from a building leads to him to become an enemy of the cheese-bearing mafia! Though his life is anything but dull\xa0due to\xa0encounters with flirtatious booze hounds\xa0and street gamblers, Catman is content to live the way he wants: moving from one drink-fueled brawl to the next.'",,,"Catman, Catman Series II, Catman Specials",,
Kite Liberator,,Movie,,ARMS,,"Action, Assassins, Panty Shots, Original Work, Explicit Violence,, Nudity",3.24,2008.0,,"'In a city where rapists and murderers prey on the innocent, the young Monaka Noguchi lives a double life; a clumsy high school student and waitress by day, she transforms into the skilled assassin Angel of Death at night. Her father is an astronaut and has always been out of reach, so Monaka must balance her studies and job, as well as support herself, while also hunting down those who deserve to die. With a cool and calm demeanor, even in the face of bloodshed, it seems that nothing can sway Monaka’s resolve; however, her newest job will prove to be most difficult, and hit a little too close to home...'","Explicit Violence,, Nudity",,Kite,"Monaka Noguchi : Marina Inoue, Azuki Noguchi : Kei Shindou, Koichi Doi : Setsuji Satou, Manatsu Mukai : Akemi Okamura, Orudo Noguchi : Rikiya Koyama, Rin Gaga : Masakazu Morita, Torokurou Amuzu : Mugihito, Kai Tsuin : Yasuhiro Fujiwara, Yasuomi Umetsu
Director & Animation Director & Character Design & Episode Director & Key Animator & Original Creator & Screenplay & Storyboard, Tomohisa Ishikawa
Music, Mariko Kusuhara
Producer, Yasuyuki Ogoshi
Producer, Youko Hayama
Producer, Takahiro Tanaka
Key Animator","Yasuomi Umetsu : Director & Animation Director & Character Design & Episode Director & Key Animator & Original Creator & Screenplay & Storyboard, Tomohisa Ishikawa : Music, Mariko Kusuhara : Producer, Yasuyuki Ogoshi : Producer, Youko Hayama : Producer, Takahiro Tanaka : Key Animator"
Neko Ramen: Ore no Shouyu Aji,,Web  ,13.0,Fall 2008,,"Comedy, Shounen, Animal Protagonists, Anthropomorphic, Cats, Food and Beverage, Non-Human Protagonists, Restaurants, Short Episodes, Work Life, Based on a 4-Koma Manga, Based on a Manga, Flash Animation",3.24,2008.0,,'Second season of Neko Ramen.',,"Neko Ramen, Neko Ramen: The Movie, Neko Ramen Monogatari: Koneko no Thomas",Neko Ramen,"Taishou, Kenji Sonishi
Original Creator",Kenji Sonishi : Original Creator
ketchup mania: Please! Marry Me!!,,Music,,,,"Action, Romance, Sci Fi",3.23,2008.0,,'No synopsis yet - check back soon!',,,,"Mitsuyuki Ishibashi
Director, Ketchup Mania
Music, Kousuke Sugimoto
Animation Director","Mitsuyuki Ishibashi : Director, Ketchup Mania : Music, Kousuke Sugimoto : Animation Director"
Bamboo Blade Specials,,DVD S,,AIC ASTA,,"Seinen, Sports, Kendo, Martial Arts, Based on a Manga",3.23,2008.0,,'No synopsis yet - check back soon!',,"Bamboo Blade, Bamboo Blade B, Bamboo Blade C",Bamboo Blade,"Masahiro Totsuka
Original Creator",Masahiro Totsuka : Original Creator
Mianhada Saranghanda,,TV Sp,,,,"Drama, Romance, Korean Animation, Based on a TV Series",3.23,2008.0,,'No synopsis yet - check back soon!',,,,,
Domo TV, Adventures with Domo,TV   ,26.0,Dwarf,,"Family Friendly, Short Episodes, Stop Motion Animation",3.23,2008.0,2009.0,'No synopsis yet - check back soon!',,,Domo-kun,"Domo, Usajii",
Kemeko Deluxe!, Kemeko DX!,TV   ,12.0,Hal Film Maker,Fall ,"Comedy, Ecchi, Shounen, Based on a Manga",3.23,2008.0,,"'Ten years ago, Senpeita Kobayashi fell in love with the girl of his dreams; she left his life, but promised that in ten years she’d see him again and become his bride. Fast forward to the present, and Senpeita is a typical student attending Akebono Academy. That is, until the wide-eyed tiny robot Kemeko crash lands in his bedroom and proclaims herself to be Senpeita’s new bride! As if things aren’t strange enough, Senpeita soon discovers that inside Kemeko is a beautiful girl – a girl who has an uncanny resemblance to his lost love! All Senpeita wants is to be a normal boy, but now he must keep himself out of the way of flying fists, raging jealousies, and battles between Kemeko and Mishina – a global corporation that has a vested and dangerous interest in Senpeita!'",,Kemeko DX!,,"Izumi Makihara : Mikako Takahashi, Kemeko : Chiwa Saitou, Mei Mishima : Haruka Tomatsu, Sanpeita Kobayashi : Eri Kitamura, Fumiko Kobayashi : Ayako Kawasumi, Jyuumonji, Kite Brian Sounds : Umeka Shouji, Misaki Hayakawa : Rie Kugimiya, Masakazu Iwasaki
Original Creator, Tsutomu Mizushima
Director, Ryuji Takagi
Music, Isao Sugimoto
Character Design, Yoshikazu Iwanami
Sound Director, Tomoyuki Saitou
Producer, Shinichi Ikeda
Producer, Kouhei Kawase
Producer","Masakazu Iwasaki : Original Creator, Tsutomu Mizushima : Director, Ryuji Takagi : Music, Isao Sugimoto : Character Design, Yoshikazu Iwanami : Sound Director, Tomoyuki Saitou : Producer, Shinichi Ikeda : Producer, Kouhei Kawase : Producer"
Ashita Aou ne, Minna no Uta: Ashita Aou ne,Music,,,,"Slice of Life, Family Friendly, Minna no Uta",3.22,2008.0,,'No synopsis yet - check back soon!',,,,,
GeGeGe no Kitarou: Youkai Japan Rally 3D,,Movie,,Toei Animation,,"Sports, Cars, Japanese Mythology, Racing, Shorts, Supernatural, Youkai, CG Animation",3.22,2008.0,,'No synopsis yet - check back soon!',,"Kitaro, Gegege no Kitarou: Youkai Sen Monogatari, Gegege no Kitarou: Shin Youkai Sen Monogatari","GeGeGe no Kitarou, GeGeGe no Kitarou (1968), GeGeGe no Kitarou (1971), GeGeGe no Kitarou: Kitarou Tanjou-hen, GeGeGe no Kitarou: Chisougan, GeGeGe no Kitarou (1985), GeGeGe no Kitarou Movie (1985), GeGeGe no Kitarou: Youkai Daisensou, GeGeGe no Kitarou: Saikyou Youkai Gundan! Nihon Jouriku!!, GeGeGe no Kitarou: Gekitotsu!! Ijigen Youkai no Daihanran, GeGeGe no Kitarou: Jigoku-hen, GeGeGe no Kitarou (1996), GeGeGe no Kitarou: Daikaijuu, GeGeGe no Kitarou: Obake Nighter, GeGeGe no Kitarou: Youkai Tokkyuu! Maboroshi no Kisha, GeGeGe no Kitarou: Kitarou no Yuurei Densha, GeGeGe no Kitarou (2007), Hakaba Kitarou, GeGeGe no Kitarou: Nippon Bakuretsu!!, GeGeGe no Kitarou (2018)","Gegege No Kitarou : Minami Takayama, Shigeru Mizuki
Original Creator",Shigeru Mizuki : Original Creator
Supercell: Black Rock Shooter,,Music,,,,"Action, Vocaloid",3.21,2008.0,,'No synopsis yet - check back soon!',,Black Rock Shooter: Innocent Soul,"Black Rock Shooter OVA, Black Rock Shooter TV, Black Rock Shooter: Dawn Fall","Black Rock Shooter, Supercell
Music",Supercell : Music
Sketchbook ~full color's~ Picture Drama,,DVD S,,Hal Film Maker,,"Comedy, Shounen, Slice of Life, Art, Picture Drama, Based on a Manga",3.21,2008.0,,'No synopsis yet - check back soon!',,Sketchbook,Sketchbook ~full color's~,"Hazuki Torikai, Kokage Kuga, Nagisa Kurihara, Natsumi Asou, Sora Kajiwara, Totan Kobako
Original Creator",Totan Kobako : Original Creator
Master of Martial Hearts Picture Drama, Zettai Shougeki: Platonic Heart Picture Drama,DVD S,,,,Picture Drama,3.21,2008.0,2009.0,'No synopsis yet - check back soon!',,,Master of Martial Hearts,"Aya Iseshima, Emi Daimonji, Ryu Getsurei, Saki Daimonji, Yuu Daimonji",
Blue Dragon: Trials of the Seven Shadows, Blue Dragon: Tenkai no Shichi Ryuu,TV   ,51.0,Pierrot,Spring,"Adventure, Fantasy, Dragons, Based on a Video Game",3.21,2008.0,2009.0,"""After their previous adventures, Shu and Bouquet joined a resistance group to fight General Rogi's invading army. They encountered a mysterious child, Noi, who has the power to revive Shu's Blue Dragon shadow, and he then saves Noi from the pursuit of a red dragon. Now Shu and his company must once more embark on a journey to discover the purpose of the dragons, undergo tests, and stop the chain of events that threatens the fate of humanity.""",,"Ral Ω Grad, Blue Dragon ST",Blue Dragon,"Andropov : Kappei Yamaguchi, Bouquet : Saki Nakajima, Marumaro : Sakiko Uran, Noi : Hitomi Nabatame, Shu : Keiko Nemoto, Blue Dragon : Masaya Takatsuka, General Logi : Kentarou Itou, Fagino : Wataru Takagi, Akira Toriyama
Original Creator, Yukihiro Matsushita
Director, Nobuo Uematsu
Music, Megumi Oohashi
Music, Tsuneo Ninomiya
Character Design, Fukashi Azuma
Producer, Sawako Yamamoto
Animation Director","Akira Toriyama : Original Creator, Yukihiro Matsushita : Director, Nobuo Uematsu : Music, Megumi Oohashi : Music, Tsuneo Ninomiya : Character Design, Fukashi Azuma : Producer, Sawako Yamamoto : Animation Director"
PoPo Loouise, Minna no Uta: PoPo Loouise,Music,,,,"Family Friendly, Minna no Uta",3.2,2008.0,,'No synopsis yet - check back soon!',,,,"Osamu Sakai
Director, Kuricorder Quartet
Song Arrangement & Song Performance","Osamu Sakai : Director, Kuricorder Quartet : Song Arrangement & Song Performance"
Sonic: Night of the WereHog,,Web  ,1.0,Marza Animation Planet,Fall ,"Action, Animal Protagonists, Anthropomorphic, Family Friendly, Ghosts, No Dialogue, Non-Human Protagonists, Photography, Shorts, Supernatural, Based on a Video Game, CG Animation",3.2,2008.0,,"'In an old abandoned house lives a female ghost with a fetish for photos of terrified people who venture into her abode, and her two spectral male companions who delight in obtaining these images to gain her favor. One dark and stormy night, Sonic and Chip seek refuge in the haunted building to escape from the rain. Seeing this as a perfect opportunity to add a new image to their gallery of terror, the snap-happy spirits leap into action. But while Chip proves a suitable scaredy-cat, the two ghouls may have bitten off more than they can chew when it comes to spooking Sonic...'",,,,"Chip : Ryouko Shiraishi, Lah : Momoko Ishikawa, Short Ghost : Ryan Drees, Sonic The Hedgehog : Tomokazu Seki, Tall Ghost : Kevin Glenz, Takashi Nakashima
Director, Tetsuya Takahashi
Music, Takeshi Itou
Producer","Takashi Nakashima : Director, Tetsuya Takahashi : Music, Takeshi Itou : Producer"
Mr. Children: Hana no Nioi,,Music,,,,"Animal Protagonists, Anthropomorphic, Black and White, Melancholy, Non-Human Protagonists, Rabbits, War",3.2,2008.0,,'No synopsis yet - check back soon!',,,,"Toshiaki Hanzaki
Director, Mr. Children
Music","Toshiaki Hanzaki : Director, Mr. Children : Music"
Cocomong, Naengjang-go Nala Cocomong,TV   ,26.0,,,"Episodic, Family Friendly, Food Protagonists, Korean Animation, Non-Human Protagonists, Short Episodes, CG Animation",3.2,2008.0,,"'The cold air from the air circulation duct in the refrigerator turned the vegetables into animals: The pea pig brothers Dookong, Saekong, Naekong, mushroom-radish Hippo Doori, carrot-donkey Kaero, and cucumber-alligator Agle.'",,,"Hello Cocomong, Cocomong 2, Cocomong 3","Agle, Aromi, Cocomong, Dookong, Hippo Doori, Kaero, Naekong, Saekong",
Harukanaru Toki no Naka de 3: Onsen Chibi Special,,DVD S,,Yumeta Company,,"Comedy, Fantasy",3.2,2008.0,,'No synopsis yet - check back soon!',,"Haruka: Beyond the Stream of Time, Harukanaru Toki no Naka de 4, Harukanaru Toki no Naka de 5","Harukanaru Toki no Naka de ~Ajisai Yumegatari~, Harukanaru Toki no Naka de 2: Shiroki Ryuu no Miko, Haruka: Beyond the Stream of Time – A Tale of the Eight Guardians, Harukanaru Toki no Naka de: Character Endings, Harukanaru Toki no Naka de ~Hachiyou Shou~ OVA, Harukanaru Toki no Naka de ~Maihitoyo~, Harukanaru Toki no Naka de 3: Kurenai no Tsuki, Harukanaru Toki no Naka de 3: Owari Naki Unmei","Hinoe : Naozumi Takahashi, Kurou : Tomokazu Seki, Masaomi Arikawa : Shinichirou Miki, Ridvan : Akira Ishida, Taira No Atsumori : Souichirou Hoshi, Yuzuru Arikawa : Shigeru Nakahara, Benkei Musashibou : Kouki Miyata, Kagetoki Kajiwara : Kazuhiko Inoue",
Asian Kung-Fu Generation: Atarashii Sekai, Atarashii Sekai,Music,,,,,3.2,2008.0,,'No synopsis yet - check back soon!',,,,,
Penguin Musume Heart,,Web  ,22.0,Picture Magic,Spring,"Comedy, Ecchi, Otaku Culture, Panty Shots",3.19,2008.0,,"'The anime and cosplay-loving Sakura Nankyoku – known by her peers as Penguin at her old school – has just moved to a new location. After suddenly becoming student council president, she finds herself in the middle of many bizarre and ecchi situations. Panties fly, transformations are plentiful and the day is never dull in the life of Sakura, her third-grade sister Kaede, her tomboy rival Kujira, Cha Chi from China (who wants nothing more than to be Kujira\'s ""boyfriend""), and more!'",,"Penguin Musume, Penguin Musume Max",Penguin Musume Heart Special,"Kujira Etorofu : Mariya Ise, Penguin : Azusa Kataoka, Cha Chi : Sakura Nogawa, Kaede Nankyoku : Rina Hidaka, Mary Chupacabra W. Whitebear : Mai Kadowaki, Nene Kurio : Yoshino Nanjou, Aqua : Rumi Shishido, Ebi-Sensei : Noriko Namiki, Tetsuya Takahashi
Original Creator, Hitoyuki Matsui
Director, Yoshikazu Iwanami
Sound Director, Rie Matsubara
Editor, Kunitoshi Okajima
Episode Director, Shigenori Kageyama
Storyboard","Tetsuya Takahashi : Original Creator, Hitoyuki Matsui : Director, Yoshikazu Iwanami : Sound Director, Rie Matsubara : Editor, Kunitoshi Okajima : Episode Director, Shigenori Kageyama : Storyboard"
Asian Kung-Fu Generation: Atarashii Sekai, Atarashii Sekai,Music,,,,,3.2,2008.0,,No synopsis yet - check back soon!,,,,,
Penguin Musume Heart,,Web  ,22.0,Picture Magic,Spring,"Comedy, Ecchi, Otaku Culture, Panty Shots",3.19,2008.0,,"The anime and cosplay-loving Sakura Nankyoku – known by her peers as Penguin at her old school – has just moved to a new location. After suddenly becoming student council president, she finds herself in the middle of many bizarre and ecchi situations. Panties fly, transformations are plentiful and the day is never dull in the life of Sakura, her third-grade sister Kaede, her tomboy rival Kujira, Cha Chi from China (who wants nothing more than to be Kujira's ""boyfriend""), and more!",,"Penguin Musume, Penguin Musume Max",Penguin Musume Heart Special,"Kujira Etorofu : Mariya Ise, Penguin : Azusa Kataoka, Cha Chi : Sakura Nogawa, Kaede Nankyoku : Rina Hidaka, Mary Chupacabra W. Whitebear : Mai Kadowaki, Nene Kurio : Yoshino Nanjou, Aqua : Rumi Shishido, Ebi-Sensei : Noriko Namiki, Tetsuya Takahashi
Original Creator, Hitoyuki Matsui
Director, Yoshikazu Iwanami
Sound Director, Rie Matsubara
Editor, Kunitoshi Okajima
Episode Director, Shigenori Kageyama
Storyboard","Tetsuya Takahashi : Original Creator, Hitoyuki Matsui : Director, Yoshikazu Iwanami : Sound Director, Rie Matsubara : Editor, Kunitoshi Okajima : Episode Director, Shigenori Kageyama : Storyboard"
Naisho no Tsubomi,,OVA  ,3.0,ARMS,,"Drama, Romance, Shoujo, Coming of Age, School Life, Based on a Manga",3.19,2008.0,,"Puberty is an embarrassing, trying time for a child. Your body changes, you start to have feelings for the opposite sex, and more than anything, you are confused and bewildered about what’s happening to you. Tsubomi, Rea, Saya and a group of other fifth-grade students are being faced with this difficult event, and will experience the joys and horrors of it together. From learning about the difference between the male and female bodies, to experiencing a first kiss, to discovering the cause of pregnancy and even getting a first period, Tsubomi and her friends will finally learn what it means to be a grown up.",,Naisho no Tsubomi,,"Daiki Nemoto : Ryouko Shiraishi, Rae Katou : Akemi Kanda, Saya Endo : Ami Koshimizu, Tsubomi Tachibana : Kaori Nazuka, Yae Yamabuki : Sanae Kobayashi, Futoshi Kuki : Kouki Miyata, You Saegusa : Mitsuki Saiga, Midori Saegusa : Mami Kingetsu, Yu Yabuuchi
Original Creator, Akira Shigino
Director, Akira Takeuchi
Character Design, Mariko Kusuhara
Producer, Masanori Koike
Producer","Yu Yabuuchi : Original Creator, Akira Shigino : Director, Akira Takeuchi : Character Design, Mariko Kusuhara : Producer, Masanori Koike : Producer"
Live On Cardliver Kakeru,,TV   ,51.0,TMS Entertainment,Fall ,"Action, Shounen, Card Battles, Family Friendly, Based on a Card Game",3.19,2008.0,2009.0,"Welcome to the game of Live On! In it, people known as Cardlivers use collectible cards to summon mysterious creatures for battles. One such Cardliver is Kakeru, an elementary school student who wants nothing more than to beat his friend Ai in a game. During a stroll through a park Kakeru runs across a hurt puppy named Petal and, using a card that it gives to him, transforms into a wondrous wolf and defeats the dog's would-be and sinister captors. Alongside Petal, Kakeru sets forth with his new cards to become the best Live On player around!",,,,"Ai Kozeri, Kakeru Amao : Shizuka Ishikawa, Tooru Makari, Suzume Oozora : Yuumi Kikuchi, Akamaru Chikara, Ayumu Amao, Blue Turtle, Brash, Chouji Yoshikawa
Original Creator, Hatsuki Tsuji
Director, Toshihiko Masuda
Character Design, Kunitoshi Okajima
Episode Director, Mitsuhiro Yoneda
Storyboard","Chouji Yoshikawa : Original Creator, Hatsuki Tsuji : Director, Toshihiko Masuda : Character Design, Kunitoshi Okajima : Episode Director, Mitsuhiro Yoneda : Storyboard"
Tegami: Haikei Juugo no Kimi e, Minna no Uta: Tegami ~Haikei Juugo no Kimi e~,Music,,,,Minna no Uta,3.19,2008.0,,No synopsis yet - check back soon!,,,,,
Pokemon: Pikachu's Great Ice Adventure, Pokemon: Pikachu Koori no Daibouken,Other,,OLM,,"Fantasy, Animal Protagonists, Family Friendly, Monsters, Non-Human Protagonists, Based on a Video Game",3.18,2008.0,,No synopsis yet - check back soon!,,"Pokemon: The Electric Tale of Pikachu, Pokémon Adventures, Magical Pokemon Journey, Pokémon: Diamond and Pearl Adventure!, Pokemon Mystery Dungeon: Ginji's Rescue Team, Pokemon Ranger, Pokemon Ranger and the Temple of the Sea, Pokemon: The Rise of Darkrai, Pokemon Ranger Batonnage, Kaitou! Pokemon 7, Pokemon: Giratina & the Sky Warrior!, Pokemon ReBURST, Pokemon the Movie: White - Victini and Zekrom, Pokemon + Nobunaga no Yabou - Ranse Iroemaki, Pokémon: Diancie and the Cocoon of Destruction, Pokémon: Omega Ruby & Alpha Sapphire, Pokemon the Movie: Hoopa and the Clash of Ages, Pokemon the Movie XY&Z: Volcanion to Karakuri no Magiana, Pokemon Horizon: Sun & Moon, Pokémon: Sun & Moon, Pokémon the Movie: I Choose You!","Pokemon Advanced, Pokemon: Pichu Bros. in Party Panic, Pokemon: Gotta Dance!, Pokemon Movie 6: Jirachi Wish Maker, Pokemon Movie 7: Destiny Deoxys, Pokemon: Pikachu's Summer Festival, Pokemon Movie 8: Lucario and The Mystery of Mew, Pokemon: Pikachu's Ghost Carnival, Pokemon Movie 9: Pokemon Ranger and the Temple of the Sea, Pokemon: Pikachu's Island Adventure, Pokemon: Diamond & Pearl, Pokemon Movie 10: The Rise of Darkrai, Pokemon: Pikachu Tanken Club, Pokemon Mystery Dungeon: Explorers of Time and Darkness, Pokemon Movie 11: Giratina and the Sky Warrior, Pokemon Movie 12: Arceus and the Jewel of Life, Pokemon: Pikachu's Great Sparking Search, Pokemon Movie 13: Zoroark - Master of Illusions, Pokemon: Pikachu's Big Mysterious Adventure, Pokemon: Black & White, Pokemon Movie 14: Black - Victini and Reshiram, Pokemon Movie 14: White - Victini and Zekrom, Pokemon: Pikachu's Summer Bridge Story, Pokemon Black Version 2 and White Version 2, Pokemon: Black & White - Rival Destinies, Pokemon: Utae Meloetta - Rinka no Mi wo Sagase!, Pokemon Movie 15: Kyurem vs. The Sword of Justice, Pokemon: Meloetta's Moonlight Serenade, Pokemon: Black & White: Adventures in Unova, Pokemon: Black & White: Adventures in Unova and Beyond, Pokemon: Mewtwo - Prologue to Awakening, Pokemon: Eevee and Friends, Pokemon XY Special: Road to Kalos, Pokemon XY: Mega Evolution, Pokemon XY: Sora no Hahen, Pokemon: Diancie, Princess of the Diamond Domain, Pokemon Movie 17: Diancie and the Cocoon of Destruction, Pokemon: Hoopa, The Mischief Pokemon","Ash'S Pikachu : Ikue Ootani, Jessie'S Wobbuffet : Yuuji Ueda, Team Rocket’S Meowth : Inuko Inuyama, Ash'S Aipom : Chie Satou, Ash'S Gligar : Katsuyuki Konishi, Ash'S Starly, Ash'S Turtwig : Shinichirou Miki, Brock'S Bonsly : Daisuke Sakaguchi, Hirokazu Tanaka
Music, Shunya Yamada
Character Design, Mikihiko Fukazawa
Producer, Junya Okamoto
Producer, Chouji Yoshikawa
Producer, Takemoto Mori
Producer","Hirokazu Tanaka : Music, Shunya Yamada : Character Design, Mikihiko Fukazawa : Producer, Junya Okamoto : Producer, Chouji Yoshikawa : Producer, Takemoto Mori : Producer"
.hack//G.U. Trilogy Parody,,DVD S,,,,"Comedy, MMORPG, RPG, Virtual Reality",3.18,2008.0,,No synopsis yet - check back soon!,,".hack//Legend of the Twilight, .hack//AI Buster (Light Novel), .hack//Another Birth (Light Novel), .hack//GnU, .hack//G.U.+, .hack//XXXX, .hack//Alcor, .hack//CELL (Light Novel), .hack//Link, .hack//4koma, .hack//G.U. (Light Novel)",".hack//SIGN, .hack//LIMINALITY, .hack//Legend Of The Twilight, .hack//SIGN - Intermezzo, .hack//SIGN - Unison, .hack//GIFT, .hack//Roots, .hack//G.U. Returner, .hack//G.U. Trilogy, .hack//Quantum, .hack//Quantum: Go, Our Chim Chims!!, .hack // The Movie, .hack//Versus: The Thanatos Report","Aina, Atoli, Haseo, Ovan, Pi, Tomanari Kasumi, Wiseman, Alkaid",
Panpaka Pants,,TV   ,27.0,DLE,Fall ,"Comedy, Animal Protagonists, Anthropomorphic, Non-Human Protagonists, Pigs, Short Episodes",3.17,2008.0,2015.0,No synopsis yet - check back soon!,,,Panpaka Pants Movie: Bananan Oukoku no Hihou,Panpaka : Yoshino Nanjou,
Aru Apartment no Isshitsu,,Other,,,,Shorts,3.17,2008.0,,No synopsis yet - check back soon!,,,,"Tomoyasu Murata
Director",Tomoyasu Murata : Director
Risu ni Koi Shita Shounen, Minna no Uta: Risu ni Koi Shita Shounen,Music,,,,"Animal Protagonists, Family Friendly, Minna no Uta, Non-Human Protagonists",3.17,2008.0,,No synopsis yet - check back soon!,,,,"Kouji Nanke
Director",Kouji Nanke : Director
True Tears Specials,,DVD S,,P.A. WORKS,,"Comedy, Based on a Visual Novel",3.16,2008.0,,No synopsis yet - check back soon!,,,"True Tears, True Tears Epilogue, True Tears: Raigomaru to Jibeta no Monogatari","Noe Isurugi : Ayahi Takagaki, Shinichiro Nakagami : Makoto Ishii, Aiko Andou : Yuka Iguchi, Hiromi Yuasa : Kaori Nazuka, Jun Isurugi : Yuuki Masuda, Miyokichi Nobuse : Hiroyuki Yoshino, Jibeta, Tomoyo Kurobe, Hajime Kikuchi
Music, Kanami Sekiguchi
Character Design","Hajime Kikuchi : Music, Kanami Sekiguchi : Character Design"
Infinite Space Short Films, Mugen Kouro Short Films,Other,,GONZO,,"Action, Sci Fi, Outer Space, Promotional, Short Episodes, Based on a Video Game",3.15,2008.0,2009.0,No synopsis yet - check back soon!,,,,"Yasufumi Soejima
Director, Fumitoshi Oizaki
Character Design","Yasufumi Soejima : Director, Fumitoshi Oizaki : Character Design"
Shigofumi Picture Drama,,DVD S,,,,Picture Drama,3.15,2008.0,,No synopsis yet - check back soon!,,Shigofumi: Stories of Last Letter (Light Novel),"Shigofumi, Shigofumi Special","Fumika : Kana Ueda, Kanaka : Yuki Matsuoka, Chiaki : Masumi Asano, Matoma : Masayuki Katou, Takuma Hasune, Haruno Kasai : Fumiko Orikasa, Kaname Nojima : Takuma Terashima, Kirameki Mikawa : Rikiya Koyama",
Ultra Dino Makera,,Other,,RG Animation Studios,,"Desert, Dinosaurs, Korean Animation, Shorts, Original Work",3.15,2008.0,,No synopsis yet - check back soon!,,,,Dino,
Orchestra,,Other,,,,"Abstract, Black and White, Classical Music, Music, Shorts",3.15,2008.0,,The harmony performed by players who drawn by lines metamorphose.,,,,"Masaki Okuda
Director, Ryo Okawara
Director, Yutaro Ogawa
Director, Ludwig Van Beethoven
Music","Masaki Okuda : Director, Ryo Okawara : Director, Yutaro Ogawa : Director, Ludwig Van Beethoven : Music"
Shakugan no Shana II: Naze Nani Shana, Shakugan no Shana II: Friagne & Marianne no Naze Nani Shana! Nandemo Shitsumonbako!,DVD S,,,,"Comedy, Chibi",3.14,2008.0,,No synopsis yet - check back soon!,,,Shakugan no Shana II,"Friagne, Marianne",
The Black Ghosts: I Want Nothing,,Music,,,,,3.14,2008.0,,No synopsis yet - check back soon!,,,,"Fantasista Utamaro
Director, The Black Ghosts
Music","Fantasista Utamaro : Director, The Black Ghosts : Music"
Chuan Zi: Jin Sheng Yuan,,Music,,,,"Slice of Life, Chinese Animation, Delinquents, Gangs",3.14,2008.0,,No synopsis yet - check back soon!,,,,"Chuan Zi
Music",Chuan Zi : Music
Usavich Special,,DVD S,,,,"Comedy, Animal Protagonists, Anthropomorphic, Non-Human Protagonists, Rabbits",3.13,2008.0,,No synopsis yet - check back soon!,,,Usavich,"Kirenenko, Putin",
Believe,,Other,,Tatsunoko Production,,,3.12,2008.0,,No synopsis yet - check back soon!,,,Yatterman (1977),"Boyacky, Otasukeman : Masaki Aiba, Time Bokan : Satoshi Oono, Yatterman : Shou Sakurai, Yattodetaman : Kazunari Ninomiya, Zenderman : Jun Matsumoto, Doronjo, Tonzler",
Yatterman x Toshiba,,Other,,,,"Commercials, Promotional, Shorts",3.12,2008.0,,No synopsis yet - check back soon!,,,"Yatterman (1977), Yatterman (2008)",,
ketchup mania: Bad! Bad! Bad!,,Music,,,,"Action, Cars",3.12,2008.0,,No synopsis yet - check back soon!,,,,"Mitsuyuki Ishibashi
Director, Ketchup Mania
Music, Kousuke Sugimoto
Animation Director","Mitsuyuki Ishibashi : Director, Ketchup Mania : Music, Kousuke Sugimoto : Animation Director"
Let's☆Cookin' Jam,,Other,,,,"Animal Protagonists, Bears, Cooking, Music, No Dialogue, Non-Human Protagonists, Shorts, Original Work",3.11,2008.0,,No synopsis yet - check back soon!,,,,"Takashi Ohashi
Director",Takashi Ohashi : Director
Macross 25th Anniversary: All That VF Macross F Version,,Other,,,,"Mecha, Aviation, Music, Promotional, Real Robot, Shorts, Transforming Mecha, CG Animation",3.11,2008.0,,No synopsis yet - check back soon!,,,"Macross Frontier, Macross 25th Anniversary: All That VF Macross Zero Version",,
Zettai Yareru Greece Shinwa, Greek Mythology,TV   ,13.0,A-1 Pictures,Fall ,"Comedy, Ecchi, Original Work, Sexual Content",3.11,2008.0,,The series portrays Greek myths — which the series producers note were often fairly erotic — in anime form.,Sexual Content,,,"Ken Ushikusa
Director",Ken Ushikusa : Director
Mission-E,,TV   ,12.0,Studio DEEN,Summer,"Action, Sci Fi, Superpowers, Original Work",3.1,2008.0,,"Several years after the incident in Amazawa town, Chinami Ebihara is now a member of an organization - founded by Sonomi Kujo - called OZ. Like its rival Foundation, OZ studies those with the special power known as 'Type-E' - the ability to affect electrical devices. However, while OZ wishes to help Type-E users gain control of their powers and be productive members of society, Foundation wishes to gain their power through force and use them for unknown purposes. Along with a fellow Type-E user named Maori, Chinami goes on missions to determine Foundation's motives and protect other Type-E users from their grip.",,Code-Ex,Code-E,"Chinami Ebihara : Mai Hashimoto, Maori Kimizuka : Yuuna Inamura, Adol Brinberg, Akane Kuramoto, Keiko Komatsuna, Kiriku, Koutarou Kannagi, Mils Brinberg, Caoli Cano
Music, Tetsuhito Saitou
Character Design, Keiichi Matsuda
Producer, Tomokazu Iizumi
Producer, Seiya Numata
Animation Director & Ed Director & Key Animator & Storyboard","Caoli Cano : Music, Tetsuhito Saitou : Character Design, Keiichi Matsuda : Producer, Tomokazu Iizumi : Producer, Seiya Numata : Animation Director & Ed Director & Key Animator & Storyboard"
Clazziquai: Beat in Love,,Music,,,,Dancing,3.1,2008.0,,No synopsis yet - check back soon!,,,,,
Kakinoki Mokkii,,TV Sp,,,,"Fantasy, Family Friendly, No Dialogue, Shorts",3.1,2008.0,,No synopsis yet - check back soon!,,,,,
The [email protected]: Live For You!,,OVA  ,1.0,Actas,,"Idols, Music, Shorts, Showbiz, Based on a Video Game",3.09,2008.0,,"765 Production’s Fan Appreciation Event is only twenty-four hours away, and each of its idols must choose what to do with their time. Haruka, Miki and Chihaya, much to their producer’s dismay, find themselves… far away from the event, with little time to spare! A wrong truck, an onsen, an angry truck driver, a fickle bullet train and a number of other obstacles make the trio’s arrival skeptical at best – however, the show must go on!",,"THE [email protected] Comic Anthology, The [email protected]: Your [email protected], The [email protected], The [email protected] Relations, Puchimas! Petit [email protected], The [email protected] Break!, The [email protected] Dearly Stars: Neue Green, The [email protected] Dearly Stars: Splash Red, The [email protected] Dearly Stars: Innocent Blue, The [email protected] 2: Nemurihime, The [email protected] 2: Colorful Days, The [email protected] 2: The World Is All One!!, [email protected] of Jupiter - The [email protected], The [email protected] (Mana), The [email protected] Cinderella Girls Shuffle!!, Jupiter: THE [email protected], The [email protected]: Million Live! Back Stage, The [email protected]: Million Live!, The [email protected]: Million Live! Comic Anthology, The [email protected] SideM: Dramatic Stage, The [email protected] Million Live!: Blooming Clover",,"Chihaya Kisaragi : Asami Imai, Haruka Amami : Eriko Nakamura, Miki Hoshii : Akiko Hasegawa, Ami Futami : Asami Shimoda, Azusa Miura : Chiaki Takahashi, Hibiki Ganaha : Manami Numakura, Iori Minase : Rie Kugimiya, Makoto Kikuchi : Hiromi Hirata, Keiichirou Kawaguchi
Director, Kimitake Nishio
Character Design, Yoshikazu Iwanami
Sound Director, Kazuya Takahashi
Producer, Fuminori Tanaka
Producer","Keiichirou Kawaguchi : Director, Kimitake Nishio : Character Design, Yoshikazu Iwanami : Sound Director, Kazuya Takahashi : Producer, Fuminori Tanaka : Producer"
Yotsunoha,,OVA  ,2.0,Hal Film Maker,,"Romance, School Life, Based on an Eroge, Based on a Visual Novel",3.09,2008.0,,"Makoto Yuki, Nono Nekomiya, Iori Yuzuki and Matsuri Amachi were close friends – until their school closed down. Each would be transferred to a new school, so before the friends parted ways they buried a time capsule under a tree on the grounds of their old school and promise to meet there in three years. Time goes by, and after three years without contact they return to the school, only to find that the contents of the time capsule have been hidden by an old teacher of theirs! While searching the school for clues, memories of their time together begin to surface, and old feelings are reawakened...",,Yotsunoha,,"Makoto Yuki : Hideki Tasaka, Matsuri Amachi : Mai Goto, Nono Nekomiya : Yui Sakakibara, Iori Yuzuki : Yuuko Gotou, Arisa Yuki : Sayuri Yahagi, Daisuke Shiba : Eiji Miyashita, Nanami Minami : Kaori Fukuhara, Ren : Nozomi Sasaki, Hiroshi Nishikiori
Director, I'Ve Sound
Music, Kouichi Motomura
Character Design, Kentarou Takahashi
Photography Director, Hisaharu Iijima
Art Director, Mitsutoshi Ogura
Producer, Kozue Kaneniwa
Producer, Ken Hashiya
Producer","Hiroshi Nishikiori : Director, I'Ve Sound : Music, Kouichi Motomura : Character Design, Kentarou Takahashi : Photography Director, Hisaharu Iijima : Art Director, Mitsutoshi Ogura : Producer, Kozue Kaneniwa : Producer, Ken Hashiya : Producer"
Insomniac,,Web  ,1.0,,,"Abstract, No Dialogue, Shorts",3.09,2008.0,,No synopsis yet - check back soon!,,,,"Ryo Okawara
Director, Alt
Music","Ryo Okawara : Director, Alt : Music"
Blassreiter: Navigator,,TV Sp,,GONZO,,"Action, Sci Fi, Demons, Motorcycles, Racing, Recap, Original Work",3.09,2008.0,,No synopsis yet - check back soon!,,"Blassreiter: Genetic, Blassreiter Judgment (Light Novel)",Blassreiter,"Joseph Jobson : Yuuko Sanpei, Amanda Werner : Shizuka Itou, Beatrice Grese : Sayaka Oohara, Gerd Frentzen : Unshou Ishizuka, Hermann Saltza : Kenta Miyake, Malek Werner : Junko Minagawa, Mei Feng Liu : Aya Endou, Wolf Goering : Fumihiko Tachiki",
MaxValu Kyushu,,Other,,Trash Studio,,"Commercials, Promotional, Work Life",3.08,2008.0,,No synopsis yet - check back soon!,,,,"Yoshiharu Satou
Director & Character Design",Yoshiharu Satou : Director & Character Design
Anata no Katagoshi Chotto Ue,,Web  ,3.0,,,"Comedy, Short Episodes, Supernatural, Original Work",3.07,2008.0,,No synopsis yet - check back soon!,,,,,
Penguin Musume Heart Special,,Web  ,1.0,Picture Magic,Summer,"Comedy, Ecchi, Shorts",3.07,2008.0,,No synopsis yet - check back soon!,,"Penguin Musume, Penguin Musume Max",Penguin Musume Heart,"Kujira Etorofu : Mariya Ise, Penguin :  Azusa Kataoka, Cha Chi : Sakura Nogawa, Kaede Nankyoku : Rina Hidaka, Nene Kurio : Yoshino Nanjou, Ebi-Sensei, Kiyomi Kodama : Satomi Akesaka, Kujira'S Father, Tetsuya Takahashi
Original Creator",Tetsuya Takahashi : Original Creator
Duel Masters Cross,,TV   ,100.0,Shogakukan Music & Digital Entertainment,,"Shounen, Card Battles, Family Friendly, Based on a Manga, CG Animation",3.07,2008.0,2010.0,No synopsis yet - check back soon!,,,"Duel Masters, Duel Masters Charge, Duel Masters: Curse of the Deathphoenix, Shinseiki Duel Masters Flash, Duel Masters Zero, Zero Duel Masters, Duel Masters: Lunatic God Saga, Duel Masters Cross Shock, Duel Masters Victory, Duel Masters Victory V, Duel Masters Victory V3, Duel Masters Versus, Duel Masters Versus Revolution, Duel Masters: Hamukatsu to Dogiragon no Curry-pan Daibouken, Duel Masters Versus Revolution Final","Kyoshiro Kokujo, Mimi Tasogare, Shobu Kirifuda, Hakuoh, Knight, Rekuta Kadoko : Yuka Imai, Saiyuki Manaka, Shigenobu Matsumoto
Original Creator, Waruro Suzuki
Director, Masayuki Hiraoka
Character Design, Hideki Itou
Character Design","Shigenobu Matsumoto : Original Creator, Waruro Suzuki : Director, Masayuki Hiraoka : Character Design, Hideki Itou : Character Design"
Super Bernard, Super Backkom,Other,,RG Animation Studios,,"Comedy, Animal Protagonists, Anthropomorphic, Bears, Family Friendly, Korean Animation, Non-Human Protagonists, Shorts, Superheroes, Original Work",3.07,2008.0,,No synopsis yet - check back soon!,,,"I Love Picnic, I Love Sky, Bernard, Contact, Contact 2, Bernard 2, Bernard Specials, Bernard 3, Bernard: China Diapers, Da Wei Bei Ken Zhi Daomei Tegong Xiong",Bernard Bear,
Swimming,,Movie,,,,"Abstract, No Dialogue, Shorts",3.07,2008.0,,"The short animation evokes all the awkwardness of a school swimming class. A chubby young boy, steps up reluctantly for his turn, after watching the sporty prowess of his peers.",,,,"Shiho Hirayama
Director",Shiho Hirayama : Director
Macross 25th Anniversary: All That VF Macross Zero Version,,Other,,,,"Mecha, Aviation, Music, Promotional, Real Robot, Shorts, Transforming Mecha, CG Animation",3.06,2008.0,,No synopsis yet - check back soon!,,"Super Dimensional Fortress Macross II, Super Dimensional Fortress Macross the First","Macross Zero, Macross 25th Anniversary: All That VF Macross F Version",,
FilFla: For,,Music,,,,Abstract,3.06,2008.0,,No synopsis yet - check back soon!,,,,"Takashi Ohashi
Director, Filfla
Music","Takashi Ohashi : Director, Filfla : Music"
Yatterman (2008),,TV   ,60.0,Tatsunoko Production,,"Action, Comedy, Ecchi, Superheroes",3.06,2008.0,2009.0,"Go, Yatterman! Made up of boisterous Gan-chan, mecha-wiz Ai-chan, various robots and the mecha dog Yatterwan, the group fights against evil and injustice with ease. Yatterman has its work cut out for it with the nefarious Doronbo group and its leader, Dokurobee. The evildoers are hot on the trail of five mysterious rings which, when collected, will make one’s wishes come true! Armed with intellect and team spirit, our heroes will try their hardest to put a stop to Doronbo's plans!",,,"Time Bokan, Yatterman (1977), Zendaman, Time Bokan Series: Time Patrol Tai Otasukeman, Yattodetaman, Time Bokan: Royal Revival, Time Bokan 2000: Kaitou Kiramekiman, Yatterman x Toshiba, Yatterman: Shin Yattermecha Osu gou! Omocha no Kuni de Dai Ketsudan da Koron!, Yatterman Night","Ai Kaminari, Boyacky, Doronjo, Gan Takada, Omotchama, Tonzler, Yatterwan, Dokurobe : Junpei Takiguchi, Hiroshi Sasagawa
Director, Masaaki Jinbo
Music, Masayuki Yamamoto
Music, Futago Kamikita
Character Design","Hiroshi Sasagawa : Director, Masaaki Jinbo : Music, Masayuki Yamamoto : Music, Futago Kamikita : Character Design"
Dream Theater: Forsaken, Forsaken,Music,,GONZO,,,3.05,2008.0,,No synopsis yet - check back soon!,,,,,
Shiho Fujisawa: HAPPY HOUR,,Music,,,,,3.04,2008.0,,No synopsis yet - check back soon!,,,,"Shiho Fujisawa
Music",Shiho Fujisawa : Music
Himitsukessha Taka no Tsume Movie 2: Watashi wo Aishita Kuro Oolong-Cha, Eagle Talon Movie 2: Watashi wo Aishita Kuro Oolong-Cha,Movie,,DLE,,"Comedy, Mecha, Parody, Superheroes, Flash Animation, Original Work",3.04,2008.0,,No synopsis yet - check back soon!,,,"Himitsukessha Taka no Tsume, Himitsukessha Taka no Tsume Movie 1: Soutou wa Nido Shinu","Soutou, Yoshida, Frogman
Director & Character Design & Original Creator",Frogman : Director & Character Design & Original Creator
Cornelis,,Movie,,,,Shorts,3.03,2008.0,,No synopsis yet - check back soon!,,,,"Ayaka Nakata
Director, Kaoru Ura
Music","Ayaka Nakata : Director, Kaoru Ura : Music"
Melody,,Web  ,1.0,,,"Drama, Animal Protagonists, Anthropomorphic, Death of a Loved One, Melancholy, No Dialogue, Non-Human Protagonists, Rabbits, Shorts",3.02,2008.0,,"A young rabbit who loves to play the piano reminisces sadly about a loved one who recently passed. In sadness, the rabbit remembers and cherishes the time they spent together.",,,,"Rabbit, Rabbit'S Loved One, Junichi Yamamoto
Director",Junichi Yamamoto : Director
Tripshots: Houkiboshi,,Music,,,,"Vocaloid, CG Animation",3.02,2008.0,,No synopsis yet - check back soon!,,,,"Miku Hatsune, Tripshots
Producer",Tripshots : Producer
Saishuu Shiken Kujira Progressive,,OVA  ,1.0,Zexcs,,"Fantasy, Romance",3.0,2008.0,,No synopsis yet - check back soon!,,,Saishuu Shiken Kujira,"Mutsumi Kuonji, Sae Nagumo, Mieko Satosaki",
Megumi,,Web  ,1.0,Trans Arts,,"Historical, Political",2.99,2008.0,,"In 1977, two parents’ lives were changed forever when their thirteen-year-old daughter was abducted. After nearly twenty years of life without her, they finally learn the grave truth of Megumi’s fate: she was snatched by North Korean spies and committed suicide in 1994. Now, in the present, the Yokota’s still fight for justice for the numerous Japanese citizens kidnapped in the late 1970s; their plight will ensure that no other family has to suffer, and the chance to bring the kidnapped loved ones back to their home shores.",,Megumi,,"Megumi Yokota, Sakie Yokota, Shigeru Yokota, Hidetoshi Oomori
Director",Hidetoshi Oomori : Director
MUSIC FROM THE MARS: Ascension from the Hell,,Music,,,,Abstract,2.99,2008.0,,No synopsis yet - check back soon!,,,,"Takashi Ohashi
Director, Music From The Mars
Music","Takashi Ohashi : Director, Music From The Mars : Music"
ICE Movie,,Movie,,PPM,,"GL, Sci Fi, Shoujo-ai, Military, Post-apocalyptic, Original Work, Violence",2.99,2008.0,,"In a dystopic future, the Mir space station fell from space for an unknown reason -- bringing with it a death sentence for every man on Earth. Women have adapted to the loss and for the most part, are living their lives in peace, but bio terrorism is on the rise and the women of Japan need protectors. Hitomi Landsknecht is the leader of a group of such protectors, but she and her comrades will soon discover the new technology known as ""ICE"". Mysterious and unknown, it is somehow related to males being born again – an occurrence which may signal the rise of humanity once again. However, the technology may also create a monster and destroy what is left of womankind. Can the remaining females change their destiny or will it be too late?",Violence,,ICE,"Hitomi Landsknecht : Junko Minagawa, Yuki, Julia : Akira Ishida, Kisaragi : Yoshino Ootori, Satsuki : Kurumi Mamiya, Mint, Makoto Kobayashi
Director",Makoto Kobayashi : Director
Quiz Magic Academy,,OVA  ,1.0,AIC PLUS+,,"Comedy, Ecchi, Fantasy, Gag, Magic, Magic School, Parody, School Life, Based on a Video Game",2.98,2008.0,,"At the Magic Academy, students compete academically for magical stones. Classes and individuals who perform well are rewarded the stones, while those who are failing or involved with scandals have them taken away. Ruquia and her friends are in the Academy's lowest class. Their only hope is to make a comeback in the upcoming interclass group magic battle! Can this group of underachievers prove their worth?",,,Quiz Magic Academy: The Original Animation 2,"Aloe : Yurika Ochiai, Amelia : Chiaki Takahashi, Clala : Yukari Tamura, Leon : Nobuyuki Hiyama, Ruquia : Houko Kuwashima, Shalon : Masumi Asano, Thanders : Tetsu Inada, Garuda : Norio Wakamoto, Keitarou Motonaga
Director, Tomoki Hasegawa
Music, Kumi Horii
Character Design, Jiyuu Ougi
Producer","Keitarou Motonaga : Director, Tomoki Hasegawa : Music, Kumi Horii : Character Design, Jiyuu Ougi : Producer"
Moegaku 5,,TV   ,,AIC Spirits,Winter,"Comedy, Magical Girl, Educational, Henshin Heroes, Magic, Based on a Video Game",2.97,2008.0,,"Magical girl Tsukishima Moe and her companion Ruru travels around Akihabara, helping foreign otakus buy the figurines they want, while learning simple English, Korean, Spanish, Chinese and French.",,,,"Emily, Kaori Kyoka : Yukari Tachibana, Mayu Senna, Megami, Moe Tsukishima, Lulue, American Otaku, Chinese Otaku, Yoshihiro Takamoto
Director, Kouji Watanabe
Character Design","Yoshihiro Takamoto : Director, Kouji Watanabe : Character Design"
Takane no Jitensha,,TV Sp,,A-1 Pictures,,"Fantasy, Deal with the Devil, Japanese Mythology, Youkai, Original Work",2.97,2008.0,,"Takane is excited; his mother has promised him a brand new bike if he places in the top one hundred on his upcoming exam, and he's certain he'll pull it off. But when Takane discovers that he has placed poorly, he lies to his mother and incurs the wrath of his little sister. Frustrated and angry, Takane later makes his way to a shrine where he comes across a mysterious man with a tempting offer: in exchange for a good test score, Takane must simply give up something that he has no use for – his sister...",,,,"Takane Takasumi : Maaya Sakamoto, Atsushi : Yuuko Satou, Tamaki Takasumi : Fumiko Orikasa, Yoyogi : Akira Ishida, Chris, Hotaruko : Rei Sakuma, Police Officer : Takayuki Sasada, Masashi Ikeda
Director & Episode Director & Storyboard, Sachiko Kamimura
Character Design, Kazuko Nakashima
Color Design, Mikihiro Iwata
Producer","Masashi Ikeda : Director & Episode Director & Storyboard, Sachiko Kamimura : Character Design, Kazuko Nakashima : Color Design, Mikihiro Iwata : Producer"
Chocolate Underground,,Web  ,13.0,Production I.G,Spring,"Family Friendly, Food and Beverage, Short Episodes, Based on a Novel",2.97,2008.0,,"In the name of a good and healthy lifestyle, the Good For You Party has banned sweets, pastries and chocolate in favor of nutritious substitutes such as fruits and vegetables. Smudger has to watch his father's pastry shop fail under this new government rule, but when Smudger and his friend Huntly discover a secret cocoa shop in an abandoned mine, they realize that there might just be hope for sweet tooths everywhere!",,Chocolate Underground,Chocolate Underground: Bokura no Chocolate Sensou,"Huntley Hunter : Toshiyuki Toyonaga, Louise Bubby : Mikako Takahashi, Smudger Moore : Fumie Mizusawa, Director Of Headquarters : Katsuyuki Konishi, Frankie Crawley : Aki Kanada, John Blades : Tatsuhisa Suzuki, Kylie Moore : Rie Nakagawa, Carol Hunter : Maaya Sakamoto, Aiji Yamakawa
Original Creator, Takayuki Hamana
Director, Takayuki Gotou
Character Design","Aiji Yamakawa : Original Creator, Takayuki Hamana : Director, Takayuki Gotou : Character Design"
Study,,Other,,,,"No Dialogue, Shorts, Original Work",2.96,2008.0,,No synopsis yet - check back soon!,,,,"Takashi Ohashi
Director",Takashi Ohashi : Director
Sumiko: I Don't Like Your Attitude,,Web  ,1.0,,,"Comedy, Family Friendly, Shorts",2.95,2008.0,,No synopsis yet - check back soon!,,,"Sumiko Forever, Sumiko no Egao, Sumiko TV","Sumiko Yoshida, Uruma Delvi
Director, Kimie Matsumae
Music","Uruma Delvi : Director, Kimie Matsumae : Music"
Taisei Kensetsu: Shin Doha Kokusai Kuukou,,Other,,CoMix Wave Films,,"Slice of Life, Commercials, Promotional, Work Life",2.95,2008.0,,No synopsis yet - check back soon!,,,"Taisei Kensetsu: Singapore, Taisei Kensetsu: Myanmar","Man, Makoto Shinkai
Director, Yuugo Kanno
Music, Ushio Tazawa
Character Design","Makoto Shinkai : Director, Yuugo Kanno : Music, Ushio Tazawa : Character Design"
Tripshots: Anger,,Music,,,,Vocaloid,2.92,2008.0,,No synopsis yet - check back soon!,,,,"Miku Hatsune, Tripshots
Producer & Director",Tripshots : Producer & Director
School Days: Valentine Days,,OVA  ,1.0,TNK,,"Comedy, Drama, Harem, School Life, Valentine's Day",2.92,2008.0,,"Valentine's Day is quickly approaching, and all of the girls of Sakakino High are excited - many over the idea of giving some homemade chocolates to Makoto! Sekai gets help with her creations, Kotonoha works hard at making some treats of her own, and many others join in the fun as well. Will Taisuke get the attention he craves? And with so many advances coming his way, will Makoto be able to survive the Valentine's Day attention?",,"School Days, Cross Days","School Days ONA, School Days, School Days: Magical Heart Kokoro-chan","Kotonoha Katsura : Tae Okajima, Makoto Itou : Daisuke Hirakawa, Sekai Saionji : Shiho Kawaragi, Hikari Kuroda : Ryouko Tanaka, Kokoro Katsura : Megu Ashiro, Otome Katou : Haruka Nagami, Setsuna Kiyoura : Kei Imoto, Taisuke Sawanaga : Yoshirou Matsumoto, Keitarou Motonaga
Director, Kaoru Okubo
Music, Kaoru Ookubo
Music, Junji Gotou
Character Design, Makoto Itou
Producer, Katsumi Koike
Producer, Masanori Gotou
Producer","Keitarou Motonaga : Director, Kaoru Okubo : Music, Kaoru Ookubo : Music, Junji Gotou : Character Design, Makoto Itou : Producer, Katsumi Koike : Producer, Masanori Gotou : Producer"
AFRA & INCREDIBLE BEATBOX BAND: Seven Nation Army,,Music,,,,"Adventure, Abstract, Person in a Strange World",2.91,2008.0,,Singing lips appear in the television set of three men and lures them into it. What strange things will they find in these new and colorful places?,,,,"Hungry Man, Music Man, Perverted Man, Singing Lips, Rimo
Director",Rimo : Director
Code Geass: Lelouch of the Rebellion R2 Flash Specials, Code Geass: Hangyaku no Lelouch R2: Flash Specials,DVD S,,Sunrise,,Flash Animation,2.9,2008.0,2009.0,No synopsis yet - check back soon!,,"Code Geass: Lelouch of the Rebellion, Code Geass: Suzaku of the Counterattack, Code Geass: Nightmare of Nunnally, Code Geass: Lelouch of the Rebellion - Knight: Official Comic Anthology - For Girls, Code Geass: Lelouch of the Rebellion - Queen: Official Comic Anthology - For Boys, Code Geass: Lelouch of the Rebellion (Light Novel), Code Geass: Tales of an Alternate Shogunate, Code Geass: Lelouch of the Rebellion R2 (Light Novel), Code Geass: Shikkoku no Renya, Barcode Geass: Hanbai no Lelouch, Code Geass: Soubou no Oz, Code Geass: Boukoku no Akito (Light Novel), Kateikyoushi no Lelouch-san","Code Geass: Lelouch of the Rebellion, Code Geass: Lelouch of the Rebellion Recaps, Code Geass: Lelouch of the Rebellion Picture Drama, Code Geass: Lelouch of the Rebellion Special Edition - Black Rebellion, Code Geass: Lelouch of the Rebellion R2, Code Geass: Lelouch of the Rebellion R2 Picture Drama, Code Geass: Lelouch of the Rebellion R2 Special Edition - Zero Requiem, Code Geass: Lelouch of the Rebellion - Kiseki no Birthday Picture Drama, Code Geass: Akito the Exiled, Code Geass: Nunnally in Wonderland, Code Geass Gaiden: Boukoku no Akito Picture Drama","C.C. : Yukana, Lelouch Lamperouge : Jun Fukuyama, Nunnally Lamperouge : Kaori Nazuka, Rolo Lamperouge : Takahiro Mizushima, Sayoko Shinozaki : Satomi Arai",
Glass Maiden, Crystal Blaze,TV   ,12.0,Studio Fantasia,Spring,"Action, Mystery, Detectives, Human Experimentation, Original Work",2.89,2008.0,,"In Diver City, there are reports of young women disappearing; furthermore, certain women have been found dead - their bodies turned to glass. When S&A Detective Agency is tasked to secure and deliver a 'package', they instead discover a mysterious woman known as HW-9 - but she's no normal woman. HW-9 is able to maintain a temperature above fifty degrees Celsius, and delivers an electrical shock to any man who tries to touch her. S&A's contract rapidly changes from ""secure and deliver"" to ""protect and investigate"". Can they find out who 'HW-9' is, as well as the secret behind the disappearances and the glass women?",,,,"Manami : Satomi Arai, Sara : Yuu Kobayashi, Shu : Shinichirou Miki, Akira : Yuuji Ueda, Ayaka : Mikako Takahashi, Bil Porilyn : Seiji Rokkaku, Doc : Eiji Maruyama, J J : Hiroki Takahashi, Mitsuko Kase
Director, Ryou Sakai
Music, Hisashi Kagawa
Character Design, Masashi Tsukino
Producer, Satoshi Matsui
Producer, Shigehiko Sato
Producer, Takeshi Ando
Producer, Kengo Shigemura
Editor","Mitsuko Kase : Director, Ryou Sakai : Music, Hisashi Kagawa : Character Design, Masashi Tsukino : Producer, Satoshi Matsui : Producer, Shigehiko Sato : Producer, Takeshi Ando : Producer, Kengo Shigemura : Editor"
Adachin's Theme,,Web  ,1.0,,,"Animal Protagonists, Dogs, Non-Human Protagonists, Promotional",2.89,2008.0,,No synopsis yet - check back soon!,,,"Adachin Shows Up!, Adachin","Adachin : Kick, Adachin'S Father, Adachin'S Grandfather, Adachin'S Mother, Adachin'S Sister, Jun Aoki
Director",Jun Aoki : Director
Cro-Magnon: Survivor,,Music,,,,"Forest, Supernatural",2.89,2008.0,,No synopsis yet - check back soon!,,,,,
From Osaka with Cheer!,,Web  ,4.0,,,"Slice of Life, Promotional, Short Episodes, Tourism",2.88,2008.0,,No synopsis yet - check back soon!,,,,,
A Sea Doesn't Tell Much,,Other,,,,"Abstract, Shorts",2.88,2008.0,,No synopsis yet - check back soon!,,,,"Yoriko Mizushiri
Director",Yoriko Mizushiri : Director
Devour Dinner,,Movie,,,,"Abstract, Ocean, Shorts",2.88,2008.0,,No synopsis yet - check back soon!,,,,"Mirai Mizue
Director",Mirai Mizue : Director
Marie & Gali Episode 0,,TV Sp,,Toei Animation,,"Comedy, Educational, Original Work",2.86,2008.0,,No synopsis yet - check back soon!,,,"Marie & Gali, Marie & Gali Special, Marie & Gali ver. 2.0","Galileo Galilei, Marika, John Ambrose Fleming, Pet, Yuuji Yoshino
Music, Yoshihiko Umakoshi
Character Design","Yuuji Yoshino : Music, Yoshihiko Umakoshi : Character Design"
Chie-P: Cleaning Switch,,Music,,,,"Vocaloid, CG Animation",2.86,2008.0,,No synopsis yet - check back soon!,,,,"Miku Hatsune, Tripshots
Director, Chie-P
Producer","Tripshots : Director, Chie-P : Producer"
Kaitou Tenshi Twin Angel,,OVA  ,,Nomad,,"Comedy, Magical Girl, Henshin Heroes, Magic, Based on a Video Game",2.86,2008.0,,"By day, Haruka and Aoi are regular school girls; by night, they’re the Twin Angels, a crime fighting duo! With the help of a mysterious man named Misty Knight the two take down bad guys with ease, but their next opponent will be their toughest challenge yet. An angel statue - a companion to one displayed in their school - is arriving from Italy, and the evil Baron from the Fourth Dimension wants to get his hands on it. It’s up to the Twin Angels to protect the statues and make the Baron pay!",,Kaitou Tenshi Twin Angel,"Kaitou Tenshi Twin Angel: Kyun Kyun Tokimeki Paradise!!, Kaitou Tenshi Twin Angel: Kyun Kyun Tokimeki Paradise!! OVA, Kaitou Tenshi Twin Angel TV","Aoi Kannazuki : Mamiko Noto, Haruka Minazuki : Yukari Tamura, Baron Of The Fourth Dimension : Shinji Ogawa, Misae Kannazuki : Miyuki Ichijou, Yuito Kisaragi : Nobuyuki Hiyama, Heinojo Nagatsuki : Motomu Kiyokawa, Sakie Kannazuki : Ai Satou, Satsuki Kondoh : Masumi Asano, Tatsuyuki Nagai
Director, Kenichirou Ooishi
Music, Makoto Koga
Character Design","Tatsuyuki Nagai : Director, Kenichirou Ooishi : Music, Makoto Koga : Character Design"
nhhmbase: Parasol Life,,Music,,,,"Abstract, Forest, Music",2.83,2008.0,,No synopsis yet - check back soon!,,,,"Nhhmbase
Music",Nhhmbase : Music
Mame-Mofu Collab Animation, Mameshiba Mofu☆Mofu Collaboration Animation,Web  ,1.0,,,"Comedy, Crossover, Parody",2.82,2008.0,,No synopsis yet - check back soon!,,4-Koma Mameshiba Gakuen,"Mameshiba, Mofu Mofu, Mameshiba Gakuen",,
Amuri in Star Ocean, Hoshi no Umi no Amuri,OVA  ,3.0,Studio Hibari,,"Sci Fi, Outer Space, CG Animation, Original Work",2.81,2008.0,,"Eighteen years ago, the sun's radiation caused new types of children to be born with special abilities. Amuri Kakyoin is one of these ""Adapters"" with a very unhelpful trait: her body physically repulses anything that approaches her. Lonely and solemn, Amuri has drifted through life in solitude; but one day, when the spaceship she is traveling on is destroyed, Amuri's luck finally changes; bouncing back and forth between space debris, she finally bounces into Uterus, a medical recovery capsule, where she is joined by a quiet girl and her robotic bunny. Alongside her new Adapter companions, Amuri will help defend the enemy in the skies with her new ability-amplifying suit.",,,,"Amuri Kakyoin : Yui Makino, Femina Novum : Aya Hirano, Perrier La Mer : Momoko Saito, Yunque Lin : Michiru Aizawa, Deus Allen : Kiyoshi Kobayashi, Marie Skłodowska Curie : Mamiko Noto, Purumo : Marika Matsumoto, Yoshitomo Yonetani
Director & Series Composition, Mina Kubota
Music, [Email Protected]
Character Design","Yoshitomo Yonetani : Director & Series Composition, Mina Kubota : Music, [Email Protected] : Character Design"
Toshi Densetsu Monogatari Hikiko, Urban Legend Story Hikiko,OVA  ,1.0,,,"Horror, Revenge, School Life, Urban Legend, CG Animation, Animal Abuse,, Mature Themes,, Physical Abuse,, Violence",2.81,2008.0,,"Satoshi returns to his hometown after years of being away, carrying with him terrible memories of his past. He remembers the day Satoko Kisiki joined his class – it was the rainy season, and her unusual body made her an easy target for cruel bullying, though Satoshi never took part in the mean tricks that were played on her. However, soon he found himself relentlessly chased by a mysterious and deformed girl whose long dark hair obscured her face. Was this a simple case of a joke gone too far, or was a poor, mistreated girl looking to take revenge on those who made her life miserable?","Animal Abuse,, Mature Themes,, Physical Abuse,, Violence",,,"Satoko, Satoshi, Teacher, Matoko, Shingo, Shouko Naitou",
Bihada Ichizoku,,TV   ,12.0,,,"Drama, Romance, Fashion, Modelling, Parody, Short Episodes, Work Life, Original Work",2.8,2008.0,,No synopsis yet - check back soon!,,Bihada Ichizoku,,"Sara Bihada : Umeka Shouji, Masao Kamata : Daisuke Ono, Rumiko Bihada : Yoko Soumi, Saki Yuutenji : Eri Kitamura, Smk : Takayuki Sugou, Tatsuya Yuutenji : Eikou Kano, Tsuyoshi Minamoto : Yuuichi Nakamura, Ai Shiratori : Aki Toyosaki, Michiya Katou
Director & Photography Director, Tomohisa Shitara
Cg Director","Michiya Katou : Director & Photography Director, Tomohisa Shitara : Cg Director"
Stitch!,,TV   ,25.0,MADHOUSE,Fall ,"Comedy, Sci Fi, Aliens, Disney, Family Friendly, Island, Non-Human Protagonists, Based on a Cartoon",2.8,2008.0,2009.0,"When evil genius scientist Dr. Jumba's creation - the blue, troublemaking creature known as Stitch - escapes and crash lands his spaceship on Earth, he quickly finds himself in young Yuuna's life. Together with Yuuna and her mother, Stitch explores and experiences the island that they call home, running into mischievous spirits along the way. And when Dr. Jumba himself and Earth studies expert Wendy Pleakley arrive at the planet to watch over Stitch, things become a lot more interesting!",,"Stitch!, Stitch! Izayoi Island!, Stitch! Diary for BFFs!, Stitch and the Samurai","Stitch!: The Mischievous Alien's Great Adventure, Stitch! Challenge From Piko, Stitch! Son of Sprout, Stitch!: Best Friends Forever, Stitch!: Best Friends Forever - Ace's Back, Stitch and the Planet of Sand, Stitch! Perfect Memory, Stitch & Ai","Stitch : Kouichi Yamadera, Yuuna : Motoko Kumai, Angel : Madoka Takeda, Jacques Von Hamsterviel : Hiroshi Yanaka, Jumba Jookiba : Shozo Iizuka, Kijimuna : Kappei Yamaguchi, Obaa : Hisako Kyouda, Pleakley : Yuuji Mitsuya, Masami Hata
Director, Yoshihisa Suzuki
Music, Yoshinori Kanemori
Character Design, Kenichi Shimizu
Character Design, Yukio Abe
Art Director, Yasuteru Iwase
Producer, Satoru Yoshimoto
Producer","Masami Hata : Director, Yoshihisa Suzuki : Music, Yoshinori Kanemori : Character Design, Kenichi Shimizu : Character Design, Yukio Abe : Art Director, Yasuteru Iwase : Producer, Satoru Yoshimoto : Producer"
Mofu Mofu,,TV   ,,,,"Aliens, Family Friendly, Short Episodes, Flash Animation",2.8,2008.0,,No synopsis yet - check back soon!,,Mofu Mofu: Ichigo Aji,"Mame-Mofu Collab Animation, Mofu Mofu: Mofu no Uta, Moffuri Mofu Mofu Omajinai Dance","Chii
Director",Chii : Director
School Days: Magical Heart Kokoro-chan,,OVA  ,1.0,TNK,,"Comedy, Ecchi, Magical Girl, Gag, Henshin Heroes, Magic",2.79,2008.0,,"Just when Makoto finds himself returning to a normal, day-by-day routine with his commute to school, his train gets attacked... by a UFO?! From there things start to get crazy, as a young girl calling herself Magical Heart shows up and destroys the alien ship. Little does he know that this is only the first phase of a diabolical plan to turn all of the men in the city into mindless, molesting zombies, and that he's caught smack dab in the middle of it! With the lives (and dignity!) of all the city's girls at stake, it's up to Magical Heart to stop the incessant breast groping before it's too late...",,"School Days, Cross Days","School Days ONA, School Days, School Days: Valentine Days","Hikari Kuroda : Ryouko Tanaka, Kokoro Katsura : Megu Ashiro, Kotonoha Katsura : Tae Okajima, Nanami Kanroji : Chiaki Takahashi, Sekai Saionji : Shiho Kawaragi, Setsuna Kiyoura : Kei Imoto, Makoto Itou : Daisuke Hirakawa, Taisuke Sawanaga : Yoshirou Matsumoto, Keitarou Motonaga
Director, Kaoru Ookubo
Music, Junji Gotou
Character Design, Makoto Itou
Producer, Katsumi Koike
Producer, Masanori Gotou
Producer, Akira Takeuchi
Key Animator","Keitarou Motonaga : Director, Kaoru Ookubo : Music, Junji Gotou : Character Design, Makoto Itou : Producer, Katsumi Koike : Producer, Masanori Gotou : Producer, Akira Takeuchi : Key Animator"
Yura Yura Teikoku: Utsukushii,,Music,,,,,2.79,2008.0,,"The official music video for Utsukushii from the album 美しい, by Yura Yura Teikoku.",,,,"Yura Yura Teikoku
Music",Yura Yura Teikoku : Music
Shina Dark, Shina Dark: King of Dark Moon and Blue Moon's Princess,Music,,SHAFT,,"Action, Fantasy, Promotional, Based on a Manga, Nudity",2.79,2008.0,,"The series revolves around the legendary demon lord Exoda Zero Crown whom has been revived when an eclipse forms the Exoda Ring and the demonic island, Shina Dark, rises once again. Kingdoms and villages from around the world send over a thousand sacrificial maidens to the island in an attempt to satisfy the demon lord's legendary lust and protect their lands from the unspeakable destruction he will bring. However, the legends are false, Exoda does not possess such lust, and is not interested in destroying the world. He's quite happy to live in peace and go fishing on the weekends. More than one thousand girls on his island are now unable to return to their homelands, as by coming to Shina Dark, they are seen to be tainted brides of Exoda by others. As a result, Exoda decided to create a nation to give the abandoned girls a new life in a new country, Shina Dark.",Nudity,Shina Dark,,"Christina Rey Holden, Exoda Cero Claw, Galett Fey Sowauge, Marple Mashu Marces, Noel D. Byusshu, Vincent Rune Butler, Bunjuro Nakayama
Original Creator, Toshimasa Suzuki
Director, Shin Oonuma
Director, Naoyuki Konno
Director & Character Design, Shinpei Tomooka
Director & Character Design & Key Animator, Kazuya Shiotsuki
Character Design, Mako Aboshi
Character Design, Daisuke Iwanami
Character Design","Bunjuro Nakayama : Original Creator, Toshimasa Suzuki : Director, Shin Oonuma : Director, Naoyuki Konno : Director & Character Design, Shinpei Tomooka : Director & Character Design & Key Animator, Kazuya Shiotsuki : Character Design, Mako Aboshi : Character Design, Daisuke Iwanami : Character Design"
Penguin no Mondai,,TV   ,100.0,Shogakukan Music & Digital Entertainment,Spring,"Comedy, Animal Protagonists, Anthropomorphic, Birds, Crude, Family Friendly, Non-Human Protagonists, Penguins, Short Episodes, Based on a Manga, CG Animation",2.75,2008.0,2010.0,"Beckham is funny, punny, and crude - he's also a big (and sometimes deflatable) blue penguin with a penchant for human friends. While Naoto and Yumi attend class and try to live their daily lives, Beckham is usually (and unexplainably) by their sides. Whether it’s accidents in the pool, dodging angry bears, discovering sea creatures aplenty or finding lost money, there’s nary a dull day in the lives of these children – and penguin!",,Penguin no Mondai,"Penguin no Mondai Movie: Shiawase no Aoi Tori de Go-Pen-nasai, Penguin no Mondai Max, Penguin no Mondai DX?, Penguin no Mondai POW","Beckham Kinoshita : Miyako Ito, Charlotte Takahashi : Rikako Aikawa, Johnny Kobayashi : Toshiyuki Morikawa, Micheal Inoue : Choo, Naoto Yamada : Sachi Matsumoto, Yumi Matsui : Saori Gotou, Arashiyama : Tomoyuki Shimura, Gordon Watanabe : Kenta Miyake, Yuuji Nagai
Original Creator, Jun Kamiya
Director, Shuhei Naruse
Music, Mitsuru Kuwabata
Character Design","Yuuji Nagai : Original Creator, Jun Kamiya : Director, Shuhei Naruse : Music, Mitsuru Kuwabata : Character Design"
Future Man, Ari Ningen Monogatari,Movie,,,,"Shorts, Nudity,, Violence",2.74,2008.0,,No synopsis yet - check back soon!,"Nudity,, Violence",,,"Ryo Hirano
Director",Ryo Hirano : Director
Okashina Hotel,,Movie,,,,"Hotels and Inns, Shorts",2.71,2008.0,,No synopsis yet - check back soon!,,,,"Michio Mihara
Director",Michio Mihara : Director
Sumiko Forever,,Web  ,1.0,,,Shorts,2.7,2008.0,,No synopsis yet - check back soon!,,,"Sumiko: I Don't Like Your Attitude, Sumiko no Egao, Sumiko TV","Uruma Delvi
Director",Uruma Delvi : Director
Ultraviolet: Code 044,,TV   ,12.0,MADHOUSE,Summer,"Action, Sci Fi, Vampires, Based on a Comic Book, Nudity",2.68,2008.0,,"In a future where genetic modification is commonplace and government is everything, vampiric 'Phage' are being hunted down like animals. Special elite agents, under the guidance of the Central Unification Office, are responsible for handling this so-called threat to the galaxy. Nineteen-year-old agent '044' is the organization’s most efficient killing machine; five years ago she was injected with a virus that gave her exceptional physical abilities at the expense of a highly-shortened life. Having already vanquished 120 Phage, 044 is nearing the end of her assignment: to take down the group's leader. However, after pursuing the target and also injuring the handsome Luka Bloom, 044 finds that she can't bring herself to kill him – a decision that brands her a traitor by her employer. Now, 044 must go on the run from not only the Phage, but also the organization that created her.",Nudity,,,"044 : Romi Park, Daxus Ii : Rikiya Koyama, Garcia : Kenyuu Horiuchi, Luka Bloom : Tomokazu Seki, Matilda : Kaori Yamagata, Sakuza : Akio Ootsuka, 724 : Keiji Fujiwara, Calus : Yuuko Mizutani, Osamu Dezaki
Director & Screenplay & Storyboard, Shuusei Murai
Music, Akio Sugino
Character Design, Keisuke Nakamura
Photography Director, Masao Maruyama
Producer, Taro Morishima
Producer, Hiroshi Kurimoto
Episode Director","Osamu Dezaki : Director & Screenplay & Storyboard, Shuusei Murai : Music, Akio Sugino : Character Design, Keisuke Nakamura : Photography Director, Masao Maruyama : Producer, Taro Morishima : Producer, Hiroshi Kurimoto : Episode Director"
Shogi Hour,,Web  ,1.0,,,"Comedy, Board Games, Cyborgs, Parody, Robots, Shorts, Original Work",2.67,2008.0,,No synopsis yet - check back soon!,,,,"Ginji Kaneyama, Masao Yamada, Roboco Daigyokuji, Ryuko Saitama, Jun Aoki
Director",Jun Aoki : Director
Denki Groove: Mononoke Dance, Mononoke Dance,Music,,,,"Horror, Crude, Supernatural",2.65,2008.0,,No synopsis yet - check back soon!,,,,"Denki Groove
Song Performance",Denki Groove : Song Performance
Chirico,,Movie,,,,"Abstract, Shorts",2.63,2008.0,,No synopsis yet - check back soon!,,,,"Keiichi Tanaami
Director, Nobuhiro Aihara
Director","Keiichi Tanaami : Director, Nobuhiro Aihara : Director"
Akiba-chan,,TV   ,10.0,Summer 2008,,"Slice of Life, Apartment Life, Family Friendly, Neighbors, Short Episodes, Stop Motion Animation, Original Work",2.62,2008.0,,"Akiba-chan, Otome-chan, Riki-chan, Lillian-chan and Milk-chan are five friends who find themselves in a variety of quirky situations. Whether they are experimenting with an invisibility potion, making homemade chocolates, practicing for a school arts festival or playing games and doing homework, these friends will always have a good time and plenty of fun in the process.",,,,"Akiba-Chan : Ai Shimizu, Lilian-Chan : Ryouka Yuzuki, Miruku-Chan : Saki Fujita, Otome-Chan : Mayuko Omimura, Riki-Chan : Sayori Ishizuka, Junya Okabe
Producer & Director, Akio Watanabe
Character Design, Touko Machida
Screenplay","Junya Okabe : Producer & Director, Akio Watanabe : Character Design, Touko Machida : Screenplay"
Kairaku no Sono, The Garden of Pleasure,Movie,,,,"Abstract, Black and White, Shorts",2.61,2008.0,,A study for the relation between movements and music.,,,,"Masaki Okuda
Director, Erik Satie
Music","Masaki Okuda : Director, Erik Satie : Music"
Space Neko Theater,,Web  ,1.0,,,"Comedy, Animal Protagonists, Cats, Non-Human Protagonists, Shorts",2.59,2008.0,,"Introducing shopping channel Neko, your best source for quality feline programming! Whether Sam sells a special suit for the non-toilet-trained kitty in your life, Mechanekodon battles it out with a powerful hero, or sleepy cats everywhere are shown relief with a special vitamin, there's something for every cat and owner on shopping channel Neko!",,,,"Mary : Tomomi Miyake, Mechanekodon : Dora Fujimoto, Oyaji Neko : Torokoshama, Sam : Kohei Yamaguchi, Sensei Neko : Dora Fujimoto, Student Cat : Natsuki Kamiya, Mia, Jun Aoki
Director",Jun Aoki : Director
Henshin! Odekakeman,,Music,,,,"Slice of Life, Family Friendly",2.59,2008.0,,No synopsis yet - check back soon!,,,,"Tokio Heidi
Director",Tokio Heidi : Director
Kanye West: Good Morning,,Music,,OLM Digital,,"Animal Protagonists, Anthropomorphic, Bears, Non-Human Protagonists, CG Animation",2.54,2008.0,,"The official music video for Good Morning from the album Graduation, by Kanye West.",,,,"Dropout Bear, Ye
Original Creator & Song Composition & Song Lyrics & Song Performance, Takashi Murakami
Director & Character Design, Ira Becky Buccho
Character Design, Kazuhiro Mizuno
Character Design, Masako Izumi
Character Design, Yuichiro Ichige
Character Design & Storyboard, So Hashimoto
Photography Director, Takaaki Wada
Art Director","Ye : Original Creator & Song Composition & Song Lyrics & Song Performance, Takashi Murakami : Director & Character Design, Ira Becky Buccho : Character Design, Kazuhiro Mizuno : Character Design, Masako Izumi : Character Design, Yuichiro Ichige : Character Design & Storyboard, So Hashimoto : Photography Director, Takaaki Wada : Art Director"
Short Animation of Shintaro Kago, Kago Shintarou Anime Sakuhin Shuu,OVA  ,15.0,,,"Abstract, Dark Comedy, Short Episodes, Explicit Sex,, Explicit Violence",2.53,2008.0,,No synopsis yet - check back soon!,"Explicit Sex,, Explicit Violence",,,,
Peeping Life,,TV   ,10.0,CoMix Wave Films,,"Comedy, Slice of Life, Short Episodes",2.53,2008.0,,"This ""slow-life anime"" is part of the datsuryoku-kei (ennui-style) genre of comedy that depicts the listless minutiae of everyday life. The series combines motion-captured improvised acting with computer animation into a series of comedy shorts.",,,"Peeping Life Specials, Peeping Life: The Perfect Emotion, Peeping Life: The Perfect Emotion Specials, Peeping Life: The Perfect Evolution Specials, Peeping Life: The Perfect Evolution, Peeping Life: The Perfect Extension, Peeping Life: The Perfect Explosion, Peeping Life: World History, Peeping Life: YouTuber-kun, Peeping Life: This is Fate!, Peeping Life: This is Fate! 2, Peeping Life x Beppu City Collaboration, Peeping Life: Shinkon-chan Kansai ni Irasshai, Peeping Life TV: Season 1??, Peeping Life x Sanyo","Angry Girlfriend, Black-Haired Man, Black-Haired Woman, Boy On A Picnic Date, Brown-Haired Woman, Chief Inexperienced In Dating, Chief'S Subordinate, Friend Of Mayumi'S Fan, Ryouichi Mori
Director, Detune.
Music","Ryouichi Mori : Director, Detune. : Music"
Master of Martial Hearts, Zettai Shougeki: Platonic Heart,OVA  ,5.0,St. Signpost,,"Action, Ecchi, Hand to Hand Combat, Martial Arts, Panty Shots, Original Work",2.47,2008.0,2009.0,"When school girl Aya Iseshima intervenes in a street fight between a pretty shrine maiden and a busty air hostess, little does she know what trouble she's gotten herself into. Being forced to fight, Aya soon finds herself competing for the Platonic Heart - a prize that will grant your deepest desire. Failure means expulsion to the dark realm, and when original competitor and friend Miko goes missing, Aya finds herself battling against other unique martial artist to find out the truth behind the competition.",,,Master of Martial Hearts Picture Drama,"Aya Iseshima : Kaori Nazuka, Hiroki Honma : Tatsuhisa Suzuki, Miko Kazuki : Ai Nonaka, Natsume Honma : Satomi Akesaka, Suzuko Iseshima : Shelley Calene-Black, Azusa Suma : Akemi Kanda, Emi Daimonji : Ami Koshimizu, Izumi Hayakawa : Hiromi Hirata, Yoshitaka Fujimoto
Director, Masaru Kuba
Music, Naomi Miyata
Character Design, Hidemasa Tasaka
Producer, Keiji Kusano
Producer, Toshio Iizuka
Producer","Yoshitaka Fujimoto : Director, Masaru Kuba : Music, Naomi Miyata : Character Design, Hidemasa Tasaka : Producer, Keiji Kusano : Producer, Toshio Iizuka : Producer"
Arcade Gamer Fubuki Special,,DVD S,,SHAFT,,"Comedy, Shoujo, Based on a Manga",2.47,2008.0,,No synopsis yet - check back soon!,,Arcade Gamer Fubuki,"Game Center Arashi, Arcade Gamer Fubuki","Fubuki Sakuragasaki : Sakura Nogawa, Mine Yoshizaki
Director & Original Creator & Screenplay & Storyboard, Hideyuki Morioka
Character Design & Chief Animation Director & Episode Director & Key Animator, Nobuhiro Oosawa
Producer, Jun Yukawa
Producer","Mine Yoshizaki : Director & Original Creator & Screenplay & Storyboard, Hideyuki Morioka : Character Design & Chief Animation Director & Episode Director & Key Animator, Nobuhiro Oosawa : Producer, Jun Yukawa : Producer"
Bajune Tobeta: Aoi Chou, Aoi Chou,Music,,,,Dream World,2.45,2008.0,,The official music video for Aoi Chou by Bajune Tobeta.,,,,"Bajune Tobeta
Music",Bajune Tobeta : Music
Pussycat,,Other,,,,"Animal Characteristics, Anthropomorphic, Dark Comedy, Kidnapping, No Dialogue, Non-Human Protagonists, Shorts, Stop Motion Animation, Explicit Violence,, Mature Themes",2.19,2008.0,,"A busty feline walks down the road, catching the eye of a jovial pig who invites her into his home. But after drugging the cat-woman for his own nefarious purposes, the pig finds himself violently at odds with a big bad wolf who wants the girl for his own...","Explicit Violence,, Mature Themes",,,"Cat, Pig, Wolf, Takena Nagao
Director",Takena Nagao : Director
Ramen Angel Pretty Menma,"Alt titles: Genshiken 2: Ramen Angel Pretty Menma, Ramen Tenshi Pretty Menma",DVD S,,ARMS,,"Comedy, Magical Girl, Seinen, Angels, Food and Beverage, Henshin Heroes, Magic, Parody, Based on a Manga",2.07,2008.0,,No synopsis yet - check back soon!,,"Genshiken, Kujibiki Unbalance, Ramen Tenshi Pretty Menma","Genshiken, Genshiken OVA, Genshiken 2, Genshiken: Second Generation, Genshiken: Second Generation Specials, Genshiken: Second Generation OVA","Cutie Tonko, Kaoru Torigara, Pretty Menma, Angela Burton, Susanna Hopkins",
Around the World!,,Movie,,,,"Abstract, Shorts",,2008.0,,No synopsis yet - check back soon!,,,,"Naoki Yoshibe
Director, Cranky
Music","Naoki Yoshibe : Director, Cranky : Music"
Yattokame Tanteidan: New Year's Special,,TV Sp,,,,Slice of Life,,2008.0,,No synopsis yet - check back soon!,,,Yattokame Tanteidan,,
Zap Cat,,Movie,,,,"Abstract, No Dialogue, Shorts",,2008.0,,No synopsis yet - check back soon!,,,,"Nobuhiro Aihara
Director, Linda
Music","Nobuhiro Aihara : Director, Linda : Music"
Shinmai,,Web  ,4.0,,,"Comedy, Slice of Life, Short Episodes, Flash Animation",,2008.0,,No synopsis yet - check back soon!,,,,,
Xiaosong Dangjia, Cookie Master,TV   ,100.0,Creative Power Entertaining,,"Comedy, Chibi, Chinese Animation",,2008.0,,No synopsis yet - check back soon!,,,,,
Hulu Xiongdi Movie, Calabash Brothers Movie,Movie,,Shanghai Animation Film Studio,,"Action, Chinese Animation, Family Friendly, Superpowers",,2008.0,,No synopsis yet - check back soon!,,,Hulu Xiongdi,,
Sugai-kun to Kazoku Ishi The Movie,,Movie,,,,"Comedy, Flash Animation",,2008.0,,No synopsis yet - check back soon!,,,Sugai-kun to Kazoku Ishi,,
Nicky,,Movie,,,,Shorts,,2008.0,,No synopsis yet - check back soon!,,,,"Kenji Iwaisawa
Director, Yusuke Odagiri
Music","Kenji Iwaisawa : Director, Yusuke Odagiri : Music"
RE:Map,,Movie,,,,Drama,,2008.0,,No synopsis yet - check back soon!,,,,,
Shinya Doubutsuen,,Movie,,,,Shorts,,2008.0,,No synopsis yet - check back soon!,,,,"Ryo Hirano
Director",Ryo Hirano : Director
Independent Animation Festival the 06th Opening Animation,"Alt titles: Dai 6-kai Indies Anime Festa Opening Eizou, Inde-chan to Zunime",Other,,Ishikawa Pro,,"Opening Animation, Promotional",,2008.0,,No synopsis yet - check back soon!,,,,"Naoya Ishikawa
Director",Naoya Ishikawa : Director
Kakugen! Kakuza Tousan,,TV   ,13.0,,,"Comedy, Short Episodes",,2008.0,,Third season of Kakuza Tousan.,,,"Kakuza Tousan, Gozonji! Kakuza Tousan",,
Perestroika,,OVA  ,12.0,,,"Comedy, Short Episodes",,2008.0,,No synopsis yet - check back soon!,,,,"Ryousuke Aoike
Director, Hitomi Shimizu
Music","Ryousuke Aoike : Director, Hitomi Shimizu : Music"
Way Home,,Movie,,,,"Korean Animation, Shorts",,2008.0,,"Way Home is a story featuring a fly, a dung beetle, and a farmer. Through a tragic episode that is also filled with humor and brightness, I would like to give the viewers an opportunity to think about what they are chasing after and what is truly precious in life.",,,,"Erick Oh
Director, Beatweiser
Music","Erick Oh : Director, Beatweiser : Music"
Symphony,,Movie,,,,"Black and White, No Dialogue, Shorts",,2008.0,,"Symphony portrays a sentient creature trying to escape from a reality of being swept away and assimilated into the mainstream, regardless of its own will.",,,,"Erick Oh
Director, Antonio Vivaldi
Music","Erick Oh : Director, Antonio Vivaldi : Music"
Pittanko! Taiyou-sensei to Pittanko,,Other,,,,"Comedy, School Life",,2008.0,,No synopsis yet - check back soon!,,,"Pittanko! Nekozakana, Pittanko!! Nekozakana 2","Motohiro Shirakawa
Director",Motohiro Shirakawa : Director
Zhi Pengyou,,TV   ,52.0,,,"Chinese Animation, Family Friendly, Short Episodes",,2008.0,,No synopsis yet - check back soon!,,,,,
Zhen Gongfu: Aoyun Zai Wo Jia,,Movie,,,,"Comedy, Chinese Animation",,2008.0,,No synopsis yet - check back soon!,,,,,
Tokyo Onlypic Pictures 2008,,Movie,,Kamikaze Douga,,Promotional,,2008.0,,No synopsis yet - check back soon!,,,,"Takashi Taniguchi
Director, Takanobu Mizuno
Director, Tetsuro Kodama
Director, Yuutarou Sawada
Director, Masaya Kakei
Director, Ac-Bu
Director, Kan Eguchi
Director, Hiroyuki Nakano
Director","Takashi Taniguchi : Director, Takanobu Mizuno : Director, Tetsuro Kodama : Director, Yuutarou Sawada : Director, Masaya Kakei : Director, Ac-Bu : Director, Kan Eguchi : Director, Hiroyuki Nakano : Director"
Nissan Note x The World of Golden Eggs,,Other,,Studio Crocodile,,"Comedy, Commercials, Parody, Promotional, Short Episodes, Original Work",,2008.0,,No synopsis yet - check back soon!,,,The World of Golden Eggs,,
Zet Ranger,,TV   ,26.0,,,"Sci Fi, Family Friendly, Korean Animation, Superheroes, CG Animation, Original Work",,2008.0,,No synopsis yet - check back soon!,,,,,
Kochira Tamago Outou Negaimasu,,OVA  ,1.0,Mushi Production,,"Family Friendly, Pregnancy, Shorts, Based on a Picture Book",,2008.0,,No synopsis yet - check back soon!,,,,"Mitsuko Ooya
Director",Mitsuko Ooya : Director
Kudan,,Movie,,,,"Fantasy, CG Animation",,2008.0,,"As oppose to the mythological creature Minotaur, a monsters of western culture, a Japanese monster Kudan has a human head and the body of cow. Kudan is born from female cow. It speaks human language, predicts significant incidents such as war or disaster and dies in three days. This story is about a man who is accidentally transformed into a Kudan.",,,,"Father, Son",
Leonardo Hakase to Kirin-mura no Nakama-tachi,,TV   ,13.0,Winter 2008,,"Comedy, Animal Protagonists, Non-Human Protagonists, Promotional, Short Episodes, Flash Animation",,2008.0,,No synopsis yet - check back soon!,,,Leonardo Hakase to Kirin-mura no Nakama desho,Doctor Leonardo,
Leonardo Hakase to Kirin-mura no Nakama desho,,TV   ,26.0,Spring 2008,,"Comedy, Animal Protagonists, Non-Human Protagonists, Promotional, Short Episodes, Flash Animation",,2008.0,,No synopsis yet - check back soon!,,,Leonardo Hakase to Kirin-mura no Nakama-tachi,,
Buildings,,OVA  ,1.0,,,"Fantasy, Family Friendly, No Dialogue, Shorts",,2008.0,,No synopsis yet - check back soon!,,,,"Tomoyoshi Joko
Director",Tomoyoshi Joko : Director
Nainai Yu Xiao Xi, Nelly & Caesar,TV   ,52.0,,,"Animal Protagonists, Anthropomorphic, Chinese Animation, Family Friendly, Non-Human Protagonists, Short Episodes, Based on a Picture Book",,2008.0,,No synopsis yet - check back soon!,,,,,
Byulbyul Iyagi 2,,Other,,,,"Family Friendly, Korean Animation, Stop Motion Animation",,2008.0,,No synopsis yet - check back soon!,,,Byulbyul Iyagi,,
Little Village People,,TV   ,15.0,Summer 2008,,"Parody, Short Episodes, Original Work",,2008.0,,No synopsis yet - check back soon!,,,,"Hideyuki Tanaka
Director, Dj Tasaka
Music, Yoshikazu Iwanami
Sound Director, Kazumasa Watanabe
Producer, Motoki Shiina
Screenplay, Seiichirou Oomori
Animation Director","Hideyuki Tanaka : Director, Dj Tasaka : Music, Yoshikazu Iwanami : Sound Director, Kazumasa Watanabe : Producer, Motoki Shiina : Screenplay, Seiichirou Oomori : Animation Director"
Pleasant Goat Sports Game, Xi Yangyang Yu Hui Tailang Zhi Yangyang Yundonghui,TV   ,60.0,Creative Power Entertaining,,"Adventure, Sports, Animal Protagonists, Anthropomorphic, Chinese Animation, Family Friendly, Non-Human Protagonists, Original Work",,2008.0,2009.0,No synopsis yet - check back soon!,,,"Pleasant Goat and Big Big Wolf, Pleasant Goat and Big Big Wolf: Joys of Seasons",,
Fu Wu Shu: 36 Ji, Five Lucky Mouse,TV   ,36.0,,,"Adventure, Animal Protagonists, Anthropomorphic, Chinese Animation, Family Friendly",,2008.0,,No synopsis yet - check back soon!,,,Fu Wu Shu: Sunzi Bingfa,,
Koutetsu Sangokushi Special,,DVD S,,Picture Magic,,"Action, Ancient China, Romance of the Three Kingdoms, Original Work",,2008.0,,No synopsis yet - check back soon!,,Koutetsu Sangokushi,Koutetsu Sangokushi,"Ryoutou Kouseki, Sonken Chuubou",
Lemon’s Road, Lemon no Michi,Movie,,Tomoyasu Murata Company,,"Drama, Shorts, Stop Motion Animation",,2008.0,,No synopsis yet - check back soon!,,,Indigo Road,"Tomoyasu Murata
Director",Tomoyasu Murata : Director
Shuimu Antusheng Tonghua Gushi,,TV   ,200.0,,,"Chinese Animation, Short Episodes",,2008.0,,No synopsis yet - check back soon!,,,,,
Jiayou Baobei,,TV   ,50.0,,,"Animal Protagonists, Anthropomorphic, Chinese Animation, Family Friendly, Short Episodes",,2008.0,,No synopsis yet - check back soon!,,,,,
"The Place, Where We Were", Angel,Movie,,,,"Abstract, Black and White, Shorts",,2008.0,,"A couple as seen at home. The woman says a heartfelt prayer while the man looks up from his newspaper, holding a cup of tea. They both look out of the window. In the sky above their house a giant angel is flying past.",,,,"Naoyuki Tsuji
Director, Makiko Takanashi
Music","Naoyuki Tsuji : Director, Makiko Takanashi : Music"
Linebarrels of Iron Picture Drama, Kurogane no Linebarrels Picture Drama,DVD S,,,,Picture Drama,,2008.0,2009.0,Picture drama episodes included in the DVD volumes of Linebarrels of Iron.,,,"Linebarrels of Iron, Linebarrels of Iron Specials",,
Hapi Fu Zi 2, Happy Father Happy Son 2,TV   ,52.0,,,"Comedy, Anthropomorphic, Chinese Animation, Family Friendly, Non-Human Protagonists, Short Episodes",,2008.0,,No synopsis yet - check back soon!,,,"Hapi Fu Zi, Hapi Fa Zi: Yi Shui Jingang",,
Geunyeoneun Yeppeotda,,Movie,,,,"Romance, Korean Animation",,2008.0,,"Three thirty-something friends meet each other for the first time in ten years. But when one of them goes on a blind date with a gorgeous girl, things become quite complicated.",,,,Il-Kwon Baek,
Momotaros Kiba tte Ikuze!, Momotaros' Let's Go Kiva!,Other,,,,"Comedy, Chibi, Parody, Shorts, Superheroes, Superpowers",,2008.0,,"Alongside Climax Deka, the animated short Momotaros' Let's Go Kiva! was shown as a double feature and is a Momotion Picture, much like Momotaros' Summer Vacation in using live action photographs, 3D computer graphics, and traditional animation. In it, Kivat describes the history of motion pictures until Momotaros knocks him off and wonders what kind of movie they're going to be in.",,,"Momotaros no Natsuyasumi, Kamen Rider Den-O: Imagin Anime",,
Merry go round,,Movie,,,,"Abstract, No Dialogue, Shorts",,2008.0,,No synopsis yet - check back soon!,,,,"Tomoyasu Murata
Director",Tomoyasu Murata : Director
Yanase Takashi Maerchen Gekijou,,OVA  ,30.0,,,Family Friendly,,2008.0,,No synopsis yet - check back soon!,,,,"Minoru Oohara
Director",Minoru Oohara : Director
Chibinacs 3,,TV   ,25.0,Summer 2008,,"Comedy, Chibi, Short Episodes",,2008.0,,No synopsis yet - check back soon!,,,Chibinacs 2.0,,
Kotatsu-shita no Christmas,,Other,,,,"Christianity, Christmas, No Dialogue, Religion, Shorts",,2008.0,,No synopsis yet - check back soon!,,,,"Tarafu Otani
Director",Tarafu Otani : Director
Shuimu Baobao Kan Shijie,,TV   ,800.0,,,"Chinese Animation, Family Friendly, Short Episodes",,2008.0,,No synopsis yet - check back soon!,,,,,
Shuimu Xuetang,,TV   ,50.0,,,"Chinese Animation, Family Friendly, Short Episodes",,2008.0,,No synopsis yet - check back soon!,,,Shuimu Xuetang 2nd Season,,
Kuaile Xing Mao,,TV   ,208.0,,,"Fantasy, Animal Protagonists, Cats, Chinese Animation, Family Friendly",,2008.0,2015.0,No synopsis yet - check back soon!,,,"Kuaile Xing Mao: Shuihu Zhuan, Kuaile Xing Mao Zhi Mingsheng Pian",,
Taoqi Bao Ma Xiaotiao TV,,TV   ,104.0,,,"Comedy, Chinese Animation, Short Episodes",,2008.0,,No synopsis yet - check back soon!,,,Taoqi Bao Ma Xiaotiao,,
Hare Butai, Minna no Uta: Hare Butai,Music,,Spooky Graphic,,"Family Friendly, Minna no Uta",,2008.0,,No synopsis yet - check back soon!,,,,"Jero
Song Performance, Ataru Nakamura
Song Composition & Song Lyrics, Gou Suzuki
Song Arrangement","Jero : Song Performance, Ataru Nakamura : Song Composition & Song Lyrics, Gou Suzuki : Song Arrangement"
Huo Xing Wa: Yuzhou Yaoshi,,TV   ,52.0,,,"Chinese Animation, Family Friendly, Short Episodes",,2008.0,,No synopsis yet - check back soon!,,,,,
Pull Out: Phlegmatically Lamp,,Music,,,,Abstract,,2008.0,,"The official music video for Phlegmatically Lamp, by Pull Out.",,,,"Shane Lester
Director, Pull Out
Song Performance","Shane Lester : Director, Pull Out : Song Performance"
Jia You Jiu Shen,,TV   ,52.0,,,"Chinese Animation, Historical",,2008.0,,No synopsis yet - check back soon!,,,,,
Space circus, Floating world,Movie,,,,"Abstract, No Dialogue, Shorts",,2008.0,,No synopsis yet - check back soon!,,,,"Tomoyasu Murata
Director",Tomoyasu Murata : Director
Adamski,,Movie,,,,"Abstract, Black and White, No Dialogue, Shorts, Stop Motion Animation",,2008.0,,A subjective view of an UFO. Shot frame-by-frame along the Tama River.,,,,"Mirai Mizue
Director",Mirai Mizue : Director
Shiritori Oukoku,,Other,,,,"Short Episodes, Stop Motion Animation",,2008.0,,No synopsis yet - check back soon!,,,,,
