Name,Japanese_name,Type,Episodes,Studio,Release_season,Tags,Rating,Release_year,End_year,Description,Content_Warning,Related_Mange,Related_anime,Voice_actors,staff
Haikyuu!! Karasuno High School vs Shiratorizawa Academy, Haikyuu!! Karasuno Koukou vs Shiratorizawa Gakuen Koukou,TV   ,10.0,Production I.G,Fall ,"Shounen, Sports, Animeism, School Club, School Life, Tournaments, Volleyball, Based on a Manga",4.53,2016.0,,"'Picking up where the second season ended, the boys prepare to finally face off for the right to represent the prefecture in the volleyball national championship. Despite being known as “The Fallen Champions,” Karasuno is determined to take down the powerhouse that is the Shiratorizawa High volleyball team. As Hinata comes closer to fulfilling his promise to defeat Ushijima’s team, will the “Flightless Crows” finally find their wings and soar above the best school in the prefecture?'",,"Haikyuu!! (Pilot), Haikyuu!!, Haikyuu-bu!!","Haikyuu!!, Haikyuu!! Lev Kenzan!, Haikyuu!! Second Season, Haikyuu!! vs. ""Akaten"", Haikyuu!! Tokushuu! Harukou Volley ni Kaketa Seishun, Haikyuu!! Movie 4: Battle of Concepts, Haikyuu!! To the Top, Haikyuu!! Riku vs Kuu, Haikyuu!! To the Top: Part II","Shoyo Hinata : Ayumu Murase, Tobio Kageyama : Kaito Ishikawa, Asahi Azumane : Yoshimasa Hosoya, Daichi Sawamura : Satoshi Hino, Hitoka Yachi : Sumire Morohoshi, Ittetsu Takeda : Hiroshi Kamiya, Keishin Ukai : Hisao Egawa, Kei Tsukishima : Kouki Uchiyama, Haruichi Furudate
Original Creator, Susumu Mitsunaka
Director, Yuuki Hayashi
Music, Asami Tachibana
Music, Takahiro Kishida
Character Design, Tomoyuki Saitou
Producer, Toshihiro Maeda
Producer, Kozue Kaneniwa
Producer","Haruichi Furudate : Original Creator, Susumu Mitsunaka : Director, Yuuki Hayashi : Music, Asami Tachibana : Music, Takahiro Kishida : Character Design, Tomoyuki Saitou : Producer, Toshihiro Maeda : Producer, Kozue Kaneniwa : Producer"
your name., Kimi no Na wa.,Movie,,CoMix Wave Films,,"Drama, Romance, Body Swapping, Gender Bender, Opposites Attract, School Life, Supernatural, Original Work",4.51,2016.0,,"'Mitsuha and Taki are two total strangers living completely different lives. But when\xa0Mitsuha makes a wish to leave her mountain town and for the bustling city of Tokyo,\xa0they become connected in a bizarre way. She dreams she is a boy living in Tokyo while\xa0Taki dreams he is a girl from a rural town he’s never been to.\xa0What does their newfound\xa0connection mean? And how will it bring them together?'",,"your name., your name. (Light Novel), your name. Another Side: Earthbound (Light Novel), your name. Another Side: Earthbound","Suntory Minami Alps no Tennen Mizu, RADWIMPS: Sparkle","Mitsuha Miyamizu : Mone Kamishiraishi, Taki Tachibana : Ryunosuke Kamiki, Katsuhiko Teshigawara : Ryou Narita, Miki Okudera : Masami Nagasawa, Sayaka Natori : Aoi Yuuki, Tsukasa Fujii : Nobunaga Shimazaki, Futaba Miyamizu : Sayaka Oohara, Hitoha Miyamizu : Etsuko Ichihara, Makoto Shinkai
Director & Editor & Original Creator & Screenplay & Storyboard, Radwimps
Music & Song Arrangement & Song Performance, Masashi Andou
Animation Director & Character Design, Masayoshi Tanaka
Animation Director & Character Design & Key Animator, Hitomi Fukuzawa
Photography Director, Akiko Majima
Art Director, Takumi Tanji
Art Director, Tasuku Watanabe
Art Director","Makoto Shinkai : Director & Editor & Original Creator & Screenplay & Storyboard, Radwimps : Music & Song Arrangement & Song Performance, Masashi Andou : Animation Director & Character Design, Masayoshi Tanaka : Animation Director & Character Design & Key Animator, Hitomi Fukuzawa : Photography Director, Akiko Majima : Art Director, Takumi Tanji : Art Director, Tasuku Watanabe : Art Director"
A Silent Voice, Koe no Katachi,Movie,,Kyoto Animation,,"Drama, Shounen, Disability, Melancholy, Mental Illness, School Life, Based on a Manga, Bullying,, Mature Themes,, Suicide",4.51,2016.0,,"'After transferring into a new school, a deaf girl, Shouko Nishimiya, is bullied by the popular Shouya Ishida. As Shouya continues to bully Shouko, the class turns its back on him. Shouko transfers and Shouya\xa0grows up as an outcast. Alone and depressed, the regretful Shouya finds Shouko to make amends.'","Bullying,, Mature Themes,, Suicide","A Silent Voice (Pilot), A Silent Voice, A Silent Voice Special Book",A Silent Voice Specials,"Shouko Nishimiya : Saori Hayami, Shouya Ishida : Miyu Irino, Miki Kawai : Megumi Han, Miyoko Sahara : Yui Ishikawa, Naoka Ueno : Yuki Kaneko, Shouya'S Mother : Satsuki Yukino, Tomohiro Nagatsuka : Kensho Ono, Yuzuru Nishimiya : Aoi Yuuki, Yoshitoki Ooima
Original Creator, Naoko Yamada
Director & Storyboard, Kensuke Ushio
Music, Futoshi Nishiya
Animation Director & Character Design & Chief Animation Director, Kazuya Takao
Photography Director, Mutsuo Shinohara
Art Director, Naomi Ishida
Color Design, Youta Tsuruoka
Sound Director","Yoshitoki Ooima : Original Creator, Naoko Yamada : Director & Storyboard, Kensuke Ushio : Music, Futoshi Nishiya : Animation Director & Character Design & Chief Animation Director, Kazuya Takao : Photography Director, Mutsuo Shinohara : Art Director, Naomi Ishida : Color Design, Youta Tsuruoka : Sound Director"
Assassination Classroom 2nd Season, Ansatsu Kyoushitsu 2nd Season,TV   ,25.0,Lerche,Winter,"Action, Comedy, Sci Fi, Shounen, Assassins, Non-Human Protagonists, Overpowered Main Characters, Parody, School Life, Teaching, Based on a Manga",4.4,2016.0,,"""Class 3E is about to begin their second semester! And while some things have changed, the class assignment is still the same: kill their teacher before the end of the year! Easier said than done since Koro Sensei's made it clear he won't go down without a fight. Will these students be able to take down the tentacled monster that moves at Mach 20 before he can destroy the world?""",,"Assassination Classroom, Koro-sensei Q!","Assassination Classroom: Jump Festa 2013 Special, Assassination Classroom Episode 0: Deai no Jikan, Assassination Classroom, Koro-sensei Quest!, Assassination Classroom 2nd Season: Kagaijugyou-hen, Assassination Classroom The Movie: 365 Days' Time, Koro-sensei Q!","Koro-Sensei : Jun Fukuyama, Nagisa Shiota : Mai Fuchigami, Gakuhou Asano : Shou Hayami, Gakushu Asano : Mamoru Miyano, Irina Jelavic : Shizuka Itou, Itona Horibe : Megumi Ogata, Kaede Kayano : Aya Suzaki, Karma Akabane : Nobuhiko Okamoto, Yusei Matsui
Original Creator, Seiji Kishi
Director, Makoto Uezu
Screenplay & Series Composition, Naoki Satou
Music, Kazuaki Morita
Character Design, Ryuuji Hirakawa
Photography Director, Kazuto Shimoyama
Art Director, Ayumi Miyakoshi
Art Director","Yusei Matsui : Original Creator, Seiji Kishi : Director, Makoto Uezu : Screenplay & Series Composition, Naoki Satou : Music, Kazuaki Morita : Character Design, Ryuuji Hirakawa : Photography Director, Kazuto Shimoyama : Art Director, Ayumi Miyakoshi : Art Director"
Natsume's Book of Friends Season 5, Natsume Yuujinchou Go,TV   ,11.0,Shuka,Fall ,"Drama, Shoujo, Slice of Life, Bodyguards, Cats, Countryside, Episodic, Iyashikei, Japanese Mythology, Orphans, Supernatural, Youkai, Based on a Manga",4.4,2016.0,,"'Takashi Natsume is a boy who\'s been able to see youkai ever since he was a child. Ever since he inherited the ""Book of Friends"" from his grandmother Reiko, he and his self-proclaimed bodyguard Nyanko-sensei have spent their days returning names to the youkai who are bound by the book. As he meets the different youkai and people, he finds himself with many more things that he cares about. He wonders whether it\'s right to keep secrets to protect someone as little by little he works up the courage to build even more friendships.'",,"Natsume's Book of Friends, Natsume's Book of Friends (Light Novel), Nyanko-sensei ga Iku!","Natsume's Book of Friends, Natsume's Book of Friends Season 2, Zoku Natsume Yuujinchou: 3D Nyanko-sensei Gekijou, Natsume's Book of Friends Season 3, Natsume's Book of Friends Season 4, Natsume's Book of Friends: Nyanko-sensei & The First Errand, Natsume Yuujinchou: Itsuka Yuki no Hi ni, Natsume's Book of Friends Season 5 Specials, Natsume's Book of Friends Season 6, Natsume's Book of Friends Movie: Ephemeral Bond, Natsume's Book of Friends Movie 2","Nyanko-Sensei : Sanae Kobayashi, Takashi Natsume : Hiroshi Kamiya, Kaname Tanuma : Kazuma Horie, Seiji Matoba : Junichi Suwabe, Shuichi Natori : Akira Ishida, Tooru Taki : Rina Satou, Touko Fujiwara : Miki Itou, Acorn-Eating Youkai, Yuki Midorikawa
Original Creator, Takahiro Oomori
Chief Director, Kotomi Deai
Director, Makoto Yoshimori
Music, Akira Takada
Character Design, Sayako Muramatsu
Producer, Shuko Yokoyama
Producer, Fumi Yazaki
Producer","Yuki Midorikawa : Original Creator, Takahiro Oomori : Chief Director, Kotomi Deai : Director, Makoto Yoshimori : Music, Akira Takada : Character Design, Sayako Muramatsu : Producer, Shuko Yokoyama : Producer, Fumi Yazaki : Producer"
Yona of the Dawn: Zeno Arc, Akatsuki no Yona: Zeno Arc,OVA  ,2.0,Pierrot,,"Action, Adventure, Drama, Fantasy, Romance, Shoujo, Death of a Loved One, Orphans, Political, Royalty, Based on a Manga, Violence",4.37,2016.0,,"'The two anime episodes will completely cover the Zeno Arc, which tells the backstory of the character Zeno.'",Violence,"Yona of the Dawn, Akatsuki no Yona (Light Novel)","Yona of the Dawn, Yona of the Dawn OVA","Zeno : Hiro Shimono, Abi : Nobuhiko Okamoto, Guen : Masakazu Morita, Shuten : Junichi Suwabe, Ao : Mitsuru Miyamoto, Ao : Nozomi Yamamoto, Hak Son : Tomoaki Maeno, Jae-Ha : Junichi Suwabe, Mizuho Kusanagi
Original Creator, Kazuhiro Yoneda
Director","Mizuho Kusanagi : Original Creator, Kazuhiro Yoneda : Director"
JoJo's Bizarre Adventure: Diamond is Unbreakable, JoJo no Kimyou na Bouken: Diamond wa Kudakenai,TV   ,39.0,David Production,Spring,"Action, Mystery, Shounen, Proxy Battles, Supernatural, Based on a Manga, Animal Abuse,, Mature Themes,, Violence",4.37,2016.0,,"""It has been 11 years since the defeat of the Joestar's arch nemesis, Dio. In 1999, Jotaro Kujo went to Morioh in S City in M Prefecture, Japan, to find his grandfather, Joseph Joestar's secret child, Josuke Higashikata. However, Josuke had the same ability as Jotaro, the Stand. And as though Jotaro was summoning them, a new group of Stand Users start to make their moves. There's something in this town... Josuke rises up to save Morioh, his hometown that he grew up in.""","Animal Abuse,, Mature Themes,, Violence","JoJo's Bizarre Adventure Part 1: Phantom Blood, JoJo's Bizarre Adventure Part 2: Battle Tendency, JoJo's Bizarre Adventure Part 3: Stardust Crusaders, JoJo's Bizarre Adventure Part 4: Diamond is Unbreakable, JoJo's Bizarre Adventure Part 5: Golden Wind, JoJo's Bizarre Adventure Part 6: Stone Ocean, JoJo's Bizarre Adventure Part 7: Steel Ball Run, The Book: JoJo's Bizarre Adventure 4th Another Day (Light Novel), Rohan at the Louvre, JoJo's Bizarre Adventure Part 8: Jojolion, Purple Haze Feedback: From JoJo's Bizarre Adventure (Light Novel), Jorge Joestar (Light Novel), JoJo's Bizarre Adventure: Crazy Diamond's Demonic Heartbreak","JoJo's Bizarre Adventure, JoJo's Bizarre Adventure (2000), JoJo's Bizarre Adventure: Phantom Blood, JoJo's Bizarre Adventure (2012), JoJo's Bizarre Adventure: Stardust Crusaders, JoJo’s Bizarre Adventure: Stardust Crusaders - Battle in Egypt, Thus Spoke Kishibe Rohan, JoJo's Bizarre Adventure: Golden Wind, JoJo's Bizarre Adventure: Stone Ocean","Josuke Higashikata : Yuuki Ono, Koichi Hirose : Yuuki Kaji, Okuyasu Nijimura : Wataru Takagi, Hayato Kawajiri : Rina Satou, Jotaro Kujo : Daisuke Ono, Rohan Kishibe : Takahiro Sakurai, Yoshikage Kira : Toshiyuki Morikawa, Yukako Yamagishi : Mamiko Noto, Hirohiko Araki
Original Creator, Toshiyuki Katou
Director, Naokatsu Tsuda
Director, Yasuko Kobayashi
Series Composition, Yuugo Kanno
Music, Terumi Nishii
Character Design, Kazuhiro Yamada
Photography Director, Yoshikazu Iwanami
Sound Director","Hirohiko Araki : Original Creator, Toshiyuki Katou : Director, Naokatsu Tsuda : Director, Yasuko Kobayashi : Series Composition, Yuugo Kanno : Music, Terumi Nishii : Character Design, Kazuhiro Yamada : Photography Director, Yoshikazu Iwanami : Sound Director"
Doukyuusei, Doukyuusei -Classmates-,Movie,,A-1 Pictures,,"BL, Drama, Romance, Shounen-ai, All-Boys School, LGBT Themes, Opposites Attract, School Life, Based on a Manga",4.35,2016.0,,"""Rihito Sajou is an honor student with perfect scores in every subject on his high school entrance exam. Hikaru Kusakabe plays guitar in his band that performs at live events and is popular among the girls. These boys would have never crossed paths. But one day Hikaru offers to help Rihito\xa0prepare for their upcoming chorus festival and the two begin to talk. As the two meet after school, they bond through songs and begin to harmonize as their hearts beat together. It starts out slowly but soon their feelings for one another grow and suddenly they both realize that they are in love. Hikaru's emotions are frivolous, pure and direct causing Rihito\xa0to hesitate at first, but he gradually opens his heart. The boys learn about each other, as well as themselves, as they support one another during this difficult time in their youth.As the time to start thinking about their futures approaches, what do these young men find as they try to move forward...""",,"Classmates, Graduate, Sora & Hara, O.B., Doukyuusei: Gold Ring & Silver Ring, Futarigurashi",,"Hikaru Kusakabe : Hiroshi Kamiya, Rihito Sajou : Kenji Nojima, Manabu Hara : Hideo Ishikawa, Tani : Atsushi Kousaka, Hashimoto : Kenta Sasa, Miki : Yurino, Miki'S Friend : Mami Takakuda, Nori, Asumiko Nakamura
Original Creator, Shouko Nakamura
Director & Episode Director & Key Animator & Storyboard, Kotaro Oshio
Music & Song Composition & Song Performance, Akemi Hayashi
Animation Director & Character Design & Chief Animation Director & Episode Director & Storyboard, Yukiko Nagase
Photography Director, Chieko Nakamura
Art Director, Ritsuko Utagawa
Color Design, Akiko Fujita
Sound Director","Asumiko Nakamura : Original Creator, Shouko Nakamura : Director & Episode Director & Key Animator & Storyboard, Kotaro Oshio : Music & Song Composition & Song Performance, Akemi Hayashi : Animation Director & Character Design & Chief Animation Director & Episode Director & Storyboard, Yukiko Nagase : Photography Director, Chieko Nakamura : Art Director, Ritsuko Utagawa : Color Design, Akiko Fujita : Sound Director"
ERASED, Boku dake ga Inai Machi,TV   ,12.0,A-1 Pictures,Winter,"Drama, Mystery, Seinen, Age Transformation, Crime, Death of a Loved One, Dysfunctional Families, Melancholy, noitaminA, Serial Killers, Supernatural, Thriller, Time Travel, Based on a Manga, Animal Abuse,, Mature Themes,, Physical Abuse,, Domestic Abuse",4.35,2016.0,,"""Satoru Fujinuma is a reclusive part-timer with no plans for the future. What sets him apart from the other slackers in his town is an involuntary time travel ability that allows him to jump back several seconds in time in order to prevent accidents and even deaths. As incidents around town begin reminding Satoru of a childhood trauma he'd sooner forget, he finally begins to question what caused his ability to surface and whether or not it's powerful enough to change the past.""","Animal Abuse,, Mature Themes,, Physical Abuse,, Domestic Abuse","Erased, Erased: Re:",ERASED Recaps,"Kayo Hinazuki : Aoi Yuuki, Satoru Fujinuma : Tao Tsuchiya, Airi Katagiri : Chinatsu Akasaki, Gaku Yashiro : Mitsuru Miyamoto, Hiromi Sugita : Atsushi Tamaru, Kazu : Yukitoshi Kikuchi, Kenya Kobayashi : You Taichi, Osamu : Ayaka Nanase, Kei Sanbe
Original Creator, Tomohiko Itou
Director, Yuki Kajiura
Music, Keigo Sasaki
Character Design, Yoshikazu Iwanami
Sound Director, Kenta Suzuki
Producer, Taku Matsuo
Producer, Shigeru Nishiyama
Editor","Kei Sanbe : Original Creator, Tomohiko Itou : Director, Yuki Kajiura : Music, Keigo Sasaki : Character Design, Yoshikazu Iwanami : Sound Director, Kenta Suzuki : Producer, Taku Matsuo : Producer, Shigeru Nishiyama : Editor"
Mob Psycho 100,,TV   ,12.0,Bones,Summer,"Action, Comedy, Exorcists, Overpowered Main Characters, Psychic Powers, Psychological, School Life, Supernatural, Superpowers, Based on a Manga, Violence",4.33,2016.0,,"'Kageyama Shigeo, a.k.a. ""Mob,"" is a boy who has trouble expressing himself, but who happens to be a powerful esper. Mob is determined to live a normal life and keeps his ESP suppressed, but when his emotions surge to a level of 100%, something terrible happens to him! As he\'s surrounded by false espers, evil spirits, and mysterious organizations, what will Mob think? What choices will he make?'",Violence,"Mob Psycho 100, Mob Psycho 100: Reigen","Mob Psycho Mini, Mob Psycho 100 Reigen: The Miraculous Unknown Psychic, Mob Psycho 100 II, Mob Psycho 100 II: The First Spirits and Such Company Trip - A Journey that Mends the Heart and Heals the Soul","Shigeo Kageyama : Setsuo Ito, Arataka Reigen : Takahiro Sakurai, Ekubo : Akio Ootsuka, Ritsu Kageyama : Miyu Irino, Shinji Kamuro : Kouji Yusa, Tenga Onigawara : Yoshimasa Hosoya, Teruki Hanazawa : Yoshitsugu Matsuoka, Akagi : Ryuunosuke Watanuki, One
Original Creator, Yuzuru Tachikawa
Director, Hiroshi Seko
Series Composition, Kenji Kawai
Music, Yoshimichi Kameda
Character Design, Hirotsugu Ogisu
Producer, Jun Fukuda
Producer, Yukihiro Itou
Producer","One : Original Creator, Yuzuru Tachikawa : Director, Hiroshi Seko : Series Composition, Kenji Kawai : Music, Yoshimichi Kameda : Character Design, Hirotsugu Ogisu : Producer, Jun Fukuda : Producer, Yukihiro Itou : Producer"
My Hero Academia, Boku no Hero Academia,TV   ,13.0,Bones,Spring,"Action, Comedy, Drama, Sci Fi, Shounen, School Life, Superheroes, Superpowers, Weak to Strong, Based on a Manga, Violence",4.31,2016.0,,"'Izuku has dreamt of being a hero all his life—a lofty goal for anyone, but especially challenging for a kid with no superpowers. That’s right, in a world where eighty percent of the population has some kind of super-powered “quirk,” Izuku was unlucky enough to be born completely normal. But that’s not going to stop him from enrolling in one of the world’s most prestigious hero academies. Now, the only thing standing between him and his first class is the academy’s formidable entrance exam—nothing a little private tutoring from the world’s mightiest hero can’t solve.'",Violence,"Boku no Hero, My Hero Academia, My Hero Academia: Smash!!, My Hero Academia: School Briefs (Light Novel), My Hero Academia: Vigilantes, My Hero Academia: Kitto Daremo ga Dareka no Hero, My Hero Academia Movie: Two Heroes (Light Novel), My Hero Academia: All Might Rising, My Hero Academia: Team Up Missions, Deku and Bakugo Rising, My Hero Academia Movie 2: Heroes:Rising (Light Novel), My Hero Academia Special Spin-Off: Endeavor's Mission","My Hero Academia: Jump Festa 2016 Special, My Hero Academia: Hero Notebook, My Hero Academia 2, My Hero Academia Movie: Two Heroes, My Hero Academia Movie 2: Heroes:Rising, My Hero Academia Movie 3: World Heroes' Mission","All Might : Kenta Miyake, Izuku Midoriya : Akeno Watanabe, Denki Kaminari : Tasuku Hatanaka, Eijiro Kirishima : Toshiki Masuda, Fumikage Tokoyami : Yoshimasa Hosoya, Katsuki Bakugo : Nobuhiko Okamoto, Kurogiri : Takahiro Fujiwara, Kyoka Jiro : Kei Shindou, Kouhei Horikoshi
Original Creator, Kenji Nagasaki
Director, Yuuki Hayashi
Music, Yoshihiko Umakoshi
Character Design, Shigemi Ikeda
Art Director, Wakana Okamura
Producer, Kazumasa Sanjouba
Producer, Hiroshi Kamei
Producer","Kouhei Horikoshi : Original Creator, Kenji Nagasaki : Director, Yuuki Hayashi : Music, Yoshihiko Umakoshi : Character Design, Shigemi Ikeda : Art Director, Wakana Okamura : Producer, Kazumasa Sanjouba : Producer, Hiroshi Kamei : Producer"
Yuri!!! on Ice,,TV   ,12.0,MAPPA,Fall ,"Drama, Sports, Adult Couples, Ice Skating, Rivalries, Tournaments, Original Work",4.31,2016.0,,"""Yuuri Katsuki carried the hope of all Japan on his shoulders in the Figure Skating Grand Prix, but suffered a crushing defeat in the finals. He returned to his hometown in Kyushu and hid away in his family's home, half wanting to continue skating and half wanting to retire. That was when the five-time consecutive world champion, Viktor Nikiforov, suddenly showed up with his teammate, Yuuri Plisetsky, a young skater starting to surpass his seniors. And so the two Yuuris and the Russian champion Viktor set out to compete in a Grand Prix like none the world has ever seen!""",,,"Yuri!!! on Ice Movie, Yuri!!! on Ice: Welcome to The Madness","Victor Nikiforov : Junichi Suwabe, Yuri Plisetsky : Kouki Uchiyama, Yuuri Katsuki : Toshiyuki Toyonaga, Christophe Giacometti : Hiroki Yasumoto, Jean Jack Leroy : Mamoru Miyano, Lilia Baranovskaya : Seiko Tamura, Makkachin, Otabek Altin : Yoshimasa Hosoya, Jun Shishido
Chief Director, Sayo Yamamoto
Director, Tarou Umebayashi
Music & Song Arrangement & Song Composition, Taku Matsushiba
Music & Song Composition, Mitsurou Kubo
Character Design, Hideo Katsumata
Producer, Junpei Tatenaka
Key Animator, Satoru Kusuda
Key Animator","Jun Shishido : Chief Director, Sayo Yamamoto : Director, Tarou Umebayashi : Music & Song Arrangement & Song Composition, Taku Matsushiba : Music & Song Composition, Mitsurou Kubo : Character Design, Hideo Katsumata : Producer, Junpei Tatenaka : Key Animator, Satoru Kusuda : Key Animator"
The Disastrous Life of Saiki K., Saiki Kusuo no Psi Nan,TV   ,120.0,J.C.Staff,Summer,"Comedy, Shounen, Slice of Life, Breaking the Fourth Wall, Gag, Psychic Powers, School Life, Short Episodes, Supernatural, Superpowers, Based on a Manga",4.3,2016.0,,"""Kusuo Saiki is a typical 16-year-old high school student… except he has psychic powers. He can use them to get whatever he wants, but he also knows everything that people are thinking. Everything. No surprises, no secrets, no normal human experiences. He's kept his powers in check since childhood, but with the temptations of high school now on his mind, he's bending the rules—and spoons.""",,Saiki Kusuo no Ψ Nan,"The Disastrous Life of Saiki K. (2013), The Disastrous Life of Saiki K. 2nd Season, The Disastrous Life of Saiki K. 3, The Disastrous Life of Saiki K. - Reawakened","Kusuo Saiki : Hiroshi Kamiya, Riki Nendou : Daisuke Ono, Shun Kaidou : Nobunaga Shimazaki, Aren Kuboyasu : Yoshimasa Hosoya, Chisato Mera : Maaya Uchida, Chiyo Yumehara : Yukari Tamura, Kineshi Hairo : Satoshi Hino, Kokomi Teruhashi : Ai Kayano, Shuichi Asou
Original Creator, Hiroaki Sakurai
Director, Psychic Lover
Music, Masayuki Onji
Character Design, Sayako Muramatsu
Producer, Tomoya Negishi
Producer, Jun Fukuda
Producer, Hitoshi Yagi
Producer","Shuichi Asou : Original Creator, Hiroaki Sakurai : Director, Psychic Lover : Music, Masayuki Onji : Character Design, Sayako Muramatsu : Producer, Tomoya Negishi : Producer, Jun Fukuda : Producer, Hitoshi Yagi : Producer"
Kizumonogatari Part 2: Nekketsu, Kizumonogatari Part 2: Nekketsu-hen,Movie,,SHAFT,,"Action, Ecchi, Psychological, Supernatural, Vampires, Based on a Light Novel, Explicit Violence",4.29,2016.0,,'Part 2 of the Kizumonogatari trilogy.',Explicit Violence,"Kizumonogatari: Wound Tale (Light Novel), Bakemonogatari","Bakemonogatari, Bakemonogatari Recap, Nisemonogatari, Nekomonogatari (Black), Monogatari Series: Second Season, Hanamonogatari, Tsukimonogatari, Owarimonogatari, Kizumonogatari Part 1: Tekketsu, Koyomimonogatari, Kizumonogatari Part 3: Reiketsu, Owarimonogatari II, Zoku Owarimonogatari","Koyomi Araragi : Hiroshi Kamiya, Shinobu Oshino : Maaya Sakamoto, Tsubasa Hanekawa : Yui Horie, Dramaturgie : Masashi Ebara, Episode : Miyu Irino, Guillotine Cutter : Houchuu Ootsuka, Meme Oshino : Takahiro Sakurai, Nisioisin
Original Creator, Vofan
Original Character Design, Akiyuki Simbo
Chief Director & Series Composition, Tatsuya Oishi
Director & Storyboard, Shaft
Series Composition, Satoru Kousaki
Music & Song Arrangement & Song Composition, Akio Watanabe
Character Design, Hideyuki Morioka
Character Design & Chief Animation Director","Nisioisin : Original Creator, Vofan : Original Character Design, Akiyuki Simbo : Chief Director & Series Composition, Tatsuya Oishi : Director & Storyboard, Shaft : Series Composition, Satoru Kousaki : Music & Song Arrangement & Song Composition, Akio Watanabe : Character Design, Hideyuki Morioka : Character Design & Chief Animation Director"
Food Wars! The Second Plate, Shokugeki no Souma: Ni no Sara,TV   ,13.0,J.C.Staff,Summer,"Comedy, Ecchi, Shounen, Cooking, Culinary School, Food and Beverage, School Life, Tournaments, Based on a Manga",4.28,2016.0,,"'After the qualifying test with curry dishes, eight contestants have entered the quarterfinal of Autumn Elections: Souma, Megumi, Takumi, Hisako, Alice, Kurokiba, Hayama, and Mimasaka. Their next challenge: bento.'",,"Food Wars! Shokugeki no Souma, Food Wars: Etoile, Shokugeki no Souma: Fratelli Aldini (Light Novel)","Food Wars! Shokugeki no Souma, Food Wars! Jump Festa 2015 Special, Food Wars! Shokugeki no Souma OVA, Food Wars! Jump Festa 2016 Special, Food Wars! Toutsuki Juukketsu, Food Wars! The Third Plate, Food Wars! The Third Plate: Totsuki Train Arc, Food Wars! The Fourth Plate, Food Wars! The Fifth Plate","Erina Nakiri : Risa Taneda, Megumi Tadokoro : Minami Takahashi, Souma Yukihira : Yoshitsugu Matsuoka, Akira Hayama : Junichi Suwabe, Alice Nakiri : Chinatsu Akasaki, Hisako Arato : Saori Oonishi, Koujirou Shinomiya : Yuuichi Nakamura, Ryou Kurokiba : Nobuhiko Okamoto, Yuuto Tsukuda
Original Creator, Yoshitomo Yonetani
Director, Tatsuya Katou
Music, Tomoyuki Shitaya
Character Design, Jun Fukuda
Producer, Terushige Yoshie
Producer, Hiroshi Kamei
Producer, Noriko Dohi
Producer","Yuuto Tsukuda : Original Creator, Yoshitomo Yonetani : Director, Tatsuya Katou : Music, Tomoyuki Shitaya : Character Design, Jun Fukuda : Producer, Terushige Yoshie : Producer, Hiroshi Kamei : Producer, Noriko Dohi : Producer"
"Kamisama Kiss: Kamisama, Shiawase ni Naru"," Kamisama Hajimemashita: Kamisama, Shiawase ni Naru",OVA  ,1.0,TMS Entertainment,,"Comedy, Fantasy, Romance, Shoujo, Japanese Mythology, Master-Servant Relationship, Based on a Manga",4.28,2016.0,,"'The anime is tentatively titled ""Kamisama, Kekkon Zenya"" (The God at the Eve of Marriage), and will tell the stories of Nanami, Tomoe, Mizuki, and Kurama as Nanami\'s graduation from both school and the shrine are drawing near.'",,Kamisama Kiss,"Kamisama Kiss, Kamisama Kiss OVA, Kamisama Kiss 2nd Season, Kamisama Kiss: Kako-hen","Nanami Momozono, Tomoe, Kurama, Mizuki, Julietta Suzuki
Original Creator, Akitarou Daichi
Director, Junko Yamanaka
Character Design, Toshio Masuda
Producer, Ikumi Hayashi
Producer, Mai Kurachi
Producer","Julietta Suzuki : Original Creator, Akitarou Daichi : Director, Junko Yamanaka : Character Design, Toshio Masuda : Producer, Ikumi Hayashi : Producer, Mai Kurachi : Producer"
Bungo Stray Dogs 2nd Season,,TV   ,12.0,Bones,Fall ,"Action, Mystery, Seinen, Detectives, Gangs, Guns, Mafia, Orphans, Supernatural, Superpowers, Based on a Manga, Violence",4.27,2016.0,,'Second season of Bungou Stray Dogs.',Violence,"Bungo Stray Dogs, Bungo Stray Dogs (Light Novel), Bungo Stray Dogs Woof!, Bungo Stray Dogs Official Anthology, Bungo Stray Dogs: Dead Apple, Bungo Stray Dogs: BEAST","Bungo Stray Dogs 4th Season, Bungo Stray Dogs, Bungo Stray Dogs: Walking Alone, Bungo Stray Dogs Movie: Dead Apple, Bungo Stray Dogs 3rd Season","Atsushi Nakajima : Yuuto Uemura, Osamu Dazai : Mamoru Miyano, Akiko Yosano : Yu Shimamura, Ango Sakaguchi : Jun Fukuyama, Doppo Kunikida : Yoshimasa Hosoya, Francis Scott Fitzgerald : Takahiro Sakurai, John Steinbeck : Kengo Kawanishi, Junichirou Tanizaki : Toshiyuki Toyonaga, Kafka Asagiri
Original Creator, Harukawa 35
Original Character Design, Takuya Igarashi
Director, Taku Iwasaki
Music, Nobuhiro Arai
Character Design, Chiaki Kurakane
Producer, Junichirou Tamura
Producer, Shigeru Nishiyama
Editor","Kafka Asagiri : Original Creator, Harukawa 35 : Original Character Design, Takuya Igarashi : Director, Taku Iwasaki : Music, Nobuhiro Arai : Character Design, Chiaki Kurakane : Producer, Junichirou Tamura : Producer, Shigeru Nishiyama : Editor"
Snow White with the Red Hair 2nd Season, Akagami no Shirayuki-hime 2nd Season,TV   ,12.0,Bones,Winter,"Drama, Fantasy, Romance, Shoujo, Adult Couples, Mature Romance, Medical, Medieval, Royalty, Social Gap, Based on a Manga",4.26,2016.0,,"""After Zen confessed his feelings for her, the young herbalist continued her studies and the prince doubled his efforts to keep up with her pace. But just as everything seemed to be falling into place, Shirayuki's happily ever after is put on hold. An old enemy has resurfaced with grave news that a mysterious boy has been searching for a girl with apple-red hair-but his intentions are unknown. With the kingdom of Clarines on high alert, an invitation arrives from Tanbarun that Shirayuki is to be the guest of honor at Prince Raj's upcoming ball. Preparing for the boorish prince's ball is one thing, but nothing could have prepared Shirayuki for the grander adventure to come. When the mysterious boy finally catches up with her, the beautiful maiden is swept into a harrowing journey that will put her face to face with her past as she determines what her future holds.""",,Snow White with the Red Hair,"Snow White with the Red Hair, Snow White with the Red Hair OVA","Shirayuki : Saori Hayami, Zen Wisteria : Ryouta Oosaka, Kiki Seiran : Kaori Nazuka, Mitsuhide Rouen : Yuuichirou Umehara, Obi : Nobuhiko Okamoto, Raji Shenazard : Jun Fukuyama, Eugena Shenazard : Mikako Komatsu, Garaku : Yuko Kaida, Sorata Akizuki
Original Creator, Masahiro Andou
Director, Michiru Ooshima
Music, Kumiko Takahashi
Character Design, Akio Matsuda
Producer, Yukihiro Itou
Producer, Jun Fukuda
Producer, Shigeki Hosoda
Producer","Sorata Akizuki : Original Creator, Masahiro Andou : Director, Michiru Ooshima : Music, Kumiko Takahashi : Character Design, Akio Matsuda : Producer, Yukihiro Itou : Producer, Jun Fukuda : Producer, Shigeki Hosoda : Producer"
Detective Conan: Episode One - The Great Detective Turned Small, Detective Conan Episode One: Chiisakunatta Meitantei,TV Sp,,TMS Entertainment,,"Action, Drama, Mystery, Age Transformation, Amusement Park, Detectives, Recap, Based on a Manga, Violence",4.26,2016.0,,"""The two-hour special celebrates the anime's 20th anniversary, and will retell what happened on the day Shinichi's teenaged body was transformed into that of a child.\xa0The story begins when Shinichi sets up a date with Ran at the Tropical Land amusement park, and continues with Shinichi's encounter with Gin and the others at the park.""",Violence,"Magic Kaitou, Case Closed, Detective Conan: Tokubetsu-hen, Detective Conan: Zero's Tea Time","Detective Conan, Detective Conan Movie 24: The Scarlet Bullet","Conan Edogawa : Minami Takayama, Ran Mori : Wakana Yamazaki, Shinichi Kudo : Kappei Yamaguchi, Ai Haibara : Megumi Hayashibara, Ayumi Yoshida : Yukiko Iwai, Genta Kojima : Wataru Takagi, Gin : Yukitoshi Hori, Mitsuhiko Tsuburaya : Ikue Ootani, Gosho Aoyama
Original Creator, Yasuichiro Yamamoto
Director, Katsuo Ono
Music, Masatomo Sudou
Character Design","Gosho Aoyama : Original Creator, Yasuichiro Yamamoto : Director, Katsuo Ono : Music, Masatomo Sudou : Character Design"
Gintama: Aizome Kaori-hen,,OVA  ,2.0,BN Pictures,,"Action, Comedy, Drama, Romance, Sci Fi, Shounen, Aliens, Crude, Feudal Japan, Gag, Parody, Samurai, Slapstick, Swordplay, Based on a Manga",4.25,2016.0,,"'In the ""Love Potion"" story arc, a strange incense causes the people who smell it to fall in love with the first person they see. Tsukuyo tries to collect the incense, but the smoke affects her. The Yorozuya and the entire district fall under the love potion\'s influence.'",,"Gintama, 3-Z Class's Ginpachi-sensei (Light Novel), Gintama Kanketsu-hen: Yorozuya yo Eien Nare (Light Novel)",Gintama°,"Gintoki Sakata : Tomokazu Sugita, Hotaru : Ayahi Takagaki, Kagura : Rie Kugimiya, Shinpachi Shimura : Daisuke Sakaguchi, Tsukuyo : Yuko Kaida, Hinowa : Tomo Sakurai, Isao Kondo : Susumu Chiba, Kyuubei Yagyuu : Fumiko Orikasa, Hideaki Sorachi
Original Creator, Chizuru Miyawaki
Director, Audio Highs
Music, Shinji Takeuchi
Character Design, Susumu Matsuyama
Producer, Hiromitsu Higuchi
Producer, Yuu Honda
Producer","Hideaki Sorachi : Original Creator, Chizuru Miyawaki : Director, Audio Highs : Music, Shinji Takeuchi : Character Design, Susumu Matsuyama : Producer, Hiromitsu Higuchi : Producer, Yuu Honda : Producer"
Shelter,,Music,,A-1 Pictures,,"Drama, Sci Fi, Loneliness, Virtual Reality, Original Work",4.24,2016.0,,"'SHELTER, tells the story of Rin, a 17-year-old girl who lives her life inside of a futuristic simulation completely by herself in infinite, beautiful loneliness. Each day, Rin awakens in virtual reality and uses a tablet which controls the simulation to create a new, different, beautiful world for herself. But all is not as it seems…'",,,,"Rin : Sachika Misawa, Rin'S Father, Porter Robinson
Music & Original Creator & Screenplay & Song Composition & Song Lyrics & Song Performance, Toshifumi Akai
Director & Episode Director & Storyboard, Madeon
Music & Song Composition & Song Lyrics & Song Performance, Megumi Kouno
Animation Director & Character Design & Key Animator, Yuuya Sakuma
Photography Director, Yuusuke Takeda
Art Director, Kazuko Nakashima
Color Design, Akiko Fujita
Sound Director","Porter Robinson : Music & Original Creator & Screenplay & Song Composition & Song Lyrics & Song Performance, Toshifumi Akai : Director & Episode Director & Storyboard, Madeon : Music & Song Composition & Song Lyrics & Song Performance, Megumi Kouno : Animation Director & Character Design & Key Animator, Yuuya Sakuma : Photography Director, Yuusuke Takeda : Art Director, Kazuko Nakashima : Color Design, Akiko Fujita : Sound Director"
Shouwa Genroku Rakugo Shinjuu,,TV   ,13.0,Studio DEEN,Winter,"Drama, Josei, Romance, Adult Couples, Animeism, Apprenticeship, Historical, Love Triangle, Rakugo, Based on a Manga",4.23,2016.0,,"'When a small-time crook is released from prison, he is determined to turn his life around by apprenticing himself to the great\xa0rakugo\xa0master Yakumo VIII, inspired\xa0by his performance of ""Shinigami"" during his incarceration. Surprisingly, the old man agrees to train him and brings his new apprentice to his own house to live, giving him the name ""Yotaro"", a classical word used in\xa0rakugo\xa0meaning ""fool"". Yakumo has much to teach about the art of rakugo, but both he and his ward Konatsu- a hot-headed young woman whose father was also a famous storyteller- are difficult people with a shared dark past. Yakumo refuses to train her, claiming that the world of\xa0rakugo\xa0is no place for women, and Konatsu has vowed to kill him, claiming that Yakumo murdered her father!'",,Descending Stories: Showa Genroku Rakugo Shinju,"Shouwa Genroku Rakugo Shinjuu OVA, Descending Stories: Shouwa Genroku Rakugo Shinjuu","Sukeroku Yuurakutei : Kouichi Yamadera, Yakumo Yuurakutei : Akira Ishida, 7Th Generation Yakumo Yuurakutei : Hiroshi Yanaka, Konatsu : Yuu Kobayashi, Matsuda : Shigeru Ushiyama, Yotarou : Tomokazu Seki, Yurie Miyokichi : Megumi Hayashibara, 1St Generation Sukeroku Yuurakutei : Nobutoshi Canna, Haruko Kumota
Original Creator, Shinichi Omata
Director & Storyboard, Kana Shibue
Music, Mieko Hosoi
Character Design, Hiroshi Kamei
Producer, Yoshihiko Yamazaki
Producer, Akiko Yada
Producer, Rie Matsubara
Editor","Haruko Kumota : Original Creator, Shinichi Omata : Director & Storyboard, Kana Shibue : Music, Mieko Hosoi : Character Design, Hiroshi Kamei : Producer, Yoshihiko Yamazaki : Producer, Akiko Yada : Producer, Rie Matsubara : Editor"
Detective Conan Movie 20: The Darkest Nightmare, Detective Conan Movie 20: Junkoku no Nightmare,Movie,,TMS Entertainment,,"Action, Drama, Mystery, Shounen, Age Transformation, Amnesia, Conspiracy, Detectives, Police, Thriller, Based on a Manga",4.23,2016.0,,"'On a dark night, the Japanese police is raided by a spy and different countries\' intelligence agencies\' secret files are going to be taken, but public safety officers led by Tooru Amuro arrive just in time. The spy steals a car and escapes but is thwarted by FBI agent Shuichi Akai\'s rifle bullet and falls of the roadway. The next day, Conan and his friends go to an aquarium in Tokyo and find an attractive woman alone and injured. Her left and right eyes are different colors and she suffers from amnesia. Conan and his friends promise to help her regain her memory, so they stay with her. Throughout all this, Vermouth is watching behind the scenes. Afterwards, she pulls out a silencer and speaks into an attached intercom, ""It\'s as planned, Gin.""'",,"Magic Kaitou, Case Closed, Detective Conan: Tokubetsu-hen, Detective Conan (Shima MIZUKI) (Light Novel), Meitantei Conan: Junkoku no Nightmare, Detective Conan: Zero's Tea Time","Detective Conan, Detective Conan Movie 1: The Time Bombed Skyscraper, Detective Conan Movie 2: The Fourteenth Target, Detective Conan Movie 3: The Last Magician of the Century, Detective Conan Movie 4: Captured In her Eyes, Detective Conan Movie 5: Countdown to Heaven, Detective Conan Movie 6: The Phantom of Baker Street, Detective Conan Movie 7: Crossroad in the Ancient Capital, Detective Conan Movie 8: Magician of the Silver Sky, Detective Conan Movie 9: Strategy Above the Depths, Detective Conan Movie 10: The Private Eyes' Requiem, Detective Conan Movie 11: Jolly Roger in the Deep Azure, Detective Conan Movie 12: Full Score of Fear, Detective Conan Movie 13: The Raven Chaser, Detective Conan Movie 14: The Lost Ship in the Sky, Detective Conan Movie 15: Quarter of Silence, Detective Conan Movie 16: The Eleventh Striker, Detective Conan Movie 17: Zekkai no Private Eye, Detective Conan Movie 18: The Sniper From Another Dimension, Detective Conan Movie 19: The Hellfire Sunflowers, Detective Conan Movie 21: Kara Kurenai no Love Letter, Detective Conan Movie 22: Zero The Enforcer, Detective Conan Movie 23: The Fist of Blue Sapphire, Detective Conan Movie 24: The Scarlet Bullet","Conan Edogawa : Minami Takayama, Curacao : Yuuki Amami, Ai Haibara : Megumi Hayashibara, Ayumi Yoshida : Yukiko Iwai, Chianti : Kikuko Inoue, Genta Kojima : Wataru Takagi, Gin : Yukitoshi Hori, Hiroshi Agasa : Kenichi Ogata, Gosho Aoyama
Original Creator, Koubun Shizuno
Director, Katsuo Ono
Music, Hidetaka Kondou
Producer","Gosho Aoyama : Original Creator, Koubun Shizuno : Director, Katsuo Ono : Music, Hidetaka Kondou : Producer"
The Ancient Magus' Bride: Those Awaiting a Star, Mahoutsukai no Yome: Hoshi Matsu Hito,OVA  ,3.0,WIT Studio,,"Fantasy, Romance, Shounen, Age Gap, Contemporary Fantasy, Europe, Library, Loneliness, Magic, Non-Human Protagonists, Orphans, Based on a Manga",4.21,2016.0,2017.0,"""When\xa0Angelica sends Chise a pile of books to\xa0help with her magical studies, Chise\xa0is surprised to discover a children's picture book among them that she once owned years ago as a child. She tells Ellias the history of how she first came to own the book; of her neglected childhood and a magical library\xa0hidden in the forest that once gave her relief from her unhappiness.""",,"The Ancient Magus' Bride, The Ancient Magus’ Bride: Wizard’s Blue, The Ancient Magus' Bride: Jack Flash and the Faerie Case Files","Maho-Yome, The Ancient Magus' Bride, The Ancient Magus' Bride Recap, The Ancient Magus' Bride: The Boy from the West and the Knight of the Blue Storm","Chise Hatori : Atsumi Tanezaki, Elias Ainsworth : Ryouta Takeuchi, Mayumi Niikura : Miyoko Asou, Riichi Miura : Takahiro Sakurai, Ruth : Kouki Uchiyama, Silky : Aya Endou, Akiko Hatori : Aya Hisakawa, Angelica Burley : Yuko Kaida, Kore Yamazaki
Original Creator, Norihiro Naganuma
Director, Junichi Matsumoto
Music, Hirotaka Katou
Character Design, Yuuko Kobari
Color Design, Shinya Sugai
Cg Director","Kore Yamazaki : Original Creator, Norihiro Naganuma : Director, Junichi Matsumoto : Music, Hirotaka Katou : Character Design, Yuuko Kobari : Color Design, Shinya Sugai : Cg Director"
Mobile Suit Gundam: Iron-Blooded Orphans 2,,TV   ,25.0,Sunrise,Fall ,"Drama, Mecha, Sci Fi, Outer Space, Real Robot, Original Work",4.2,2016.0,2017.0,"'Learning about the world from her journey to Earth, Kudelia founded Admoss Company to strive for the financial independence of Mars. While inspecting a mining site of halfmetal, Orga Itsuka, leader of Tekkadan hired by Admoss as guards, senses an attack from a new enemy and heads out to confront them, along with Mikazuki in the mobile suit Gundam Barbatos Lupus.'",,"Mobile Suit Gundam: Awakening, Escalation, Confrontation (Light Novel), Mobile Suit Gundam ZZ, Mobile Suit Gundam: The Revival of Zeon, Mobile Suit Gundam: New Revival of Zeon, Record of MS War: Mobile Suit Gundam Abridged, Mobile Suit Gundam: Silhouette Formula 91, Mobile Suit Gundam: The Origin, Mobile Suit Gundam: The Anthology, Mobile Suit Gundam Climax U.C., Mobile Suit Gundam 00, Mobile Suit Gundam 00 2nd Season, Mobile Suit Gundam: Hunter of Black Clothes, Mobile Suit Gundam: Char's Counterattack - Beltorchika's Children, Mobile Suit Gundam: Iron-Blooded Orphans, Mobile Suit Gundam: Iron-Blooded Orphans Steel Moon, Mobile Suit Gundam: Iron-Blooded Orphans 2, Mobile Suit Moon Gundam","Mobile Suit Gundam: Iron-Blooded Orphans - Uror-Hunt, Mobile Suit Zeta Gundam, Mobile Suit Gundam ZZ, Mobile Suit SD Gundam Mk I, Mobile Suit Gundam: Char's Counterattack, All That Gundam, Mobile Suit Gundam 0080: War in the Pocket, Mobile Suit SD Gundam no Gyakushuu: Arashi wo Yobu Gakuensai, Mobile Suit Gundam F91, Mobile Suit Gundam 0083: Stardust Memory, Mobile Suit Gundam 0083: Stardust Memory - The Mayfly of Space, Mobile Suit Gundam 0083: The Afterglow of Zeon, Mobile Suit Victory Gundam, Mobile Fighter G Gundam, Mobile Suit Gundam Wing, Mobile Suit Gundam: The 08th MS Team, After War Gundam X, Mobile Suit Gundam Wing: Endless Waltz, Mobile Suit Gundam Wing: Endless Waltz Movie, Gundam: Mission To The Rise, Turn A Gundam, Mobile Suit Gundam Evolve, Mobile Suit Gundam MS IGLOO: The Hidden One Year War, Mobile Suit Gundam SEED: After Phase: In the Valley of Stars, Mobile Suit Gundam SEED Destiny, Mobile Suit Gundam MS IGLOO: Apocalypse 0079, Mobile Suit Gundam 00, Mobile Suit Gundam MS IGLOO 2: Juuryoku Sensen, Mobile Suit Gundam 00 Second Season, Mobile Suit Gundam 00 Special Edition I: Celestial Being, Mobile Suit Gundam 00 Special Edition II: End of World, 30th Gundam Perfect Mission, Mobile Suit Gundam ZZ: Gundam Frag., Ring of Gundam, Mobile Suit Gundam 00 Special Edition III: Return the World, Mokei Senshi Gunpla Builders Beginning G, Chou Denei-ban SD Gundam Sangokuden Brave Battle Warriors, Mobile Suit Gundam Unicorn, Mobile Suit Gundam 00 The Movie: A Wakening of the Trailblazer, Mobile Suit Gundam AGE, Mobile Suit Gundam AGE: Memory of Eden, Collection of Key Animation Films, Mobile Suit Gundam: Thunderbolt, Mobile Suit Gundam: The Origin, Mobile Suit Gundam: Iron-Blooded Orphans, Mobile Suit Gundam: Iron-Blooded Orphans Recaps","Mikazuki Augus : Kengo Kawanishi, Orga Itsuka : Yoshimasa Hosoya, Akihiro Altland : Yasuaki Takumi, Atra Mixta : Hisako Kanemoto, Eugene Seven Stark : Yuuichirou Umehara, Julietta Julis : M.A.O., Kudelia Aina Bernstein : Yuka Terasaki, Mcgillis Fareed : Takahiro Sakurai, Tatsuyuki Nagai
Director, Masaru Yokoyama
Music, Michinori Chiba
Character Design, Ryousuke Nakamura
Ed Director & Storyboard, Mayori Sekijima
Screenplay, Kaori Saitou
Animation Director","Tatsuyuki Nagai : Director, Masaru Yokoyama : Music, Michinori Chiba : Character Design, Ryousuke Nakamura : Ed Director & Storyboard, Mayori Sekijima : Screenplay, Kaori Saitou : Animation Director"
Re:ZERO -Starting Life in Another World-, Re:Zero Kara Hajimeru Isekai Seikatsu,TV   ,25.0,WHITE FOX,Spring,"Action, Adventure, Drama, Fantasy, Romance, Seinen, Cheats, Dark Fantasy, Isekai, Magic, NEET, Person in a Strange World, Psychological, Summoned Into Another World, Thriller, Time Travel, Based on a Light Novel, Explicit Violence",4.2,2016.0,,"""Natsuki Subaru, an ordinary high school student, is on his way home from the convenience store when he finds himself transported to another world. As he's lost and confused in a new world where he doesn't even know left from right, the only person to reach out to him was a beautiful girl with silver hair. Determined to repay her somehow for saving him from his own despair, Subaru agrees to help the girl find something she's looking for...""",Explicit Violence,"Re:ZERO -Starting Life in Another World- (Light Novel), Re:ZERO -Starting Life in Another World- Chapter 1: A Day in the Capital, Re:ZERO -Starting Life in Another World- Chapter 2: A Week at the Mansion, Re:ZERO kara Hajimeru Isekai Seikatsu Tanpenshuu (Light Novel), Re:ZERO -Starting Life in Another World- Chapter 3: Truth of Zero, Re:ZERO -Starting Life in Another World- Ex (Light Novel), Re:ZERO Kara Hajimeru Isekai Seikatsu Official Anthology, Kenki Renka: Re:ZERO kara Hajimeru Isekai Seikatsu - Shinmei-tan, Re:ZERO -Starting Life in Another World- Chapter 4: Sanctuary and Witch of Greed, Re:ZERO kara Hajimeru Isekai Seikatsu - Zenjutsu-tan: Hyouketsu no Kizuna - Before Memories (Light Novel), Re:Zero kara Hajimeru Isekai Seikatsu: Hyouketsu no Kizuna","Re:ZERO -Starting Break Time From Zero-, Re:Petit Kara Hajimeru Isekai Seikatsu, Re:ZERO -Starting Life in Another World- Memory Snow, Isekai Quartet, Re:ZERO -Starting Life in Another World- The Frozen Bond, Isekai Quartet 2, Re:ZERO -Starting Life in Another World- Season 2, Re:ZERO -Starting Life in Another World- Season 2: Part II","Emilia : Rie Takahashi, Rem : Inori Minase, Subaru Natsuki : Yusuke Kobayashi, Beatrice : Satomi Arai, Crusch Karsten : Yuka Iguchi, Felix Argyle : Yui Horie, Felt : Chinatsu Akasaki, Julius Euclius : Takuya Eguchi, Tappei Nagatsuki
Original Creator, Masaharu Watanabe
Director, Kenichirou Suehiro
Music, Kyuuta Sakai
Character Design, Yoshikazu Beniya
Producer, Shou Tanaka
Producer, Eriko Aoki
Producer, Kazuo Oonuki
Producer","Tappei Nagatsuki : Original Creator, Masaharu Watanabe : Director, Kenichirou Suehiro : Music, Kyuuta Sakai : Character Design, Yoshikazu Beniya : Producer, Shou Tanaka : Producer, Eriko Aoki : Producer, Kazuo Oonuki : Producer"
Kizumonogatari Part 1: Tekketsu, Kizumonogatari Part 1: Tekketsu-hen,Movie,,SHAFT,,"Drama, Ecchi, Psychological, Supernatural, Vampires, Based on a Light Novel, Explicit Violence",4.17,2016.0,,"'Koyomi Araragi, a second year high school student at Naoetsu High School, befriends Tsubasa Hanekawa, the top honors student at his school. Tsubasa mentions a rumor about a “blonde vampire” that has been sighted around their town recently. Koyomi, who is usually anti-social, takes a liking to Tsubasa’s down-to-earth personality.\xa0That evening, Koyomi encounters this rumored vampire: she is Kiss-shot Acerola-orion Heart-under-blade, also known as the “King of Apparitions.” The blonde, golden-eyed vampire cries out for Koyomi to save her as she lies in a pool of her own blood, all four of her limbs cut off.\xa0Kiss-shot asks Koyomi to give her his blood in order to save her life, and when he does, the very next moment he awakes, Koyomi finds himself re-born as her vampire kin.\xa0As Koyomi struggles to accept his existence, Kiss-shot whispers,\xa0”Welcome to the world of darkness…“'",Explicit Violence,"Kizumonogatari: Wound Tale (Light Novel), Bakemonogatari","Bakemonogatari, Bakemonogatari Recap, Nisemonogatari, Nekomonogatari (Black), Kizumonogatari PV, Monogatari Series: Second Season, Hanamonogatari, Tsukimonogatari, Owarimonogatari, Koyomimonogatari, Kizumonogatari Part 2: Nekketsu, Kizumonogatari Part 3: Reiketsu, Owarimonogatari II, Zoku Owarimonogatari","Koyomi Araragi : Hiroshi Kamiya, Shinobu Oshino : Maaya Sakamoto, Meme Oshino : Takahiro Sakurai, Tsubasa Hanekawa : Yui Horie, Dramaturgie : Masashi Ebara, Episode : Miyu Irino, Guillotine Cutter : Houchuu Ootsuka, Nisioisin
Original Creator, Vofan
Original Character Design, Akiyuki Simbo
Chief Director & Series Composition, Tatsuya Oishi
Director & Episode Director & Storyboard, Shaft
Series Composition, Satoru Kousaki
Music, Akio Watanabe
Character Design, Hideyuki Morioka
Character Design","Nisioisin : Original Creator, Vofan : Original Character Design, Akiyuki Simbo : Chief Director & Series Composition, Tatsuya Oishi : Director & Episode Director & Storyboard, Shaft : Series Composition, Satoru Kousaki : Music, Akio Watanabe : Character Design, Hideyuki Morioka : Character Design"
In This Corner of the World, Kono Sekai no Katasumi ni,Movie,,MAPPA,,"Drama, Seinen, Slice of Life, Adult Couples, Family Life, Historical, Married Life, Poverty, War, World War 2, Based on a Manga",4.17,2016.0,,"""Based on the award-winning manga by Fumiyo Kouno, In This Corner Of The World tells the emotional story of Suzu, a young girl from Hiroshima, who's just become a bride in the nearby city of Kure during World War II. Living with her husband's family, Suzu has to adjust to her new life, which is made especially difficult by regular air raids. But life must go on, and Suzu — through the help of her new family and neighbors — begins to discover the joys of everyday life in Kure. Much is gained in Kure, but with war, many things cherished are also lost.""",,In This Corner of the World,,"Shusaku Houjo : Yoshimasa Hosoya, Suzu Urano : Rena Nounen, Entarou Houjou : Shigeru Ushiyama, Harumi Kuromura : Natsuki Inaba, Keiko Kuromura : Minori Omi, San Houjou : Mayumi Shintani, Chita : Hiromi Seta, Doumoto : Kikuyo Semi, Fumiyo Kouno
Original Creator, Sunao Katabuchi
Director & Screenplay & Sound Director, Chie Uratani
Assistant Director, Kotringo
Music & Song Arrangement & Song Composition & Song Lyrics & Song Performance, Hidenori Matsubara
Animation Director & Character Design, Yuuya Kumazawa
Photography Director, Kousuke Hayashi
Art Director, Izumi Sakamoto
Color Design","Fumiyo Kouno : Original Creator, Sunao Katabuchi : Director & Screenplay & Sound Director, Chie Uratani : Assistant Director, Kotringo : Music & Song Arrangement & Song Composition & Song Lyrics & Song Performance, Hidenori Matsubara : Animation Director & Character Design, Yuuya Kumazawa : Photography Director, Kousuke Hayashi : Art Director, Izumi Sakamoto : Color Design"
One Piece Film: Gold,,Movie,,Toei Animation,,"Action, Adventure, Shounen, Gambling, Pirates, Superpowers, Based on a Manga, Violence",4.16,2016.0,,"'The glittering Gran Tesoro, a city of entertainment beyond the laws of the government, is a sanctuary for the world’s most infamous pirates, Marines, and filthy rich millionaires. Drawn by dreams of hitting the jackpot, Captain Luffy and his crew sail straight for the gold. But behind the gilded curtains lies a powerful king whose deep pockets and deeper ambitions spell disaster for the Straw Hats and the New World alike.'",Violence,One Piece,"One Piece, One Piece Film: Gold ~Episode 0~ 711 ver., One Piece Special: Heart of Gold","Brook : Choo, Franky : Kazuki Yao, Gildo Tesoro : Takahiro Sakurai, Monkey D. Luffy : Mayumi Tanaka, Nami : Akemi Okamura, Robin Nico : Yuriko Yamaguchi, Sanji : Hiroaki Hirata, Tony Tony Chopper : Ikue Ootani, Eiichiro Oda
Original Creator, Hiroaki Miyamoto
Director, Yuuki Hayashi
Music, Masayuki Satou
Character Design, Kei Kajimoto
Producer, Yuuta Kano
Producer, Tsutomu Kuroiwa
Screenplay","Eiichiro Oda : Original Creator, Hiroaki Miyamoto : Director, Yuuki Hayashi : Music, Masayuki Satou : Character Design, Kei Kajimoto : Producer, Yuuta Kano : Producer, Tsutomu Kuroiwa : Screenplay"
Assassination Classroom 2nd Season: Kagaijugyou-hen, Ansatsu Kyoushitsu 2nd Season: Kagaijugyou-hen,Web  ,8.0,Lerche,Winter,"Action, Comedy, Shounen, Assassins, Non-Human Protagonists, School Life, Short Episodes, Based on a Manga",4.15,2016.0,,'No synopsis yet - check back soon!',,"Assassination Classroom, Koro-sensei Q!","Assassination Classroom: Jump Festa 2013 Special, Assassination Classroom Episode 0: Deai no Jikan, Assassination Classroom, Koro-sensei Quest!, Assassination Classroom 2nd Season, Assassination Classroom The Movie: 365 Days' Time, Koro-sensei Q!","Hinata Okano : Minami Tanaka, Hiroto Maehara : Shintarou Asanuma, Koro-Sensei : Jun Fukuyama, Koutarou Takebayashi : Takahiro Mizushima, Gakuhou Asano : Shou Hayami, Gakushu Asano : Mamoru Miyano, Irina Jelavic : Shizuka Itou, Kaede Kayano : Aya Suzaki, Yusei Matsui
Original Creator, Shuu Watanabe
Episode Director & Storyboard, Miyuki Moroishi
Animation Director, Shinichirou Kajiura
Animation Director, Kazutaka Ema
Animation Director, Takaaki Nagano
Animation Director, Hideaki Oonishi
Animation Director, Kouji Furuya
Animation Director","Yusei Matsui : Original Creator, Shuu Watanabe : Episode Director & Storyboard, Miyuki Moroishi : Animation Director, Shinichirou Kajiura : Animation Director, Kazutaka Ema : Animation Director, Takaaki Nagano : Animation Director, Hideaki Oonishi : Animation Director, Kouji Furuya : Animation Director"
Magi: Adventure of Sinbad, Magi: Sinbad no Bouken,TV   ,13.0,Lay-duce,Spring,"Action, Adventure, Comedy, Fantasy, Shounen, Animeism, Genies, Magic, Middle Eastern, Orphans, Overpowered Main Characters, Based on a Manga, Animal Abuse,, Mature Themes",4.14,2016.0,,"'Thirty years before the events of Magi, a brave and handsome young man named Sinbad set sail and started his adventure. The future High King of Seven Seas gradually matured through various encounters and farewells, taking him towards kingship step by step.'","Animal Abuse,, Mature Themes","Magi, Magi - Sinbad no Bouken (Pilot), Magi: Sinbad no Bouken","Magi: The Labyrinth of Magic, Magi: The Kingdom of Magic, Magi: Adventure of Sinbad OVA","Sinbad : Daisuke Ono, Drakon : Tomokazu Sugita, Hinahoho : Keiji Fujiwara, Ja'Far : Takahiro Sakurai, Mystras Leoxses : Wataru Hatano, Baal : Hiroki Touchi, Badr : Katsuyuki Konishi, Balkak : Yasunori Matsumoto, Shinobu Ootaka
Original Creator, Yoshikazu Miyao
Director, Tomohiro Ookubo
Music, Souichirou Sako
Character Design, Noritomo Yonai
Producer, Junya Okamoto
Producer, Shunsuke Saitou
Producer, Toshihiro Maeda
Producer","Shinobu Ootaka : Original Creator, Yoshikazu Miyao : Director, Tomohiro Ookubo : Music, Souichirou Sako : Character Design, Noritomo Yonai : Producer, Junya Okamoto : Producer, Shunsuke Saitou : Producer, Toshihiro Maeda : Producer"
Kuroko's Basketball Movie 3: Winter Cup Highlights -Crossing the Door-, Kuroko no Basket Movie 3: Winter Cup Soushuuhen -Tobira no Mukou-,Movie,,Production I.G,,"Shounen, Sports, Basketball, Recap, School Club, Tournaments, Based on a Manga",4.13,2016.0,,"""Rakuzan and Shutoku face off in the semi finals at the Winter Cup. Despite struggling with Akashi's Emperor Eye that sees through everything, Midorima and Takao fight back with their consecutive plays, and the whole Shutoku team bites back at Rakuzan. However, it doesn't take long before Akashi crushes all of their hopes. It is decided that the finals will be fought between Seirin and Rakuzan. Kagami immediately enters the Zone as soon as the match starts, but it is no match for Akashi. Facing an extreme difference in ability against Rakuzan, Seirin loses their hope a number of times during the match. However, Kuroko doesn't give up, and continues to strongly fight against Akashi...""",,"Kuroko’s Basketball, Kuroko's Basketball: Replace (Light Novel), Kuroko's Basketball: Replace Plus","Kuroko's Basketball: NG-shuu, Kuroko's Basketball: Oshaberi Shiyokka, Kuroko's Basketball, Kuroko's Basketball: Tip Off, Kuroko's Basketball 2, Kuroko's Basketball OVA, Kuroko's Basketball: Let's Do That Again, Kuroko's Basketball: Oshaberi Demo Shimasen ka, Kuroko's Basketball 3, Kuroko's Basketball: The Greatest Present, Kuroko's Basketball Movie 1: Winter Cup Highlights -Shadow and Light-, Kuroko's Basketball Movie 2: Winter Cup Highlights -Beyond the Tears-, Kuroko's Basketball: Oshaberi Shiyou ka, Kuroko's Basketball: Last Game",,
GATE (2016)," Gate: Jieitai Kanochi nite, Kaku Tatakaeri (2016)",TV   ,12.0,A-1 Pictures,Winter,"Action, Adventure, Fantasy, Dragons, Guns, Isekai, Medieval, Military, Person in a Strange World, Political, War, Based on a Light Novel, Mature Themes,, Physical Abuse,, Sexual Abuse,, Violence",4.13,2016.0,,"""The Japanese Special Defense Force continues it's ventures with peace talks with the nations beyond the gate , through the use of hostages from the first attack. Although disaster strikes again, and Itami Youji's squad is in the middle of it all once again.""","Mature Themes,, Physical Abuse,, Sexual Abuse,, Violence","GATE: Where the JSDF Fought (Light Novel), GATE: Where the JSDF Fought, GATE: Where the JSDF Fought Gaiden (Light Novel), Mei Kon, GATE: Teikoku no Bara Kishidan - Pinya Co Lada 14-sai, Gate! Yonkoma, GATE: Featuring the Starry Heavens",GATE,"Lelei La Lalena : Nao Touyama, Rory Mercury : Risa Taneda, Tuka Luna Marceau : Hisako Kanemoto, Youji Itami : Junichi Suwabe, Akira Yanagida : Kouji Yusa, Kouji Sugawara : Kazuyuki Okitsu, Pina Co Lada : Haruka Tomatsu, Sherry Tueli : Rina Hidaka, Ryou Andou
Chief Director, Takahiko Kyougoku
Director, Yoshiaki Fujisawa
Music, Jun Nakai
Character Design","Ryou Andou : Chief Director, Takahiko Kyougoku : Director, Yoshiaki Fujisawa : Music, Jun Nakai : Character Design"
Durarara!! X2 The Third Arc, Durarara!!x2 Ketsu,TV   ,12.0,Shuka,Winter,"Action, Comedy, Gangs, Noir, Social Media, Supernatural, Based on a Light Novel, Violence",4.13,2016.0,,"'Ikebukuro is engulfed in a spiral of confusion. A group of individuals, each carrying the weight of their own past, gathers at Shinra’s apartment, while in the city the Dollars, Yellow Scarves, and Saika contend for power. However, the situation takes a turn that no one could expect when Celty’s head is revealed to the public, as this tale approaches its conclusion.'",Violence,"Durarara!! (Light Novel), Durarara!!, Durarara!! Saika Arc, Durarara!! 3 Way Standoff - Alley, Durarara!! Yellow Scarves Arc, Minidura, Durarara!! Re;Dollars Arc, Durarara!! - Relay, Durarara!! SH (Light Novel)","Durarara!!, Durarara!! Specials, Durarara!! X2, Durarara!! X2 The Second Arc, Durarara!! X2: My Heart Is in the Pattern of a Hot Pot, Durarara!! X2 The Second Arc: Onoroke Chakapoko, Durarara!! X2 The Third Arc: Dufufufu!","Anri Sonohara : Kana Hanazawa, Celty Sturluson : Miyuki Sawashiro, Izaya Orihara : Hiroshi Kamiya, Masaomi Kida : Mamoru Miyano, Mikado Ryuugamine : Toshiyuki Toyonaga, Shinra Kishitani : Jun Fukuyama, Aoba Kuronuma : Hiro Shimono, Chikage Rokujou : Yuuki Ono, Takahiro Oomori
Director, Makoto Yoshimori
Music, Takahiro Kishida
Character Design","Takahiro Oomori : Director, Makoto Yoshimori : Music, Takahiro Kishida : Character Design"
ReLIFE,,Web  ,13.0,Double Eagle,Summer,"Comedy, Drama, Romance, Seinen, Slice of Life, Age Transformation, NEET, Psychological, School Life, Based on a Webtoon",4.12,2016.0,,"'Arata Kaizaki (27) quit the job he landed after graduation in only three months. His life did not go well after that. Now his parents are threatening to stop sending money, and want him to come back to the country. He has no friend or girlfriend to share his troubles with...as he hits rock bottom a strange man named Ryo Yoake appears. Yoake invites Kaizaki to join a societal rehabilitation program for NEETs called ReLife. This program uses a mysterious drug to make him look younger, and sends him back to high school for a year...'",,"ReLIFE, ReLIFE (Light Novel)","ReLIFE: Kanketsu-hen, ReLIFE: Kanketsu-hen Specials","An Onoya : Reina Ueda, Arata Kaizaki : Kensho Ono, Chizuru Hishiro : Ai Kayano, Kazuomi Ohga : Yuuma Uchida, Rena Kariu : Haruka Tomatsu, Ryo Yoake : Ryouhei Kimura, Akira Inukai : Noriaki Sugiyama, Honoka Tamarai : Himika Akaneya, Sou Yayoi
Original Creator, Satoru Kosaka
Director, Masayasu Tsuboguchi
Music, Junko Yamanaka
Character Design, Kazuki Adachi
Producer, Akihito Watanabe
Producer, Saya Fukida
Producer, Yuka Asano
Producer","Sou Yayoi : Original Creator, Satoru Kosaka : Director, Masayasu Tsuboguchi : Music, Junko Yamanaka : Character Design, Kazuki Adachi : Producer, Akihito Watanabe : Producer, Saya Fukida : Producer, Yuka Asano : Producer"
Bungo Stray Dogs,,TV   ,12.0,Bones,Spring,"Action, Comedy, Mystery, Seinen, Detectives, Gangs, Guns, Mafia, Orphans, Supernatural, Superpowers, Based on a Manga, Violence",4.12,2016.0,,"'Kicked out of his orphanage and on the verge of starving to death, Nakajima Atsushi meets some strange men. One of them, Dazai Osamu, is a suicidal man attempting to drown himself in broad daylight. The other, bespectacled Kunikida Doppo, nervously stands by flipping through a notepad. Both are members of the ""Armed Detective Agency"" said to solve incidents that even the military and police won\'t touch. Atsushi ends up accompanying them on a mission to eliminate a man-eating tiger that\'s been terrorizing the population...\xa0In the virtual city of Yokohama are individuals bearing the name of Bungo, ""literary masters,"" who possess unusual powers likened to that name. Now begins the battle between the mysterious Bungo powers!'",Violence,"Bungo Stray Dogs, Bungo Stray Dogs (Light Novel), Bungo Stray Dogs Woof!, Bungo Stray Dogs Official Anthology, Bungo Stray Dogs: Another Story, Bungo Stray Dogs: Dead Apple, Bungo Stray Dogs: BEAST","Bungo Stray Dogs 4th Season, Bungo Stray Dogs 2nd Season, Bungo Stray Dogs: Walking Alone, Bungo Stray Dogs Movie: Dead Apple, Bungo Stray Dogs 3rd Season, Bungo Stray Dogs Wan!","Atsushi Nakajima : Yuuto Uemura, Doppo Kunikida : Yoshimasa Hosoya, Osamu Dazai : Mamoru Miyano, Akiko Yosano : Yu Shimamura, Ichiyo Higuchi : Asami Seto, Junichirou Tanizaki : Toshiyuki Toyonaga, Kenji Miyazawa : Hiroyuki Kagura, Kyouka Izumi : Sumire Morohoshi, Kafka Asagiri
Original Creator, Harukawa 35
Original Character Design, Takuya Igarashi
Director, Taku Iwasaki
Music, Nobuhiro Arai
Character Design, Chiaki Kurakane
Producer, Junichirou Tamura
Producer, Shigeru Nishiyama
Editor","Kafka Asagiri : Original Creator, Harukawa 35 : Original Character Design, Takuya Igarashi : Director, Taku Iwasaki : Music, Nobuhiro Arai : Character Design, Chiaki Kurakane : Producer, Junichirou Tamura : Producer, Shigeru Nishiyama : Editor"
Sound! Euphonium 2, Hibike! Euphonium 2,TV   ,,Kyoto Animation,Fall ,"Drama, Music, School Club, School Life, Based on a Novel",4.11,2016.0,,"'Having won first place in the Kyoto Concert Band Competition, the Kitauji High School Concert Band prepares to go up against the many esteemed bands competing in the Kansai competition.'",,"Sound! Euphonium (Novel), Sound! Euphonium: Welcome to the Kitauji High School Concert Band, Sound! Euphonium: Kitauji Koukou Suisougaku-bu no Ichiban Atsui Natsu, Sound! Euphonium: Kitauji Koukou Suisougaku-bu, Saidai no Kiki","Hibike! Euphonium: Kumiko 3 Nensei Hen, Sound! Euphonium, Sound! Euphonium Specials, Sound! Euphonium: Ready, Set, Monaka, Hibike! Euphonium Movie: Kitauji Koukou Suisougaku-bu e Youkoso, Sound! Euphonium 2 Specials, Hibike! Euphonium Movie 2: Todoketai Melody, Liz and the Blue Bird, Sound! Euphonium Movie 3: Our Promise - A Brand New Day","Kumiko Oumae : Tomoyo Kurosawa, Reina Kousaka : Chika Anzai, Asuka Tanaka : Minako Kotobuki, Hazuki Katou : Ayaka Asai, Masahiro Hashimoto : Yuuichi Nakamura, Mizore Yoroizuka : Atsumi Tanezaki, Natsuki Nakagawa : Konomi Fujimura, Noboru Taki : Takahiro Sakurai, Nikki Asada
Original Character Design, Tatsuya Ishihara
Director, Naoko Yamada
Director, Akito Matsuda
Music, Shouko Ikeda
Character Design, Shinichi Nakamura
Producer, Shigeru Saitou
Producer, Eharu Oohashi
Producer","Nikki Asada : Original Character Design, Tatsuya Ishihara : Director, Naoko Yamada : Director, Akito Matsuda : Music, Shouko Ikeda : Character Design, Shinichi Nakamura : Producer, Shigeru Saitou : Producer, Eharu Oohashi : Producer"
Drifters,,TV   ,12.0,Hoods Entertainment,Fall ,"Action, Fantasy, Seinen, Dark Fantasy, Historical, Isekai, Person in a Strange World, Rebellions, Samurai, Based on a Manga, Explicit Violence",4.11,2016.0,,"'Toyohisa Shimazu is a fierce samurai who, in the aftermath of a fight with the Tokugawa regiment, suddenly finds himself in a strange corridor far from the bloodied grasslands of the battlefield. Before he can ask any questions, the shocked fighter finds himself sucked through a door in the wall and promptly lands in an unfamiliar place populated by kindly elves. There he meets with two infamous warriors, Oda Nobunaga and Nasu no Yoichi, who have met the same fate as him. However, not all is well in this new world as the brutal Black King aims to destroy everything. Now, with a battle raging between the fiercest warriors from throughout history, could this trio of Japanese Samurai be the only ray of hope in a land threatened by darkness?'",Explicit Violence,Drifters,"Drifters: Special Edition, Drifters: Kokuou-sama Goranshin, Drifters Specials, Drifters: Kokuou-sama Goranshin OVA, Drifters OVA","Nasu Suketaka Yoichi : Mitsuki Saiga, Nobunaga Oda : Naoya Uchida, Toyohisa Shimazu : Yuuichi Nakamura, Abe No Seimei : Takahiro Sakurai, Jeanne D'Arc : Junko Minagawa, Olminu : Shiho Kokido, San Jelmi : Tomokazu Sugita, Akechi Koreto Mitsuhide : Shou Hayami, Kouta Hirano
Original Creator, Kenichi Suzuki
Director, Yasushi Ishii
Music, Hayato Matsuo
Music, Ryouji Nakamori
Animation Director & Character Design & Chief Animation Director, Yasuyuki Ueda
Producer, Yoshiyuki Fudetani
Producer","Kouta Hirano : Original Creator, Kenichi Suzuki : Director, Yasushi Ishii : Music, Hayato Matsuo : Music, Ryouji Nakamori : Animation Director & Character Design & Chief Animation Director, Yasuyuki Ueda : Producer, Yoshiyuki Fudetani : Producer"
KonoSuba – God's blessing on this wonderful world!, Kono Subarashii Sekai ni Shukufuku wo!,TV   ,10.0,Studio DEEN,Winter,"Adventure, Comedy, Ecchi, Fantasy, Demons, Gag, Gods, Guilds, Isekai, NEET, Non-Human Protagonists, Parody, Person in a Strange World, RPG, Based on a Light Novel",4.1,2016.0,,"'After a traffic accident, Kazuma Satou’s disappointingly brief life was supposed to be over, but he wakes up to see a beautiful girl before him. She claims to be a goddess, Aqua, and asks if he would like to go to another world and bring only one thing with him. Kazuma decides to bring the goddess herself, and they are transported to a fantasy world filled with adventure, ruled by a demon king. Now Kazuma only wants to live in peace, but Aqua wants to solve many of this world’s problems, and the demon king will only turn a blind eye for so long…'",,"KonoSuba: God's Blessing on This Wonderful World! (Light Novel), KonoSuba: An Explosion on this Wonderful World! (Light Novel), KonoSuba: God’s Blessing on This Wonderful World!, KonoSuba: Consulting with this Masked Devil! (Light Novel), KonoSuba: An Explosion on this Wonderful World!, KonoSuba: Everyday Life in This Wonderful World!, KonoSuba: Megumin Anthology, Konosuba: An Explosion on This Wonderful World! Bonus Story (Light Novel), KonoSuba: God's Blessing on This Wonderful World! Extra Attention to that Wonderful Fool! (Light Novel), KonoSuba: Continued, An Explosion on this Wonderful World!, KonoSuba: Consulting with this Masked Devil!, KonoSuba: Megumin Anthology Aka, Konosuba: God's Blessing on This Wonderful World! TRPG (Light Novel)","KonoSuba – God's blessing on this wonderful world! (New), KonoSuba – God’s blessing on this wonderful world! OVA, KonoSuba – God's blessing on this wonderful world! 2, KonoSuba – God’s blessing on this wonderful world! 2 OVA, Isekai Quartet, KonoSuba – God’s blessing on this wonderful world! Movie: Legend of Crimson, Isekai Quartet 2","Aqua : Sora Amamiya, Darkness : Ai Kayano, Kazuma Satou : Jun Fukushima, Megumin : Rie Takahashi, Verdia : Hiroki Yasumoto, Wiz : Yui Horie, Angel : Ai Kakuma, Chris : Ayaka Suwa, Takaomi Kanasaki
Director, Masato Kouda
Music, Kouichi Kikuta
Character Design, Masakazu Miyake
Art Director, Yoshikazu Iwanami
Sound Director","Takaomi Kanasaki : Director, Masato Kouda : Music, Kouichi Kikuta : Character Design, Masakazu Miyake : Art Director, Yoshikazu Iwanami : Sound Director"
Snow White with the Red Hair OVA," Akagami no Shirayuki-hime: Nandemonai Takaramono, Kono Page",OVA  ,1.0,Bones,,"Drama, Fantasy, Romance, Shoujo, Slice of Life, Adult Couples, Mature Romance, Medieval, Royalty, Social Gap, Based on a Manga",4.1,2016.0,,"'The 30-minute OAD will adapt three chapters from the original manga, and it will not air as part of the ongoing television anime series. The OAD is adapting the 41st chapter of the manga where Shirayuki and Zen go on a date in the castle town. The anime is also adapting a special chapter from volume seven — which follows Prince Raji as a child — as well as a special chapter from volume 11 that chronicles how Zen, Mitsuhide, and Kiki first met.'",,Snow White with the Red Hair,"Snow White with the Red Hair, Snow White with the Red Hair 2nd Season","Shirayuki : Saori Hayami, Zen Wisteria : Ryouta Oosaka, Kiki Seiran : Kaori Nazuka, Mitsuhide Rouen : Yuuichirou Umehara, Obi : Nobuhiko Okamoto, Raji Shenazard : Jun Fukuyama, Sakaki : Katsuyuki Konishi, Garaku : Yuko Kaida, Sorata Akizuki
Original Creator, Masahiro Andou
Director, Michiru Ooshima
Music, Kumiko Takahashi
Character Design, Akio Matsuda
Producer, Yukihiro Itou
Producer, Jun Fukuda
Producer, Kazuo Oonuki
Producer","Sorata Akizuki : Original Creator, Masahiro Andou : Director, Michiru Ooshima : Music, Kumiko Takahashi : Character Design, Akio Matsuda : Producer, Yukihiro Itou : Producer, Jun Fukuda : Producer, Kazuo Oonuki : Producer"
March Comes in like a Lion, 3-gatsu no Lion,TV   ,22.0,SHAFT,Fall ,"Drama, Seinen, Slice of Life, Board Games, Coming of Age, Lifestyle Change, Loneliness, Melancholy, Mental Illness, Orphans, Psychological, Based on a Manga",4.09,2016.0,2017.0,"""Rei Kiriyama is a 17-year-old professional shogi player who suffers from anxiety, depression, and loneliness. Unwanted by his relatives after he loses his family in an accident, and resented by his adopted family's children, Rei moves into his own apartment in Tokyo to avoid inconveniencing others. He uses his talent at shogi to earn a living, but doesn't take care of himself, and is reluctant to\xa0ask others\xa0for help. Soon after his arrival, the boy meets the Kawamoto family: a trio of sisters and their grandfather who run a traditional Japanese pastry shop. They\xa0too have dealt with pain and loss, but their warmth and loving-kindness are balm for Rei's anguished spirit.""",,"March Comes in Like a Lion, March Comes in Like a Lion: Shakunetsu no Jidai","3-gatsu no Lion meets Bump of Chicken, Bump of Chicken: Answer, March Comes in like a Lion Recap, March Comes in like a Lion: Ugoku! Nya Shogi, March Comes in like a Lion 2nd Season, March Comes in like a Lion CM: Lion x HachiClo","Akari Kawamoto : Ai Kayano, Hinata Kawamoto : Kana Hanazawa, Momo Kawamoto : Misaki Kuno, Rei Kiriyama : Yumi Uchiyama, Harunobu Nikaidou : Nobuhiko Okamoto, Issa Matsumoto : Subaru Kimura, Kai Shimada : Shinichirou Miki, Kyouko Kouda : Marina Inoue, Chica Umino
Original Creator, Kenjirou Okada
Director & Episode Director & Storyboard, Akiyuki Simbo
Director & Series Composition, Shaft
Series Composition, Yukari Hashimoto
Music, Nobuhiro Sugiyama
Animation Director & Character Design & Chief Animation Director, Shinichirou Etou
Photography Director, Takayuki Aizu
Photography Director","Chica Umino : Original Creator, Kenjirou Okada : Director & Episode Director & Storyboard, Akiyuki Simbo : Director & Series Composition, Shaft : Series Composition, Yukari Hashimoto : Music, Nobuhiro Sugiyama : Animation Director & Character Design & Chief Animation Director, Shinichirou Etou : Photography Director, Takayuki Aizu : Photography Director"
Initial D Legend 3: Dream, New Initial D Movie: Legend 3 - Mugen,Movie,,LIDEN FILMS,,"Drama, Seinen, Sports, Cars, Racing, Based on a Manga",4.07,2016.0,,'The third and final\xa0movie of the New Initial D Movie trilogy.',,Initial D,"Initial D, Initial D Second Stage, Initial D Third Stage, Initial D Extra Stage, Initial D Battle Stage, Initial D: Project D to the Next Stage - Project D e Mukete, Initial D Fourth Stage, Initial D Battle Stage 2, Initial D Extra Stage 2: Tabidachi no Green, Initial D Fifth Stage, Initial D Final Stage, Initial D Legend 1: Awakening, Initial D Legend 2: Racer","Takumi Fujiwara, Bunta Fujiwara, Itsuki Takeuchi, Keisuke Takahashi, Ryousuke Takahashi, Natsuki Mogi, Takeshi Nakazato, Tomohito Naka
Director, Masamitsu Hidaka
Director, Akio Dobashi
Music, Kouji Haneda
Character Design, Mayori Sekijima
Screenplay","Tomohito Naka : Director, Masamitsu Hidaka : Director, Akio Dobashi : Music, Kouji Haneda : Character Design, Mayori Sekijima : Screenplay"
Kuroko's Basketball Movie 2: Winter Cup Highlights -Beyond the Tears-, Kuroko no Basket Movie 2: Winter Cup Soushuuhen -Namida no Saki e-,Movie,,Production I.G,,"Shounen, Sports, Basketball, Recap, School Club, Tournaments, Based on a Manga",4.06,2016.0,,"""Seirin faces off with Yosen in the quarter finals of the Winter Cup. Facing Yosen’s impenetrable defense with Murasakibara at its center, Kuroko manages to shoot his first point. Meanwhile, the ace battle between Kagami and Himuro also heats up. An intense battle is held until the very end. Next, Seirin faces off with Kaijo in the semi finals. Cautious of Kaijo's ace, Kise, and his Perfect Copy ability, Seirin works fast and hard to take the lead. Kise hurts his leg and is benched, so Seirin thinks they now have their chance, but then Kaijo shows them exactly what they can do even without Kise.""",,"Kuroko’s Basketball, Kuroko's Basketball: Replace (Light Novel), Kuroko's Basketball: Replace Plus","Kuroko's Basketball: NG-shuu, Kuroko's Basketball: Oshaberi Shiyokka, Kuroko's Basketball, Kuroko's Basketball: Tip Off, Kuroko's Basketball 2, Kuroko's Basketball OVA, Kuroko's Basketball: Let's Do That Again, Kuroko's Basketball: Oshaberi Demo Shimasen ka, Kuroko's Basketball 3, Kuroko's Basketball: The Greatest Present, Kuroko's Basketball Movie 1: Winter Cup Highlights -Shadow and Light-, Kuroko's Basketball Movie 3: Winter Cup Highlights -Crossing the Door-, Kuroko's Basketball: Oshaberi Shiyou ka, Kuroko's Basketball: Last Game",,
Tanaka-kun is Always Listless, Tanaka-kun wa Itsumo Kedaruge,TV   ,12.0,SILVER LINK.,Spring,"Comedy, Slice of Life, Iyashikei, School Life, Based on a Manga",4.05,2016.0,,"'Adapted from the popular web manga series published by Square Enix, this unconventional, surrealist comedy follows an exhausted high school boy who, despite multiple attempts from his friends, still manages to spectacularly… sleep. Much to the chagrin of the energetic (at times bossy) Ohta, Tanaka is often found in a blissful state of lethargy, possessing the ability to doze off in any situation, especially in mid-sentence!'",,Tanaka-kun wa Itsumo Kedaruge,"Tanaka-kun wa Kyou mo Kedaruge, Tanaka-kun is Always Listless Specials","Oota : Yoshimasa Hosoya, Tanaka : Kensho Ono, Echizen : Ayaka Suwa, Katou : Yuuichi Iguchi, Miyano : Natsumi Takamori, Shimura : Kazuyuki Okitsu, Shiraishi : Kotori Koiwai, Inokuma : Eiji Miyashita, Nozomi Uda
Original Creator, Shinya Kawatsura
Director, Hiromi Mizutani
Music, Haruko Iizuka
Character Design, Daiki Kuribayashi
Art Director, Terushige Yoshie
Producer, Toshihiro Maeda
Producer, Hayato Kaneko
Producer","Nozomi Uda : Original Creator, Shinya Kawatsura : Director, Hiromi Mizutani : Music, Haruko Iizuka : Character Design, Daiki Kuribayashi : Art Director, Terushige Yoshie : Producer, Toshihiro Maeda : Producer, Hayato Kaneko : Producer"
Ushio and Tora TV (2016), Ushio to Tora TV (2016),TV   ,13.0,MAPPA,Spring,"Action, Fantasy, Shounen, Supernatural, Urban Fantasy, Based on a Manga",4.05,2016.0,,'Continuation of the Ushio and Tora TV series.',,Ushio and Tora,"Ushio and Tora, Ushio and Tora: Comically Deformed Theater, Ushio and Tora TV","Tora : Rikiya Koyama, Ushio Aotsuki : Tasuku Hatanaka, Asako Nakamura : Mikako Komatsu, Hakumen No Mono : Megumi Hayashibara, Hyou : Daisuke Namikawa, Jiemei : Kana Hanazawa, Mayuko Inoue : Kiyono Yasuno, Nagare Akiba : Yoshimasa Hosoya, Kazuhiro Fujita
Original Creator, Satoshi Nishimura
Director, Eishi Segawa
Music, Tomoko Mori
Character Design, Kazuo Oonuki
Producer","Kazuhiro Fujita : Original Creator, Satoshi Nishimura : Director, Eishi Segawa : Music, Tomoko Mori : Character Design, Kazuo Oonuki : Producer"
My Teen Romantic Comedy SNAFU TOO! OVA, Yahari Ore no Seishun Love Comedy wa Machigatteiru. Zoku OVA,OVA  ,1.0,feel.,,"Comedy, Romance, Seinen, Slice of Life, Based on a Light Novel",4.05,2016.0,,"'The original animation will be titled ""Kitto, Onna no Ko wa Osatou to Spice to Suteki na Nanika de Dekiteiru"" (Undoubtedly, Girls Are Made of Sugar, Spice, and Everything Nice) and will adapt a story focusing on Iroha Isshiki from the original light novel\'s volume 10.5.'",,"My Youth Romantic Comedy Is Wrong, As I Expected (Light Novel), My Youth Romantic Comedy Is Wrong, As I Expected: Monologue, My Youth Romantic Comedy Is Wrong, As I Expected @ comic, My 4-koma Youth Romantic Comedy Is Wrong, As I Expected","My Teen Romantic Comedy SNAFU Climax OVA, My Teen Romantic Comedy SNAFU, My Teen Romantic Comedy SNAFU OVA, My Teen Romantic Comedy SNAFU TOO!, My Teen Romantic Comedy SNAFU Climax","Hachiman Hikigaya : Takuya Eguchi, Iroha Isshiki : Ayane Sakura, Yui Yuigahama : Nao Touyama, Yukino Yukinoshita : Saori Hayami, Kei Oikawa
Director, Kakeru Ishihama
Music, Kuniyuki Takahashi
Music, Yuuichi Tanaka
Character Design, Junichirou Tanaka
Producer, Youhei Hayashi
Producer, Kazuaki Takahashi
Producer, Takumi Kohama
Producer","Kei Oikawa : Director, Kakeru Ishihama : Music, Kuniyuki Takahashi : Music, Yuuichi Tanaka : Character Design, Junichirou Tanaka : Producer, Youhei Hayashi : Producer, Kazuaki Takahashi : Producer, Takumi Kohama : Producer"
Poco's Udon World, Udon no Kuni no Kiniro Kemari,TV   ,12.0,LIDEN FILMS,Fall ,"Seinen, Slice of Life, Animal Characteristics, Animal Transformation, Countryside, Death of a Loved One, Family Life, Iyashikei, Japanese Mythology, Lifestyle Change, Non-Human Protagonists, Orphans, Supernatural, Youkai, Based on a Manga",4.04,2016.0,,"""30 year-old web designer Souta Tawara takes a leave of absence from his job in Tokyo to return to his hometown and sort out his family's affairs. His recently-deceased father's udon restaurant is now closed, and the house Souta and his sister grew up in stands empty. Ridden with guilt over disappointing his father, Souta is beginning to doubt the choices he's made in life thus far. While trying to figure out how he should move forward, he meets what appears to be a small boy sleeping in one of his father's old kitchen pots, but who turns out to be a shape-shifting tanuki! Cute, playful and full of energy, Souta names him Poco and the two develop a strong bond. But now he faces a conundrum: should he quit his job in Tokyo and remain in the countryside, or will he again leave his childhood home in favor of the big city, leaving Poco all alone?""",,Poco's Udon World,,"Poco : Shiho Kokido, Souta Tawara : Yuuichi Nakamura, Rinko Oishi : Mai Nakahara, Sae Fujiyama : Kana Hanazawa, Shinobu Nakajima : Tomokazu Sugita, Shunsuke Fujiyama : Jun Fukuyama, Eitarou Tanaka, Fumi Kioka : Kujira, Yoshihide Ibata
Director, Seiki Takuno
Director, Yukari Hashimoto
Music, Eriko Itou
Character Design, Shunsuke Hosoi
Producer, Hiroyuki Inage
Producer, Mariko Chiya
Producer, Masaki Shiode
Producer","Yoshihide Ibata : Director, Seiki Takuno : Director, Yukari Hashimoto : Music, Eriko Itou : Character Design, Shunsuke Hosoi : Producer, Hiroyuki Inage : Producer, Mariko Chiya : Producer, Masaki Shiode : Producer"
Orange,,TV   ,13.0,Telecom Animation Film,Summer,"Drama, Mystery, Romance, Shoujo, Death of a Loved One, Melancholy, Mental Illness, Psychological, School Life, Supernatural, Unrequited Love, Based on a Manga, Mature Themes,, Suicide",4.04,2016.0,,"""Everyone has regrets in life. So who wouldn't take the chance to change the past if given the opportunity? When sixteen-year-old Takamiya Naho receives a mysterious letter, claiming to be from her twenty-seven-year-old self, her life is suddenly thrown into flux. The letter tells her that a new transfer student by the name of Naruse Kakeru will be joining her class, and to keep her eye on him. But why? Naho must decide what to make of the letter and its cryptic warning, and what it means not only for her future, but for Kakeru's as well.""","Mature Themes,, Suicide","Orange, Orange (Light Novel), Sorigerisu",Orange -Mirai-,"Azusa Murasaka : Natsumi Takamori, Hiroto Suwa : Makoto Furukawa, Kakeru Naruse : Seiichirou Yamashita, Naho Takamiya : Kana Hanazawa, Saku Hagita : Kazuyuki Okitsu, Takako Chino : Rika Kinugawa, Rio Ueda : Ayane Sakura, Azusa'S Mother : Kyoko Yamaguchi, Ichigo Takano
Original Creator, Hiroshi Hamasaki
Director, Naomi Nakayama
Director, Hiroaki Tsutsumi
Music, Nobuteru Yuuki
Character Design, Takashi Yoshizawa
Producer, Ikumi Hayashi
Producer, Hideki Tonokatsu
Episode Director","Ichigo Takano : Original Creator, Hiroshi Hamasaki : Director, Naomi Nakayama : Director, Hiroaki Tsutsumi : Music, Nobuteru Yuuki : Character Design, Takashi Yoshizawa : Producer, Ikumi Hayashi : Producer, Hideki Tonokatsu : Episode Director"
Kuroko's Basketball Movie 1: Winter Cup Highlights -Shadow and Light-, Kuroko no Basket Movie 1: Winter Cup Soushuuhen -Kage to Hikari-,Movie,,Production I.G,,"Shounen, Sports, Basketball, Recap, School Club, Tournaments, Based on a Manga",4.03,2016.0,,"""The first match of Seirin vs Touou Gakuen at the Winter Cup. Seirin swore they would get revenge from the Inter-High, but Aomine's talents grew even stronger and Kuroko's new move is seen through. After having all of his efforts denied by his former light, Aomine, Kuroko is benched and faces humiliation. Seeing his partner like this, something almost beast-like awakens within Kagami, and he challenges Aomine. Aomine had lost almost all sense of fighting, until he and Kagami both intensely face off with each other as they go into the Zone.""",,"Kuroko’s Basketball, Kuroko's Basketball: Replace (Light Novel), Kuroko's Basketball: Extra Game, Kuroko's Basketball: Replace Plus","Kuroko's Basketball: NG-shuu, Kuroko's Basketball: Oshaberi Shiyokka, Kuroko's Basketball, Kuroko's Basketball: Tip Off, Kuroko's Basketball 2, Kuroko's Basketball OVA, Kuroko's Basketball: Let's Do That Again, Kuroko's Basketball: Oshaberi Demo Shimasen ka, Kuroko's Basketball 3, Kuroko's Basketball: The Greatest Present, Kuroko's Basketball Movie 2: Winter Cup Highlights -Beyond the Tears-, Kuroko's Basketball Movie 3: Winter Cup Highlights -Crossing the Door-, Kuroko's Basketball: Oshaberi Shiyou ka, Kuroko's Basketball: Last Game","Tadatoshi Fujimaki
Original Creator, Shunsuke Tada
Director","Tadatoshi Fujimaki : Original Creator, Shunsuke Tada : Director"
D.Gray-man Hallow,,TV   ,13.0,8 Pan,Summer,"Action, Adventure, Shounen, Afterlife, Demons, Exorcists, Supernatural, Superpowers, Based on a Manga",4.02,2016.0,,"""Allen Walker is an exorcist working for the Black Order whose mission is to protect mankind from the evil Millennium Earl and his deadly Akuma. Allen and his comrades must recover lost Innocence while defending against the Earl's terrifying army. But if they fail, Innocence will be lost forever.""",,"Zone, D.Gray-Man, D.Gray-Man Reverse (Light Novel)",D.Gray-man,"Allen Walker : Ayumu Murase, Lavi :  Natsuki Hanae, Lenalee Lee : Ai Kakuma, Millennium Earl : Yutaka Aoyama, Yu Kanda : Tsubasa Yonaga, Road Kamelot : Yui Kondou, Tyki Mikk : Masakazu Nishida, Allen, Katsura Hoshino
Original Creator, Yoshiharu Ashino
Director, Kaoru Wada
Music, Yousuke Kabashima
Character Design & Chief Animation Director","Katsura Hoshino : Original Creator, Yoshiharu Ashino : Director, Kaoru Wada : Music, Yousuke Kabashima : Character Design & Chief Animation Director"
Alderamin on the Sky, Nejimaki Seirei Senki: Tenkyou no Alderamin,TV   ,13.0,MADHOUSE,Summer,"Action, Fantasy, Seinen, Guns, Military, War, Based on a Light Novel",4.01,2016.0,,"""The huge Katvana Empire is at war with the neighboring Kioka republic. In a corner of the empire, a young man is about be caught up in the flames of war. His name is Iwata Soroku. He's lazy, a philanderer, and he hates war. He's about as far from a soldier as you can get. On his way towards the next stage of officer's qualification exams, he and his childhood friend Yatorishino Igsem encounter the nurse trainee Harouma Beckle, Mashuu Tetrijirch, a member of the old military faction, and Torwey Lemion....""",,"Alderamin on the Sky (Light Novel), Alderamin on the Sky",Kano: nameless,"Ikta Solork : Nobuhiko Okamoto, Yatorishino Igsem : Risa Taneda, Chamille Kitra Katjvanmanink : Inori Minase, Haroma Becker : Haruka Chisuga, Jean Alkiniks : Jun Fukuyama, Kanna Temari : Ikumi Hayama, Mathew Tetdrich : Junji Majima, Nanaku Daru : Rie Takahashi, Tetsuo Ichimura
Director, Keiji Inai
Music, Kunio Katsuki
Character Design, Yoshikazu Iwanami
Sound Director, Shuuhei Yabuta
Episode Director, Masaki Hinata
Animation Director","Tetsuo Ichimura : Director, Keiji Inai : Music, Kunio Katsuki : Character Design, Yoshikazu Iwanami : Sound Director, Shuuhei Yabuta : Episode Director, Masaki Hinata : Animation Director"
Planetarian Movie: Hoshi no Hito,,Movie,,David Production,,"Sci Fi, Androids, Astronomy, Dystopia, Non-Human Protagonists, Post-apocalyptic, Robots, Based on a Visual Novel",4.0,2016.0,,"""In the future after much of the world has been devastated by nuclear and biological warfare, a young scavenger or 'Junker' exploring a quarantined and abandoned city comes across a service robot still faithfully awaiting customers in the rooftop planetarium of a department store. Against his pragmatic instincts he helps the robot repair the planetarium's projector: a decision which will change both their fates.""",,Planetarian: Chiisana Hoshi no Yume (Light Novel),"Planetarian, Planetarian: Snow Globe","Kuzuya : Daisuke Ono, Yumemi Hoshino : Keiko Suzuki, Ezra : Akiko Takeguchi, Gorou Mikashima : Yasumichi Kushida, Isaiah : Shizuka Ishigami, Jeremiah : Yuuki Kuwahara, Job : Youko Hikasa, Levi : Sanae Fuku, Katsuichi Nakayama
Director, Naokatsu Tsuda
Director, Shinji Orito
Music, Hitomi Takechi
Character Design, Takashi Tachizaki
Producer, Kouhei Miyajima
Producer, Junichi Kaseda
Producer, Hiroyuki Aoi
Producer","Katsuichi Nakayama : Director, Naokatsu Tsuda : Director, Shinji Orito : Music, Hitomi Takechi : Character Design, Takashi Tachizaki : Producer, Kouhei Miyajima : Producer, Junichi Kaseda : Producer, Hiroyuki Aoi : Producer"
KonoSuba – God’s blessing on this wonderful world! OVA, Kono Subarashii Sekai ni Shukufuku wo! OVA,OVA  ,1.0,Studio DEEN,,"Comedy, Ecchi, Fantasy, Gag, Gods, Isekai, Magic, NEET, Non-Human Protagonists, Parody, Person in a Strange World, RPG, Based on a Light Novel",3.99,2016.0,,"'After a trip to Wiz\'s shop, the gang encounters Megumin\'s self-proclaimed rival, Yunyun. Annoyed at the group\'s increased level of obnoxiousness with a new member added, Kazuma notices a choker at his feet. After trying it on casually, he realizes he\'s in trouble: it\'s actually a ""Wish-Granting Choker"" which won\'t come off until the wearer\'s wish is granted, on top of gradually strangling them over time. The party tries everything they can think of to grant Kazuma\'s wish: Wiz lets him lay his head in her lap, Darkness does push-ups while her chest sways, and Megumin and Yunyun play strip rock-paper-scissors while Aqua runs errands and serves drinks. But in spite of it all, the choker shows no sign of coming off.'",,"KonoSuba: God's Blessing on This Wonderful World! (Light Novel), KonoSuba: An Explosion on this Wonderful World! (Light Novel), KonoSuba: God’s Blessing on This Wonderful World!, KonoSuba: Consulting with this Masked Devil! (Light Novel), KonoSuba: An Explosion on this Wonderful World!, KonoSuba: Everyday Life in This Wonderful World!, KonoSuba: Megumin Anthology, Konosuba: An Explosion on This Wonderful World! Bonus Story (Light Novel), KonoSuba: God's Blessing on This Wonderful World! Extra Attention to that Wonderful Fool! (Light Novel), KonoSuba: Continued, An Explosion on this Wonderful World!, KonoSuba: Consulting with this Masked Devil!, KonoSuba: Megumin Anthology Aka, Konosuba: God's Blessing on This Wonderful World! TRPG (Light Novel)","KonoSuba – God's blessing on this wonderful world! (New), KonoSuba – God's blessing on this wonderful world!, KonoSuba – God's blessing on this wonderful world! 2, KonoSuba – God’s blessing on this wonderful world! 2 OVA, KonoSuba – God’s blessing on this wonderful world! Movie: Legend of Crimson","Aqua : Sora Amamiya, Darkness : Ai Kayano, Kazuma Satou : Jun Fukushima, Megumin : Rie Takahashi, Wiz : Yui Horie, Yunyun : Aki Toyosaki, Eris : Ayaka Suwa",
Pretty Guardian Sailor Moon Crystal (2016), Pretty Guardian Sailor Moon Crystal: Death Busters,TV   ,13.0,Toei Animation,Spring,"Action, Fantasy, Magical Girl, Romance, Shoujo, Contemporary Fantasy, Elemental Powers, Henshin Heroes, Magic, Reincarnation, Sentai, Tokusatsu, Urban Fantasy, Based on a Manga",3.99,2016.0,,"'When new villains known as the Death Busters arrive to threaten Earth, two new Sailor Guardians also appear: Sailor Uranus and Sailor Neptune. They are very different from Sailor Moon and her friends and they claim to have no interest in working cooperatively with them to\xa0defeat the threat. Meanwhile, Chibi-usa\xa0has befriended a sickly girl named Hotaru who has an amazing power to heal others. Although she is very kind and gentle, for some reason Sailor Uranus and Sailor Neptune are both determined to make sure that Hotaru dies!'",,"Codename: Sailor V, Sailor Moon, Pretty Guardian Sailor Moon: Short Stories","Sailor Moon, Sailor Moon R, Sailor Moon R: The Movie, Sailor Moon R Make Up! Sailor Guardians, Sailor Moon S, Sailor Moon S: The Movie, Sailor Moon Super S, Sailor Moon Super S Special, Sailor Moon Super S: The Movie, Sailor Moon Super S Plus - Ami's First Love, Sailor Moon Sailor Stars, Sailor Moon Sailor Stars: Hero Club, Sailor Moon R Memorial, Sailor Moon Memorial, Sailor Moon S Memorial, Sailor Moon Super S Memorial, Sailor Moon Sailor Stars Memorial, Pretty Guardian Sailor Moon Crystal, Momoiro Clover Z: Moon Pride, Pretty Guardian Sailor Moon Eternal Movie 1","Ami Mizuno : Hisako Kanemoto, Chibi-Usa : Misato Fukuen, Haruka Tenoh : Junko Minagawa, Hotaru Tomoe : Yukiyo Fujii, Makoto Kino : Ami Koshimizu, Mamoru Chiba : Kenji Nojima, Michiru Kaioh : Sayaka Oohara, Minako Aino : Shizuka Itou, Naoko Takeuchi
Original Creator, Chiaki Kon
Director, Yasuharu Takanashi
Music, Akira Takahashi
Character Design, Junichirou Tsuchiya
Producer, Yoshio Usuda
Key Animator","Naoko Takeuchi : Original Creator, Chiaki Kon : Director, Yasuharu Takanashi : Music, Akira Takahashi : Character Design, Junichirou Tsuchiya : Producer, Yoshio Usuda : Key Animator"
91 Days,,TV   ,12.0,Shuka,Summer,"Drama, America, Animeism, Crime, Criminals, Death of a Loved One, Gangs, Guns, Historical, Mafia, Revenge, Thriller, Original Work, Explicit Violence,, Mature Themes,, Physical Abuse,, Sexual Content",3.99,2016.0,,"""During Prohibition, the law held no power and the mafia ruled the town. The story takes place in Lawless, a town thriving on black market sales of illicitly brewed liquor. One day, Avilio receives a letter from a mysterious sender, prompting him to return to Lawless for revenge. He then infiltrates the Vanetti family, the ones responsible for his family's murder, and sets about befriending the don's son, Nero, to set his vengeance in motion. Killing brings more killing, and revenge spawns more revenge. How will the 91-day story of these men guided by a tragic fate end?""","Explicit Violence,, Mature Themes,, Physical Abuse,, Sexual Content",,"91 Days: Brief Candle, 91 Daze, 91 Days Special","Angelo Laguza : Takashi Kondou, Nero Vanetti : Takuya Eguchi, Barbero : Takahiro Sakurai, Corteo : Hisako Toujou, Fango : Kenjirou Tsuda, Frate Vanetti : Koutarou Nishiyama, Ganzo Vanetti : Masuo Amada, Ronaldo Galassia : Yuuichi Nakamura, Hiro Kaburagi
Director, Shougo Kaida
Music, Tomohiro Kishi
Character Design, Yoshiki Obata
Photography Director, Toshihiro Maeda
Producer, Toshio Iizuka
Producer, Yuuji Yanase
Episode Director, Masahiko Murata
Key Animator & Op Director & Storyboard","Hiro Kaburagi : Director, Shougo Kaida : Music, Tomohiro Kishi : Character Design, Yoshiki Obata : Photography Director, Toshihiro Maeda : Producer, Toshio Iizuka : Producer, Yuuji Yanase : Episode Director, Masahiko Murata : Key Animator & Op Director & Storyboard"
Rakshasa Street, Zhen Hun Jie,Web  ,24.0,L2 Studio,,"Action, Chinese Animation, Supernatural, Based on a Manga",3.99,2016.0,,"'Requiem Street, where evil spirits are attracted to in order to destroy them. A place where spirits and humans co-exist, not all humans can enter Requiem Street. Only those Rare-Soul Users with Guardian Spirits can enter. Xia Ling\xa0was just a normal university intern, but a meeting by chance changes her ordinary life... In this world full of evil spirits, can you cooperate with your guardian spirit in order to survive?'",,Rakshasa Street,Rakshasa Street 2nd Season,"Cao Xuanliang, Cao Yanbing, Xia Ling, Guifu Santong, Hale Camp, Liu Yushan, Lu Tianyou, Xiao Rou, Chen Xu
Original Creator, Heng Yu Lu
Director, Shu Jie Li
Director","Chen Xu : Original Creator, Heng Yu Lu : Director, Shu Jie Li : Director"
Drifters: Special Edition,,OVA  ,1.0,Hoods Entertainment,,"Action, Seinen, Historical, Person in a Strange World, Rebellions, Samurai, Based on a Manga, Explicit Violence",3.99,2016.0,,'An edited version of the first and second episodes of the Drifters TV series.',Explicit Violence,Drifters,"Drifters, Drifters: Kokuou-sama Goranshin, Drifters Specials, Drifters: Kokuou-sama Goranshin OVA","Nasu Suketaka Yoichi : Mitsuki Saiga, Nobunaga Oda : Naoya Uchida, Toyohisa Shimazu : Yuuichi Nakamura, Aram : Isshin Chiba, Abe No Seimei : Takahiro Sakurai, Black King, Easy : Kanae Itou, Mark : Tomoko Tsuzuki, Kouta Hirano
Original Creator, Kenichi Suzuki
Director, Yasushi Ishii
Music, Hayato Matsuo
Music, Ryouji Nakamori
Character Design & Chief Animation Director","Kouta Hirano : Original Creator, Kenichi Suzuki : Director, Yasushi Ishii : Music, Hayato Matsuo : Music, Ryouji Nakamori : Character Design & Chief Animation Director"
Digimon Adventure Tri. Movie 3: Confession, Digimon Adventure Tri. Movie 3: Kokuhaku,Movie,,Toei Animation,,"Action, Drama, Sci Fi, Monsters",3.99,2016.0,,'Part 3 of the Digimon Adventure Tri. movie series.',,,"Digimon Adventure Tri. Movie 1: Reunion, Digimon Adventure Tri. Movie 2: Determination, Digimon Adventure Tri. Movie 4: Loss, Digimon Adventure Tri. Movie 5: Coexistence, Digimon Adventure Tri. Movie 6: Future","Hikari'S Tailmon : Yuka Tokumitsu, Hikari Yagami : M.A.O., Jou Kido : Junya Ikeda, Jou'S Gomamon : Junko Takeuchi, Koshirou Izumi : Mutsumi Tamura, Koshirou'S Tentomon : Takahiro Sakurai, Meiko Mochizuki : Miho Arakawa, Mimi'S Palmon : Kinoko Yamada, Keitarou Motonaga
Director, Gou Sakabe
Music, Atsuya Uki
Character Design, Shuuhei Arai
Producer","Keitarou Motonaga : Director, Gou Sakabe : Music, Atsuya Uki : Character Design, Shuuhei Arai : Producer"
Persona 3 the Movie 4: Winter of Rebirth,,Movie,,A-1 Pictures,,"Action, Fantasy, Supernatural, Based on a Video Game",3.99,2016.0,,"'""The hour of extinction is approaching. There is no way to stop it."" They have learned of death, seen death and confronted death. Makoto and his team had grown through numerous encounters and separations.Maybe they’ve been fighting for themselves, not for the world. Even so, they continued to battle, believing there will be a peaceful future. However, the boy says that extinction is the fate of humanity. The boy Makoto believed was his friend thrusts before him this cruel reality. The season is now winter. In order to welcome the spring, what decision must Makoto make…?'",,"Persona 3, Persona 4, Tartarus Gekijou, Persona x Tantei Naoto (Light Novel), P4U2: Persona 4 the Ultimax Ultra Suplex Hold, Persona Q: Shadow of the Labyrinth - Side:P3, Persona 5, Tartarus Gekijou Wild","Persona 3 the Movie 1: Spring of Birth, Persona 3 the Movie 2: Midsummer Knight's Dream, Persona 3 the Movie 3: Falling Down","Aigis, Akihiko Sanada, Fuuka Yamagishi, Junpei Iori, Ken Amada, Makoto Yuuki, Mitsuru Kirijo, Yukari Takeba, Tomohisa Taguchi
Director, Tetsuya Kobayashi
Music, Shouji Meguro
Music, Keisuke Watabe
Character Design, Yae Ootsuka
Chief Animation Director","Tomohisa Taguchi : Director, Tetsuya Kobayashi : Music, Shouji Meguro : Music, Keisuke Watabe : Character Design, Yae Ootsuka : Chief Animation Director"
Food Wars! Shokugeki no Souma OVA, Shokugeki no Souma: Natsuyasumi no Erina,OVA  ,1.0,J.C.Staff,,"Ecchi, Shounen, Slice of Life, Food and Beverage, Based on a Manga",3.98,2016.0,,'The anime will follow Souma and his friends on a short summer vacation before the Autumn Elections.',,"Food Wars! Shokugeki no Souma, Food Wars: Etoile, Shokugeki no Souma: Fratelli Aldini (Light Novel)","Food Wars! Shokugeki no Souma, Food Wars! Jump Festa 2015 Special, Food Wars! The Second Plate, Food Wars! Jump Festa 2016 Special, Food Wars! Toutsuki Juukketsu, Food Wars! The Third Plate, Food Wars! The Fourth Plate","Erina Nakiri : Risa Taneda, Souma Yukihira : Yoshitsugu Matsuoka, Alice Nakiri : Chinatsu Akasaki, Ikumi Mito : Shizuka Ishigami, Isami Aldini : Yuuki Ono, Megumi Tadokoro : Minami Takahashi, Ryouko Sakaki : Ai Kayano, Ryou Kurokiba : Nobuhiko Okamoto, Yuuto Tsukuda
Original Creator",Yuuto Tsukuda : Original Creator
Ace of the Diamond: Second Season OVA, Diamond no Ace: Second Season OVA,OVA  ,2.0,MADHOUSE,,"Shounen, Sports, Baseball, School Club, Based on a Manga",3.98,2016.0,,'No synopsis yet - check back soon!',,"Ace of the Diamond, Daiya no B!! - Seidou Koukou Suisou Gakubu, Daiya no A: Act II","Ace of the Diamond, Ace of the Diamond OVA, Ace of the Diamond: Second Season, Ace of the Diamond: Act II","Eijun Sawamura : Ryouta Oosaka, Haruno Yoshikawa : Yurika Endou, Jun Isashiki : Yuuki Ono, Kazuya Miyuki : Takahiro Sakurai, Haruichi Kominato : Natsuki Hanae, Mei Narumiya : Yuuki Kaji, Raichi Todoroki : Kensho Ono, Satoru Furuya : Nobunaga Shimazaki, Yuuji Terajima
Original Creator",Yuuji Terajima : Original Creator
One Piece Special: Heart of Gold,,TV Sp,,Toei Animation,,"Action, Adventure, Fantasy, Shounen, Pirates, Superpowers, Based on a Manga",3.98,2016.0,,"'While exploring the New World, Luffy and the crew meet a mysterious girl named Olga. She is pretty on the outside but twisted and savage inside and she told them she is chased by the Navy and a powerful treasure hunter named Mad Treasure.'",,One Piece,"One Piece, One Piece Film: Gold","Brook : Choo, Franky : Kazuki Yao, Monkey D. Luffy : Mayumi Tanaka, Nami : Akemi Okamura, Robin Nico : Yuriko Yamaguchi, Sanji : Hiroaki Hirata, Tony Tony Chopper : Ikue Ootani, Usopp : Kappei Yamaguchi, Eiichiro Oda
Original Creator, Tatsuya Nagamine
Director, Kouhei Tanaka
Music, Shirou Hamaguchi
Music, Yasunori Iwasaki
Music, Keiichi Ichikawa
Character Design","Eiichiro Oda : Original Creator, Tatsuya Nagamine : Director, Kouhei Tanaka : Music, Shirou Hamaguchi : Music, Yasunori Iwasaki : Music, Keiichi Ichikawa : Character Design"
Noblesse: Awakening,,OVA  ,1.0,Production I.G,,"Action, Fantasy, Shounen, Contemporary Fantasy, Non-Human Protagonists, Overpowered Main Characters, Supernatural, Urban Fantasy, Vampires, Based on a Webtoon, Explicit Violence,, Mature Themes,, Physical Abuse",3.98,2016.0,,'Cadis Etrama di Raizel wakes up from 820-years long sleep and starts a new life as a high school student. His peaceful days as a student are soon interrupted as his new human friends are assaulted by mysterious attackers with superhuman abilities.',"Explicit Violence,, Mature Themes,, Physical Abuse","Noblesse, Noblesse S (Novel), Noblesse: Rai's Adventure",Noblesse,"Cadis Etrama Di Raizel : Tarusuke Shingaki, Frankenstein : Daisuke Hirakawa, Ik-Han Woo : Takuma Nagatsuka, Jake : Tooru Ookawa, M-21 : Hisafumi Oda, M-24 : Teruyuki Tanzawa, Mary : Hitomi Nabatame, Shinwoo Han : Tasuku Hatanaka, Je-Ho Son
Original Creator, Shunsuke Tada
Director, Kenichi Matsuzawa
Director, Yoshihiro Ike
Music, Senbon Umishima
Character Design, Akira Saitou
Color Design","Je-Ho Son : Original Creator, Shunsuke Tada : Director, Kenichi Matsuzawa : Director, Yoshihiro Ike : Music, Senbon Umishima : Character Design, Akira Saitou : Color Design"
Ajin: Demi-Human 2nd Season, Ajin 2nd Season,TV   ,13.0,POLYGON PICTURES,Fall ,"Horror, Seinen, Animeism, Human Experimentation, Supernatural, Terrorism, Based on a Manga, CG Animation, Explicit Violence,, Mature Themes,, Physical Abuse,, Suicide",3.98,2016.0,,"'The war between Ajin terrorist Satou and Ajin Administrative Committee has been escalating with Satou declaring a public assassination attempt on 15 Ajin-related VIPs, an action Satou calls ""purging."" The final confrontations between Ajin and the Japanese government, as well as between Satou and Kei Nagai, are about to begin.'","Explicit Violence,, Mature Themes,, Physical Abuse,, Suicide",Ajin,"Ajin Movie 1: Shoudou, Ajin: Demi-Human, Ajin Movie 2: Shoutotsu, Ajin OVA, Ajin Movie 3: Shougeki","Kei Nagai : Mamoru Miyano, Kou Nakano : Jun Fukuyama, Izumi Shimomura : Mikako Komatsu, Kouji Tanaka : Daisuke Hirakawa, Satou : Houchuu Ootsuka, Yuu Tosaki : Takahiro Sakurai, Carly Myers : Maaya Sakamoto, Douglas Almeida : Toshiyuki Morikawa, Tsuina Miura
Original Creator, Gamon Sakurai
Original Creator, Hiroyuki Seshita
Chief Director, Hiroaki Andou
Director, Hiroshi Seko
Series Composition, Yuugo Kanno
Music, Yuuki Moriyama
Character Design, Yoshikazu Iwanami
Sound Director","Tsuina Miura : Original Creator, Gamon Sakurai : Original Creator, Hiroyuki Seshita : Chief Director, Hiroaki Andou : Director, Hiroshi Seko : Series Composition, Yuugo Kanno : Music, Yuuki Moriyama : Character Design, Yoshikazu Iwanami : Sound Director"
The Heroic Legend of Arslan: Dust Storm Dance, Arslan Senki: Fuujin Ranbu,TV   ,,LIDEN FILMS,Summer,"Action, Adventure, Fantasy, Shounen, Medieval, Middle Eastern, Military, Political, Rebellions, Royalty, Swordplay, War, Based on a Manga, Violence",3.97,2016.0,,"'The\xa0Lusitania forces continue to hold rule over the Kingdom of Pars\xa0despite Arslan’s fierce battle against Lord Silver Mask. Arslan continues to fight for his rightful throne, but there\xa0are still many conflicts left to resolve. But the biggest mystery—who are his parents?\xa0And is that an answer he’s prepared to face?'",Violence,"The Heroic Legend of Arslan (Light Novel), The Heroic Legend of Arslan","The Heroic Legend of Arslan (1991), The Heroic Legend of Arslan, The Heroic Legend of Arslan: The Blade to Retake the Kingdom, The Heroic Legend of Arslan Specials, Kigyou Senshi Arslan, The Heroic Legend of Arslan OVA, The Heroic Legend of Arslan: Dust Storm Dance Specials","Arslan : Yusuke Kobayashi, Daryun : Yoshimasa Hosoya, Narsus : Daisuke Namikawa, Alfreed : Manami Numakura, Elam : Natsuki Hanae, Etoile : Yumi Uchiyama, Falangies : Maaya Sakamoto, Gieve : Kenn, Hiromu Arakawa
Original Creator, Noriyuki Abe
Director, Tarou Iwashiro
Music, Kazuo Watanabe
Character Design, Ushio Tazawa
Character Design, Shingo Ogiso
Character Design, Tetsurou Satomi
Producer, Toshihiro Maeda
Producer","Hiromu Arakawa : Original Creator, Noriyuki Abe : Director, Tarou Iwashiro : Music, Kazuo Watanabe : Character Design, Ushio Tazawa : Character Design, Shingo Ogiso : Character Design, Tetsurou Satomi : Producer, Toshihiro Maeda : Producer"
Non Non Biyori Repeat OVA,,OVA  ,1.0,SILVER LINK.,,"Comedy, Seinen, Slice of Life, Countryside, Iyashikei, Based on a Manga",3.96,2016.0,2017.0,'No synopsis yet - check back soon!',,"Non Non Biyori, Non Non Biyori Official Anthology","Non Non Biyori, Non Non Biyori: Okinawa e Ikukoto ni Natta, Non Non Biyori Repeat, Non Non Biyori Movie: Vacation, Non Non Biyori Nonstop, Non Non Biyori Nonstop OVA","Hotaru Ichijou : Rie Murakawa, Komari Koshigaya : Kana Asumi, Natsumi Koshigaya : Ayane Sakura, Renge Miyauchi : Kotori Koiwai, Kaede Kagayama : Rina Satou, Hotaru'S Mother : Yuuko Nagashima, Pechi : Akiko Hiramatsu, Suguru Koshigaya, Atto
Original Creator, Shinpei Yamashita
Producer, Nano.Ripe
Song Arrangement & Song Performance, Kimiko
Song Composition & Song Lyrics, Masayuki Fukutomi
Song Arrangement","Atto : Original Creator, Shinpei Yamashita : Producer, Nano.Ripe : Song Arrangement & Song Performance, Kimiko : Song Composition & Song Lyrics, Masayuki Fukutomi : Song Arrangement"
Orange -Mirai-, Orange -Future-,Movie,,Telecom Animation Film,,"Drama, Mystery, Romance, Shoujo, School Life, Supernatural, Based on a Manga",3.95,2016.0,,"""The movie retells the main story from Suwa's point of view. It will also tell the story after the original manga and the television anime, and therefore a story not told anywhere until now.""",,"Orange, Orange (Light Novel), Sorigerisu",Orange,"Azusa Murasaka : Natsumi Takamori, Hiroto Suwa : Makoto Furukawa, Kakeru Naruse : Seiichirou Yamashita, Naho Takamiya : Kana Hanazawa, Saku Hagita : Kazuyuki Okitsu, Takako Chino : Rika Kinugawa, Ichigo Takano
Original Creator, Naomi Nakayama
Chief Director, Hiroshi Hamasaki
Director, Hiroaki Tsutsumi
Music, Nobuteru Yuuki
Character Design, Takashi Yoshizawa
Producer, Ikumi Hayashi
Producer","Ichigo Takano : Original Creator, Naomi Nakayama : Chief Director, Hiroshi Hamasaki : Director, Hiroaki Tsutsumi : Music, Nobuteru Yuuki : Character Design, Takashi Yoshizawa : Producer, Ikumi Hayashi : Producer"
Mobile Suit Gundam: Thunderbolt - December Sky, Kidou Senshi Gundam: Thunderbolt - December Sky,Movie,,Sunrise,,"Action, Mecha, Sci Fi, Seinen, Military, Psychological, Real Robot, War, Based on a Manga, Drug Use,, Mature Themes,, Violence",3.95,2016.0,,"""Their war has not yet ended... It is Universal Century 0079, at the end of the One Year War between the Earth Federation and the Principality of Zeon. The space colonies of Side 4, or Moore, were previously destroyed by a Zeon attack, and many colonists lost their lives. Side 4 became a shoal zone filled with the wreckage of destroyed colonies and warships, lit by constant flashes of lightning due to collisions between electrified debris. It soon came to be known as the ''Thunderbolt Sector.'' The Moore Brotherhood, an Earth Federation Forces unit made up of surviving citizens from Moore, set out to exterminate the Zeon forces in the Thunderbolt Sector in order to reclaim their homeland. To halt the Federation advance, the Zeon forces deployed their own Living Dead Division, which was established to collect combat data on soldiers with prosthetic limbs. Io Fleming, though part of the Moore Brotherhood, hates being tied down by his homeland and family history. Daryl Lorenz, having lost his legs in earlier battles, is now an ace sniper of the Living Dead Division. When they confront each other on the battlefield, they will reach a mutual realization. These two are destined to kill each other.""","Drug Use,, Mature Themes,, Violence","Mobile Suit Gundam Thunderbolt, Mobile Suit Gundam Thunderbolt Side Story","Mobile Suit Gundam: Thunderbolt, Mobile Suit Gundam: Thunderbolt 2nd Season, Mobile Suit Gundam: Thunderbolt - Bandit Flower","Daryl Lorenz : Ryouhei Kimura, Io Fleming : Yuuichi Nakamura, Claudia Peer : Toa Yukinari, Cornelius Kaka : Daisuke Hirakawa, Graham : Shunsuke Sakuya, J. J. Sexton : Hiroshi Tsuchida, Karla Mitchum : Sayaka Oohara, Allen : Shinya Honda, Kou Matsuo
Director, Naruyoshi Kikuchi
Music, Hirotoshi Takaya
Character Design, Eriko Kimura
Sound Director, Naohiro Ogata
Producer, Hiroyuki Kikukawa
Producer","Kou Matsuo : Director, Naruyoshi Kikuchi : Music, Hirotoshi Takaya : Character Design, Eriko Kimura : Sound Director, Naohiro Ogata : Producer, Hiroyuki Kikukawa : Producer"
Boruto: Naruto the Movie - The Day Naruto Became Hokage, Boruto: Naruto the Movie - Naruto ga Hokage ni Natta Hi,DVD S,,Pierrot,,"Comedy, Shounen, Ninja, Based on a Manga",3.95,2016.0,,'No synopsis yet - check back soon!',,"Boruto: Road to ""B"", Naruto: The Seventh Hokage and the Scarlet Spring, Boruto: Naruto the Movie Tokubetsu Bangai-hen - Naruto ga Hokage ni Natta Hi, Boruto: Naruto the Movie (Light Novel), Boruto","Boruto: Naruto the Movie, Boruto: Jump Festa 2016 Special, Boruto: Naruto Next Generations","Boruto Uzumaki : Yuuko Sanpei, Himawari Uzumaki : Saori Hayami, Naruto Uzumaki : Junko Takeuchi, Hinata Hyuga : Nana Mizuki, Chouchou : Ryouko Shiraishi, Inojin, Ino Yamanaka, Iruka Umino : Toshihiko Seki, Masashi Kishimoto
Original Creator",Masashi Kishimoto : Original Creator
Tamayura: Sotsugyou Shashin Movie 4 - Ashita, Tamayura: Sotsugyou Shashin Part 4 - New Dawn,Movie,,TYO Animations,,"Slice of Life, Iyashikei, Photography, Original Work",3.95,2016.0,,'Part 4 of the\xa0Tamayura: Sotsugyou Shashin movie series.',,,"Tamayura, Tamayura: Hitotose, Tamayura: Hitotose Special, Tamayura: More Aggressive Picture Drama, Tamayura: More Aggressive, Tamayura: More Aggressive OVA, Tamayura: Sotsugyou Shashin Movie 1 - Kizashi, Tamayura: Sotsugyou Shashin Movie 2 - Hibiki, Tamayura: Sotsugyou Shashin Movie 3 - Akogare","Fuu Sawatari, Kaoru Hanawa, Maon Sakurada, Norie Okazaki, Chihiro Miyoshi, Kanae Mitani, Mutsuko Shimokamiyama, Sayomi Hanawa, Junichi Satou
Director, Nobuyuki Nakajima
Music, Haruko Iizuka
Character Design, Asuka Yamazaki
Producer, Hidemasa Tasaka
Producer, Kentarou Kai
Producer, Shousei Itou
Producer, Kouji Sone
Producer","Junichi Satou : Director, Nobuyuki Nakajima : Music, Haruko Iizuka : Character Design, Asuka Yamazaki : Producer, Hidemasa Tasaka : Producer, Kentarou Kai : Producer, Shousei Itou : Producer, Kouji Sone : Producer"
To Love Ru: Darkness 2nd OVA,,OVA  ,3.0,XEBEC,,"Comedy, Ecchi, Harem, Romance, Sci Fi, Shounen, Slice of Life, Aliens, Love Triangle, Non-Human Protagonists, Panty Shots, Based on a Manga, Nudity,, Sexual Content",3.94,2016.0,,'No synopsis yet - check back soon!',"Nudity,, Sexual Content","To Love Ru, To Love Ru: Abunai Girls Talk (Light Novel), To Love Ru Darkness, To Love Ru Darkness: Little Sisters (Light Novel)","To Love Ru, To Love Ru OVA, Motto To Love Ru, To Love Ru: Darkness OVA, To Love Ru: Darkness, To Love Ru: Darkness 2nd, To Love Ru: Darkness 2nd Specials, To Love Ru: Multiplication - Mae kara Ushiro kara","Momo Belia Deviluke : Kikuko Inoue, Rito Yuuki : Akeno Watanabe, Haruna Sairenji : Sayuri Yahagi, Lala Satalin Deviluke : Haruka Tomatsu, Mikan Yuuki : Kana Hanazawa, Nana Asta Deviluke : Kanae Itou, Nemesis : Rina Hidaka, Peke : Satomi Arai, Saki Hasemi
Original Creator",Saki Hasemi : Original Creator
L.O.R.D: Legend of Ravaging Dynasties, Jue Ji,Movie,,Original Force,,"Action, Fantasy, Chinese Animation, CG Animation, Original Work, Violence",3.94,2016.0,,"'In a distant time, seven lords who wield powers beyond imagination share dominion over a world. But when one lord falls from grace, the others summon all their magic to stop an epic war that is ravaging the land — and threatening the order of the universe.'",Violence,L.O.R.D: Legend of Ravaging Dynasties,L.O.R.D: Legend of Ravaging Dynasties 2,"Chen Yin, Guishan Quan Lian, Ling Qi, Ming You, Tianshu Hua You, Yin Shen, Guishan Hun Feng, Hong Ni, Guo Jingming
Director & Original Creator & Screenplay, Gu Rong
Chief Director, Huang Changzuo
Chief Director, Cao Qingqing
Assistant Director, Wu Minxuan
Assistant Director, Huang Huizhen
Assistant Director, Sun Fangchun
Assistant Director, Pan Siping
Assistant Director","Guo Jingming : Director & Original Creator & Screenplay, Gu Rong : Chief Director, Huang Changzuo : Chief Director, Cao Qingqing : Assistant Director, Wu Minxuan : Assistant Director, Huang Huizhen : Assistant Director, Sun Fangchun : Assistant Director, Pan Siping : Assistant Director"
Durarara!! X2 The Third Arc: Dufufufu!, Durarara!!x2 Ketsu: Dufufufu!,Other,,Shuka,,"Supernatural, Based on a Light Novel",3.94,2016.0,,"'The episode revolves around an incident with a ""fake Shizuo.""'",,"Durarara!! (Light Novel), Durarara!!, Durarara!! Saika Arc, Durarara!! 3 Way Standoff - Alley, Durarara!! Yellow Scarves Arc, Minidura, Durarara!! Re;Dollars Arc, Durarara!! - Relay, Durarara!! SH (Light Novel)","Durarara!!, Durarara!! Specials, Durarara!! X2, Durarara!! X2 The Second Arc, Durarara!! X2: My Heart Is in the Pattern of a Hot Pot, Durarara!! X2 The Second Arc: Onoroke Chakapoko, Durarara!! X2 The Third Arc",,
The Morose Mononokean, Fukigen na Mononokean,TV   ,13.0,St. Signpost,Summer,"Fantasy, Shounen, Contemporary Fantasy, Exorcists, Iyashikei, Japanese Mythology, Lifestyle Change, School Life, Supernatural, Youkai, Based on a Manga",3.94,2016.0,,"'Ashiya has spent the first seven days of high school stuck in the infirmary because of a youkai attaching itself to him. He ends up asking the owner of a small tea room called the ""Mononokean"" for help. Mysterious stories involving the very morose owner of Mononokean guiding the youkai that happened to wander into this world go to the next world.'",,The Morose Mononokean,The Morose Mononokean II,"Fuzzy : Ayaka Suwa, Hanae Ashiya : Yuuki Kaji, Haruitsuki Abeno : Tomoaki Maeno, Yahiko : Ikue Ootani, Zenko Fujiwara : Ayahi Takagaki, Anmo-Hime : Saori Oonishi, Big Boss Scree : Fumihiko Tachiki, Fushimi : Daisuke Motohashi, Kiri Wazawa
Original Creator, Akira Iwanaga
Director, Yasuharu Takanashi
Music, Shigenori Kageyama
Storyboard, The Super Ball
Song Arrangement & Song Composition & Song Lyrics & Song Performance","Kiri Wazawa : Original Creator, Akira Iwanaga : Director, Yasuharu Takanashi : Music, Shigenori Kageyama : Storyboard, The Super Ball : Song Arrangement & Song Composition & Song Lyrics & Song Performance"
Grimgar of Fantasy and Ash, Hai to Gensou no Grimgar,TV   ,12.0,A-1 Pictures,Winter,"Action, Adventure, Drama, Fantasy, Guilds, Isekai, MMORPG, Monsters, Person in a Strange World, RPG, Weak to Strong, Based on a Light Novel, Violence",3.94,2016.0,,"""When Haruhiro awakens, he's in the dark surrounded by people who have no memory of where they came from or how they got there. As the darkness fades, a fantastic new world called “Grimgar” appears before them and their adventure begins—but first, they'll have to choose their guild, class, and special abilities.""",Violence,"Grimgar of Fantasy and Ash (Light Novel), Grimgar of Fantasy and Ash, Noraneko Marie (Light Novel)","Grimgar of Fantasy and Ash Special, (K)NoW_NAME: Harvest","Haruhiro : Yoshimasa Hosoya, Manato : Nobunaga Shimazaki, Mary : Chika Anzai, Mogzo : Fukushi Ochiai, Ranta : Hiroyuki Yoshino, Shihoru : Haruka Terui, Yume : Mikako Komatsu, Barbara : Mamiko Noto, Ryousuke Nakamura
Director & Episode Director & Key Animator & Screenplay & Sound Director & Storyboard, R.O.N
Music, Mieko Hosoi
Character Design, Noritoshi Satou
Producer, Masaya Saitou
Producer","Ryousuke Nakamura : Director & Episode Director & Key Animator & Screenplay & Sound Director & Storyboard, R.O.N : Music, Mieko Hosoi : Character Design, Noritoshi Satou : Producer, Masaya Saitou : Producer"
Digimon Adventure Tri. Movie 2: Determination, Digimon Adventure Tri. Movie 2: Ketsui,Movie,,Toei Animation,,"Action, Drama, Sci Fi, Monsters",3.93,2016.0,,"'In the wake of the events of Digimon Adventure tri: Reunion, the DigiDestined inaugurate their newest members, Meiko Mochizuki and Meicoomon, with a trip to a nearby hot spring. Meanwhile, Joe is becoming more distant, struggling to balance his duty as a DigiDestined and the competitive world of academics. As the damage caused by Alphamon is slowly repaired, another infected Digimon, Ogremon, suddenly appears, and although they only have good intentions, the decisions the DigiDestined make now will have unforeseen consequences…'",,,"Digimon Adventure Tri. Movie 1: Reunion, Digimon Adventure Tri. Movie 3: Confession, Digimon Adventure Tri. Movie 4: Loss, Digimon Adventure Tri. Movie 5: Coexistence, Digimon Adventure Tri. Movie 6: Future","Jou Kido : Junya Ikeda, Jou'S Gomamon : Junko Takeuchi, Meicoomon : Yukiko Morishita, Meiko Mochizuki : Miho Arakawa, Mimi'S Palmon : Kinoko Yamada, Mimi Tachikawa : Hitomi Yoshida, Daigo Nishijima : Daisuke Namikawa, Hikari'S Tailmon : Yuka Tokumitsu, Keitarou Motonaga
Director, Gou Sakabe
Music, Atsuya Uki
Character Design, Shuuhei Arai
Producer","Keitarou Motonaga : Director, Gou Sakabe : Music, Atsuya Uki : Character Design, Shuuhei Arai : Producer"
She and Her Cat: Everything Flows, Kanojo to Kanojo no Neko: Everything Flows,TV   ,,LIDEN FILMS Kyoto Studio,Winter,"Drama, Slice of Life, Animal Protagonists, Cats, Family Friendly, Loneliness, Melancholy, Non-Human Protagonists, Pets, Short Episodes, Original Work",3.93,2016.0,,"'The anime will portray the life of the girl, a junior college student job hunting while living alone with her pet black cat.'",,She and Her Cat,She and Her Cat,"Daru : Shintarou Asanuma, Miyu : Kana Hanazawa, Mother : Akiko Hiramatsu, Tomoka : Sayuri Yahagi, Makoto Shinkai
Original Creator, Kazuya Sakamoto
Director, To-Mas
Music, Senbon Umishima
Character Design, Tetsurou Satomi
Producer, Terushige Yoshie
Producer, Shigeaki Miyata
Producer, Masumi Itou
Song Arrangement & Song Composition","Makoto Shinkai : Original Creator, Kazuya Sakamoto : Director, To-Mas : Music, Senbon Umishima : Character Design, Tetsurou Satomi : Producer, Terushige Yoshie : Producer, Shigeaki Miyata : Producer, Masumi Itou : Song Arrangement & Song Composition"
Aggretsuko (2016), Aggressive Retsuko (2016),TV   ,100.0,Fanworks,Spring,"Comedy, Slice of Life, Animal Protagonists, Anthropomorphic, Coworkers, Non-Human Protagonists, Sanrio Characters, Short Episodes, Work Life, Original Work",3.93,2016.0,2018.0,"""Retsuko is a 25-year old red panda who works in her dream company's accounting department. But it turns out that she is forced to keep doing more and more impossible tasks by her superiors and co-workers. She doesn't talk back to them, but she still has to let off steam, so she ends up going to karaoke by herself and singing death metal.""",,,"Aggretsuko, Aggretsuko: We Wish You a Metal Christmas","Retsuko : Rareko, Fenneko : Rina Inoue, Gori : Maki Tsuruta, Kabae : Yuki Takahashi, Komiya : Sota Arai, Terada, Ton : Sota Arai, Tsubone : Maki Tsuruta, Rareko
Director & Character Design",Rareko : Director & Character Design
Sweetness & Lightning, Amaama to Inazuma,TV   ,12.0,3xCube,Summer,"Comedy, Drama, Seinen, Slice of Life, Anime no Me, Childcare, Cooking, Death of a Loved One, Family Life, Food and Beverage, Iyashikei, Recipes, Single Parent, Based on a Manga",3.93,2016.0,,"""Having lost his wife, math teacher Kouhei Inuzuka is doing his best to raise his young daughter Tsumugi as a single father. He's pretty bad at cooking and doesn't have a huge appetite to begin with, but chance brings his little family and one of his students, Kotori Iida, together for homemade adventures. With those three cooks in the kitchen, it's no wonder this dinner table drama is so delicious.""",,Sweetness and Lightning,,"Kotori Iida : Saori Hayami, Kouhei Inuzuka : Yuuichi Nakamura, Tsumugi Inuzuka : Rina Endou, Shinobu Kojika : Haruka Tomatsu, Yuusuke Yagi : Tomokazu Seki, Butcher : Kouji Fujiyoshi, Chiyo : Aina Suzuki, Hana : Saaya Andou, Gido Amagakure
Original Creator, Tarou Iwasaki
Director, Irone Toda
Music, Hiroki Harada
Character Design, Tomoyuki Shiokawa
Photography Director, Kouji Akio
Producer, Yoshihiko Yamazaki
Producer, Motohiro Oda
Producer","Gido Amagakure : Original Creator, Tarou Iwasaki : Director, Irone Toda : Music, Hiroki Harada : Character Design, Tomoyuki Shiokawa : Photography Director, Kouji Akio : Producer, Yoshihiko Yamazaki : Producer, Motohiro Oda : Producer"
Danganronpa 3: The End of Hope's Peak Academy- Hope Arc, Danganronpa 3: The End of Kibougamine Gakuen: Kibou-hen,TV Sp,,Lerche,,"Mystery, High Stakes Games, Play or Die, Psychological, Based on a Video Game, Violence",3.92,2016.0,,"'The Hope Arc\xa0will serve as the ""perfect ending"" of the story.'",Violence,"Danganronpa: Kibou no Gakuen to Zetsubou no Koukousei, Danganronpa Zero (Light Novel), Danganronpa 2: Goodbye Despair, Super Danganronpa 2: Sayonara Zetsubou Gakuen - Comic Anthology, Super Danganronpa 2: Goodbye Despair Academy 4-koma Kings, Super Danganronpa 2: Dangan Island Kokoro Tokonatsu, Kokoronpa♪, Super Danganronpa 2: Nanami Chiaki no Sayonara Zetsubou Daibouken, Danganronpa 2: Ultimate Luck and Hope and Despair, Danganronpa: The Animation, Zettai Zetsubou Shoujo: Danganronpa Another Episode - Genocider Mode, Danganronpa Another Episode: Ultra Despair Girls, Danganronpa Gaiden: Killer Killer, New Danganronpa V3: Minna no Koroshiai","Danganronpa: The Animation, Danganronpa 3: The End of Hope's Peak Academy- Future Arc, Danganronpa 3: The End of Hope's Peak Academy- Despair Arc, Super Danganronpa 2.5: Komaeda Nagito to Sekai no Hakaisha","Hajime Hinata : Minami Takayama, Makoto Naegi : Megumi Ogata, Ryouta Mitarai : Kanata Hongou, Akane Owari : Romi Park, Aoi Asahina : Chiwa Saitou, Byakuya Togami : Akira Ishida, Chiaki Nanami : Kana Hanazawa, Chisa Yukizome, Seiji Kishi
Chief Director, Daiki Fukuoka
Director","Seiji Kishi : Chief Director, Daiki Fukuoka : Director"
Wu Geng Ji, The Legend and The Hero,Web  ,30.0,Sparkly Key Animation Studio,,"Action, Fantasy, Ancient China, Chinese Animation, Superpowers, Based on a Manga, CG Animation",3.92,2016.0,2017.0,"""The Great Shang dynasty has been in power for many years, but the Gods have found fault with the new emperor. Instead of submitting to their will at the expense of his people, the emperor resolves to throw off the Gods' yoke and free humanity. However, this means not only will he face the Gods, but also a rival, the young Zhou—who submits to the Gods' will for nothing but his own purposes! The fate of the dynasty, nay, the fate of all humanity will be determined by this great battle between the forces of Heaven and Earth!""",,"Feng Shen Ji, Feng Shen Ji - Part 2, Feng Shen Ji - Part 3",Wu Geng Ji 2nd Season,,
Food Wars! Jump Festa 2016 Special, Shokugeki no Soma: Shuugetsu no Meguriai,Other,,J.C.Staff,,"Ecchi, Shounen, Slice of Life, Cooking, Food and Beverage, Based on a Manga",3.92,2016.0,,'The students of Engetsu Teahouse Culinary Academy have completed their on-the-job training (stagiaire) and decide to enjoy a break at a onsen inn.',,"Food Wars! Shokugeki no Souma, Food Wars: Etoile, Shokugeki no Souma: Fratelli Aldini (Light Novel)","Food Wars! Shokugeki no Souma, Food Wars! Jump Festa 2015 Special, Food Wars! The Second Plate, Food Wars! Shokugeki no Souma OVA, Food Wars! Toutsuki Juukketsu, Food Wars! The Third Plate, Food Wars! The Fourth Plate","Akira Hayama : Junichi Suwabe, Erina Nakiri : Hisako Kanemoto, Megumi Tadokoro : Minami Takahashi, Ryou Kurokiba : Nobuhiko Okamoto, Satoshi Isshiki : Takahiro Sakurai, Souma Yukihira : Yoshitsugu Matsuoka, Alice Nakiri : Chinatsu Akasaki, Daigo Aoki : Junichi Yanagita, Yuuto Tsukuda
Original Creator, Yoshitomo Yonetani
Director, Tatsuya Katou
Music, Tomoyuki Shitaya
Character Design","Yuuto Tsukuda : Original Creator, Yoshitomo Yonetani : Director, Tatsuya Katou : Music, Tomoyuki Shitaya : Character Design"
Kingsglaive: Final Fantasy XV,,Movie,,Visual Works,,"Action, Fantasy, Magic, Based on a Video Game, CG Animation",3.9,2016.0,,"""The magical kingdom of Lucis is home to the hallowed Crystal, but the menacing empire of Niflheim will stop at nothing to make it theirs. War has raged between the two for as long as most can remember. King Regis of Lucis commands an elite force of soldiers dubbed the Kingsglaive. Wielding their king's magic, Nyx Ulric and his fellow glaives stand before the crown city of Insomnia, fighting to stay the inexorable advance of Niflheim's imperial army.""",,"Final Fantasy: Crystal Chronicles - Super Comic Gekijou, Final Fantasy XII, Final Fantasy Type-0, Final Fantasy VII: On the Way to a Smile (Light Novel), Final Fantasy VII: Lateral Biography Turks (Light Novel), Final Fantasy Type-0 Side Story - The Ice Reaper, Final Fantasy: Lost Stranger, Final Fantasy XV: The Dawn Of The Future (Light Novel)","Final Fantasy: Legend of the Crystals, Final Fantasy: The Spirits Within, Final Fantasy: Unlimited, Final Fantasy VII: Advent Children, Final Fantasy VII: Advent Children - Venice Film Festival Footage, Final Fantasy VII: Last Order, Final Fantasy VII: On the Way to a Smile, Episode: Denzel, Brotherhood: Final Fantasy XV, Kingsglaive: Final Fantasy XV - Fan Kansha Tokubetsu Movie, Final Fantasy XV: Episode Ardyn - Prologue","Lunafrena Nox Fleuret : Shiori Kutsuna, Nyx Ulric : Gou Ayano, Regis Lucis Caelum : Tsutomu Isobe, Ardyn Izunia : Keiji Fujiwara, Crowe Altius : Ayumi Fujimura, Glauca : Kouichi Yamadera, Iedolas Aldercapt : Shozo Iizuka, Libertus Ostium : Mitsuaki Kanuka, Takeshi Nozu
Director, Youko Shimomura
Music, John R. Graham
Music, Kosei Ito
Producer, Hajime Tabata
Producer, Larry Sparks
Producer, Shinji Hashimoto
Producer","Takeshi Nozu : Director, Youko Shimomura : Music, John R. Graham : Music, Kosei Ito : Producer, Hajime Tabata : Producer, Larry Sparks : Producer, Shinji Hashimoto : Producer"
Yu-Gi-Oh! Movie 4: The Dark Side of Dimensions,,Movie,,Gallop,,"Shounen, Card Battles, Supernatural, Based on a Manga",3.9,2016.0,,"""The story takes place six months after the end of the original series, when Yugi Muto and his friends are preparing to graduate from high school. While Yugi still feels like he's lost a part of himself, he's come to terms with the Pharaoh's passing, now looking forward to a future alongside his classmates. However, other people may not be so willing to let the past alone.""",,"Yu-Gi-Oh!, Yu-Gi-Oh! Duelist, Yu-Gi-Oh! Millennium World, Yu-Gi-Oh! R, Yu-Gi-Oh! GX, Yu-Gi-Oh! 5D's, Yu-Gi-Oh! Zexal, Yu-Gi-Oh! Arc-V (Naohito MIYOSHI), Yu-Gi-Oh! Arc-V, Yu-Gi-Oh! Transcend Game",Yu-Gi-Oh! Duel Monsters,"Seto Kaiba : Kenjirou Tsuda, Yugi Mutou : Shunsuke Kazama, Aigami : Daniel J. Edwards, Sera : Kana Hanazawa, Anzu Mazaki : Maki Saitou, Blue-Eyes White Dragon, Dark Magician : Kazunari Kojima, Dark Magician Girl : Yuki Nakao, Kazuki Takahashi
Character Design & Original Creator, Satoshi Kuwabara
Director, Yoshihiro Ike
Music, Shinkichi Mitsumune
Music, Takahiro Kagami
Character Design, Teruaki Jitsumatsu
Producer","Kazuki Takahashi : Character Design & Original Creator, Satoshi Kuwabara : Director, Yoshihiro Ike : Music, Shinkichi Mitsumune : Music, Takahiro Kagami : Character Design, Teruaki Jitsumatsu : Producer"
Nanbaka,,TV   ,13.0,SATELIGHT,Fall ,"Action, Comedy, Island, Prison, Based on a Webtoon",3.9,2016.0,,"'Four men are assigned to Nanba, the world’s most formidable prison. Juugo, a man who attempted to break out of prison and ended up extending his jail time; Uno, a man who likes to gamble with women; Rock, a man who likes to get into fights; and Nico, a man who likes anime. A super exciting action comedy about the daily lives of the prison’s inmates and guards.'",,Nanbaka,"Nanbaka 2nd Season, Nanbaka: Idiots with Student Numbers!","Hajime Sugoroku : Tomokazu Seki, Juugo : Yuuto Uemura, Nico : Daiki Kobayashi, Rock : Ire Shiozaki, Uno : Tetsuya Kakihara, Inori Hakkai : Mitsutaka Itakura, Kenshirou Yozakura : Shouma Yamamoto, Kiji Mitsuba : Kimeru, Shou Futamata
Original Creator, Shinji Takamatsu
Director & Ed Director & Op Director & Sound Director & Storyboard, Mitsutaka Hirota
Screenplay & Series Composition, Kenji Fujisawa
Music, Kento Toya
Animation Director & Character Design & Chief Animation Director, Takeshi Shimura
Photography Director, Katsuhisa Takiguchi
Art Director, Yuki Akimoto
Color Design","Shou Futamata : Original Creator, Shinji Takamatsu : Director & Ed Director & Op Director & Sound Director & Storyboard, Mitsutaka Hirota : Screenplay & Series Composition, Kenji Fujisawa : Music, Kento Toya : Animation Director & Character Design & Chief Animation Director, Takeshi Shimura : Photography Director, Katsuhisa Takiguchi : Art Director, Yuki Akimoto : Color Design"
My Hero Academia: Jump Festa 2016 Special, Boku no Hero Academia: Sukue! Kyuujo Kunren!,Other,,Bones,,"Action, Comedy, Sci Fi, Shounen, Superheroes, Superpowers, Based on a Manga",3.9,2016.0,,"'After dealing with the villains that infiltrated the school premises, the rescue training is resumed. But not all goes as planned, as there is a villain still hidden in the USJ.'",,"My Hero Academia, My Hero Academia: School Briefs (Light Novel), My Hero Academia: Vigilantes",My Hero Academia,"Izuku Midoriya : Daiki Yamashita, Katsuki Bakugo : Nobuhiko Okamoto, Ochaco Uraraka : Ayane Sakura, Tenya Iida : Kaito Ishikawa, All Might : Kenta Miyake, Denki Kaminari : Tasuku Hatanaka, Eijiro Kirishima : Toshiki Masuda, Fumikage Tokoyami : Yoshimasa Hosoya, Kouhei Horikoshi
Original Creator",Kouhei Horikoshi : Original Creator
Danganronpa 3: The End of Hope's Peak Academy- Despair Arc, Danganronpa 3: The End of Kibougamine Gakuen: Zetsubou-hen,TV   ,11.0,Lerche,Summer,"Mystery, High Stakes Games, Play or Die, Psychological, Based on a Video Game, Violence",3.89,2016.0,,"'Hope’s Peak\xa0High School is a special school that nurtures those with exceptional talents\xa0and abilities. While only top students are a part of the main course, anyone can join the\xa0preparatory course, like Haijme Hinata has. Hinata wants nothing more than to be part\xa0of the talented elite, but his desires lead him to a fateful encounter that drives the future\xa0of the school into despair.'",Violence,"Danganronpa: Kibou no Gakuen to Zetsubou no Koukousei, Danganronpa Zero (Light Novel), Danganronpa 2: Goodbye Despair, Super Danganronpa 2: Sayonara Zetsubou Gakuen - Comic Anthology, Super Danganronpa 2: Goodbye Despair Academy 4-koma Kings, Super Danganronpa 2: Dangan Island Kokoro Tokonatsu, Kokoronpa♪, Super Danganronpa 2: Nanami Chiaki no Sayonara Zetsubou Daibouken, Danganronpa 2: Ultimate Luck and Hope and Despair, Danganronpa: The Animation, Zettai Zetsubou Shoujo: Danganronpa Another Episode - Genocider Mode, Danganronpa Another Episode: Ultra Despair Girls, Danganronpa Gaiden: Killer Killer, New Danganronpa V3: Minna no Koroshiai","Danganronpa: The Animation, Danganronpa 3: The End of Hope's Peak Academy- Future Arc, Danganronpa 3: The End of Hope's Peak Academy- Hope Arc, Danganronpa 3: Monokuma Gekijou, Super Danganronpa 2.5: Komaeda Nagito to Sekai no Hakaisha","Chiaki Nanami : Kana Hanazawa, Chisa Yukizome : Mai Nakahara, Hajime Hinata : Minami Takayama, Akane Owari : Romi Park, Fuyuhiko Kuzuryuu : Daisuke Kishio, Gundham Tanaka : Tomokazu Sugita, Hiyoko Saionji : Suzuko Mimori, Ibuki Mioda : Ami Koshimizu, Seiji Kishi
Chief Director, Daiki Fukuoka
Director, Masafumi Takada
Music, Kazuaki Morita
Character Design","Seiji Kishi : Chief Director, Daiki Fukuoka : Director, Masafumi Takada : Music, Kazuaki Morita : Character Design"
Fairy Tail 2 OVA,,OVA  ,3.0,A-1 Pictures,,"Comedy, Ecchi, Fantasy, Shounen, Magic, Based on a Manga",3.89,2016.0,,"'In the story set after the Grand Magic Games, the Fairy Tail members split into two teams and play a Japanese game, where the losers must undergo punishment as the penalty. For example, the video teases that Erza has to don a maid outfit, Lucy has to wear a Playboy-style bunny outfit, and Wendy has to wear ""that outfit.""'",,"Fairy Tail Matsuri, Fairy Tail, Fairy Tail S: Tales from Fairy Tail, Fairy Tail the Movie: Priestess of The Phoenix - The Sunrise, Fairy Tail: Ice Trail, Fairy Tail Zero, Fairy Tail: Blue Mistral, Fairy Girls, Magazine Ohanami!!, Fairy Tail Gaiden, Fairy Tail: City Hero","Fairy Tail, Fairy Tail OVA, Fairy Tail Movie 1: Phoenix Priestess, Fairy Tail Movie 1: Phoenix Priestess - The First Morning, Fairy Tail 2, Fairy Tail Movie 2: Dragon Cry, Fairy Tail: Final Season","Charle : Yui Horie, Erza Scarlet : Sayaka Oohara, Gray Fullbuster : Yuuichi Nakamura, Happy : Rie Kugimiya, Lucy Heartfilia : Aya Hirano, Natsu Dragneel : Tetsuya Kakihara, Wendy Marvell : Satomi Satou, Bickslow : Yoshihisa Kawahara, Hiro Mashima
Original Creator, Tetsurou Amino
Director, Yasuharu Takanashi
Music, Shinji Takeuchi
Character Design, Toshihiko Sano
Character Design, Noriaki Matsuki
Producer, Hiroshi Tatsukawa
Producer, Youhei Itou
Producer","Hiro Mashima : Original Creator, Tetsurou Amino : Director, Yasuharu Takanashi : Music, Shinji Takeuchi : Character Design, Toshihiko Sano : Character Design, Noriaki Matsuki : Producer, Hiroshi Tatsukawa : Producer, Youhei Itou : Producer"
Kabaneri of the Iron Fortress Part 1: Light That Gathers, Koutetsujou no Kabaneri Soushuuhen 1: Tsudou Hikari,Movie,,WIT Studio,,"Action, Fantasy, Apocalypse, Dark Fantasy, Guns, Pandemic, Recap, Steampunk, Trains, Zombies, Original Work, Explicit Violence",3.88,2016.0,,"'A compilation film, recapping the Kabaneri of the Iron Fortress series.'",Explicit Violence,"Kabaneri of the Iron Fortress, Kabaneri of the Iron Fortress: Akatsuki (Light Novel), Kabaneri of the Iron Fortress (Light Novel), Kabaneri of the Iron Fortress: Tsuioku no Iro (Light Novel)","Kabaneri of the Iron Fortress, Kabaneri of the Iron Fortress Part 2: Life That Burns, Kabaneri of the Iron Fortress Movie: The Battle of Unato","Ikoma : Tasuku Hatanaka, Mumei : Sayaka Senbongi, Ayame Yomokawa : Maaya Uchida, Kurusu : Toshiki Masuda, Sukari : Ryouta Oosaka, Takumi : Yuuki Kaji, Yukina : Mariya Ise, Biba, Tetsurou Araki
Director, Yasuyuki Ebara
Character Design","Tetsurou Araki : Director, Yasuyuki Ebara : Character Design"
New Game!,,TV   ,12.0,Doga Kobo,Summer,"Comedy, Seinen, Coworkers, Iyashikei, Panty Shots, Video Game Industry, Work Life, Based on a 4-Koma Manga, Based on a Manga",3.88,2016.0,,"""After graduating high school, Suzukaze Aoba joins Eagle Jump, the game company that developed Fairies Story, the game she obsessed over as a kid. On her first day as a working member of society, Aoba heads to work swaying in a packed, morning rush hour train. She manages to get to the office building all right but hesitates, wondering if it was really okay for her to take that last step and go inside. That's when a senior member of staff, Toyama Rin, shows up at work and safely leads Aoba inside the offices of Eagle Jump.""",,"New Game!, NEW GAME! Anthology Comic","New Game! Special, New Game!!","Aoba Suzukaze : Yuuki Takada, Hajime Shinoda : Megumi Toda, Hifumi Takimoto : Megumi Yamaguchi, Ko Yagami : Youko Hikasa, Yun Ijima : Ayumi Takeo, Nene Sakura : Madoka Asahina, Rin Toyama : Ai Kayano, Shizuku Hazuki : Eri Kitamura, Shoutarou Tokunou
Original Creator, Yoshiyuki Fujiwara
Director, Hajime Hyakkoku
Music, Ai Kikuchi
Character Design, Kozue Kaneniwa
Producer, Shou Tanaka
Producer, Noritomo Isogai
Producer, Keisuke Arai
Producer","Shoutarou Tokunou : Original Creator, Yoshiyuki Fujiwara : Director, Hajime Hyakkoku : Music, Ai Kikuchi : Character Design, Kozue Kaneniwa : Producer, Shou Tanaka : Producer, Noritomo Isogai : Producer, Keisuke Arai : Producer"
Shounen Maid,,TV   ,12.0,8-Bit,Spring,"Comedy, Shoujo, Slice of Life, Family Life, Lifestyle Change, Maids, Mansion, Orphans, Based on a Manga",3.88,2016.0,,"'After the loss of his mother, Chihiro is left alone. With no known family left, he has to find a way to move on. Things aren’t looking good until a chance encounter with the young and handsome Madoka—who turns out to be his wealthy uncle! Madoka offers him his home and all Chihiro has to do is clean up after the messy, irresponsible man. The problem? This job requires a uniform—a maid outfit!'",,Shounen Maid,"Shounen Maid: Women Should Be Brave, and Men Should Be Winsome?","Chihiro Komiya : Natsumi Fujiwara, Madoka Takatori : Nobunaga Shimazaki, Keiichirou Shinozaki : Tomoaki Maeno, Miyako Ootori : Yui Makino, Yuuji Hino : Mitsuki Saiga, Antaro : Kaede Hondo, Butcher : Sayaka Aida, Chiyo Komiya : Yukari Tamura, Ototachibana
Original Creator, Yuusuke Yamamoto
Director, Yamazo
Music, Kana Ishida
Character Design, Gou Tanaka
Producer, Yoshinori Kusumi
Producer, Atsushi Aitani
Producer, Kazufumi Kikushima
Producer","Ototachibana : Original Creator, Yuusuke Yamamoto : Director, Yamazo : Music, Kana Ishida : Character Design, Gou Tanaka : Producer, Yoshinori Kusumi : Producer, Atsushi Aitani : Producer, Kazufumi Kikushima : Producer"
Yowamushi Pedal: Spare Bike,,Movie,,8 Pan,,"Shounen, Sports, Cycling, Racing, School Club, School Life, Tournaments, Based on a Manga",3.87,2016.0,,"""The anime will have two parts, one focusing on Yuusuke Makishima and the other on Jinpachi Toudou. Makishima's story will detail how he joined the Souhoku bicycle racing club as a first year and met scorn from his seniors because of his strange style of dancing. Toudou's story will reveal how he first got into road racing in his second year of middle school, when a friend challenged him to a race but he initially refused because he wanted to avoid helmet hair.""",,"Yowamushi Pedal, Yowamushi Pedal: Spare Bike","Yowamushi Pedal: Special Ride, Yowamushi Pedal, Yowamushi Pedal: Re:RIDE, Yowamushi Pedal: Grande Road, Yowamushi Pedal: Re:ROAD, Yowamushi Pedal The Movie, Chiba Pedal: Yowamushi Pedal to Manabu Jitensha Koutsuuanzen, Yowamushi Pedal: New Generation, Yowamushi Pedal: Re:GENERATION, Yowamushi Pedal: Glory Line","Wataru Watanabe
Original Creator, Osamu Nabeshima
Director","Wataru Watanabe : Original Creator, Osamu Nabeshima : Director"
The Seven Deadly Sins: Signs of Holy War, Nanatsu no Taizai: Seisen no Shirushi,TV   ,,A-1 Pictures,Summer,"Action, Adventure, Fantasy, Shounen, Magic, Medieval, Non-Human Protagonists, Overpowered Main Characters, Royalty, Superpowers, Based on a Manga, Violence",3.87,2016.0,,"'Having saved the kingdom of Liones from the Holy Knights, Elizabeth and the Seven Deadly Sins enjoy some well-earned downtime before heading off to their next adventure. Ban and Meliodas have a bout, settling an unresolved score and attracting a large crowd in the process. King and Diane enjoy a date together, Merlin tries waitressing at the Boar Hat while Gowther makes a new friend in town, and Hawk sends everyone on a wild pig chase! All the while, their defeated enemies are slowly recovering their strength, promising to make a lot more trouble for everyone in the not-so-distant future...'",Violence,"The Seven Deadly Sins, The Seven Deadly Sins Academy, The Seven Deadly Sins: Seven Wishes of the Days of Yore (Light Novel), The Seven Deadly Sins: Seven Days (Light Novel), The Seven Deadly Sins: Seven Scars They Left Behind (Light Novel), The Seven Deadly Sins Production, The Seven Deadly Sins: The Vampires of Edinburgh, The Seven Deadly Sins: King's Road to Manga, The Seven Deadly Sins: Seven-Colored Recollections (Light Novel), The Seven Deadly Sins: Seven Days","The Seven Deadly Sins, The Seven Deadly Sins OVA, The Seven Deadly Sins: Revival of the Commandments Prologue, The Seven Deadly Sins: Revival of the Commandments, The Seven Deadly Sins Movie: Prisoners of the Sky, The Seven Deadly Sins: Revival of the Commandments OVA, The Seven Deadly Sins: Imperial Wrath of the Gods, The Seven Deadly Sins: Dragon's Judgement, The Seven Deadly Sins Movie 2: Cursed by Light","Ban : Tatsuhisa Suzuki, Diane : Aoi Yuuki, Elizabeth Liones : Sora Amamiya, Gowther : Yuuhei Takagi, Hawk : Misaki Kuno, King : Jun Fukuyama, Meliodas : Yuuki Kaji, Merlin : Maaya Sakamoto, Nakaba Suzuki
Original Creator, Tomokazu Tokoro
Director, Hiroyuki Sawano
Music, Takafumi Wada
Music, Keigo Sasaki
Character Design, Kozue Kaneniwa
Producer, Kensuke Tateishi
Producer, Kyouko Uryuu
Producer","Nakaba Suzuki : Original Creator, Tomokazu Tokoro : Director, Hiroyuki Sawano : Music, Takafumi Wada : Music, Keigo Sasaki : Character Design, Kozue Kaneniwa : Producer, Kensuke Tateishi : Producer, Kyouko Uryuu : Producer"
Pokemon Generations,,Web  ,18.0,OLM,Summer,"Action, Adventure, Drama, Fantasy, Elemental Powers, Episodic, Monsters, Proxy Battles, Short Episodes, Based on a Video Game",3.87,2016.0,2017.0,"'Pokémon Generations looks back at each generation of the Pokémon video game series, diving into the stories of the games more deeply and getting to know characters and Pokémon better. Visit each region, from Kanto to Kalos, to relive the world of Pokémon like never before!'",,"Pokemon: The Electric Tale of Pikachu, Pokémon Adventures",Pokemon: The Origin,"Blue : Jun Fukuyama, Looker : Keiji Fujiwara, Agatha : Hisako Kyouda, Bruno : Takanori Hoshino, Giovanni : Akio Ootsuka, Lance : Yoshimasa Hosoya, Lorelei : Fumiko Orikasa, Red, Daiki Tomiyasu
Director",Daiki Tomiyasu : Director
Aikatsu Stars!,,TV   ,50.0,BN Pictures,Spring,"Idols, Music, Music School, Showbiz, Based on a Card Game",3.87,2016.0,2017.0,"'Yume Nijino aims to become a top idol, and she enrolls in the Yotsusei Gakuen (Four Stars Academy). This academy has a special group called the S4, who are the top four active idols in the school. Yume and the other first-year students aim to become a part of the S4.'",,"Aikatsu! Secret Story, Aikatsu! Manga & Mangaka Atsudou!","Aikatsu! The Movie, Aikatsu! Music Award: Minna de Shou wo Moracchaima SHOW!, Aikatsu Stars! The Movie, Aikatsu! Nerawareta Mahou no Aikatsu Card, Aikatsu Stars! Hoshi no Tsubasa","Koharu Nanakura : Megumi Yamaguchi, Rola Sakuraba : Ayaka Asai, Yume Nijino : Miyu Tomita, Ako Saotome : Natsumi Murakami, Anna Hibiki : Akemi Kanda, Hikaru Moroboshi : Daisuke Hirakawa, Hime Shiratori : Minami Tsuda, Lily Shirogane : Reina Ueda, Teruo Satou
Director, Onetrap
Music, Yukiko Aikei
Character Design, Nobuyuki Hosoya
Producer, Hirokazu Hara
Producer, Ryuichi Kimura
Ed Director & Episode Director & Op Director & Storyboard, Yoshinobu Tokumoto
Episode Director, Mitsuhiro Yoneda
Episode Director & Key Animator & Storyboard","Teruo Satou : Director, Onetrap : Music, Yukiko Aikei : Character Design, Nobuyuki Hosoya : Producer, Hirokazu Hara : Producer, Ryuichi Kimura : Ed Director & Episode Director & Op Director & Storyboard, Yoshinobu Tokumoto : Episode Director, Mitsuhiro Yoneda : Episode Director & Key Animator & Storyboard"
Hetalia: The World Twinkle - Surprise Halloween!,,DVD S,,Studio DEEN,,"Comedy, Anthropomorphic, Chibi, Gag, Historical, Parody, Political, Satire, Based on a Manga",3.87,2016.0,,"""America hosts a grand Halloween party, but the party features a costume contest!? England was the only one who didn't know about the contest, and the reason is....""",,"Hetalia: Axis Powers, Hetalia: World Stars","Hetalia: Axis Powers, Hetalia: World Series, Hetalia: Axis Powers Fan Disc, Hetalia Axis Powers: Paint it, White!, Hetalia: World Series Extra Episodes, Hetalia: The Beautiful World, Hetalia: The Beautiful World Specials, Hetalia: The Beautiful World Extra Disc, Hetalia: The World Twinkle Specials, Hetalia: The World Twinkle","America : Katsuyuki Konishi, Denmark : Hiroshi Shimozaki, Finland : Takahiro Mizushima, Germany : Hiroki Yasumoto, Iceland : Ayumu Asakura, Italy : Daisuke Namikawa, Japan : Hiroki Takahashi, Norway : Masami Iwasaki, Hidekaz Himaruya
Original Creator",Hidekaz Himaruya : Original Creator
Quanzhi Fashi, Versatile Mage,Web  ,12.0,Foch,,"Fantasy, Chinese Animation, Elemental Powers, Magic, School Life, Supernatural, Urban Fantasy, Based on a Web Novel",3.86,2016.0,,"'He awoke, and the world was changed. The familiar high school now teaches magic, encouraging students to become the greatest magicians they can be. Beyond the city limits, wandering magical beasts prey on humans.An advanced scientific world changed into one with advanced magic. Yet, what has not changed was the same teacher who looks upon him with disdain, the same students who look upon him with contempt, the same father who struggles at the bottom rung of society, and the same innocent step sister who cannot walk...'",,"Versatile Mage (Novel), Versatile Mage",Quanzhi Fashi II,"Mo Fan : Liu Yuxuan, Mu Bai, Mu Ningxue : Wen Xiaoyi, Ye Xinxia : Zhu Jun, Yu Ang, Cai Tang, Fei Shi, Li Wenjie, Chaos
Original Creator",Chaos : Original Creator
Charlotte Special,,DVD S,,P.A. WORKS,,"School Life, Supernatural, Superpowers, Original Work",3.86,2016.0,,'No synopsis yet - check back soon!',,"Charlotte the 4-koma - Seshun o Kakenukero!, Charlotte",Charlotte,"Iori Sekiguchi : Inori Minase, Nao Tomori : Ayane Sakura, Yuu Otosaka : Kouki Uchiyama, Ayumi Otosaka : Momo Asakura, Joujirou Takajou : Takahiro Mizushima, Yusa Nishimori : Maaya Uchida, Honoka : Lynn, Jun Maeda
Music & Original Creator & Song Composition & Song Lyrics",Jun Maeda : Music & Original Creator & Song Composition & Song Lyrics
Danganronpa 3: The End of Hope's Peak Academy- Future Arc, Danganronpa 3: The End of Kibougamine Gakuen: Mirai-hen,TV   ,12.0,Lerche,Summer,"Mystery, High Stakes Games, Play or Die, Psychological, Based on a Video Game, Violence",3.86,2016.0,,"'Makoto Naegi is under suspicion of treason after shielding a remnant of Despair. The\xa0Future Foundation, founded to save the world from chaos caused by Ultimate Despair,\xa0gathers to decide his punishment when they are captured by Monokuma. Thrusted into\xa0an ultimate death game, they must find the true traitor and kill him if they hope to\xa0survive. The tale of despair in which hope kills hope begins.'",Violence,"Danganronpa: Kibou no Gakuen to Zetsubou no Koukousei, Danganronpa Zero (Light Novel), Danganronpa 2: Goodbye Despair, Super Danganronpa 2: Sayonara Zetsubou Gakuen - Comic Anthology, Super Danganronpa 2: Goodbye Despair Academy 4-koma Kings, Super Danganronpa 2: Dangan Island Kokoro Tokonatsu, Kokoronpa♪, Super Danganronpa 2: Nanami Chiaki no Sayonara Zetsubou Daibouken, Danganronpa 2: Ultimate Luck and Hope and Despair, Danganronpa: The Animation, Zettai Zetsubou Shoujo: Danganronpa Another Episode - Genocider Mode, Danganronpa Another Episode: Ultra Despair Girls, Danganronpa Gaiden: Killer Killer, New Danganronpa V3: Minna no Koroshiai","Danganronpa: The Animation, Danganronpa 3: The End of Hope's Peak Academy- Despair Arc, Danganronpa 3: The End of Hope's Peak Academy- Hope Arc, Danganronpa 3: Monokuma Gekijou, Super Danganronpa 2.5: Komaeda Nagito to Sekai no Hakaisha","Makoto Naegi : Megumi Ogata, Aoi Asahina : Chiwa Saitou, Chisa Yukizome : Mai Nakahara, Daisuku Bandai : Rie Kugimiya, Great Gozu : Kenta Miyake, Juuzou Sakakura : Junichi Suwabe, Kazuo Tengan : Hidekatsu Shibata, Kouichi Kizakura : Keiji Fujiwara, Seiji Kishi
Chief Director, Daiki Fukuoka
Director, Masafumi Takada
Music, Ryoko Amisaki
Character Design, Trustrick
Song Performance, Sayaka Kanda
Song Lyrics","Seiji Kishi : Chief Director, Daiki Fukuoka : Director, Masafumi Takada : Music, Ryoko Amisaki : Character Design, Trustrick : Song Performance, Sayaka Kanda : Song Lyrics"
Kabaneri of the Iron Fortress, Koutetsujou no Kabaneri,TV   ,12.0,WIT Studio,Spring,"Action, Drama, Fantasy, Horror, Apocalypse, Dark Fantasy, Guns, Isolated Society, noitaminA, Outside World, Pandemic, Steampunk, Trains, Zombies, Original Work, Animal Abuse,, Explicit Violence,, Mature Themes",3.85,2016.0,,"'During the industrial revolution, mankind is threatened by the sudden emergence of undead monsters who can only be killed by piercing their heart through an iron plate. Those bitten become one of them. Called the “Kabane,” these monsters exploded in number. The Hinomoto people built fortress stations and barricaded themselves inside. Only steam locomotives, the Hayajiros, can travel between them.'","Animal Abuse,, Explicit Violence,, Mature Themes","Kabaneri of the Iron Fortress, Kabaneri of the Iron Fortress: Akatsuki (Light Novel), Kabaneri of the Iron Fortress (Light Novel), Kabaneri of the Iron Fortress: Tsuioku no Iro (Light Novel)","Kabaneri of the Iron Fortress Part 1: Light That Gathers, Kabaneri of the Iron Fortress Part 2: Life That Burns, Kabaneri of the Iron Fortress: Ran Hajimaru Michiato OP, Kabaneri of the Iron Fortress Movie: The Battle of Unato","Ikoma : Tasuku Hatanaka, Mumei : Sayaka Senbongi, Ayame Yomokawa : Maaya Uchida, Biba : Mamoru Miyano, Kajika : Kanae Oki, Kibito : Kensuke Satou, Kurusu : Toshiki Masuda, Sukari : Ryouta Oosaka, Haruhiko Mikimoto
Original Character Design, Tetsurou Araki
Director, Hiroyuki Sawano
Music, Yasuyuki Ebara
Character Design, Kazuhiro Yamada
Photography Director, Shuuhei Yabuta
Cg Director, Youhei Shintaku
Producer, Yuka Okayasu
Producer","Haruhiko Mikimoto : Original Character Design, Tetsurou Araki : Director, Hiroyuki Sawano : Music, Yasuyuki Ebara : Character Design, Kazuhiro Yamada : Photography Director, Shuuhei Yabuta : Cg Director, Youhei Shintaku : Producer, Yuka Okayasu : Producer"
The Great Passage, Fune wo Amu,TV   ,11.0,Zexcs,Fall ,"Drama, Coworkers, Editors, noitaminA, Work Life, Based on a Novel",3.85,2016.0,,"'Dictionaries are ships which guide people through a sea of words and help us all to understand one another. This is the guiding principle at Genbu Books\' Dictionary Editorial Department where they are int he process of creating a brand-new dictionary, ""The Great Passage - Daitokari,"" designed for the modern era. Just when production is underway, the Chief of the department must retire. Shortly after this news comes down, one of their editors, Masahi Nishioka, runs into a salesman from their company, Mitsuya Majime, while out at one of their vendors. Majime has a real love and appreciation for words, and is invited to join the Editorial Department where he can put his talents to work.'",,"The Great Passage (Novel), The Great Passage",The Great Passage: Yokoku,"Kaguya Hayashi : Maaya Sakamoto, Masashi Nishioka : Hiroshi Kamiya, Mitsuya Majime : Takahiro Sakurai, Kaoru Sasaki : Yoshiko Sakakibara, Kouhei Araki : Tetsuo Kaneo, Tomosuke Matsumoto : Mugihito, Hiroshi : Sarah Emi Bridcutt, Kai : Azuki Shibuya, Toshimasa Kuroyanagi
Director, Yoshihiro Ike
Music, Hiroyuki Aoyama
Character Design, Akitoshi Mori
Producer","Toshimasa Kuroyanagi : Director, Yoshihiro Ike : Music, Hiroyuki Aoyama : Character Design, Akitoshi Mori : Producer"
Garo Movie: Divine Flame,,Movie,,MAPPA,,"Action, Fantasy, Dark Fantasy, Demons, Magic, Medieval, Power Suits, Superheroes, Supernatural, Based on a TV Series, Explicit Violence,, Nudity",3.85,2016.0,,"'León, who has succeeded the name of Golden Knight ""GARO"" devotes himself to train a young Makai Knight for the next generation, together with Prince Alfonso of the Valiante Kingdom. Then, they receive an order to exterminate the most beautiful Horror in the world which resides in a neighboring country ""Vazelia"".\xa0At the same time, a young Makai Knight for the next generation is kidnapped by an unknown person.\xa0León desperately follows them, only to find that he is surrounded by his enemies at a dead end. Then, a Makai Knight Dario who was supposed to be missing for some time suddenly appears and rescues him.\xa0Under his guidance, León is led to the town where he meets up a totally unexpected person!'","Explicit Violence,, Nudity",,"Garo The Animation, Garo The Animation: Home, Garo: Crimson Moon, Garo: Crimson Moon Special, Garo: Vanishing Line","Alfonso : Katsuhito Nomura, Ema Guzman : Romi Park, Germán Luis : Kenyuu Horiuchi, Leon Luis : Daisuke Namikawa, Dario Montoya : Masato Hagiwara, Sara : Arisa Komiya, Anna Luis, Chamberlain : Ikkyuu Juku, Yuuichirou Hayashi
Director, Monaca
Music, Toshiyuki Kanno
Character Design, Takahiro Suzuki
Producer, Shinya Oohira
Key Animator","Yuuichirou Hayashi : Director, Monaca : Music, Toshiyuki Kanno : Character Design, Takahiro Suzuki : Producer, Shinya Oohira : Key Animator"
Koyomimonogatari,,Web  ,12.0,SHAFT,Winter,"Comedy, Ecchi, Mystery, Episodic, Supernatural, Based on a Light Novel, Violence",3.85,2016.0,,"'Every month starting from April, one of the heroines of the Monogatari Series encounters some kind of mystery in their life and Koyomi solves them all.'",Violence,"Koyomimonogatari: Calendar Tale (Light Novel), Bakemonogatari","Bakemonogatari, Bakemonogatari Recap, Nisemonogatari, Nekomonogatari (Black), Monogatari Series: Second Season, Hanamonogatari, Tsukimonogatari, Owarimonogatari, Kizumonogatari Part 1: Tekketsu, Kizumonogatari Part 2: Nekketsu, Kizumonogatari Part 3: Reiketsu, Owarimonogatari II, Zoku Owarimonogatari","Koyomi Araragi : Hiroshi Kamiya, Tsubasa Hanekawa : Yui Horie, Hitagi Senjogahara : Chiwa Saitou, Karen Araragi : Eri Kitamura, Mayoi Hachikuji : Emiri Katou, Nadeko Sengoku : Kana Hanazawa, Shinobu Oshino : Maaya Sakamoto, Suruga Kanbaru : Miyuki Sawashiro, Nisioisin
Original Creator, Vofan
Original Character Design, Akiyuki Simbo
Chief Director & Series Composition, Tomoyuki Itamura
Director & Episode Director & Storyboard, Shaft
Series Composition, Satoru Kousaki
Music & Song Arrangement & Song Composition, Akio Watanabe
Character Design & Chief Animation Director, Rei Egami
Photography Director","Nisioisin : Original Creator, Vofan : Original Character Design, Akiyuki Simbo : Chief Director & Series Composition, Tomoyuki Itamura : Director & Episode Director & Storyboard, Shaft : Series Composition, Satoru Kousaki : Music & Song Arrangement & Song Composition, Akio Watanabe : Character Design & Chief Animation Director, Rei Egami : Photography Director"
Ze Tian Ji 2nd Season,,Web  ,12.0,Foch,,"Action, Fantasy, Chinese Animation, Cultivation, Tournaments, Based on a Web Novel",3.84,2016.0,,'The second season of Ze Tian Ji.',,"Ze Tian Ji, Ze Tian Ji (Novel)","Ze Tian Ji, Ze Tian Ji 3rd Season, Ze Tian Ji 4th Season, Ze Tian Ji 5th Season",,
Handa-kun,,TV   ,12.0,diomedea,Summer,"Comedy, Shounen, Gag, School Life, Based on a Manga",3.83,2016.0,,"""Sei Handa's high school life is one that many teenagers would love to have. He is admired by both students and teachers alike for his calligraphy and he even has his own fan club known as the Handa Force. Unfortunately for Sei, who has a unique talent for misreading situations, his extreme anxiety has convinced him that everyone in school hates him! The more people fawn over him, the more he is convinced that he is being bullied. The members of the Handa\xa0Force are equally clueless, misreading every word\xa0and action from Sei as something grand\xa0or heroic and completely unaware that their daily attempts to guard him from the school's various weirdos make Sei think that they are dangerous stalkers. Will anyone ever figure out what's really going on here, or will this cycle of\xa0craziness continue until graduation?""",,"Barakamon, Handa-kun","Barakamon: Mijikamon, Barakamon","Akane Tsutsui : Yoshimasa Hosoya, Junichi Aizawa : Yuuya Hirose, Reo Nikaidou : Tetsuya Kakihara, Sei Handa : Nobunaga Shimazaki, Yukio Kondou : Daiki Yamashita, Kei Hanada : Yusuke Shirai, Kotaro Higashino : Makoto Furukawa, Miyoko Kinjou : Kaede Hondo, Satsuki Yoshino
Original Creator, Yoshitaka Koyama
Director, Ken Itou
Music, Mayuko Matsumoto
Character Design, Kenichi Suzumura
Song Performance, Fo`Xtails
Song Performance","Satsuki Yoshino : Original Creator, Yoshitaka Koyama : Director, Ken Itou : Music, Mayuko Matsumoto : Character Design, Kenichi Suzumura : Song Performance, Fo`Xtails : Song Performance"
Ajin Movie 3: Shougeki,,Movie,,POLYGON PICTURES,,"Horror, Seinen, Human Experimentation, Supernatural, Based on a Manga, Mature Themes,, Suicide",3.83,2016.0,,'The third movie of the Ajin\xa0Movie trilogy.',"Mature Themes,, Suicide",Ajin,"Ajin Movie 1: Shoudou, Ajin: Demi-Human, Ajin: Demi-Human 2nd Season, Ajin Movie 2: Shoutotsu, Ajin OVA","Kei Nagai : Mamoru Miyano, Gamon Sakurai
Original Creator, Tsuina Miura
Original Creator, Hiroyuki Seshita
Chief Director, Hiroaki Andou
Director, Yuugo Kanno
Music, Yuuki Moriyama
Character Design, Hiroshi Takiguchi
Art Director, Yoshikazu Iwanami
Sound Director","Gamon Sakurai : Original Creator, Tsuina Miura : Original Creator, Hiroyuki Seshita : Chief Director, Hiroaki Andou : Director, Yuugo Kanno : Music, Yuuki Moriyama : Character Design, Hiroshi Takiguchi : Art Director, Yoshikazu Iwanami : Sound Director"
Big Fish & Begonia, Da Yu Hai Tang,Movie,,Studio Mir,,"Adventure, Drama, Fantasy, Romance, Animal Transformation, Chinese Animation, Magic, Non-Human Protagonists, Ocean, Animal Abuse,, Mature Themes,, Nudity",3.83,2016.0,,"'Beyond the human realm, there is a magical race of beings who control the tides and the changing of the seasons. One of these beings, a young girl named Chun, seeks something more—she wants to experience the human world! At sixteen, she finally gets her chance and transforms into a dolphin in order to explore the world that has her fascinated. But she soon discovers that it’s a dangerous place and nearly gets killed in a vortex. Luckily, her life is spared when a young boy sacrifices himself to save her. Moved by his kindness and courage, she uses magic to bring him back to life only to learn that this power comes at a serious price. On a new adventure, she’ll have to make her own sacrifices in order to protect his soul until it is ready to return to the human world.'","Animal Abuse,, Mature Themes,, Nudity",,"Big Fish & Begonia (2004), Big Fish & Begonia 2","Chun, Kun, Qiu, Grandpa, Human Boy, Mother, Rat Keeper, Soul Keeper, Liang Xuan
Director, Zhang Chun
Director & Character Design, Kiyoshi Yoshida
Music, Guo Zikai
Character Design, Zhao Zhicheng
Character Design, Wang Peng
Character Design, Chen Zhiliang
Producer","Liang Xuan : Director, Zhang Chun : Director & Character Design, Kiyoshi Yoshida : Music, Guo Zikai : Character Design, Zhao Zhicheng : Character Design, Wang Peng : Character Design, Chen Zhiliang : Producer"
Super Lovers,,TV   ,10.0,Studio DEEN,Spring,"BL, Comedy, Drama, Romance, Shounen-ai, Slice of Life, Age Gap, Brother Complex, LGBT Themes, Lifestyle Change, Opposites Attract, Siblings, Based on a Manga",3.83,2016.0,,"""Fooled into coming overseas by news of his mother's imminent death, high school student Kaido Haru encounters a boy who insists that he's his brother. Haru does his best to raise feral and obstinate Ren, but there seems to be a secret behind Ren's birth. On top of that, just when Ren begins to warm up to Haru, tragedy strikes. Five years later, Haru reunites with Ren, all grown up in Tokyo, but…""",,Super Lovers,"Super Lovers OVA, Super Lovers 2","Haru Kaidou : Tomoaki Maeno, Ren Kaidou : Junko Minagawa, Aki Kaidou : Yoshitsugu Matsuoka, Ikuyoshi Sasaki : Ayumu Murase, Kiyoka : Mitsuki Saiga, Shima Kaidou : Takuma Terashima, Ai Natsukawa : Aoi Yuuki, Ayumi Asakura : Yukiyo Fujii, Miyuki Abe
Original Creator, Shinji Ishihira
Director, Miki Takihara
Character Design, Masakazu Miyake
Art Director","Miyuki Abe : Original Creator, Shinji Ishihira : Director, Miki Takihara : Character Design, Masakazu Miyake : Art Director"
Thunderbolt Fantasy, Thunderbolt Fantasy: Touri-ken Yuuki,TV   ,13.0,Pili International Multimedia,Summer,"Action, Adventure, Fantasy, Ancient China, Swordplay, Wuxia, Original Work, Violence",3.82,2016.0,,"'In an ancient kingdom, a vicious warlord is on the hunt for a magical sword. Forced to escape his soldiers, the young girl who guards the sword is hunted until she receives some unexpected help from a pair of odd strangers.'",Violence,Thunderbolt Fantasy: Touriken Yuuki,"Thunderbolt Fantasy Movie: The Sword of Life and Death, Thunderbolt Fantasy x Touken Ranbu 2, Thunderbolt Fantasy: Sword Seekers 2, Thunderbolt Fantasy Movie 2: Bewitching Melody of the West","Dan Fei : Mai Nakahara, Shang Bu Huan : Junichi Suwabe, Juan Can Yu : Kenichi Suzumura, Lue Feng Qie Chen : Kohsuke Toriumi, Mie Tian Hai : Tomokazu Seki, Sha Wu Sheng : Nobuyuki Hiyama, Shou Yun Xiao : Rikiya Koyama, Xing Hai : Sayaka Oohara, Gen Urobuchi
Original Concept & Screenplay, Yoshiki Usa
Art Director, Yoshikazu Iwanami
Sound Director, Kaho Yamada
Producer","Gen Urobuchi : Original Concept & Screenplay, Yoshiki Usa : Art Director, Yoshikazu Iwanami : Sound Director, Kaho Yamada : Producer"
Assassination Classroom The Movie: 365 Days' Time, Ansatsu Kyoushitsu Movie: 365 Hi no Jikan,Movie,,Lerche,,"Action, Comedy, Shounen, Assassins, Non-Human Protagonists, Overpowered Main Characters, Recap, School Life, Based on a Manga",3.82,2016.0,,"'It’s been some time since Nagisa and Karma were a part of the assassination classroom. Like the rest of Class 3-E, they’ve grown and followed their own paths. But no matter how much time has passed, they’ll still remember their time with Koro Sensei and the lessons he taught them. Walking around their old classroom, the two former students reminisce about the time they spent in Class 3-E and the crazy events that went down. From the minute Koro Sensei first stepped into the classroom down to their final moments—this is a look back at the adventures of assassins in training!'",,"Assassination Classroom, Koro-sensei Q!","Assassination Classroom: Jump Festa 2013 Special, Assassination Classroom Episode 0: Deai no Jikan, Assassination Classroom, Koro-sensei Quest!, Assassination Classroom 2nd Season, Assassination Classroom 2nd Season: Kagaijugyou-hen, Koro-sensei Q!","Karma Akabane : Nobuhiko Okamoto, Koro-Sensei : Jun Fukuyama, Nagisa Shiota : Mai Fuchigami, Aguri Yukimura : Ayako Kawasumi, God Of Death : Nobunaga Shimazaki, Hinano Kurahashi : Hisako Kanemoto, Hinata Okano : Minami Tanaka, Hiromi Shiota : Kotono Mitsuishi, Yusei Matsui
Original Creator, Seiji Kishi
Director, Makoto Uezu
Screenplay & Series Composition, Kazuaki Morita
Character Design","Yusei Matsui : Original Creator, Seiji Kishi : Director, Makoto Uezu : Screenplay & Series Composition, Kazuaki Morita : Character Design"
Doraemon Movie 36: Nobita at the Birth of Japan (2016), Doraemon Movie 36: Shin Nobita no Nippon Tanjou,Movie,,Shin-Ei Animation,,"Adventure, Sci Fi, Shounen, Cats, Family Friendly, Non-Human Protagonists, Robots, Time Travel, Based on a Manga",3.82,2016.0,,"'Nobita comes up with the idea of running away from home because he is always being scolded at home and at school. Additionally, Gian, Shizuka, and Suneo all have their own reasons for running away from home. Together with Doraemon, they all travel through time to the Japan of 70,000 years ago.'",,"Doraemon, Daichohen Doraemon, The Doraemons: Doraemon Game Comic, Doraemon Plus","Doraemon (1979), Doraemon: Doraemon Comes Back, Doraemon Movie 10: Nobita at the Birth of Japan, Doraemon: Doraemon Comes Back (1998), The Doraemons: Strange, Sweets, Strange?, Doraemon (2005)","Doraemon : Wasabi Mizuta, Dorami-Chan : Chiaki, Gian : Subaru Kimura, Nobita Nobi : Megumi Oohara, Shizuka Minamoto, Suneo Honekawa : Tomokazu Seki, Gigazombie, Kukuru, Hiroshi Fujimoto
Original Creator, Shinnosuke Yakuwa
Director, Kan Sawada
Music, Koichi Maruyama
Character Design, Yoshiji Kigami
Key Animator","Hiroshi Fujimoto : Original Creator, Shinnosuke Yakuwa : Director, Kan Sawada : Music, Koichi Maruyama : Character Design, Yoshiji Kigami : Key Animator"
Magic-Kyun! Renaissance,,TV   ,13.0,Sunrise,Fall ,"Fantasy, Reverse Harem, Art, Art School, Idols, Magic, Magic School, School Life, Showbiz, Original Work",3.82,2016.0,,"""A world where art becomes magic. In this world, people who can inspire passion with their Magic Arts are called Artistas, and are employed in show business. In Hoshinomori Private Magical Arts High School, where Artistas are taught, a strange new student named Ohana Aigasaki transfers into the school. Ohana is placed on the planning committee for the school's yearly Hoshinomori Summer Festa cultural festival. She spends her romantic school life with six other boys who aim to become entertainers in the future and alongside Ohana, to be the school's Artista Prince and Princess, only chosen once a year.""",,Magic-Kyun! Renaissance,Kimi ni Maji Kyun!,"Aoi Suminomiya : Kenn, Kanato Hibiki : Takuya Eguchi, Kohana Aigasaki : Sayaka Senbongi, Mone Tsukushi : Shouta Aoi, Rintarou Tatewaki : Yuuki Ono, Rui Anjou : Marina Inoue, Teika Ichijouji : Yuuichirou Umehara, Chieri Todo : Katsuyuki Konishi, Sunrise
Original Creator, Mitsue Yamazaki
Director, Kumi Ishii
Character Design, Yoshikazu Iwanami
Sound Director, Toshihiro Nakajima
Key Animator","Sunrise : Original Creator, Mitsue Yamazaki : Director, Kumi Ishii : Character Design, Yoshikazu Iwanami : Sound Director, Toshihiro Nakajima : Key Animator"
Kaze no You ni,,Movie,,Ekura Animal,,"Drama, Josei, Slice of Life, Countryside, Based on a Manga",3.82,2016.0,,"'Sanpei is a boy beekeeper and the sole survivor of an accident that killed his entire family. Sanpei meets Chiyo, a girl who gets stung by a bee, and starts a new life in her village. Eventually, Sanpei cultivates the land that the villagers had abandoned, and then disappears. In the land now filled with flowers, Chiyo waits, believing Sanpei will return.'",,Kaze no You ni,,"Chiyo, Sanpei : Masako Nozawa, Tetsuya Chiba
Original Creator, Toshiyuki Honda
Director, Kou Nakagawa
Music, Fumio Maezono
Key Animator","Tetsuya Chiba : Original Creator, Toshiyuki Honda : Director, Kou Nakagawa : Music, Fumio Maezono : Key Animator"
Joker 4,"Alt titles: Kaitou Joker 4, Mysterious Joker 4",TV   ,13.0,Shin-Ei Animation,Fall ,"Comedy, Shounen, Thieves, Based on a Manga",3.82,2016.0,,"""The thief Mysterious Joker doesn't just steal things. An audacious and elusive miracle-maker, he travels the world searching for treasure with his partner and cook Hachi. As they circle the globe, they must avoid traps set by the police and compete in various competitions to reach their final goal, the Timeslip Treasure.""",,Kaitou Joker,"Joker, Joker 2, Joker 3","Hachi : Yumiko Kobayashi, Joker : Ayumu Murase, Hosshii : Atsumi Tanezaki, Akai Tsubasa : Yoshitsugu Matsuoka, Dr. Nero : Takehito Koyasu, Hideyasu Takahashi
Original Creator, Yukiyo Teramoto
Director, Dai Satou
Series Composition, Miho Shimogasa
Character Design, Rie Ukai
Producer","Hideyasu Takahashi : Original Creator, Yukiyo Teramoto : Director, Dai Satou : Series Composition, Miho Shimogasa : Character Design, Rie Ukai : Producer"
Ajin: Demi-Human, Ajin,TV   ,13.0,POLYGON PICTURES,Winter,"Horror, Seinen, Animeism, Human Experimentation, Supernatural, Based on a Manga, CG Animation, Explicit Violence,, Mature Themes,, Physical Abuse,, Suicide",3.82,2016.0,,"'The first Ajin appeared 17 years ago and quickly became the most important discovery to mankind. While they appear to be human, Ajin are rare, immortal beings that are feared by the populace. Only 46 are known to exist in the world, and most try to hide their existence, for capture means being subjected to brutal experiments that never end. Kei Nagai is a boy who dreams of becoming a doctor to heal his sister one day, but after he dies - and revives - in a car accident, he learns the terrifying truth that he too is an Ajin. Now, Kei finds himself on the run from both human and Ajin monsters that wish to do him harm, while struggling with his new, unwanted identity.'","Explicit Violence,, Mature Themes,, Physical Abuse,, Suicide",Ajin,"Ajin Movie 1: Shoudou, Ajin: Demi-Human 2nd Season, Ajin Movie 2: Shoutotsu, Ajin OVA, Ajin Movie 3: Shougeki","Kei Nagai : Mamoru Miyano, Izumi Shimomura : Mikako Komatsu, Kaito : Yoshimasa Hosoya, Kouji Tanaka : Daisuke Hirakawa, Kou Nakano : Jun Fukuyama, Satou : Houchuu Ootsuka, Yuu Tosaki : Takahiro Sakurai, Araki : Tooru Sakurai, Gamon Sakurai
Original Creator, Tsuina Miura
Original Creator, Hiroyuki Seshita
Chief Director, Hiroaki Andou
Director, Hiroshi Seko
Series Composition, Yuugo Kanno
Music, Yuuki Moriyama
Character Design, Hiroshi Kamei
Producer","Gamon Sakurai : Original Creator, Tsuina Miura : Original Creator, Hiroyuki Seshita : Chief Director, Hiroaki Andou : Director, Hiroshi Seko : Series Composition, Yuugo Kanno : Music, Yuuki Moriyama : Character Design, Hiroshi Kamei : Producer"
Haven't You Heard? I'm Sakamoto, Sakamoto desu ga?,TV   ,12.0,Studio DEEN,Spring,"Comedy, Seinen, Delinquents, Episodic, Gag, Overpowered Main Characters, School Life, Based on a Manga",3.82,2016.0,,"""In Gakuban Prefectural High School, there's a boy who just might be the coolest human being alive - a first-year student with style and finesse\xa0that solves every problem with ease, and looks absolutely fabulous in the process. Women adore him, children idolize him, and delinquents are frustrated by their inability to defeat him. The teachers\xa0can't outwit him, and when there's\xa0an animal in trouble, even the raging winds can't hold him back! Whether he's thwarting bullies, sword fighting with an angry bee, or eluding the unwanted attentions of a smitten middle-aged lady, he will always succeed and he will always look unimaginably cool while doing it. Haven't you heard? He's Sakamoto!""",,Haven't You Heard? I'm Sakamoto,Haven't You Heard? I was Sakamoto,"Sakamoto : Hikaru Midorikawa, Aina Kuronuma : Yui Horie, Atsushi Maeda : Tomokazu Sugita, Ken Ken : Ken Takeuchi, Shou Hayabusa : Kouji Yusa, Tanaka : Saki Fujita, Yagi : Hitomi Nabatame, Yoshinobu Kubota : Kujira, Nami Sano
Original Creator, Shinji Takamatsu
Director, Yasuhiko Fukuda
Music, Atsuko Nakajima
Character Design, Kazufumi Kikushima
Producer, Rie Matsubara
Editor, Seimei Kidokoro
Storyboard","Nami Sano : Original Creator, Shinji Takamatsu : Director, Yasuhiko Fukuda : Music, Atsuko Nakajima : Character Design, Kazufumi Kikushima : Producer, Rie Matsubara : Editor, Seimei Kidokoro : Storyboard"
Tales of Zestiria: The X,,TV   ,12.0,ufotable,Summer,"Action, Adventure, Fantasy, Based on a Video Game",3.81,2016.0,,"""Legends speak of the Shepherd, a savior who will bring peace to the seraphim and human worlds. Sorey has spent his life studying ancient books and exploring ruins to learn more about the legendary savior. When he and his seraphim companion Mikleo encounter a mysterious girl in the ruins, the stories of the Shephard become Sorey's reality. Is he strong enough to take on the evil Lord of Calamity?""",,"Tales of Zestiria, Tales of Zestiria: Alisha After Episode - Hitomi ni Utsurumono, Tales of Zestiria (Light Novel)","Tales of Zestiria: Dawn of the Shepherd, Tales of Zestiria: The X - Age of Chaos, Tales of Zestiria: The X (2017)","Alisha Diphda : Ai Kayano, Lailah : Noriko Shitaya, Mikleo : Ryouta Oosaka, Sorey : Ryouhei Kimura, Edna : Misato Fukuen, Lunarre : Takehito Koyasu, Mathia Barthlow : Yutaka Nakano, Rose : Mikako Komatsu, Haruo Sotozaki
Director, Motoi Sakuraba
Music, Gou Shiina
Music, Akira Matsushima
Character Design, Youhei Kisara
Producer, Ufotable
Screenplay","Haruo Sotozaki : Director, Motoi Sakuraba : Music, Gou Shiina : Music, Akira Matsushima : Character Design, Youhei Kisara : Producer, Ufotable : Screenplay"
Uta no Prince-sama: Maji Love Legend Star,,TV   ,13.0,A-1 Pictures,Fall ,"Drama, Reverse Harem, Shoujo, Music, Based on an Otome Game, Based on a Visual Novel",3.81,2016.0,,"'The competition continues as the stars and heavens collide to determine who will open for the Triple S International sporting event. As QUARTET NIGHT and STARISH finish their last act, HEAVENS hijacks the competition, putting the other groups into a flurry of confusion. With a three-way tie, QUARTET NIGHT suggests an idea which propels these three groups to aim for a new stage, leaving HEAVENS with a need for revenge.'",,"Uta no Prince-sama, Uta no Prince-sama Debut, Uta no Prince-sama: Maji Love 2000%, Uta no Prince-sama: Maji Love Legend Star - Anthology","Uta no Prince-sama: Maji Love 1000%, Uta no Prince-sama: Maji Love 2000% Special, Uta no Prince-sama: Maji Love 2000%, Uta no Prince-sama: Maji Love Revolutions, ST☆RISH: Shining☆Romance, QUARTET NIGHT: Force Live, Uta no Prince Sama: Maji Love Kingdom, Uta no Prince-sama: Maji Love Starish Tours","Cecil Aijima : Kohsuke Toriumi, Haruka Nanami : Miyuki Sawashiro, Masato Hijirikawa : Kenichi Suzumura, Natsuki Shinomiya : Kishou Taniyama, Otoya Ittoki : Takuma Terashima, Ren Jinguuji : Junichi Suwabe, Syo Kurusu : Hiro Shimono, Tokiya Ichinose : Mamoru Miyano, Jouji Furuta
Director, Elements Garden
Music, Maki Fujioka
Character Design","Jouji Furuta : Director, Elements Garden : Music, Maki Fujioka : Character Design"
One Piece Film: Gold ~Episode 0~ 711 ver.,,Other,,Toei Animation,,"Action, Adventure, Fantasy, Shounen, Pirates, Superpowers, Based on a Manga",3.81,2016.0,,'No synopsis yet - check back soon!',,"One Piece, One Piece: Strong World, Chopperman: Yuke Yuke! Minna no Chopper-sensei, One Piece Ace's Story (Light Novel), One Piece episode A",One Piece Film: Gold,"Brook : Choo, Franky : Kazuki Yao, Monkey D. Luffy : Mayumi Tanaka, Nami : Akemi Okamura, Robin Nico : Yuriko Yamaguchi, Sanji : Hiroaki Hirata, Tony Tony Chopper : Ikue Ootani, Usopp : Kappei Yamaguchi, Eiichiro Oda
Original Creator",Eiichiro Oda : Original Creator
Fox Spirit Matchmaker Season 3, Huyao Xiao Hongniang: Yue Hong,Web  ,13.0,Haoliners Animation League,,"Action, Fantasy, Romance, Chinese Animation, Non-Human Protagonists, Based on a Manga",3.81,2016.0,,'Third season of\xa0Fox Spirit Matchmaker.',,Fox Spirit Matchmaker,"Fox Spirit Matchmaker, Fox Spirit Matchmaker Season 2, Fox Spirit Matchmaker Season 4, Fox Spirit Matchmaker Season 5, Fox Spirit Matchmaker Season 6, Fox Spirit Matchmaker Season 7, Fox Spirit Matchmaker Season 8, Fox Spirit Matchmaker Season 9, Fox Spirit Matchmaker Season 10, Fox Spirit Matchmaker Season 11",Yuechu Bai,
Ajin Movie 2: Shoutotsu,,Movie,,POLYGON PICTURES,,"Horror, Seinen, Human Experimentation, Supernatural, Based on a Manga, CG Animation, Mature Themes,, Suicide",3.81,2016.0,,'The second movie of the Ajin\xa0Movie trilogy.',"Mature Themes,, Suicide",Ajin,"Ajin Movie 1: Shoudou, Ajin: Demi-Human, Ajin: Demi-Human 2nd Season, Ajin OVA, Ajin Movie 3: Shougeki","Kei Nagai : Mamoru Miyano, Takeshi Kotobuki : Soma Saito, Tsuina Miura
Original Creator, Gamon Sakurai
Original Creator, Hiroyuki Seshita
Chief Director, Hiroaki Andou
Director, Yuugo Kanno
Music, Yuuki Moriyama
Character Design, Hiroshi Takiguchi
Art Director, Yoshikazu Iwanami
Sound Director","Tsuina Miura : Original Creator, Gamon Sakurai : Original Creator, Hiroyuki Seshita : Chief Director, Hiroaki Andou : Director, Yuugo Kanno : Music, Yuuki Moriyama : Character Design, Hiroshi Takiguchi : Art Director, Yoshikazu Iwanami : Sound Director"
PriPara 3,,TV   ,51.0,Dongwoo A&E,Spring,"Idols, Music, Showbiz, Based on a Video Game",3.81,2016.0,2017.0,"'One day, a huge UFO suddenly appeared above the PriPara town. While hovering, in addition to lots of shiny jewels, a mysterious baby also descended from the UFO and immediately started calling Laala ""mommy.""'",,,"PriPara, PriPara 2, PriPara Movie: Minna de Kagayake! Kirarin☆Star Live!, Idol Time PriPara, Idol Land PriPara","Junon, Kanon, Laala Manaka : Himika Akaneya, Mirei Minami : Yuu Serizawa, Non Manaka, Pinon, Sophy Houjo : Miyu Kubota, Chili Tsukikawa, Makoto Moriwaki
Director, Rei Ishizuka
Music, Masaharu Hara
Character Design","Makoto Moriwaki : Director, Rei Ishizuka : Music, Masaharu Hara : Character Design"
Tanaka-kun is Always Listless Specials, Tanaka-kun wa Itsumo Kedaruge Specials,DVD S,,SILVER LINK.,,"Comedy, Shoujo, Slice of Life, School Life, Based on a Manga",3.81,2016.0,,'No synopsis yet - check back soon!',,,"Tanaka-kun wa Kyou mo Kedaruge, Tanaka-kun is Always Listless","Oota : Yoshimasa Hosoya, Tanaka : Kensho Ono, Echizen : Ayaka Suwa, Katou, Miyano : Natsumi Takamori, Saionji : Rie Murakawa, Saya Oota : Nao Touyama, Shimura, Nozomi Uda
Original Creator",Nozomi Uda : Original Creator
Mu Wang Zhi Wang: Qilin Jue,,Web  ,20.0,,,"Action, Chinese Animation, Historical",3.8,2016.0,,'No synopsis yet - check back soon!',,,"Mu Wang Zhi Wang: Han Tie Dou, Mu Wang Zhi Wang: Xuan Guan Si, Mu Wang Zhi Wang: You Du Zhan",,
Kubikiri Cycle: Aoiro Savant to Zaregototsukai, The Beheading Cycle: The Blue Savant and the Nonsense Bearer,OVA  ,8.0,SHAFT,,"Drama, Mystery, Island, Mansion, Serial Killers, Based on a Light Novel, Explicit Violence",3.8,2016.0,2017.0,"""On Wet Crow's Feather Island, a tiny speck in the Sea of Japan, lives Akagami Iria, the exiled daughter of a powerful family. Born into great wealth, she was a princess of the highest pedigree–until she was cut off by the leader of the Akagami Foundation. For the last five years, she's lived on Feather Island with her maids. But she hasn't been alone. She has invited the best minds Japan has to offer to come and stay with her.""",Explicit Violence,Zaregoto (Light Novel),Sangatsu no Phantasia: Cobalt World,"I : Yuuki Kaji, Tomo Kunagisa : Aoi Yuuki, Akane Sonoyama : Yu Shimamura, Akari Chiga : Natsuko Kuwatani, Hikari Chiga : Ryouko Shintani, Iria Akagami : Mariya Ise, Kanami Ibuki : Ayako Kawasumi, Maki Himena : Aya Endou, Nisioisin
Original Creator, Akiyuki Simbo
Chief Director & Series Composition, Yuki Yase
Director & Ed Director & Episode Director & Storyboard, Shaft
Series Composition, Yuki Kajiura
Music, Akio Watanabe
Animation Director & Character Design & Chief Animation Director, Rei Egami
Photography Director, Takeshi Naitou
Art Director","Nisioisin : Original Creator, Akiyuki Simbo : Chief Director & Series Composition, Yuki Yase : Director & Ed Director & Episode Director & Storyboard, Shaft : Series Composition, Yuki Kajiura : Music, Akio Watanabe : Animation Director & Character Design & Chief Animation Director, Rei Egami : Photography Director, Takeshi Naitou : Art Director"
GANTZ:O,,Movie,,Digital Frontier,,"Action, Sci Fi, Seinen, Aliens, Guns, Psychological, Based on a Manga, CG Animation, Explicit Violence,, Nudity",3.8,2016.0,,"""Somewhere in Tokyo, there is a room. In that room is a black sphere. Periodically, people who should otherwise have died are transferred to the room. There, the sphere gives them special suits and weapons, and sends them out on a mission to kill aliens here on Earth. While these missions take place, the rest of the world is largely oblivious to them. These missions are lethal - few participants survive them. The sphere calls the shots, and it's not the slightest bit nice. Its name...""","Explicit Violence,, Nudity","Gantz, Gantz no Moto: Oku Hiroya to SF Eiga Monogatari, Gantz:G, Gantz:E",GANTZ,"Masaru Kato : Daisuke Ono, Anzu Yamasaki : M.A.O., Reika Shimohira : Saori Hayami, Yoshikazu Suzuki : Shuuichi Ikeda, Ayumu Kato : Rihito Morio, Gantz : Mireya Mendoza, Joichiro Nishi : Tomohiro Kaku, Kei Kurono : Yuuki Kaji, Hiroya Oku
Original Creator, Keiichi Satou
Chief Director, Yasushi Kawamura
Director, Yoshihiro Ike
Music, Tsutomu Kuroiwa
Screenplay","Hiroya Oku : Original Creator, Keiichi Satou : Chief Director, Yasushi Kawamura : Director, Yoshihiro Ike : Music, Tsutomu Kuroiwa : Screenplay"
Dragon Nest: Throne of Elves, Long Zhi Gu: Jingling Wangzuo,Movie,,Mili Pictures,,"Action, Adventure, Fantasy, Chinese Animation, Elves, Non-Human Protagonists, Based on a Video Game",3.8,2016.0,,"'In the mythical Elven world of Altera, an epic battle unfolds between the beautiful Princess Liya and the Dark Elf Elena, who has gained possession of a jewel so powerful it allows its holder complete authority over all Alterans.'",,,Dragon Nest: Warriors' Dawn,"Lambert : Ryan Potter, Liya : Ashley Boettcher, Blacksmith : Enn Reitel, Captain B : Kevin Michael Richardson, Elf Captain : Gina Bowes, Meyla : Anika Noni Rose, Prince : Gavin Hammon, Queen Mayre : Julie Nathanson",
"Shounen Maid: Women Should Be Brave, and Men Should Be Winsome?"," Shounen Maid: Onna wa Dokyou, Otoko wa Aikyou?",DVD S,,8-Bit,,"Comedy, Shoujo, Slice of Life, Maids, Based on a Manga",3.8,2016.0,,'No synopsis yet - check back soon!',,Shounen Maid,Shounen Maid,"Chihiro Komiya : Natsumi Fujiwara, Keiichirou Shinozaki : Tomoaki Maeno, Madoka Takatori : Nobunaga Shimazaki, Miyako Ootori : Yui Makino, Yuuji Hino : Mitsuki Saiga, Yuu Nomura : Mikako Izawa, Aya Sugita : Yuki Yamada, Hanako Hino, Ototachibana
Original Creator",Ototachibana : Original Creator
Kiznaiver,,TV   ,12.0,TRIGGER,Spring,"Drama, Sci Fi, Human Experimentation, Psychological, Original Work",3.8,2016.0,,"'The fictional Japanese city named Sugomori City is built on reclaimed land. But as the years go by, the city\'s population is decreasing. One day, Sonozaki tells her classmate Katsuhira: ""You have been selected to be a Kiznaiver."" The Kizuna System, which allows Katsuhira to share his wounds, connects him to the classmates whose lives and personalities completely differ from his. The Kizuna System is an incomplete system for the implementation of world peace that connects people through wounds. All those who are connected to this system are called Kiznaivers. When one Kiznaiver is wounded, the system divides and transmits the wound among the other Kiznaivers.'",,"Kiznaiver, Mini! KIZNAIVER Theater",Sangatsu no Phantasia: Hajimari no Sokudo,"Chidori Takashiro : Yuka Terasaki, Hajime Tenga : Tomoaki Maeno, Honoka Maki : Rina Satou, Katsuhira Agata : Yuuki Kaji, Niko Niiyama : Misaki Kuno, Noriko Sonozaki : Hibiku Yamamura, Tsuguhito Yuta : Nobunaga Shimazaki, Yoshiharu Hisomu : Koutarou Nishiyama, Hiroshi Kobayashi
Director, Yuuki Hayashi
Music, Mai Yoneyama
Character Design, Kozue Kaneniwa
Producer, Tomoyuki Oowada
Producer, Kyouko Uryuu
Producer, Hideyuki Saida
Producer, Mikio Uetsuki
Producer","Hiroshi Kobayashi : Director, Yuuki Hayashi : Music, Mai Yoneyama : Character Design, Kozue Kaneniwa : Producer, Tomoyuki Oowada : Producer, Kyouko Uryuu : Producer, Hideyuki Saida : Producer, Mikio Uetsuki : Producer"
Days,,TV   ,24.0,MAPPA,Summer,"Comedy, Drama, Shounen, Sports, School Life, Soccer, Tournaments, Based on a Manga",3.8,2016.0,,"'With no skills or outstanding features, one boy hides a passionate heart, Tsukushi Tsukamoto. The other is a lonely soccer genius, Jin Kazama. The winds of change begin to blow in the world of high school soccer as these two boys with nothing in common come together. The curtain on this hot-blooded, touching story is rising...'",,"Days, Days Gaiden, Days: fragment","Days OVA, Days 2nd Season","Jin Kazama : Yoshitsugu Matsuoka, Tsukushi Tsukamoto : Takuto Yoshinaga, Atsushi Kimishita : Daisuke Ono, Chikako Ubukata : Mariya Ise, Hiroyuki Kurusu : Hiroyuki Yoshino, Hisahito Mizuki : Daisuke Namikawa, Jirou Haibara : Hiro Shimono, Kaoru Indou : Tomokazu Seki, Tsuyoshi Yasuda
Original Creator, Konousuke Uda
Director, Yoshihiro Ike
Music, Kazuto Nakazawa
Character Design, Tomoyuki Oowada
Producer, Hiroshi Kamei
Producer, Tetsuya Endou
Producer, Gouta Aijima
Producer","Tsuyoshi Yasuda : Original Creator, Konousuke Uda : Director, Yoshihiro Ike : Music, Kazuto Nakazawa : Character Design, Tomoyuki Oowada : Producer, Hiroshi Kamei : Producer, Tetsuya Endou : Producer, Gouta Aijima : Producer"
Fate/Kaleid Liner Prisma Illya 3rei!!,,TV   ,12.0,SILVER LINK.,Summer,"Action, Comedy, Fantasy, Magical Girl, Shounen, Contemporary Fantasy, Henshin Heroes, Magic, Urban Fantasy, Based on a Manga, Sexual Content",3.8,2016.0,,"""Illya and the gang have finished their battle against the heroic spirit residing in the eighth class card. They're back in vacation mode again, looking to make the most of what they have left of summer break. But their hopes get crushed in the blink of an eye. An all-too-unrealistic silhouette appears before them when they go to investigate the strange event at Mount Enzou. After a short skirmish, the entire space ends up being warped. Illya wakes up in a wintry Fuyuki City... in a parallel world. This is the world where Miyu was born and raised.""",Sexual Content,"Fate/Stay Night: Comic Battle, Fate/stay Night: DNA Comic Manga Anthology, Fate/Stay Night, Himuro no Tenchi Fate/School Life, Fate/Zero (Light Novel), Fate/Tiger Colosseum Upper, Fate/Kaleid Liner Prisma Illya, Fate/Kaleid Liner Prisma Illya 2wei!, Fate/Zero, Fate/Extra, Fate/Apocrypha (Light Novel), Fate/Kaleid Liner Prisma Illya 3rei!!, Fate/Prototype: Tribute Phantasm, Fate/Extra: CCC Fox Tail, Fate/Hollow Ataraxia, Fate/Prototype: Soukan no Fragments (Light Novel), Fate/Kaleid Liner Prisma Illya (Light Novel), Fate/strange Fake, Fate/Mahjong Night: Seihai Sensou, Fate/Gudaguda Order, Fate/strange Fake (Light Novel), Fate/stay night: Garden of Avalon (Light Novel), Fate/Labyrinth (Light Novel), Fate/Stay Night: Heaven's Feel, Fate/Apocrypha, Today's Menu for Emiya Family, Fate/Ixtella","Fate/Kaleid Liner Prisma Illya (New), Fate/stay night, Fate/stay night: TV reproduction, Fate/stay night: Unlimited Blade Works Movie, Fate/Zero, Fate/Prototype, Fate/Zero: Onegai! Einzbern Soudanshitsu, Fate/Zero 2, Fate/Kaleid Liner Prisma Illya, Fate/Kaleid Liner Prisma Illya Specials, Fate/Kaleid Liner Prisma Illya 2wei! First Bra - Illya-hen, Fate/Kaleid Liner Prisma Illya: Undoukai de Dance!, Fate/Kaleid Liner Prisma Illya 2wei!, Fate/stay night: Unlimited Blade Works, Fate/Kaleid Liner Prisma Illya 2wei! OVA, Fate/stay night: Unlimited Blade Works 2 - Sunny Day, Fate/stay night: Unlimited Blade Works 2, Fate/kaleid Liner Prisma Illya 2wei Herz!, Fate/kaleid Liner Prisma Illya 2wei Herz! Specials, Fate/Kaleid Liner Prisma Illya 3rei!! Special, Fate/Kaleid Liner Prisma Illya Movie: Vow in the Snow, Fate/stay night: Heaven's Feel I. presage flower, Fate/Kaleid Liner Prisma Illya: Prisma Phantasm, Fate/Kaleid Liner Prisma Illya Movie 2: Licht Nameless Girl","Chloe Von Einzbern : Chiwa Saitou, Gilgamesh : Aya Endou, Illyasviel Von Einzbern : Mai Kadowaki, Miyu Edelfelt : Kaori Nazuka, Bazett Fraga Mcremitz : Hitomi Nabatame, Luviagelita Edelfelt : Shizuka Itou, Magical Ruby : Naoko Takano, Magical Sapphire : Yumi Kakazu, Hiroshi Hiroyama
Original Creator, Shin Oonuma
Chief Director, Masato Jinbou
Director, Ken Takahashi
Director, Technoboys Pulcraft Green-Fund
Music, Kazuya Hirata
Character Design, Yoshiaki Kyougoku
Storyboard, Yuuki Sawairi
Chief Animation Director","Hiroshi Hiroyama : Original Creator, Shin Oonuma : Chief Director, Masato Jinbou : Director, Ken Takahashi : Director, Technoboys Pulcraft Green-Fund : Music, Kazuya Hirata : Character Design, Yoshiaki Kyougoku : Storyboard, Yuuki Sawairi : Chief Animation Director"
"Kiss Him, Not Me", Watashi ga Motete Dousunda,TV   ,12.0,Brain's Base,Fall ,"Comedy, Reverse Harem, Romance, Shoujo, Fujoshi, Lifestyle Change, Otaku Culture, School Life, Based on a Manga",3.79,2016.0,,"'Kae Serinuma is what you\'d call a ""fujoshi."" When she sees boys getting along with each other, she loves to indulge in wild fantasies! One day her favorite anime character dies and the shock causes her to lose a ton of weight. Then four hot guys at school ask her out, but that isn\'t exciting to her at all — she\'d rather see them date each other!'",,"Kiss Him, Not Me",,"Asuma Mutsumi : Nobunaga Shimazaki, Hayato Shinomiya : Yoshitsugu Matsuoka, Kae Serinuma : Yuu Kobayashi, Nozomu Nanashima : Keisuke Koumoto, Shima Nishina : Miyuki Sawashiro, Yuusuke Igarashi : Yuuki Ono, Amane Nakano : Asami Shimoda, Kazuma Mutsumi : Yuuichi Nakamura, Junko
Original Creator, Hiroshi Ishiodori
Director, Ruka Kawada
Music, Kazuhiko Tamura
Character Design","Junko : Original Creator, Hiroshi Ishiodori : Director, Ruka Kawada : Music, Kazuhiko Tamura : Character Design"
Tanaka-kun wa Kyou mo Kedaruge, Tanaka-kun is Listless Today,Web  ,35.0,SILVER LINK.,Spring,"Comedy, Shoujo, Slice of Life, Chibi, School Life, Short Episodes, Based on a Manga",3.79,2016.0,,"'The shorts will feature the main characters in chibi form, and will begin ""in a few days.""'",,Tanaka-kun wa Itsumo Kedaruge,"Tanaka-kun is Always Listless, Tanaka-kun is Always Listless Specials","Oota, Tanaka, Echizen, Katou, Lunch Lady, Miyano, Rino Tanaka, Saya Oota, Nozomi Uda
Original Creator",Nozomi Uda : Original Creator
Aikatsu Stars! The Movie,,Movie,,BN Pictures,,"Idols, Island, Music, Showbiz, Based on a Card Game",3.78,2016.0,,"'In a southern island, a Legendary Dress Audition is taking place. Yume Nijino and the others must find secret dresses said to be hidden somewhere in the island.'",,"Aikatsu! Secret Story, Aikatsu! Manga & Mangaka Atsudou!","Aikatsu!, Aikatsu! 2, Aikatsu! 3, Aikatsu! The Movie, Aikatsu! Music Award: Minna de Shou wo Moracchaima SHOW!, Aikatsu! 4, Aikatsu Stars!, Aikatsu! Nerawareta Mahou no Aikatsu Card, Aikatsu Stars! Hoshi no Tsubasa","Rola Sakuraba : Ayaka Asai, Yume Nijino : Miyu Tomita, Ako Saotome : Natsumi Murakami, Hime Shiratori : Minami Tsuda, Koharu Nanakura : Megumi Yamaguchi, Mahiru Kasumi : Yume Miyamoto, Maori : Rina Hidaka, Tsubasa Kisaragi : Sumire Morohoshi, Shinya Watada
Director, Onetrap
Music, Yukiko Aikei
Character Design, Nobuyuki Hosoya
Producer, Hirokazu Hara
Producer, Shinsuke Ishikawa
Key Animator","Shinya Watada : Director, Onetrap : Music, Yukiko Aikei : Character Design, Nobuyuki Hosoya : Producer, Hirokazu Hara : Producer, Shinsuke Ishikawa : Key Animator"
Flying Witch,,TV   ,12.0,J.C.Staff,Spring,"Comedy, Fantasy, Shounen, Slice of Life, Apprenticeship, Contemporary Fantasy, Countryside, Family Friendly, Family Life, Iyashikei, Lifestyle Change, Magic, Supernatural, Witches, Based on a Manga",3.78,2016.0,,"""Makoto Kowata is a 15 year-old witch-in-training who moves out of her parents' home in Yokohama to live with relatives in rural Aomori. She has a lot to learn about magic and living in the countryside, and she's enthusiastic to begin these new adventures. Balancing her days with both the otherworldly and the mundane, Makoto practices casting magic spells one day and growing her own vegetables the next. With her feline familiar Chito, her nomadic sister Akane, and her cousins, Kei and Chinatsu, Makoto makes the most out of each day- whether she's making enchanted snacks, accidentally summoning a giant flock of crows or exploring ancient ruins on the back of a flying whale!""",,"Flying Witch (Pilot), Flying Witch","Flying Witch Petit, Flying Witch Petit Special","Chinatsu Kuramoto : Eri Suzuki, Kei Kuramoto : Shinsuke Sugawara, Makoto Kowata : Minami Shinoda, Akane Kowata : Kana Aoi, Chito : Ai Kayano, Nao Ishiwatari : Shiori Mikami, Anzu Shiina : Yuka Iguchi, Anzu'S Mother : Risa Hayamizu, Chikai Ishioka
Original Creator, Katsushi Sakurabi
Director, Yoshiaki Dewa
Music, Masato Yasuno
Character Design, Yoshikazu Iwanami
Sound Director, Shunsuke Nara
Producer, Atsushi Kirimoto
Producer, Youhei Itou
Producer","Chikai Ishioka : Original Creator, Katsushi Sakurabi : Director, Yoshiaki Dewa : Music, Masato Yasuno : Character Design, Yoshikazu Iwanami : Sound Director, Shunsuke Nara : Producer, Atsushi Kirimoto : Producer, Youhei Itou : Producer"
Planetarian,,Web  ,5.0,David Production,Summer,"Drama, Sci Fi, Androids, Astronomy, Dystopia, Melancholy, Non-Human Protagonists, Post-apocalyptic, Robots, Based on a Visual Novel",3.78,2016.0,,"'For thirty years, companion robot Hoshino Yumemi has patiently waited to show\xa0someone the stars. Left in an abandoned planetarium, she sits hoping for customers\xa0that will never show. That is, until a Junker– a plunderer of goods and artifacts from the\xa0ruins of civilization—stumbles upon the crumbling establishment. Will he help her repair\xa0the planetarium, or will she be alone once more?'",,Planetarian: Chiisana Hoshi no Yume (Light Novel),"Planetarian Movie: Hoshi no Hito, Planetarian: Snow Globe, Kagi-nado, Kagi-nado Season 2","Kuzuya : Daisuke Ono, Yumemi Hoshino : Keiko Suzuki, Gorou Mikashima : Yasumichi Kushida, Junker : Masaru Shinozuka, Miss Jena, Mr. Manager : Satoshi Taki, Satomi Kurahashi : Rina Satou, Katsuichi Nakayama
Director, Naokatsu Tsuda
Director, Shinji Orito
Music, Hitomi Takechi
Character Design, Takashi Tachizaki
Producer, Kouhei Miyajima
Producer, Junichi Kaseda
Producer, Hiroyuki Aoi
Producer","Katsuichi Nakayama : Director, Naokatsu Tsuda : Director, Shinji Orito : Music, Hitomi Takechi : Character Design, Takashi Tachizaki : Producer, Kouhei Miyajima : Producer, Junichi Kaseda : Producer, Hiroyuki Aoi : Producer"
The Asterisk War (2016), Gakusen Toshi Asterisk (2016),TV   ,12.0,A-1 Pictures,Spring,"Action, Harem, Romance, Sci Fi, Tournaments, Based on a Light Novel, Violence",3.78,2016.0,,"""Upon Rikka, the academy-city above water, or what many call the “Asterisk,” students of the six schools prepare for the Festa. These annual comprehensive battle tournaments are held on a worldwide scale and each of the six schools place their hopes in their teams to bring them victory. In the Phoenix Festa (tag-team battle) category, Seidoukan Academy's Ayato Amagiri takes up the challenge along with his partner Julis, the Witch of the Resplendent Flames (Glühen Rose).""",Violence,"The Asterisk War (Light Novel), The Asterisk War, Gakusen Toshi Asterisk Gaiden - Queen Veil no Tsubasa, Gakusen Toshi Asterisk Gaiden: Queen Veil no Tsubasa (Light Novel)",The Asterisk War,"Ayato Amagiri : Atsushi Tamaru, Julis-Alexia Von Riessfeld : Ai Kakuma, Ar-D : Wataru Hatano, Camilla Pareto : Mutsumi Tamura, Claudia Enfield : Nao Touyama, Dirk Eberwein : Tomokazu Sugita, Eishirou Yabuki : Yuuma Uchida, Ernesta Kuhne : Chinatsu Akasaki, Manabu Ono
Director, Rasmus Faber
Music, Tetsuya Kawakami
Character Design, Shousei Itou
Producer, Youhei Hayashi
Producer, Yousuke Futami
Producer, Masayuki Nishide
Producer, Shinichi Omata
Storyboard","Manabu Ono : Director, Rasmus Faber : Music, Tetsuya Kawakami : Character Design, Shousei Itou : Producer, Youhei Hayashi : Producer, Yousuke Futami : Producer, Masayuki Nishide : Producer, Shinichi Omata : Storyboard"
Tales of Zestiria: The X - Age of Chaos, Tales of Zestiria: The X - Saiyaku no Jidai,TV Sp,,ufotable,,"Adventure, Fantasy, Magic, Based on a Video Game",3.78,2016.0,,"'Strange weather phenomena strike the kingdom of Hyland. Alisha, a courageous and patriotic warrior-princess of the Hyland kingdom, sends herself to investigate.'",,"Tales of Zestiria, Tales of Zestiria (Light Novel)","Tales of Zestiria: Dawn of the Shepherd, Tales of Zestiria: The X, Tales of Zestiria: The X (2017)","Alisha Diphda : Ai Kayano, Bolta : Shiho Kokido, Clemm : Ai Kakuma, Ganette : Chitose Morinaga, Lunarre : Takehito Koyasu, Tao : Mariko Higashiuchi, Drake : Masaki Terasoma, Girl : Aimi Tanaka, Haruo Sotozaki
Director, Motoi Sakuraba
Music, Gou Shiina
Music, Akira Matsushima
Character Design","Haruo Sotozaki : Director, Motoi Sakuraba : Music, Gou Shiina : Music, Akira Matsushima : Character Design"
Monster Musume OVA,,OVA  ,2.0,Lerche,,"Comedy, Ecchi, Fantasy, Harem, Seinen, Slice of Life, Contemporary Fantasy, Monster Girls, Monsters, Urban Fantasy, Based on a Manga, Nudity",3.78,2016.0,2017.0,"""The OVA will adapt the manga's chapter 17 from the fourth volume, where Miia, Cerea, Mero, and Kurusu go to the gym's pool.""",Nudity,Monster Musume: I Heart Monster Girls,"Monster Musume: Hobo Mainichi OO! Namappoi Douga, Monster Musume no Iru Nichijou","Cerea : Natsuki Aikawa, Meroune Lorelei : Haruka Yamazaki, Miia : Sora Amamiya, Papi : Ari Ozawa, Rachnera Arachnera : Sakura Nakamura, Suu : Mayuka Nomura, Kimihito Kurusu : Junji Majima, Lala : Ai Kakuma, Takemaru Inui
Original Creator, Tatsuya Yoshihara
Director","Takemaru Inui : Original Creator, Tatsuya Yoshihara : Director"
Prison School OVA, Kangoku Gakuen OVA,OVA  ,1.0,J.C.Staff,,"Comedy, Ecchi, Seinen, Fetish, Newly Co-ed School, School Life, Based on a Manga, Nudity,, Violence",3.77,2016.0,,"'The OVA will feature the previously unanimated ""Mad Wax"" arc from the manga'","Nudity,, Violence","Prison School, Anime Prison School wo Tsukutta Otoko-tachi, Shadow Student Council Vice President Gives Her All",Prison School,"Jouji Nezu, Mitsuko Yokoyama, Takehito Morokuzu, Reiji Andou, Anzu Yokoyama, Chiyo Kurihara, Hana Midorikawa, Kate Takenomiya, Akira Hiramoto
Original Creator, Tsutomu Mizushima
Director, Junichirou Taniguchi
Character Design","Akira Hiramoto : Original Creator, Tsutomu Mizushima : Director, Junichirou Taniguchi : Character Design"
Dimension W,,TV   ,12.0,Orange,Winter,"Sci Fi, Seinen, Overpowered Main Characters, Based on a Manga",3.77,2016.0,,"'In the year 2071, the world\'s energy problems seem solved by a network of cross-dimensional electric-field inductors- ""coils"" -that extract energy from a seemingly infinite source. That source is the W dimension, a fourth plane that exists beyond the X, Y, and Z dimensions.\xa0In this world, unofficial ""illegal"" coils harness powers that the police can\'t hope to counter. Dealing with these coils is the job of coil-hating repo man Kyoma, whose run-in with the unique coil android Mira leads the two to form a reluctant partnership.'",,Dimension W,"Dimension W: W Gate Online - Rose's Counseling Room, Dimension W: Do Robots Dream of Bathhouses","Kyoma Mabuchi : Daisuke Ono, Mira Yurizaki : Reina Ueda, Albert Schumann : Akira Ishida, Elizabeth Greenhow-Smith : Eri Suzuki, Haruka Seameyer : Yuuki Kaji, Koorogi : Yoshitsugu Matsuoka, Loser : Yuuichi Nakamura, Lwai Aura Tibesti : Daiki Yamashita, Yuji Iwahara
Original Creator, Kanta Kamei
Director, Yoshiaki Fujisawa
Music, Gou Shiina
Music, Tokuyuki Matsutake
Character Design, Hirotsugu Ogisu
Producer, Yasutaka Kimura
Producer, Hirotaka Kaneko
Producer","Yuji Iwahara : Original Creator, Kanta Kamei : Director, Yoshiaki Fujisawa : Music, Gou Shiina : Music, Tokuyuki Matsutake : Character Design, Hirotsugu Ogisu : Producer, Yasutaka Kimura : Producer, Hirotaka Kaneko : Producer"
PriPara Movie: Minna no Akogare♪ Let's Go☆Prix Paris,,Movie,,Tatsunoko Production,,"Idols, Music",3.77,2016.0,,"""Falulu is far away in the heart of the PriPara world in Puransu. The sparkle is disappearing from the idol sacred ground PriPara, and Falulu sends an SOS message to Laala and her friends. If the sparkle doesn't return, the PriPara world itself will disappear. Laala and her friends try to help Falulu, and they work together to save the PriPara world.""",,,PriPara 2,"Dorothy West : Azuki Shibuya, Laala Manaka : Himika Akaneya, Mirei Minami : Yuu Serizawa, Reona West : Yuuki Wakai, Sion Todo : Saki Yamakita, Sophy Houjo : Miyu Kubota, Falulu : Chinatsu Akasaki, Kuma : Chihiro Suzuki, Makoto Moriwaki
Director, Masaharu Hara
Character Design, Tomohiko Iwase
Producer, Akio Watanabe
Key Animator, Yoshio Usuda
Key Animator","Makoto Moriwaki : Director, Masaharu Hara : Character Design, Tomohiko Iwase : Producer, Akio Watanabe : Key Animator, Yoshio Usuda : Key Animator"
Violet Evergarden PV,,Web  ,1.0,Kyoto Animation,,"Commercials, Promotional, Based on a Light Novel",3.76,2016.0,,'No synopsis yet - check back soon!',,Violet Evergarden (Light Novel),Violet Evergarden,"Violet Evergarden, Gilbert Bougainvillea, Oscar Webster, Taichi Ishidate
Director & Storyboard, Akiko Takase
Animation Director & Character Design, Kouhei Funamoto
Photography Director, Yuka Yoneda
Color Design, Yoshiji Kigami
Key Animator, Miku Kadowaki
Key Animator, Nobuaki Maruki
Key Animator, Kouhei Okamura
Key Animator","Taichi Ishidate : Director & Storyboard, Akiko Takase : Animation Director & Character Design, Kouhei Funamoto : Photography Director, Yuka Yoneda : Color Design, Yoshiji Kigami : Key Animator, Miku Kadowaki : Key Animator, Nobuaki Maruki : Key Animator, Kouhei Okamura : Key Animator"
FLIP FLAPPERS,,TV   ,13.0,Studio 3Hz,Fall ,"Adventure, Magical Girl, Sci Fi, Henshin Heroes, Magic, Original Work",3.76,2016.0,,"""Cocona is a model honor student, cautious and slow to embrace new opportunities. This makes life complicated when a mysterious girl named Papika suddenly appears, fearlessly searching for a wish-granting crystal called the “Shard of Mimi.” When fates collide and they're given the ability to transform into powerful fairy-like beings, where will the dangerous journey into “Pure Illusion” take them?""",,,,"Cocona : Minami Takahashi, Papika : M.A.O., Hidaka : Jun Fukushima, Salt : Takahiro Sakurai, Sayuri : Youko Hikasa, Tt-392 : Kazuyuki Okitsu, Yayaka : Ayaka Oohashi, Black-Haired Student : Kaede Okutani, Kiyotaka Oshiyama
Director & Screenplay, To-Mas
Music & Song Arrangement & Song Performance, Takashi Kojima
Character Design & Chief Animation Director, Kazuto Izumida
Photography Director, Shinsuke Kinoshita
Art Director, Yasuko Suenaga
Color Design, Jin Aketagawa
Sound Director, Yukihiro Itou
Producer","Kiyotaka Oshiyama : Director & Screenplay, To-Mas : Music & Song Arrangement & Song Performance, Takashi Kojima : Character Design & Chief Animation Director, Kazuto Izumida : Photography Director, Shinsuke Kinoshita : Art Director, Yasuko Suenaga : Color Design, Jin Aketagawa : Sound Director, Yukihiro Itou : Producer"
Shuangsheng Ling Tan, Twin Spirit Detectives,Web  ,20.0,G.CMay Animation & Film,,"Mystery, Chinese Animation, Detectives, Psychological, Based on a Manga",3.76,2016.0,2017.0,"'Twin detectives Xiaotu and Xiaohu set up a business that specializes in dealing with supernatural occurrences. However, when they investigate what seems to be an ordinary “Supernatural” case, a series of bizarre events unfold. To that end, Xiaotu and Xiaohu conquer hardships with every step they take, to clear the hazy path towards the truth.'",,Twin Detectives,,"Sun Xiaohu, Sun Xiaotu, An Bi, Xia Bing, Xiong Ke
Director",Xiong Ke : Director
Ling Yu 3rd Season,"Alt titles: Spiritual Domain Third Season, Spiritual Field 3",Web  ,12.0,Haoliners Animation League,,"Fantasy, Chinese Animation, Cultivation, Based on a Web Novel",3.76,2016.0,,'Third\xa0season of Ling Yu.',,Spirit Realm (Novel),"Ling Yu 2nd Season, Ling Yu 4th Season",,
Strike the Blood II,,OVA  ,8.0,CONNECT,,"Action, Fantasy, Harem, Demons, Island, Magic, Overpowered Main Characters, Vampires, Based on a Light Novel, Nudity",3.76,2016.0,2017.0,"'The OVA will start by depicting the story in the ninth light novel volume and will take place in Blue Elysium, a resort facility near Itogami Island.'",Nudity,"Strike the Blood (Light Novel), Strike the Blood","Strike the Blood, Strike the Blood: Kingdom of the Valkyria, Strike the Blood III, Strike the Blood: Kieta Seisou-hen, Strike the Blood IV, Strike the Blood Final","Kojou Akatsuki : Yoshimasa Hosoya, Yukina Himeragi : Risa Taneda, Asagi Aiba : Asami Seto, Kiriha Kisaki : Yukiyo Fujii, Sayaka Kirasaka : Ikumi Hayama, Astarte : Yuka Iguchi, Avrora Florestina : Kaori Ishihara, Didier Lydianne : Misaki Kuno, Takao Sano
Chief Director, Hideyo Yamamoto
Director, Assumed Sounds
Music, Keiichi Sano
Character Design","Takao Sano : Chief Director, Hideyo Yamamoto : Director, Assumed Sounds : Music, Keiichi Sano : Character Design"
Meiji Tokyo Renka Movie 2: Hanakagami no Fantasia,,Movie,,Studio DEEN,,"Fantasy, Reverse Harem, Romance, Time Travel, Based on an Otome Game, Based on a Visual Novel",3.75,2016.0,,'No synopsis yet - check back soon!',,Meiji Tokyo Renka: Oboro no Koku no Gikyoku,"Meiji Tokyo Renka Movie: Yumihari no Serenade, Meiji Tokyo Renka","Charlie : Toshiyuki Morikawa, Mei Ayazuki : Sumire Morohoshi, Ougai Mori : Daisuke Namikawa, Gorou Fujita : Jun Fukuyama, Kyouka Izumi : Nobuhiko Okamoto, Otojirou Kawakami : Kohsuke Toriumi, Syunso Hishida : Kenn, Tousuke Iwasaki : Yoshimasa Hosoya, Rie Matsubara
Editor",Rie Matsubara : Editor
Fox Spirit Matchmaker Season 2, Huyao Xiao Hongniang: Wangquan Fugui,Web  ,14.0,Haoliners Animation League,,"Action, Fantasy, Romance, Chinese Animation, Non-Human Protagonists, Based on a Manga",3.75,2016.0,,'Second season of\xa0Fox Spirit Matchmaker.',,Fox Spirit Matchmaker,"Fox Spirit Matchmaker, Fox Spirit Matchmaker Season 3, Fox Spirit Matchmaker Season 4, Fox Spirit Matchmaker Season 5, Fox Spirit Matchmaker Season 6, Fox Spirit Matchmaker Season 7, Fox Spirit Matchmaker Season 8, Fox Spirit Matchmaker Season 9, Fox Spirit Matchmaker Season 10, Fox Spirit Matchmaker Season 11","Fugui Wang, Qingtong, Susu Tushan, Yuechu Bai",
Fox Spirit Matchmaker Season 4, Huyao Xiao Hongniang: Beishan Yaodi,Web  ,8.0,Haoliners Animation League,,"Action, Fantasy, Romance, Chinese Animation, Non-Human Protagonists, Based on a Manga",3.75,2016.0,2017.0,'Fourth season of\xa0Fox Spirit Matchmaker.',,Fox Spirit Matchmaker,"Fox Spirit Matchmaker, Fox Spirit Matchmaker Season 2, Fox Spirit Matchmaker Season 3, Fox Spirit Matchmaker Season 5, Fox Spirit Matchmaker Season 6, Fox Spirit Matchmaker Season 7, Fox Spirit Matchmaker Season 8, Fox Spirit Matchmaker Season 9, Fox Spirit Matchmaker Season 10, Fox Spirit Matchmaker Season 11","Susu Tushan, Yuechu Bai, Kuan Shi, Yuyao",
Twin Star Exorcists, Sousei no Onmyouji,TV   ,50.0,Pierrot,Spring,"Action, Romance, Shounen, Demons, Exorcists, Fated Lovers, Prophecy, Supernatural, Based on a Manga",3.75,2016.0,2017.0,"'Grotesque monsters known as Impurities reside in Magano, a realm parallel to the present day. Exorcists purify these evil apparitions to protect the people. Rokuro Enmadou is opposed to becoming an exorcist, even though he has the talent to be one, but an oracle gives him the title of ""Twin Star Exorcist,"" the name bestowed upon married exorcists. Benio Adashino, the girl who receives the title along with Rokuro, is determined to exorcise all the Kegare, or Impurities, in the world. The two find themselves wrapped up in more and more battles together as the Twin Star Exorcists...'",,"Twin Star Exorcists, Twin Star Exorcists: SD Nyoritsuryou!!, Twin Star Exorcists: Tenen Jakko (Light Novel), Twin Star Exorcists: Ten'en Jakko - Nishiki Kokkeiga",,"Benio Adashino : Megumi Han, Rokuro Enmadou : Natsuki Hanae, Arima Tsuchimikado : Daisuke Namikawa, Kamui : Yuuki Ono, Kinako : Jun Fukuyama, Kuranashi : Kazuhiko Inoue, Mayura Otomi : Yuu Serizawa, Ryougo Nagitsuji : Tomoaki Maeno, Yoshiaki Sukeno
Original Creator, Tomohisa Taguchi
Director, Mikio Endou
Music, Kikuko Sadakata
Character Design, Makoto Hijikata
Producer, Tomohiko Iwase
Producer, Maiko Isotani
Producer, Teruaki Jitsumatsu
Producer","Yoshiaki Sukeno : Original Creator, Tomohisa Taguchi : Director, Mikio Endou : Music, Kikuko Sadakata : Character Design, Makoto Hijikata : Producer, Tomohiko Iwase : Producer, Maiko Isotani : Producer, Teruaki Jitsumatsu : Producer"
Love Live! Sunshine!!,,TV   ,13.0,Sunrise,Summer,"All-Girls School, Idols, Music, School Club, School Life",3.75,2016.0,,"""Nothing is more appealing than the bright, sparkling world of School Idols! The girls of Uranohoshi Girls' High School are swept into idol fever, wanting nothing more than to become the next-best School Idol group. And they plan to do just that. Chika Takami brings together eight of her classmates to form Aqours, their own idol group. As long as they don't give up, any dream can come true!""",,"Love Live!, Love Live! School Idol Diary, Love Live! School Idol Diary: Second Season, Love Live! Sunshine!! School Idol Diary (Light Novel), Love Live! Sunshine!! Maru no Yon Koma","Love Live! Sunshine!!: Watashitachi, Kagayakitai!!, Love Live! Sunshine!! 2nd Season, Kokoro Magic ""A to Z"", Dazzling White Town, Akogare Ranraran, Aqours: smile smile ship Start!, You Watanabe: Totsuzen GIRL, Mari Ohara: Shiny Racers, Yoshiko Tsushima: Tatehoko Tsubasa","Chika Takami : Anju Inami, Dia Kurosawa : Arisa Komiya, Hanamaru Kunikida : Kanako Takatsuki, Kanan Matsuura : Nanaka Suwa, Mari Ohara : Aina Suzuki, Riko Sakurauchi : Rikako Aida, Ruby Kurosawa : Ai Furihata, Yoshiko Tsushima : Aika Kobayashi, Kazuo Sakai
Director, Tatsuya Katou
Music, Yuhei Murota
Character Design, Gou Kurosaki
Cg Director, Satoshi Hirayama
Producer, Masaki Kawake
Chief Animation Director","Kazuo Sakai : Director, Tatsuya Katou : Music, Yuhei Murota : Character Design, Gou Kurosaki : Cg Director, Satoshi Hirayama : Producer, Masaki Kawake : Chief Animation Director"
I've Always Liked You Special, Zutto Mae Kara Suki deshita: Kokuhaku Jikkou Iinkai - Kinyoubi no Ohayou,DVD S,,Qualia Animation,,"Romance, Based on a Song, Love Confession, School Life, Vocaloid",3.75,2016.0,,'No synopsis yet - check back soon!',,,I've Always Liked You,"Sena Narumi : Sora Amamiya, Akari Hayasaka : Kana Asumi, Midori Hamanaka : Gero, Haruki Serizawa, Miou Aida",
Qin Shi Mingyue: Tian Xing Jiu Ge,,Web  ,60.0,,,"Action, Fantasy, Ancient China, Chinese Animation, Martial Arts, CG Animation",3.75,2016.0,2018.0,'No synopsis yet - check back soon!',,,Qin Shi Mingyue: Tian Xing Jiu Ge 2nd Season,,
Kantai Collection: Kan Colle Movie,,Movie,,diomedea,,"Action, Anthropomorphic, Military, Military School, Non-Human Protagonists, Ocean, School Life, War, Based on a Video Game",3.75,2016.0,,'No synopsis yet - check back soon!',,"Kantai Collection: Kan Colle - 4-koma Comic - Fubuki, Ganbarimasu!, Kantai Collection: Kan Colle - Itsuka Shizuka na Umi de, Kantai Collection: Kan Colle - Shimakaze Tsumujikaze no Shoujo, Kantai Collection: Kan Colle - Dengeki Comic Anthology - Sasebo Chinjufu-hen, Kantai Collection: Kan Colle - Comic a la Carte - Maizuru Chinjufu Hen, Kantai Collection: Kan Colle - Anthology Comic Yokosuka Guardian Office Edition, Kantai Collection: Kan Colle - Suirai Sentai Chronicle, Kantai Collection: Kan Colle - Tomarigi no Chinjufu, Kantai Collection: Kan Colle - Kakuyoku no Kizuna (Light Novel), Kantai Collection: Kan Colle - Oyakutachi! Chinjufu Chousatai, Kantai Collection: Kan Colle - Suihensen no, Fumizuki, Kantai Collection: Kan Colle - Koyoi mo Salute!","Kantai Collection: Kan Colle, Kantai Collection: Kan Colle 2","Fubuki : Sumire Uesaka, Kisaragi : Rina Hidaka, Mutsuki : Rina Hidaka, Akagi : Saki Fujita, Kaga : Yuka Iguchi, Nagato : Ayane Sakura, Yuudachi : Yumi Tanibe, Akashi : Risa Taneda, Keizou Kusakawa
Director, Naomi Ide
Character Design, Mayuko Matsumoto
Character Design, Makoto Kohara
Character Design & Chief Animation Director & Storyboard, Eiji Inomoto
Cg Director, Satoshi Motonaga
Producer, Daijou Kudou
Producer","Keizou Kusakawa : Director, Naomi Ide : Character Design, Mayuko Matsumoto : Character Design, Makoto Kohara : Character Design & Chief Animation Director & Storyboard, Eiji Inomoto : Cg Director, Satoshi Motonaga : Producer, Daijou Kudou : Producer"
Joleobban, Senior Class,Movie,,Studio Dadashow,,"Drama, Korean Animation",3.75,2016.0,,'No synopsis yet - check back soon!',,,,"Jeong-Woo, Joo-Hee",
www.Working!!, WWW.WAGNARIA!!,TV   ,13.0,A-1 Pictures,Fall ,"Comedy, Seinen, Slice of Life, Chibi, Coworkers, Restaurants, Work Life, Based on a 4-Koma Manga, Based on a Manga",3.75,2016.0,,"'Daisuke Higashida starts working part-time at a family restaurant due to financial difficulties at home. However, between a shift manager who is hopeless when it comes to cooking, and the wait staff’s reliance on the power of money, it seems this restaurant doesn’t have a single normal person working there!'",,"Working!! Neko-gumi, Working!!, Working!! - Re:Order","Working!!, Working'!!, Working!!! Lord of the Takanashi, Working!!!","Daisuke Higashida : Yuuichi Nakamura, Hana Miyakoshi : Haruka Tomatsu, Kisaki Kondo : Nana Mizuki, Masahiro Adachi : Kouki Uchiyama, Sayuri Muranushi : Youko Hikasa, Shiho Kamakura : Sora Amamiya, Yuta Shindo : Kensho Ono, Kenichirou Sakaki : Kohsuke Toriumi, Karino Takatsu
Original Creator, Yumi Kamakura
Director, Masaru Yokoyama
Music, Mayuko Nakano
Character Design, Akihito Watanabe
Producer, Narumi Odagiri
Producer","Karino Takatsu : Original Creator, Yumi Kamakura : Director, Masaru Yokoyama : Music, Mayuko Nakano : Character Design, Akihito Watanabe : Producer, Narumi Odagiri : Producer"
Tenchi Muyo! Ryo-Ohki 4,,OVA  ,4.0,C2C,,"Comedy, Ecchi, Fantasy, Harem, Aliens, Non-Human Protagonists, Original Work",3.74,2016.0,2017.0,"'There are wedding bells in the air for Nobuyuki and Rea, meaning the Masaki household is about to get a whole lot livelier! The guest list is teeming with family members from Jurai and friends from all over the known galaxy, all wanting to see Nobuyuki and his bride. While Ryoko and Ayeka bond over having little to do with the family, Minaho sets her sights on her nephew Tenchi. Meanwhile, Airi is stuck at the GXP Academy, working overtime to finish her paperwork in time for the ceremony. However, as the day draws near, a more pressing matter begins to arise - who exactly is Rea, and where did the blushing bride come from?'",,"No Need for Tenchi!, True Tenchi Muyo! (Light Novel), The All-New Tenchi Muyo!, Tenchi Muyo! Sasami Stories, Tenchi Muyo! GXP (Light Novel), Tenchi Muyo! War on Geminar","Tenchi Muyo! Ryo-Ohki, Tenchi Muyo! The Night Before The Carnival, Tenchi Muyo! Mihoshi Special, Tenchi Muyo! Ryo-Ohki 2, Tenchi Muyo! Ryo-Ohki 3, Tenchi Muyo! Ryo Ohki: Final Confrontations, Tenchi Muyo! Ryo-Ohki 5","Ayeka Jurai : Yumi Takada, Mihoshi Kuramitsu : Yuuko Mizutani, Noike Kamiki Jurai : Naomi Shindou, Ryoko Hakubi : Ai Orikasa, Sasami Jurai : Chisa Yokoyama, Tenchi Masaki, Washu Hakubi : Yuuko Kobayashi, Airi Masaki : Sakiko Tamagawa, Masaki Kajishima
Chief Director, Hidetoshi Takahashi
Director, Ryou Sakai
Music, Takeshi Oda
Character Design, Masayoshi Matsumoto
Producer, Yasuyuki Nishiya
Producer, Tsuyoshi Hosono
Producer, Zhang Yong
Producer","Masaki Kajishima : Chief Director, Hidetoshi Takahashi : Director, Ryou Sakai : Music, Takeshi Oda : Character Design, Masayoshi Matsumoto : Producer, Yasuyuki Nishiya : Producer, Tsuyoshi Hosono : Producer, Zhang Yong : Producer"
Koro-sensei Q!,,Movie,,Lerche,,"Comedy, Shounen, Chibi, Non-Human Protagonists, Based on a Manga",3.73,2016.0,,'No synopsis yet - check back soon!',,"Assassination Classroom, Koro-sensei Q!","Assassination Classroom: Jump Festa 2013 Special, Assassination Classroom Episode 0: Deai no Jikan, Assassination Classroom, Koro-sensei Quest!, Assassination Classroom 2nd Season, Assassination Classroom 2nd Season: Kagaijugyou-hen, Assassination Classroom The Movie: 365 Days' Time","Kaede Kayano : Aya Suzaki, Karma Akabane : Nobuhiko Okamoto, Koro-Sensei : Jun Fukuyama, Nagisa Shiota : Mai Fuchigami, Aguri Yukimura : Ayako Kawasumi, God Of Death : Nobunaga Shimazaki, Yusei Matsui
Original Creator, Jou Aoto
Original Creator, Kizuku Watanabe
Original Creator, Seiji Kishi
Chief Director, Yoshihito Nishouji
Director, Makoto Uezu
Series Composition, Kouji Yamagata
Character Design","Yusei Matsui : Original Creator, Jou Aoto : Original Creator, Kizuku Watanabe : Original Creator, Seiji Kishi : Chief Director, Yoshihito Nishouji : Director, Makoto Uezu : Series Composition, Kouji Yamagata : Character Design"
Honobono Log,,TV   ,10.0,Fanworks,Spring,"Drama, Romance, Slice of Life, Episodic, Short Episodes",3.73,2016.0,,"""Based on Naka Fukamachi's illustration book, Fukamachi Naka Gashou Honobono Log ~Taisetsu na Kimi e~. \xa0The anime\xa0offers hearwarming peeks at the lives of close couples and families.""",,,,"Chiharu : Asami Seto, Eita : Miyu Irino, Kumi Matsui
Director",Kumi Matsui : Director
Rainbow Days, Nijiiro Days,TV   ,24.0,Ashi Productions,Winter,"Comedy, Romance, Shoujo, Slice of Life, Romantic Comedy, School Life, Short Episodes, Based on a Manga",3.73,2016.0,,"'After getting dumped on Christmas day, high school boy and hopeless romantic Natsuki Hashiba\xa0crosses paths with Anna, an aloof girl in a Santa outfit passing out tissues. For him it’s love at first sight, for her… not so much. With help from his best friends—a playboy, an otaku, and a nice guy with a sadistic streak—Natsuki sets out to win Anna’s heart and heal his own heartbreak along the way.'",,"Rainbow Days, Nijikuro Gakuen no Nijichou","Rainbow Days: After School Special, Rainbow Days OVA","Keiichi Katakura : Nobunaga Shimazaki, Natsuki Hashiba : Yoshitsugu Matsuoka, Tomoya Matsunaga : Takuya Eguchi, Tsuyoshi Naoe : Kouki Uchiyama, Anna Kobayakawa : Minami Tsuda, Mari Tsutsui : Yumi Uchiyama, Nozomi Matsunaga : Ai Kayano, Yukiko Asai : Shizuka Ishigami, Minami Mizuno
Original Creator, Tomihiko Ohkubo
Director, Tetsurou Amino
Director, Miyako Nishida
Character Design, Mitsugu Iwano
Producer","Minami Mizuno : Original Creator, Tomihiko Ohkubo : Director, Tetsurou Amino : Director, Miyako Nishida : Character Design, Mitsugu Iwano : Producer"
I've Always Liked You, Zutto Mae Kara Suki deshita: Kokuhaku Jikkou Iinkai,Movie,,Qualia Animation,,"Drama, Romance, Based on a Song, Childhood Friends, Love Confession, School Life, Vocaloid",3.73,2016.0,,"'This is the last time I’m going to practice… Natsuki Enomoto, a third-year student at Sakuragaoka High School, has feelings of unrequited love for her childhood friend, Yuu Setoguchi. Unable to be true to her own feelings, Natsuki tells Yuu that she is merely using him as a stand-in to practice confessing her love to. As Natsuki continues to pretend not having any feelings for Yuu, her classmate Koyuki Ayase asks her out on a date. Will Natsuki ever be able to stop “practicing” and actually confess her love to Yuu?'",,Kokuhaku Yokou Renshuu Series (Light Novel),"HoneyWorks: Kokuhaku Yokou Renshuu -another story-, HoneyWorks: Yakimochi no Kotae, HoneyWorks: Confession Rival Declaration, I've Always Liked You Special, The Moment You Fall in Love, Our love has always been 10 centimeters apart.","Natsuki Enomoto : Haruka Tomatsu, Yuu Setoguchi : Hiroshi Kamiya, Akari Hayasaka : Kana Asumi, Haruki Serizawa : Kenichi Suzumura, Koyuki Ayase : Tsubasa Yonaga, Miou Aida : Aki Toyosaki, Souta Mochizuki : Yuuki Kaji, Hina Setoguchi : Momo Asakura, Tetsuya Yanagisawa
Director, Maki Fujii
Character Design, Shunsuke Saitou
Producer","Tetsuya Yanagisawa : Director, Maki Fujii : Character Design, Shunsuke Saitou : Producer"
Mobile Suit Gundam Unicorn RE:0096,,TV   ,22.0,Sunrise,Spring,"Action, Drama, Mecha, Sci Fi, Military, Outer Space, War",3.73,2016.0,,"""U.C. 0096...\xa0The manufacturing colony Industrial 7, which is still under construction, floats at Lagrange point 1.\xa0A youth named Banagher Links, who grew up without knowing his father, meets a mysterious girl who has stowed away on a ship bound for Industrial 7. As the white mobile suit Unicorn undergoes repeated tests and becomes the subject of diverse speculations, the hands of time begin to move.\xa0Banagher does not yet know that he has been caught up in the conflict surrounding Laplace's Box.\xa0What is Laplace's Box? What secret does it contain? The hundred-year curse of the Universal Century is about to be resolved.""",,"Mobile Suit Gundam ZZ, Mobile Suit Gundam: The Revival of Zeon, Mobile Suit Gundam: New Revival of Zeon, Mobile Suit Gundam: Hathaway's Flash (Light Novel), Record of MS War: Mobile Suit Gundam Abridged, Mobile Suit Gundam: Silhouette Formula 91, Mobile Suit Gundam: The Origin, Mobile Suit Gundam Climax U.C., Mobile Suit Gundam 00, Mobile Suit Gundam 00 2nd Season, Mobile Suit Gundam: Hunter of Black Clothes, Mobile Suit Gundam 0083: Rebellion, Mobile Suit Gundam U.C. 0096: Last Sun, Mobile Suit Gundam: Char's Counterattack - Beltorchika's Children, Mobile Suit Moon Gundam, Mobile Suit Gundam Narrative","Mobile Suit Gundam Unicorn, Nike SB x Mobile Suit Gundam Unicorn","Banagher Links : Kouki Uchiyama, Mineva Lao Zabi : Ayumi Fujimura, Angelo Sauper : Tetsuya Kakihara, Cardeas Vist : Takayuki Sugou, Full Frontal : Shuuichi Ikeda, Marida Cruz : Yuko Kaida, Otto Midas : Naoya Uchida, Riddhe Marcenas : Daisuke Namikawa, Kazuhiro Furuhashi
Director, Harutoshi Fukui
Series Composition, Hiroyuki Sawano
Music, Kumiko Takahashi
Character Design, Shigemi Ikeda
Art Director, Shingo Tamagawa
Key Animator","Kazuhiro Furuhashi : Director, Harutoshi Fukui : Series Composition, Hiroyuki Sawano : Music, Kumiko Takahashi : Character Design, Shigemi Ikeda : Art Director, Shingo Tamagawa : Key Animator"
Pokemon XY&Z Specials,,TV Sp,,OLM,,"Action, Adventure, Fantasy, Shounen, Elemental Powers, Family Friendly, Monsters, Proxy Battles, Based on a Video Game",3.72,2016.0,,'Episode 48 and 49 of\xa0Pokemon XY & Z.',,"Pokémon Adventures, Pokemon + Nobunaga no Yabou - Ranse Iroemaki, Pokemon the Movie XY&Z: Volcanion to Karakuri no Magiana, Pokemon Horizon: Sun & Moon, Pokémon: Sun & Moon",Pokemon XY&Z,"Alexa, Bonnie, Cilan, Clemont, Jan, Professor Augustine Sycamore, Aila, Helioptle : Chika Fujimura, Kunihiko Yuyama
Director, Shinji Miyazaki
Music, Toshihito Hirooka
Character Design","Kunihiko Yuyama : Director, Shinji Miyazaki : Music, Toshihito Hirooka : Character Design"
Sore Ike! Anpanman: Omocha no Hoshi no Nanda to Runda,,Movie,,TMS Entertainment,,"Anthropomorphic, Family Friendly, Food Protagonists, Non-Human Protagonists",3.71,2016.0,,'No synopsis yet - check back soon!',,,Sore Ike! Anpanman,"Anpanman : Keiko Toda, Nanda : Reiji Nakagawa, Runda : Haru, Baikinman : Ryuusei Nakao, Batako-San : Rei Sakuma, Cheese : Kouichi Yamadera, Creampanda : Miki Nagasawa, Currypanman : Michiyo Yanagisawa, Takashi Yanase
Original Creator, Jun Kawagoe
Director, Taku Izumi
Music, Hiroaki Kondo
Music, Minoru Maeda
Character Design","Takashi Yanase : Original Creator, Jun Kawagoe : Director, Taku Izumi : Music, Hiroaki Kondo : Music, Minoru Maeda : Character Design"
The Red Turtle,,Movie,,Prima Linea Productions,,"Drama, Romance, Animal Protagonists, Animal Transformation, Island, No Dialogue, Non-Human Protagonists, Original Work",3.71,2016.0,,"'The dialogue-free picture centers on a man shipwrecked on a tropical island inhabited by turtles, crabs and birds. When he builds a wooden raft, he is confronted by the titular turtle. The story then follows the milestones in his life on the island which include meeting a woman and starting a family.'",,,,"Man, Red Turtle, Man'S Son, Michaël Dudok De Wit
Director & Original Creator & Screenplay & Storyboard, Bertrand Schutz
Assistant Director, Jean Pierre Bouchet
Assistant Director & Photography Director, Laurent Perez Del Mar
Music, Arnaud Bois
Photography Director, Julien De Man
Art Director, Sebastien Marquilly
Sound Director, Isao Takahata
Producer","Michaël Dudok De Wit : Director & Original Creator & Screenplay & Storyboard, Bertrand Schutz : Assistant Director, Jean Pierre Bouchet : Assistant Director & Photography Director, Laurent Perez Del Mar : Music, Arnaud Bois : Photography Director, Julien De Man : Art Director, Sebastien Marquilly : Sound Director, Isao Takahata : Producer"
Mahou Tsukai Pretty Cure! Movie: Kiseki no Henshin! Cure Mofurun!, Witchy Pretty Cure! Movie: Kiseki no Henshin! Cure Mofurun!,Movie,,Toei Animation,,"Magical Girl, Henshin Heroes, Magic",3.71,2016.0,,"""The film's plot will feature the protagonist Mirai's talking plush bear Mofurun being chosen by the Stone of Wishes — a stone that grants any wish every 100 years — and thus gaining the ability to transform into a Precure.""",,"Futari wa Precure, Futari wa Pretty Cure: Splash Star, Eiga: Futari wa Pretty Cure Splash Star - Chikutaku Kiki Ippatsu!, Go! Princess Pretty Cure, Mahou Tsukai Precure!, Kirakira Precure à la Mode",Mahou Tsukai Pretty Cure!,"Mirai Asahina : Rie Takahashi, Mofurun : Ayaka Saitou, Yuuta Tanaka
Director, Kaori Saitou
Key Animator","Yuuta Tanaka : Director, Kaori Saitou : Key Animator"
The Haunted House: The Secret of the Ghost Ball, Sinbi Apartment: Ghost Ball Bimil,TV   ,24.0,,,"Horror, Family Friendly, Korean Animation, Supernatural",3.71,2016.0,2017.0,"'With help from a 102-year-old goblin dwelling beneath their haunted apartment building, two siblings deal with ghosts and take on spooky mysteries.'",,,"The Haunted House: The Birth of Ghost Ball X, The Haunted House: The Secret of the Cave, The Haunted House: The Second Story of Ghost Ball X, The Haunted House: Ghost Ball Double X - 6 Prophecies, The Haunted House: Ghost Ball Double X - Suspicious Request","Doori Koo : Conrad Dickinson, Gaeun Lee : Caitlynne Medrek, Hari Koo : Natasha Strickey, Hyunwoo Kim : Alex Bergen, Kanglim Choi : Bill Rawts, Shinbi : Anna Cummer, Ian : Brett Bauer, Byeong-Gap Kim
Director",Byeong-Gap Kim : Director
Mr. Osomatsu: Virgin Hero, Osomatsu-san: Doutei na Hero,DVD S,,Pierrot,,"Comedy, Josei, Gag, Parody, Slapstick, Based on a Manga",3.7,2016.0,,"'F6 shares their beauty secret and Choromatsu has a run in with the Virgin Vigilante Corps, Cherry Brothers.'",,"Osomatsu-kun, Osomatsu-san","Osomatsu-kun, Osomatsu-kun (1988), Osomatsu-kun (1988) Special, Osomatsu-kun: Suika no Hoshi kara Konnichiwa zansu!, Mr. Osomatsu, Osomatsu-san: Short Film Series, Osomatsu-san: Mutsugo to Ouma no Monogatari, Osomatsu-san: Ouma de Kobanashi, Osomatsu-san (2017)","Choromatsu Matsuno : Hiroshi Kamiya, Ichimatsu Matsuno : Jun Fukuyama, Jyushimatsu Matsuno : Daisuke Ono, Karamatsu Matsuno : Yuuichi Nakamura, Osomatsu Matsuno : Takahiro Sakurai, Todomatsu Matsuno : Miyu Irino, Fujio Akatsuka
Original Creator",Fujio Akatsuka : Original Creator
Kuromukuro,,TV   ,26.0,P.A. WORKS,Spring,"Action, Mecha, Sci Fi, Person in a Strange World, Original Work",3.7,2016.0,,"'When mecha attack a research center, its students, pilots, and researchers must fight back with the help of mysterious artifacts and a young samurai.'",,,,"Kennosuke Tokisada Ouma : Youhei Azakami, Yukina Shirahane : M.A.O., Graham : Katsuyuki Konishi, Hiromi Shirahane : Kanako Toujo, Jose Carlos Takasuka : Shunsuke Takeuchi, Jundai Kayahara : Yusuke Kobayashi, Mika Ogino : Asami Seto, Mirasa : Yuina Yamada, Tensai Okamura
Director, Hiroaki Tsutsumi
Music, Yuriko Ishii
Character Design, Touko Machida
Screenplay","Tensai Okamura : Director, Hiroaki Tsutsumi : Music, Yuriko Ishii : Character Design, Touko Machida : Screenplay"
Hibike! Euphonium Movie: Kitauji Koukou Suisougaku-bu e Youkoso, Sound! Euphonium Movie: Welcome to the Kitauji High School Concert Band,Movie,,Kyoto Animation,,"Drama, Music, Recap, School Club, School Life, Based on a Novel",3.7,2016.0,,"'A compilation movie, recapping the first season of\xa0Sound! Euphonium.'",,"Sound! Euphonium (Novel), Sound! Euphonium: Welcome to the Kitauji High School Concert Band, Sound! Euphonium: Kitauji Koukou Suisougaku-bu no Ichiban Atsui Natsu, Sound! Euphonium: Kitauji Koukou Suisougaku-bu, Saidai no Kiki","Hibike! Euphonium: Kumiko 3 Nensei Hen, Sound! Euphonium, Sound! Euphonium Specials, Sound! Euphonium: Ready, Set, Monaka, Sound! Euphonium 2, Sound! Euphonium 2 Specials, Hibike! Euphonium Movie 2: Todoketai Melody, Liz and the Blue Bird, Sound! Euphonium Movie 3: Our Promise - A Brand New Day","Hazuki Katou : Ayaka Asai, Kumiko Oumae : Tomoyo Kurosawa, Reina Kousaka : Chika Anzai, Sapphire Kawashima : Moe Toyota, Asuka Tanaka : Minako Kotobuki, Haruka Ogasawara : Saori Hayami, Kaori Nakaseko : Minori Chihara, Natsuki Nakagawa : Konomi Fujimura, Nikki Asada
Original Character Design, Tatsuya Ishihara
Director, Naoko Yamada
Director & Episode Director & Storyboard, Akito Matsuda
Music, Shouko Ikeda
Character Design, Shinichi Nakamura
Producer, Shigeru Saitou
Producer, Eharu Oohashi
Producer","Nikki Asada : Original Character Design, Tatsuya Ishihara : Director, Naoko Yamada : Director & Episode Director & Storyboard, Akito Matsuda : Music, Shouko Ikeda : Character Design, Shinichi Nakamura : Producer, Shigeru Saitou : Producer, Eharu Oohashi : Producer"
Persona 5 The Animation: The Day Breakers,,TV Sp,,A-1 Pictures,,"Action, Fantasy, Mystery, Secret Identity, Thieves, Vigilantes, Based on a Video Game",3.7,2016.0,,"'Crime is on the rise in Tokyo, as the pressures of modern life cause the populace\'s deep-seated desires to bubble to the surface, leading some individuals into a life of corruption which only serves to draw them further into the seedy underbelly of the city.\xa0One day, when a request letter is delivered to the ""Ask the Phantom Thieves Channel"", four high school students and one black cat decide to take action.'",,"Persona 3, Persona 4, Persona x Tantei Naoto (Light Novel), P4U2: Persona 4 the Ultimax Ultra Suplex Hold, Persona Q: Shadow of the Labyrinth - Side:P3, Persona 5, Persona 5 Dengeki Comic Anthology, Persona 5 Comic Anthology, Persona 5 Comic a la Carte, Tartarus Gekijou Wild, Persona 5: Mementos Mission",Persona 5 the Animation,"Anne Takamaki : Nana Mizuki, Kazuya Makigami, Morgana : Ikue Ootani, Ren Amamiya, Ryuuji Sakamoto : Mamoru Miyano, Yusuke Kitagawa : Tomokazu Sugita, Caroline, Goro Akechi : Souichirou Hoshi, Takaharu Ozaki
Director, Shouji Meguro
Music, Keita Matsumoto
Character Design, Toshiyuki Yahagi
Character Design, Shigemi Ikeda
Art Director, Yukiko Maruyama
Art Director, Kazuki Adachi
Producer, Yoshikazu Tanaka
Producer","Takaharu Ozaki : Director, Shouji Meguro : Music, Keita Matsumoto : Character Design, Toshiyuki Yahagi : Character Design, Shigemi Ikeda : Art Director, Yukiko Maruyama : Art Director, Kazuki Adachi : Producer, Yoshikazu Tanaka : Producer"
KINMOZA! Pretty Days, Kiniro Mosaic: Pretty Days,OVA  ,1.0,Studio Gokumi,,"Comedy, Seinen, Slice of Life, School Life, Based on a 4-Koma Manga, Based on a Manga",3.69,2016.0,,"""The school festival is on the horizon and something is off with Shinobu. She says she's been very sleepy in the mornings lately, and it seems she has pushed herself too hard working on the scripts and costumes for their class play. Alice and Youko, who are in another class, notice her circumstances.""",,Kiniro Mosaic,"KINMOZA!, Hello!! KINMOZA!, KINMOZA! Movie: Thank You!!","Alice Cartelet : Manami Tanaka, Aya Komichi : Risa Taneda, Karen Kujou : Nao Touyama, Shinobu Oomiya : Asuka Nishi, Youko Inokuma : Yumi Uchiyama, Akari Kuzehashi : Saori Oonishi, Honoka Matsubara : Ayaka Suwa, Sakura Karasuma : Satomi Satou, Yui Hara
Original Creator, Motoki Tanaka
Director, Kazuyuki Ueta
Character Design, Satoko Kimura
Color Design","Yui Hara : Original Creator, Motoki Tanaka : Director, Kazuyuki Ueta : Character Design, Satoko Kimura : Color Design"
Blood Blockade Battlefront OVA, Kekkai Sensen: Ousama no Restaurant no Ousama,OVA  ,1.0,Bones,,"Action, Comedy, Sci Fi, Shounen, Restaurants, Superpowers, Work Life, Based on a Manga",3.69,2016.0,,'No synopsis yet - check back soon!',,"Kekkai Sensou, Blood Blockade Battlefront, Blood Blockade Battlefront: Back 2 Back","Blood Blockade Battlefront, Blood Blockade Battlefront: Even These Are the Worst and Best Days Ever, Blood Blockade Battlefront & Beyond, Blood Blockade Battlefront & Beyond OVA","Klaus V. Reinherz : Rikiya Koyama, Leonardo Watch : Daisuke Sakaguchi, Zapp Renfro : Kazuya Nakai, Chain Sumeragi : Yuu Kobayashi, Femt : Akira Ishida, K.K. : Ai Orikasa, Stephen A. Starphase : Mitsuru Miyamoto, Zed O'Brien : Hikaru Midorikawa, Yasuhiro Nightow
Original Creator, Rie Matsumoto
Director","Yasuhiro Nightow : Original Creator, Rie Matsumoto : Director"
RIN-NE 2,,TV   ,25.0,Brain's Base,Spring,"Comedy, Shounen, Episodic, Japanese Mythology, Reincarnation, Shinigami, Supernatural, Based on a Manga",3.69,2016.0,,"'Rinne and Sakura are used to daily life with meddling spirits and love struck Shinigami girls, but nothing could prepare them for the misadventures that lie in wait with new love rivals, annoying black cats, and more damashigami schemes.'",,RIN-NE,"RIN-NE, RIN-NE 3","Rinne Rokudou : Kaito Ishikawa, Sakura Mamiya : Marina Inoue, Ageha : Rie Murakawa, Kain : Soma Saito, Masato : Tetsuya Kakihara, Rokumon : Hitomi Nabatame, Sabato Rokudou : Kappei Yamaguchi, Tamako : Satsuki Yukino, Rumiko Takahashi
Original Creator, Shizutaka Sugahara
Director, Akimitsu Honma
Music, Kazuhiko Tamura
Character Design","Rumiko Takahashi : Original Creator, Shizutaka Sugahara : Director, Akimitsu Honma : Music, Kazuhiko Tamura : Character Design"
Koro-sensei Quest!, Koro Teacher Quest!,Web  ,12.0,Lerche,Winter,"Comedy, Fantasy, Shounen, Chibi, Non-Human Protagonists, Short Episodes, Based on a Manga",3.69,2016.0,2017.0,"'Get ready for a strange but fun-filled adventure with your favorite group of assassins. The killer class is back but this time they’ve got…magic?! In this brand new spin-off series, follow the chibis of Class 3-E as they learn swordsmanship and sorcery at Kunugigaoka Magic School. Their mission? Defeat the evil Demon King Koro Sensei and face the trials and perils of their magical school!'",,"Assassination Classroom, Koro-sensei Q!","Assassination Classroom: Jump Festa 2013 Special, Assassination Classroom Episode 0: Deai no Jikan, Assassination Classroom, Assassination Classroom 2nd Season, Assassination Classroom 2nd Season: Kagaijugyou-hen, Assassination Classroom The Movie: 365 Days' Time, Koro-sensei Q!","Kaede Kayano : Aya Suzaki, Karma Akabane : Nobuhiko Okamoto, Koro-Sensei : Jun Fukuyama, Nagisa Shiota : Mai Fuchigami, Hiroto Maehara : Shintarou Asanuma, Itona Horibe : Megumi Ogata, Megu Kataoka : Chie Matsuura, Ryouma Terasaka : Subaru Kimura, Kizuku Watanabe
Original Creator, Jou Aoto
Original Creator, Yusei Matsui
Original Creator, Seiji Kishi
Chief Director, Yoshihito Nishouji
Director & Episode Director & Storyboard, Makoto Uezu
Screenplay & Series Composition, Naoki Satou
Music, Kouji Yamagata
Animation Director & Character Design & Chief Animation Director","Kizuku Watanabe : Original Creator, Jou Aoto : Original Creator, Yusei Matsui : Original Creator, Seiji Kishi : Chief Director, Yoshihito Nishouji : Director & Episode Director & Storyboard, Makoto Uezu : Screenplay & Series Composition, Naoki Satou : Music, Kouji Yamagata : Animation Director & Character Design & Chief Animation Director"
Servamp Specials,,DVD S,,Brain's Base,,"Comedy, Josei, Master-Servant Relationship, Supernatural, Vampires, Based on a Manga",3.68,2016.0,2017.0,'No synopsis yet - check back soon!',,Servamp,"Servamp, Servamp: Hai ni Mamireta Shoukei - All the world's a stage, Servamp Movie: Alice in the Garden",,
Joker 3,"Alt titles: Kaitou Joker 3, Mysterious Joker 3",TV   ,13.0,Shin-Ei Animation,Spring,"Comedy, Shounen, Thieves, Based on a Manga",3.68,2016.0,,"'Mysterious Joker continues his tour around the world: escape from luxurious cruise ships; survive at southern islands with mysterious relics; against ninja, chef, and idol dancer; last but not least, the Timeslip, the ultimate goal.'",,Kaitou Joker,"Joker, Joker 2, Joker 4","Hachi : Yumiko Kobayashi, Joker : Ayumu Murase, Queen : Miyuki Sawashiro, Spade : Hiro Shimono, Dark Eye : Kenichi Ono, Dokusaburou Oniyama : Naoki Tatsuta, Ginko Kurosaki : Yuuko Hara, Hosshii : Atsumi Tanezaki, Hideyasu Takahashi
Original Creator, Yukiyo Teramoto
Director, Dai Satou
Series Composition, Miho Shimogasa
Character Design","Hideyasu Takahashi : Original Creator, Yukiyo Teramoto : Director, Dai Satou : Series Composition, Miho Shimogasa : Character Design"
The Guardian Brothers,"Alt titles: Little Door Gods, Xiao Men Shen",Movie,,Light Chaser Animation,,"Adventure, Comedy, Fantasy, Chinese Animation, CG Animation",3.68,2016.0,,"""When a Chinese family's soup shop is targeted for sabotage by a competitor, two guardians from the spirit world leave retirement to protect them.""",,,,"Shen Lu, Yu Lei",
Tama & Friends: Uchi no Tama Shirimasen ka?,,TV   ,104.0,Kachidoki Studio,Fall ,"Slice of Life, Animal Protagonists, Cats, Dogs, Non-Human Protagonists, Short Episodes",3.68,2016.0,2018.0,"""Who says dogs and cats can't get along? Meet Tama the cat and his dog and cat buddies as their fun-filled, zany adventures prove time and again the importance of friendship and working together.\xa0The story will be new but will keep the previous anime's heart-warming world view.""",,,"TAMA of the 3rd District: Have You Seen My TAMA?, Uchitama?! Have you seen my Tama?","Momo Hanasaki : Yoshino Nanjou, Tama Okamoto : Ayami Tsukui, Beh Kawahara : Karin Isobe, Bull Kuramochi : Junichirou Kokubun, Gon Noda : Haruka Kitagaito, Koma Oketani : Kazusa Aranami, Kuro Mikawa : Haruka Uno, Nora : Natsumi Sugita, Jun Kanzaki
Director, Kimiyoshi Maruyama
Music","Jun Kanzaki : Director, Kimiyoshi Maruyama : Music"
AOTU Shijie,,Web  ,32.0,7DOC,,"Action, Adventure, Sci Fi, Chinese Animation, Short Episodes, Based on a Manga, CG Animation",3.68,2016.0,2017.0,'No synopsis yet - check back soon!',,AOTU Shijie,"AOTU Shijie 2, AOTU Shijie 3, AOTU Xueyuan, AOTU Xueyuan 2",,
Zhanguo FAN,,Web  ,15.0,2:10 Animation,,"Action, Fantasy, Sci Fi, Chinese Animation, CG Animation",3.67,2016.0,,'No synopsis yet - check back soon!',,,,,
Aikatsu! Nerawareta Mahou no Aikatsu Card,,Movie,,BN Pictures,,"Acting, Idols, Music, Showbiz, Based on a Card Game",3.67,2016.0,,"'The\xa0short has the protagonists starring in a movie directed by Ichigo Hoshimiya, and they must find a way to acquire the magical Aikatsu card that can grant any wish.'",,"Aikatsu! Secret Story, Aikatsu! Manga & Mangaka Atsudou!","Aikatsu!, Aikatsu! 2, Aikatsu! 3, Aikatsu! The Movie, Aikatsu! Music Award: Minna de Shou wo Moracchaima SHOW!, Aikatsu! 4, Aikatsu Stars! The Movie, Aikatsu Stars!","Akari Oozora : Shino Shimoji, Aoi Kiriya : Azusa Tadokoro, Hinaki Shinjo : Yui Ishikawa, Ichigo Hoshimiya : Sumire Morohoshi, Juri Kurebayashi : Aya Saitou, Ran Shibuki : Ayaka Oohashi, Rin Kurosawa : Yuuki Takada, Sumire Hikami : Yuu Wakui, Ryuichi Kimura
Director & Storyboard, Monaca
Music, Hiroko Yaguchi
Character Design, Hirokazu Hara
Producer","Ryuichi Kimura : Director & Storyboard, Monaca : Music, Hiroko Yaguchi : Character Design, Hirokazu Hara : Producer"
Is It Wrong to Try to Pick Up Girls in a Dungeon? OVA, Dungeon ni Deai wo Motomeru no wa Machigatte Iru Darou ka OVA,OVA  ,1.0,J.C.Staff,,"Action, Adventure, Comedy, Ecchi, Fantasy, Dungeon, RPG, Based on a Light Novel, Nudity",3.67,2016.0,,"""Our band of bold adventurers has just blown through the 18th level of the world's most fearsome dungeon, so what do they do for an encore? Since the city of Orario doesn't have a theme park, the next choice for Bell, Hestia, Lilly and the gang would seem to be a trip to the hot springs… and, conveniently enough, a battle with some hellhounds has led them to an undiscovered underground oasis! However, there's something fishy about these springs, beyond the fact that Hermes happens to have bathing suits for all the ladies in their correct sizes! Will the secret be discovered before it's too late? Will Hestia finally come clean with Bell? It'll all come out in the wash when our heroes learn the answer to: IS IT WRONG TO EXPECT A HOT SPRING IN A DUNGEON?!!""",Nudity,"Is It Wrong to Try to Pick Up Girls in a Dungeon? (Light Novel), Is it Wrong to Try to Pick Up Girls in a Dungeon?, Is It Wrong to Try to Pick Up Girls in a Dungeon? II",Is It Wrong to Try to Pick Up Girls in a Dungeon?,"Bell Cranel : Yoshitsugu Matsuoka, Hestia : Inori Minase, Asfi Al Andromeda : Ai Kayano, Chigusa Hitachi : Yuka Iguchi, Hermes : Soma Saito, Liliruca Arde : Maaya Uchida, Mikoto Yamato : Chinatsu Akasaki, Ouka Kashima : Kazuyuki Okitsu, Yoshiki Yamakawa
Director, Keiji Inai
Music, Shigeki Kimoto
Character Design","Yoshiki Yamakawa : Director, Keiji Inai : Music, Shigeki Kimoto : Character Design"
Osomatsu-san: Ouma de Kobanashi, Mr. Osomatsu: An Anecdote with Horses,TV Sp,,Pierrot,,"Comedy, Josei, Gag, Gambling, Parody, Slapstick, Based on a Manga",3.67,2016.0,,"'The special is part of a larger ""Hashire! Oumatsu-san"" collaboration between Mr. Osomatsu and the Japan Racing Association.'",,"Osomatsu-kun, Osomatsu-san","Osomatsu-kun, Osomatsu-kun (1988), Osomatsu-kun (1988) Special, Osomatsu-kun: Suika no Hoshi kara Konnichiwa zansu!, Mr. Osomatsu, Osomatsu-san: Short Film Series, Osomatsu-san: Mutsugo to Ouma no Monogatari, Mr. Osomatsu: Virgin Hero, Tokyo Girls Collection 2016 A/W x Osomatsu-san Special Movie, Osomatsu-san (2017)","Choromatsu Matsuno : Hiroshi Kamiya, Ichimatsu Matsuno : Jun Fukuyama, Jyushimatsu Matsuno : Daisuke Ono, Karamatsu Matsuno : Yuuichi Nakamura, Osomatsu Matsuno : Takahiro Sakurai, Todomatsu Matsuno : Miyu Irino, Chibita : Sachi Kokuryu, Dayon : Nobuo Tobita, Fujio Akatsuka
Original Creator",Fujio Akatsuka : Original Creator
Girls und Panzer der Film: Akiyama Yukari no Sensha Kouza, Girls und Panzer der Film: Akiyama Yukari's Tank Course,DVD S,,Actas,,"Educational, Military, Original Work",3.67,2016.0,,'No synopsis yet - check back soon!',,"Girls und Panzer: Little Army, Girls und Panzer, Girls und Panzer (Light Novel), Girls und Panzer: Comic Anthology, Girls und Panzer: Ribbon no Musha, Girls und Panzer: Gekitou! Maji no Ikusa Desu!!, Girls und Panzer: Little Army II, Girls und Panzer: 4-koma Anthology Comic, Girls und Panzer: Saishuushou - Keizoku Koukou Harapeko Shokujidou, Girls und Panzer: Avanti! Anzio Koukou",Girls und Panzer der Film,Yukari Akiyama : Ikumi Nakagami,
ERASED Recaps, Boku dake ga Inai Machi Recaps,TV Sp,,A-1 Pictures,,"Mystery, Romance, Seinen, noitaminA, Recap, Supernatural, Time Travel, Based on a Manga, Animal Abuse,, Mature Themes,, Physical Abuse",3.66,2016.0,,"'Recap episodes, covering episodes 1-6 and episodes 7-11 of Erased.'","Animal Abuse,, Mature Themes,, Physical Abuse","Erased, Erased: Re:",ERASED,"Kayo Hinazuki : Aoi Yuuki, Satoru Fujinuma : Tao Tsuchiya, Kei Sanbe
Original Creator, Tomohiko Itou
Director, Yuki Kajiura
Music, Keigo Sasaki
Character Design","Kei Sanbe : Original Creator, Tomohiko Itou : Director, Yuki Kajiura : Music, Keigo Sasaki : Character Design"
Space Patrol Luluco, Uchuu Patrol Luluco,TV   ,13.0,TRIGGER,Spring,"Action, Comedy, Sci Fi, Aliens, School Life, Short Episodes, Original Work",3.66,2016.0,,"'Luluco is a normal junior high school girl whose father is a detective at the space patrol. One day, she visits the Ogikubo branch of the space patrol to save her father who is suddenly frozen. But she happens to be assigned as a space patrol by the chief director Overjustice. Wearing a space patrol suit with strange functions, will she able to save her father and keep the peace of Ogikubo from space criminals? And will she fulfill her life as a junior high school student, including love and study?'",,Space Patrol Luluco,,"Aω Nova : Junya Enoki, Luluco : M.A.O., Midori : Mayumi Shintani, Keiji : Mitsuo Iwata, Lalako Godspeed : Youko Honna, Over Justice Director-General : Tetsu Inada, Ariel Suzuki, Atsuko Kagari, Hiroyuki Imaishi
Director & Original Creator, Hiromi Wakabayashi
Creative Director, Kenichirou Suehiro
Music, Yuusuke Yoshigaki
Character Design, Noritomo Isogai
Producer, Takeshi Minami
Producer, Hideyuki Saida
Producer","Hiroyuki Imaishi : Director & Original Creator, Hiromi Wakabayashi : Creative Director, Kenichirou Suehiro : Music, Yuusuke Yoshigaki : Character Design, Noritomo Isogai : Producer, Takeshi Minami : Producer, Hideyuki Saida : Producer"
Hua Jianghu Zhi Bei Mo Ting, A Portrait of Jianghu: Mourning Toast,Web  ,40.0,Beijing Rocen,,"Ancient China, Chinese Animation, Wuxia, Original Work",3.65,2016.0,2017.0,'No synopsis yet - check back soon!',,,"Hua Jianghu Zhi Buliang Ren, Hua Jianghu Zhi Lingzhu, Hua Jianghu Zhi Huan Shi Men Sheng, Hua Jianghu Zhi Xia Lan, Hua Jianghu Zhi Gui Yexing",,
Cannon Busters,,Other,,SATELIGHT,,"Fantasy, Based on a Comic Book",3.65,2016.0,,"'Follow the adventures and exploits of S.A.M, a high-end, royal-class friendship droid who’s joined by a quirky, discarded maintenance robot and a brash, deadly fugitive. Together, the unlikely trio embarks on an unforgettable journey in a fantastic and dangerous world in search of S.A.M’s best friend, the heir to a powerful kingdom under siege.'",,,Cannon Busters (2019),"Casey Turnbuckle : Elizabeth Maxwell, Philly The Kid, S.A.M, 9Ine, Locke, Lesean Thomas
Producer & Director & Character Design & Storyboard",Lesean Thomas : Producer & Director & Character Design & Storyboard
All Out!!,,TV   ,25.0,MADHOUSE,Fall ,"Seinen, Sports, Rugby, School Life, Based on a Manga",3.65,2016.0,2017.0,"'The day of the entrance ceremony at Kanagawa Highschool... The story starts when the timid but unyielding Gion joins the rugby team. His classmate, Iwashimizu, who can’t get into rugby because of something happening in the past, the vice-captain, Hachioji, who looks out for all of the members, and their captain, Sekizan, who is more passionate and intense than anyone... All of the members are completely different, but they all keep growing on this battlefield known as youth. Once they give it their all, the ultimate stage awaits them!'",,All Out!!,,"Kenji Gion : Shouya Chiba, Sumiaki Iwashimizu : Yuuto Adachi, Atsushi Miyuki : Nobuhiko Okamoto, Etsugo Ooharano : Kensho Ono, Masaru Ebumi : Taishi Murata, Mutsumi Hachiouji : Ryouta Oosaka, Takuya Sekizan : Yoshimasa Hosoya, Toshinosuke Matsuo : Fuminori Komatsu, Shiori Amase
Original Creator, Kenichi Shimizu
Director, Masahiro Yokotani
Series Composition, Yasuharu Takanashi
Music, Masanori Shino
Character Design & Chief Animation Director, Hiroshi Inoue
Photography Director, Chikara Nishikura
Art Director, Nemu Nakajima
Color Design","Shiori Amase : Original Creator, Kenichi Shimizu : Director, Masahiro Yokotani : Series Composition, Yasuharu Takanashi : Music, Masanori Shino : Character Design & Chief Animation Director, Hiroshi Inoue : Photography Director, Chikara Nishikura : Art Director, Nemu Nakajima : Color Design"
I Am Nezha, Wo Shi Nezha,Movie,,,,"Action, Adventure, Fantasy, Chinese Animation, CG Animation",3.65,2016.0,,'No synopsis yet - check back soon!',,,,,
Ling Yu 2nd Season, Spirit Realm 2nd Season,Web  ,10.0,Haoliners Animation League,,"Fantasy, Chinese Animation, Cultivation, Based on a Web Novel",3.65,2016.0,,'Second season of Ling Yu.',,Spirit Realm (Novel),"Ling Yu, Ling Yu 3rd Season",,
Girls und Panzer der Film: Arisu War!,,DVD S,,Actas,,"Action, Military, Military School, School Club, School Life, Original Work",3.65,2016.0,,'A\xa0new OVA that will take place after the events of the movie.',,"Girls und Panzer: Little Army, Girls und Panzer, Girls und Panzer (Light Novel), Girls und Panzer: Comic Anthology, Girls und Panzer: Ribbon no Musha, Girls und Panzer: Gekitou! Maji no Ikusa Desu!!, Girls und Panzer: Little Army II, Girls und Panzer: 4-koma Anthology Comic, Girls und Panzer: Saishuushou - Keizoku Koukou Harapeko Shokujidou, Girls und Panzer: Avanti! Anzio Koukou","Girls und Panzer, Girls und Panzer der Film","Arisu Shimada : Ayana Taketatsu, Miho Nishizumi : Mai Fuchigami, Yukari Akiyama : Ikumi Nakagami, Akebi Sasaki : Sakura Nakamura, Anchovy : Maya Yoshioka, Anzu Kadotani : Misato Fukuen, Aya Oono : Akina, Ayumi Yamago : Nozomi Nakazato",
This Art Club Has a Problem!, Kono Bijutsubu ni wa Mondai ga Aru!,TV   ,12.0,feel.,Summer,"Comedy, Seinen, Art, Gag, School Club, School Life, Based on a Manga",3.65,2016.0,,"""An ordinary arts club at an ordinary middle school, Tsukimori Middle School. One member, Uchimaki Subaru, wastes his abundant talent trying to draw his perfect 2D waifu. Another, Usami Mizuki, can't stop thinking about the loser that is Uchimaki-kun. Then there is the club president, who, despite being asleep all the time, seems to care for the two, and another vague, sketchy member, Colette. Today, yet again, in this art club full of mild disappointments, a problem arises.""",,Kono Bijutsubu ni wa Mondai ga Aru!,40meterP: Kokoro＊Palette,"Club President : Kentarou Tone, Collette : Sumire Uesaka, Mizuki Usami : Ari Ozawa, Subaru Uchimaki : Yusuke Kobayashi, Kaori Ayase : Sora Tokui, Maria Imari : Nao Touyama, Ryouko Kunigawa : Kana Marutsuka, Sayaka Honda : Chiaki Shimogama, Imigimuru
Original Creator, Kei Oikawa
Director, Gin
Music, Mai Ootsuka
Character Design, Junichirou Tanaka
Producer, Koutarou Sudou
Producer","Imigimuru : Original Creator, Kei Oikawa : Director, Gin : Music, Mai Ootsuka : Character Design, Junichirou Tanaka : Producer, Koutarou Sudou : Producer"
CMFU Xueyuan: Wangzi Peng Peng Qiu,,Web  ,24.0,Foch,,"Romance, Sports, Billiards, Chinese Animation, School Life, Short Episodes",3.64,2016.0,2017.0,'No synopsis yet - check back soon!',,,CMFU Xueyuan: Shenshi Ji Jijian,,
RADWIMPS: Sparkle,,Music,,CoMix Wave Films,,"Drama, Romance, School Life, Supernatural",3.64,2016.0,,'No synopsis yet - check back soon!',,"your name., your name. (Light Novel)",your name.,"Mitsuha Miyamizu, Taki Tachibana, Katsuhiko Teshigawara, Sayaka Natori, Makoto Shinkai
Director, Radwimps
Song Performance","Makoto Shinkai : Director, Radwimps : Song Performance"
High School Fleet, Haifuri,TV   ,12.0,Production IMS,Spring,"Action, Military, Military School, Ocean, School Life, Ship, Original Work",3.64,2016.0,,"""Akeno Misaki and Moeka China share one goal—to join the Blue Mermaids! A group of fierce women, the Blue Mermaids are key to keeping peace among the seas and coastal cities in this age of maritime trade. To be a part of this elite group of sea protectors, they must succeed at Yokosuka's Marine High School. Akeno and Moeka, together with their classmates, will take the plunge to become Mermaids!""",,"High School Fleet: Interval (Light Novel), High School Fleet: Loreley no Otome-tachi, High School Fleet","High School Fleet OVA, High School Fleet Movie","Akeno Misaki : Shiina Natsukawa, Mashiro Munetani : Lynn, Kouko Nosa : Yuuko Kurose, Maron Yanagiwara : Natsumi Takamori, Mei Irizaki : Atsumi Tanezaki, Minami Kaburagi : Kana Asumi, Moeka China : Sora Amamiya, Rin Shiretoko : Yurika Kubo, Yuu Nobuta
Director, Shigeo Komori
Music, Naoto Nakamura
Character Design, Koujirou Hayashi
Photography Director, Shinichirou Kashiwada
Producer, Tomoyuki Oowada
Producer, Jiyuu Ougi
Producer, Hiroaki Murakami
Producer","Yuu Nobuta : Director, Shigeo Komori : Music, Naoto Nakamura : Character Design, Koujirou Hayashi : Photography Director, Shinichirou Kashiwada : Producer, Tomoyuki Oowada : Producer, Jiyuu Ougi : Producer, Hiroaki Murakami : Producer"
Prince of Stride: Alternative,,TV   ,12.0,MADHOUSE,Winter,"Sports, Running, School Club, School Life, Based on an Otome Game, Based on a Visual Novel",3.64,2016.0,,"'Nana and her classmate, Takeru, are desperate to resurrect their school’s Stride Club—but will they be able to get the prickly Riku, who insists he hates Stride, to join the team?'",,"Prince of Stride: Up the Wind and Drive Your Emotions, Prince of Stride - Galaxy Rush",,"Nana Sakurai : Kana Hanazawa, Riku Yagami : Ryouhei Kimura, Takeru Fujiwara : Nobuhiko Okamoto, Ayumu Kadowaki : Hiro Shimono, Heath Hasekura : Daisuke Ono, Hozumi Kohinata : Kensho Ono, Kyousuke Kuga : Junichi Suwabe, Amatsu Ida : Tetsuya Kakihara, Atsuko Ishizuka
Director, Yoshiaki Fujisawa
Music, Masaki Hinata
Animation Director","Atsuko Ishizuka : Director, Yoshiaki Fujisawa : Music, Masaki Hinata : Animation Director"
Servamp,,TV   ,12.0,Brain's Base,Summer,"Action, Comedy, Josei, Master-Servant Relationship, School Life, Supernatural, Vampires, Based on a Manga, Violence",3.64,2016.0,,"""Mahiru Shirota dislikes difficult things, preferring to live a simple life. But after rescuing a cat he names Kuro, life takes a turn for the complex. Kuro turns out to be a “Servamp”—a servant vampire—named Sleepy Ash, and the two form a contract. Kissing his simple life goodbye, Mahiru is pulled into the world of vampires, the seven deadly Servamps, and war. Life couldn't be more complicated!""",Violence,Servamp,"Servamp Specials, Servamp: Hai ni Mamireta Shoukei - All the world's a stage, Servamp Movie: Alice in the Garden","Kuro : Yuuki Kaji, Mahiru Shirota : Takuma Terashima, Hugh The Dark Algernon Iii : Ayumu Murase, Lawless : Ryouhei Kimura, Licht Jekylland Todoroki : Nobunaga Shimazaki, Misono Arisuin : Hiro Shimono, Sakuya Watanuki : Yuuto Suzuki, Snow Lily : Kazuma Horie, Strike Tanaka
Original Creator, Shigeyuki Miya
Chief Director, Hideaki Nakano
Director, Kenji Kawai
Music, Junko Yamanaka
Character Design, Shinichirou Kajiura
Animation Director & Assistant Animation Director, Keishi Sakai
Key Animator","Strike Tanaka : Original Creator, Shigeyuki Miya : Chief Director, Hideaki Nakano : Director, Kenji Kawai : Music, Junko Yamanaka : Character Design, Shinichirou Kajiura : Animation Director & Assistant Animation Director, Keishi Sakai : Key Animator"
Ajin OVA, Ajin: Demi-Human OVA,OVA  ,3.0,POLYGON PICTURES,,"Horror, Seinen, Supernatural, Based on a Manga, Explicit Violence,, Mature Themes,, Suicide",3.64,2016.0,2017.0,"'OVA #1 - The Ajin Control Committee\'s most feared worst-case scenario: ""The Shinya Nakamura Incident.""'","Explicit Violence,, Mature Themes,, Suicide",Ajin,"Ajin Movie 1: Shoudou, Ajin: Demi-Human, Ajin: Demi-Human 2nd Season, Ajin Movie 2: Shoutotsu, Ajin Movie 3: Shougeki","Izumi Shimomura : Mikako Komatsu, Kouji Tanaka : Daisuke Hirakawa, Satou : Houchuu Ootsuka, Shinya Nakamura : Yuuki Kaji, Yuu Tosaki : Takahiro Sakurai, Kei Nagai : Mamoru Miyano, Kou Nakano : Jun Fukuyama, Terry Kemper, Gamon Sakurai
Original Creator, Tsuina Miura
Original Creator, Hiroyuki Seshita
Chief Director, Hiroaki Andou
Director, Yuuki Moriyama
Character Design, Koutarou Sudou
Producer, Yoshihiko Yamazaki
Producer","Gamon Sakurai : Original Creator, Tsuina Miura : Original Creator, Hiroyuki Seshita : Chief Director, Hiroaki Andou : Director, Yuuki Moriyama : Character Design, Koutarou Sudou : Producer, Yoshihiko Yamazaki : Producer"
Kai: Geoul Hosuui Jeonseo,,Movie,,Studio Dadashow,,"Adventure, Fantasy, Korean Animation, Based on a Novel",3.64,2016.0,,'No synopsis yet - check back soon!',,,,,
Rilu Rilu Fairilu: Yousei no Door,,TV   ,59.0,Studio DEEN,Winter,"Fantasy, Family Friendly, Magic, Sanrio Characters, Original Work",3.63,2016.0,2017.0,"'""Fairilu"" are fairies of flowers, insects, mermaids, or other entities that are born from ""Farilu Seeds."" All Fairilu are born with their own key, and they must search to find and open the door that fits only their key. Once the Fairilu pass through the doors, they mature. The doors are also related to the human world.'",,,"Rilu Rilu Fairilu: Mahou no Kagami, Oshiete Mahou no Pendulum: Rilu Rilu Fairilu","Himawari : Aya Uchida, Lip : Yumiri Hanamori, Rose : Aina Kusuda, Sumire : Rina Hidaka, Gol Fairilu, Kirara, Maji Fairilu, Yurara, Sakura Gojou
Director, Jinshichi Yamaguchi
Character Design","Sakura Gojou : Director, Jinshichi Yamaguchi : Character Design"
Cardfight!! Vanguard G: Next,,TV   ,52.0,OLM,Fall ,"Action, Fantasy, Card Battles, Family Friendly, Tournaments, Based on a Card Game",3.63,2016.0,2017.0,"'Following the conclusion of the previous Cardfight!! Vanguard G Stride Gate arc, members of Team TRY3, Chrono Shindou, Shion Kiba and Tokoha Anjou will be moving forward to their respective high schools. Each member will be forming their own team in a bid to decide their own future. The three protagonists are set to clash as rivals in the upcoming large-scale tournament titled U20 Championship.'",,"Cardfight!! Vanguard, Mini Vanguard, Another Vanguard: Seidou no Asuka","Cardfight!! Vanguard, Cardfight!! Vanguard: Asia Circuit, Cardfight!! Vanguard: Link Joker, Cardfight!! Vanguard: Legion Mate, Cardfight!! Vanguard G, Cardfight!! Vanguard G: GIRS Crisis, Cardfight!! Vanguard G: Stride Gate, Cardfight!! Vanguard G: Z","Chrono Shindou : Mark Ishii, Kazuma Shouji : Shougo Batori, Kazumi Onimaru : Masaya Matsukaze, Shion Kiba : Junya Enoki, Taiyou Asukawa : Houko Kuwashima, Tokoha Anjou : Aina Aiba, Anri Hayao : Kensuke Nishi, Jaime Alcaraz : Daisuke Kishio, Itsurou Kawasaki
Director, Shigeru Yamamoto
Music, Kazushi Miyakoda
Music, Satoru Isono
Character Design, Naohiko Furuichi
Producer, Nobuyuki Hosoya
Producer, Hayato Saga
Producer, Yoshinori Takeeda
Producer","Itsurou Kawasaki : Director, Shigeru Yamamoto : Music, Kazushi Miyakoda : Music, Satoru Isono : Character Design, Naohiko Furuichi : Producer, Nobuyuki Hosoya : Producer, Hayato Saga : Producer, Yoshinori Takeeda : Producer"
Pretty Cure All Stars: Minna de Utau♪ Kiseki no Mahou!,,Movie,,Toei Animation,,"Fantasy, Magical Girl, Crossover, Henshin Heroes, Magic",3.63,2016.0,,'No synopsis yet - check back soon!',,,"Pretty Cure, Pretty Cure Max Heart, Pretty Cure Splash Star, Yes! Pretty Cure 5, Yes! Pretty Cure 5 GoGo!, Fresh Pretty Cure!, Heartcatch Pretty Cure!, Suite Pretty Cure♪, Smile Pretty Cure!, Dokidoki! Pretty Cure, Happiness Charge Pretty Cure!, Go! Princess Pretty Cure, Mahou Tsukai Pretty Cure!",,
Cardfight!! Vanguard G: Stride Gate, Cardfight!! Vanguard G: Stride Gate-hen,TV   ,24.0,Double Eagle,Spring,"Action, Fantasy, Card Battles, Family Friendly, Tournaments, Based on a Card Game",3.63,2016.0,,"'Team TRY3: Chrono, Shion, and Tokoha, managed to win the championship of Generation Quest. In the mean time, however, Ryuzu Myoujin has a secret plan: summoning Zodiac Time Beasts of Gear Chronicle clan to Earth. Chrono and kouji want to stop Ryuzu, but they are confronted by a mysterious group of cardfighters known as ""Company"" who share Ryuzu\'s ideology.'",,"Cardfight!! Vanguard, Mini Vanguard, Another Vanguard: Seidou no Asuka","Cardfight!! Vanguard, Cardfight!! Vanguard: Asia Circuit, Cardfight!! Vanguard: Link Joker, Cardfight!! Vanguard: Legion Mate, Cardfight!! Vanguard G, Cardfight!! Vanguard G: GIRS Crisis, Cardfight!! Vanguard G: Next, Cardfight!! Vanguard G: Z","Chrono Shindou : Mark Ishii, Shion Kiba : Junya Enoki, Tokoha Anjou : Emi Nitta, Am Chouno : Aimi, Hiroki Moriyama : Sachiko Kojima, Jaime Alcaraz : Daisuke Kishio, Kouji Ibuki : Mamoru Miyano, Luna Yumizuki : Haruka Kudou, Yui Umemoto
Director, Mamoru Mori
Music, Mari Tominaga
Character Design, Nobuyuki Hosoya
Producer","Yui Umemoto : Director, Mamoru Mori : Music, Mari Tominaga : Character Design, Nobuyuki Hosoya : Producer"
Reikenzan: Hoshikuzu-tachi no Utage,,TV   ,12.0,Studio DEEN,Winter,"Adventure, Comedy, Fantasy, Ancient China, Cultivation, Overpowered Main Characters, Xianxia, Based on a Novel",3.63,2016.0,,"'A comet falling will bring about a great calamity, and in order to choose a child fated by the falling comet, the family of the ""Reiken"" clan with a long storied history is once again resuming its entrance examination process to find disciples. The protagonist Lu Wang, who possesses a special soul that is only available once in a thousand years, decides to take the exam, and he starts down the path toward becoming an exceptional sage.'",,"Once Upon A Time, There Was A Spirit Sword Mountain (Novel), Reikenzan",Reikenzan: Eichi e no Shikaku,"Oubu : Yuriko Yamaguchi, Ouriku : Tsubasa Yonaga, Aya, Bunhou, Bun In : Nako Eguchi, En : Kenta Tanaka, Gaku Keiyou, Gaku Un, Li Haoling
Director, Iku Suzuki
Director, Ryou Kawasaki
Music, Makoto Iino
Character Design","Li Haoling : Director, Iku Suzuki : Director, Ryou Kawasaki : Music, Makoto Iino : Character Design"
Brotherhood: Final Fantasy XV,,Web  ,5.0,A-1 Pictures,Spring,"Action, Adventure, Fantasy, Magic, Short Episodes, Based on a Video Game",3.62,2016.0,,"'BROTHERHOOD delves into the extraordinary friendships between Crown Prince Noctis and his three comrades, setting the stage for the adventure players will set out upon in the action-packed RPG.'",,"Final Fantasy: Crystal Chronicles - Super Comic Gekijou, Final Fantasy XII, Final Fantasy Type-0, Final Fantasy VII: On the Way to a Smile (Light Novel), Final Fantasy VII: Lateral Biography Turks (Light Novel), Final Fantasy Type-0 Side Story - The Ice Reaper, Final Fantasy: Lost Stranger, Final Fantasy XV: The Dawn Of The Future (Light Novel)","Final Fantasy: Legend of the Crystals, Final Fantasy: The Spirits Within, Final Fantasy: Unlimited, Final Fantasy VII: Advent Children, Final Fantasy VII: Advent Children - Venice Film Festival Footage, Final Fantasy VII: Last Order, Final Fantasy VII: On the Way to a Smile, Episode: Denzel, Kingsglaive: Final Fantasy XV, Final Fantasy XV: Episode Ardyn - Prologue","Gladiolus Amicitia : Kenta Miyake, Ignis Scientia : Mamoru Miyano, Noctis Lucis Caelum : Tatsuhisa Suzuki, Prompto Argentum : Tetsuya Kakihara, Gentiana : Sayaka Kinoshita, Iris Amicitia : Megumi Han, Lunafrena Nox Fleuret : Rina Kitagawa, Marilith : Makoto Koichi, Souichi Masui
Director, Susumu Akizuki
Music, Yasuhisa Inoue
Music, Shinichi Kurita
Character Design, Kazuko Nakashima
Color Design, Kazuki Adachi
Producer, Akio Ofuji
Producer","Souichi Masui : Director, Susumu Akizuki : Music, Yasuhisa Inoue : Music, Shinichi Kurita : Character Design, Kazuko Nakashima : Color Design, Kazuki Adachi : Producer, Akio Ofuji : Producer"
Mahou Tsukai Pretty Cure!, Witchy Pretty Cure!,TV   ,50.0,Toei Animation,Winter,"Action, Magical Girl, Family Friendly, Henshin Heroes, Magic, Magic School, Monster-of-the-week, School Life, Sentai, Superheroes, Tokusatsu",3.62,2016.0,2017.0,"'Mirai Asahina, a 13-year-old girl who\'s going into her second year of middle school, witnesses a mysterious object fall in to the park. Excitedly, she brings her stuffed bear Mofurun with her to see what it was. When she gets there she sees a girl named Riko flying on a broom. Mirai has a lot of questions, and Riko explains that she\'s searching for something. The two of them are wearing similar pendants. Then Batti, an ally of the dark magic user Dokurokushi, appears before them and demands the ""Link Stone Emerald."" Batti creates a monster called a ""Yokobaru"" and drives them into a corner. Mirai, Riko, and Mofurun join hands and speak the magic words ""Cure-Up Rapapa,"" their pendants glow, and they become the legendary Pretty Cure.'",,"Futari wa Precure, Futari wa Pretty Cure: Splash Star, Eiga: Futari wa Pretty Cure Splash Star - Chikutaku Kiki Ippatsu!, Mahou Tsukai Precure!, Kirakira Precure à la Mode","Pretty Cure All Stars: Minna de Utau♪ Kiseki no Mahou!, Mahou Tsukai Pretty Cure! Movie: Kiseki no Henshin! Cure Mofurun!, Pretty Cure Movie: Dream Star!, Pretty Cure Movie: Super Stars!, Hugtto! Pretty Cure x Futari wa Pretty Cure Movie: All Stars Memories","Ha-Chan : Saori Hayami, Mirai Asahina : Rie Takahashi, Riko Izayoi : Yui Horie, Batty : Kouji Yusa, Mofurun : Ayaka Saitou, Yamou : Yasuhiro Takato, Benigio : Kikuko Inoue, Cathy : Satomi Arai, Masato Mitsuka
Director, Emiko Miyamoto
Character Design, Risa Endou
Producer, Mikio Uetsuki
Producer, Keisuke Naitou
Producer","Masato Mitsuka : Director, Emiko Miyamoto : Character Design, Risa Endou : Producer, Mikio Uetsuki : Producer, Keisuke Naitou : Producer"
Amanchu!,,TV   ,12.0,J.C.Staff,Summer,"Shounen, Slice of Life, Countryside, Iyashikei, Ocean, School Club, School Life, Scuba Diving, Based on a Manga",3.62,2016.0,,"""It is spring, the season of great changes. Hikari Kohinata is an overwhelmingly cheerful and outgoing 15-year-old girl who has spent all her life in a small and beautiful seaside town on the Izu peninsula. On the first day of high school, she meets Futaba Oki, a slightly introverted girl who has just moved from Tokyo. Before she knows it, Futaba gets dragged along into Hikari's passion for scuba diving. And from there, Futaba gradually starts to come out of her shell, and learns how to take challenges and dive into the ocean of life.""",,Amanchu!,"Amanchu! Upyopyo Dive Tsukkome! Umi no Sekai!, Amanchu! The Story of the Promised Summer and New Memories, Amanchu! Advance","Futaba Ooki : Ai Kayano, Hikari Kohinata : Eri Suzuki, Ai Ninomiya : Saori Oonishi, Aria : Yurika Kubo, Kino Kohinata : Kikuko Inoue, Makoto Ninomiya : Yuuichirou Umehara, Mato Katori : Shizuka Itou, Akane Mizunashi : Erino Hazuki, Kozue Amano
Original Creator, Junichi Satou
Director, Kenichi Kasai
Director, Gontiti
Music, Yoko Ito
Character Design, Asuka Yamazaki
Producer, Shousei Itou
Producer, Hirotaka Kaneko
Producer","Kozue Amano : Original Creator, Junichi Satou : Director, Kenichi Kasai : Director, Gontiti : Music, Yoko Ito : Character Design, Asuka Yamazaki : Producer, Shousei Itou : Producer, Hirotaka Kaneko : Producer"
Selector Destructed WIXOSS,,Movie,,J.C.Staff,,"Card Battles, Psychological, Recap, Supernatural, Based on a Card Game",3.62,2016.0,,"'A summary of the events which happened in Selector Infected WIXOSS and Selector Spread WIXOSS, with additional background story of Ulith and conclusion to the last episode of Selector Spread WIXOSS.'",,"Selector Infected WIXOSS: Re/verse, Selector Infected WIXOSS: Peeping Analyze, Selector Infected WIXOSS: Mayu no Oheya, Selector Stirred Wixoss","Selector Infected WIXOSS, Selector Infected WIXOSS Specials, Selector Spread WIXOSS, Lostorage Incited WIXOSS, Lostorage Conflated WIXOSS: Missing Link, Lostorage Conflated WIXOSS","Akira Aoi, Hitoe Uemura, Ruuko Kominato, Tama, Yuzuki Kurebayashi, Ayumu Kominato, Milulun, Takuya Satou
Director, Maiko Iuchi
Music, Kyuuta Sakai
Character Design, Yoshikazu Iwanami
Sound Director","Takuya Satou : Director, Maiko Iuchi : Music, Kyuuta Sakai : Character Design, Yoshikazu Iwanami : Sound Director"
Nanocore 2nd Season, Nami Hexin: Jueze Pian,Web  ,10.0,Coastline Animation Studio,,"Sci Fi, Chinese Animation, CG Animation",3.62,2016.0,,'Second season of Nanocore.',,,"Nanocore, Nanocore 2016 Xinnian Tebie Ban, Nanocore 3rd Season","Bing Suixin, Greada Atlantis, Heyar Adas, Lou Zu, Miya Fentis, Nova Fentis, Ray Adas, Torris Lage",
Wu Shan Wu Xing (2016), Fog Hill of Five Elements (2016),Web  ,1.0,Liudao Wuyu Animation Studio,,"Adventure, Fantasy, Chinese Animation, Shorts",3.62,2016.0,,'No synopsis yet - check back soon!',,,Wu Shan Wu Xing,"Lin Hun
Director",Lin Hun : Director
Youkai Watch Movie 3: Sora Tobu Kujira to Double no Sekai no Daibouken da Nyan!,,Movie,,OLM,,"Family Friendly, Japanese Mythology, Supernatural, Youkai, Based on a Video Game, CG Animation",3.62,2016.0,,"""The film's story is set in both an anime and a live-action world, and will contain live-action scenes in addition to the anime scenes.\xa0A new Yo-kai named Koala-nyan will be key to the plot of the double worlds.""",,"Youkai Watch, Youkai Watch: Wakuwaku Nyanderful Days, 4-koma Youkai Watch: Geragera Manga Gekijou, Youkai Watch Busters, Youkai Watch Movie Shadow Side: Revival Of The Demon Lord","Youkai Watch, Youkai Watch Movie 1: Tanjou no Himitsu da Nyan!, Youkai Watch Movie 2: Enma Daiou to Itsutsu no Monogatari Da Nyan!, Youkai Watch Movie 4: Shadowside - Oni-ou no Fukkatsu, Youkai Watch: Shadow Side, Youkai Watch Movie 5: Forever Friends, Youkai Watch!","Shinji Ushiro
Director, Shinsuke Terasawa
Character Design","Shinji Ushiro : Director, Shinsuke Terasawa : Character Design"
Cheer Boys!! Specials, Cheer Danshi!! Specials,DVD S,,Brain's Base,,"Sports, School Club, School Life, Based on a Novel",3.61,2016.0,,'No synopsis yet - check back soon!',,Cheer Danshi!! GO BREAKERS,"Cheer Boys!!, Cheer Boys!! The View We Seven Shared",,
Chieri and Cherry, Chieri to Cherry,Movie,,,,"Adventure, Fantasy, Shoujo, Stop Motion Animation, Original Work",3.61,2016.0,,"""Chieri is a 6th grade elementary school girl. Her father died when she was little, so she lives with just her mother. The only friend of Chieri had been a stuffed doll Cherry which she found on a storehouse at the time of her father's funeral. In Chieri's world of fantasy, Cherry had talked and played with, and adviced and protected her in place of her father. Chieri visits her grandmother’s house for a first time in a while to attend her father's remembrance ceremony. There, she finds a stray dog being about to give birth to puppies. But a crow and strange monster come trying to get the pups. Can Chieri and Cherry save their lives?""",,,,"Cherry : Gen Hoshino, Chieri : Natsumi Takamori, Chief Priest : Mikio Date, Daikoku-Sama : Takeshi Tomizawa, Dog : Sayaka Hanamura, Emi : Uki Satake, Keiko : Saya Kazuki, Lady Emerald : Atsuko Tanaka, Makoto Nakamura
Director, Kow Otani
Music","Makoto Nakamura : Director, Kow Otani : Music"
Hua Jianghu Zhi Buliang Ren II,,Web  ,40.0,Beijing Rocen,,"Action, Ancient China, Chinese Animation, Martial Arts, Wuxia, CG Animation, Original Work",3.6,2016.0,2017.0,'The second season of Hua Jianghu Zhi Buliang Ren.',,,"Hua Jianghu Zhi Buliang Ren, Hua Jianghu Zhi Buliang Ren III","Ji Ru Xue, Li Xing Yun, Lu Lin Xuan, Zhang Zi Fan",
Joker Game,,TV   ,12.0,Production I.G,Spring,"Mystery, Espionage, Historical, Military, Mind Games, War, World War 2, Based on a Novel",3.6,2016.0,,"'In autumn of 1937, as the coals of World War II are beginning to smolder, Lt. Col. Yuuki of the Imperial Army secretly establishes a spy training organization called the ""D Agency."" Those chosen as members of the agency, in opposition to the national trend toward reverence of native-born soldiers in the army, are civilian university graduates who pass the superhuman selection test with flying colors. Under the resourceful Lieutenant Colonel Yuuki, they learn not only how to work with gunpowder, wireless communications, vehicles, and airplanes, but also various skills essential for spies...'",,"D no Maou, Joker Game (Light Novel), Joker Game: The Animation",Joker Game: Kuroneko Yoru no Bouken,"Aaron Price : Mitsuru Miyamoto, Amari : Toshiyuki Morikawa, Eiji Honma : Hiroshi Tsuchida, Hatano : Yuuki Kaji, Hermann Wolf : Banjou Ginga, Jitsui : Jun Fukuyama, Kaminaga : Ryouhei Kimura, Kazato Akimasa : Takaya Kuroda, Kazuya Nomura
Director, Kenji Kawai
Music, Toshiyuki Yahagi
Character Design, Yoshikazu Iwanami
Sound Director, Sachi Kawamoto
Producer, Noritomo Isogai
Producer, Natsumi Mori
Producer, Kazuo Oonuki
Producer","Kazuya Nomura : Director, Kenji Kawai : Music, Toshiyuki Yahagi : Character Design, Yoshikazu Iwanami : Sound Director, Sachi Kawamoto : Producer, Noritomo Isogai : Producer, Natsumi Mori : Producer, Kazuo Oonuki : Producer"
Tokyo One Piece Tower: Tongari Shima no Dai Hihou,,Other,,,,"Action, Adventure, Shounen, Pirates, Superpowers, Based on a Manga",3.6,2016.0,,'No synopsis yet - check back soon!',,One Piece,,"Brook, Franky, Monkey D. Luffy, Nami, Robin Nico, Sanji, Tony Tony Chopper, Usopp, Eiichiro Oda
Original Creator",Eiichiro Oda : Original Creator
Chain Chronicle: The Light of Haecceitas - Movie 1, Chain Chronicle: Haecceitas no Hikari - Movie 1,Movie,,Graphinica,,"Action, Fantasy, RPG, Based on a Mobile Game",3.6,2016.0,,"'This is the story of the Chain Chronicle, a book that describes everything that happens in the world. The citizens of the remote continent of Yggd once thought that there was nothing beyond their continent. The continent was divided into several regions, each with its own king. Though there were small skirmishes amongst them, a lord, chosen by the kings in conference, always maintained balance, until the evil Black Army arrived. The Volunteer Army, led by Yuri, was no match for the Black Army. During the fighting, the Lord of Black captures half of the Chain Chronicle, as well as the capital.'",,Chain Chronicle Crimson,"Chain Chronicle: Short Animation, Chain Chronicle: The Light of Haecceitas, Chain Chronicle: The Light of Haecceitas - Movie 2, Chain Chronicle: The Light of Haecceitas - Movie 3","Aram : Daiki Yamashita, Yuuki : Akira Ishida, Bruckhardt : Yoshihisa Kawahara, Cain : Toshiyuki Toyonaga, Juliana : Kotori Koiwai, Phoena : Ayane Sakura, Aludra : Yuka Terasaki, Aries : Shinya Hamazoe, Masashi Kudou
Director & Character Design, Touko Machida
Series Composition, Takeo Ogiwara
Photography Director","Masashi Kudou : Director & Character Design, Touko Machida : Series Composition, Takeo Ogiwara : Photography Director"
Nu Sheng Su She Ri Chang,,TV   ,12.0,,,"Comedy, Slice of Life, Chinese Animation",3.59,2016.0,2017.0,'No synopsis yet - check back soon!',,,Nu Sheng Su She Ri Chang Di 2 Ji,,
The Moment You Fall in Love, Sukininaru sono shunkan wo.,Movie,,Qualia Animation,,"Drama, Romance, Based on a Song, Love Confession, School Life, Vocaloid",3.59,2016.0,,"""Their initial encounter couldn't have been more disastrous, and yet before she knows it, Hina finds her heart pounding. Drawn to Koyuki, a former upperclassman at her middle school, Hina makes up her mind to go to the same high school. Along with her childhood friend, Kotaro, she enrolls at Sakuragaoka High School. Will Hina be able to confess her love to her beloved senpai?""",,Kokuhaku Yokou Renshuu Series (Light Novel),"HoneyWorks: Ima Suki ni Naru, I've Always Liked You, HoneyWorks: Daikirai na Hazu Datta","Hina Setoguchi : Momo Asakura, Koutarou Enomoto : Natsuki Hanae, Koyuki Ayase : Tsubasa Yonaga, Natsuki Enomoto : Haruka Tomatsu, Yuu Setoguchi : Hiroshi Kamiya, Akari Hayasaka : Kana Asumi, Arisa Takamizawa : Nao Touyama, Haruki Serizawa : Kenichi Suzumura, Tetsuya Yanagisawa
Director, Maki Fujii
Character Design, Shunsuke Saitou
Producer","Tetsuya Yanagisawa : Director, Maki Fujii : Character Design, Shunsuke Saitou : Producer"
Macross Delta,,TV   ,26.0,SATELIGHT,Spring,"Action, Mecha, Sci Fi, Aliens, Idols, Love Triangle, Music, Outer Space, Pandemic, Real Robot, Transforming Mecha, War, Original Work",3.59,2016.0,,"'Set in the year 2067, Walküre, a team of talented idols and the Delta Squadron, a team of experienced Valkyrie battle against the Var Syndrome, a mysterious phenomena that is consuming the galaxy and there is also the mysterious Aerial Knights Valkyrie fighter team of the Kingdom of Wind.'",,"Super Dimensional Fortress Macross II, Macross Frontier: Hold Me Tight to the End of the Galaxy, Super Dimensional Fortress Macross the First, Macross Delta Gaiden: Macross E, Macross Delta, Macross Delta: Kuroki Tsubasa no Shiro Kishi, Macross Delta: Ginga wo Michibiku Utahime","Macross Frontier, Macross Delta Specials, Macross Delta Movie: Gekijou no Walkure, Macross Delta Movie 2: Zettai Live!!!!!!","Freyja Wion : Minori Suzuki, Hayate Immelman : Yuuma Uchida, Mirage Farina Jenius : Asami Seto, Arad Moelders : Toshiyuki Morikawa, Bogue Con-Vaart : Kenn, Chuck Mustang : Shinji Kawada, Heinz Nehrich Windermere : Yuka Terasaki, Herman Claus : Daichi Endou, Shouji Kawamori
Chief Director & Mechanical Design & Original Creator, Studio Nue
Original Creator, Kenji Yasuda
Director, Mina Kubota
Music, Saeko Suzuki
Music, Tomisiro
Music, Majiro
Character Design, Masaru Shindou
Character Design","Shouji Kawamori : Chief Director & Mechanical Design & Original Creator, Studio Nue : Original Creator, Kenji Yasuda : Director, Mina Kubota : Music, Saeko Suzuki : Music, Tomisiro : Music, Majiro : Character Design, Masaru Shindou : Character Design"
Shimajirou to Ehon no Kuni,,Movie,,The Answer Studio,,"Adventure, Fantasy, Animal Protagonists, Anthropomorphic, Family Friendly, Non-Human Protagonists",3.59,2016.0,,'No synopsis yet - check back soon!',,,"Shima Shima Tora no Shimajirou, Hakken Taiken Daisuki! Shimajirou, Shimajirou Hesoka, Shimajirou no Wow!, Shimajirou to Tanjoubi no Ohoshi-sama, Shimajirou to Fufu no Daibouken Movie: Sukue! Nana-iro no Hana, Shimajirou to Kujira no Uta, Shimajirou to Ookinaki, Shimajirou to Otsuki-sama no Himitsu, Shimajirou to Niji no Oasis, Shimajirou: Mahou no Shima no Daibouken, Shimajirou to Nagareboshi no Negaigoto, Shimajirou to Ururu no Hero Land",Shimajirou Shimano : Omi Minami,
Koi ni Naritai Aquarium, Love Live! Sunshine!! Koi ni Naritai Aquarium,Music,,,,Idols,3.59,2016.0,,"'While visiting an aquarium, teen idol group\xa0Aqours preform their single ""Koi ni Naritai Aquarium"", a song about young love at an aquarium.'",,Love Live! Sunshine!! Maru no Yon Koma,Mitaiken Horizon,"Chika Takami : Anju Inami, Dia Kurosawa : Arisa Komiya, Hanamaru Kunikida : Kanako Takatsuki, Kanan Matsuura : Nanaka Suwa, Mari Ohara : Aina Suzuki, Riko Sakurauchi : Rikako Aida, Ruby Kurosawa : Ai Furihata, Yoshiko Tsushima : Aika Kobayashi",
Flowering Heart,,TV   ,26.0,Bridge,,"Fantasy, Magical Girl, Henshin Heroes, Korean Animation, Magic, Original Work",3.58,2016.0,,"'Ari is a cute 12-year old elementary school student who likes to dress up and look good. The most important thing to Ari is the Problem Solving Club. With brainy Soo-ha and athletic Min, she creates the Problem Solving Club in order to “help people in need as an after-school activity!” Then one day, Ari gets a magical power that allows transformation. By helping people in trouble she successfully collects Hopeful Energy. Meanwhile, the transmission of Hopeful Energy into the World of Magic throws a wrench into Queen Canaby’s plan to dominate the World of Magic with Hopeless Energy. Will Ari and her friends be able to use Hopeful Energy from the human world to restore the World of Magic’s Light of Happiness?'",,,Flowering Heart 2,"Ari Jin : Nancy Kim, Min Sunwoo : Dami Lee, Suha Choi : Jacqueline Youn, Canaby : Samantha Moon, Chess : Mike Yantzi, Mao : Samantha Moon, Shuel : Anna Paik, Trump : Matt Anipen, Shinji Ishihira
Director",Shinji Ishihira : Director
"The [email protected]: Cinderella Girls Special: Anytime, Anywhere with Cinderella",,DVD S,,A-1 Pictures,,"Idols, Music, Based on a Mobile Game",3.58,2016.0,,'No synopsis yet - check back soon!',,"THE [email protected] Comic Anthology, The [email protected], The [email protected]: Cinderella Girls - Ensemble!, THE [email protected]: Cinderella Girls - New Generations, THE [email protected]: Cinderella Girls Theater, The [email protected]: Cinderella Girls Comic Anthology - cute, The [email protected]: Cinderella Girls Comic Anthology - passion, The [email protected]: Cinderella Girls - Honjitsu no Idol-san, The [email protected]: Cinderella Girls - Rockin' Girl, The [email protected] Cinderella Girls Shuffle!!, Jupiter: THE [email protected], The [email protected]: Million Live! Back Stage, The [email protected]: Million Live!, The [email protected]: Million Live! Comic Anthology, The [email protected] SideM: Dramatic Stage, The [email protected]: Cinderella Girls - Wild Wind Girl, The [email protected]: Cinderella Girls - U149, The [email protected] Million Live!: Blooming Clover, The [email protected]: Cinderella Girls Comic Anthology - Bright Stars!!","The [email protected], The [email protected]: Shiny Festa, Puchimas! Wakku Waku!!, The [email protected]: 765 Pro to Iu Monogatari, Puchimas! Petit [email protected], Puchimas! Petit [email protected] - Takatsuki Gold Densetsu Special!! Harukasan Matsuri, Puchimas! Petit [email protected] OVA, The [email protected]: Onegai Cinderella, Puchimas! Petit Petit [email protected], The [email protected] Movie: Kagayaki no Mukougawa e!, The [email protected]: Cinderella Girls: Special Program, The [email protected]: Cinderella Girls, The [email protected]: Cinderella Girls Second Series, The [email protected]: Cinderella Girls Theater Specials, The [email protected]: Cinderella Girls Theater, The [email protected]: Cinderella Girls Theater (Web), The [email protected]: Cinderella Girls Theater 2nd Season, The [email protected]: Cinderella Girls Theater 2nd Season (Web), The [email protected]: Cinderella Girls Theater 3rd Season, The [email protected]: Cinderella Girls Theater 3rd Season (Web)","Anastasia : Sumire Uesaka, Uzuki Shimamura : Ayaka Oohashi",
Pokemon Sun & Moon,,TV   ,146.0,OLM,Fall ,"Fantasy, Shounen, Elemental Powers, Family Friendly, Monsters, Proxy Battles, School Life, Based on a Video Game",3.58,2016.0,2019.0,"'What starts as a summer vacation in the tropical Alola region turns into the next exciting chapter in Ash Ketchum’s quest to become a Pokémon Master! There’s plenty for Ash and Pikachu to explore in this sunny new region, with exciting new Pokémon to discover and interesting people to learn from along the way—including the cool Professor Kukui and the fun-loving Samson Oak. More new faces will help guide Ash’s Alolan adventure, in the form of a group of skilled Trainers—Kiawe, Lana, Mallow, and Sophocles—and a mysterious research assistant called Lillie. Frequent foes Team Rocket have also made the trip to Alola, looking to swipe some high-powered new Pokémon. But they have some heavy competition on the villainy front: the ruffians of Team Skull, who delight in causing chaos and may have more sinister intentions…'",,"Pokemon Horizon: Sun & Moon, Pokémon: Sun & Moon, Pokémon the Movie: Secrets of the Jungle - Another Beginning","Pokemon, Pokemon Advanced, Pokemon: Diamond & Pearl, Pokemon: Black & White, Pokemon: Black & White - Rival Destinies, Pokemon: Black & White: Adventures in Unova, Pokemon: Black & White: Adventures in Unova and Beyond, Pokemon XY, Pokemon XY&Z, Pokemon Sun & Moon Planetarium, Pokemon Journeys","Ash Ketchum : Rica Matsumoto, Ash'S Pikachu : Ikue Ootani, Kiawe : Kaito Ishikawa, Lana : Hitomi Kikuchi, Lillie : Kei Shindou, Mallow : Reina Ueda, Professor Kukui : Chika Fujimura, Rotom Dex : Daisuke Namikawa, Kunihiko Yuyama
Chief Director, Daiki Tomiyasu
Director, Shinji Miyazaki
Music, Shuuhei Yasuda
Character Design, Kazuki Kawagoe
Episode Director & Storyboard, Yoshimichi Kameda
Key Animator","Kunihiko Yuyama : Chief Director, Daiki Tomiyasu : Director, Shinji Miyazaki : Music, Shuuhei Yasuda : Character Design, Kazuki Kawagoe : Episode Director & Storyboard, Yoshimichi Kameda : Key Animator"
King of Prism by Pretty Rhythm Short Anime,,DVD S,,,,,3.58,2016.0,,'No synopsis yet - check back soon!',,,"King of Prism by Pretty Rhythm, King of Prism: Shiny Seven Stars I - Prologue x Yukinojou x Taiga",,
Rainbow Days: After School Special, Nijiiro Days: Houkago Special,TV Sp,,Ashi Productions,,"Comedy, Romance, Shoujo, Slice of Life, Recap, Romantic Comedy, School Life, Based on a Manga",3.58,2016.0,,"'A recap episode, covering episodes 1-12 of Rainbow Days.'",,"Rainbow Days, Nijikuro Gakuen no Nijichou","Rainbow Days, Rainbow Days OVA","Keiichi Katakura, Natsuki Hashiba, Tomoya Matsunaga, Tsuyoshi Naoe",
Moom,,Movie,,Marza Animation Planet,,"Fantasy, Family Friendly, Non-Human Protagonists, Shorts, Based on a Picture Book, CG Animation",3.58,2016.0,,"'Every forgotten object has a memory with its previous owner still attached. This is a story of Moom, one of those memories stuck in this world. One day, Moom meets another memory just like him.'",,,Moom: Hajimari no Monogatari,"Moom, Genki Kawamura
Original Creator, Yuuki Mashiko
Original Creator, Daisuke Tsutsumi
Director, Robert Kondo
Director, Tomohiko Ishii
Producer","Genki Kawamura : Original Creator, Yuuki Mashiko : Original Creator, Daisuke Tsutsumi : Director, Robert Kondo : Director, Tomohiko Ishii : Producer"
STARMYU OVA,,OVA  ,2.0,C-Station,,"Music, Music School, School Life, Original Work",3.58,2016.0,,"'After the students of Ayana Academy finish the school festival, they must face the new year. On the day the current Kao Kai members end their final duties and leave Kao, every team holds a performance during the graduation ceremony to offer their thanks.'",,"Star-Myu: Musical Star Academy, Star-Myu: Stardust's Dreams","STARMYU, STARMYU 2, STARMYU in Halloween, STARMYU 3","Kaito Tsukigami : Arthur Lounsbery, Kakeru Tengenji : Yoshimasa Hosoya, Shuu Kuga : Tomoaki Maeno, Tooru Nayuki : Kensho Ono, Yuuta Hoshitani : Natsuki Hanae, Akira Ugawa : Yoshitsugu Matsuoka, Eigo Sawatari : Yuuma Uchida, Itsuki Ootori : Junichi Suwabe, Shunsuke Tada
Director, Ken Arai
Music, Asami Watanabe
Character Design","Shunsuke Tada : Director, Ken Arai : Music, Asami Watanabe : Character Design"
Crayon Shin-chan Movie 24: Bakusui! Yumemi World Dai Totsugeki,,Movie,,Shin-Ei Animation,,"Adventure, Comedy, Crude, Dream World",3.58,2016.0,,'The film will take place in the world of dreams.',,"Crayon Shin-chan, Shin Crayon Shin-chan, Crayon Shin-chan Shin-Men, Crayon Shin-chan: Gachinko! Gyakushuu no Robot-chan","Crayon Shin-chan, Crayon Shin-chan Movie 1: Action Kamen vs Haigure Maou, Crayon Shin-chan Movie 2: Buriburi Oukoku no Hihou, Crayon Shin-chan Movie 3: Unkokusai no Yabou, Crayon Shin-chan Movie 4: Henderland no Daibouken, Crayon Shin-chan Movie 5: Ankoku Tamatama Daitsuiseki, Crayon Shin-chan Movie 6: Dengeki! Buta no Hizume Daisakusen, Crayon Shin-chan Movie 7: Bakuhatsu! Onsen Wakuwaku Daikessen, Crayon Shin-chan Movie 8: Arashi wo Yobu Jungle, Crayon Shin-chan Movie 9: The Adult Empire Strikes Back, Crayon Shin-chan Movie 10: Arashi wo Yobu Appare! Sengoku Daikassen, Crayon Shin-chan Movie 11: Arashi wo Yobu Eikou no Yakiniku Road, Crayon Shin-chan Movie 12: Arashi wo Yobu! Yuuhi no Kasukabe Boys, Crayon Shin-chan Movie 13: Densetsu wo Yobu Buriburi 3 Pun Dai Shingeki, Crayon Shin-chan Movie 14: Densetsu wo Yobu Odore! Amigo!, Crayon Shin-chan Movie 15: Arashi wo Yobu Utau Ketsu dake Bakudan!, Crayon Shin-chan Movie 16: Chou Arashi wo Yobu Kinpoko no Yuusha, Crayon Shin-chan Movie 17: Otakebe! Kasukabe Yasei Oukoku, Crayon Shin-chan Movie 18: Chou Jikuu! Arashi wo Yobu Ora no Hanayome, Crayon Shin-chan Movie 19: Arashi wo Yobu Ougon no Spy Daisakusen, Crayon Shin-chan Movie 20: Arashi o Yobu! Ora to Uchuu no Princess, Crayon Shin-chan Movie 21: Bakauma! B-Kyuu Gourmet Survival Battle!!, Crayon Shin-chan Movie 22: Gachinko! Gyakushuu no Robo To-chan, Crayon Shin-chan Movie 23: Ora no Hikkoshi Monogatari - Saboten Dai Shuugeki, Crayon Shin-chan Movie 25: Shurai! Uchujin Shiriri, Crayon Shin-chan Movie 26: Bakumori! Kung-Fu Boys - Ramen Tairan, Crayon Shin-chan Movie 27: Shinkon Ryokou Hurricane - Ushinawareta Hiroshi, Crayon Shin-chan Movie 28: Gekitotsu! Rakuga Kingdom to Hobo Yonin no Yuusha, Crayon Shin-chan Movie 29: Nazo Meki! Hana no Tenkasu Gakuen","Shinnosuke Nohara : Laura Torres, Yoshito Usui
Original Creator, Wataru Takahashi
Director, Rika Tsuruzaki
Producer","Yoshito Usui : Original Creator, Wataru Takahashi : Director, Rika Tsuruzaki : Producer"
Black Clover: Jump Festa 2016 Special,,Other,,I.Gzwei,,"Action, Adventure, Fantasy, Shounen, Magic, Based on a Manga",3.57,2016.0,,"""Aster is a young boy who dreams of becoming the greatest mage in the kingdom. Only one problem–he can't use any magic! Luckily for Aster, he receives the incredibly rare five-leaf clover grimoire that gives him the power of anti-magic. Can someone who can't use magic really become the Wizard King? One thing's for sure–Aster will never give up!""",,Black Clover,"Black Clover, Black Clover: The All Magic Knights Thanksgiving Festa","Asta : Shun Horie, Yuno : Mikako Komatsu, Aruru : Nozomi Yamamoto, Charlotte Roselei, Dorothy Unsworth, Drouot : Takayuki Miyamoto, Fuegoreon Vermillion, Gueldre Poizot, Yuuki Tabata
Original Creator, Takashi Noto
Director, Noboru Jitsuhara
Character Design","Yuuki Tabata : Original Creator, Takashi Noto : Director, Noboru Jitsuhara : Character Design"
Gan Gan Ganko-chan,,TV   ,10.0,10GAUGE,Winter,"Fantasy, Slice of Life, Animal Protagonists, Anthropomorphic, Dinosaurs, Family Friendly, Forest, Lifestyle Change, Non-Human Protagonists, Short Episodes, Time Travel",3.57,2016.0,2017.0,"'The comedy follows a boy named Gen, who time travels from the year 2020 to a distant future where humanity has gone extinct. He begins staying at the Ganko family home in the Rustling Forest, where he has none of the amenities he is used to: no electricity, gas, or running water, as well as no television, smartphones, convenience stores, snacks, or games.'",,,Gan Gan Ganko-chan 2nd Season,"Ganko : Keiko Nemoto, Gen : Yumiko Kobayashi, Banban : Naoki Tatsuta, Chobi : Taeko Kawata, Game-San : Masako Nozawa, Ganko'S Father : Kenichi Ogata, Ganko'S Mother : Eiko Yamada, Ganpe : Noriko Hidaka, Nobutaka Yoda
Director & Music, Mutsumi Takeda
Character Design","Nobutaka Yoda : Director & Music, Mutsumi Takeda : Character Design"
Show By Rock!!#,,TV   ,12.0,Bones,Fall ,"Animal Characteristics, Music, Non-Human Protagonists, Based on a Mobile Game",3.57,2016.0,,"'Midi City is a musical haven again after the last onslaught of evil and ready to rock with a new concert. But the show turns dark when Dagger returns with someone called the Queen of Darkness! Swept from the real world, can Cyan and the girls of Plasmagica save Sound Planet once more?'",,,"Show By Rock!! Legend of Shingan Crimsonz, Show By Rock!! Plasmagica na Gogo, Show By Rock!! x Joysound, Show By Rock!!, Show By Rock!! Short!!, Show By Rock!! Mashumairesh!!, Show By Rock!! Stars!!","Chuchu : Sumire Uesaka, Cyan Hijirikawa : Eri Inagawa, Moa : Ayane Sakura, Retoree : Manami Numakura, Aion : Kouki Uchiyama, Crow : Kishou Taniyama, Kai : Ryouta Oosaka, Maple Arisugawa : Yuuji Ueda, Takahiro Ikezoe
Director, Touko Machida
Series Composition, Plasmagica
Song Performance","Takahiro Ikezoe : Director, Touko Machida : Series Composition, Plasmagica : Song Performance"
Lupin III Special 26: Italian Game,,TV Sp,,Telecom Animation Film,,"Action, Comedy, Criminals, Italy, Thieves, Based on a Manga",3.57,2016.0,,"'The story of the new series takes place in Italy and San Marino, and it features a blue-jacketed Lupin in his 20s. The series opened with an invitation to Lupin\'s wedding to the new character Rebecca. Rebecca is the young president of a conglomerate based in the Republic of San Marino, the story\'s setting. She has also worked as a model and an actress, and has become an international ""gossip queen"" due to rumors of affairs with many celebrities. She has an independent wild streak, as well as a secret she cannot tell anyone.'",,"Lupin III, Lupin Kozou, Lupin III: World's Most Wanted","Lupin III: Pilot Film, Lupin III, Lupin III: Part II, Lupin III: The Mystery of Mamo, Lupin III: The Castle of Cagliostro, Lupin III: Part III, Lupin III: Legend of the Gold of Babylon, Lupin III: The Fuma Conspiracy, Lupin III: Secret Files, Lupin III Special 1: Bye Bye, Lady Liberty, Lupin III Special 2: The Hemingway Papers, Lupin III Special 3: Napoleon's Dictionary, Lupin III Special 4: From Siberia With Love, Lupin III Special 5: Voyage To Danger, Lupin III Special 6: Dragon of Doom, Lupin III: Farewell to Nostradamus, Lupin III Special 7: The Pursuit of Harimao's Treasure, Lupin III: Dead or Alive, Lupin III Special 8: The Secret Of The Twilight Gemini, Lupin III Special 9: Island of Assassins, Lupin III Special 10: Crisis in Tokyo, Lupin III Special 11: The Columbus Files, Lupin III Special 12: Missed by a Dollar, Lupin III Special 13: Alcatraz Connection, Lupin III: Return Of Pycal, Lupin III Special 14: Episode 0 - First Contact, Lupin III Special 15: Operation Return the Treasure, Lupin III Special 16: Stolen Lupin, Lupin III Special 17: Angel Tactics, Lupin III Special 18: Seven Days Rhapsody, Lupin III Special 19: The Elusiveness of the Fog, Lupin III: Green vs Red, Lupin III Special 20: Sweet Lost Night, Lupin III Special 21: Lupin III vs Detective Conan, Monkey Majik: Lupin the Third, Lupin III Special 22: The Last Job, Lupin III Special 23: Blood Seal of the Eternal Mermaid, Lupin VIII: Arsene and Cie, Lupin III: Lupin Family All-Stars, Lupin III: The Woman Called Fujiko Mine, Lupin III Special 24: Touhou Kenbunroku - Another Page, Lupin III Special 25: Princess of the Breeze - Kakusareta Kuuchuu Toshi, Lupin III vs Detective Conan: The Movie, Lupin III: Jigen's Gravestone, Lupin III: Part IV, Lupin III: Goemon's Blood Spray, Lupin III Special 27: Goodbye Partner, Lupin III: The First","Arsene Lupin Iii, Daisuke Jigen, Fujiko Mine, Goemon Ishikawa Xiii, Rebecca, Koichi Zenigata, Nix, Robson Zuccoli, Monkey Punch
Original Creator, Kazuhide Tomonaga
Chief Director, Yuuichirou Yano
Director, Hisao Yokobori
Character Design, Yuu Kiyozono
Producer, Shunsuke Nara
Producer, Hiroyuki Inage
Producer, Masaki Shiode
Producer","Monkey Punch : Original Creator, Kazuhide Tomonaga : Chief Director, Yuuichirou Yano : Director, Hisao Yokobori : Character Design, Yuu Kiyozono : Producer, Shunsuke Nara : Producer, Hiroyuki Inage : Producer, Masaki Shiode : Producer"
Junlin Chengxia,,Web  ,13.0,,,"Comedy, Fantasy, Chinese Animation, Gender Bender",3.56,2016.0,,'No synopsis yet - check back soon!',,Courting The Couriers,,,
Nintama Rantarou no Uchuu Daibouken with Cosmic Front☆Next, Nintama Rantarou's Space Adventure with Cosmic Front☆Next,TV Sp,,Ajia-do,,"Adventure, Comedy, Family Friendly, Ninja, Outer Space",3.56,2016.0,,'No synopsis yet - check back soon!',,,"Nintama Rantarou, Nintama Rantarou no Uchuu Daibouken with Cosmic Front☆Next 2","Kirimasu Settsuno, Rantarou Inadera, Shinbei Fukutomi, Denzou Yamada, Hansuke Doi, Happousei Hieta, Tsuki Usagi",
Majestic Prince Movie: Kakusei no Idenshiko, Majestic Prince: Genetic Awakening,Movie,,Seven Arcs,,"Action, Drama, Mecha, Sci Fi, Seinen, Amnesia, Outer Space, Based on a Manga",3.56,2016.0,,"""Team Rabbits returns with even more mecha and combat action. Their leader, Izuru, has fallen into a coma following critical injuries he sustained in a fierce battle with his sworn enemy, Jiart. Now Asagi steps up to command Team Rabbits, but does he have what it takes to live up to his brother Izuru's legacy? There's no time for second-guessing as Asagai and Team Rabbits take the ultimate stand against a terrifying new enemy, the likes of which they've never faced.""",,,"Majestic Prince, Majestic Prince: Wings to the Future","Ataru Suruga : Junya Ikeda, Izuru Hitachi : Hiroki Aiba, Kei Kugimiya : Youko Hikasa, Tamaki Irie : Yuka Iguchi, Toshikazu Asagi : Shintarou Asanuma, Anne Medicum : Aina Suzuki, Chris Solferino : Tsubasa Yonaga, Dioluna : Misaki Kuno, Rando Ayamine
Original Creator, Keitarou Motonaga
Director, Toshiyuki Watanabe
Music, Hisashi Hirai
Character Design","Rando Ayamine : Original Creator, Keitarou Motonaga : Director, Toshiyuki Watanabe : Music, Hisashi Hirai : Character Design"
And you thought there is never a girl online?, Netoge no Yome wa Onnanoko ja Nai to Omotta?,TV   ,12.0,Project No.9,Spring,"Comedy, Ecchi, Romance, Guilds, MMORPG, School Life, Sudden Girlfriend Appearance, Based on a Light Novel",3.56,2016.0,,"'After Hideki Nishimura confesses to a girl online, he is shocked when she turns out to be a boy. Traumatized, he swears to never trust any ""girl"" players. That is, until one confesses to him! Ako Tamaki is a beautiful loner who has trouble differentiating between what\'s reality and the online world she spends so much of her time in. Can Hideki and his guild friends help fix socially inept Ako?'",,"Netoge no Yome wa Onnanoko ja Nai to Omotta? (Light Novel), Netoge no Yome wa Onnanoko ja Nai to Omotta?",,"Akane Segawa : Inori Minase, Ako Tamaki : Rina Hidaka, Hideki Nishimura : Toshiyuki Toyonaga, Kyou Goshouin : M.A.O., Black Magician : Kouji Yusa, Nanako Akiyama : Hitomi Ohwada, Yui Saitou : Yoshino Nanjou, Ako'S Mother : Megumi Takamoto, Shinsuke Yanagi
Director, Maiko Iuchi
Music, Akane Yano
Character Design, Masakazu Miyake
Art Director, Kei Fukura
Producer, Takao Kiyose
Producer, Keishi Sakai
Key Animator","Shinsuke Yanagi : Director, Maiko Iuchi : Music, Akane Yano : Character Design, Masakazu Miyake : Art Director, Kei Fukura : Producer, Takao Kiyose : Producer, Keishi Sakai : Key Animator"
Lovely Muuuuuuuco! OVA, Itoshi no Muco OVA,OVA  ,1.0,DLE,,"Comedy, Seinen, Slice of Life, Animal Protagonists, Countryside, Dogs, Iyashikei, Non-Human Protagonists, Pets, Based on a Manga",3.56,2016.0,,'No synopsis yet - check back soon!',,Itoshi no Muco,"Lovely Movie: Lovely Muuuuuuuco!, Lovely Movie: Lovely Muuuuuuuco! Specials, Lovely Movie: Lovely Muuuuuuuco! 2, Lovely Muuuuuuuco!","Takayuki Mizushina
Original Creator",Takayuki Mizushina : Original Creator
Future Card Buddyfight Triple D, Future Card Buddyfight DDD,TV   ,51.0,OLM,Spring,"Card Battles, Monsters, Based on a Card Game",3.56,2016.0,2017.0,"'Gao Mikado, a 6th year student of the Aibo Academy Elementary Division, is partnered with Dragon of the Sun, Bal Dragon, a monster born from a mysterious egg. To earn the coveted title as the strongest fighter in the world, Gao and Bal team up to challenge other fighters in the ""World Buddy Cup"". The two will have to battle others in a card game called Buddyfight, which allows monsters to fight alongside humans as buddies. Their rivals include ex-Buddy Police Tasuku Ryuenji, and the self-proclaimed strongest combination, Gaito Kurouzu and his buddy monster Black Death Dragon, Abygale.'",,"Future Card Buddyfight, Future Card Buddyfight: Dark Game Chronicles","Future Card Buddyfight, Future Card Buddyfight Recap, Future Card Buddyfight 100, Tobidase!! Buddy-kun, Future Card Buddyfight X, Future Card Buddyfight: All-Star Fight, Future Card Buddyfight Ace","Abigail : Takaya Kuroda, Bal : Tomo Muranaka, Gaito Kurouzu : Shouta Aoi, Gao Mikado : Marie Mizuno, Tasuku Ryuenji : Soma Saito, Jackknife Dragon : Hiroki Yasumoto, Akatsuki Kisaragi, Armorknight Cerberus, Shigetaka Ikeda
Director, Shigeru Yamamoto
Music, Kazushi Miyakoda
Music, Kumiko Ozawa
Character Design, Naohiko Furuichi
Producer, Kou Otani
Producer","Shigetaka Ikeda : Director, Shigeru Yamamoto : Music, Kazushi Miyakoda : Music, Kumiko Ozawa : Character Design, Naohiko Furuichi : Producer, Kou Otani : Producer"
Please tell me! Galko-chan OVA, Oshiete! Galko-chan: Natsuyasumitte Hontou desu ka?,OVA  ,1.0,feel.,,"Slice of Life, Gyaru, Based on a Manga",3.55,2016.0,,'No synopsis yet - check back soon!',,Please Tell Me! Galko-chan,Please tell me! Galko-chan,"Galko, Ojou, Otako, Agemi, Fujimi, Fushigi, Galko'S Older Sister, Iinchou, Kenya Suzuki
Original Creator",Kenya Suzuki : Original Creator
Hikari Sasu Sora e,,OVA  ,1.0,,,"Educational, LGBT Themes",3.55,2016.0,,'No synopsis yet - check back soon!',,,,,
Mahou Sensei Negima! Tokubetsu Eizou,,Music,,,,Based on a Manga,3.55,2016.0,,'Official music videos bundled with the 12th volume of the UQ Holder! manga',,UQ Holder!,Negima!,,
Rainbow Days OVA, Nijiiro Days OVA,OVA  ,1.0,Ashi Productions,,"Romance, Shoujo, School Life, Based on a Manga",3.54,2016.0,,'No synopsis yet - check back soon!',,Rainbow Days,"Rainbow Days, Rainbow Days: After School Special","Anna Kobayakawa, Keiichi Katakura, Mari Tsutsui, Natsuki Hashiba, Nozomi Matsunaga, Tomoya Matsunaga, Tsuyoshi Naoe, Yukiko Asai, Minami Mizuno
Original Creator",Minami Mizuno : Original Creator
Tantei Opera Milky Holmes: Fun Fun Pearly Night - Ken to Janet no Okurimono,,TV Sp,,J.C.Staff,,"Comedy, Mystery, Detectives",3.54,2016.0,,'No synopsis yet - check back soon!',,Tantei Opera Milky Holmes: Radical Time,"Tantei Opera Milky Holmes, Tantei Opera Milky Holmes: Summer Special, Tantei Opera Milky Holmes 2, Tantei Opera Milky Holmes: Alternative, Futari wa Milky Holmes, Tantei Opera Milky Holmes TD, Tantei Opera Milky Holmes Movie: Milky Holmes' Counterattack","Yasuyuki Noda
Character Design",Yasuyuki Noda : Character Design
Kacchikenee!,,Movie,,Tezuka Productions,,"Anime Tamago, Shorts, Supernatural",3.54,2016.0,,"""Aiko lives in a shrine that has a sliding door that mysteriously is only half painted, and thought during her childhood that she wanted to paint it. But the 17-year old Aiko now has no dreams about the future. Suddenly, a strange man appears before her. Aiko's grandfather and the shrine's chief priest offers the man to stay in the shrine, but Aiko isn't having any of it. But he realizes the kindness of the brusque young man, and slowly comes to like him. But what is his true identity?""",,,,"Yoshihiro Shimizu
Producer",Yoshihiro Shimizu : Producer
This Boy is a Professional Wizard," Kono Danshi, Mahou ga Oshigoto desu.",TV   ,,CoMix Wave Films,Winter,"BL, Drama, Fantasy, Romance, Shounen-ai, Adult Couples, Magic, Opposites Attract, Short Episodes, Original Work",3.54,2016.0,,"'Chiharu is the wizard in charge of the magical crisis counter-measure division. His days are stressful until he meets Toyohi at his favorite bar, and the two hit it off. The two begin a budding relationship, until an accident at work causes Chiharu to devote more time to his work, and begin to push Toyohi away.'",,,"This Boy Can Fight Aliens!, This Boy Caught a Merman, This Boy Suffers from Crystallization","Chiharu Kashima : Yuuki Ono, Toyohi Utsumi : Taku Yashiro, Master : Yoshikazu Nakadai, Zaou : Yusuke Kuwahata, Kouyama : Manami Hanawa, Kurose : Takuya Inagaki, Takamiya : Youhei Namekawa, Soubi Yamamoto
Director & Original Creator",Soubi Yamamoto : Director & Original Creator
Izetta: The Last Witch, Shuumatsu no Izetta,TV   ,12.0,Ajia-do,Fall ,"Action, Fantasy, Europe, Magic, Military, Political, War, Witches, World War 2, Original Work",3.54,2016.0,,'The time is pre World War II that looks like Europe in an imaginary world. A large scale war abrupts and bloody battles are taking place through out the world. Eylstadt is a small country without a strong military force or natural resources. Finé who is the crown queen of Eylstadt decides to use a secret weapon against larger countries which was unheard of at that time to battle against larger countries. The secret weapon was using a witch named Izetta and her magical force to fight the war. Izetta is young (same age as Finé) and the last surviving witch with burning red hair.',,,,"Finé : Saori Hayami, Izetta : Himika Akaneya, Arnold Berkmann : Junichi Suwabe, Bianca : Aya Uchida, Hans Obermayer : Kenn, Rickert Bisterfelt : Natsuki Hanae, Sieghard Muller : Hiroki Takahashi, Sophie : Sora Amamiya, Masaya Fujimori
Director, Michiru
Music, Yuu Yamashita
Character Design, Eiji Inomoto
Cg Director, Hidemasa Tasaka
Producer, Kentarou Kai
Producer, Shousei Itou
Producer, Noritomo Isogai
Producer","Masaya Fujimori : Director, Michiru : Music, Yuu Yamashita : Character Design, Eiji Inomoto : Cg Director, Hidemasa Tasaka : Producer, Kentarou Kai : Producer, Shousei Itou : Producer, Noritomo Isogai : Producer"
Osomatsu-san: Mutsugo to Ouma no Monogatari,"Alt titles: Osomatsu-san x JRA Collaboration, The Story of the Sextuplets and a Horse",Web  ,6.0,Pierrot,Fall ,"Comedy, Josei, Parody, Short Episodes, Based on a Manga",3.54,2016.0,,'No synopsis yet - check back soon!',,"Osomatsu-kun, Osomatsu-san","Osomatsu-kun, Osomatsu-kun (1988), Osomatsu-kun (1988) Special, Osomatsu-kun: Suika no Hoshi kara Konnichiwa zansu!, Mr. Osomatsu, Osomatsu-san: Short Film Series, Mr. Osomatsu: Virgin Hero, Osomatsu-san: Ouma de Kobanashi, Osomatsu-san (2017)","Choromatsu Matsuno : Hiroshi Kamiya, Ichimatsu Matsuno : Jun Fukuyama, Jyushimatsu Matsuno : Daisuke Ono, Karamatsu Matsuno : Yuuichi Nakamura, Osomatsu Matsuno : Takahiro Sakurai, Todomatsu Matsuno : Miyu Irino, Fujio Akatsuka
Original Creator",Fujio Akatsuka : Original Creator
Kochira Katsushikaku Kameari Kouenmae Hashutsujo (Shinsaku),,TV Sp,,Gallop,,"Comedy, Police",3.54,2016.0,,"'The story will center on Sabrina, a princess of the Attakaino Kingdom who looks exactly like Lemon Giboshi. She is kidnapped when she visits Japan, and Ryotsu rescues her and shows her around Shitamachi before more trouble breaks out.'",,Kochira Katsushikaku Kameari Kouenmae Hashutsujo,"Kochira Katsushikaku Kameari Kouenmae Hashutsujo, Kameari Park Precinct, Kochira Katsushikaku Kameari Kouenmae Hashutsujo The Movie 2: UFO Shuurai! Tornado Daisakusen","Osamu Akimoto
Original Creator, Akira Shigeno
Director, Tomoko Takahashi
Producer","Osamu Akimoto : Original Creator, Akira Shigeno : Director, Tomoko Takahashi : Producer"
Pokemon Movie 19: Volcanion and the Mechanical Marvel, Pokemon Movie 19: Volcanion to Karakuri no Magearna,Movie,,OLM,,"Adventure, Fantasy, Shounen, Elemental Powers, Family Friendly, Monsters, Based on a Video Game",3.54,2016.0,,"""A\xa0mysterious force binds Ash to the Mythical Pokémon Volcanion when it falls from the sky. Volcanion can't get away, and Ash is dragged along as it continues on its mission. They arrive in a city of cogs and gears, where a corrupt minister has stolen the ultimate invention: the Artificial Pokémon Magearna, created 500 years ago. The minister plans to use Magearna's mysterious power to take control of the mechanical kingdom. Can Ash and Volcanion work together to rescue Magearna? One of the greatest battles in Pokémon history is about to unfold!""",,Pokemon the Movie XY&Z: Volcanion to Karakuri no Magiana,Pokemon XY&Z,"Ash Ketchum : Rica Matsumoto, Ash'S Pikachu : Ikue Ootani, Volcanion : Somegorou Ichikawa Vii, Aggron : Jimmy Zoppi, Alain, Alakazam : Bill Rogers, Alva : Kouichi Yamadera, Ash'S Fletchling : Kiyotaka Furushima, Kunihiko Yuyama
Director, Shinji Miyazaki
Music, Kazumi Satou
Character Design, Sayuri Ichiishi
Character Design, Norihiro Matsubara
Character Design, Toshihito Hirooka
Character Design, Satoshi Nakano
Character Design, Susumu Matsuyama
Producer","Kunihiko Yuyama : Director, Shinji Miyazaki : Music, Kazumi Satou : Character Design, Sayuri Ichiishi : Character Design, Norihiro Matsubara : Character Design, Toshihito Hirooka : Character Design, Satoshi Nakano : Character Design, Susumu Matsuyama : Producer"
Please tell me! Galko-chan, Oshiete! Galko-chan,TV   ,12.0,feel.,Winter,"Comedy, Slice of Life, Gyaru, School Life, Short Episodes, Based on a Manga",3.53,2016.0,,"'Galko, Otako and Ojou are a trio of unlikely friends in high school with three very different perspectives. Each episode embarks on a day in the life of a trendy girl, an otaku, and a lady, as they discuss their “girl problems.”'",,Please Tell Me! Galko-chan,Please tell me! Galko-chan OVA,"Galko : Azumi Waki, Ojou : Minami Takahashi, Otako : Miyu Tomita, Charao : Takahiro Sakurai, Otao : Yoshitsugu Matsuoka, Supoo : Daisuke Ono, Abesen : Yuuichi Nakamura, Agemi : Shizuka Ishigami, Kenya Suzuki
Original Creator, Keiichirou Kawaguchi
Director, Ryou Takahashi
Music, Kenji Fujisaki
Character Design, Shou Tanaka
Producer, Terushige Yoshie
Producer, Noritomo Isogai
Producer, Takashi Hijikata
Producer","Kenya Suzuki : Original Creator, Keiichirou Kawaguchi : Director, Ryou Takahashi : Music, Kenji Fujisaki : Character Design, Shou Tanaka : Producer, Terushige Yoshie : Producer, Noritomo Isogai : Producer, Takashi Hijikata : Producer"
Monster Strike The Movie, Monster Strike The Movie: Hajimari no Basho he,Movie,,LIDEN FILMS,,"Action, Fantasy, Monsters, Based on a Mobile Game",3.53,2016.0,,"'Junior high school student Ren Homura and his friends are a team in Monster Strike. They combine the forces of different\xa0monsters and go to battle against their foes. But for some reason, none of them can remember a certain time in their past. One day, a monster appears from beyond space and time and sends one of them back. Ren and the others start to regain their memory as this incident unfolds. They remember a time when Monster Strike was a highly-kept secret, a time when only they, as children, were allowed to play it. The hidden truth of Monster Strike comes to light. And with it, the lost memories of a childhood adventure.'",,,"Monster Strike, Monster Strike: An Encore and Continuance - Pandora's Box, Monster Strike: Mermaid Rhapsody, Monster Strike: Rain of Memories, Monster Strike 2nd Season, Monster Strike: The Long-Awaited Utopia, Monster Strike: A Rhapsody Called Lucy -The Very First Song-, MSonic! D'Artagnyan's Rise to Fame, Monster Strike: The Fading Cosmos, Monster Strike the Animation, Monster Strike the Movie 2: Sora no Kanata","Aoi Mizusawa : Lynn, Haruma Kagutsuchi : Tomo Muranaka, Minami Wakaba : Juri Kimura, Ren Homura : Maaya Sakamoto, Akira Kagetsuki : Kengo Kawanishi, Oragon : Jun Fukushima, Akane Noda, Akasha : Hajime Iijima, Shinpei Ezaki
Director, Monaca
Music, Shizue Kaneko
Character Design, Nao Hirasawa
Producer","Shinpei Ezaki : Director, Monaca : Music, Shizue Kaneko : Character Design, Nao Hirasawa : Producer"
Nuwa Chengzhang Riji, Nuwa Growth Diary,TV   ,30.0,G.CMay Animation & Film,,"Fantasy, Romance, Chinese Animation, Short Episodes, Xianxia, Based on a Novel",3.53,2016.0,,"'Who are you looking for?! Dragon King?! Oh, the supermarket’s giving a discount today. He went to snap up the bargains. Erlang Shen?! I heard there was a blind date and that if he dared not go, then that old mother of his would make a scene. So you understand? Taishang Laojun?! His online shop was selling medicine pellets and got reported. The man was almost taken to the police station. He’s currently living in seclusion and keeping his head down. You’re asking who I am?! Oh, I’m Nuwa.'",,Nuwa Growth Diary (Novel),,"Xiong Ke
Director",Xiong Ke : Director
Myriad Colors Phantom World, Musaigen no Phantom World,TV   ,13.0,Kyoto Animation,Winter,"Action, Comedy, Ecchi, Fantasy, Magic, School Club, School Life, Supernatural, Based on a Light Novel",3.53,2016.0,,"'In the near future, monstrous creatures called “phantoms” descend upon the world. Haruhiko Ichijou is a student at Hosea Academy, along with Mai Kawakami, Reina Izumi, and Koito Minase, three girls who fight these creatures. High school life proceeds as normal until a certain incident reveals the truth of their world to them.'",,Myriad Colors Phantom World (Light Novel),"Myriad Colors Phantom World: Limitless Phantom World, Myriad Colors Phantom World: The Polka Dot Miracle","Haruhiko Ichijou : Hiro Shimono, Koito Minase : Maaya Uchida, Kurumi Kumamakura : Misaki Kuno, Mai Kawakami : Sumire Uesaka, Reina Izumi : Saori Hayami, Ruru : Azusa Tadokoro, Arisu Himeno : Kikuko Inoue, Albrecht : Ryotaro Okiayu, Tatsuya Ishihara
Director, Effy
Music, Kazumi Ikeda
Character Design, Mikiko Watanabe
Art Director, Shinichi Nakamura
Producer, Shigeru Saitou
Producer, Eharu Oohashi
Producer, Masayuki Nishide
Producer","Tatsuya Ishihara : Director, Effy : Music, Kazumi Ikeda : Character Design, Mikiko Watanabe : Art Director, Shinichi Nakamura : Producer, Shigeru Saitou : Producer, Eharu Oohashi : Producer, Masayuki Nishide : Producer"
Opti-Morphs,,TV   ,40.0,,,"Chinese Animation, Family Friendly",3.53,2016.0,,"'Bang! One day, the Universe exploded! The explosion produced a number of light crystals which scattered in the Earth and became energy coins. Some energy life entities also came to the Earth and existed as mini cars to chase light crystals. Once those mini cars grasped light crystals, they would return to their original forms. A group of evil attempted to plot against the Earth with the super power of light crystals. To protect the Earth, the righteous kids Hawley, Kinson and Yolan help the mini cars of the justice side to collect energy coins. Armed with Eagle Car and Dragon Car, the two brothers are ready to fight against the Commander-K leaded evil force. The war is on…'",,,Baolie Feiche II: Xing Neng Juexing,"Noah, Steel Armour",
Magical Girl Raising Project, Mahou Shoujo Ikusei Keikaku,TV   ,12.0,Lerche,Fall ,"Action, Fantasy, Magical Girl, Battle Royale, Contemporary Fantasy, Dark Fantasy, Henshin Heroes, Magic, Melancholy, PVP, Urban Fantasy, Based on a Light Novel, Violence",3.53,2016.0,,"'Magical Girl Raising Project is a popular social game that has an ability to grant players a 1 in 10,000 chance to become a real life Magical Girl with unique magical abilities to help people. However, at some point, Fav, the magical administrator fairy, decides to cut the population of Magical Girls in half. The game quickly changes into a twisted, wicked battlefield as the 16 magical girls get dragged into a battle for survival against each other.'",Violence,"Magical Girl Raising Project (Light Novel), Magical Girl Raising Project, Magical Girl Raising Project: Restart, Magical Girl Raising Project F2P, Magical Girl Raising Project: breakdown (Light Novel)",,"Ako Hatoda : Rina Hidaka, Ayana Sakanagi : Inori Minase, Calamity Mary : Kikuko Inoue, Cranberry : Megumi Ogata, Kano Sazanami : Manami Numakura, Koyuki Himekawa : Nao Touyama, Makoto Andou : Satomi Arai, Mina Amasato : Risae Matsuda, Hiroyuki Hashimoto
Director, Takurou Iga
Music, Yukiko Aikei
Character Design, Emi Kashimura
Producer, Takeshi Minami
Producer, Shinichirou Kajiura
Animation Director","Hiroyuki Hashimoto : Director, Takurou Iga : Music, Yukiko Aikei : Character Design, Emi Kashimura : Producer, Takeshi Minami : Producer, Shinichirou Kajiura : Animation Director"
Taiyi Xianmo Lu Zhi Ling Fei Ji, Magical Legend: Rise to Immortality,Web  ,26.0,Dancing CG Studio,,"Action, Adventure, Fantasy, Ancient China, Chinese Animation, CG Animation, Original Work",3.53,2016.0,,'No synopsis yet - check back soon!',,,Taiyi Xianmo Lu Zhi Ling Fei Ji 2nd Season,,
Crayon Shin-chan Gaiden: Alien vs. Shinnosuke, Shin-chan Spin-off vol.1: Aliens vs. Shinnosuke,Web  ,13.0,Shin-Ei Animation,Summer,"Comedy, Aliens, Outer Space, Short Episodes, Based on a Manga",3.52,2016.0,,"""10 people and a dog wake up in an unfamiliar spaceship. Why are they there? Nobody knows. Then they hear an eery roar. What's going on? What will the Nohara family do?""",,"Crayon Shin-chan, Shin Crayon Shin-chan, Crayon Shin-chan Shin-Men, Crayon Shin-chan: Gachinko! Gyakushuu no Robot-chan","Crayon Shin-chan, Crayon Shin-chan Gaiden: Omocha Wars, Crayon Shin-chan Gaiden: Kazokuzure Ookami, Crayon Shin-chan Gaiden: O-O-O-No Shinnosuke","Himawari Nohara : Satomi Koorogi, Hiroshi Nohara : Keiji Fujiwara, Misae Nohara : Miki Narahashi, Shinnosuke Nohara : Akiko Yajima, Micchi Hatogaya : Makiko Ohmoto, Yoshirin Hatogaya : Daisuke Sakaguchi, Michio Mihara
Director, Yuuichirou Sueyoshi
Character Design","Michio Mihara : Director, Yuuichirou Sueyoshi : Character Design"
Keijo!!!!!!!!,,TV   ,12.0,XEBEC,Fall ,"Action, Comedy, Ecchi, Shounen, Sports, Boarding School, School Life, Tournaments, Based on a Manga",3.52,2016.0,,"'Nozomi Kaminashi is a fantastic gymnast, and in order to help her family out of poverty, has decided instead to become a competitor in a new women-only sport, Keijo. A lucrative endeavor, Keijo is a popular gambling sport where female players stand on floating platform on the water and must push other players off by only using breasts and buttocks. Will Nozomi be able to make it big in the world of Keijo?'",,Keijo!!!!!!!!,Keijo!!!!!!!! Specials,"Nozomi Kaminashi : Lynn, Sayaka Miyata : M.A.O., Hanabi Kawai : Rena Maeda, Kazane Aoba : Kaede Hondo, Mio Kusakai : Hibiku Yamamura, Non Toyoguchi : Saori Oonishi, Ai Fujisaki, Ai Shimada : Risae Matsuda, Daichi Sorayomi
Original Creator, Hideya Takahashi
Director, Hayato Matsuo
Music, Keiya Nakano
Character Design, Takatoshi Chino
Producer, Nobuhiro Nakayama
Producer, Takema Okamura
Producer, Jun Fukuda
Producer","Daichi Sorayomi : Original Creator, Hideya Takahashi : Director, Hayato Matsuo : Music, Keiya Nakano : Character Design, Takatoshi Chino : Producer, Nobuhiro Nakayama : Producer, Takema Okamura : Producer, Jun Fukuda : Producer"
Fate/Grand Order: First Order,,TV Sp,,Lay-duce,,"Action, Fantasy, Sci Fi, Magic, Proxy Battles, Superpowers, Time Travel, Based on a Mobile Game, Violence",3.52,2016.0,,"'The Chaldea Security Organization was founded to focus on preserving the continuation of human history. They observe a world which magecraft couldn’t observe, and science couldn’t measure, all to prevent the certain extinction of humanity. But one day, the future that Chaldea continued to observe disappears and humanity’s extinction in 2017 becomes clear. Based on the assumption that Fuyuki, a provincial town in Japan, is the reason for humanity’s extinction, Chaldea issues an order to explore, investigate, and possibly destroy this singularity – a quest for the Holy Grail, the Grand Order.'",Violence,"Fate/Gudaguda Order, Manga de Wakaru! Fate/Grand Order, Fate/Grand Order Comic Anthology STAR, Fate/Grand Order Comic Anthology, Fate/Grand Order Dengeki Comic Anthology, Fate/Grand Order Comic Anthology for Girl, Fate/Grand Order: Comic à la Carte, Oshiete FGO! Ijin to Shinwa no Grand Order, Fate/Grand Order: Mortalis:Stella, Fate/Grand Order: Turas Réalta, Fate/Ixtella, Fate/Grand Order: Epic of Remnant - Ashu Tokuiten I - Akusei Kakusetsu Makyou Shinjuku - Shinjuku Genrei Jiken, Fate/Grand Order: Epic of Remnant IV - Itan Naru Salem, Fate/Grand Order: Epic of Remnant - Pseudo-Singularity III: The Stage of Carnage, Shimousa - Seven Duels of Swordmasters, Fate/Grand Order Duel: YA Tokuiten - Misshitsu Yuugi Makyou Shibuya - Shibuya Kettou Jiken, Fate/Grand Order: Epic of Remnant - Agartha no Onna, Fate/Grand Order: Epic of Remnant - Shinkai Dennou Rakudo SE.RA.PH, Fate/Grand Order: Eirei Shokubunroku","Fate/stay night, Fate/Grand Order OP, Fate/stay night: Unlimited Blade Works 2, Fate/Grand Order: Third Singularity - Okeanos Event PV, Fate/Grand Order: Fourth Singularity - London Event PV, Fate/Grand Order: Fifth Singularity - E Pluribus Unum Event PV, Fate/Grand Order: Sixth Singularity - Camelot Event PV, Fate/Grand Order: Seventh Singularity - Babylonia Event PV, Fate/Grand Order: Epic of Remnant Pseudo - Singularity I Event PV, Fate/EXTRA CCC x Fate/Grand Order: Deep Sea Dennou Rakudo Event PV, Fate/Grand Order: Epic of Remnant Pseudo - Singularity II Event PV, Fate/Grand Order: Epic of Remnant Pseudo - Singularity III Event PV, Fate/Grand Order: Epic of Remnant Pseudo - Singularity IV Event PV, Fate/Grand Order x Himuro no Tenchi: 7-nin no Saikyou Ijin-hen, Fate/Grand Order: Moonlight/Lostroom, Fate/Grand Order: Servant Summer Festival! Announcement CM, Fate/Grand Order: Cosmos in the Lostbelt - Lostbelt No. 1 Event PV, Fate/Grand Order: Cosmos in the Lostbelt - Lostbelt No. 2 Event PV, Fate/Grand Order: Cosmos in the Lostbelt - Lostbelt No. 3 Event PV, Manga de Wakaru! Fate/Grand Order, Fate/Grand Order: Absolute Demonic Front - Babylonia - Initium Iter, Fate/Grand Order: All In! Las Vegas Championship Match: Seven Duels of Swordbeauties! Event PV, Fate/Grand Order: Absolute Demonic Front - Babylonia, Fate/Grand Order -Divine Realm of the Round Table: Camelot- Wandering; Agateram, Fate/Grand Order -Divine Realm of the Round Table: Camelot- Paladin; Agateram, Fate/Grand Carnival, Fate/Grand Order Final Singularity: Grand Temple of Time - Solomon","Mash Kyrielight : Rie Takahashi, Ritsuka Fujimaru : Nobunaga Shimazaki, Caster : Nobutoshi Canna, Olga Marie Animusphere : Madoka Yonezawa, Romani Archaman : Kenichi Suzumura, Archer : Junichi Suwabe, Berserker, Fou : Ayako Kawasumi, Hitoshi Nanba
Director, Ryou Kawasaki
Music, Keisuke Gotou
Character Design","Hitoshi Nanba : Director, Ryou Kawasaki : Music, Keisuke Gotou : Character Design"
Cute High Earth Defense Club LOVE! LOVE!, Binan Koukou Chikyuu Bouei-bu Love! Love!,TV   ,12.0,Studio Comet,Summer,"Comedy, Fantasy, Aliens, All-Boys School, Contemporary Fantasy, Gag, Henshin Heroes, Magic, Parody, School Club, School Life, Original Work",3.52,2016.0,,"'The Battle Lovers are back! With things a bit calmer since the whole Zundar fiasco, the\xa0boys can get back to what’s important in life—like hanging around the bathhouse and\xa0lazing around!\xa0But when the Loveracelets start calling, they’ll have to jump back into theaction. Will the arrival of two new students mean more allies or more chaos? Love is not\xa0over yet!'",,"Cute Highschool Earth Defense Club LOVE!, Cute High Earth Defense Club Love! Novel! (Light Novel)","Cute High Earth Defense Club LOVE!, Cute High Earth Defense Club LOVE! LOVE! LOVE!, Cute High Earth Defense Club Happy Kiss!","Atsushi Kinugawa : Koutarou Nishiyama, En Yufuin : Yuuichirou Umehara, Io Naruko : Yusuke Shirai, Ryuu Zaou : Toshiki Masuda, Wombat : Mugihito, Yumoto Hakone : Kazutomi Yamamoto, Akihiko Beppu : Keisuke Koumoto, Dadacha : Hiroki Yasumoto, Kurari Umatani
Original Creator, Shinji Takamatsu
Director, Yamazo
Music, Yumiko Hara
Character Design, Hiroaki Tanaka
Photography Director","Kurari Umatani : Original Creator, Shinji Takamatsu : Director, Yamazo : Music, Yumiko Hara : Character Design, Hiroaki Tanaka : Photography Director"
Hakuouki: Otogisoushi Special,,DVD S,,DLE,,Chibi,3.52,2016.0,,'No synopsis yet - check back soon!',,,Hakuouki: Otogisoushi,"Parako Shinohara
Director",Parako Shinohara : Director
"Last Exile: Fam, the Silver Wing Movie - Over the Wishes", Last Exile: Ginyoku no Fam Movie - Over the wishes,Movie,,GONZO,,"Adventure, Fantasy, Sci Fi, Aviation, Military, Recap, Steampunk",3.51,2016.0,,"'The Sky Pirate Fam and Millia (the princess who Fam rescued as her Turan Kingdom faced devastation) wage a battle against the Ades Federation that reduced Turan to ashes, and aim to establish a revived Turan Kingdom.'",,,"Last Exile, Last Exile: Fam, the Silver Wing, Last Exile: Fam, the Silver Wing Recaps","Yukio Takahashi
Director, Hitomi Kuroishi
Music, Osamu Horiuchi
Character Design, Junichi Takaoka
Character Design, Range Murata
Character Design","Yukio Takahashi : Director, Hitomi Kuroishi : Music, Osamu Horiuchi : Character Design, Junichi Takaoka : Character Design, Range Murata : Character Design"
Chi's Sweet Adventure, Koneko no Chi Ponponra Daibouken,TV   ,51.0,Marza Animation Planet,Fall ,"Adventure, Comedy, Seinen, Slice of Life, Animal Protagonists, Cats, Family Friendly, Non-Human Protagonists, Pets, Based on a Manga, CG Animation",3.51,2016.0,2017.0,"'Chi is a sweet playful kitten who’s always full of energy. She lives with the loving Yamada family. Her daily routine is to drink milk, take naps, and go walk in the park.'",,"Chi's Sweet Home, Chi's Sweet Adventures","Chi's Sweet Home, Chi's New Address, Chi's Sweet Home OVA, Chi's Sweet Adventure 2nd Season","Chi Yamada : Satomi Koorogi, Kento Yamada : Makoto Yasumura, Kocchi : Motoko Kumai, Kuroi : Rikiya Koyama, Miwa Yamada : Maaya Sakamoto, Telly : Ryouko Shiraishi, Yohei Yamada : Ryouko Shiraishi, Ann : Fumiko Orikasa, Kanata Konami
Original Creator, Kiminori Kusano
Director & Character Design, Kenji Kondo
Music, Satoshi Kounosu
Character Design","Kanata Konami : Original Creator, Kiminori Kusano : Director & Character Design, Kenji Kondo : Music, Satoshi Kounosu : Character Design"
Haven't You Heard? I was Sakamoto, Sakamoto desu ga? Special,DVD S,,Studio DEEN,,"Comedy, Seinen, Breaking the Fourth Wall, Delinquents, Gag, School Life, Based on a Manga",3.51,2016.0,,"""Sakamoto's old classmates\xa0want to make a movie about his past deeds. They discuss what kind of movie would be best, and wonder what he is doing\xa0in America since he left to join\xa0a space program.\xa0Is he thwarting American bullies? Being chased by a mob\xa0of adoring female astronauts? Flying a rocket to Mars? With Sakamoto, you never know!""",,Haven't You Heard? I'm Sakamoto,Haven't You Heard? I'm Sakamoto,"Sakamoto : Hikaru Midorikawa, Yoshinobu Kubota : Akira Ishida, Aina Kuronuma : Yui Horie, Atsushi Maeda : Tomokazu Sugita, Erika : Mikako Takahashi, Kakuta, Kana : Yukari Tamura, Ken Ken : Nobuyuki Hiyama, Nami Sano
Original Creator",Nami Sano : Original Creator
Tantei Opera Milky Holmes Movie: Milky Holmes' Counterattack, Tantei Opera Milky Holmes Movie: Gyakushuu no Milky Holmes,Movie,,J.C.Staff,,"Comedy, Mystery, Detectives, Sherlock Holmes",3.51,2016.0,,"'The film will feature a three-way battle between The Gentlemen Thief Empire, the Genius 4, and the Milky Holmes groups. Just as the Milky Holmes group is settling down to relax at a hot spring after their study tour, an alarm goes off, because The Gentlemen Thief Empire intend to steal a treasure. The two groups start to battle for who gets to use the ""Toys,"" when suddenly the Genius 4 rush to the scene.'",,Tantei Opera Milky Holmes: Radical Time,"Tantei Opera Milky Holmes, Tantei Opera Milky Holmes: Summer Special, Tantei Opera Milky Holmes 2, Tantei Opera Milky Holmes: Alternative, Futari wa Milky Holmes, Tantei Opera Milky Holmes TD, Tantei Opera Milky Holmes: Fun Fun Pearly Night - Ken to Janet no Okurimono","Cordelia Glauca : Izumi Kitta, Hercule Barton : Mikoi Sasaki, Nero Yuzurisaki : Sora Tokui, Sherlock Shellingford : Suzuko Mimori, Henriette Mystere : Satomi Akesaka, Hirano Hasegawa : Ryouko Shintani, Kokoro Akechi : Yoshino Nanjou, Rat : Hiro Shimono, Makoto Moriwaki
Director, Hiroaki Sakurai
Director, Elements Garden
Music, Seiya Numata
Character Design","Makoto Moriwaki : Director, Hiroaki Sakurai : Director, Elements Garden : Music, Seiya Numata : Character Design"
San Jian Hao Zhi Ban Mian Ren,,Web  ,12.0,,,"Action, Fantasy, Chinese Animation, Short Episodes, CG Animation",3.51,2016.0,,'No synopsis yet - check back soon!',,,,,
Cheer Boys!!, Cheer Danshi!!,TV   ,12.0,Brain's Base,Summer,"Drama, Sports, College, School Club, School Life, Tournaments, Based on a Novel",3.51,2016.0,,"""Haruki Bandou was born into a family of Judo martial artists and expected to continue the family legacy. But he's about to trade Judo for…cheerleading?! When his childhood friend Kazuma Hashimoto invites him to join the BREAKERS, a male cheerleading club, Haru finds himself amongst a quirky group of boys. Can this squad of slightly odd and cute members make a breakthrough in college athletics?""",,Cheer Danshi!! GO BREAKERS,"Cheer Boys!! The View We Seven Shared, Cheer Boys!! Specials","Haruki Bandou : Yuuki Yonai, Kazuma Hashimoto : Nobuhiko Okamoto, Chen Zixuan : Yosei Bun, Daichi Norita : Yuuya Hirose, Gen Hasegawa :  Katsuyuki Konishi, Hisashi Mori : Tasuku Hatanaka, Koji Tono : Yuu Hayashi, Natsuki Someya : Hayato Kimura, Ai Yoshimura
Director, Hitomi Tsuruta
Character Design","Ai Yoshimura : Director, Hitomi Tsuruta : Character Design"
Gundam Build Fighters Try: Island Wars,,TV Sp,,Sunrise,,"Action, Mecha, Sci Fi, Island, Proxy Battles",3.51,2016.0,,"""One year after winning the Gunpla Battle National Championships, Team Try Fighters is invited by Yajima Trading to a remote island to test the company's new battle system. Sekai and Fumina arrive on the island, only to discover that Gyanko, Shia, and Minato were also invited. Yuuma declines the offer as he is assisting Mirai on a photoshoot, only to realize that he and his teammates are on the same island. Meanwhile, the Nielsen Lab experiences an anomaly with their new Plavsky particles forms a giant crystal and cause Gunpla on the island to go out of control. The Gunpla Fighters must band together to stop the crystal from wreaking havoc on all Gunpla Battle Systems around the world.""",,Gundam Build Fighters AR,"Gundam Build Fighters, Gundam Build Fighters: SD Kishi Fighters, Gundam Build Fighters Try, Gundam Build Fighters: GM no Gyakushuu, Gundam Build Fighters: Battlogue","Fumina Hoshino, Sekai Kamiki, Yuuma Kousaka, Shinya Watada
Director, Yuuki Hayashi
Music, Kenichi Oonuki
Character Design","Shinya Watada : Director, Yuuki Hayashi : Music, Kenichi Oonuki : Character Design"
"Three Leaves, Three Colors", Sansha Sanyou,TV   ,12.0,Doga Kobo,Spring,"Comedy, Seinen, Slice of Life, All-Girls School, School Life, Based on a 4-Koma Manga, Based on a Manga",3.51,2016.0,,"'Futaba Odagiri is the energetic transfer student who befriends Teru Hayama, the class president who is meaner than she looks, and Youko Nishikawa, a former rich girl who still acts like a princess. Three very different girls who only share one thing: the kanji for leaf in their names. Balancing school and life is hard enough, but what about dealing with clashing personalities on top of it all?'",,"Three Leaves, Three Colors, Three Leaves, Three Colors Anthology Comic","Three Leaves, Three Colors Specials","Futaba Odagiri : Mai Kanazawa, Teru Hayama : Ayaka Imamura, Youko Nishikawa : Yuu Wakui, Asako Kondou : Aina Suzuki, Kou Hayama : Asuka Nishi, Serina Nishiyama : Machico, Bel : Shiori Katsuta, Eternal : Tomomi Yoshikai, Cherry Arai
Original Creator, Yasuhiro Kimura
Director, Shuhei Mutsuki
Music, Jun Yamazaki
Character Design, Atsushi Yoshikawa
Producer, Touko Yatabe
Episode Director & Storyboard, Shin Wakabayashi
Storyboard, Saki Takahashi
Key Animator","Cherry Arai : Original Creator, Yasuhiro Kimura : Director, Shuhei Mutsuki : Music, Jun Yamazaki : Character Design, Atsushi Yoshikawa : Producer, Touko Yatabe : Episode Director & Storyboard, Shin Wakabayashi : Storyboard, Saki Takahashi : Key Animator"
JADE, Hisui,Movie,,,,"Abstract, Illness, Shorts",3.5,2016.0,,'A woman is pronounced to be ill but it is too much for her to accept. Her thoughts and worries continually change to makes a strange and mysterious world.',,,,"Woman, Crab : Manami Nagashima, Kingfisher : Hiroshi Takayama, Yume Ukai
Director, Megumu Hanayama
Music, Yuichi Ito
Producer","Yume Ukai : Director, Megumu Hanayama : Music, Yuichi Ito : Producer"
The Heroic Legend of Arslan OVA, Arslan Senki OVA,OVA  ,2.0,LIDEN FILMS,,"Comedy, Fantasy, Shounen, Medieval, Middle Eastern, Royalty, Based on a Manga",3.5,2016.0,,"'Hiromu Arakawa is supervising the ""original DVD,"" which will feature ""another comedy story"" that takes place in the middle of the war. In the story, Gieve gives Arslan a love lesson, and the romances of Daryun, Narsus, and ""that hero"" are also revealed.'",,"The Heroic Legend of Arslan (Light Novel), The Heroic Legend of Arslan (Chisato NAKAMURA), The Heroic Legend of Arslan","The Heroic Legend of Arslan (1991), The Heroic Legend of Arslan, The Heroic Legend of Arslan: The Blade to Retake the Kingdom, The Heroic Legend of Arslan Specials, Kigyou Senshi Arslan, The Heroic Legend of Arslan: Dust Storm Dance","Arslan : Yusuke Kobayashi, Gieve : Kenn, Rajendra : Kohsuke Toriumi, Alfreed : Manami Numakura, Daryun : Yoshimasa Hosoya, Elam : Natsuki Hanae, Falangies : Maaya Sakamoto, Guiscard : Takehito Koyasu, Yoshiki Tanaka
Original Creator, Hiromu Arakawa
Original Creator, Noriyuki Abe
Director, Tarou Iwashiro
Music, Kazuo Watanabe
Character Design, Ushio Tazawa
Character Design, Shingo Ogiso
Character Design, Reo Kurosu
Producer","Yoshiki Tanaka : Original Creator, Hiromu Arakawa : Original Creator, Noriyuki Abe : Director, Tarou Iwashiro : Music, Kazuo Watanabe : Character Design, Ushio Tazawa : Character Design, Shingo Ogiso : Character Design, Reo Kurosu : Producer"
Trickster OVA: Episode 00," Trickster: Edogawa Ranpo ""Shounen Tanteidan"" yori OVA",OVA  ,1.0,,,"Mystery, Detectives, Original Work",3.5,2016.0,,"'""OVA Episode 00"" will have two parts for a total of 50 minutes of video. The first episode will focus on the past between Kogorou Akechi and the Fiend With Twenty Faces, while the second will focus on the Boy Detectives Club before Kobayashi and Hanazaki met.'",,,Trickster,"Fiend With Twenty Faces, Kogorou Akechi",
Kurage-P: Chururira Chururira Daddadda!,,Music,,,,Vocaloid,3.5,2016.0,,'No synopsis yet - check back soon!',,,,"Yukari Yuzuki, Kurage-P
Producer",Kurage-P : Producer
The God of High School PV,,Web  ,1.0,,,"Action, Fantasy, Hand to Hand Combat, Korean Animation, Martial Arts, Promotional, Superpowers, Based on a Webtoon",3.5,2016.0,,"'It all began as a fighting tournament to seek out for the best fighter among all high school students in Korea. Mori Jin, a Taekwondo specialist and a high school student, soon learns that there is something much greater beneath the stage of the tournament.'",,The God of High School,The God of High School,"Mori Jin, Daewi Han, Ilpyo Park, Mira Yoo, Taek Jegal, Bora Mah, Mandeok Sang, Mujin Park, Yong-Je Park
Original Creator, Younha
Song Performance","Yong-Je Park : Original Creator, Younha : Song Performance"
Notes on Monstropedia, Kaibutsu Gakushou,Movie,,Yamamura Animation,,"Fantasy, Monsters, Shorts",3.5,2016.0,,'No synopsis yet - check back soon!',,,,"Koji Yamamura
Director",Koji Yamamura : Director
The Snack World: Hitogirai no Renny,,Movie,,OLM,,"Adventure, Fantasy, Shounen, Shorts, CG Animation",3.5,2016.0,,'No synopsis yet - check back soon!',,The Snack World,"The Snack World (2015), The Snack World","Motonori Sakakibara
Director",Motonori Sakakibara : Director
Mafumafu: Yume no Mata Yume,,Music,,,,"Animal Characteristics, Japanese Mythology, Supernatural, Youkai",3.49,2016.0,,"'The official music video for Yume no Mata Yume from the album Ashita Iro World End, by Mafumafu.'",,,,"Mafumafu
Music",Mafumafu : Music
Ninja Girl & Samurai Master, Nobunaga no Shinobi,TV   ,26.0,TMS Entertainment,Fall ,"Comedy, Seinen, 16th Century, Chibi, Feudal Japan, Historical, Ninja, Overpowered Main Characters, Rebellions, Short Episodes, Based on a 4-Koma Manga, Based on a Manga",3.49,2016.0,2017.0,"'The year is 1555, the middle of the Warring States period, and one young man holds on to a very big dream. That young man, known as an empty-headed fool, is none other than Oda Nobunaga. Enchanted by his dream, a certain young girl who admires Nobunaga swears that she will become his ninja one day. Nobunaga has one goal: to unify Japan by military might! Decorated by a colorful cast of characters, including the airheaded Kichou, the errand boy Hideyoshi, the tsundere Nene, the straight man Mitsuhide, and the half-dead Hanbei, this heavy-hitting wartime gag anime is about to begin!!'",,Nobunaga no Shinobi,"Ninja Girl & Samurai Master Episode 0, Ninja Girl & Samurai Master 2nd Season, Ninja Girl & Samurai Master 3rd Season","Chidori : Inori Minase, Nobunaga Oda : Wataru Hatano, Hanbee Takenaka : Daisuke Hirakawa, Hideyoshi Kinoshita : Kappei Yamaguchi, Kichou : Chiaki Takahashi, Nene : Rie Kugimiya, Oichi : Suzuko Mimori, Sukezou : Ayumu Murase, Naoki Shigeno
Original Creator, Akitarou Daichi
Director, Toshio Masuda
Music, Junko Yamanaka
Character Design","Naoki Shigeno : Original Creator, Akitarou Daichi : Director, Toshio Masuda : Music, Junko Yamanaka : Character Design"
Turning Mecard W,,TV   ,26.0,,,"Action, Mecha, Sci Fi, Cars, Family Friendly, Korean Animation",3.49,2016.0,,'No synopsis yet - check back soon!',,,"Turning Mecard, Turning Mecard W Movie: Black Mirror ui Buhwal, Turning Mecard W 2nd Season, Turning Mecard R, Turning Mecard W: Vandyne-ui Bimil, Dino Mecard, Turning Mecard W: Vandyne-ui Bimil - Teugbyeolpan",Jason,
Zhu Zhu Xia: Fan Wai - Pin Zhuang Tegong Dui,,Web  ,26.0,,,"Adventure, Animal Protagonists, Anthropomorphic, Chinese Animation, Family Friendly, Non-Human Protagonists, Pigs, CG Animation",3.49,2016.0,2017.0,"'Teaming up as an agent squad, GG Bond and his pals travel around the world to help people solve their problems. Although their journeys are full of danger and unknown, these brave agents are highly committed to their missions and never step back. On their way of the global adventure, they can also learn about local cultures and customs, which are accompanied with funny stuff and interesting stories. You never know what they will run into in their next mission...'",,,"Zhu Zhu Xia: Da Nao Huang Gong, Zhu Zhu Xia: Mo Huan Zhu Luo Ji, Zhu Zhu Xia: Wu Xia 2008, Zhu Zhu Xia: Yong Chuang Weilai Cheng, Bai Bian Zhu Zhu Xia, Zhu Zhu Xia: Jimu Shijie De Tong Hua, Zhu Zhu Xia: Xingfu Jiuyuan Dui, Zhu Zhu Xia Movie 1: Jiong Jiong Wei Ji, Zhu Zhu Xia: Bian Shen Xiao Ying Xiong, Zhu Zhu Xia: Bian Shen Zhandu, Zhu Zhu Xia Movie 2: Yong Chuang Juren Dao, Zhu Zhu Xia: Bai Bian Lian Meng, Zhu Zhu Xia Movie 3: Zhong Ji Jue Zhan, Zhu Zhu Xia Movie 3: Zhong Ji Jue Zhan - Qian Ye Pian, Zhu Zhu Xia: Wu Ling Shou Wei Zhe, Zhu Zhu Xia: Guang Ming Shou Wei Zhe, Zhu Zhu Xia: Meng Xiang Shou Wei Zhe, Zhu Zhu Xia Movie 4: Ying Xiong Zhu Shao Nian, Zhu Zhu Xia: Chao Xing Meng Chong, Zhu Zhu Xia: Jing Qiu Xiao Yingxiong, Zhu Zhu Xia: Konglong Riji, Zhu Zhu Xia Movie 5: Bukesiyi de Shijie, Zhu Zhu Xia: Jing Su Xiao Yingxiong",,
Hikari yo, O Light,Music,,,,"Drama, Vocaloid",3.49,2016.0,,'No synopsis yet - check back soon!',,,,"Kikuo
Producer",Kikuo : Producer
Kemy Tamheomdae, Kemy Expedition,TV   ,26.0,,,"Animal Protagonists, Anthropomorphic, Educational, Family Friendly, Korean Animation, Non-Human Protagonists, CG Animation",3.49,2016.0,,'No synopsis yet - check back soon!',,,"Kemy Lang Buka Chaka, Kemy",Kemy,
Norman the Snowman: On a Night of Shooting Stars, Norman the Snowman: Ashi Hoshi no Furu Yoru Ni,Movie,,Tecarat,,"Adventure, Fantasy, Family Friendly, Shorts, Stop Motion Animation, Original Work",3.49,2016.0,,'This is the story of a boy who travels with a snowman to a snowy land to see shooting stars.',,,Norman the Snowman: The Northern Light,"Norman, Takeshi Yashiro
Director",Takeshi Yashiro : Director
Undefeated Bahamut Chronicle, Saijaku Muhai no Bahamut,TV   ,12.0,Lerche,Winter,"Action, Ecchi, Fantasy, Harem, Mecha, Romance, Sci Fi, Newly Co-ed School, School Life, Based on a Light Novel",3.49,2016.0,,"'From the broken, charred pieces of the Arcadia Empire, a new kingdom arose. To protect itself from future foes, the new Kingdom of Atismata began training Drag-Knights to wield ancient mechanical dragons known as Drag-Rides. When Lux Arcadia, former prince of the ruined Empire, sights the new kingdom’s princess, Lisesharte Atismata, naked, she challenges him to a Drag-Ride duel, beginning an odd chain reaction that will expose the dark secrets of both royal families.'",,"Undefeated Bahamut Chronicle (Light Novel), Undefeated Bahamut Chronicle",,"Krulcifer Einfolk : Yukiyo Fujii, Lisesharte Atismata : Lynn, Lux Arcadia : Mutsumi Tamura, Philuffy Aingram : Yurika Kubo, Airi Arcadia : Ari Ozawa, Celestia Ralgris : Risa Taneda, Hayes : Hisako Kanemoto, Saniya Lemise : M.A.O., Masaomi Andou
Director, Akito Matsuda
Music, Keiko Kurosawa
Character Design, Eiji Inomoto
Cg Director, Kazuhiko Hasegawa
Producer, Shou Tanaka
Producer, Shingo Yokota
Producer, Terushige Yoshie
Producer","Masaomi Andou : Director, Akito Matsuda : Music, Keiko Kurosawa : Character Design, Eiji Inomoto : Cg Director, Kazuhiko Hasegawa : Producer, Shou Tanaka : Producer, Shingo Yokota : Producer, Terushige Yoshie : Producer"
Hitoshizuku-P × Yama△: Shukufuku no Messiah to Ai no Tou, Hitoshizuku-P × Yama△: Blessed Messiah and the Tower of AI,Music,,,,Vocaloid,3.49,2016.0,,'No synopsis yet - check back soon!',,,,"Miku Hatsune, Gakupo Kamui, Gumi, Ia, Kaito, Len Kagamine, Luka Megurine, Mayu, Hitoshizuku-P
Producer, Yama△
Producer","Hitoshizuku-P : Producer, Yama△ : Producer"
Beyblade: Burst,,TV   ,51.0,OLM,Spring,"Action, Shounen, Proxy Battles",3.48,2016.0,2017.0,"'Valt Aoi is a hot-blooded kid who loves to attack and wields a Beyblade named Valkyrie. His close friend Shū Kurenai is an elite Blader who is a genius but still puts in a lot of effort, and wields the Beyblade named Spriggan.'",,"Beyblade, Beyblade Taisen Seiryuuden, Metal Fight Beyblade, Beyblade Burst, Bakuten Shoot Beyblade: Rising","Beyblade, Beyblade: V-Force, Beyblade the Movie: Fierce Battle, Beyblade: G Revolution, Beyblade: Metal Fusion, Metal Fight Beyblade vs. Taiyou: Shakunetsu no Shinryakusha Sol Blaze, Beyblade: Metal Masters, Beyblade: Metal Fury, Beyblade: Shogun Steel, Beyblade: Shogun Steel Specials, Beyblade: Burst God, 40-Shuunen da yo! Coro Coro All-Star Shougakkou, Beyblade: Burst Chouzetsu, Beyblade: Burst Gachi, Beyblade Burst Surge, Beyblade Burst Dynamite Battle","Dyna Kurogami : Ayahi Takagaki, Kensuke Midorikawa : Tsubasa Yonaga, Rantarou Kiyama : Fumihiro Okabayashi, Valt Aoi : Marina Inoue, Nika Aoi : Aoi Inase, Shuu Kurenai : Junya Enoki, Tokonatsu Aoi : You Taichi, Wakiya Komurasaki : Yuu Kobayashi, Katsuhito Akiyama
Director, Toshiaki Ohashi
Character Design, Kazuki Kawagoe
Episode Director","Katsuhito Akiyama : Director, Toshiaki Ohashi : Character Design, Kazuki Kawagoe : Episode Director"
6HP - Six Hearts Princess,,TV Sp,,Poncotan,,"Action, Fantasy, Magical Girl, Henshin Heroes, Magic, Original Work",3.48,2016.0,,"'Haruka Hani is a second-year junior high school student who goes to a school called Hinomori Gakuen. A member of the school drama club, she has been working on the script for a play the club plans to put on at the upcoming school festival. She’s been having trouble finishing it, and her childhood friend Tamaki Teijou has been urging her to hurry up. All in all, she seems to be enjoying her life. From time to time, monsters called Zaiju (Beasts of Sin) appear and attack Hinomori, the town where Haruka lives. But the Heart Princesses are there to fight the monsters.\xa0Haruka looks up to these princesses who protect the people of Hinomori from the Zaiju, wishing that she too could be a princess someday. Then one day, when she is working on the script at home, a mysterious cat named Jin comes to her and says, “You seem to have the right qualities to be a princess. What do you think? Would you become a princess?”'",,,,"Haruka Hani, Takashi Murakami
Director, Mebae
Character Design","Takashi Murakami : Director, Mebae : Character Design"
Eve: Demon Dance Tokyo,,Music,,,,Supernatural,3.48,2016.0,,"'The official music video for Demon Dance Tokyo from the album 文化, by Eve.'",,,,"Mah
Director, Mi8K
Music, Rokoru
Animation Director, Eve
Song Performance","Mah : Director, Mi8K : Music, Rokoru : Animation Director, Eve : Song Performance"
Rage of Bahamut: Genesis - Short Stories, Shingeki no Bahamut: Genesis - Short Stories,Web  ,2.0,MAPPA,,"Action, Adventure, Fantasy, Angels, Bounty Hunters, Demons, Magic, Monsters, Short Episodes, Based on a Mobile Game",3.48,2016.0,2017.0,'The short movie focuses on Favaro and Kaiser between the events of the first and second series.',,"Rage of Bahamut: Twin Heads, Rage of Bahamut: Manaria Friends","Rage of Bahamut: Genesis - Roundup, Rage of Bahamut: Genesis, Rage of Bahamut: Virgin Soul, Mysteria Friends","Favaro Leone, Kaisar Lidfard",
Mafumafu: Super Nuko ni Naritai, Mafumafu: I Want to Be a Super Nuko,Music,,,,"Animal Characteristics, Animal Protagonists, Cats, Non-Human Protagonists",3.48,2016.0,,"'The official music video for I Want to Be a Super Nuko from the album Ashita Iro World End, by Mafumafu.'",,,,"Mafumafu
Music",Mafumafu : Music
Mobile Suit Gundam Unicorn: A Phantom World, Kidou Senshi Gundam Unicorn: A Phantom World,Other,,,,"Action, Mecha, Sci Fi, Shorts",3.48,2016.0,,"""The short begins when an Anaheim Electronics-manufacture Sinanju Stein unit, stolen and now affiliated with the Neo Zeon unit Sleeves, bursts through the Earth's stratosphere. The Unicorn takes off from the Nahel Argama and moves to intercept. While it engages with the Sinanju Stein, the Banshee Norn and Phenex are moving to assist.""",,,Mobile Suit Gundam Unicorn,,
Overlord: Play Play Pleiades OVA, Overlord: Ple Ple Pleiades OVA,OVA  ,1.0,Studio Puyukai,,"Comedy, Fantasy, Chibi, Magic, Person in a Strange World, RPG, Skeletons, Virtual Reality, Based on a Light Novel",3.48,2016.0,,'No synopsis yet - check back soon!',,"Overlord (Light Novel), Overlord","Overlord, Overlord: Play Play Pleiades, Overlord: Ple Ple Pleiades Theatrical Version, Overlord II, Overlord II: Play Play Pleiades, Overlord III: Play Play Pleiades, Overlord: Ple Ple Pleiades - Clementine Toubou-hen","Momonga : Satoshi Hino, Albedo, Aura Bella Fiora, Cocytus, Demiurge, Entoma Vasilissa Zeta, Lupusregina Beta, Mare Bello Fiore, Kugane Maruyama
Original Creator, Minoru Ashina
Director, Minoru Takehara
Character Design","Kugane Maruyama : Original Creator, Minoru Ashina : Director, Minoru Takehara : Character Design"
Danganronpa 3: Monokuma Gekijou, Danganronpa 3: Monokuma Theater,DVD S,,,,"Comedy, Chibi",3.48,2016.0,,'No synopsis yet - check back soon!',,,"Danganronpa 3: The End of Hope's Peak Academy- Future Arc, Danganronpa 3: The End of Hope's Peak Academy- Despair Arc","Juuzou Sakakura : Junichi Suwabe, Monokuma : Tarako Isono, Nagito Komaeda : Megumi Ogata, Ruruka Andou : Inori Minase, Usami : Takako Sasuga, Daisuku Bandai : Rie Kugimiya, Izuru Kamukura : Minami Takayama, Nekomaru Nidai : Hiroki Yasumoto",
Bonobono (2016), BONO BONO (2016),TV   ,292.0,Eiken,Spring,"Comedy, Animal Protagonists, Forest, Non-Human Protagonists, Short Episodes, Based on a 4-Koma Manga, Based on a Manga",3.47,2016.0,,"'Bonobono, a young sea otter, bonds with Chipmunk, Fishing Cat and other friendly woodland creatures. In between the gags, this unique series deals with philosophically nuanced questions such as, ""What is life?'",,Bonobono,"Bonobono Movie, Bonobono, Bonobono: Kumomo no Ki no Koto, Bonobono: Uchuu kara Kita Tomodachi","Araiguma : Shinpei Takano, Bonobono : Fukuko Yukimiyama, Shimarisu : Aya Ogata, Sunadorineko : Yuuki Kurofuji, Araiguma'S Father, Badger, Badger'S Father, Boar, Mikio Igarashi
Original Creator, Hidenori Yamaguchi
Director","Mikio Igarashi : Original Creator, Hidenori Yamaguchi : Director"
Pinocchio-P: Kimi mo Warui Hito de Yokatta, Pinocchio-P: I'm glad you're evil too,Music,,,,Vocaloid,3.47,2016.0,,'No synopsis yet - check back soon!',,,,"Miku Hatsune, Pinocchio-P
Producer",Pinocchio-P : Producer
Brave Witches,,TV   ,12.0,SILVER LINK.,Fall ,"Action, Ecchi, Sci Fi, Aliens, Animal Characteristics, Guns, Historical, Magic, Military, Panty Shots, Original Work, Nudity",3.47,2016.0,,"'In September of 1944, thanks to the actions of the Allied Forces, with the 501st Joint Fighter Wing ""Strike Witches"" at their center, the Neuroi nest in the skies above the Republic of Gallia was eliminated, ensuring the security of western Europe. The Allied Forces took advantage of this victory to plan to take their resistance to central and eastern Europe in earnest. At their base in Petersburg in the Empire of Orussia, the 502nd Joint Fighter Wing ""Brave Witches"" prepared to receive orders to deploy... With the hope of mankind at their backs, the courageous Witches of the 502nd take to the cold skies over eastern Europe.'",Nudity,"Strike Witches (Light Novel), Strike Witches: Maidens in the Sky, Strike Witches: The Sky that Connects Us, Strike Witches: 1937 Fuso Sea Incident, Strike Witches: One-Winged Witches, Strike Witches: Aurora no Majo, Noble Witches: Dai 506 Tougou Sentou Koukuudan (Light Novel), Brave Witches: 502nd JFW Takeoff!, Brave Witches Prequel (Light Novel), Brave Witches Prequel: Orussia no Daichi, Strike Witches: 501 Butai Hasshinshimasu! Zoku","Strike Witches OVA, Strike Witches, Strike Witches 2, Strike Witches Movie, Strike Witches: Operation Victory Arrow, Brave Witches: The Great Petersburg Strategy, Strike Witches: Road to Berlin","Aleksandra I. Pokryshkin : Yumi Hara, Edytha Rossmann : Hiromi Igarashi, Georgette Lemare : Haruka Terui, Gundula Rall : Rina Satou, Hikari Karibuchi : Ai Kakuma, Naoe Kanno : Rie Murakawa, Nikka Edvardine Katajainen : Natsumi Takamori, Sadako Shimohara : Marin Mizutani, Kazuhiro Takamura
Director & Character Design, Seikou Nagaoka
Music","Kazuhiro Takamura : Director & Character Design, Seikou Nagaoka : Music"
Eve: Sister,,Music,,,,"Melancholy, Siblings",3.47,2016.0,,"'The official music video for\xa0Sister from the album Culture, by Eve.'",,,,"Avogado6
Director, Eve
Producer & Song Composition & Song Lyrics & Song Performance, Ramne
Song Arrangement","Avogado6 : Director, Eve : Producer & Song Composition & Song Lyrics & Song Performance, Ramne : Song Arrangement"
Cyborg 009: Call of Justice - Movie 2,,Movie,,Signal.MD,,"Action, Sci Fi, Cyborgs, Based on a Manga, CG Animation",3.47,2016.0,,'No synopsis yet - check back soon!',,,"Cyborg 009: Call of Justice - Movie 1, Cyborg 009: Call of Justice - Movie 3","Albert Heinrich : Satoshi Hino, Chang Changku : Mitsuaki Madono, Francoise Arnoul : Risa Taneda, Geronimo Jr. : Kenji Nomura, Great Britain : Setsuji Satou, Isaac Gilmore : Ryou Sugisaki, Ivan Whisky : Misato Fukuen, Jet Link : Takuya Satou, Shotaro Ishinomori
Original Creator, Kenji Kamiyama
Chief Director, Koudai Kakimoto
Director, Yoshikazu Iwanami
Sound Director, Katsuji Morishita
Producer","Shotaro Ishinomori : Original Creator, Kenji Kamiyama : Chief Director, Koudai Kakimoto : Director, Yoshikazu Iwanami : Sound Director, Katsuji Morishita : Producer"
Ninja Girl & Samurai Master Episode 0, Nobunaga no Shinobi Episode 0,TV Sp,,TMS Entertainment,,"Comedy, Seinen, 16th Century, Chibi, Feudal Japan, Historical, Ninja, Based on a 4-Koma Manga, Based on a Manga",3.47,2016.0,,"""Oda Nobunaga saves a girl from drowning one day. She clumsily tells him that she's a shinobi. Instead of attempting to kill him, she swears to serve him one day after hearing his plans to unify Japan.""",,Nobunaga no Shinobi,"Ninja Girl & Samurai Master, Ninja Girl & Samurai Master 2nd Season, Ninja Girl & Samurai Master 3rd Season","Chidori : Inori Minase, Nobunaga Oda : Wataru Hatano, Hanbee Takenaka, Hideyoshi Kinoshita, Kichou, Mitsuhide Akechi, Momochi Tanba, Motoyasu Matsudaira, Naoki Shigeno
Original Creator, Akitarou Daichi
Director, Toshio Masuda
Music, Junko Yamanaka
Character Design","Naoki Shigeno : Original Creator, Akitarou Daichi : Director, Toshio Masuda : Music, Junko Yamanaka : Character Design"
Monster Strike: Mermaid Rhapsody,,Web  ,1.0,Studio Hibari,Summer,"Action, Fantasy, Monsters, Based on a Mobile Game",3.47,2016.0,,"'Minami\'s father, a former mercenary, is invited to an American naval party. Ren and the gang end up heading to Okinawa with him for summer break. On a sandy beach, Ren meets a mysterious girl.""Help me..."" The girl leaves Ren with those words as she disappears.Ren is drawn to the girl and the meaning of those words. He makes it his mission to save her, and uncover the truth. Who is the girl? Why did she ask Ren for help? The girl\'s true identity slowly unveils...'",,,"Monster Strike, Monster Strike: An Encore and Continuance - Pandora's Box, Monster Strike: Rain of Memories, Monster Strike The Movie, Monster Strike 2nd Season, Monster Strike: The Long-Awaited Utopia, Monster Strike: A Rhapsody Called Lucy -The Very First Song-, MSonic! D'Artagnyan's Rise to Fame, Monster Strike: The Fading Cosmos, Monster Strike the Animation","Lyra Kiskill : Kana Hanazawa, Ren Homura : Yusuke Kobayashi, Akira Kagetsuki : Kengo Kawanishi, Amanda Jensen : Yuki Kaida, Aoi Mizusawa : Lynn, Minami Wakaba : Juri Kimura, Captian Soolu, Dolph Wakaba : Yasuhiro Mamiya, Toshiya Niidome
Director, Satoru Kousaki
Music, Kuniyuki Takahashi
Music, Ryuuichi Takada
Music, Keiichi Hirokawa
Music, Nao Hirasawa
Producer","Toshiya Niidome : Director, Satoru Kousaki : Music, Kuniyuki Takahashi : Music, Ryuuichi Takada : Music, Keiichi Hirokawa : Music, Nao Hirasawa : Producer"
Zegapain ADP,,Movie,,Sunrise,,"Action, Mecha, Romance, Sci Fi, Post-apocalyptic, Psychological, Recap, Virtual Reality",3.47,2016.0,,"'The film will recompile scenes from the television series, alongside newly animated scenes and cuts, as well as new characters.'",,,Zegapain,"Kyo Sogoru : Shintarou Asanuma, Ryoko Kaminagi : Kana Hanazawa, Shizuno Misaki : Ayako Kawasumi, Mao Lu Shen : Romi Park, May-Yen Jen : Akeno Watanabe, May-Yu Jen : Yui Makino, Shima : Tomohiro Tsuboi, Masami Shimoda
Director, Ayako Ootsuka
Music, Akihiko Yamashita
Character Design, Marie Tagashira
Character Design","Masami Shimoda : Director, Ayako Ootsuka : Music, Akihiko Yamashita : Character Design, Marie Tagashira : Character Design"
ViVid Strike!,,TV   ,12.0,Seven Arcs,Fall ,"Action, Fantasy, Magical Girl, Henshin Heroes, Magic, Martial Arts, Tournaments, Original Work, Bullying,, Emotional Abuse,, Mature Themes,, Physical Abuse,, Violence",3.47,2016.0,,"'Fuuka and Rinne lived in an orphanage. Together, as childhood friends who were like sisters, they endured a poor life as they dreamed of a bright future. However, the coming of the ""second separation"" was about to drastically change the fate of both Fuuka and Rinne…'","Bullying,, Emotional Abuse,, Mature Themes,, Physical Abuse,, Violence",,"Magical Girl Lyrical Nanoha, Magical Girl Lyrical Nanoha A's, Magical Girl Lyrical Nanoha StrikerS, Magical Girl Lyrical Nanoha ViVid, ViVid Strike! Specials","Fuuka Reventon : Inori Minase, Rinne Bellinetta : Yui Ogura, Einhald Stratos : Mamiko Noto, Vivio : Kaori Mizuhashi, Carrie Tercel, Corona Timil : Misato Fukuen, Miura Rinaldi : Kanae Itou, Nove Nakajima : Chiwa Saitou, Junji Nishimura
Director, Youichirou Yoshikawa
Music, Mariko Itou
Character Design, Jun Fukuda
Producer, Tomohiro Arai
Producer, Hiromasa Kuroki
Producer, Kenichi Iguchi
Producer, Issei Arakaki
Chief Animation Director","Junji Nishimura : Director, Youichirou Yoshikawa : Music, Mariko Itou : Character Design, Jun Fukuda : Producer, Tomohiro Arai : Producer, Hiromasa Kuroki : Producer, Kenichi Iguchi : Producer, Issei Arakaki : Chief Animation Director"
Mob Psycho Mini,,DVD S,,Bones,,Comedy,3.46,2016.0,2017.0,'No synopsis yet - check back soon!',,Mob Psycho 100: Reigen,Mob Psycho 100,"Arataka Reigen, Shigeo Kageyama, Teruki Hanazawa",
Inazuma Eleven: Outer Code,,Web  ,6.0,Fall 2016,,"Sports, Short Episodes, Soccer",3.46,2016.0,2017.0,'No synopsis yet - check back soon!',,Inazuma Eleven: Penguin wo Tsugu Mono,"Inazuma Eleven, Inazuma Eleven: Saikyou Gundan Ogre Shuurai, Inazuma Eleven GO, Inazuma Eleven GO: Kyuukyoku no Kizuna Gryphon, Inazuma Eleven GO: Chrono Stone, Inazuma Eleven GO: Galaxy, Inazuma Eleven: Chou Jigen Dream Match, Inazuma Eleven: Ares no Tenbin","Akio Fudou : Yuuki Kaji, Aphrodi : Yuuko Sanpei, Atsuya Fubuki : Mamoru Miyano, Hiroto Kira : Toshiki Masuda, Hiroto Kiyama : Takahiro Mizushima, Shirou Fubuki : Mamoru Miyano, Jirou Sakuma : Megumi Tano, Kiyo Matsuzaka : Kazuko Sugiyama",
Concrete Revolutio: The Last Song, Concrete Revolutio: Choujin Gensou The Last Song,TV   ,11.0,Bones,Spring,"Action, Superheroes, Supernatural, Superpowers, Original Work",3.46,2016.0,,"""Titans from outer space, life forms from a mystical world, phantoms and goblins from ancient times, cyborgs created by scientists, relics that rose out of the ruins of ancient civilizations. In another Japan, it's not just a question of “what if”—it's a reality. Some of the superhumans choose to keep their identities a secret, while others bask in their superhuman fame. Jirou Hitoyoshi, member of the Superhuman Bureau, keeps track of their doings.""",,Concrete Revolutio: The Complete Saga,Concrete Revolutio,"Emi Kino : Aki Toyosaki, Jirou Hitoyoshi : Kaito Ishikawa, Kikko Hoshino : Sumire Uesaka, Fuurouta : Eriko Nakamura, Hyouma Yoshimura : Tokuyoshi Kawashima, Magotake Hitoyoshi : Shinichirou Miki, Michiko Touzaki : Mai Yamane, Raito Shiba : Kenichi Suzumura, Seiji Mizushima
Director, Kakeru Ishihama
Music, Keigo Hoashi
Music, Yousuke Yamamoto
Music, Yoshiyuki Itou
Character Design, Yoshihiro Ooyabu
Producer, Minoru Takanashi
Producer, Hirotaka Kaneko
Producer","Seiji Mizushima : Director, Kakeru Ishihama : Music, Keigo Hoashi : Music, Yousuke Yamamoto : Music, Yoshiyuki Itou : Character Design, Yoshihiro Ooyabu : Producer, Minoru Takanashi : Producer, Hirotaka Kaneko : Producer"
Tsukiuta. The Animation,,TV   ,13.0,Pierrot,Summer,"Anthropomorphic, Based on a Song, Episodic, Idols, Music, Showbiz",3.46,2016.0,,"'Six Gravity and Procellarum are two rival male idol groups who happen to live in the\xa0same dorm. Six Gravity is made up of young men who represent the months of\xa0December to May, while Procellarum’s members\xa0represent June to November. Follow\xa0the daily lives of these twelve young men as they deal with the stresses of idol-hood,\xa0school, and living together.'",,"Tsukiuta. Anthology, Tsukiuta. The Animation",Tsukiuta. The Animation 2,"Aoi Satsuki : Kenn, Arata Uzuki : Yoshimasa Hosoya, Hajime Mutsuki : Kohsuke Toriumi, Haru Yayoi : Tomoaki Maeno, Iku Kannazuki : Kensho Ono, Kai Fuzuki : Wataru Hatano, Kakeru Shiwasu : Yuuki Kaji, Koi Kisaragi : Toshiki Masuda, Itsurou Kawasaki
Director & Episode Director & Screenplay & Series Composition & Storyboard, Yukiko Ban
Character Design, Atsunori Yoshida
Producer, Tomoyo Kamiji
Producer, Rie Matsubara
Editor, Kensuke Ishikawa
Chief Animation Director","Itsurou Kawasaki : Director & Episode Director & Screenplay & Series Composition & Storyboard, Yukiko Ban : Character Design, Atsunori Yoshida : Producer, Tomoyo Kamiji : Producer, Rie Matsubara : Editor, Kensuke Ishikawa : Chief Animation Director"
MIYAVI: Afraid To Be Cool,,Music,,,,"Abstract, Music",3.46,2016.0,,'No synopsis yet - check back soon!',,,MIYAVI: Raise Me Up Teaser Video,"Miyavi
Music",Miyavi : Music
Myriad Colors Phantom World: The Polka Dot Miracle, Musaigen no Phantom World: Mizutama no Kiseki,DVD S,,Kyoto Animation,,"Action, Comedy, Ecchi, Fantasy, Slice of Life, Magic, Supernatural, Based on a Light Novel",3.45,2016.0,,'No synopsis yet - check back soon!',,Myriad Colors Phantom World (Light Novel),"Myriad Colors Phantom World, Myriad Colors Phantom World: Limitless Phantom World","Haruhiko Ichijou : Hiro Shimono, Koito Minase : Maaya Uchida, Kurumi Kumamakura : Misaki Kuno, Mai Kawakami : Sumire Uesaka, Reina Izumi : Saori Hayami, Ruru : Azusa Tadokoro, Arisu Himeno : Kikuko Inoue, Shousuke Morohashi : Daisuke Sakaguchi",
Anne-Happy,,TV   ,12.0,SILVER LINK.,Spring,"Comedy, Seinen, All-Girls School, School Life, Based on a Manga",3.45,2016.0,,"'A group of pitiable girls live their days with energy and cheer in this encouraging school comedy. All the students of Tennogofune Academy\'s Class 1-7 seem to be plagued by ""bad karma,"" or misfortune. Hanakoizumi An the unlucky, Hibarigaoka Ruri of the tragic love stories, Kumegawa Botan with her perpetually poor health, Hagyuu Hibiki with her bad sense of direction, and Ekoda Ren with constant women troubles have just joined the class, and they\'re all doing their best to live their high school lives as happily as they can...'",,Anne Happy,,"An Hanakoizumi : Yumiri Hanamori, Botan Kumegawa : Kiyono Yasuno, Hibiki Hagyuu : Hibiku Yamamura, Ren Ekoda : Mayu Yoshioka, Ruri Hibarigaoka : Haruka Shiraishi, Kodaira : Yumi Hara, Timothy : Chitose Morinaga, Botan'S Maid : Yuko Gibu, Cotoji
Original Creator, Shin Oonuma
Director & Episode Director & Op Director & Storyboard, Jin Tanaka
Series Composition, Monaca
Music, Miwa Ooshima
Character Design, Shunsuke Matsumura
Producer, Shouichi Horita
Producer, Toshiya Niikura
Producer","Cotoji : Original Creator, Shin Oonuma : Director & Episode Director & Op Director & Storyboard, Jin Tanaka : Series Composition, Monaca : Music, Miwa Ooshima : Character Design, Shunsuke Matsumura : Producer, Shouichi Horita : Producer, Toshiya Niikura : Producer"
Masamune Datenicle,,Web  ,6.0,Gaina,Spring,"Action, Fantasy, Feudal Japan, Historical, Original Work",3.45,2016.0,2018.0,"'When Date\xa0Masamune\xa0prays at a shrine connected with his clan for victory in his first battle, he receives a magic jewel from a dragon deity. The jewel resurrects 16 former Date clan heads with whom young Masamune fights for the future of his family.'",,,,"Date Masamune : Ayumu Murase, Yoshinori Asao
Chief Director, Satoru Kiyomaru
Director, Satoshi Kimura
Character Design","Yoshinori Asao : Chief Director, Satoru Kiyomaru : Director, Satoshi Kimura : Character Design"
The Testament of Sister New Devil BURST: Toujo Basara's Perfectly Peaceful Daily Life, Shinmai Maou no Testament Burst: Toujo Basara no Shigoku Heiwa na Nichijou,OVA  ,1.0,Production IMS,,"Ecchi, Fantasy, Harem, Borderline H, Contemporary Fantasy, Demons, Urban Fantasy, Based on a Light Novel, Explicit Sex",3.45,2016.0,,"'What’s the best way to celebrate a birthday? Well, to the succubus Maria, there’s only one thing to do—get Mio and Basara to hook up! Using the guise of Mio’s birthday, and a lust spell, she’s determined to have the perfect setup for a sexy celebration.'",Explicit Sex,"The Testament of Sister New Devil (Light Novel), The Testament of Sister New Devil, The Testament of Sister New Devil STORM!","The Testament of Sister New Devil, The Testament of Sister New Devil Specials, The Testament of Sister New Devil: Toujo Basara's Hard, Sweet Daily Life, The Testament of Sister New Devil BURST, The Testament of Sister New Devil BURST Specials, The Testament of Sister New Devil DEPARTURES","Basara Toujo : Yuuichi Nakamura, Maria Naruse : Kaori Fukuhara, Mio Naruse : Ayaka Asai, Yuki Nonaka : Sarah Emi Bridcutt, Chika Sakaki, Chisato Hasegawa : Yuu Asakawa, Shiho Aikawa : Saeko Zougou, Yahiro Takigawa, Hisashi Saitou
Director, Yasuharu Takanashi
Music, Yoshihiro Watanabe
Character Design, Chiaki Kurakane
Producer, Satoshi Motonaga
Producer","Hisashi Saitou : Director, Yasuharu Takanashi : Music, Yoshihiro Watanabe : Character Design, Chiaki Kurakane : Producer, Satoshi Motonaga : Producer"
Crayon Shin-chan Gaiden: Omocha Wars,,Web  ,13.0,Shin-Ei Animation,Fall ,"Comedy, Sci Fi, Short Episodes, Based on a Manga",3.45,2016.0,2017.0,"'The anime\'s plot is taken from the 41st volume of the original manga\'s ""Figure Wars"" story. The story begins when toys of Oban, a character from a tokusatsu (special effects) television show, becomes popular, but also loses popualrity quickly. Many unsold Oban toys are thrown away. A bolt of lightning strikes one of these toys one day, and gives it life. Alongside other toys thrown away by people, Oban swears revenge on humans, and attacks. At the same time, Oban\'s sworn enemy Chuukounen Kamen is also given life. Chuukounen Kamen, normally a middle-aged, overweight, and depressed man, powers up by eating cup noodles. Alongside Shinnosuke, he will fight to reclaim peace for the world.'",,"Crayon Shin-chan, Shin Crayon Shin-chan, Crayon Shin-chan Shin-Men, Crayon Shin-chan: Gachinko! Gyakushuu no Robot-chan","Crayon Shin-chan, Crayon Shin-chan Gaiden: Alien vs. Shinnosuke, Crayon Shin-chan Gaiden: Kazokuzure Ookami, Crayon Shin-chan Gaiden: O-O-O-No Shinnosuke","Shinnosuke Nohara : Akiko Yajima, Yoshito Usui
Original Creator, Hiroshi Nakamura
Music","Yoshito Usui : Original Creator, Hiroshi Nakamura : Music"
Berserk (2016),,TV   ,12.0,GEMBA,Summer,"Action, Fantasy, Seinen, Animeism, Dark Fantasy, Demons, Medieval, Mercenaries, Overpowered Main Characters, Swordplay, Based on a Manga, Animal Abuse,, Explicit Sex,, Explicit Violence,, Mature Themes",3.45,2016.0,,"'Spurred by the flame raging in his heart, the Black Swordsman Guts continues his seemingly endless quest for revenge. Standing in his path are heinous outlaws, delusional evil spirits, and a devout child of god.Even as it chips away at his life, Guts continues to fight his enemies, who wield repulsive and inhumane power, with nary but his body and sword—his strength as a human. What lies at the end of his travels? The answer is shrouded in the ""night."" Strain your eyes and stare into the dark!'","Animal Abuse,, Explicit Sex,, Explicit Violence,, Mature Themes","Berserk (Pilot), Berserk, Berserk: Shinen no Kami","Berserk, Berserk: Golden Age Arc I - The Egg of the King, Berserk: Golden Age Arc II - The Battle for Doldrey, Berserk: Golden Age Arc III - The Advent, Berserk (2016) Recap, Berserk (2017)","Guts : Hiroaki Iwanaga, Casca : Toa Yukinari, Farnese De Vandimion : Youko Hikasa, Isidro : Hiro Shimono, Luca : Miyuki Sawashiro, Mozgus : Rikiya Koyama, Nina : Natsumi Takamori, Puck : Kaoru Mizuhara, Kentaro Miura
Original Creator, Shin Itagaki
Director & Storyboard, Shirou Sagisu
Music, Susumu Hirasawa
Music, Hisashi Abe
Character Design, Yoshikazu Iwanami
Sound Director","Kentaro Miura : Original Creator, Shin Itagaki : Director & Storyboard, Shirou Sagisu : Music, Susumu Hirasawa : Music, Hisashi Abe : Character Design, Yoshikazu Iwanami : Sound Director"
Kamiwaza Wanda,,TV   ,47.0,TMS Entertainment,Spring,"Sci Fi, Family Friendly, Monsters, Tournaments, Original Work",3.44,2016.0,2017.0,"'In a world where every event has been turned into programs, there are mysterious monsters known as ""Promin"" that maintain the world. However, many Promin who have turned into bugs known as ""Bugmin"" are responsible for many of the world\'s real-life bugs. Left alone, they may eventually turn into a big problem. The boy Yuuto encounters the space dog Wanda, and the pair use a camera-like device and key items to capture Bugmin. Promin themselves are able to do things like ""accelerate objects,"" ""spew fire,"" or ""create objects,"" through an ability known as ""Kamiwaza"" (miracle), and are able to fend off Bugmin with it. At first, the Bugmin only cause small, bothersome things, but it will soon elevate into a global scale threat.'",,,,"Wanda : Kappei Yamaguchi, Yuuto Kamiya : Sachi Kokuryu, Masato Kurosaki, Mirai Kohinata : Suzuko Mimori, Nicole Oyama : Jun Miruno, Shuuichi Tateishi : Kei Shindou, Souma Sakamoto : Shuuhei Iwase, Yui Kamiya : Misaki Kuno, Sakae Esuno
Original Creator, Mitsuo Hashimoto
Director, Takatsugu Wakabayashi
Music, Mayumi Watanabe
Character Design, Tetsuo Genshou
Producer","Sakae Esuno : Original Creator, Mitsuo Hashimoto : Director, Takatsugu Wakabayashi : Music, Mayumi Watanabe : Character Design, Tetsuo Genshou : Producer"
Hakuouki: Otogisoushi,,TV   ,12.0,DLE,Spring,"Comedy, Reverse Harem, Chibi, Feudal Japan, Historical, Samurai, Short Episodes, Based on an Otome Game, Based on a Visual Novel",3.44,2016.0,,"'Chizuru is looking for her father while staying with members of the Shinsengumi in feudal Japan. However she tends to mistake bald heads or round things for her father, but the Shinsengumi is hoping to help her find him.'",,Hakuouki Junrenka,"Hakuouki: Demon of the Fleeting Blossom, Hakuouki: Record of the Jade Blood Episode 0, Hakuouki: Record of the Jade Blood, Hakuouki: Demon of the Fleeting Blossom OVA, Hakuouki: A Memory of Snow Flowers, Hakuouki: Dawn of the Shinsengumi, Hakuouki: Dawn of the Shinsengumi Tokuten Disc, Hakuouki Movie 1: Wild Dance of Kyoto, Hakuouki Movie 2: Warrior Spirit of the Blue Sky, Hakuouki: Otogisoushi Special","Chikage Kazama : Kenjirou Tsuda, Chizuru Yukimura : Houko Kuwashima, Hajime Saitou : Kohsuke Toriumi, Heisuke Toudou : Hiroyuki Yoshino, Sanosuke Harada : Kouji Yusa, Souji Okita : Showtaro Morikubo, Toshizou Hijikata : Shinichirou Miki, Genzaburou Inoue : Norio Kobayashi, Parako Shinohara
Director, Motohiro Oda
Producer","Parako Shinohara : Director, Motohiro Oda : Producer"
Out of My Mind,,Movie,,,,"Abstract, Black and White, Shorts",3.44,2016.0,,"'In my deep dream there comes the landscape in my shapeless eyes. The peaceful sight gradually distorts. When anxiety and upsurge stands behind us, the nightly liberation begins.'",,,,"Tomomi Komazaki
Director, Miki Sakurai
Music, Yuichi Ito
Producer","Tomomi Komazaki : Director, Miki Sakurai : Music, Yuichi Ito : Producer"
Tiger & Bunny: Too many cooks spoil the broth.,,Other,,,,Music,3.44,2016.0,,'No synopsis yet - check back soon!',,Tiger & Bunny: The Beginning,"Tiger & Bunny, Tiger & Bunny Recaps",,
12-Sai: Chiccha na Mune no Tokimeki 2,,TV   ,12.0,OLM,Fall ,"Romance, Shoujo, School Life, Based on a Manga",3.44,2016.0,,"'Inama Mikami, a tall and handsome boy popular among girls, has shown his interest in Yui Aoi. He actively pursues Yui, troubling her and annoying her boyfriend Kazuma Hiyama.'",,12-sai.,"12-Sai., 12-Sai. 2nd Season, 12-Sai: Chiccha na Mune no Tokimeki","Hanabi Ayase : Ai Kakuma, Kazuma Hiyama : Shun Horie, Yui Aoi : Juri Kimura, Yuuto Takao : Soma Saito, Cocoa Hamana : Sayuri Hara, Ayumu Tsutsumi : Tetsuya Kakihara, Inaba Mikami : Shinnosuke Tachibana, Marin Ogura : Mayuki Makiguchi, Nao Maita
Original Creator, Masaharu Okuwaki
Director, Hiromasa Minami
Producer, Reiko Sasaki
Producer, Kaori Itou
Producer, Rie Ukai
Producer","Nao Maita : Original Creator, Masaharu Okuwaki : Director, Hiromasa Minami : Producer, Reiko Sasaki : Producer, Kaori Itou : Producer, Rie Ukai : Producer"
Dream Festival!,,Web  ,12.0,BN Pictures,Fall ,"Idols, Music, Showbiz, Original Work",3.44,2016.0,,"'The Dream Festival is the stage that all idols dream of singing on, with their professional debut on the line. In order to get there, idols work their hardest every day to perfect their performance... and the key to coming out on top is the Dream Festival Cards sent by fans to their favorite idols. Receiving these Cards makes the idols who make it to the stage shine even brighter. Now head to the Dream Festival with your Dream Festival Card in hand for the idol you love most!'",,,Dream Festival! R,"Chizuru Sawamura : Kaoru Masaki, Itsuki Katagiri : Masaki Oota, Junya Sasaki : Kentarou Tomita, Kanade Amamiya : Souma Ishihara, Shin Oikawa : Takuya Mizoguchi, Haruto Mikami : Toshiyuki Morikawa, Keigo Kazama : Kimito Totani, Yuto Kuroishi : Hideaki Kabumoto, Yuuta Murano
Director, Yayoi Yoshikawa
Character Design, Masashi Ikeda
Storyboard","Yuuta Murano : Director, Yayoi Yoshikawa : Character Design, Masashi Ikeda : Storyboard"
Utawarerumono: The False Faces Specials, Utawarerumono: Itsuwari no Kamen Specials,DVD S,,,,"Comedy, Fantasy, Chibi, Based on a Visual Novel",3.44,2016.0,,'No synopsis yet - check back soon!',,Utawarerumono: Itsuwari no Kamen,Utawarerumono: The False Faces,,
Mikito-P: 39 Music,,Music,,,,Vocaloid,3.43,2016.0,,'No synopsis yet - check back soon!',,,,"Miku Hatsune, Mikito-P
Producer",Mikito-P : Producer
Bump of Chicken: Answer,,Music,,SHAFT,,"Drama, Board Games",3.43,2016.0,,"'The official music video for\xa0Answer\xa0from the album aurora arc, by Bump of Chicken.'",,,"3-gatsu no Lion meets Bump of Chicken, March Comes in like a Lion","Rei Kiriyama, Chica Umino
Original Creator, Bump Of Chicken
Music, Nobuhiro Sugiyama
Character Design","Chica Umino : Original Creator, Bump Of Chicken : Music, Nobuhiro Sugiyama : Character Design"
Aware! Meisaku-kun,,TV   ,39.0,Pie in the sky,Spring,"Comedy, School Life, Short Episodes, Original Work",3.43,2016.0,,"'Ordinary boy Meisaku Matsuda enrolled Ryuuguu Elementary School, a school famous for producing fabled characters, with a hope of becoming fabled himself one day. Soon he found himself surrounded by a group of eccentric -- if not outright weird -- classmates.'",,,"Aware! Meisaku-kun: DVD 1-2-kan Hatsubai Kettei!, Aware! Meisaku-kun 2, Aware! Meisaku-kun: Oronamin C, Aware! Meisaku-kun: Human Academy Robot Kyoushitsu, Aware! Meisaku-kun: Ito-Yokado no Randsell, Aware! Meisaku-kun: Q&A Corner","Meisaku Matsuda : Akiyuki Nasu, Bolt : Kensho Ono, Musubi : Manabu Kaneko, Nokio : Taigi Asuwa, Sweets : Shigeki Nakanishi, Taketo Shinkai
Director, Jun Oson
Character Design","Taketo Shinkai : Director, Jun Oson : Character Design"
Higanjima X,,Web  ,12.0,Fever Creations,Fall ,"Action, Comedy, Horror, Island, Short Episodes, Supernatural, Vampires, Based on a Manga, Violence",3.43,2016.0,2017.0,"'Akira is in the midst of the final battle between the human race and vampires. He only has 47 days until Japan is turned into an island of vampires.\xa0Each of the 12 episodes of Higanjima X tells a self-contained, stand-alone story, adapting key scenes and dialogue from the manga while adding some original elements'",Violence,"Higanjima, Higanjima: Saigo no 47 Nichikan, Higanjima: Aniki-hen, Higanjima: 48 Nichigo..., Kare, Kishijima",,"Akira Miyamoto : Kouichi Yamadera, Kouji Matsumoto
Original Creator, Ryousuke Aoike
Director","Kouji Matsumoto : Original Creator, Ryousuke Aoike : Director"
HoneyWorks: Daikirai na Hazu Datta, HoneyWorks: I Thought I Hated It.,Music,,,,"Romance, School Life, Vocaloid",3.43,2016.0,,'No synopsis yet - check back soon!',,,The Moment You Fall in Love,"Hina Setoguchi, Koutarou Enomoto, Arisa Takamizawa, Ken Shibazaki, Honeyworks
Producer",Honeyworks : Producer
My Wife is the Student Council President+!, Okusama ga Seito Kaichou! Plus!,TV   ,12.0,Seven,Fall ,"Comedy, Ecchi, Romance, Shounen, Cohabitation, School Life, Short Episodes, Student Council, Sudden Girlfriend Appearance, Based on a Manga, Nudity,, Sexual Content",3.43,2016.0,,"'The secret romantic relationship between Hayato Izumi and Ui Wakana has become more ""exciting"" with Honoka Saijou, chair of the photography club, starting stalking Wakana for possible scoops.'","Nudity,, Sexual Content",Okusama ga Seito Kaichou!,"My Wife Is the Student Council President!, My Wife Is the Student Council President! Okusama Gekijou, My Wife Is the Student Council President! OVA, My Wife Is the Student Council President! OVA: Okusama Gekijou","Hayato Izumi : Kazuyuki Okitsu, Ui Wakana : Ayana Taketatsu, Ayane Niikura : Aoi Fujimoto, Honoka Saijou : Sora Tokui, Karen Fujisaki : Yoshie Sugiyama, Mato Sawatari : Juri Nagatsuma, Rin Misumi : Minami Tsuda, Kei Misumi : Ryouko Shiraishi, Yumi Nakata
Original Creator, Hiroyuki Furukawa
Director & Character Design, Fuuga Hatori
Music","Yumi Nakata : Original Creator, Hiroyuki Furukawa : Director & Character Design, Fuuga Hatori : Music"
Scorching Ping Pong Girls, Shakunetsu no Takkyuu Musume,TV   ,12.0,Kinema Citrus,Fall ,"Seinen, Sports, Ping Pong, School Club, School Life, Tournaments, Based on a Manga",3.43,2016.0,,"""The world of middle school girls' ping pong enters an age of heated rivalry as the throne at its apex is surrendered... Tsumujikaze Koyori, a girl who loves ping pong, has just transferred to Suzumegahara Middle School. Along with her friends who strive to be the national champions, can Koyori bring the winds of change to the school?! The curtain is about to rise on a scorching hot tale of girls who love ping pong!""",,Shakunetsu no Takkyuu Musume,,"Agari Kamiya : Minami Tanaka, Hanabi Tenka : Marika Kouno, Hokuto Itsumo : Yuuki Kuwahara, Kiruka Ushirode : Hisako Toujou, Koyori Tsumuzikaze : Yumiri Hanamori, Mune Oomune : Ayaka Imamura, Kimiko Hamu : Yuka Ootsubo, Kururi Futamaru : Shiori Izawa, Yagura Asano
Original Creator, Yasuhiro Irie
Director, Kuniyuki Takahashi
Music, Hidekazu Tanaka
Music, Keiichi Hirokawa
Music, Junko Sugimura
Character Design, Rio
Chief Animation Director","Yagura Asano : Original Creator, Yasuhiro Irie : Director, Kuniyuki Takahashi : Music, Hidekazu Tanaka : Music, Keiichi Hirokawa : Music, Junko Sugimura : Character Design, Rio : Chief Animation Director"
Scutes on my mind, Katasumi no Uroko,Movie,,,,"Slice of Life, Shorts",3.42,2016.0,,'No synopsis yet - check back soon!',,,,"Megumi Ishitani
Director, Soyoka Hayashi
Music, Mitsuko Okamoto
Producer","Megumi Ishitani : Director, Soyoka Hayashi : Music, Mitsuko Okamoto : Producer"
B-PROJECT, B-PROJECT: Kodou Ambitious,TV   ,12.0,A-1 Pictures,Summer,"Drama, Idols, Music, Showbiz, Original Work",3.42,2016.0,,"'Tsubasa is a new hire in the A&R department of the major recording company Gandala Music. Tsubasa is immediately assigned to oversee the idol unit ""B-PROJECT,"" which is made up of three idol groups: Kitakore, Thrive, and MooNs. This is Tsubasa\'s first job, and she gets involved in various incidents and accidents as she deals with this group of young men who each have their own differing personalities.'",,B-PROJECT: Mousou * Scandal,"B-PROJECT 3rd Season, B-PROJECT: Zecchou Emotion","Goushi Kaneshiro : Toshiyuki Toyonaga, Hikaru Osari : Showtaro Morikubo, Kazuna Masunaga : Yuuto Uemura, Kento Aizome : Kazuki Katou, Mikado Sekimura : Toshiki Masuda, Momotarou Onzai : Tetsuya Kakihara, Ryuuji Korekuni : Daisuke Kishio, Tatsuhiro Nome : Genki Okawa, Chiyomaru Shikura
Original Creator, Eiji Suganuma
Director, Masato Nakayama
Music, Toshie Kawamura
Character Design","Chiyomaru Shikura : Original Creator, Eiji Suganuma : Director, Masato Nakayama : Music, Toshie Kawamura : Character Design"
Garakowa -Restore the World-, Glass no Hana to Kowasu Sekai,Movie,,A-1 Pictures,,"Sci Fi, Slice of Life, Virtual Reality, Original Work",3.42,2016.0,,"'A space inhabited by multiple worlds, countless timelines and a diversity of people, where Dual and Dorothy battle the enemy – viruses encroaching on the world. A world infected by a virus must be deleted. This is Dual and Dorothy’s responsibility and job. One day, Dual and Dorothy discover a new virus attacking a girl. They save the girl and quietly wait for her to awaken. Who is she? Where did she come from? Where will she go? The girl finally awakens. She calls herself “Remo” and has only one thing to say: “I have to return to the flower garden…”'",,Garakowa -Restore the World-,,"Dorothy : Ayane Sakura, Dual : Risa Taneda, Remo : Yumiri Hanamori, Daniel Dawson : Shinya Takahashi, Diana Dawson : Aya Nakamura, Dorothy'S Father, Dorothy'S Mother, Dorothy'S Sister, Masashi Ishihama
Director, Masaru Yokoyama
Music, Shinya Segawa
Character Design","Masashi Ishihama : Director, Masaru Yokoyama : Music, Shinya Segawa : Character Design"
Chou Futsuu Toshi Kashiwa Densetsu, The Legend of Super Normal City Kashiwa,Web  ,10.0,Super Normal Studio,,"Comedy, Fantasy, Contemporary Fantasy, Gag, Promotional, Short Episodes, Tourism, Urban Fantasy, Flash Animation, Original Work",3.42,2016.0,2019.0,'No synopsis yet - check back soon!',,,"Chou Futsuu Ken Chiba Densetsu, Chou Futsuu Toshi Kashiwa Densetsu Z, Chou Futsuu Toshi Kashiwa Densetsu R","Ako Shikawa, Ichika Hashifuna, Nagare Tano, Shino Kamatani, Tega-Chan, Tessie",
Zhu Zhu Xia: Guang Ming Shou Wei Zhe, GG Bond Season 11: Light Guardian,TV   ,52.0,,,"Animal Protagonists, Anthropomorphic, Chinese Animation, Family Friendly, Non-Human Protagonists, Pigs, CG Animation",3.42,2016.0,,"'Dark Joy is brought back to life because of the magic power of the Twin Lake, and he intends to restore the dark power to become the king of Fairy World. Being ignorant of his scheme, Super Q and Bobby are deceived to join in his alliance and become adversaries to GG Bond. After reviving from the stone statue, the real Joy teams up with GG Bond and his pals to fight against Dark Joy and Dark-Spirit Guards to defend Fairy World.'",,,"Zhu Zhu Xia: Da Nao Huang Gong, Zhu Zhu Xia: Mo Huan Zhu Luo Ji, Zhu Zhu Xia: Wu Xia 2008, Zhu Zhu Xia: Yong Chuang Weilai Cheng, Bai Bian Zhu Zhu Xia, Zhu Zhu Xia: Jimu Shijie De Tong Hua, Zhu Zhu Xia: Xingfu Jiuyuan Dui, Zhu Zhu Xia Movie 1: Jiong Jiong Wei Ji, Zhu Zhu Xia: Bian Shen Xiao Ying Xiong, Zhu Zhu Xia: Bian Shen Zhandu, Zhu Zhu Xia Movie 2: Yong Chuang Juren Dao, Zhu Zhu Xia: Bai Bian Lian Meng, Zhu Zhu Xia Movie 3: Zhong Ji Jue Zhan, Zhu Zhu Xia Movie 3: Zhong Ji Jue Zhan - Qian Ye Pian, Zhu Zhu Xia: Wu Ling Shou Wei Zhe, Zhu Zhu Xia: Meng Xiang Shou Wei Zhe, Zhu Zhu Xia: Fan Wai - Pin Zhuang Tegong Dui, Zhu Zhu Xia Movie 4: Ying Xiong Zhu Shao Nian, Zhu Zhu Xia: Chao Xing Meng Chong, Zhu Zhu Xia: Jing Qiu Xiao Yingxiong, Zhu Zhu Xia: Konglong Riji, Zhu Zhu Xia Movie 5: Bukesiyi de Shijie, Zhu Zhu Xia: Jing Su Xiao Yingxiong",,
Xiangsi, Love Sick,Movie,,,,"Romance, Chinese Animation, Shorts",3.42,2016.0,,'No synopsis yet - check back soon!',,,,,
The Heroic Legend of Arslan: Dust Storm Dance Specials, Arslan Senki: Fuujin Ranbu - 4-koma Gekijou,DVD S,,,,Comedy,3.41,2016.0,,'No synopsis yet - check back soon!',,,The Heroic Legend of Arslan: Dust Storm Dance,"Arslan, Daryun, Gieve, Narsus, Yoshiki Tanaka
Original Creator",Yoshiki Tanaka : Original Creator
Hundred,,TV   ,12.0,Production IMS,Spring,"Action, Comedy, Ecchi, Harem, Sci Fi, Shounen, Power Suits, Based on a Light Novel, Violence",3.41,2016.0,,"'""Hundred"" - the only weapon capable of fighting the Savages, mysterious life forms attacking Earth. Hayato enters the battleship university Little Garden in hopes of becoming a Slayer... but his roommate Emile Crossfode, who seems to know a lot about him for some reason, awakens a sort of unsettling nostalgia within him. What\'s more, right after he joins the school, the strongest Slayer at Little Garden, the ""Queen"" Claire Harvey, challenges him to a duel!'",Violence,"Hundred (Light Novel), Hundred, Hundred: Radiant Red Rose",,"Emil Crossford : Rumi Ookubo, Hayato Kisuragi : Yoshiaki Hasegawa, Sakura Kirishima :  Mayu Yoshioka, Charlotte Dimandius : Yui Horie, Claire Harvey : M.A.O., Karen Kisuragi : Kaya Okuno, Chris Steinbelt : Emiri Katou, Claudia Lowetti : Chinatsu Akasaki, Tomoki Kobayashi
Director, Shuhei Naruse
Music, Kii Tanaka
Character Design, Akiko Fujita
Sound Director, Hiroyuki Tanaka
Producer, Jun Fukuda
Producer, Takeshi Ishigaki
Producer, Mika Shimizu
Producer","Tomoki Kobayashi : Director, Shuhei Naruse : Music, Kii Tanaka : Character Design, Akiko Fujita : Sound Director, Hiroyuki Tanaka : Producer, Jun Fukuda : Producer, Takeshi Ishigaki : Producer, Mika Shimizu : Producer"
REBORN! x ēlDLIVE Special, Kateikyoushi Hitman Reborn! x ēlDLIVE Special,Other,,Artland,,"Shounen, Crossover",3.41,2016.0,,'No synopsis yet - check back soon!',,"Reborn!, élDLIVE","REBORN!, ēlDLIVE","Chuuta Kokonose, Tsunayoshi Sawada, Basil, Belphegor, Chikusa Kakimoto, Chips, Chrome Dokuro, Colonnello",
Ametsuchi,,Movie,,Tomoyasu Murata Company,,Shorts,3.41,2016.0,,"'The island repeats volcanic eruption after earthquake, smoke and glowing heat bubbling from the morphing surface—but when the tectonic activity recedes, all is sand and, finally, the miracle of water flowing, of life.'",,,Konohana no Sakuya Mori,"Tomoyasu Murata
Director",Tomoyasu Murata : Director
Fragments, Kakera,Movie,,,,"Black and White, No Dialogue, Shorts",3.41,2016.0,,'No synopsis yet - check back soon!',,,,"Naoyuki Tsuji
Director, Makiko Takanashi
Music","Naoyuki Tsuji : Director, Makiko Takanashi : Music"
Serph: feather (overdrive version),,Music,,,,Abstract,3.41,2016.0,,"'The official music video for feather (overdrive version)\xa0from the single\xa0Level Apple, by Serph.'",,,,"Tarafu Otani
Director, Serph
Song Performance","Tarafu Otani : Director, Serph : Song Performance"
Cyborg 009: Call of Justice - Movie 3,,Movie,,OLM Digital,,"Action, Sci Fi, Cyborgs, Based on a Manga, CG Animation",3.41,2016.0,,'No synopsis yet - check back soon!',,,"Cyborg 009: Call of Justice - Movie 1, Cyborg 009: Call of Justice - Movie 2","Albert Heinrich : Satoshi Hino, Chang Changku : Mitsuaki Madono, Francoise Arnoul : Risa Taneda, Geronimo Jr. : Kenji Nomura, Great Britain : Setsuji Satou, Isaac Gilmore : Ryou Sugisaki, Ivan Whisky : Misato Fukuen, Jet Link : Takuya Satou, Shotaro Ishinomori
Original Creator, Kenji Kamiyama
Chief Director, Koudai Kakimoto
Director, Yoshikazu Iwanami
Sound Director, Katsuji Morishita
Producer","Shotaro Ishinomori : Original Creator, Kenji Kamiyama : Chief Director, Koudai Kakimoto : Director, Yoshikazu Iwanami : Sound Director, Katsuji Morishita : Producer"
Phoenix Wright: Ace Attorney - Spirit of Justice Prologue, Gyakuten Saiban 6 Prologue,Web  ,1.0,,,"Drama, Mystery, Lawyers, Promotional, Work Life, Based on a Video Game",3.41,2016.0,,'No synopsis yet - check back soon!',,"Phoenix Wright: Ace Attorney Official Casebook, Phoenix Wright: Ace Attorney, Ace Attorney 4 Official Anthology Manga, Miles Edgeworth: Ace Attorney Investigations, Ace Attorney: Sono ""Shinjitsu"", Igi Ari!","Ace Attorney, Ace Attorney Season 2","Apollo Justice, Athena Cykes : Megumi Han, Maya Fey : Satomi Hanamura, Phoenix Wright : Takayuki Kondou, Nayuta Sadmadhi : Daisuke Namikawa, Ahlbi Ur'Gaid : Emiri Katou, Judge, Leifa Padma Kurain : Saori Hayami",
halyosy: Attakaito,,Music,,,,Vocaloid,3.41,2016.0,,'No synopsis yet - check back soon!',,,,"Kaito, Len Kagamine, Luka Megurine, Meiko, Miku Hatsune, Rin Kagamine, Halyosy
Producer",Halyosy : Producer
IDOLiSH7: RESTART POiNTER,,Music,,Kamikaze Douga,,Idols,3.41,2016.0,,'No synopsis yet - check back soon!',,,"IDOLiSH7: MONSTER GENERATiON, IDOLiSH7: MEMORiES MELODiES, TRIGGER: Leopard Eyes, Re:vale: NO DOUBT, TRIGGER: DAYBREAK INTERLUDE, IDOLiSH7, IDOLiSH7: Nanatsu-iro REALiZE, TRIGGER: DIAMOND FUSION, IDOLiSH7: WiSH VOYAGE, ŹOOĻ: Bang!Bang!Bang!, Re:vale: Re-raise, TRIGGER: Crescent Rise","Iori Izumi : Toshiki Masuda, Mitsuki Izumi :  Tsubasa Yonaga, Nagi Rokuya : Takuya Eguchi, Riku Nanase : Kensho Ono, Sougo Ousaka : Atsushi Abe, Tamaki Yotsuba : Kenn, Yamato Nikaidou : Yusuke Shirai, Idolish7
Song Performance",Idolish7 : Song Performance
Robot Town Sagami 2028,,Web  ,1.0,Tezuka Productions,,"Drama, Sci Fi, Promotional",3.41,2016.0,,'No synopsis yet - check back soon!',,,,"Takao : Taira Kikumoto, Hina : Yuuki Kuwahara, Yumi : Eimi Okada, Astro : Makoto Tsumura",
Chiba Pedal: Yowamushi Pedal to Manabu Jitensha Koutsuuanzen,,Web  ,6.0,Summer 2016,,"Shounen, Sports, Chibi, Cycling, Educational, Short Episodes, Based on a Manga",3.4,2016.0,,'No synopsis yet - check back soon!',,"Yowamushi Pedal, Yowamushi Pedal: Spare Bike, Yowamushi Pedal Koushiki Anthology - Houkago Pedal","Yowamushi Pedal: Special Ride, Yowamushi Pedal, Yowamushi Pedal: Re:RIDE, Yowamushi Pedal: Grande Road, Yowamushi Pedal: Re:ROAD, Yowamushi Pedal The Movie, Yowamushi Pedal: Spare Bike, Yowamushi Pedal: New Generation, Yowamushi Pedal: Re:GENERATION, Yowamushi Pedal: Glory Line","Sakamichi Onoda : Daiki Yamashita, Shoukichi Naruko : Jun Fukushima, Jin Tadokoro : Kentarou Itou, Shingo Kinjou : Hiroki Yasumoto, Shunsuke Imaizumi : Kohsuke Toriumi, Yusuke Makishima : Showtaro Morikubo, Akira Midousuji : Kouji Yusa, Wataru Watanabe
Original Creator",Wataru Watanabe : Original Creator
Accel World Movie: Infinite Burst,,Movie,,Sunrise,,"Action, Sci Fi, Virtual Reality, Based on a Light Novel",3.4,2016.0,,"'A mysterious black cloud kicks Haruyuki and his friends out of the online fighting game Brain Burst. Unable to reenter, they discover that this isn’t just an isolated incident—the cloud is spreading and preventing all Burst Linkers from accelerating. Haruyuki and the others soon learn that, to protect the bond that connects them, they must confront a powerful ancient being that has been sealed away since the dawn of the Accelerated World!'",,"Accel World (Light Novel), Accel World, Accel World., Accel World / Dural - Magisa Garden",Accel World,"Chiyuri Kurashima : Aki Toyosaki, Haruyuki Arita : Yuuki Kaji, Kuroyukihime : Sachika Misawa, Nyx : Aoi Yuuki, Risa Tsukiori : Chinatsu Akasaki, Takumu Mayuzumi : Shintarou Asanuma, Aqua Current : Kana Ueda, Ash Roller : Kenichi Suzumura, Masakazu Obara
Director, Onoken
Music, Yukiko Aikei
Character Design, Nobuhiro Oosawa
Producer, Hisanori Kunisaki
Producer, Nobuhiro Nakayama
Producer, Satoshi Hirayama
Producer","Masakazu Obara : Director, Onoken : Music, Yukiko Aikei : Character Design, Nobuhiro Oosawa : Producer, Hisanori Kunisaki : Producer, Nobuhiro Nakayama : Producer, Satoshi Hirayama : Producer"
Ba La La Xiao Mo Xian Zhi: Feiyue Cai Ling Bao, Balala the Fairies: Over the Rainbow,TV   ,26.0,Alpha Group,,"Fantasy, Magical Girl, Chinese Animation, Henshin Heroes",3.4,2016.0,,"'In the distance not far from Fairy Castle, there is a magic kingdom called Colorful Castle. It is a place full of color, peace and joy. On the edge of Colorful Castle, there is an island which is home to the Black Lord, who had woken from his sleep. The Black Lord, in order to make his land stronger, stole the magic color energy from Colorful Castle. The princess, who possessed great Color Magic, found herself defenseless, as she was cursed and turned into an elf. By chance, Jessi, Hayley and Amy, three girls from the human world, inadvertently broke into the Color Castle, and turned into Fairies. With their color powers, they must fight against the Black Lord and save the Colorful Castle.'",,,"Ba La La Xiao Mo Xian Zhi Caihong Xin Shi, Ba La La Xiao Mo Xian Zhi: Qiji Wubu, Ba La La Xiao Mo Xian Zhi: Meng Huan Xuan Lu, Ba La La Xiao Mo Xian Zhi: Feiyue Cai Ling Bao 2nd Season, Ba La La Xiao Mo Xian Zhi: Mofa Hai Ying Bao","Lan Hui, Shi Qiao Ling, Yin Xiaomin, Bao Mi, Cai Li, Momo, Ai Jinbao, Bei Bei",
Cyborg 009: Call of Justice - Movie 1,,Movie,,OLM Digital,,"Action, Sci Fi, Cyborgs, Based on a Manga, CG Animation",3.4,2016.0,,"'Years after taking up normal lives incognito, the cyborgs are forced to fight again when the superhuman Blessed appear with a plan for humanity.'",,,"Cyborg 009: Call of Justice - Movie 2, Cyborg 009: Call of Justice - Movie 3","Albert Heinrich : Satoshi Hino, Chang Changku : Mitsuaki Madono, Francoise Arnoul : Risa Taneda, Geronimo Jr. : Kenji Nomura, Great Britain : Setsuji Satou, Isaac Gilmore : Ryou Sugisaki, Ivan Whisky : Misato Fukuen, Jet Link : Takuya Satou, Shotaro Ishinomori
Original Creator, Kenji Kamiyama
Chief Director, Koudai Kakimoto
Director, Yoshikazu Iwanami
Sound Director, Katsuji Morishita
Producer","Shotaro Ishinomori : Original Creator, Kenji Kamiyama : Chief Director, Koudai Kakimoto : Director, Yoshikazu Iwanami : Sound Director, Katsuji Morishita : Producer"
Sinbad: The Magic Lamp and the Moving Islands, Sinbad: Mahou no Lamp to Ugoku Shima,Movie,,Nippon Animation,,"Adventure, Island, Middle Eastern",3.4,2016.0,,"""Sinbad and the crews of the Bahr go out in search for the comrades of Sana, the princess of a legendary sorcerer clan. While repairing a damaged ship after a heavy storm, Sana feels the presence of the Magic Lamp. On the nearby island, they search for the lamp, but the hand of a demon intent on Sana draws close. What is the Magic Lamp? Where are Sana's comrades? The adventure continues!""",,,"Sinbad: A Flying Princess and a Secret Island, Sinbad: Night at High Noon and the Wonder Gate","Sana : Momoko Tanabe, Sinbad : Tomo Muranaka, Ali : Nao Nagasawa, Cyclops : Fukushi Ochiai, Daal : Yutaka Aoyama, Galip : Akira Ishida, Genie : Fumiya Kosugi, Haitham : Masato Obara, Shinpei Miyashita
Director, Hiroyuki Kawasaki
Series Composition, Yoshiharu Satou
Character Design, Takashi Inoue
Producer","Shinpei Miyashita : Director, Hiroyuki Kawasaki : Series Composition, Yoshiharu Satou : Character Design, Takashi Inoue : Producer"
My Wife Is the Student Council President! OVA, Okusama ga Seito Kaichou! OVA,OVA  ,1.0,Seven,,"Comedy, Ecchi, Romance, Shounen, School Life, Shorts, Student Council, Sudden Girlfriend Appearance, Based on a Manga, Nudity,, Sexual Content",3.4,2016.0,,'No synopsis yet - check back soon!',"Nudity,, Sexual Content",Okusama ga Seito Kaichou!,"My Wife Is the Student Council President!, My Wife Is the Student Council President! Okusama Gekijou, My Wife Is the Student Council President! OVA: Okusama Gekijou, My Wife is the Student Council President+!","Hayato Izumi : Kazuyuki Okitsu, Ui Wakana : Ayana Taketatsu, Ayane Niikura : Aoi Fujimoto, Karen Fujisaki : Yoshie Sugiyama, Kei Misumi : Ryouko Shiraishi, Mato Sawatari : Juri Nagatsuma, Rin Misumi : Minami Tsuda, Yumi Nakata
Original Creator",Yumi Nakata : Original Creator
Ru Guo Wo Shi Ying Xiong,,Web  ,1.0,,,Chinese Animation,3.4,2016.0,,'No synopsis yet - check back soon!',,,,,
Kurage-P: Check Check Check One Two!,,Music,,,,Vocaloid,3.39,2016.0,,'No synopsis yet - check back soon!',,,,"Yukari Yuzuki, Kurage-P
Producer",Kurage-P : Producer
CoCO & NiCO,,TV   ,39.0,Kachidoki Studio,Spring,"Comedy, Fantasy, Animal Protagonists, Cats, Family Friendly, Non-Human Protagonists, Short Episodes, Original Work",3.39,2016.0,2017.0,"'CoCO and her sister NiCO are under training to become graceful and elegant cat princesses. They are watched over and trained by the strict but caring Lady Oppenheimer. CoCO and NiCO keep Lady Oppenheimer quite busy as they try their best to learn the ways of a princess, and have fun with a little mischief along the way.'",,,,"Coco : Kaoru Katai, Nico : Natsumi Sugita, Lady Oppenheimer : Ayana Taketatsu, Emilia Reggiano : Kouko Tsukimoto, Leon : Ayana Taketatsu, Kyou Yatate
Director, Akemi Takada
Character Design, Masafumi Fukui
Producer","Kyou Yatate : Director, Akemi Takada : Character Design, Masafumi Fukui : Producer"
ONE OK ROCK: I Was King,,Music,,,,,3.39,2016.0,,'No synopsis yet - check back soon!',,,,"One Ok Rock
Music",One Ok Rock : Music
Dimension W: Do Robots Dream of Bathhouses, Dimension W: Short Track/Robot wa Sentou no Yume wo Miruka,DVD S,,Orange,,"Sci Fi, Seinen, Based on a Manga",3.39,2016.0,,'No synopsis yet - check back soon!',,Dimension W,"Dimension W, Dimension W: W Gate Online - Rose's Counseling Room","Mira Yurizaki : Reina Ueda, Elizabeth Greenhow-Smith : Eri Suzuki, Kyoma Mabuchi : Daisuke Ono, Tsubaki Azumaya : Sayaka Oohara, Albert Schumann : Akira Ishida, Atsuko Hirose : Lynn, Mana Ayukawa : Natsumi Hioka, Yuji Iwahara
Original Creator",Yuji Iwahara : Original Creator
Tokyo 7th Sisters: TRIGGER / Fire and Rose,,Music,,,,Idols,3.39,2016.0,,"'The band Queen of Purple, a sub-unit of idol group\xa0Tokyo 7th Sisters, preform their songs ""TRIGGER"" and ""Fire and Rose"".'",,Tokyo 7th Sisters Comic Anthology,"Tokyo 7th Sisters: Snow in I love you, Tokyo 7th Sisters: YELLOW, Tokyo 7th Sisters: Zero / TREAT OR TREAT?, Tokyo 7th Sisters: Bokura wa Aozora ni Naru / FUNBARE☆RUNNER, Tokyo 7th Sisters: Seventh Haven, Tokyo 7th Sisters: Twilight, Tokyo 7th Sisters: Winning Day / Lucky☆Lucky, t7s Longing for summer Again And Again: Harukaze, Tokyo 7th Sisters: t7s Longing For Summer Again and Again, Tokyo 7th Sisters: WORLD'S END / PUNCH'D RANKER, Tokyo 7th Sisters: Start Line / Stay Gold","Ferb Seto : Yuki Hirose, Matsuri Mimori : Yuiko Tatsumi, Murasaki Echizen : Maiko Nomura, Yumeno Sakaiya : Ayano Yamamoto",
Osiris no Tenbin -Season 2-,,Web  ,11.0,Spring 2016,,"Drama, Assassins, Psychic Powers, Short Episodes, Supernatural, Superpowers, Original Work",3.39,2016.0,,"'Osiris no Tenbin -Season 2- will reveal some of the mysteries surrounding the protagonist, including why he became an assassin.'",,,Osiris no Tenbin,The Assassin : Yuuki Kaji,
Haha no Supporter, Mother's Supporter,Web  ,1.0,,,"Black and White, Family Life, No Dialogue, Promotional, Shorts",3.39,2016.0,,'No synopsis yet - check back soon!',,,,,
(K)NoW_NAME: Harvest,,Music,,A-1 Pictures,,,3.38,2016.0,,"""Official music video for Grimgar of Fantasy and Ash's\xa0ending theme\xa0Harvest, performed by (K)NoW_NAME.""",,,Grimgar of Fantasy and Ash,"(K)Now_Name
Song Performance, Nikiie
Song Performance, Genki Mizuno
Song Lyrics, Shuhei Mutsuki
Song Arrangement & Song Composition","(K)Now_Name : Song Performance, Nikiie : Song Performance, Genki Mizuno : Song Lyrics, Shuhei Mutsuki : Song Arrangement & Song Composition"
Amanchu! Upyopyo Dive Tsukkome! Umi no Sekai!,,DVD S,,,,"Comedy, Chibi, Educational, Ocean",3.38,2016.0,2017.0,'No synopsis yet - check back soon!',,,Amanchu!,"Futaba Ooki : Ai Kayano, Hikari Kohinata : Eri Suzuki",
"Fuyu no Chikai, Natsu no Matsuri: Takeoshi no Dai-Kusunoki"," Sagaken wo Meguru Animation: Fuyu no Chikai, Natsu no Matsuri - Takeoshi no Dai-Kusunoki",Movie,,Seven Arcs,,"Slice of Life, Countryside, Original Work",3.38,2016.0,,"'Set in the city of Takeoshi, centers on two characters; a boy and a girl growing up, being\xa0watched over by a large camphor tree that endures the time and seasons.'",,,"Yakusoku no Utsuwa: Arita no Hatsukoi, Tadaima, Okaeri","Rinko Yamaguchi, Junji Nishimura
Director, Youichirou Yoshikawa
Music, Miki Takeshita
Character Design","Junji Nishimura : Director, Youichirou Yoshikawa : Music, Miki Takeshita : Character Design"
Mafumafu: Saezuri,,Music,,,,,3.38,2016.0,,'No synopsis yet - check back soon!',,,,"Mafumafu
Music",Mafumafu : Music
Jungle Master Movie 2: Candy Planet, Lu Lin Da Mao Xian Zhi Tang Guo Shi Jie,Movie,,,,"Adventure, Fantasy, Chinese Animation, Family Friendly, Person in a Strange World, CG Animation",3.38,2016.0,,'Rainie and her friends soar into a sugar rush of adventure to save their pals on Candy Planet.',,,Jungle Master Movie,"Blue, Rainie",
Mafumafu: Tachiiri kinshi, Mafumafu: No Trespassing,Music,,,,,3.38,2016.0,,'No synopsis yet - check back soon!',,,,"Mafumafu
Music",Mafumafu : Music
Zhu Zhu Xia: Meng Xiang Shou Wei Zhe, GG Bond Season 12: Dream Guardians,TV   ,52.0,,,"Animal Protagonists, Anthropomorphic, Chinese Animation, Family Friendly, Non-Human Protagonists, Pigs, CG Animation",3.38,2016.0,,"""Crystal City has an outright victory in the final battle against Twin City. But the G-Watch has exhausted much of its energy, which leads to the turbulence of its inner power. Deep down from the G-Watch, an evil power called Oblivion has revived. The evil power that Oblivion Warriors use would sweep away victims' dream and make people become numb puppets. To resist such disaster, GG Bond and his pals spare no efforts to restore the G-Watch. And they are regaining their Five-Spirit Power while helping the citizens of Crystal City. However, Oblivion's spreading speed is also accelerating, and GG Bond decides to turn the situation around and save people from such nightmare.""",,,"Zhu Zhu Xia: Da Nao Huang Gong, Zhu Zhu Xia: Mo Huan Zhu Luo Ji, Zhu Zhu Xia: Wu Xia 2008, Zhu Zhu Xia: Yong Chuang Weilai Cheng, Bai Bian Zhu Zhu Xia, Zhu Zhu Xia: Jimu Shijie De Tong Hua, Zhu Zhu Xia: Xingfu Jiuyuan Dui, Zhu Zhu Xia Movie 1: Jiong Jiong Wei Ji, Zhu Zhu Xia: Bian Shen Xiao Ying Xiong, Zhu Zhu Xia: Bian Shen Zhandu, Zhu Zhu Xia Movie 2: Yong Chuang Juren Dao, Zhu Zhu Xia: Bai Bian Lian Meng, Zhu Zhu Xia Movie 3: Zhong Ji Jue Zhan, Zhu Zhu Xia Movie 3: Zhong Ji Jue Zhan - Qian Ye Pian, Zhu Zhu Xia: Wu Ling Shou Wei Zhe, Zhu Zhu Xia: Guang Ming Shou Wei Zhe, Zhu Zhu Xia: Fan Wai - Pin Zhuang Tegong Dui, Zhu Zhu Xia Movie 4: Ying Xiong Zhu Shao Nian, Zhu Zhu Xia: Chao Xing Meng Chong, Zhu Zhu Xia: Jing Qiu Xiao Yingxiong, Zhu Zhu Xia: Konglong Riji, Zhu Zhu Xia Movie 5: Bukesiyi de Shijie, Zhu Zhu Xia: Jing Su Xiao Yingxiong",G.G. Bond,
Tokyo 7th Sisters: Twilight,,Music,,,,Idols,3.38,2016.0,,"'Honoka, Kyouko, and Rena, memebers of the idol group Le☆S☆Ca, sing their hit-single ""Twilight"".'",,Tokyo 7th Sisters Comic Anthology,"Tokyo 7th Sisters: Snow in I love you, Tokyo 7th Sisters: YELLOW, Tokyo 7th Sisters: Zero / TREAT OR TREAT?, Tokyo 7th Sisters: Bokura wa Aozora ni Naru / FUNBARE☆RUNNER, Tokyo 7th Sisters: Seventh Haven, Tokyo 7th Sisters: Winning Day / Lucky☆Lucky, Tokyo 7th Sisters: TRIGGER / Fire and Rose, t7s Longing for summer Again And Again: Harukaze, Tokyo 7th Sisters: t7s Longing For Summer Again and Again, Tokyo 7th Sisters: WORLD'S END / PUNCH'D RANKER, Tokyo 7th Sisters: Start Line / Stay Gold","Honoka Nishizono : Hikaru Ueda, Kyouko Uesugi : Ayami Yoshii, Rena Araki : Akane Fujita",
Sushi and Beyond: New Year's Special," Eikoku Ikke, Shougatsu wo Taberu",TV Sp,,Fanworks,,"Slice of Life, Food and Beverage, Based on a Novel",3.38,2016.0,,"'The episode is set after Michael and his family return to Britain. When he sees pictures of Japan\'s New Year\'s food, he wants to visit Japan again. His friend Toshi gives him a call and tells him to ""Learn about rice first before learning about New Year\'s food!"" Michael heads to Koriyama, Fukushima in its rice harvesting season to learn about rice. Although it seems to have nothing to do with New Year\'s delicacy at first, Michael learns about rice cakes, osechi (traditional food served at New Year\'s), and toso (a spiced sake served at New Year\'s).'",,,Sushi and Beyond,"Asger Booth, Emil Booth, Lissen Booth, Michael Booth, Rareko
Director & Character Design",Rareko : Director & Character Design
Rilakkuma: Korillakuma to Atarashii wo Tomodachi,,Web  ,1.0,,,"Animal Protagonists, Bears, No Dialogue, Non-Human Protagonists, Promotional, San-X Characters, Shorts",3.38,2016.0,,'No synopsis yet - check back soon!',,,,Rilakkuma,
Osomatsu-san: Short Film Series, Mr. Osomatsu: Short Film Series,DVD S,,Pierrot,,"Comedy, Josei, Gag, Parody, Slapstick, Based on a Manga",3.38,2016.0,,'No synopsis yet - check back soon!',,"Osomatsu-kun, Osomatsu-san","Osomatsu-kun, Osomatsu-kun (1988), Osomatsu-kun (1988) Special, Osomatsu-kun: Suika no Hoshi kara Konnichiwa zansu!, Mr. Osomatsu, Osomatsu-san: Mutsugo to Ouma no Monogatari, Mr. Osomatsu: Virgin Hero, Osomatsu-san: Ouma de Kobanashi, Osomatsu-san (2017)","Choromatsu Matsuno : Hiroshi Kamiya, Ichimatsu Matsuno : Jun Fukuyama, Jyushimatsu Matsuno : Daisuke Ono, Karamatsu Matsuno : Yuuichi Nakamura, Osomatsu Matsuno : Takahiro Sakurai, Todomatsu Matsuno : Miyu Irino, Iyami : Kenichi Suzumura, Aida, Fujio Akatsuka
Original Creator",Fujio Akatsuka : Original Creator
Bubuki Buranki: The Gentle Giants of the Galaxy, BBK/BRNK: Hoshi no Kyojin,TV   ,12.0,SANZIGEN,Fall ,"Action, Drama, Mecha, Sci Fi, CG Animation, Original Work",3.38,2016.0,,'Second season of BBK/BRNK.',,,Bubuki Buranki,"Azuma Kazuki : Yusuke Kobayashi, Hiiragi Nono : Soma Saito, Kinoa Ougi : Shizuka Ishigami, Kogane Asabuki : Ari Ozawa, Shizuru Taneomi : Mikako Komatsu, Guy Barville Abeille : Kazuhiro Yamaji, Kaoruko Kazuki : Hisako Kanemoto, Akihito Tsuwabuki : Kazuyuki Okitsu, Daizen Komatsuda
Director & Series Composition, Masaru Yokoyama
Music, Yuusuke Kozaki
Character Design","Daizen Komatsuda : Director & Series Composition, Masaru Yokoyama : Music, Yuusuke Kozaki : Character Design"
Delete Beach,,Other,,Studio 4°C,,"Shorts, Original Work",3.37,2016.0,,"'Delete Beach is a futuristic tale set in the near future of a schoolgirl who joins an anti-capitalist resistance group. In a society in which carbon-based energy is outlawed but which continues to toil under the regime of expansion and growth, petroleum is the fighters’ refuge. They smoke it, squander it and hand over their bodies to the sea, to eventually provide fuel for future struggles.'",,,,"Phil Collins
Director, Marisuke Eguchi
Character Design, Wakako Takahashi
Color Design, Eiko Tanaka
Producer","Phil Collins : Director, Marisuke Eguchi : Character Design, Wakako Takahashi : Color Design, Eiko Tanaka : Producer"
Terra Formars: Revenge,,TV   ,13.0,LIDEN FILMS,Spring,"Action, Horror, Sci Fi, Seinen, Human Experimentation, Insects, Superpowers, Based on a Manga, Violence",3.37,2016.0,,"'2620 A.D. In order to find a vaccine for the virus from Mars with a death rate of 100% called the Alien Engine Virus, Hizamaru and the crew went to Mars to get a sample of one of the giant cockroach creatures, otherwise known as Terraformars. An unforeseen accident happens, and while Akari and the others fight the roaches to try to escape, humanity is fighting with each other behind clothes doors. The ultimate story of survival with Mars as the background... Round 2 is about to start!'",Violence,"Terra Formars, Terra Formars Gaiden: Rain Hard, Terra Formars: The Outer Mission (Light Novel), Terra Formars Gaiden: Asimov, Terra Formars Gaiden: Keiji Onizuka","Terra Formars OVA, Terra Formars, Terra Formars: Earth Arc","Akari Hizamaru : Yoshimasa Hosoya, Marcos Eringrad Garcia : Kaito Ishikawa, Michelle K. Davis : Shizuka Itou, Shokichi Komachi : Hidenobu Kiuchi, Sylvester Asimov : Unshou Ishizuka, Alexander Asimov : Tooru Nara, Alex Kandley Stewart : Kenn, Bao Zhilan :  Yuuki Ono, Yu Sasuga
Original Creator, Michio Fukuda
Director & Episode Director & Storyboard, Takafumi Wada
Music, Masahiro Aizawa
Character Design, Atsushi Ikariya
Character Design, Hiroyuki Oomori
Producer, Satoshi Tanaka
Producer, Shinya Shinozaki
Producer","Yu Sasuga : Original Creator, Michio Fukuda : Director & Episode Director & Storyboard, Takafumi Wada : Music, Masahiro Aizawa : Character Design, Atsushi Ikariya : Character Design, Hiroyuki Oomori : Producer, Satoshi Tanaka : Producer, Shinya Shinozaki : Producer"
Magic of Stella, Stella no Mahou,TV   ,12.0,SILVER LINK.,Fall ,"Comedy, Seinen, Doujinshi Industry, School Club, School Life, Video Game Industry, Based on a Manga",3.37,2016.0,,"'Tamaki Honda, a first year high school student, joins the peculiar SNS Club. With nothing but her wits and her artistic skills, she must traverse the world of doujin (self-published) game development. As new issues arise within the development of game making, Tamaki learns more about her club member’s odd personalities.'",,Magic of Stella,Magic of Stella Specials,"Ayame Seki : Ari Ozawa, Kayo Fujikawa : Aoi Yuuki, Shiina Murakami : Rie Murakawa, Tamaki Honda : Maria Naganawa, Yumine Fuda : Ryouko Maekawa, Haruma Seki : Akira Sekine, Marika Shimizu : Shino Shimoji, Minaha Iino : Ayaka Imamura, Cloba U
Original Creator, Shinya Kawatsura
Director, Kidlit
Music, Rio Kouyama
Music, Mako Kuwahara
Music, Hideki Furukawa
Character Design, Hiroyuki Kobayashi
Producer, Shousei Itou
Producer","Cloba U : Original Creator, Shinya Kawatsura : Director, Kidlit : Music, Rio Kouyama : Music, Mako Kuwahara : Music, Hideki Furukawa : Character Design, Hiroyuki Kobayashi : Producer, Shousei Itou : Producer"
Yakusoku no Utsuwa: Arita no Hatsukoi,,Movie,,Seven Arcs,,"Slice of Life, Countryside, Original Work",3.37,2016.0,,"'Set in the town of Arita, a youth story highlighting the scenery of Arita.'",,,"Fuyu no Chikai, Natsu no Matsuri: Takeoshi no Dai-Kusunoki, Tadaima, Okaeri","Jun Uchiyama, Nao Akino, Jun'S Father, Jun'S Mother, Rinko Yamaguchi, Junji Nishimura
Director, Youichirou Yoshikawa
Music, Miki Takeshita
Character Design","Junji Nishimura : Director, Youichirou Yoshikawa : Music, Miki Takeshita : Character Design"
Tenohira no Niwa, First Hand Memories,Movie,,,,"No Dialogue, Shorts",3.37,2016.0,,'A\xa0tale\xa0of a child and the world as she\xa0perceives it through the core of a toilet paper roll.',,,,"Haruka Umemura
Director, Soushi Abe
Music, Koji Yamamura
Producer","Haruka Umemura : Director, Soushi Abe : Music, Koji Yamamura : Producer"
Pokemon: The Magikarp Song, Pokemon: I Love Koiking,Music,,,,"Comedy, Family Friendly, Monsters, Based on a Video Game",3.37,2016.0,,'No synopsis yet - check back soon!',,,"Pokemon: The Slowpoke Song, Pokemon: Monmon Metamon, Pokemon: Yonayona Gengar","Magikarp, Magikarp Salesman, Ryousuke Aoike
Director",Ryousuke Aoike : Director
The Great Passage: Yokoku, Fune wo Amu: Yokoku,Web  ,10.0,Zexcs,,"Slice of Life, Chibi, Short Episodes, Based on a Novel",3.36,2016.0,,'No synopsis yet - check back soon!',,"The Great Passage (Novel), The Great Passage",The Great Passage,"Masashi Nishioka : Hiroshi Kamiya, Mitsuya Majime : Takahiro Sakurai, Kaguya Hayashi, Kouhei Araki, Tomosuke Matsumoto, Hiroshi, Kai, Midori Kishibe",
Hybrid x Heart Magias Academy Ataraxia Specials, Masou Gakuen HxH Specials,DVD S,,Production IMS,,"Ecchi, Harem, Borderline H, Based on a Light Novel, Explicit Sex",3.36,2016.0,,'No synopsis yet - check back soon!',Explicit Sex,"Hybrid x Heart Magias Academy Ataraxia (Light Novel), Hybrid x Heart Magias Academy Ataraxia",Hybrid x Heart Magias Academy Ataraxia,"Aine Chidorigafuchi, Hayuru Himekawa, Kizuna Hida, Reiri Hida, Silvia Silkcut, Yurishia Farandole, Aldea, Gertrude Baird",
What Happens Before War, Sensou no Tsukurikata,Web  ,1.0,,,"Abstract, Shorts, War",3.36,2016.0,,'No synopsis yet - check back soon!',,,,"Kosai Sekine
Director, Hiroki Sebu
Music, Aya Shiroi
Animation Director","Kosai Sekine : Director, Hiroki Sebu : Music, Aya Shiroi : Animation Director"
Neko Konogoro,,TV   ,,Kachidoki Studio,Spring,"Animal Protagonists, Cats, Non-Human Protagonists, Short Episodes",3.36,2016.0,,'No synopsis yet - check back soon!',,,,"Goronyan, Neko-San, Persia, Kuromimi, Manabu-Kun, Mike-Kun, Nyaoko, Orange Cat",
Rewrite,,TV   ,13.0,8-Bit,Summer,"Comedy, Drama, Environmental, School Club, School Life, Supernatural, Based on a Visual Novel",3.36,2016.0,,"""Green City Kazamatsuri is a city built on the ideal of a harmonious relationship between civilization and environment.. However, the peaceful Kazamatsuri will soon be faced with its annual commotion, the Harvest Festa at the turn of the year. It's an event that is much like a massive school festival, and Tennoji Kotaro decides to head out to research topics for his articles. It's an easy decision for him, because the town is filled with rumors about unidentified creature sightings and various other occult occurrences. At the same time, strange things start happening to Kotaro himself.""",,"Rewrite: Side-B, Rewrite: Side-R, Rewrite: Side-Terra","Rewrite 2, Kagi-nado, Kagi-nado Season 2","Akane Senri : Eri Kitamura, Chihaya Ootori : Saya Shinomiya, Haruhiko Yoshino : Junichi Yanagita, Kagari : Kana Hanazawa, Kotarou Tennouji : Masakazu Morita, Kotori Kanbe : Chiwa Saitou, Lucia Konohana : Risa Asaki, Shizuru Nakatsu : Keiko Suzuki, Motoki Tanaka
Director, Soushi Hosoi
Music, Maiko Iuchi
Music, Shinji Orito
Music, Ryou Mizutsuki
Music, Jun Maeda
Music & Song Composition & Song Lyrics, Masayuki Nonaka
Character Design, Kozue Kaneniwa
Producer","Motoki Tanaka : Director, Soushi Hosoi : Music, Maiko Iuchi : Music, Shinji Orito : Music, Ryou Mizutsuki : Music, Jun Maeda : Music & Song Composition & Song Lyrics, Masayuki Nonaka : Character Design, Kozue Kaneniwa : Producer"
Oh! 96-kku,,Web  ,1.0,,,Slice of Life,3.36,2016.0,,'No synopsis yet - check back soon!',,,,,
Chobitto Zukan,,TV   ,52.0,Kachidoki Studio,Summer,"Comedy, Family Friendly, Short Episodes",3.35,2016.0,2017.0,"'With no apparent reason, Kakuremomojiri and other Chobittos suddenly start a journey looking for a legendary peach known as ""Rainbow Peach.""'",,,MAFF x Chobitto Zukan,"Kakuremomojiri : Sumi Shimamoto, Benikinokobito : Kazusa Aranami, Hotokeakabane : Emi Hirayama, Kusamadaraookobito : Natsumi Yanagihashi, Ritoruhanagashira : Neeko, Shiborioochichi : Ayami Tsukui, Takarakogane : Chiharu Sawashiro, Jun Kanzaki
Director, Masafumi Fukui
Producer","Jun Kanzaki : Director, Masafumi Fukui : Producer"
Capsule Boy,,TV   ,26.0,,,"Sci Fi, Family Friendly, Korean Animation, Proxy Battles, CG Animation, Original Work",3.35,2016.0,,'No synopsis yet - check back soon!',,,Capsule Boy 2: Ujuleul Jikyeola,,
Capsule Boy,,TV   ,26.0,,,"Sci Fi, Family Friendly, Korean Animation, Proxy Battles, CG Animation, Original Work",3.35,2016.0,,'No synopsis yet - check back soon!',,,Capsule Boy 2: Ujuleul Jikyeola,,
Bary-san no Shokoku Manyuuki,,TV   ,47.0,Kachidoki Studio,Winter,"Comedy, Animal Protagonists, Birds, Non-Human Protagonists, Short Episodes",3.35,2016.0,,'No synopsis yet - check back soon!',,,Bary-san no Imabari-ben Kouza,,
Lamaze-P: Nanchoukei Danshi ga Taosenai,,Music,,,,Vocaloid,3.35,2016.0,,'No synopsis yet - check back soon!',,,,"Rin Kagamine, Lamaze-P
Producer",Lamaze-P : Producer
Utsu-P: Ikiteru Obake wa Ikiteiru, Utsu-P: Living ghost is alive,Music,,,,Vocaloid,3.35,2016.0,,'No synopsis yet - check back soon!',,,,"Utsu-P
Producer",Utsu-P : Producer
Kimi ni Maji Kyun!,,DVD S,,,,,3.35,2016.0,,'No synopsis yet - check back soon!',,,Magic-Kyun! Renaissance,"Aoi Suminomiya, Kanato Hibiki, Mone Tsukushi, Rintarou Tatewaki, Rui Anjou, Teika Ichijouji",
Mafumafu: Batsu Game, Mafumafu: Punishment Game,Music,,,,,3.35,2016.0,,'No synopsis yet - check back soon!',,,,"Mafumafu
Music",Mafumafu : Music
Otona no Ikkyuu-san,,TV   ,13.0,Spring 2016,,"Comedy, Historical, Short Episodes",3.35,2016.0,,'No synopsis yet - check back soon!',,,Otona no Ikkyuu-san 2nd Season,"Disciples : Yofukashi No Kai, Funa : Kenichi Ogata, Ikkyuu Soujun : Itsuji Itao, Jigoku Tayuu : Megumi Ouhori, Karasu : Teiichirou Sunagawa, Miseban : Wataru Oushige, Motsurin Joutou : Shinya Kitou, Ninagawa Shinemon : Shigenori Yamazaki, Momoko Fujiwara
Director, Yoshihide Otomo
Music, Takayuki Inoue
Character Design","Momoko Fujiwara : Director, Yoshihide Otomo : Music, Takayuki Inoue : Character Design"
Oba Ano Omamori, Minna no Uta: Oba Ano Omamori,Music,,,,"Family Friendly, Minna no Uta",3.35,2016.0,,'No synopsis yet - check back soon!',,,,,
FLOWER FLOWER: Takaramono,,Music,,,,,3.35,2016.0,,'No synopsis yet - check back soon!',,,,"Saki Iyori
Director, Flower Flower
Music","Saki Iyori : Director, Flower Flower : Music"
Hikari: Kariya wo Tsunagu Monogatari,,Other,,Zexcs,,"Sports, Promotional, Running, School Club",3.35,2016.0,,"'The story of a high school\xa0ekiden\xa0(long-distance road relay running) club and its efforts to prepare for the ward tournament. Since the story takes place in Kariya, viewers will get an idea of the city through the backgrounds.'",,,,"Hikari : Ayaka Suwa, Arata : Daiki Yamashita, Honomi : You Taichi, Sano : Tasuku Hatanaka, Shiho : Eri Inagawa, Sueno : Sae Aiuchi, Youko : Rika Abe, Mami Sodeyama
Character Design, Makoto Nakamura
Producer","Mami Sodeyama : Character Design, Makoto Nakamura : Producer"
Long Riders! Recap,,TV Sp,,Actas,,"Shounen, Sports, Cycling, Recap, Based on a Manga",3.34,2016.0,,"'A recap episode, covering episodes 1-4 of Long Riders!'",,Long Riders!,Long Riders!,"Ami Kurata, Aoi Niigaki, Hinako Saijou, Saki Takamiya, Yayoi Ichinose",
Lostorage Incited WIXOSS,,TV   ,12.0,J.C.Staff,Fall ,"Drama, Card Battles, Psychological, Supernatural, Based on a Card Game, Mature Themes,, Suicide",3.34,2016.0,,"'High school student Homura Suzuko has returned to Ikebukuro, the town where she grew up. But when she gets to school, she finds she has trouble fitting in with the rest of the class. One day, she decides that if she learns to play the card game Wixoss, she might be able to make some friends. She buys a deck set, and when she opens it, the girl on one of the cards begins to move, and speak. ""Welcome, Selector."" Selectors must battle for control of the five coins that hold all their memories. If they can retake all the coins, they win, and can leave the game. But if they lose, as a penalty--'","Mature Themes,, Suicide","Selector Infected WIXOSS: Re/verse, Selector Infected WIXOSS: Peeping Analyze, Selector Infected WIXOSS: Mayu no Oheya, Selector Stirred Wixoss","Selector Infected WIXOSS, Selector Infected WIXOSS Specials, Selector Spread WIXOSS, Selector Destructed WIXOSS, Lostorage Conflated WIXOSS: Missing Link, Lostorage Conflated WIXOSS, Wixoss Diva(A)Live","Chinatsu Morikawa : Yuka Iguchi, Suzuko Homura : Chinami Hashimoto, Hanna Mikage : Yurika Kubo, Kou Satomi : Yuuichi Nakamura, Meru : Hisako Kanemoto, Nanashi : Shiori Izawa, Riru : Shizuka Itou, Allos Piruluk : Minami Shinoda, Katsushi Sakurabi
Director, Maiko Iuchi
Music, Takamitsu Satou
Character Design, Yoshikazu Iwanami
Sound Director, Kouhei Kawase
Producer","Katsushi Sakurabi : Director, Maiko Iuchi : Music, Takamitsu Satou : Character Design, Yoshikazu Iwanami : Sound Director, Kouhei Kawase : Producer"
Mobile Police Patlabor: Reboot,"Alt titles: Kidou Keisatsu Patlabor Reboot, Patlabor: Reboot",Movie,,Khara,,"Mecha, Sci Fi, Japan Animator's Exhibition, Police, Real Robot, Shorts",3.34,2016.0,,'No synopsis yet - check back soon!',,Mobile Police Patlabor,"Patlabor: The Mobile Police, Patlabor: The Movie, Patlabor: The Mobile Police TV, Patlabor: The Mobile Police - New Files, Patlabor 2: The Movie, Patlabor WXIII, Mobile Police Patlabor Minimum: Minipato","Yasuhiro Yoshiura
Director, Kenji Kawai
Music, Naoyuki Asano
Character Design, Jun Yukawa
Producer, Tomoyuki Ogata
Producer, Kazunori Ito
Screenplay","Yasuhiro Yoshiura : Director, Kenji Kawai : Music, Naoyuki Asano : Character Design, Jun Yukawa : Producer, Tomoyuki Ogata : Producer, Kazunori Ito : Screenplay"
AOKANA: Four Rhythm Across the Blue, Ao no Kanata no Four Rhythm,TV   ,12.0,GONZO,Winter,"Drama, Sci Fi, Sports, School Life, Transfer Students, Based on an Eroge, Based on a Visual Novel",3.34,2016.0,,"""The invention of Grav-Shoes, footwear that function as antigravity devices, drastically changes the world, as they give people the ability to freely soar the skies. Asuka Kurashina transfers into Kunahama High school, where she meets Masaya Hinata and Misaki Tobisawa, finds out about the aerial sport that's rapidly gaining popularity—Flying Circus—and immediately joins the school's FC Club. She and her teammates sometimes clash, but they also support one another in the pursuit of their respective goals as they take on formidable rivals and look to triumph in the summer FC tournament.""",,AOKANA: Four Rhythm Across the Blue,,"Asuka Kurashina : Misato Fukuen, Masaya Hinata : Natsumi Takamori, Mashiro Arisaka : Nozomi Yamamoto, Misaki Tobisawa : Azumi Asakura, Rika Ichinose : Madoka Yonezawa, Aoi Kagami : Megumi Ogata, Kazunari Shindo : Kazuyuki Okitsu, Madoka Aoyagi : Naomi Wakabayashi, Fumitoshi Oizaki
Director, Junpei Fujita
Music, Evan Call
Music, Seima Iwahashi
Music, Keiya Nakano
Character Design, Takeo Ogiwara
Photography Director, Eiji Inomoto
Cg Director, Kei Fukura
Producer","Fumitoshi Oizaki : Director, Junpei Fujita : Music, Evan Call : Music, Seima Iwahashi : Music, Keiya Nakano : Character Design, Takeo Ogiwara : Photography Director, Eiji Inomoto : Cg Director, Kei Fukura : Producer"
Historical,,Web  ,1.0,,,"Adventure, Fantasy, Time Travel",3.34,2016.0,,'No synopsis yet - check back soon!',,,,"Enza : Takahiro Sakurai, Shiki Kanotsuno : Ayaka Fujimoto, Makoto Akane : Eri Kitamura, Rabbit Machine
Director & Character Design, Purikoko
Music","Rabbit Machine : Director & Character Design, Purikoko : Music"
Touyu: Kawazuno Mekaridoki,,Music,,,,,3.34,2016.0,,'No synopsis yet - check back soon!',,,,"Touyu
Music",Touyu : Music
Pinocchio-P: All I Need Are Things I like, Pinocchio-P: Sukina Koto Dake de Ii desu,Music,,,,Vocaloid,3.34,2016.0,,'No synopsis yet - check back soon!',,,,"Miku Hatsune, Pinocchio-P
Producer",Pinocchio-P : Producer
Alita's Trail, Alita de Shilian,Movie,,Studio Tumble,,"Action, Fantasy, Chinese Animation, Shorts",3.34,2016.0,,"'A fight in a field. The dragon slayer shades the sun. The giant, whispering in an ancient voice, guides Alita to the signification of the fire.'",,,,"Alita, Zhang Yixing
Director, Gao Tainxiang
Music","Zhang Yixing : Director, Gao Tainxiang : Music"
The Highschool Life of a Fudanshi, Fudanshi Koukou Seikatsu,TV   ,12.0,EMT Squared,Summer,"Comedy, Shoujo, Slice of Life, Fudanshi, Otaku Culture, School Life, Short Episodes, Based on a 4-Koma Manga, Based on a Manga",3.34,2016.0,,"""Sakaguchi is a regular high school boy, just like any other. He turns out to have a deep love for Boys' Love. He could live on Boys' Love alone! Fudanshi Koukou Seikatsu is a hilarious slice-of-life comedy about Fudanshi Sakaguchi and his jolly gang.""",,The High School Life of a Fudanshi,The Highschool Life of a Fudanshi Special,"Ryou Sakaguchi : Wataru Hatano, Akira Ueda : Toshiki Masuda, Keiichi Miyazaki : Katsuhiro Tokuishi, Reiji Tozaki : Norihito Hase, Rumi Nishihara : Aya Suzaki, Toshiaki Nakamura : Kenji Nojima, Yuujirou Shiratori : Tatsuhisa Suzuki, Boys Love Artist, Atami Michinoku
Original Creator, Toshikatsu Tokoro
Director, Chika Ishida
Character Design","Atami Michinoku : Original Creator, Toshikatsu Tokoro : Director, Chika Ishida : Character Design"
Pororo the Little Penguin 6, Porong Porong Pororo 6,TV   ,26.0,,,"Fantasy, Slice of Life, Animal Protagonists, Anthropomorphic, Birds, Korean Animation, Non-Human Protagonists, Penguins, Short Episodes, CG Animation",3.34,2016.0,,'No synopsis yet - check back soon!',,,"Pororo the Little Penguin, Pororo to the Cookie Castle, Pororo the Little Penguin 2, Pororo the Little Penguin 3, Pororo the Little Penguin 4, Porong Porong Rescue Mission, Pororo the Little Penguin: The Racing Adventure, Pororo the Little Penguin 5, Porong Porong: Snow Fairy Adventure","Crong : Mija Lee, Eddy : Sujeong Ham, Harry : Seoyeong Kim, Loopy : Soyeong Hong, Petty : Misook Jeong, Poby : Hwanjin Kim, Pororo : Seon Lee, Rody : Mija Lee",
Norn9: Goddess of Destiny,,TV Sp,,Kinema Citrus,,"Reverse Harem, Sci Fi, Recap, Based on an Otome Game, Based on a Visual Novel",3.34,2016.0,,"'Everything changed when Koharu joined the crew of Norn. The sins of the past forge an uncertain future and put the fate of the crew, and the world itself, in the balance.'",,Norn 9: Norn + Nonet,Norn9,,
Re:ZERO -Starting Break Time From Zero-, Re:Zero Kara Hajimeru Break Time,Web  ,11.0,Studio Puyukai,Spring,"Comedy, Fantasy, Seinen, Chibi, Person in a Strange World, Short Episodes, Based on a Light Novel",3.34,2016.0,,"""Need a happy Break Time to distract you from the pain of Re:ZERO proper? These Re:ZERO shorts feature all of your favorite characters: Subaru, Emilia, Rem, Ram, Felt, and the rest of the gang, able to take a moment away from curses and cults for long enough to enjoy one another's company ~""",,"Re:ZERO -Starting Life in Another World- (Light Novel), Re:ZERO -Starting Life in Another World- Chapter 1: A Day in the Capital, Re:ZERO -Starting Life in Another World- Chapter 2: A Week at the Mansion, Re:ZERO -Starting Life in Another World- Chapter 3: Truth of Zero, Re:ZERO -Starting Life in Another World- Ex (Light Novel), Re:ZERO Kara Hajimeru Isekai Seikatsu Official Anthology, Kenki Renka: Re:ZERO kara Hajimeru Isekai Seikatsu - Shinmei-tan, Re:ZERO kara Hajimeru Isekai Seikatsu - Zenjutsu-tan: Hyouketsu no Kizuna - Before Memories (Light Novel), Re:Zero kara Hajimeru Isekai Seikatsu: Hyouketsu no Kizuna","Re:ZERO -Starting Life in Another World-, Re:Petit Kara Hajimeru Isekai Seikatsu, Re:ZERO -Starting Break Time From Zero- 2nd Season","Emilia : Rie Takahashi, Puck : Yumi Uchiyama, Ram : Rie Murakawa, Rem : Inori Minase, Subaru Natsuki : Yusuke Kobayashi, Beatrice : Satomi Arai, Felt : Chinatsu Akasaki, Roswaal L. Mathers : Takehito Koyasu, Minoru Ashina
Producer & Director, Kenichirou Suehiro
Music, Minoru Takehara
Character Design","Minoru Ashina : Producer & Director, Kenichirou Suehiro : Music, Minoru Takehara : Character Design"
Arctic Adventure: On Frozen Pond, Qingwa Wangguo: Zhi Bingdong Da Maoxian,Movie,,,,"Adventure, Animal Protagonists, Anthropomorphic, Chinese Animation, Frogs, Non-Human Protagonists, CG Animation",3.33,2016.0,,"'For centuries, the Crystal Frog has protected the Frog Kingdom with its magic. But when sneaky One-Eye plots to steal the artifact and become king, it’s up to Freddy and the Frog Princess to make the arduous trek to the Holy Land. Through forest, desert, river rapids, and icy caverns, the bravery of the Frozen Warriors keeps this colorful saga hopping.'",,,The Frog Kingdom,"Peng Fei
Director, Guangxi Chang
Director, Liguo Zheng
Producer","Peng Fei : Director, Guangxi Chang : Director, Liguo Zheng : Producer"
FAKE TYPE. Tsuki,,Music,,,,,3.33,2016.0,,'No synopsis yet - check back soon!',,,,"Fake Type.
Music",Fake Type. : Music
Koukaku no Pandora: Pandoradio, Pandora in the Crimson Shell Specials,DVD S,,Studio Gokumi,,"Comedy, Sci Fi",3.33,2016.0,,'No synopsis yet - check back soon!',,Pandora in the Crimson Shell: Ghost Urn,"Pandora in the Crimson Shell, Pandora in the Crimson Shell: Ghost Urn","Clarion : Manami Numakura, Nene Nanakorobi : Sanae Fuku",
Otousan wa Ai no Hito,,Web  ,1.0,,,"Black and White, Family Life, No Dialogue, Promotional, Shorts",3.33,2016.0,,'No synopsis yet - check back soon!',,,,,
Tekkaman Blade II: Virgin Memory, Uchuu no Kishi Tekkaman Blade II: Virgin Memory,DVD S,,Tatsunoko Production,,"Action, Mecha, Sci Fi, Aliens, Original Work",3.33,2016.0,,'No synopsis yet - check back soon!',,,Tekkaman Blade II,,
Girlish Number,,TV   ,12.0,diomedea,Fall ,"Comedy, Drama, Anime Industry, Coworkers, Idols, Showbiz, Voice Acting, Work Life",3.33,2016.0,,"""College student Chitose Karasuma is determined not to do boring things as she enters the adult world. To this end, this bad-mannered beauty barges into a facility that trains would-be voice actors and actresses, somehow landing a job at “Number One Produce,” a seiyuu agency managed by her older brother, Gojou. In Chitose's mind, she's poised for greatness, but finds herself at a loss when she continues to only get minor roles. As she clashes with other girls in the agency, including a cunning airhead and a girl with a Kansai accent, Chitose is about to learn that there's more to succeeding in this competitive industry than she imagined.""",,"Gi(a)rlish Number, Girlish Number Shura, Girlish Number (Light Novel), Girlish Number: Momoka Memorial",Girlish Number Shura,"Chitose Karasuma : Sayaka Senbongi, Kazuha Shibasaki : Saori Oonishi, Koto Katakura : Yui Ishikawa, Momoka Sonou : Eri Suzuki, Yae Kugayama : Kaede Hondo, Gojou Karasuma : Yuuichirou Umehara, Kuzu-P : Kazuya Nakai, Towada-Ap : Takuya Eguchi, Shouta Ibata
Director, Sumie Kinoshita
Character Design","Shouta Ibata : Director, Sumie Kinoshita : Character Design"
Hitori no Shita: The Outcast,,TV   ,12.0,Pandanium,Summer,"Action, Martial Arts, Supernatural, Superpowers, Zombies, Based on a Manga, Violence",3.33,2016.0,,"""Chou Soran leads a very common college student's life until he finds himself caught up in a terrible incident that happened in a small village. As he was walking through a graveyard, Chou Soran is assaulted by zombies.""",Violence,Weirdo,"Hitori no Shita: The Outcast 2, Hitori no Shita: The Outcast Recap, Hitori no Shita: The Outcast - Fanwai Pian, Hitori no Shita: The Outcast 3","Baobao Feng : Saori Hayami, Chulan Zhang : Atsushi Tamaru, He Xia : Youko Hikasa, Liang Lu : Marie Miyake, San Xu : Kenji Nojima, Shayan Feng : Yumi Hara, Xilin Zhang : Tadashi Miyazawa, Yanyan Liu : Ayaka Asai, Naoyuki Tatsuwa
Chief Director & Episode Director, Ryuudai Abe
Music","Naoyuki Tatsuwa : Chief Director & Episode Director, Ryuudai Abe : Music"
Joker Game: Kuroneko Yoru no Bouken, Joker Game: The Black Cat Yoru`s Adventure,DVD S,,Production I.G,,"Mystery, Historical, Military, War, World War 2, Based on a Novel",3.33,2016.0,,"'An original animation titled ""Kuroneko Yoru no Bouken"" (Black Cat Yoru\'s Adventure), included in the BD box sets of Joker Game.'",,"D no Maou, Joker Game (Light Novel), Joker Game: The Animation",Joker Game,"Yoru, Amari, Fukumoto, Hatano, Jitsui, Kaminaga, Miyoshi, Tazaki",
Dagashi Kashi,,TV   ,12.0,feel.,Winter,"Comedy, Shounen, Slice of Life, Countryside, Food and Beverage, Based on a Manga",3.33,2016.0,,"""Kokonotsu “Coconuts” Shikada dreams of becoming a famous manga artist. The only problem—he's terrible. His real talent is selling the complex and delicious snacks in his father's “dagashi” shop. He never thought much about the family business until the trendy, eccentric Hotaru showed up. As a lover of “dagashi,” she can't let his talent go to waste and decides she won't stop 'til she's sold him on sweets.""",,"Dagashi Kashi, Dagashi Kashi: Mou Hitotsu no Natsuyasumi (Light Novel)",Dagashi Kashi 2,"Hotaru Shidare : Ayana Taketatsu, Kokonotsu Shikada : Atsushi Abe, Saya Endo : Manami Numakura, To Endo : Tatsuhisa Suzuki, Yo Shikada : Keiji Fujiwara, Fue Gum-Senpai : Keiji Fujiwara, Fue Ramune : Atsushi Abe, Girl : Kaede Hondo, Kotoyama
Original Creator, Shigehito Takayanagi
Director & Series Composition, Yasuko Kamo
Series Composition, Nobuaki Nobusawa
Music, Tomotaka Oosumi
Music, Kanetoshi Kamimoto
Character Design, Junya Okamoto
Producer, Junichirou Tanaka
Producer","Kotoyama : Original Creator, Shigehito Takayanagi : Director & Series Composition, Yasuko Kamo : Series Composition, Nobuaki Nobusawa : Music, Tomotaka Oosumi : Music, Kanetoshi Kamimoto : Character Design, Junya Okamoto : Producer, Junichirou Tanaka : Producer"
SCL Project: The Last Supper,,Music,,,,Vocaloid,3.33,2016.0,,'No synopsis yet - check back soon!',,,,"Gakupo Kamui, Kaito, Len Kagamine, Scl Project
Producer",Scl Project : Producer
Spookiz Season 2,,Web  ,23.0,,,"Comedy, Crude, Demons, Episodic, Family Friendly, Korean Animation, Monsters, School Life, Short Episodes, Supernatural, Vampires, Zombies, CG Animation",3.33,2016.0,,'Second season of Spookiz.',,,"Spookiz, Spookiz Halloween Special, Spookiz: Trick or Treat, Spookiz Season 3","Cula, Frankie, Kebi, Kongkong, Zizi, Reaper Sam",
To Be Hero, Tu Bian Yingxiong,TV   ,12.0,Studio LAN,Fall ,"Comedy, Sci Fi, Chinese Animation, Crude, Parody, Superpowers, Original Work",3.32,2016.0,,"'The protagonist, Old Man, is very attractive but a terrible slob, a failure as a father, and works as a toilet seat designer. He is divorced from his wife, and lives with his daughter, Min-chan, who is both very smart and athletic.\xa0One day, as he was taking a dump, he was sucked into his toilet and given the important job of becoming a hero to save the world! He ends up having to give up his good looks for a chubby frame in exchange.\xa0Old Man’s battle to protect the Earth and Min-chan is about to start...'",,,To Be Heroine,"Ossan, Min-Chan, Prince, Yamada-San, Blood Mince Machine, Emperor Black Hoihoi, Iron Shrimp Man, Li Haoling
Director, Kyouichi Miyazaki
Music, Takagou Azuma
Music, Hisayuki Shimizu
Music, He Ye Lin
Music, Lan
Character Design, Xing Cheng Lu
Producer","Li Haoling : Director, Kyouichi Miyazaki : Music, Takagou Azuma : Music, Hisayuki Shimizu : Music, He Ye Lin : Music, Lan : Character Design, Xing Cheng Lu : Producer"
Chuuko Video-ya no Onna Tenin X,,Web  ,1.0,Fall 2016,,"Comedy, Shorts, Work Life, Based on a Manga",3.32,2016.0,,"'The story centers on a 19-year-old female video shop clerk named Chiaki Sakata\xa0and Inari,\xa0a elementary school boy who keeps sneaking into the adult section.'",,Chuuko Video-ya no Onna Tenin X,,"Chiaki Sakata : M.A.O., Inari : Atsumi Tanezaki, Kiyohara : Atsushi Imaruoka, Haruka Mado
Original Creator",Haruka Mado : Original Creator
Tokyo 7th Sisters: Winning Day / Lucky☆Lucky,,Music,,,,Idols,3.32,2016.0,,"'The Karakuri twins preform their song ""Winning Day"", while the girls of 4U rock out to the upbeat ""Lucky Lucky"".'",,Tokyo 7th Sisters Comic Anthology,"Tokyo 7th Sisters: Snow in I love you, Tokyo 7th Sisters: YELLOW, Tokyo 7th Sisters: Zero / TREAT OR TREAT?, Tokyo 7th Sisters: Bokura wa Aozora ni Naru / FUNBARE☆RUNNER, Tokyo 7th Sisters: Seventh Haven, Tokyo 7th Sisters: Twilight, Tokyo 7th Sisters: TRIGGER / Fire and Rose, t7s Longing for summer Again And Again: Harukaze, Tokyo 7th Sisters: t7s Longing For Summer Again and Again, Tokyo 7th Sisters: WORLD'S END / PUNCH'D RANKER, Tokyo 7th Sisters: Start Line / Stay Gold","Emoko Wanibuchi : Mayu Yoshioka, Futaba Karakuri : Akina, Hina Saeki : Maria Naganawa, Hitoha Karakuri : Akina, Ume Kujou : Mami Yamashita",
Macross Delta Specials,,DVD S,,Studio Puyukai,,"Comedy, Sci Fi, Aliens, Chibi, Idols, Outer Space, Picture Drama, Original Work",3.32,2016.0,2017.0,'No synopsis yet - check back soon!',,"Super Dimensional Fortress Macross II, Super Dimensional Fortress Macross the First, Macross Delta Gaiden: Macross E, Macross Delta, Macross Delta: Kuroki Tsubasa no Shiro Kishi, Macross Delta: Ginga wo Michibiku Utahime",Macross Delta,"Bogue Con-Vaart, Chuck Mustang, Freyja Wion, Hayate Immelman, Kaname Buccaneer, Makina Nakajima, Messer Ihlefeld, Mikumo Guynemer, Minoru Ashina
Director, Minoru Takehara
Character Design","Minoru Ashina : Director, Minoru Takehara : Character Design"
Nisekoi: OVA,,OVA  ,2.0,SHAFT,,"Comedy, Fantasy, Harem, Magical Girl, Romance, Shounen, Slice of Life, Henshin Heroes, Magic, Based on a Manga",3.32,2016.0,,"'Half of the original anime DVD will adapt the special bonus Magical Pâtissier Kosaki-chan manga shorts that will be in the 19th, 20th, and 21st volumes. The shorts feature Yui, and the anime\'s website teases a new magical girl as well.\xa0The other half of the original anime DVD will adapt Komi\'s ""Shinkon"" (Newlywed) manga bonuses in the manga\'s fourth volume (Kosaki) and the booklets bundled with the 16th (Marika), 17th (Tsugumi), and 21st (Chitoge) manga volumes. The excerpt reads, ""Dinner is ready. And so is the bath, so which do you want first?""'",,"Koi no Kamisama, Nisekoi: False Love, Magical Pâtissier Kosaki-chan, Nisekoi Bangai-hen: Ticket","Nisekoi, Nisekoi OVA, Nisekoi: Four Seasons, Nisekoi:","Chitoge Kirisaki : Nao Touyama, Kosaki Onodera : Kana Hanazawa, Marika Tachibana : Kana Asumi, Raku Ichijo : Kouki Uchiyama, Seishirou Tsugumi : Mikako Komatsu, Yui Kanakura : Yui Horie, Naoshi Komi
Original Creator, Yukihiro Miyamoto
Chief Director & Episode Director, Akiyuki Simbo
Chief Director & Series Composition, Shaft
Series Composition, Tomoki Kikuya
Music, Nobuhiro Sugiyama
Character Design & Chief Animation Director, Rei Egami
Photography Director, Takeshi Naitou
Art Director","Naoshi Komi : Original Creator, Yukihiro Miyamoto : Chief Director & Episode Director, Akiyuki Simbo : Chief Director & Series Composition, Shaft : Series Composition, Tomoki Kikuya : Music, Nobuhiro Sugiyama : Character Design & Chief Animation Director, Rei Egami : Photography Director, Takeshi Naitou : Art Director"
Otsukisama Light, Minna no Uta: Otsukisama Light,Music,,,,Minna no Uta,3.32,2016.0,,'No synopsis yet - check back soon!',,,,,
Fate/Extella OP,,Web  ,1.0,SHAFT,,"Fantasy, Opening Animation, Promotional, Based on a Video Game",3.32,2016.0,,'The opening animation for the video game Fate/Extella.',,,Fate/Extra CCC OP,"Caster, Saber, Saber, Archer, Caster, Lancer, Lancer Of Red, Assassin, Yukihiro Miyamoto
Director, Masaaki Takiyama
Character Design & Chief Animation Director, Toshimasa Suzuki
Storyboard, Akihisa Takano
Animation Director & Key Animator, Yoshiaki Itou
Key Animator, Kazuya Shiotsuki
Key Animator, Taisuke Iwasaki
Key Animator, Shinya Nishizawa
Key Animator","Yukihiro Miyamoto : Director, Masaaki Takiyama : Character Design & Chief Animation Director, Toshimasa Suzuki : Storyboard, Akihisa Takano : Animation Director & Key Animator, Yoshiaki Itou : Key Animator, Kazuya Shiotsuki : Key Animator, Taisuke Iwasaki : Key Animator, Shinya Nishizawa : Key Animator"
March Comes in like a Lion Recap, 3-gatsu no Lion Recap,TV Sp,,SHAFT,,"Drama, Seinen, Slice of Life, Board Games, Orphans, Psychological, Recap, Based on a Manga",3.32,2016.0,,"'A special omnibus episode reviewing the previous 11 episodes. Many things have happened, yet Rei is determined to continue fighting.'",,"March Comes in Like a Lion, March Comes in Like a Lion: Shakunetsu no Jidai","3-gatsu no Lion meets Bump of Chicken, March Comes in like a Lion, March Comes in like a Lion 2nd Season","Akari Kawamoto, Hinata Kawamoto, Momo Kawamoto, Rei Kiriyama, Ayumu Kouda, Harunobu Nikaidou, Issa Matsumoto, Kuro-Chan, Chica Umino
Original Creator, Akiyuki Simbo
Director, Kenjirou Okada
Director, Yukari Hashimoto
Music, Nobuhiro Sugiyama
Character Design, Eita Higashikubo
Episode Director, Miku Ooshima
Screenplay, Yukito Kizawa
Screenplay","Chica Umino : Original Creator, Akiyuki Simbo : Director, Kenjirou Okada : Director, Yukari Hashimoto : Music, Nobuhiro Sugiyama : Character Design, Eita Higashikubo : Episode Director, Miku Ooshima : Screenplay, Yukito Kizawa : Screenplay"
40MeterP: Dare mo Shiranai Happy End,,Music,,,,Vocaloid,3.32,2016.0,,'No synopsis yet - check back soon!',,,,"Fukase, 40Meterp
Producer",40Meterp : Producer
Sinbad: Night at High Noon and the Wonder Gate, Sinbad: Mahiru no Yoru to Fushigi no Mon,Movie,,Nippon Animation,,"Adventure, Middle Eastern",3.32,2016.0,,"""The search for Sana's comrades continues. Sara who opens up her heart to Sinbad reveals her horrible story of how her father's apprentice Galip destroyed the peaceful kingdom and her family by using the wizardly power. Suddenly the Magic Lamp shows the passage “to the Wonder Gate to the land of ancestors that appears in the Night at High Noon,” but Galip's solders block their path.""",,,"Sinbad: A Flying Princess and a Secret Island, Sinbad: The Magic Lamp and the Moving Islands","Sana, Sinbad : Tomo Muranaka, Ali : Nao Nagasawa, Daal : Yutaka Aoyama, Galip : Akira Ishida, Haitham : Masato Obara, King Nader : Ryuzaburo Otomo, Latifa : Rebecca Shoichet, Hiroyuki Kawasaki
Series Composition, Takashi Inoue
Producer","Hiroyuki Kawasaki : Series Composition, Takashi Inoue : Producer"
Baki OVA,,OVA  ,1.0,Telecom Animation Film,,"Action, Shounen, Sports, Hand to Hand Combat, Martial Arts, Promotional, Shorts, Based on a Manga, Explicit Violence",3.32,2016.0,,"'The arc is portrayed in the Baki manga, the second installment in the series, and features underground ring fighters in the no-rules combat environment of death row convicts. The anime will highlight five individuals from prisons around the world who ""long to know defeat."" The five individuals break out of their respective prisons and head to Japan.'",Explicit Violence,"Baki the Grappler, Baki, Baki Gaiden: Scarface, Hanma Baki, Baki Gaiden: Kizuzura, Baki Gaiden: Kenjin, Baki-Dou, Baki-Dou (2018)","Grappler Baki: The Ultimate Fighter, Baki the Grappler, Baki the Grappler: Maximum Tournament, Baki","Baki Hanma : Nobunaga Shimazaki, Dorian Kaioh : Unshou Ishizuka, Spec : Atsushi Imaruoka, Keisuke Itagaki
Original Creator, Teiichi Takiguchi
Director & Character Design & Chief Animation Director, Kenji Fujisawa
Music","Keisuke Itagaki : Original Creator, Teiichi Takiguchi : Director & Character Design & Chief Animation Director, Kenji Fujisawa : Music"
Megane, Minna no Uta: Megane,Music,,,,Minna no Uta,3.32,2016.0,,'No synopsis yet - check back soon!',,,,,
Garo: Crimson Moon Special, Garo: Guren no Tsuki Special,DVD S,,MAPPA,,"Action, Adventure, Fantasy, Dark Fantasy, Demons, Feudal Japan, Magic, Power Suits, Supernatural, Based on a TV Series",3.32,2016.0,,'No synopsis yet - check back soon!',,,"Garo The Animation, Garo: Crimson Moon - Yurugaro, Garo The Animation: Home, Garo: Crimson Moon, Garo Movie: Divine Flame, Garo: Vanishing Line, Usuzumizakura: Garo",,
Love Live! x Watering KissMint Collaboration CM,,Other,,Sunrise,,"Commercials, Promotional",3.32,2016.0,,"""High school idol\xa0Maki Nishikino promotes Glico's new gum,\xa0Watering KissMint.""",,,Mitaiken Horizon,"Maki Nishikino : Pile, Eli Ayase, Hanayo Koizumi, Honoka Kousaka, Kotori Minami, Nico Yazawa, Nozomi Toujou, Rin Hoshizora",
Cure Miracle to Mofurun no Mahou Lesson,,Movie,,,,"Action, Fantasy, Magical Girl, Family Friendly, Henshin Heroes, Magic, Shorts, CG Animation",3.32,2016.0,,'No synopsis yet - check back soon!',,Futari wa Pretty Cure: Splash Star,,"Mirai Asahina : Rie Takahashi, Mofurun : Ayaka Saitou",
Tiny Twin Bears 3rd Season, Ganbare! Lulu Lolo 3rd Season,TV   ,10.0,Fanworks,Winter,"Animal Protagonists, Bears, Family Friendly, Non-Human Protagonists, Short Episodes",3.32,2016.0,,'Third season of\xa0Ganbare! Lulu Lolo.',,,"Ganbare! Lulu Lolo, Ganbare! Lulu Lolo 2nd Season",,
Seven Mortal Sins: Tsumi no Kokuhaku Dennou Grimoire!, Sin: Nanatsu no Taizai - Tsumi no Kokuhaku Dennou Grimoire!,Other,,,,"Ecchi, Fantasy, Demons, Non-Human Protagonists, Short Episodes",3.31,2016.0,2017.0,'No synopsis yet - check back soon!',,,Seven Mortal Sins,,
Tonkatsu DJ Agetarou,,TV   ,12.0,Studio DEEN,Spring,"Comedy, Shounen, Food and Beverage, Music, Short Episodes, Based on a Manga",3.31,2016.0,,"'The 3rd generation owner of a pork cutlet store Agetarou Katsumata discovers a similarity between pork cutlet stores and DJs in clubs. Discovering the similarity of the completely different two, he aims to become the master of both a DJ and a pork cutlet store! The anime depicts pork cutlets, club culture, DJs and the urban life of Shibuya!'",,Tonkatsu DJ Agetarou,,"Agetarou Katsumata : Daiki Yamashita, Agesaku Katsumata : Kouji Ishii, Gorou Mizokuro : Takashi Matsuyama, Iori Oiri : Keiji Fujiwara, Shuugo Oshibori : Kenjirou Tsuda, Apache, Big Master Fly : Chafurin, Dong-Myeong E : Shuuta Morishima, Ipyao
Original Creator, Akitarou Daichi
Director","Ipyao : Original Creator, Akitarou Daichi : Director"
Occultic;Nine,,TV   ,12.0,A-1 Pictures,Fall ,"Mystery, Sci Fi, Social Media, Based on a Light Novel",3.31,2016.0,,"'The multitude of small, miniscule “discomfort” later develops into a case so large it is beyond imagination... Yuuta Gamon is a 2nd year in high school. He runs ""Kiri Kiri Basara,"" an affiliate blog that rounds up occult forum posts, for a shot at quick money, and challenges himself to the occult night and day to ""hack and slash away!"" the many supernatural phenomena existing in the world from a scientific standpoint. However, with that blog of his as a catalyst, a group of downright maniacal and insane comrades have gathered about.'",,"Occultic;Nine (Light Novel), Occultic;Nine",,"Aria Kureinaino : Miyuki Sawashiro, Kiryuu Kusakabe : Kishou Taniyama, Miyuu Aikawa : Hitomi Yoshida, Ririka Nishizono : Mamiko Noto, Ryouka Narusawa : Ayane Sakura, Sarai Hashigami : Kaito Ishikawa, Shun Moritsuka : Tetsuya Kakihara, Touko Sumikaze : Shizuka Itou, Chiyomaru Shikura
Original Creator, Kyouhei Ishiguro
Director, Masaru Yokoyama
Music, Tomoaki Takase
Character Design, Kazuko Nakashima
Color Design, Shuko Yokoyama
Producer, Takashi Saiki
Producer, Kanako Itou
Song Performance","Chiyomaru Shikura : Original Creator, Kyouhei Ishiguro : Director, Masaru Yokoyama : Music, Tomoaki Takase : Character Design, Kazuko Nakashima : Color Design, Shuko Yokoyama : Producer, Takashi Saiki : Producer, Kanako Itou : Song Performance"
"Three Leaves, Three Colors Specials", Sansha Sanyou Specials,DVD S,,Doga Kobo,,"Comedy, Seinen, Slice of Life, Based on a 4-Koma Manga, Based on a Manga",3.31,2016.0,,'No synopsis yet - check back soon!',,"Three Leaves, Three Colors, Three Leaves, Three Colors Anthology Comic","Three Leaves, Three Colors","Futaba Odagiri : Mai Kanazawa, Teru Hayama : Ayaka Imamura, Youko Nishikawa : Yuu Wakui, Asako Kondou : Aina Suzuki, Hajime Tsuji : Kotone Kuwayama, Kou Hayama : Asuka Nishi, Mitsugu Yamaji : Kenji Akabane, Sakura Usuda : Nao Natsuno, Cherry Arai
Original Creator",Cherry Arai : Original Creator
Battle Spirits: Double Drive,,TV   ,51.0,BN Pictures,Spring,"Action, Fantasy, Person in a Strange World, Summoned Into Another World, Based on a Card Game",3.31,2016.0,2017.0,"'Shunta Mogami loves the Battle Spirits game. One day he is transported by a light from a Battle Spirits card to Spirits World, the origin of all Battle Spirits. He meets a girl named Eto, who claims to have summoned him to Spirits World in order to prevent its destruction at the hands of the revived Evil God-King, who once plotted the destruction of Spirits World before being defeated and sealed away. Together with the confident, green-deck-wielding Yoku Albatrosa, who also came from another world, Shunta sets out to find the twelve God-Kings whose power originally sealed the Evil God-King.'",,Battle Spirits: Sword Eyes,"Battle Spirits: Shounen Toppa Version, Battle Spirits: Shounen Gekiha Dan, Battle Spirits: Brave, Battle Spirits: Heroes, Battle Spirits: Sword Eyes, Battle Spirits: Saikyou Ginga Ultimate Zero, Battle Spirits: Sword Eyes Gekitouden, Battle Spirits: Burning Soul","Shunta Mogami : Makoto Koichi, Yoku Albatrosa : Mutsumi Tamura, Azasu : Yuuji Ueda, Bihi : Tetsuo Goto, Eto Etoshinmori : Sawako Hata, Goura : Chafurin, Hinoe Mogami : Seiko Ueda, Kashira : Masuo Amada, Kunihisa Sugishima
Director, Nobuaki Nobusawa
Music, Yoshinori Yumoto
Character Design, Sayako Muramatsu
Producer","Kunihisa Sugishima : Director, Nobuaki Nobusawa : Music, Yoshinori Yumoto : Character Design, Sayako Muramatsu : Producer"
Last Note: Uchouten Vivace, Last Note: Ecstatic Vivace,Music,,,,Vocaloid,3.31,2016.0,,'No synopsis yet - check back soon!',,"Mikagura School Suite, Mikagura School Suite (Light Novel), Mikagura School Suite: Koushiki Anthology Comic","Last Note: Houkago Stride, Last Note: Mukiryoku Coup d'État, Last Note: Garakuta Innocence, Last Note: Izayoi Seeing, Mikagura School Suite, Last Note: Esoragoto Spiral","Himi Yasaka, Eruna Ichinomiya, Asuhi Imizu, Bimii, Kyouma Kuzuryu, Rumina Rikyu, Sadamatsu Minatogawa, Seisa Mikagura, Last Note
Producer",Last Note : Producer
Luger Code 1951,,Web  ,1.0,Studio DEEN,Fall ,"Action, Sci Fi, Shounen, Animal Transformation, Shorts, Supernatural, Werewolves, Based on a Manga, Animal Abuse,, Mature Themes,, Physical Abuse,, Violence",3.31,2016.0,,"""17-year-old linguistic genius and university professor Testa Lielbelle is introduced by his senior, Sergeant Rossa, to the Allied Cryptanalysis Department. There, he is tasked to break the enemy werewolves' code, which the werewolves are using to encrypt their radio transmissions. Testa is astounded, as the only sound the encrypted code produces is the howling of a wolf. His research yields no results, and he resolves to capture a live werewolf for better cryptanalysis. After exhausting all possible means, he finally finds a female werewolf, Yonaga.""","Animal Abuse,, Mature Themes,, Physical Abuse,, Violence",Luger Code 1951,,"Alex Rossa, Testa Lielbert, Yonaga, Balke, Curtis, Frank, Volks, Haruto Haneki
Original Creator, Shinya Takahashi
Director, Ryou Kawasaki
Music, Hirofumi Morimoto
Character Design","Haruto Haneki : Original Creator, Shinya Takahashi : Director, Ryou Kawasaki : Music, Hirofumi Morimoto : Character Design"
Ojisan and Marshmallow, Oji-san to Marshmallow,TV   ,12.0,Creators in Pack,Winter,"Comedy, Romance, Coworkers, Mature Romance, Romantic Comedy, Short Episodes, Work Life, Based on a Manga",3.31,2016.0,,"'Kusaka is an older man who loves marshmallows, and Wakabayashi is an OL (office lady) who loves Kusaka. Their relationship unfolds at their office.'",,Ojisan and Marshmallow,Ojisan and Marshmallow: Hige-san and Marshmallow,"Habahiro Kusaka : Tetsu Inada, Iori Wakabayashi : Eri Kitamura, Machida : Suzuna Kinoshita, Mio5 : Kana Hanazawa, Mukai : Kaori Taguchi, Hiroko : Sayaka Horino, Hiromi : Suzumi Fujimori, Isamu Wakabayashi : Tetsuya Kakihara, Rekomaru Otoi
Original Creator, Tokihiro Sasaki
Director, Hisayoshi Hirasawa
Director, Mari Shirakawa
Character Design","Rekomaru Otoi : Original Creator, Tokihiro Sasaki : Director, Hisayoshi Hirasawa : Director, Mari Shirakawa : Character Design"
Muzumuzu Eighteen,,TV   ,20.0,Spring 2016,,"Family Friendly, Short Episodes",3.31,2016.0,2017.0,'No synopsis yet - check back soon!',,,,,
MIYAVI: Raise Me Up Teaser Video,,Music,,,,Music,3.31,2016.0,,'No synopsis yet - check back soon!',,,MIYAVI: Afraid To Be Cool,"Miyavi
Music",Miyavi : Music
Rilakkuma: Tebukuro wo Todoke ni, Rilakkuma: The Handmade mittens were presented to Chairoikoguma,Web  ,1.0,,,"Animal Protagonists, Bears, No Dialogue, Non-Human Protagonists, Promotional, San-X Characters, Shorts",3.31,2016.0,,'No synopsis yet - check back soon!',,,,"Kiiroitori, Korilakkuma, Rilakkuma",
GOUACHE: RED,,Music,,,,,3.31,2016.0,,'No synopsis yet - check back soon!',,,,"Gouache
Music",Gouache : Music
rerulili: Fashion Kiru,,Music,,,,Vocaloid,3.31,2016.0,,'No synopsis yet - check back soon!',,,,"Miku Hatsune, Rerulili
Producer",Rerulili : Producer
Lalala Lala-chan: Patapata Daisensou,,TV   ,12.0,IKIF+,Fall ,"Adventure, Fantasy, Animal Protagonists, Family Friendly, Non-Human Protagonists, Short Episodes",3.31,2016.0,2017.0,'No synopsis yet - check back soon!',,,"Lalala Lala-chan, Lala-chan Santa no Fantasy Christmas, Lalala Lala-chan: Uchuu ni Muchuu, Lalala Lala-chan: Lala to Mainichi","Lala-Chan : Sumire Morohoshi, Io-Kun : Yuka Terasaki, Panbit : Yuu Kobayashi, Peck, Pock, Pyuutan, Ulala",
Kaakaa Karasu no Kanzaburou, Minna no Uta: Kaakaa Karasu no Kanzaburou,Music,,,,Minna no Uta,3.3,2016.0,,'No synopsis yet - check back soon!',,,,,
The [email protected]: Cinderella Girls Gekijou - 5 Shuunen Kinen Short Anime,,Web  ,1.0,,,"Comedy, Chibi, Idols, Shorts",3.3,2016.0,,'No synopsis yet - check back soon!',,,,"Emi Nanba : Arisa Date, Sanae Katagiri : Azumi Waki, Suzuho Ueda : Nanami Haruno, Uzuki Shimamura : Ayaka Oohashi, Aiko Takamori : Yuki Kaneko, Akane Hino : Chinatsu Akasaki, Karen Houjou : Mai Fuchigami, Miyu Mifune : Sayaka Harada",
Rilakkuma: Shiawase wo Yobu Kiiroitori Sennin,,Web  ,1.0,,,"Animal Protagonists, Birds, No Dialogue, Non-Human Protagonists, Promotional, San-X Characters, Shorts",3.3,2016.0,,'No synopsis yet - check back soon!',,,,Rilakkuma,
PJ Berri no Mogumogu Munyamunya,,TV   ,20.0,Doga Kobo,Summer,"Comedy, Fantasy, Animal Protagonists, Anthropomorphic, Non-Human Protagonists, Short Episodes, Based on a Video Game",3.3,2016.0,2017.0,"'The new anime is titled PJ Berri no Mogu Mogu Munya Munya, and it will center on the PJ Berri character.'",,,"Parappa the Rapper, PJ Berri no Mogumogu Munyamunya 2nd Season","Parappa : Yuuto Suzuki, Pj Berri : Jun Oosuka",
Fate/Kaleid Liner Prisma Illya 3rei!! Special,,DVD S,,SILVER LINK.,,"Fantasy, Magical Girl, Contemporary Fantasy, Henshin Heroes, Magic, Urban Fantasy, Based on a Manga",3.3,2016.0,2017.0,'No synopsis yet - check back soon!',,"Fate/Stay Night, Fate/Zero (Light Novel), Fate/Tiger Colosseum Upper, Fate/Kaleid Liner Prisma Illya, Fate/Kaleid Liner Prisma Illya 2wei!, Fate/Kaleid Liner Prisma Illya 3rei!!, Fate/Prototype: Soukan no Fragments (Light Novel), Fate/Kaleid Liner Prisma Illya (Light Novel), Fate/Gudaguda Order, Fate/Labyrinth (Light Novel), Fate/Apocrypha, Fate/Ixtella","Fate/stay night, Fate/stay night: TV reproduction, Fate/stay night: Unlimited Blade Works Movie, Fate/Zero, Fate/Prototype, Fate/Zero: Onegai! Einzbern Soudanshitsu, Fate/Zero 2, Fate/Kaleid Liner Prisma Illya, Fate/Kaleid Liner Prisma Illya Specials, Fate/Kaleid Liner Prisma Illya 2wei! First Bra - Illya-hen, Fate/Kaleid Liner Prisma Illya: Undoukai de Dance!, Fate/Kaleid Liner Prisma Illya 2wei!, Fate/stay night: Unlimited Blade Works, Fate/Kaleid Liner Prisma Illya 2wei! OVA, Fate/stay night: Unlimited Blade Works 2 - Sunny Day, Fate/stay night: Unlimited Blade Works 2, Fate/kaleid Liner Prisma Illya 2wei Herz!, Fate/kaleid Liner Prisma Illya 2wei Herz! Specials, Fate/Kaleid Liner Prisma Illya 3rei!!, Fate/Kaleid Liner Prisma Illya Movie: Vow in the Snow, Fate/stay night: Heaven's Feel I. presage flower","Illyasviel Von Einzbern : Mai Kadowaki, Bazett Fraga Mcremitz : Hitomi Nabatame, Chloe Von Einzbern : Chiwa Saitou, Erica : Sumire Morohoshi, Luviagelita Edelfelt : Shizuka Itou, Rin Tohsaka : Kana Ueda, Tanaka : Misato Fukuen, Angelica : Ryouko Shiraishi",
Fujinkoron CM: Fujinkoron-senpai,,Web  ,1.0,HOTZIPANG,,"Comedy, Promotional, Shorts",3.3,2016.0,,'No synopsis yet - check back soon!',,,,,
Shomin Sample Specials," Ore ga Ojou-sama Gakkou ni ""Shomin Sample"" Toshite Rachirareta Ken Specials",DVD S,,SILVER LINK.,,"Comedy, All-Girls School, Boarding School, Based on a Light Novel",3.3,2016.0,,'No synopsis yet - check back soon!',,"Shomin Sample: I Was Abducted by an Elite All-Girls School as a Sample Commoner (Light Novel), Shomin Sample: I Was Abducted by an Elite All-Girls School as a Sample Commoner, Ore ga Ojou-sama Gakkou ni Shomin Sample to Shite Spin-off Sareta Ken",Shomin Sample,"Aika Tenkuubashi, Hakua Shiodome, Karen Jinryou, Kimito Kagurazaka, Miyuki Kujou, Reiko Arisugawa",
Tayo the Little Bus 4, Kkoma Bus Tayo 4,TV   ,26.0,,,"Cars, Family Friendly, Korean Animation, Short Episodes, CG Animation",3.3,2016.0,,'Fourth season of\xa0Tayo the Little Bus.',,,"Tayo the Little Bus, Tayo the Little Bus 2, Tayo the Little Bus 3, Tayo the Little Bus Movie: Mission Ace, Titipo Titipo, Tayo the Little Bus 5","Tayo, Gani, Hana, Lani, Rogi, Duri, Heart, Iracha",
FAKE TYPE. Urban Caravan,,Music,,,,"Adventure, Fantasy, Music",3.3,2016.0,,'No synopsis yet - check back soon!',,,,"Fake Type.
Music",Fake Type. : Music
Go! Go! Senkyo,,Web  ,10.0,,,"Animal Protagonists, Anthropomorphic, Dancing, Family Friendly, Non-Human Protagonists, Pigs, Rabbits, Short Episodes",3.3,2016.0,,'No synopsis yet - check back soon!',,,,"Uruma Delvi
Director",Uruma Delvi : Director
rerulili: Rekishi no Jinbutsu Oboema SHOW!,,Music,,,,Vocaloid,3.3,2016.0,,'No synopsis yet - check back soon!',,,,"Rerulili
Producer",Rerulili : Producer
Girl Friend Note, Girl Friend (♪),Web  ,3.0,Encourage Films,Fall ,"Slice of Life, School Life, Short Episodes, Based on a Mobile Game",3.3,2016.0,,"'In the anime\'s story, the group ""nonet"" ends up working on a play with the group ""Outori"" from the Outori Song Academy. The play is Cinderella, but with a special twist. Momoko Asahina will play Cinerella, Miyabi Kunishiro will play the prince, and Kokomi Shina will play an unexpected role.'",,,Girl Friend BETA,"Kokomi Shiina : Satomi Satou, Miyabi Kunishiro : Chiwa Saitou, Momoko Asahina : Yui Ogura, Daisuke Chikushi
Director, Sakae Shibuya
Character Design","Daisuke Chikushi : Director, Sakae Shibuya : Character Design"
Monster Strike: Rain of Memories,,Web  ,1.0,CONNECT,Fall ,"Action, Fantasy, Monsters, Based on a Mobile Game",3.29,2016.0,,"""They deserve better. Someone better than me... The stage is set one year before Ren arrives in Kaminohara. Akira has moved to Kaminohara from Sendai, all for the sake of revenge. The wounds that his sister suffered in an MS battle fuel his vengeance. A lost Haruma is given directions by Akira, revealing a caring side to the usually cold and calculating teen. Haruma observes Akira's violent MS battles, and realizes that Akira fights while reading his enemies' attacks.Haruma proposes the idea of recruiting Akira to his teammates, Aoi and Minami. Surprised and naturally reluctant, Aoi and Minami decide to trust Haruma. For Haruma has resisted recruiting the fourth member of their team, saving the spot for the right person...""",,,"Monster Strike, Monster Strike: An Encore and Continuance - Pandora's Box, Monster Strike: Mermaid Rhapsody, Monster Strike The Movie, Monster Strike 2nd Season, Monster Strike: The Long-Awaited Utopia, Monster Strike: A Rhapsody Called Lucy -The Very First Song-, MSonic! D'Artagnyan's Rise to Fame, Monster Strike: The Fading Cosmos, Monster Strike the Animation, Monster Strike the Movie 3: Lucifer - Dawn of Despair","Akira Kagetsuki : Kengo Kawanishi, Haruma Kagutsuchi : Daisuke Ono, Aoi Mizusawa : Lynn, Minami Wakaba : Juri Kimura, Ayumi Fukuhara : Harumi Sakurai, Kamui, Lucifer : Youko Hikasa, Memento Mori : Sayaka Oohara, Hideki Tachibana
Director, Satoru Kousaki
Music, Kuniyuki Takahashi
Music, Ryuuichi Takada
Music, Keiichi Hirokawa
Music, Nao Hirasawa
Producer","Hideki Tachibana : Director, Satoru Kousaki : Music, Kuniyuki Takahashi : Music, Ryuuichi Takada : Music, Keiichi Hirokawa : Music, Nao Hirasawa : Producer"
Kagerou Daze: In a Day's,,Movie,,Jumonji,,"Drama, Mystery, Based on a Song, Shorts, Supernatural",3.29,2016.0,,'No synopsis yet - check back soon!',,"Kagerou Days (Light Novel), Kagerou Daze, Kagerou Days: Koushiki Anthology Comic - Summer, Kagerou Days: Koushiki Anthology Comic - Winter, Kagerou Days: Koushiki Anthology Comic - Upper, Kagerou Days: Koushiki Anthology Comic - Downer, Mari no Kakuu Sekai, Kagerou Days: Koushiki Anthology Comic - Spring",Mekakucity Actors,"Ene, Kousuke Seto, Marry Kozakura, Momo Kisaragi, Shintaro Kisaragi, Shuuya Kano, Tsubomi Kido, Ayano Tateyama, Shidu
Director, Yukio Takahashi
Director, Kei Tsuchiya
Character Design","Shidu : Director, Yukio Takahashi : Director, Kei Tsuchiya : Character Design"
Shounen Sunday CM: Major 2nd,,Other,,,,"Shounen, Sports, Baseball, Commercials, Promotional, Based on a Manga",3.29,2016.0,,"'A commercial for the manga Major 2nd, published by Shogakukan.'",,Major 2nd,Major 2nd,"Takuya Mitsuda
Original Creator",Takuya Mitsuda : Original Creator
Bakuon!! no Kobeya,,DVD S,,8 Pan,,"Comedy, Chibi, Motorcycles, Based on a Manga",3.29,2016.0,,'No synopsis yet - check back soon!',,"Bakuon!!, Bakuon!! Amano Onsa no Nikoichi Hanjouki, Bakuon!! Suzunoki Rin no Yabou","Bakuon!! OVA, Bakuon!!","Hane Sakura : Reina Ueda, Onsa Amano : Yumi Uchiyama, Raimu Kawasaki, Rin Suzunoki : Nao Touyama, Onsa'S Father : Mitsuo Iwata, Rin'S Father : Shinichirou Miki, Yume Sakura : Azusa Tadokoro, Mimana Orimoto
Original Creator",Mimana Orimoto : Original Creator
Yasamura Yasashi no Yasashii Sekai,,Web  ,33.0,DLE,Summer,"Comedy, Short Episodes",3.29,2016.0,2018.0,"'The series, which is made up of episodes some 30 seconds in length, follows a mysterious but gentle-hearted man named Yasashi Yasamura who spreads warmth and human kindness wherever he goes.'",,,,Yasamura Yasashi,
Rifujin-jin, Minna no Uta: Rifujin-jin,Music,,,,"Family Friendly, Minna no Uta",3.29,2016.0,,'No synopsis yet - check back soon!',,,,,
Rudolf the Black Cat, Rudolf to Ippaiattena,Movie,,OLM Digital,,"Adventure, Animal Protagonists, Cats, Family Friendly, Non-Human Protagonists, CG Animation",3.29,2016.0,,"'Ever wondered what your cat gets up to when you’re not around? Naïve stay-at-home cat Rudolf has always longed to roam the streets of his little neighbourhood. His thirst for adventure finds him lost miles away in the big city. With help from a street cat known as Gottalot, Rudolf quickly discovers that he has a lot to learn about the world. Will Rudolf ever be able to find his way home? Follow Rudolf’s heart-warming journey of friendship and discovery as he learns to stand on his own four paws.'",,,Rudolf to Ippaiattena x Godzilla x Toho Cinemas Moving Logo Eizou,"Ippaiattena : Ryouhei Suzuki, Rudolf : Mao Inoue, Butchy : Norito Yashima, Devil : Arata Furuta, Kuma Sensei : Akio Ootsuka, Misha : Nana Mizuki, Rie-Chan : Rio Sasaki, Rudolf'S Younger Brother : Yuka Terasaki, Kunihiko Yuyama
Director, Motonori Sakakibara
Director","Kunihiko Yuyama : Director, Motonori Sakakibara : Director"
Inazma Delivery,,Web  ,10.0,Kanaban Graphics,Fall ,"Comedy, Sci Fi, Aliens, Animal Protagonists, Anthropomorphic, Non-Human Protagonists, Pigs, Short Episodes, CG Animation",3.29,2016.0,2017.0,'No synopsis yet - check back soon!',,,"Inazma Delivery: Dougyousha Attack-hen, Inazma Delivery: Bytheway Dance","Bytheway : Daisuke Ueno, Hemingway : Daisuke Ueno, Catherine : Daisuke Ueno, David : Daisuke Ueno",
Aimer: Everlasting Snow,,Music,,,,"Drama, Loneliness",3.29,2016.0,,"'The official music video for Everlasting Snow, by Aimer.'",,,,"Gaku Kinoshita
Director, Aimer
Music","Gaku Kinoshita : Director, Aimer : Music"
Rilakkuma: Kyou mo Pukapuka Dararakko,,Web  ,1.0,,,"Animal Protagonists, Bears, No Dialogue, Non-Human Protagonists, Promotional, San-X Characters, Shorts",3.29,2016.0,,'No synopsis yet - check back soon!',,,,Rilakkuma,
"Neko mo, Ondake",,TV   ,12.0,Studio! Cucuri,Spring,"Slice of Life, Cats, Family Life, Historical, Island, Short Episodes, Based on a Manga",3.29,2016.0,,"'The story\xa0is set in Matsuyama City in the southwestern prefecture of Ehime on Shikoku Island during the Showa 40s era (1965-1975). The Onda family includes the big sister Sachiko who is a passionate fan of the idol Hiromi Dou, the little brother Takushi who is terrible at arithmetic, the father Yoshito who works at a factory and is a Yomiuri Giants baseball fan, the mother Natsuko who wants to build a house for the family, and the newest addition — a cat named Mii.'",,,,"Natsuko Onda, Sachiko Onda, Takushi Onda, Yoshito Onda, Mii, Radio Wada
Original Creator, Yoshinobu Sena
Producer & Director & Episode Director & Screenplay","Radio Wada : Original Creator, Yoshinobu Sena : Producer & Director & Episode Director & Screenplay"
Asa da yo! Kaishain, Kaishain: Shellfish Employees,TV   ,744.0,DLE,Spring,"Comedy, Animal Protagonists, Anthropomorphic, Non-Human Protagonists, Short Episodes, Work Life, Original Work",3.29,2016.0,2019.0,"'""Kaishain: Shellfish Employees"" is a joint production between DLE, and Toho Cinemas. A wordplay on the words ""employee"" and ""clam"" in Japanese, the anime revolves around various clams that personify company stereotypes, like a ""yes man,"" or the nosy boss. The show shows a satirical side of Japanese society, while also addressing growing social problems.'",,,"doublefocus x Kaishain: Collab Item CM, Asa Da yo! Kaishain x Cine Mileage Card, Deluxe Da yo! Kaishain","Duck Shell, Ivory Shell, Manila Shell",
T.M. Revolution: Committed RED,,Music,,,,,3.29,2016.0,,'No synopsis yet - check back soon!',,,,"Salaryman, Takanori Nishikawa
Music",Takanori Nishikawa : Music
Kimoshiba,,TV   ,26.0,Jinni's,Fall ,"Comedy, Slice of Life, Animal Protagonists, Dogs, Non-Human Protagonists, Short Episodes, Supernatural",3.28,2016.0,2017.0,"'Kimoshiba is a weird type of life form with the shape of an oversize shiba inu, loves eating curry (particularly curry breads), and works at a funeral home. Similar life forms include yamishiba and onishiba.'",,,,Kimoshiba,
The Gift,,Other,,Marza Animation Planet,,"Adventure, Fantasy, Family Friendly, Person in a Strange World, Shorts, CG Animation, Original Work",3.28,2016.0,,'No synopsis yet - check back soon!',,,The Peak,,
Usamaru,,Web  ,12.0,Craftar,Summer,"Comedy, Slice of Life, Animal Protagonists, Anthropomorphic, No Dialogue, Non-Human Protagonists, Rabbits, Short Episodes",3.28,2016.0,,"'Based on Usamaru, a creepy-cute cartoon rabbit character from a popular series of LINE stickers.'",,,,"Tomohiko Ishii
Producer",Tomohiko Ishii : Producer
Warau kumo, The Laughing Spider,Movie,,,,"Abstract, No Dialogue, Shorts",3.28,2016.0,,'No synopsis yet - check back soon!',,,,"Keiichi Tanaami
Director",Keiichi Tanaami : Director
Grimgar of Fantasy and Ash Special, Hai to Gensou no Grimgar Special,DVD S,,A-1 Pictures,,"Comedy, Ecchi, Fantasy, Isekai, MMORPG, Person in a Strange World, RPG, Based on a Light Novel",3.28,2016.0,,'No synopsis yet - check back soon!',,"Grimgar of Fantasy and Ash (Light Novel), Grimgar of Fantasy and Ash, Noraneko Marie (Light Novel)",Grimgar of Fantasy and Ash,"Haruhiro : Yoshimasa Hosoya, Ranta : Hiroyuki Yoshino, Shihoru : Haruka Terui, Yume : Mikako Komatsu, Manato : Nobunaga Shimazaki, Mogzo : Fukushi Ochiai",
Tayo the Little Bus Movie: Mission Ace, Kkoma Bus Tayo-ui Ace Guchuljakjeon,Movie,,,,"Cars, Family Friendly, Korean Animation, CG Animation",3.28,2016.0,,"'Duri is on board while Tayo is doing his route. He shows Tayo his most favorite toy car, ‘Ace’. Tayo envies Duri and Ace’s strong connection. As soon as Duri gets out at his stop, he ends up dropping Ace on the road by accident.'",,,"Tayo the Little Bus, Tayo the Little Bus 2, Tayo the Little Bus 3, Tayo the Little Bus 4, Titipo Titipo, Tayo the Little Bus 5","Tayo, Ace, Duri",
Hedgehogs, Bobby the Hedgehog,Movie,,,,"Adventure, Comedy, Animal Protagonists, Anthropomorphic, Chinese Animation, Family Friendly, Non-Human Protagonists",3.28,2016.0,,"'When a hedgehog suffering from memory loss forgets his identity, he ends up on a big city journey with a pigeon to save his habitat from a human threat.'",,,,,
Toukiden 2,,Web  ,3.0,Studio 4°C,Spring,"Action, Promotional, Short Episodes, Based on a Video Game",3.28,2016.0,,'No synopsis yet - check back soon!',,"Toukiden 2: ""Oni"" Utsu Mono",,"Hakase : Maaya Sakamoto, Tokitsugu : Kouichi Yamadera, Benizuki : Yukari Fukui, Homura : Eiji Miyashita, Kamuna, Oni, Tenko, Tsubaki, Takahiro Tanaka
Director & Character Design, Tomoko Ogihara
Producer","Takahiro Tanaka : Director & Character Design, Tomoko Ogihara : Producer"
All-Free kono Natsu Ichioshi Monogatari Campaign Kokuchi Douga,,Other,,,,"Comedy, Commercials, Food and Beverage, Promotional, Short Episodes",3.28,2016.0,,'No synopsis yet - check back soon!',,,Mr. Osomatsu,"Choromatsu Matsuno : Hiroshi Kamiya, Ichimatsu Matsuno : Jun Fukuyama, Jyushimatsu Matsuno : Daisuke Ono, Karamatsu Matsuno : Yuuichi Nakamura, Osomatsu Matsuno : Takahiro Sakurai, Todomatsu Matsuno : Miyu Irino",
Sangatsu no Phantasia: Hajimari no Sokudo,,Music,,,,School Life,3.28,2016.0,,"""Official music video for Kiznaiver's ending theme\xa0Hajimari no Sokudo, performed by\xa0Sangatsu no Phantasia.""",,,Kiznaiver,"Sangatsu No Phantasia
Music",Sangatsu No Phantasia : Music
Keijo!!!!!!!! Specials,,DVD S,,XEBEC,,"Comedy, Ecchi, Shounen, Sports, Based on a Manga",3.28,2016.0,2017.0,'No synopsis yet - check back soon!',,Keijo!!!!!!!!,Keijo!!!!!!!!,"Nozomi Kaminashi : Lynn, Sayaka Miyata : M.A.O., Hanabi Kawai : Rena Maeda, Kazane Aoba : Kaede Hondo, Mio Kusakai : Hibiku Yamamura, Non Toyoguchi : Saori Oonishi, Atsuko Yoshida, Kotone Fujisaki, Daichi Sorayomi
Original Creator",Daichi Sorayomi : Original Creator
Trickster," Trickster: Edogawa Ranpo ""Shounen Tanteidan"" yori",TV   ,24.0,Shin-Ei Animation,Fall ,"Mystery, Anime no Me, Detectives, Original Work",3.28,2016.0,2017.0,"'Kensuke Hanasaki meets a mysterious boy named Yoshio Kobayashi who, due to an unexplained fog, cannot die though he wishes for death. Intrigued by this boy, Kensuke invites him to join the Boys’ Detective Team and their work around the city. But danger awaits and their fate will lead them down a dark path.'",,Trickster,"Gackt: Kimi dake no Boku de Iru kara, Trickster OVA: Episode 00","Kensuke Hanasaki : Ryouta Oosaka, Yoshio Kobayashi : Daiki Yamashita, Fiend With Twenty Faces : Gackt, Kogorou Akechi : Daisuke Ono, Masaharu Katsuta : Takuya Masumoto, Hisa Ootomo : Makoto Furukawa, Kogorou : R. Bruce Elliott, Makoto Nori : Ibuki Kido, Masahiro Mukai
Director, Yuuki Hayashi
Music, Chinatsu Matsui
Producer, Kouji Akio
Producer, Youhei Kisara
Producer, Toshihiro Suzuki
Producer, Masayuki Sano
Producer","Masahiro Mukai : Director, Yuuki Hayashi : Music, Chinatsu Matsui : Producer, Kouji Akio : Producer, Youhei Kisara : Producer, Toshihiro Suzuki : Producer, Masayuki Sano : Producer"
Meow Meow Japanese History, Neko Neko Nihonshi,TV   ,32.0,Joker Films,Spring,"Comedy, Animal Protagonists, Anthropomorphic, Cats, Educational, Family Friendly, Feudal Japan, Historical, Non-Human Protagonists, Parody, Short Episodes, Based on a Manga",3.28,2016.0,2017.0,"""The many great cats throughout Japan's history are back to strut their stuff in a new season. They continue to leave their mark on history, doing whatever they want, but what else would you expect from a cat? They get bored fast, and love to sharpen their claws and take naps. They might be scared of water and loud noises, but the amount of energy they display when they get excited is something to see! What kind of history will we see them create this time around?""",,Neko Neko Nihonshi,"Meow Meow Japanese History 2nd Season, Meow Meow Japanese History 3rd Season, Meow Meow Japanese History 4th Season, Meow Meow Japanese History Movie: Ryouma no Hachamecha Time Travel ze yo!, Meow Meow Japanese History 5th Season","Himiko, Nobunaga Oda, Ryouma Sakamoto : Yuu Kobayashi, Akechi Mitsuhide, Asakura Yoshikage, Azai Nagamasa, Emperor Of Wei, Himiko'S Younger Brother, Kenji Sonishi
Original Creator, Tomohiro Kawamura
Director, Isamu Yoshikuni
Producer","Kenji Sonishi : Original Creator, Tomohiro Kawamura : Director, Isamu Yoshikuni : Producer"
Buddy Go! 2,,TV Sp,,,,"Romance, Shoujo, Crossdressing, Idols, Short Episodes, Showbiz, Based on a Manga",3.28,2016.0,,'Continuation of Buddy Go!',,Buddy Go!,Buddy Go!,"Ai Shizukuishi : Asami Shimoda, Hayate : Nobuhiko Okamoto, Someko, Minori Kurosaki
Original Creator",Minori Kurosaki : Original Creator
Touken Ranbu: Hanamaru,,TV   ,12.0,Doga Kobo,Fall ,"Fantasy, Slice of Life, Anthropomorphic, Episodic, Historical, Swordplay, Based on a Video Game",3.27,2016.0,,"'In the year 2205, the past becomes threatened by the historical revisionists who seek to change it. Protecting history becomes the task of a boisterous band of swords that are brought to life, including the glamorous Kashu Kiyomitsu and the kindly Yamatonokami Yasusada. Beyond their battles, these legendary swords from different eras lead charming daily lives.'",,"Touken Ranbu 4-koma Anthology, Touken Ranbu Online Anthology Comic: Touken Danshi Makuaigeki, Touken Ranbu Gakuen, Touken Ranbu: Hanamaru, Touken Ranbu Online Anthology: Shutsujin Junbichuu!, Touken Ranbu Online Anthology: SukuEni no Jin, Touken Ranbu Online Anthology: Tadaima Kikan!, Touken Ranbu Online Anthology: Asobi","Katsugeki! Touken Ranbu, Touken Ranbu: Hanamaru ~Makuai Kaisouroku~, Zoku Touken Ranbu: Hanamaru","Kashuu Kiyomitsu : Toshiki Masuda, Yamatonokami Yasusada : Mitsuhiro Ichiki, Aizen Kunitoshi : Seiichirou Yamashita, Akashi Kuniyuki : Ryouta Asari, Akita Toushirou : Yoshitaka Yamaya, Atsushi Toushirou : Daiki Yamashita, Doudanuki Masakuni : Tooru Sakurai, Gokotai : Yuuta Kasuya, Takashi Naoya
Director, Kenji Kawai
Music, Junichirou Taniguchi
Character Design, Takumi Kohama
Producer, Junnosuke Itou
Producer, Jun Morita
Producer, Yoshiki Usa
Producer, Yasuomi Umetsu
Op Director","Takashi Naoya : Director, Kenji Kawai : Music, Junichirou Taniguchi : Character Design, Takumi Kohama : Producer, Junnosuke Itou : Producer, Jun Morita : Producer, Yoshiki Usa : Producer, Yasuomi Umetsu : Op Director"
Long Riders!,,TV   ,12.0,Actas,Fall ,"Shounen, Sports, College, Cycling, Based on a Manga",3.27,2016.0,2017.0,"'For first-year college student Ami Kurata, it was love at first sight when she laid her eyes on a folding bike. She saves up money to buy one of her own, then pedals right into the exciting world of long-distance bicycling. After forming a cycling team on campus, Ami and her four new bike mates prepare for the ride of their lives in an upcoming long-distance race.'",,Long Riders!,Long Riders! Recap,"Ami Kurata : Nao Touyama, Aoi Niigaki : Hiromi Igarashi, Hinako Saijou : Rumi Ookubo, Saki Takamiya : Youko Hikasa, Yayoi Ichinose : Yurika Kurosawa, Alpaca Cycle Manager : Sayako Toujou, Ami'S Mother : Yukine Yaehata, Chiharu : Rika Morinaga, Tatsuya Yoshihara
Director, Hiroaki Tsutsumi
Music, Jiemon Futsuzawa
Character Design, Yuuichi Furuichi
Color Design, Kei Fukura
Producer, Atsushi Sugita
Producer, Fuminori Yamazaki
Producer, Youhei Kisara
Producer","Tatsuya Yoshihara : Director, Hiroaki Tsutsumi : Music, Jiemon Futsuzawa : Character Design, Yuuichi Furuichi : Color Design, Kei Fukura : Producer, Atsushi Sugita : Producer, Fuminori Yamazaki : Producer, Youhei Kisara : Producer"
Hachioji-P: Kimagure Mercy,,Music,,,,Vocaloid,3.27,2016.0,,'No synopsis yet - check back soon!',,,,"Miku Hatsune, Hachioji-P
Producer",Hachioji-P : Producer
Buddy Go!,,TV Sp,,,,"Romance, Shoujo, Crossdressing, Idols, Short Episodes, Showbiz, Based on a Manga",3.27,2016.0,,"'Ai Shizukuishi is a shy, plain girl with not-so-great grades and a secret. She posted videos of her dancing in male clothes onto Smile Douga, and she became a viral hit. Ai aims to beat Hayate, the ""godly"" ""prince of dance"" on Smile Douga. However, her cross-dressing dances happened to catch the eye of an entertainment agency, so she makes her professional debut — in an idol unit with Hayate. On top of that, the two have to share quarters under the agency\'s rules.'",,Buddy Go!,Buddy Go! 2,"Ai Shizukuishi : Asami Shimoda, Hayate : Nobuhiko Okamoto, Kiichan, Someko, Minori Kurosaki
Original Creator",Minori Kurosaki : Original Creator
Panpaka Pants WO New!,,TV   ,26.0,DLE,Spring,"Comedy, Animal Protagonists, Anthropomorphic, Non-Human Protagonists, Pigs, Short Episodes",3.27,2016.0,,'No synopsis yet - check back soon!',,,"Panpaka Pants O New!, Panpaka Pants O New-san",Panpaka : Yoshino Nanjou,
Ima no Watashi ni Dekiru Koto...,,Web  ,2.0,TYO Animations,Summer,"Sci Fi, Short Episodes, Original Work",3.27,2016.0,,"'The anime takes place in 2102 where future has advanced beyond what was imagined in the 21st century and in 2016. 17-year-old Nami is a high school girl living everyday happily without much thought. A recent increase in ""guerrilla heavy rains"" has caused to her start worrying a little. She encounters 10-year-old You, a mysterious girl from the near future.'",,,,"Nami : Hitomi Harada, You : Ayami Tsukui, Michio Fukuda
Director & Screenplay, Rika Oota
Character Design","Michio Fukuda : Director & Screenplay, Rika Oota : Character Design"
Sekai no Owari: Present,,Music,,,,Music,3.27,2016.0,,'No synopsis yet - check back soon!',,,,"Tekken
Director, Sekai No Owari
Music","Tekken : Director, Sekai No Owari : Music"
My Wife Is the Student Council President! OVA: Okusama Gekijou, Okusama ga Seito Kaichou! OVA: Okusama Gekijou,DVD S,,Seven,,"Comedy, Shounen, Chibi, Picture Drama, Based on a Manga",3.27,2016.0,,'No synopsis yet - check back soon!',,Okusama ga Seito Kaichou!,"My Wife Is the Student Council President!, My Wife Is the Student Council President! Okusama Gekijou, My Wife Is the Student Council President! OVA, My Wife is the Student Council President+!","Hayato Izumi : Kazuyuki Okitsu, Ui Wakana : Ayana Taketatsu, Ayane Niikura : Aoi Fujimoto, Karen Fujisaki : Yoshie Sugiyama, Mato Sawatari : Juri Nagatsuma, Rin Misumi : Minami Tsuda, Yumi Nakata
Original Creator",Yumi Nakata : Original Creator
Schwarzesmarken,,TV   ,12.0,aNCHOR,Winter,"Action, Drama, Mecha, Sci Fi, Based on an Eroge, Based on a Visual Novel, Mature Themes,, Physical Abuse,, Sexual Abuse,, Sexual Content,, Violence",3.27,2016.0,,"'In 1983, the East German Army 666th TSF Squadron, “Schwarzes marken,” is a special-response force tasked with assaulting BETA forces. They specifically target Laser and Heavy Laser class BETA to disable their enemy’s immense firepower. This merciless team’s orders are given the highest priority, and they follow them so exactly that the 666th is known to ignore allied distress calls that would interfere with an ongoing mission, even if only for a moment.'","Mature Themes,, Physical Abuse,, Sexual Abuse,, Sexual Content,, Violence","MuvLuv, Muv-Luv Unlimited, Muv-Luv Alternative, Muv-Luv Alternative: Total Eclipse, Schwarzesmarken (Light Novel), Schwarzesmarken Requiem (Light Novel), Schwarzesmarken: Sekiei no Bernhard (Light Novel)","Muv-Luv Alternative: Total Eclipse - Pre-Climax Special, Muv-Luv Alternative: Total Eclipse","Irisdina Bernhard : Nozomi Yamamoto, Katia Waldheim : Minami Tanaka, Lise Hohenstein : Yoshino Nanjou, Theodor Eberbach : Kenichi Suzumura, Anett Hosenfeld : Chika Anzai, Beatrix Brehmer : Yukari Tamura, Circe Steinhoff : Manami Numakura, Erich Schmidt, Tetsuya Watanabe
Director, Evan Call
Music, Shuuichi Hara
Character Design, Yoshikazu Beniya
Producer, Hiroyuki Tanaka
Producer, Gorou Shinjuku
Producer, Mika Shimizu
Producer, Shunsuke Matsumura
Producer","Tetsuya Watanabe : Director, Evan Call : Music, Shuuichi Hara : Character Design, Yoshikazu Beniya : Producer, Hiroyuki Tanaka : Producer, Gorou Shinjuku : Producer, Mika Shimizu : Producer, Shunsuke Matsumura : Producer"
Matoi the Sacred Slayer, Soushin Shoujo Matoi,TV   ,12.0,WHITE FOX,Fall ,"Fantasy, Magical Girl, Henshin Heroes, Magic, Supernatural, Original Work",3.27,2016.0,,"'Matoi Sumeragi works as a part-time shrine maiden at her friend, Yuma’s, family shrine. While Yuma is next in line to become the shrine maiden, Matoi is content to pursue a normal life. Unfortunately, “normal life” comes to a crashing halt when she and Yuma find the shrine damaged and Yuma’s parents wounded. Things only escalate as Yuma’s “Divine Possession” ritual aims for, not Yuma, but Matoi, imbuing her with the powers of a god in a fight against evil spirits.'",,,"Matoi the Sacred Slayer Recap, Matoi the Sacred Slayer Special","Claris Tonitrus : Haruka Tomatsu, Matoi Sumeragi : Ayaka Suwa, Yuma Kusanagi : Naomi Oozora, Cariot : Nobuyuki Hiyama, Haruka Luciela : Ayako Kawasumi, Hideo Tezuka : Atsushi Abe, Shingo Sumeragi : Hiroki Touchi, Azumi Azuma : Mayumi Shintani, Masayuki Sakoi
Director, Tatsuya Katou
Music, Mai Toda
Character Design, Tooru Komakine
Producer, Yoshito Mikamo
Episode Director, Eri Irei
Key Animator","Masayuki Sakoi : Director, Tatsuya Katou : Music, Mai Toda : Character Design, Tooru Komakine : Producer, Yoshito Mikamo : Episode Director, Eri Irei : Key Animator"
Akashic Re:cords OP,,Other,,,,"Opening Animation, Promotional",3.27,2016.0,,'The opening animation for the mobile game Akashic Re:cords.',,,,,
Norn9, Norn9: Norn + Nonette,TV   ,12.0,Kinema Citrus,Winter,"Adventure, Drama, Mystery, Romance, Sci Fi, Supernatural, Superpowers, Based on an Otome Game, Based on a Visual Novel",3.27,2016.0,,"'A nameless girl with a mysterious past is chosen to join the crew of Norn: a flying ship whose mission is to maintain peace throughout their world. As she adjusts to the wonders aboard the ship, with its tiered gardens, crystal waters, and highly-gifted crew, she finds that each discovery seems to yield more questions than answers. Even more mysterious, she learns that each member aboard Norn has one thing in common: they wield otherworldly “special abilities” similar to her own powers.'",,Norn 9: Norn + Nonet,Norn9: Goddess of Destiny,"Akito Shukuri : Noriaki Sugiyama, Heishi Otomaru : Hiroyuki Yoshino, Itsuki Kagami : Kouji Yusa, Kakeru Yuiga : Yuuki Kaji, Koharu : Ayumi Fujimura, Masamune Tooya : Takuya Satou, Mikoto Kuga : Ayahi Takagaki, Nanami Shiranui : Asami Seto, Takao Abo
Director, Kevin Penkin
Music, Yukari Takeuchi
Character Design, Kazuhiro Kanemitsu
Producer, Jun Nishimura
Producer, Mitsutoshi Ogura
Producer, Asuka Yamazaki
Producer, Takema Okamura
Producer","Takao Abo : Director, Kevin Penkin : Music, Yukari Takeuchi : Character Design, Kazuhiro Kanemitsu : Producer, Jun Nishimura : Producer, Mitsutoshi Ogura : Producer, Asuka Yamazaki : Producer, Takema Okamura : Producer"
Kumamiko: Girl Meets Bear Specials,,DVD S,,EMT Squared,,"Comedy, Seinen, Slice of Life, Animal Protagonists, Bears, Countryside, Japanese Mythology, Non-Human Protagonists, Based on a Manga",3.27,2016.0,,'No synopsis yet - check back soon!',,"Kumamiko: Girl Meets Bear, Kumamiko Koushiki Anthology",Kumamiko: Girl Meets Bear,"Machi Amayadori, Natsu Kumai, Masume Yoshimoto
Original Creator",Masume Yoshimoto : Original Creator
Digimon Universe: Appli Monsters, Digimon Universe: App Monsters!,TV   ,52.0,Toei Animation,Fall ,"Action, Sci Fi, Shounen, Monsters, Based on a Video Game",3.27,2016.0,2017.0,"'Everyone in the world uses smartphone apps, but within them lurks unknown creatures called App Monsters or ""Appmon."" The Appmon are AI lifeforms with the ability to think and act, and exist in the boundary between the human world and the digital world. In the vast sea of the internet, the ""villainous AI"" also known as Leviathan takes control of the Appmon with the L-virus and begins hacking every system, thus gaining control of the human world from the world of the net. Haru Shinkai is led to acquire the Appli Drive, and uses it to materialize Gatchmon, a search app monster.'",,Digimon Universe: Appli Monsters,,"Dokamon : Motoko Kumai, Eri Karan : Umeka Shouji, Gatchmon : Kokoro Kikuchi, Hackmon : Daisuke Sakaguchi, Haru Shinkai : Yumi Uchiyama, Musimon : Nao Tamura, Rei Katsura : Toshiyuki Toyonaga, Torajirou Asuka : Shiho Kokido, Gou Koga
Director, Kotaro Nakagawa
Music, Kenichi Oonuki
Character Design, Masahiro Sugasawa
Producer, Daichi Nagatomi
Producer, Ryuichi Kimura
Episode Director & Storyboard, Noboru Koizumi
Key Animator","Gou Koga : Director, Kotaro Nakagawa : Music, Kenichi Oonuki : Character Design, Masahiro Sugasawa : Producer, Daichi Nagatomi : Producer, Ryuichi Kimura : Episode Director & Storyboard, Noboru Koizumi : Key Animator"
Kangaeru Jikan,,Other,,,,"Shorts, Original Work",3.27,2016.0,,'No synopsis yet - check back soon!',,,,"Mika Seike
Director",Mika Seike : Director
Sound! Euphonium 2 Specials, Hibike! Euphonium 2 Specials,DVD S,,Kyoto Animation,,"Comedy, Music, School Club, School Life, Based on a Novel",3.27,2016.0,2017.0,'No synopsis yet - check back soon!',,"Sound! Euphonium (Novel), Sound! Euphonium: Welcome to the Kitauji High School Concert Band, Sound! Euphonium: Kitauji Koukou Suisougaku-bu no Ichiban Atsui Natsu, Sound! Euphonium: Kitauji Koukou Suisougaku-bu, Saidai no Kiki","Sound! Euphonium, Sound! Euphonium Specials, Sound! Euphonium: Ready, Set, Monaka, Hibike! Euphonium Movie: Kitauji Koukou Suisougaku-bu e Youkoso, Sound! Euphonium 2, Hibike! Euphonium Movie 2: Todoketai Melody","Natsuki Nakagawa, Riko Nagase, Yuuko Yoshikawa, Takuya Goto, Nikki Asada
Original Character Design",Nikki Asada : Original Character Design
Lukas Graham: 7 Years, Lukas Graham: Boku wa Mada 7-sai Datta,Music,,pH studio,,Drama,3.27,2016.0,,'No synopsis yet - check back soon!',,,,,
The Highschool Life of a Fudanshi Special," Fudanshi Koukou Seikatsu: Sports no Aki, Bonnou no Aki",DVD S,,EMT Squared,,"Shoujo, Sports, Fudanshi, Otaku Culture, School Life, Based on a Manga",3.27,2016.0,,'No synopsis yet - check back soon!',,The High School Life of a Fudanshi,The Highschool Life of a Fudanshi,"Rumi Nishihara, Ryou Sakaguchi, Toshiaki Nakamura, Atami Michinoku
Original Creator",Atami Michinoku : Original Creator
Mafumafu & Soraru: Wasurerarenbo, Mafumafu & Soraru: Forgotten Love,Music,,,,,3.27,2016.0,,'No synopsis yet - check back soon!',,,,"Mafumafu
Music, Soraru
Music","Mafumafu : Music, Soraru : Music"
Ookina Onaka,,Music,,,,"Family Friendly, Minna no Uta",3.26,2016.0,,'No synopsis yet - check back soon!',,,,"Osamu Sakai
Director",Osamu Sakai : Director
Kano: Prima Stella,,Music,,,,,3.26,2016.0,,'No synopsis yet - check back soon!',,,,"Kano
Song Performance",Kano : Song Performance
Hi-sCool! Seha Girls Special, Sega Hard Girls Special,DVD S,,Jinni's,,"Comedy, Anthropomorphic, Chibi, Parody, Virtual Reality, CG Animation, Original Work",3.26,2016.0,,'No synopsis yet - check back soon!',,Gendai Nihon ni Yattekita Sega no Megami ni Arigachi na Koto (Light Novel),Hi-sCool! Seha Girls,,
Robber's Company,,Web  ,6.0,Studio Ugoki,Summer,"Action, Short Episodes, Thieves, CG Animation",3.26,2016.0,2017.0,"'The stage is Tokyo. One girl wants to be a fashion designer. She gets a job officially selling suits, but main business is robbing banks. Her name is Funny. Is Funny able to follow her dream be a fashion designer even though she might get caught in the factions and bonds of the company?!'",,,,"Funny, Bandam : Shinjirou Sakurai, Bushi : Shinji Osaki, Kinpatsu : Shinji Osaki, Piko, Bald Thief, Facial Haired Thief, Momo Hijiri, Kei Takao
Director, Moppysound
Music","Kei Takao : Director, Moppysound : Music"
Mobile Suit Gundam 0083: Stardust Memory Picture Drama, Mobile Suit Gundam 0083: Stardust Memory Picture Drama - The Mayfly of Space 2,DVD S,,Sunrise,,"Mecha, Sci Fi, Picture Drama, Real Robot",3.26,2016.0,,'No synopsis yet - check back soon!',,"Mobile Suit Gundam 0083: Heroes of Stardust, Mobile Suit Gundam 0083: Rebellion","Mobile Suit Gundam 0083: Stardust Memory, Mobile Suit Gundam 0083: Stardust Memory - The Mayfly of Space, Mobile Suit Gundam 0083: The Afterglow of Zeon",,
Qualidea Code,,TV   ,12.0,A-1 Pictures,Summer,"Action, Sci Fi, School Life, Superpowers, Based on a Light Novel",3.26,2016.0,,"'This is a world where humanity is always at war with the Unknown. The kids who were evacuated to a cold sleep facility during the initial invasion decades ago wake up from their slumber to find that they\'d manifested superpowers called the ""World."" To protect Japan from the Unknowns appearing from the Tokyo Bay, these kids would start their own battles at the defensive strongholds of Tokyo, Kanagawa, and Chiba.'",,"Kuzu to Kinka no Qualidea (Light Novel), Qualidea Code, Qualidea Code (Light Novel)",,"Asuha Chigusa : Chika Anzai, Canaria Utara : Yui Ishikawa, Hotaru Rindou : Ayaka Fukuhara, Ichiya Suzaku : Soma Saito, Kasumi Chigusa : Yuuma Uchida, Maihime Tenkawa : Aoi Yuuki, Airi Yunami : Mamiko Noto, Aoi Yaegaki : Sora Amamiya, Kenichi Kawamura
Director, Taku Iwasaki
Music, Hisayuki Tabata
Character Design, Ryousuke Nakamura
Key Animator & Op Director & Storyboard, Naoyuki Tatsuwa
Op Director & Storyboard, Masaki Hinata
Animation Director & Chief Animation Director, Toru Iwazawa
2Nd Key Animator, Garnidelia
Song Performance","Kenichi Kawamura : Director, Taku Iwasaki : Music, Hisayuki Tabata : Character Design, Ryousuke Nakamura : Key Animator & Op Director & Storyboard, Naoyuki Tatsuwa : Op Director & Storyboard, Masaki Hinata : Animation Director & Chief Animation Director, Toru Iwazawa : 2Nd Key Animator, Garnidelia : Song Performance"
rerulili: Disturb Maniac Girl, rerulili: Ransou Metsuretsu Gaaru,Music,,,,Vocaloid,3.26,2016.0,,'No synopsis yet - check back soon!',,,,"Rerulili
Producer",Rerulili : Producer
Rilakkuma: Korilakkuma no Funwari Kawaii Yume,,Web  ,1.0,,,"Animal Protagonists, Bears, No Dialogue, Non-Human Protagonists, Promotional, San-X Characters, Shorts",3.26,2016.0,,'No synopsis yet - check back soon!',,,,Rilakkuma,
Bananya,,TV   ,13.0,Gathering,Summer,"Comedy, Slice of Life, Animal Protagonists, Cats, Family Friendly, Food Protagonists, Iyashikei, Non-Human Protagonists, Short Episodes, Original Work",3.26,2016.0,,"""What would happen if you started to peel a tasty banana, only to find an adorable kitty lurking inside? Bananya (“nya” is the Japanese word for “meow”) and all of his fruity feline friends are on the loose and having any exciting escapades. Will Bananya ever achieve his lifelong dream of one day becoming a trendy, chocolate-covered banana? One thing is for certain, you'll be in for a whole bunch of fun with this purr-fect collection of Bananya adventures!""",,,Bananya and the Curious Bunch,"Bananya : Yuuki Kaji, Baby Bananya : Ayumu Murase, Bananya-Ko : Ayumu Murase, Elizabeth Bananya : Ayumu Murase, Kenaga Bananya : Yuuki Kaji, Kuro Bananya : Yuuki Kaji, Mike Bananya : Yuuki Kaji, Namaste Bananya : Yuuki Kaji, Kyou Yatate
Director, Kazuhiko Hasegawa
Producer, Ikumi Hayashi
Producer","Kyou Yatate : Director, Kazuhiko Hasegawa : Producer, Ikumi Hayashi : Producer"
Tiger Mask W,,TV   ,38.0,Toei Animation,Fall ,"Shounen, Sports, Hand to Hand Combat, Wrestling, Based on a Manga",3.26,2016.0,2017.0,"""The main characters are Naoto Azuma and Takuma Fujii, two young pro wrestlers. They were trainees at a small wrestling organization called Zipangu pro wrestling, but it wound up getting crushed by the wicked pro wrestling organization Tiger's den. In retaliation, Naoto trains at the base of Mt. Fuji and becomes the new tiger mask, and Takuma meanwhile deliberately joins Tiger's den and becomes Tiger the dark. The legacy left behind by the original Tiger mask is inherited by a new wrestler...!""",,Tiger Mask,"Tiger Mask, Tiger Mask II","Haruna Takaoka : Suzuko Mimori, Naoto Azuma : Taku Yashiro, Takuma Fujii : Yuuichirou Umehara, Daisuke Fujii : Takeshi Kusao, Hikari Kuruma : Izumi Kitta, Hiroshi Tanahashi : Kenichi Suzumura, Kazuchika Okada : Masakazu Morita, Keiji Tanaka :  Kozo Shioya, Naoki Tsuji
Original Creator, Toshiaki Komura
Director & Episode Director & Storyboard, Yasuharu Takanashi
Music, -Yaiba-
Music, Hisashi Kagawa
Character Design, Hiroshi Yanai
Producer, Gyarmath Bogdan
Producer, Masaharu Amiya
Screenplay","Naoki Tsuji : Original Creator, Toshiaki Komura : Director & Episode Director & Storyboard, Yasuharu Takanashi : Music, -Yaiba- : Music, Hisashi Kagawa : Character Design, Hiroshi Yanai : Producer, Gyarmath Bogdan : Producer, Masaharu Amiya : Screenplay"
Ozmafia!! Special,,DVD S,,Creators in Pack,,"Shoujo, Chibi, School Life, Based on an Otome Game, Based on a Visual Novel",3.26,2016.0,,'No synopsis yet - check back soon!',,"Ozmafia!!, Ozmafia!! Presents Inbinaru Oscar World no Yakata",Ozmafia!!,,
Tokyo 7th Sisters: Seventh Haven,,Music,,,,Idols,3.26,2016.0,,"'Rock band Seventh Sisters, a sub-unit of the Tokyo\xa07th Sisters idol group, preform their song ""Seventh Haven"".'",,Tokyo 7th Sisters Comic Anthology,"Tokyo 7th Sisters: Snow in I love you, Tokyo 7th Sisters: YELLOW, Tokyo 7th Sisters: Zero / TREAT OR TREAT?, Tokyo 7th Sisters: Bokura wa Aozora ni Naru / FUNBARE☆RUNNER, Tokyo 7th Sisters: Twilight, Tokyo 7th Sisters: Winning Day / Lucky☆Lucky, Tokyo 7th Sisters: TRIGGER / Fire and Rose, t7s Longing for summer Again And Again: Harukaze, Tokyo 7th Sisters: t7s Longing For Summer Again and Again, Tokyo 7th Sisters: WORLD'S END / PUNCH'D RANKER, Tokyo 7th Sisters: Start Line / Stay Gold","Mana Misonoo : Rena Maeda, Memoru Yusa : Ayumi Tsuji, Mito Hanyuuda : Mai Fuchigami, Nicole Nanasaki : Inori Minase, Qruit Kotobuki : Yuuko Kurose, Rui Wakaouji : Meiko Kawasaki, Shintarou Motegi
Director",Shintarou Motegi : Director
rerulili: Lovely Ensemble,,Music,,,,Vocaloid,3.26,2016.0,,'No synopsis yet - check back soon!',,,,"Cocorobo, Rerulili
Producer",Rerulili : Producer
Shammy to Kage Boy,,TV Sp,,,,"Adventure, Animal Protagonists, Anthropomorphic, Family Friendly, Non-Human Protagonists, Shorts, Stop Motion Animation",3.25,2016.0,,'No synopsis yet - check back soon!',,,,,
ORESAMA: Ginga,,Music,,,,Sci Fi,3.25,2016.0,,'No synopsis yet - check back soon!',,,,"Oresama
Music",Oresama : Music
12-Sai: Chiccha na Mune no Tokimeki,,TV   ,12.0,OLM,Spring,"Romance, Shoujo, School Life, Based on a Manga",3.25,2016.0,,"'Hanabi is a sixth-grade girl who is neither an adult nor a child. She deals with issues such as accidentally witnessing her homeroom teacher kissing, and worrying about experiencing physiological changes before her friends.'",,12-sai.,"12-Sai., 12-Sai. 2nd Season, 12-Sai: Chiccha na Mune no Tokimeki 2","Hanabi Ayase : Ai Kakuma, Kazuma Hiyama : Shun Horie, Yui Aoi : Juri Kimura, Yuuto Takao : Soma Saito, Ayumu Tsutsumi : Tetsuya Kakihara, Cocoa Hamana : Sayuri Hara, Marin Ogura : Mayuki Makiguchi, Nao Maita
Original Creator, Masaharu Okuwaki
Director, Motoyoshi Iwasaki
Music, Naohiko Furuichi
Producer, Hiromasa Minami
Producer, Reiko Sasaki
Producer, Kentarou Anai
Producer, Kaori Itou
Producer","Nao Maita : Original Creator, Masaharu Okuwaki : Director, Motoyoshi Iwasaki : Music, Naohiko Furuichi : Producer, Hiromasa Minami : Producer, Reiko Sasaki : Producer, Kentarou Anai : Producer, Kaori Itou : Producer"
Oniku Daisuki! Zeushi-kun: Suteki na Hamburger,,Web  ,1.0,DLE,,"Comedy, Food and Beverage, Shorts",3.25,2016.0,,'No synopsis yet - check back soon!',,,"Oniku Daisuki! Zeushi-kun, Oniku Daisuki! Zeushi-kun 2nd Season","Mika Miito : Maaya Uchida, Minota : Nobuyo Oyama, Zeushi-Kun : Kana Hanazawa, Mika'S Mother",
Last Note: Esoragoto Spiral, Last Note: Fiction Spiral,Music,,,,Vocaloid,3.25,2016.0,,'No synopsis yet - check back soon!',,"Mikagura School Suite, Mikagura School Suite (Light Novel), Mikagura School Suite: Koushiki Anthology Comic","Last Note: Houkago Stride, Last Note: Mukiryoku Coup d'État, Last Note: Garakuta Innocence, Last Note: Izayoi Seeing, Mikagura School Suite, Last Note: Uchouten Vivace","Seisa Mikagura, Eruna Ichinomiya, Kurumi Narumi, Asuhi Imizu, Bimii, Himi Yasaka, Kyouma Kuzuryu, Otone Fujishiro, Last Note
Producer",Last Note : Producer
Hikaru Utada: Sakura Nagashi, Sakura Nagashi,Music,,Khara,,Sci Fi,3.25,2016.0,,'No synopsis yet - check back soon!',,,Neon Genesis Evangelion,"Hibiki Yoshizaki
Director, Hikaru Utada
Song Composition & Song Lyrics & Song Performance","Hibiki Yoshizaki : Director, Hikaru Utada : Song Composition & Song Lyrics & Song Performance"
Gackt: Kimi dake no Boku de Iru kara,,Music,,,,,3.24,2016.0,,"""Official music video for Trickster's\xa0opening theme\xa0Kimi dake no Boku de Iru kara, performed by Gackt.""",,,Trickster,"Gackt
Music",Gackt : Music
Mobile Suit Gundam-san: Hiyoko Days - Suisei Hiyoko to Fushigi na Ofuda,,DVD S,,Sunrise,,"Comedy, Mecha, Sci Fi, Chibi, Parody",3.24,2016.0,,'No synopsis yet - check back soon!',,"Mobile Suit Gundam: Awakening, Escalation, Confrontation (Light Novel), Mobile Suit Gundam ZZ, Mobile Suit Gundam: The Revival of Zeon, Mobile Suit Gundam: New Revival of Zeon, Record of MS War: Mobile Suit Gundam Abridged, Mobile Suit Gundam: Silhouette Formula 91, Mobile Suit Gundam: The Origin, Mobile Suit Gundam: The Anthology, Mobile Suit Gundam-san, Mobile Suit Gundam Climax U.C., Mobile Suit Gundam 00, I See! Proverbs Gundam-san, Mobile Suit Gundam 00 2nd Season, Mobile Suit Gundam: Hunter of Black Clothes, Mobile Suit Gundam 0083: Rebellion, Mobile Suit Moon Gundam",Mobile Suit Gundam-san,"Mankyuu
Director, Seiji Muto
Music, Sao Tamado
Character Design","Mankyuu : Director, Seiji Muto : Music, Sao Tamado : Character Design"
Under the Dog,,OVA  ,1.0,Kinema Citrus,,"Action, Sci Fi, Assassins, Thriller, Original Work, Nudity,, Violence",3.24,2016.0,,"""It is the year 2025, five years since devastating terrorist attacks put an end to the 2020 Tokyo Olympic Games. An international school run by the United Nations now stands in the former Olympic site on the edge of Tokyo Bay. Hana Togetsu is sent to that school as a part of the special unit run by the UN and her mission is to retrieve a student Shunichi Nanase. As she is about to complete her mission, American military arrives in search for a different man but that disrupts Hana's mission and the situation soon turns bloody and violent.""","Nudity,, Violence",,Under the Dog: Anthea-chan,"Anthea Kallenberg : Asami Seto, Hana Tougetsu : Rumi Ookubo, Estella : Naomi Oozora, Sayuri Hyuuga, Shunichi Nanase : Kouki Uchiyama, Junichi Amagata, Mrs. Tougetsu, Mr. Tougetsu, Masahiro Andou
Director, Kevin Penkin
Music, Masahiro Satou
Character Design, Yuusuke Kozaki
Character Design, Eiji Inomoto
Cg Director","Masahiro Andou : Director, Kevin Penkin : Music, Masahiro Satou : Character Design, Yuusuke Kozaki : Character Design, Eiji Inomoto : Cg Director"
Tokyu Plaza Ginza Open,,Other,,,,"Commercials, Promotional",3.24,2016.0,,'No synopsis yet - check back soon!',,,,"Atsushi Makino
Director",Atsushi Makino : Director
Gakuen Handsome Special,,DVD S,,Team YokkyuFuman,,"BL, Comedy, Romance, Shounen-ai, All-Boys School, Gag, Parody, School Life, Based on a Visual Novel",3.24,2016.0,,'No synopsis yet - check back soon!',,,"Gakuen Handsome The Animation, Gakuen Handsome: Legend of Sexy, Gakuen Handsome: Kagami no Naka no ME, Gakuen Handsome: Haitoku no Lesson, Gakuen Handsome: Shuumatsu no Mellow Dance, Gakuen Handsome","Renji Kagami, Sakuya Mitsurugi : Ryouhei Kimura, Shingo Shiga : Satoshi Tsuruoka, Takuya Saotome, Teruhiko Saionji : Yuuto Suzuki",
Arui Tekoteko, Minna no Uta: Arui Tekoteko,Music,,,,Minna no Uta,3.24,2016.0,,'No synopsis yet - check back soon!',,,,"Aya Shiroi
Director",Aya Shiroi : Director
Radio Wave,,Movie,,,,"Abstract, Black and White, Shorts",3.24,2016.0,,'Numbers stations were prominently used during the Cold War. A boy was tuning the radio in the snow mountain and happened to tune the shortwave of codes.',,,,"Ryoutaro Miyajima
Director, Yoshiki Masuda
Music, Koji Yamamura
Producer","Ryoutaro Miyajima : Director, Yoshiki Masuda : Music, Koji Yamamura : Producer"
Uma Musume: Pretty Derby PV,,Other,,P.A. WORKS,,"Comedy, Sports, All-Girls School, Animal Characteristics, Anthropomorphic, Boarding School, Non-Human Protagonists, Racing, Based on a Mobile Game",3.24,2016.0,,'No synopsis yet - check back soon!',,,Uma Musume: Pretty Derby,"Daiwa Scarlet, El Condor Pasa, Haru Urara, Hishi Amazon, Mejiro Mcqueen, Narita Brian, Oguri Cap, Silence Suzuka",
"Wake Up, Girls! no Miyagi PR Yarasete Kudasai!",,Other,,Ordet,,"Slice of Life, Idols, Music, Promotional, Tourism",3.24,2016.0,,"'The short is part of a larger ""Wake Up, Miyagi! Fure-Ai Project in Taiwan"" campaign to promote Miyagi (the anime\'s home prefecture) as a tourist destination to Taiwanese visitors. The short also highlights the sights, local cuisine, and culture of Miyagi prefecture.'",,"Gekijouban Wake Up, Girls!: Shichinin no Idol, Wake Up, Girls!","Wake Up, Girls!",,
Sangatsu no Phantasia: Cobalt World,,Music,,,,Photography,3.23,2016.0,,'No synopsis yet - check back soon!',,,Kubikiri Cycle: Aoiro Savant to Zaregototsukai,"Sangatsu No Phantasia
Music",Sangatsu No Phantasia : Music
Re:Petit Kara Hajimeru Isekai Seikatsu, Re:PETIT,Web  ,14.0,Studio Puyukai,Spring,"Comedy, Seinen, Chibi, Person in a Strange World, Short Episodes, Based on a Light Novel",3.23,2016.0,,'Subaru awakens to find himself in a classroom... with Emilia as the homeroom teacher?',,"Re:ZERO -Starting Life in Another World- (Light Novel), Re:ZERO -Starting Life in Another World- Chapter 1: A Day in the Capital, Re:ZERO -Starting Life in Another World- Chapter 2: A Week at the Mansion, Re:ZERO -Starting Life in Another World- Chapter 3: Truth of Zero, Re:ZERO -Starting Life in Another World- Ex (Light Novel), Re:ZERO Kara Hajimeru Isekai Seikatsu Official Anthology, Kenki Renka: Re:ZERO kara Hajimeru Isekai Seikatsu - Shinmei-tan, Re:ZERO kara Hajimeru Isekai Seikatsu - Zenjutsu-tan: Hyouketsu no Kizuna - Before Memories (Light Novel), Re:Zero kara Hajimeru Isekai Seikatsu: Hyouketsu no Kizuna","Re:ZERO -Starting Life in Another World-, Re:ZERO -Starting Break Time From Zero-","Subaru Natsuki : Yusuke Kobayashi, Anastasia Hoshin : Kana Ueda, Beatrice : Satomi Arai, Crusch Karsten : Yuka Iguchi, Emilia : Rie Takahashi, Felt : Chinatsu Akasaki, Priscilla Barielle : Yukari Tamura, Ram : Rie Murakawa, Minoru Ashina
Director, Minoru Takehara
Character Design","Minoru Ashina : Director, Minoru Takehara : Character Design"
iMarine Project: Dive to Blue MMD,,Music,,,,CG Animation,3.23,2016.0,,'No synopsis yet - check back soon!',,,"iMarine Project: Marine Dreamin' MMD, iMarine Project: Marine Bloomin' MMD, iMarine Project: Marine Dreamin' MMD (2017), iMarine Project: DEEP BLUE TOWN e Oide yo MMD, iMarine Project: DEEP BLUE SONG MMD, iMarine Project: Sea Breeze MMD, iMarine Project: Sunny Days! MMD, iMarine Project: Marine Mirage MMD",Imarine,
Monster Strike: An Encore and Continuance - Pandora's Box,,Web  ,1.0,Studio Hibari,Fall ,"Action, Fantasy, Monsters, Shorts, Based on a Mobile Game",3.23,2016.0,,"""A strange phenomenon is overtaking the world?! After defeating the War Gods, Ren and his friends are living the dream. It seems like they've finally managed to regain their normal lives. However, a mysterious girl by the name of Pandora appears, bringing with her a box that must never be opened. An unfortunate incident results in the box opening (of course), setting the world up for some big changes...""",,,"Monster Strike, Monster Strike: Mermaid Rhapsody, Monster Strike: Rain of Memories, Monster Strike The Movie, Monster Strike 2nd Season, Monster Strike: The Long-Awaited Utopia, Monster Strike: A Rhapsody Called Lucy -The Very First Song-, MSonic! D'Artagnyan's Rise to Fame, Monster Strike: The Fading Cosmos, Monster Strike the Animation: Trouble in Monster Strike, Monster Strike the Animation, Monster Strike the Movie 2: Sora no Kanata, Monster Strike the Movie 3: Lucifer - Dawn of Despair","Akira Kagetsuki : Kengo Kawanishi, Aoi Mizusawa : Lynn, Minami Wakaba : Juri Kimura, Ren Homura : Yusuke Kobayashi, Dolph Wakaba, Haruma Kagutsuchi : Daisuke Ono, K : Kenjirou Tsuda, Kamui, Kazuya Ichikawa
Director, Satoru Kousaki
Music, Kuniyuki Takahashi
Music, Ryuuichi Takada
Music, Keiichi Hirokawa
Music, Kenichi Oonuki
Character Design & Chief Animation Director, Nao Hirasawa
Producer","Kazuya Ichikawa : Director, Satoru Kousaki : Music, Kuniyuki Takahashi : Music, Ryuuichi Takada : Music, Keiichi Hirokawa : Music, Kenichi Oonuki : Character Design & Chief Animation Director, Nao Hirasawa : Producer"
Moufu no Hi, Minna no Uta: Moufu no Hi,Music,,,,Minna no Uta,3.23,2016.0,,'No synopsis yet - check back soon!',,,,,
Choujuu Giga,,Web  ,3.0,Studio Ghibli,,"Animal Protagonists, Environmental, No Dialogue, Non-Human Protagonists, Promotional, Rabbits, Short Episodes",3.23,2016.0,,"'Studio Ghibli animated Choujuu-Jinbutsu-Giga Emaki, the famous Japanese ""Scrolls of Cartoons of Birds, Animals, and People"" or ""Choujuu Giga"" for short, for a Marubeni Power commercial. The ""Encounter"" commercial promotes Plan G, a new electric power option that Marubeni Power is offering to homes as Japan deregulates its power industry. The plan derives its name from both ""Ghibli"" and ""green."" It promises to support the national trust for ""Totoro\'s Forest,"" provide power for the Ghibli Museum, and promote conservation in general.'",,,,"Frog, Rabbit",
Neru: Dappou Rokku, Neru: Law-evading Rock,Music,,,,"Abstract, Vocaloid",3.23,2016.0,,'No synopsis yet - check back soon!',,,,"Len Kagamine, Neru
Producer",Neru : Producer
Guomin Laogong Dai Huijia, Bringing the Nation's Husband Home,TV   ,12.0,G.CMay Animation & Film,,"Drama, Romance, Arranged Marriage, CEOs, Chinese Animation, Short Episodes, Based on a Web Novel",3.22,2016.0,,"""Qiao Anhao and Lu Jinnian had secretly longed for each other for thirteen years, and now that there's a possibility for them to be together. Even though the circumstances may be unconventional, neither one can refuse their inner desires any longer.\xa0Hurled into a false marriage, Qiao Anhao treads carefully towards the cold and reclusive Lu Jinnian, but after years of near-missed opportunities and deep misunderstandings, how could their last shot at love possibly run smooth?""",,"Bringing the Nation's Husband Home (Novel), Bringing the Nation's Husband Home","Guomin Laogong Dai Huijia 2nd Season, Guomin Laogong Dai Huijia 3rd Season, Guomin Laogong Dai Huijia 4th Season","Lu Jin Nian : Dai Chaoxing, Qiao An Hao, Qiao An Xia, Xu Jia Mu, Han Ruchu, Heartsease, Jin Nian'S Assistant, Lin, Xiong Ke
Director",Xiong Ke : Director
Whiteeeen: Ai Uta - Since 2007,,Music,,,,,3.22,2016.0,,'No synopsis yet - check back soon!',,,,,
Seiyuu's Life! A Small After-Party!, Sore ga Seiyuu! Petite Uchiage,DVD S,,GONZO,,"Comedy, Showbiz, Voice Acting, Work Life, Based on a Manga",3.22,2016.0,,'No synopsis yet - check back soon!',,Sore ga Seiyuu!,Seiyuu's Life!,,
Fanta x One Piece, Oishi-sa Hajikeru! One Piece,Other,,,,"Commercials, Promotional",3.22,2016.0,,'Luffy and his Straw Hat Pirates share their love for the exploding taste of Fanta.',,"One Piece, One Piece Ace's Story (Light Novel), One Piece episode A",,"Monkey D. Luffy, Tony Tony Chopper, Nami, Robin Nico, Sanji, Trafalgar Law, Zoro Roronoa",
Teekyuu 7,,TV   ,12.0,Millepensee,Winter,"Comedy, Shounen, Gag, School Club, School Life, Short Episodes, Based on a Manga",3.22,2016.0,,'Seventh season of Teekyuu.',,Teekyuu,"Teekyuu, Teekyuu 2, Teekyuu 3, Teekyuu 2 Specials, Teekyuu 3 Specials, Teekyuu 4, Takamiya Nasuno desu!, Teekyuu 5, Teekyuu 4 Specials, Teekyuu 6, Teekyuu 5 Specials, Teekyuu 6 Specials, Usakame, Teekyuu 7 Specials, Teekyuu 8, Teekyuu 8 Specials, Teekyuu 9","Kanae Shinjo : Suzuko Mimori, Marimo Bandou : Kana Hanazawa, Nasuno Takamiya : Kyouko Narumi, Yuri Oshimoto : Yui Watanabe, Anenkoff Kondo : Eri Kitamura, Ayako Suzuki : Izumi Araida, Bear : Kikutaro, Bobby : Yoshiyuki Shimozuma, Roots
Original Creator, Shin Itagaki
Director & Character Design","Roots : Original Creator, Shin Itagaki : Director & Character Design"
Poppin' Party: STAR BEAT! ~ Hoshinokodou ~, STAR BEAT!: Hoshinokodou,Music,,ISSEN,,Music,3.22,2016.0,,'No synopsis yet - check back soon!',,,"Poppin' Party: Yes! BanG_Dream!, Poppin' Party: Hashiri Hajimeta bakari no Kimi ni, Poppin' Party: Happy Happy Party!, BanG Dream!","Arisa Ichigaya : Ayasa Itou, Kasumi Toyama : Aimi, Rimi Ushigome : Rimi Nishimoto, Saaya Yamabuki : Ayaka Oohashi, Tae Hanazono : Sae Otsuka",
Tsubasa to Hotaru (2016),,TV Sp,,,,"Romance, Shoujo, Promotional, School Life, Short Episodes, Based on a Manga",3.22,2016.0,,'No synopsis yet - check back soon!',,Tsubasa to Hotaru,"Tsubasa to Hotaru, Tsubasa to Hotaru (2015)","Aki Hidaka, Tsubasa Sonokawa, Yuuma Toba, Nana Haruta
Original Creator",Nana Haruta : Original Creator
Washimo 4,,TV   ,44.0,Studio DEEN,Spring,"Comedy, Short Episodes, Based on a Picture Book",3.22,2016.0,,'Fourth season of Washimo.',,,"Washimo, Washimo 2, Washimo 3, Washimo 5, Washimo 6, Washimo 7, Washimo 8, Washimo 9","Hiyori, Washimo, Toshifumi Kawase
Director, Edison
Music, Satoru Kosaka
Character Design, Mirai Miyamoto
Producer, Rie Matsubara
Editor","Toshifumi Kawase : Director, Edison : Music, Satoru Kosaka : Character Design, Mirai Miyamoto : Producer, Rie Matsubara : Editor"
Duel Masters Versus Revolution Final, Duel Masters VSRF,TV   ,51.0,Ascension,Spring,"Shounen, Card Battles, Family Friendly",3.22,2016.0,2017.0,"""The band-aid on Shouta Kirifuda's forehead -- used to suppress his uncontrollable power -- has peeled off. There seems no adverse effect at first. Suddenly, Shouta's pet hamster Hamkatsu starts talking, revealing a big secret.""",,,"Duel Masters, Duel Masters Charge, Duel Masters: Curse of the Deathphoenix, Shinseiki Duel Masters Flash, Duel Masters Zero, Zero Duel Masters, Duel Masters Cross, Duel Masters: Lunatic God Saga, Duel Masters Cross Shock, Duel Masters Victory, Duel Masters Victory V, Duel Masters Victory V3, Duel Masters Versus, Duel Masters Versus Revolution, Duel Masters: Hamukatsu to Dogiragon no Curry-pan Daibouken, Duel Masters (2017)","Katta Kirifuda, Shinobu Sasaki
Director, Junichi Igarashi
Music, Yosuke Yabumoto
Character Design, Akiko Fujita
Sound Director","Shinobu Sasaki : Director, Junichi Igarashi : Music, Yosuke Yabumoto : Character Design, Akiko Fujita : Sound Director"
Infinite Stratos 2: Infinite Wedding,,DVD S,,8-Bit,,"Comedy, Ecchi, Harem, Mecha, Romance, Picture Drama, Power Suits, Based on a Light Novel",3.22,2016.0,,'No synopsis yet - check back soon!',,"Infinite Stratos (Light Novel), Infinite Stratos, IS! (Takuto KON), Infinite Stratos: Official Anthology Comic, Infinite Stratos (Homura YUUKI), IS: Infinite Stratos - Sugar & Honey, Infinite Stratos: Black Bunny/White Bitter","Infinite Stratos, Infinite Stratos Encore: A Sextet Yearns to Be in Love, Infinite Stratos 2, Infinite Stratos 2: One's Summer Memories, Infinite Stratos: World Purge-hen","Cecilia Alcott : Yukana, Charles Dunois : Kana Hanazawa, Houki Shinonono : Youko Hikasa, Kanzashi Sarashiki : Suzuko Mimori, Laura Bodewig : Marina Inoue, Lingyin Huang : Asami Shimoda, Ichika Orimura : Kouki Uchiyama, Tatenashi Sarashiki : Chiwa Saitou",
The Breakaways: Girl Electric,,Web  ,,,,Adventure,3.22,2016.0,,'No synopsis yet - check back soon!',,,,"Rapparu
Director, The Breakaways
Music","Rapparu : Director, The Breakaways : Music"
Sore Ike! Sabuibo Mask,,TV   ,,DLE,Spring,"Comedy, Short Episodes, Based on a Movie",3.22,2016.0,,"""The story will feature the film's main character, Sabuibo Mask, attempting to solve various problems in his rural town.""",,,,Sabuibo Mask,
iMarine Project: Dive to Blue,,Music,,,,Idols,3.22,2016.0,,'No synopsis yet - check back soon!',,,"iMarine Project: DEEP BLUE TOWN e Oide yo, iMarine Project: DEEP BLUE SONG","Imarine : Aya Uchida, Aya Uchida
Music",Aya Uchida : Music
Nishitesu CMs,,Other,,,,"Slice of Life, Cars, Commercials, Promotional, Short Episodes, Work Life",3.21,2016.0,,'No synopsis yet - check back soon!',,,Nishitesu CM: Island City,,
Kamigami no Ki Special," Kamigami no Ki: Xmas Tokubetsu Hen ""Bastet-sama no Present no Maki""",Web  ,1.0,Fall 2016,,"Comedy, Christmas, Egyptian Mythology",3.21,2016.0,,'A Christmas special.',,,Kamigami no Ki,,
Boruto: Jump Festa 2016 Special,,Other,,Pierrot,,"Action, Fantasy, Shounen, Ninja, Based on a Manga",3.21,2016.0,,'No synopsis yet - check back soon!',,"Boruto: Road to ""B"", Boruto: Naruto the Movie Tokubetsu Bangai-hen - Naruto ga Hokage ni Natta Hi, Boruto: Naruto the Movie (Light Novel), Boruto","Boruto: Naruto the Movie, Boruto: Naruto the Movie - The Day Naruto Became Hokage, Boruto: Naruto Next Generations","Boruto Uzumaki : Yuuko Sanpei, Mitsuki : Ryuuichi Kijima, Sarada : Kokoro Kikuchi, Choji Akimichi : Kentarou Itou, Choubee Akimichi : Kousuke Gotou, Chouchou : Ryouko Shiraishi, Inojin : Atsushi Abe, Konohamaru Sarutobi : Hidenori Takahashi",
Jie Mo Ren, The Devil Ring,Web  ,14.0,Qi Ying Animation,,"Action, Chinese Animation, Supernatural, Based on a Manga",3.21,2016.0,,"'A college freshman, Zhou Xiaoan, accidentally puts on a ring of unknown origin from the Shang Dynasty and spits out a horrible blood zombie from his mouth. A secret in the history of mankind is unveiled…'",,The Devil Ring,,"Dao Wan, Luo Bai, Tarte, The Devil In The Ring, Xiaoan Zhou, Xiaoqian Mei, Xuanyan Jiang, Fugui Liu, San Feng Zhang
Original Creator, Zhong Jing Li
Director, Hu Sen Liao
Director, Han Wang
Director, Sheng Fu
Producer & Director, Xiao Han Wei
Music, Xi Zhou
Music, Ge Fei
Character Design","San Feng Zhang : Original Creator, Zhong Jing Li : Director, Hu Sen Liao : Director, Han Wang : Director, Sheng Fu : Producer & Director, Xiao Han Wei : Music, Xi Zhou : Music, Ge Fei : Character Design"
Neko no Dayan: Fushigi Gekijou,,TV   ,30.0,Kachidoki Studio,Fall ,"Animal Protagonists, Cats, Family Friendly, Non-Human Protagonists, Short Episodes",3.21,2016.0,2017.0,'Third season of Neko no Dayan.',,,"Neko no Dayan, Neko no Dayan, Nihon e Iku, Neko no Dayan 4th Season","Dayan, Hazumu Sakuta
Director",Hazumu Sakuta : Director
"Stalker Higai, Mizen ni Fusegou ""Cafe Mizen""",,Web  ,3.0,DLE,,"Comedy, Fantasy, Cafe, Monsters, Short Episodes",3.21,2016.0,,'No synopsis yet - check back soon!',,,,"Bartender, Montasu, Merurun, Pachikuri, Piichiku, Kageo, Polinchu Man, Polinchu Woman",
Komorebi Mori no Ibaraido CM: Mori no Seirei to Asobou!, Komorebi Mori no Ibaraido CM: I'll play with a spirit in a forest.,Web  ,1.0,Trash Studio,,"Family Friendly, Promotional, Shorts",3.21,2016.0,,'No synopsis yet - check back soon!',,,,"Yoshiharu Satou
Director & Character Design",Yoshiharu Satou : Director & Character Design
Gijinka de Manabo!,,Other,,,,"Sci Fi, Anthropomorphic",3.21,2016.0,,'No synopsis yet - check back soon!',,,,"Ether : Ayane Sakura, Ip : Satomi Arai, Udp : Ai Kakuma, Boy",
Noriyuki Makihara: Riyuu,,Music,,,,Abstract,3.21,2016.0,,'No synopsis yet - check back soon!',,,,"Ryu Kato
Director, Noriyuki Makihara
Music","Ryu Kato : Director, Noriyuki Makihara : Music"
Yokomin: Snow Bullet,,Music,,,,Vocaloid,3.21,2016.0,,'No synopsis yet - check back soon!',,,,"Yukari Yuzuki, Yokomin
Producer",Yokomin : Producer
Illion: Miracle,,Music,,Rockwell Eyes,,"Fantasy, Abstract, Psychological",3.21,2016.0,,'No synopsis yet - check back soon!',,,,"Shunji Iwai
Director, Illion
Music","Shunji Iwai : Director, Illion : Music"
Kaijuu Sakaba Kanpai! Special,,DVD S,,DLE,,"Comedy, Kaijuu, Monsters, Parody, Tokusatsu",3.21,2016.0,,'No synopsis yet - check back soon!',,,Kaijuu Sakaba Kanpai!,,
GJ8 Man,,Web  ,47.0,Fall 2016,,"Comedy, Monster-of-the-week, Short Episodes, Superheroes, Superpowers",3.2,2016.0,,"'Joe Gorou lives a carefree life in the small historical town of Gujo Hachiman in Gifu prefecture. One day an old self-professed ""water fairy"" appears in front of Joe, and tells him to help people, and grants Joe the power to turn into ""GJ8 Man"" (a pun on Gujo Hachiman, as the number 8 is pronounced ""hachi"" in Japanese, and the ""hachi"" in ""Hachiman"" uses the kanji for the number 8).'",,,"GJ8 Man: Soushuuhen, GJ8 Man: Kieta Shamisen","Joe Gorou, Water Fairy, Hachigoro, Hachiko, Old Man, Waruichi, Yaako",
Duel Masters: Hamukatsu to Dogiragon no Curry-pan Daibouken,,Movie,,Ascension,,"Adventure, Comedy, Shounen, Animal Protagonists, Card Battles, Non-Human Protagonists, Shorts, Based on a Manga",3.2,2016.0,,"'After Katta drops his curry bread into the creature world, his hamster Hamukatsu goes on an adventure to retrieve it.'",,,"Duel Masters, Duel Masters Charge, Duel Masters: Curse of the Deathphoenix, Shinseiki Duel Masters Flash, Duel Masters Zero, Zero Duel Masters, Duel Masters Cross, Duel Masters: Lunatic God Saga, Duel Masters Cross Shock, Duel Masters Victory, Duel Masters Victory V, Duel Masters Victory V3, Duel Masters Versus, Duel Masters Versus Revolution, Duel Masters Versus Revolution Final","Hamukatsu, Katta Kirifuda",
Aishen Qiaokeli-ing... Wanjie Jinian,,Web  ,1.0,G.CMay Animation & Film,,"Comedy, Drama, Ecchi, Fantasy, Harem, Romance, Chinese Animation, Contemporary Fantasy, Recap, School Life, Urban Fantasy",3.2,2016.0,,'No synopsis yet - check back soon!',,,Aishen Qiaokeli-ing...,"Jing Hao Yi, Xiong Ke
Director, Peng Meng Le
Music, Lin Shen
Character Design, Ke Zhu
Producer","Xiong Ke : Director, Peng Meng Le : Music, Lin Shen : Character Design, Ke Zhu : Producer"
Pop in Q,,Movie,,Toei Animation,,"Drama, Fantasy, Coming of Age, Dancing, Isekai, Magic, Person in a Strange World, Summoned Into Another World, Original Work",3.2,2016.0,,"'The day before the graduation ceremony, five middle school girls each are preoccupied with their real everyday lives. These girls meet each other in a fantasy world after being sent there through a sudden occurrence. There, they learn about the impending crisis that this world is facing. The way to avert this crisis is for the five to collaborate and bring their five hearts together as one through dance. However, the five cannot come to love the world, and cannot tell their true feelings to one another, so their hearts are unable to unite and the time limit is fast approaching.'",,Pop in Q Reverse,Pop in Q Dance MV,"Aoi Hioka : Shiori Izawa, Asahi Ouimichi : Ari Ozawa, Isumi Kominato : Asami Seto, Konatsu Tomodate : Atsumi Tanezaki, Saki Tsukui : Tomoyo Kurosawa, Darren : Kaede Hondo, Elder : Unshou Ishizuka, Luchia : Kaori Ishihara, Naoki Miyahara
Director, Hiromi Mizutani
Music, Shuuji Katayama
Music, Takayuki Uragami
Character Design, Yuu Kanemaru
Producer","Naoki Miyahara : Director, Hiromi Mizutani : Music, Shuuji Katayama : Music, Takayuki Uragami : Character Design, Yuu Kanemaru : Producer"
"Watashitachi, Luck Logic Bu! 2", We're Luck & Logic Club! 2,Web  ,12.0,Doga Kobo,Summer,"Comedy, Card Battles, Promotional, Short Episodes, Based on a Card Game",3.2,2016.0,2017.0,"'Second season of Watashitachi, Luck Logic Bu!'",,,"Luck & Logic, Watashitachi, Luck Logic Bu!, Hina Logi: From Luck & Logic","Ado Suginanoka, Ronri Fukai, Unne Sonosaki, Takashi Naoya
Director, Tatsuya Katou
Music, Katsuhiro Kumagai
Character Design","Takashi Naoya : Director, Tatsuya Katou : Music, Katsuhiro Kumagai : Character Design"
"Watashitachi, Luck Logic Bu! 2", We're Luck & Logic Club! 2,Web  ,12.0,Doga Kobo,Summer,"Comedy, Card Battles, Promotional, Short Episodes, Based on a Card Game",3.2,2016.0,2017.0,"Second season of Watashitachi, Luck Logic Bu!",,,"Luck & Logic, Watashitachi, Luck Logic Bu!, Hina Logi: From Luck & Logic","Ado Suginanoka, Ronri Fukai, Unne Sonosaki, Takashi Naoya
Director, Tatsuya Katou
Music, Katsuhiro Kumagai
Character Design","Takashi Naoya : Director, Tatsuya Katou : Music, Katsuhiro Kumagai : Character Design"
PePePePengiin,,TV   ,13.0,DLE,Fall ,"Comedy, Animal Protagonists, Birds, Non-Human Protagonists, Penguins, Short Episodes",3.19,2016.0,,"In the United States of Antarctica, penguins have lives just like humans; they even have their own Congress. Members of ""Congress penguins"" discuss and debate over various funny issues all day long, with few meaningful results or resolutions.",,,,"Sean Enoshima, Seiji Hokkyoku, Sousuke Nangoku, Yutaka Hasegawa, Yasuko Shimada
Producer",Yasuko Shimada : Producer
Teekyuu 8,,TV   ,12.0,Millepensee,Fall ,"Comedy, Shounen, Gag, School Club, School Life, Short Episodes, Based on a Manga",3.19,2016.0,,Eighth season of Teekyuu.,,"Teekyuu, Takamiya Nasuno Desu!","Teekyuu, Teekyuu 2, Teekyuu 3, Teekyuu 2 Specials, Teekyuu 3 Specials, Teekyuu 4, Takamiya Nasuno desu!, Teekyuu 5, Teekyuu 4 Specials, Teekyuu 6, Teekyuu 5 Specials, Teekyuu 7, Teekyuu 6 Specials, Usakame, Teekyuu 7 Specials, Teekyuu 8 Specials, Teekyuu 9","Kanae Shinjo : Suzuko Mimori, Marimo Bandou : Kana Hanazawa, Nasuno Takamiya : Kyouko Narumi, Yuri Oshimoto : Yui Watanabe, Anenkoff Kondo : Eri Kitamura, High School Girl : Misa Kayama, Higuchi : Shinya Takahashi, Inn Owner : Shinya Takahashi, Roots
Original Creator, Shin Itagaki
Director & Character Design","Roots : Original Creator, Shin Itagaki : Director & Character Design"
Onizushi,,Web  ,3.0,Robot,Spring,"Comedy, Demons, Food and Beverage, Short Episodes, Original Work",3.19,2016.0,,"Kaede is a young waitress who has to deal with an over-enthusiastic boss, annoying customers, and even more annoying sushi-stealing demons.",,,,"Kaede : Yuka Terasaki, Kohada : Takanori Nagai, Maguro, Sakura : Noriko Shibasaki, Taisho : Takanori Nagai, Wasabi : Noriko Shibasaki, Buroge : Yuka Terasaki, Gari",
Neko no Heishi ga Yuku, Minna no Uta: Neko no Heishi ga Yuku,Music,,,,"Animal Protagonists, Cats, Family Friendly, Minna no Uta, Non-Human Protagonists",3.19,2016.0,,No synopsis yet - check back soon!,,,,,
Fate/Grand Order: Sixth Singularity - Camelot Event PV,,Web  ,1.0,,,"Action, Fantasy, Sci Fi, Magic, Promotional",3.19,2016.0,,No synopsis yet - check back soon!,,,"Fate/Grand Order: Third Singularity - Okeanos Event PV, Fate/Grand Order: Fourth Singularity - London Event PV, Fate/Grand Order: Fifth Singularity - E Pluribus Unum Event PV, Fate/Grand Order: Seventh Singularity - Babylonia Event PV, Fate/Grand Order: First Order","Bedivere : Mamoru Miyano, Archer, Gawain, Mash Kyrielight, Saber, Assassin, Assassin, Caster",
Tawawa on Monday Specials, Getsuyoubi no Tawawa Specials,DVD S,,Pine Jam,,"Ecchi, Slice of Life, Salaryman, Based on a Manga",3.19,2016.0,,The two episodes will focus on the subordinate and Ai characters.,,"Getsuyoubi no Tawawa (Doujinshi), Getsuyoubi no Tawawa",Tawawa on Monday,"Ai : Sayaka Harada, Kouhai : Ai Kayano, Man : Junji Majima, Senpai : Yasuaki Takumi, Kiseki Himura
Original Creator",Kiseki Himura : Original Creator
Mayuge Dance,,Music,,,,"Family Friendly, Minna no Uta",3.19,2016.0,,No synopsis yet - check back soon!,,,,,
53rd Golden Horse Awards Opening Animation,,Other,,MangoWork Studio,,"Chinese Animation, Opening Animation, Promotional",3.19,2016.0,,"The opening animation for the 53rd Golden Horse Awards, directed by Po Chou Chi.",,,,"Po Chou Chi
Art Director",Po Chou Chi : Art Director
Mirai no Watashi,,Web  ,2.0,Studio Colorido,,"Coworkers, Promotional, Restaurants, Short Episodes, Shorts, Work Life",3.19,2016.0,2017.0,"The short is part of McDonald's new ""Crew ni Narou. Campaign"" (Join the Crew. Campaign) to attract part-time restaraunt staff members. It depicts the coming-of-age of a new crew member named Sumire.",,,"Attakai tte, Gohoubi da.","Sumire, Namiko Ishidate
Animation Director & Character Design & Key Animator",Namiko Ishidate : Animation Director & Character Design & Key Animator
iMarine Project: Marine Bloomin' MMD,,Music,,,,CG Animation,3.19,2016.0,,No synopsis yet - check back soon!,,,"iMarine Project: Marine Dreamin' MMD, iMarine Project: Dive to Blue MMD, iMarine Project: Marine Dreamin' MMD (2017), iMarine Project: DEEP BLUE TOWN e Oide yo MMD, iMarine Project: DEEP BLUE SONG MMD, iMarine Project: Sea Breeze MMD, iMarine Project: Sunny Days! MMD, iMarine Project: Marine Mirage MMD","Imarine, Wakamurap
Director, Hachioji-P
Music","Wakamurap : Director, Hachioji-P : Music"
Dragon Ball Z: The Real 4-D,,Other,,,,"Action, Non-Human Protagonists, CG Animation",3.19,2016.0,,No synopsis yet - check back soon!,,"Super Dragon Ball Heroes: Ankoku Makai Mission!, Super Dragon Ball Heroes: Universe Mission!!","Dragon Ball Z, Dragon Ball Z: The Real 4-D at Super Tenkaichi Budokai","Frieza : Ryuusei Nakao, Goku Son : Masako Nozawa, Krillin : Mayumi Tanaka, Piccolo : Toshio Furukawa, Vegeta : Ryou Horikawa, Bulma : Hiromi Tsuru, Pilaf : Shigeru Chiba, Shenlong : Ryuzaburo Otomo",
Age of Obscure: Boubaku Jidai,,Movie,,,,"Abstract, Shorts, Original Work",3.18,2016.0,,No synopsis yet - check back soon!,,,,"Mirai Mizue
Director, Onohana
Director, Twoth
Music","Mirai Mizue : Director, Onohana : Director, Twoth : Music"
"Sky Wizards Academy: Lecty, Animal Caretaker"," Kuusen Madoushi Kouhosei no Kyoukan: Lecty no, Ikimonogatari",OVA  ,1.0,diomedea,,"Fantasy, Magic, School Life, Based on a Light Novel",3.18,2016.0,,No synopsis yet - check back soon!,,"Sky Wizards Academy (Light Novel), Sky Wizards Academy",Sky Wizards Academy,"Junichirou Tamura
Producer",Junichirou Tamura : Producer
Drifters: Kokuou-sama Goranshin, Drifters: The Black King Show,DVD S,,Hoods Entertainment,,"Comedy, Parody",3.18,2016.0,,No synopsis yet - check back soon!,,Drifters,"Drifters: Special Edition, Drifters, Drifters Specials, Drifters: Kokuou-sama Goranshin OVA","Black King, Anastasia Nikolaevna Romanova, Gilles De Rais, Jeanne D'Arc, Rasputin, Toshizou Hijikata",
91 Days: Brief Candle, 91 Days: Mijikai Rousoku,TV Sp,,Shuka,,"Drama, Animeism, Gangs, Historical, Mafia, Recap, Revenge, Original Work, Explicit Violence,, Sexual Content",3.18,2016.0,,No synopsis yet - check back soon!,"Explicit Violence,, Sexual Content",,"91 Days, 91 Daze, 91 Days Special","Angelo Laguza : Takashi Kondou, Nero Vanetti : Takuya Eguchi, Barbero : Takahiro Sakurai, Corteo : Hisako Toujou, Fango : Kenjirou Tsuda, Frate Vanetti : Koutarou Nishiyama, Ganzo Vanetti : Masuo Amada, Ronaldo Galassia : Yuuichi Nakamura, Hiro Kaburagi
Director, Shougo Kaida
Music, Tomohiro Kishi
Character Design","Hiro Kaburagi : Director, Shougo Kaida : Music, Tomohiro Kishi : Character Design"
Kano: RERE,,Music,,,,,3.18,2016.0,,"The official music video for RERE from the album nameless, by Kano.",,,,"Kano
Song Performance",Kano : Song Performance
Hachioji-P: Blue Star,,Music,,,,"Vocaloid, CG Animation",3.18,2016.0,,"Hatsune Miku preforms the beautiful song, Blue Star.",,,,"Miku Hatsune, Wakamurap
Director, Hachioji-P
Producer","Wakamurap : Director, Hachioji-P : Producer"
Yowai Robot to 10 no Story Project,,Web  ,2.0,,,"Slice of Life, Short Episodes",3.18,2016.0,,No synopsis yet - check back soon!,,,,"Miyo Sato
Character Design",Miyo Sato : Character Design
"""Parade"" de Satie", Parade de Satie,Movie,,Yamamura Animation,,"Abstract, Classical Music, Music",3.18,2016.0,,No synopsis yet - check back soon!,,,,"Koji Yamamura
Director",Koji Yamamura : Director
Dongguo Xiaojie,,Web  ,15.0,Haoliners Animation League,,"Action, Fantasy, Ancient China, Chinese Animation, Magic, Martial Arts, Based on a Manga",3.18,2016.0,2017.0,"The sky has constellations, and humans have teeth. The earth has hills, and humans have little things.",,Dongguo Xiaojie,,"Xiaojie Dongou, Zixuan Mo, Shaodi",
Jewelpet Attack Chance!?,,Web  ,3.0,AIC,Winter,"Comedy, Fantasy, Magical Girl, Animal Protagonists, Family Friendly, Henshin Heroes, Magic, Non-Human Protagonists, Parody, Sanrio Characters, Short Episodes, Flash Animation",3.18,2016.0,,No synopsis yet - check back soon!,,Lady Jewelpet,Jewelpet,"Labra, Ruby, Ruri, Fumikazu Satou
Director, Shingo Nishimura
Music","Fumikazu Satou : Director, Shingo Nishimura : Music"
Ace Attorney," Gyakuten Saiban: Sono ""Shinjitsu"", Igi Ari!",TV   ,24.0,A-1 Pictures,Spring,"Comedy, Drama, Mystery, Lawyers, Work Life, Based on a Video Game",3.17,2016.0,,"Adapted from the popular video game franchise, Ace Attorney follows rookie lawyer Naruhodou Ryuuichi (Phoenix Wright) and his assistant Mayoi (Maya) as he defends his clients in a court of law. With limited evidence and logic as his only weapon, can Naruhodou turn the case around when all the odds are stacked against him?",,"Phoenix Wright: Ace Attorney Official Casebook, Phoenix Wright: Ace Attorney, Ace Attorney 4 Official Anthology Manga, Miles Edgeworth: Ace Attorney Investigations, Ace Attorney: Sono ""Shinjitsu"", Igi Ari!","Phoenix Wright: Ace Attorney - Spirit of Justice Prologue, Ace Attorney Season 2","Maya Fey : Aoi Yuuki, Miles Edgeworth : Masashi Tamaki, Phoenix Wright : Yuuki Kaji, Dick Gumshoe : Masami Iwasaki, Larry Butz : Tooru Nara, Acro : Takayuki Nakatsukasa, Adrian Andrews : Ayaka Asai, April May : Mariko Honda, Ayumu Watanabe
Director, Kaoru Wada
Music, Kouji Watanabe
Character Design, Keiko Oota
Character Design, Kouji Nagai
Producer, Masaharu Amiya
Screenplay","Ayumu Watanabe : Director, Kaoru Wada : Music, Kouji Watanabe : Character Design, Keiko Oota : Character Design, Kouji Nagai : Producer, Masaharu Amiya : Screenplay"
Kaze no Matasaburou (2016),,Movie,,Buemon,,"Fantasy, Slice of Life, Anime Tamago, Countryside, Shorts",3.17,2016.0,,"Because of her parents' work, a little girl spends a few days in the countryside. Her new classmates think she might be the legendary wind spirit Matasaburou.",,,Kaze no Matasaburou,"Koichi : Satoshi Yamazaki, Takada : Natsuki Inaba, Ichiro : Wataru Sekine, Kasuke : Sumire Morohoshi, Kousuke : Hidetoshi Akutsu, Pekichi : Shun Horie, Wind God : Masahiko Tanaka, Koichi'S Grandmother : Rieko Takahashi, Yuki Yamada
Director, Hiroki Yamada
Director","Yuki Yamada : Director, Hiroki Yamada : Director"
Pinocchio-P: SAYONARA HUMAN, Pinocchio-P: GOODBYE HUMAN,Music,,,,Vocaloid,3.17,2016.0,,No synopsis yet - check back soon!,,,,"Miku Hatsune, Pinocchio-P
Producer",Pinocchio-P : Producer
Majestic Prince: Wings to the Future, Ginga Kikoutai Majestic Prince: Mirai e no Tsubasa,TV Sp,,Seven Arcs,,"Action, Drama, Mecha, Sci Fi, Seinen, Amnesia, Outer Space, Based on a Manga",3.17,2016.0,,"Team Fawn from Gurantseere Academy dreams of one day fighting beside the heroes of Team Rabbit. One day, they finally get their chance as the GDF launches another attack.",,,"Majestic Prince, Majestic Prince Movie: Kakusei no Idenshiko","Anne Medicum, Chris Solferino, Sei Yuzuriha, Yui Magallanes, Sugita, Captain Komine, Reika Saionji, Simon Gatou, Rando Ayamine
Original Creator",Rando Ayamine : Original Creator
Tokyo Girls Collection 2016 A/W x Osomatsu-san Special Movie,,Other,,,,"Comedy, Promotional, Shorts",3.17,2016.0,,No synopsis yet - check back soon!,,,Osomatsu-san: Ouma de Kobanashi,,
Shuang Yue Zhi Cheng, Twin Moons,Web  ,13.0,,,"Sci Fi, Chinese Animation, CG Animation",3.17,2016.0,,No synopsis yet - check back soon!,,,,,
Colorful Ninja Iromaki,,Movie,,Signal.MD,,"Anime Tamago, Mansion, Ninja, Shorts",3.17,2016.0,,"Third-grader Himeno moves to a huge mansion in the country. But she soon finds out it's a ninja house! The ninjas Akamaki—who tends to the fires, Aomaki—who sees to the water, and Kiiromaki—who sees to the carpentry, mistake Himeno for a princess, and begin solving problems for her with their own unique skills. But that is not the full extent of their powers! When Aomaki and Kiiromaki combine, they from Midorimaki. Similarly, when Akamaki and Aomaki combine, they form Murasakimaki; and when Akamaki and Kiiromaki combine, they form Tōmaki. Life with these colorful ninjas has only begun, when they discover a large tornado heading for the mansion. What will happen to the Himeno family? Can the colorful ninja protect Himeno?",,,,"Kentarou Kobayashi
Director, Yoshiki Sakurai
Producer","Kentarou Kobayashi : Director, Yoshiki Sakurai : Producer"
*Luna: Main Character,,Music,,,,Vocaloid,3.17,2016.0,,No synopsis yet - check back soon!,,,,"*Luna
Producer",*Luna : Producer
Star Fox Zero: The Battle Begins,,Web  ,1.0,WIT Studio,Spring,"Action, Sci Fi, Animal Protagonists, Anthropomorphic, Non-Human Protagonists, Shorts, Based on a Video Game",3.17,2016.0,,No synopsis yet - check back soon!,,"Star Fox: Farewell, Beloved Falco",,"Falco Lombardi : Kousuke Takaguchi, Fox Mccloud : Takashi Oohara, Peppy Hare : Kunpei Sakamoto, Slippy Toad : Kei Hayami, General Pepper : Tsuguo Mogami, Andross : Tsuguo Mogami, Granga : Jay Preston, Rob : Atsushi Abe, Kyouji Asano
Director, Itsurou Kawasaki
Assistant Director, Yoshikazu Iwanami
Sound Director, Eiji Inomoto
Cg Director, George Wada
Producer, Mitsuhisa Ishikawa
Producer, Eiji Umehara
Screenplay","Kyouji Asano : Director, Itsurou Kawasaki : Assistant Director, Yoshikazu Iwanami : Sound Director, Eiji Inomoto : Cg Director, George Wada : Producer, Mitsuhisa Ishikawa : Producer, Eiji Umehara : Screenplay"
Fate/Grand Order: Seventh Singularity - Babylonia Event PV,,Web  ,1.0,,,"Action, Fantasy, Sci Fi, Magic, Promotional",3.17,2016.0,,No synopsis yet - check back soon!,,,"Fate/Grand Order: Third Singularity - Okeanos Event PV, Fate/Grand Order: Fourth Singularity - London Event PV, Fate/Grand Order: Fifth Singularity - E Pluribus Unum Event PV, Fate/Grand Order: Sixth Singularity - Camelot Event PV, Fate/Grand Order: First Order","Enkidu : Yuu Kobayashi, Ana, Caster, Mash Kyrielight, Rider, Archer, Avenger, Lancer",
halyosy: Shoutër,,Music,,,,Vocaloid,3.17,2016.0,,No synopsis yet - check back soon!,,,,"Kaito, Len Kagamine, Luka Megurine, Meiko, Miku Hatsune, Rin Kagamine, Halyosy
Producer",Halyosy : Producer
RIF: Tsuyoku,,Music,,,,Slice of Life,3.16,2016.0,,No synopsis yet - check back soon!,,,,"Satomi Maiya
Director, Rif
Music","Satomi Maiya : Director, Rif : Music"
Muse: Aftermath,,Music,,,,"Drama, Black and White, Military, War",3.16,2016.0,,No synopsis yet - check back soon!,,,,"Tekken
Director, Muse
Music","Tekken : Director, Muse : Music"
Gakuen Handsome: Legend of Sexy,,Music,,,,"Comedy, Based on a Visual Novel",3.16,2016.0,,No synopsis yet - check back soon!,,,"Gakuen Handsome The Animation, Gakuen Handsome: Kagami no Naka no ME, Gakuen Handsome: Haitoku no Lesson, Gakuen Handsome: Shuumatsu no Mellow Dance, Gakuen Handsome, Gakuen Handsome Special",Sakuya Mitsurugi : Ryouhei Kimura,
Fastening Days 2,,Web  ,1.0,Studio Colorido,Summer,"Action, Sci Fi, Promotional, Shorts",3.16,2016.0,,"In the previous story, Yoji and Kei rescued Anna, their adoptive mother. Now, they're once again using the Fastening Machine now with Oscar, the bear robot, to solve any problems the town is facing. One day, however, a mysterious hero makes her appearance. And she happens to have the same Fastening Machine as Yoji and Kei. Who is this she? Why did se appear? Just then, a big problem hits this peacefultown! Will these small heroes be able to save the town from the crisis?",,,"Fastening Days, Fastening Days 3, Fastening Days 4","Kei : Ryouko Shiraishi, Kelly : Akemi Kanda, Yoji : Fuyuka Ooura, George : Tomohisa Asou, Kelly'S Father : Masaaki Ihara, Kelly'S Mother, Oscar, Pizza Delivery Boy : Shuugo Nakamura, Hiroyasu Ishida
Director, Yoshinori Sunahara
Music","Hiroyasu Ishida : Director, Yoshinori Sunahara : Music"
Lon: Junai Rhapsody,,Music,,,,,3.16,2016.0,,No synopsis yet - check back soon!,,,,"Lon
Music",Lon : Music
Peeping Life x Sanyo,,Web  ,6.0,,,"Comedy, Anime Bancho, Short Episodes, CG Animation, Original Work",3.16,2016.0,,No synopsis yet - check back soon!,,,Peeping Life,,
Kekkon wo Iwau Usagi to Tora,,Other,,,,"Comedy, Animal Protagonists, Anthropomorphic, Cats, Non-Human Protagonists, Rabbits, Shorts, Original Work",3.15,2016.0,,No synopsis yet - check back soon!,,,Yaiyai Mori no Comic,,
halyosy: White Line,,Music,,,,Vocaloid,3.15,2016.0,,No synopsis yet - check back soon!,,,,"Len Kagamine, Halyosy
Producer",Halyosy : Producer
One Piece Film: Gold - Cine Mike Popcorn Kokuchi,,Other,,,,Commercials,3.15,2016.0,,A TV collaboration between One Piece Film: Gold and TOHO Cinemas for the latter's grilled corn flavored popcorn being made for the former's nationwide film release.,,,,"Monkey D. Luffy, Tony Tony Chopper, Usopp",
Trick or Alice,,OVA  ,1.0,An DerCen,,"Fantasy, Josei, Reverse Harem, Romance, Based on an Otome Game, Based on a Visual Novel",3.15,2016.0,,"Arisa Minase is a cheerful, gentle girl who lives peacefully with her kind parents and older brother, and who has a lot of friends. On the night before Arisa's birthday, she is eating cake with her brother when the clock strikes midnight. At that exact moment, suddenly the ground opens beneath her feet and Arisa is taken to Wonderland where the inhabitants, who resemble people she knows in her world, all call her Alice. Arisa relives the same day in Wonderland over and over, and she must find the real Alice to be able to break the cycle and return to her own world.",,,,"Arisa Minase, Asagi Kamijou : Satoshi Hino, Nao Kurotani : Hirofumi Nojima, Ren Kisaragi : Ryouhei Kimura, Shizuku Minase : Shinnosuke Tachibana, Tooya Kamijou : Satoshi Hino, Tsukasa Tokitou : Toshiyuki Morikawa, Elizabeth, Toshiyuki Yamamoto
Producer",Toshiyuki Yamamoto : Producer
Tobidase!! Buddy-kun,,Web  ,4.0,,,"Comedy, Short Episodes",3.15,2016.0,,No synopsis yet - check back soon!,,,Future Card Buddyfight Triple D,,
Glay: Kanojo wa Zombie, Kanojo wa Zombie,Music,,Millepensee,,"Action, Romance, Interspecies Relationship, Supernatural, Zombies, Explicit Violence",3.15,2016.0,,No synopsis yet - check back soon!,Explicit Violence,,,"Shin Itagaki
Director & Storyboard, Glay
Music","Shin Itagaki : Director & Storyboard, Glay : Music"
Bakuon!! OVA,,OVA  ,2.0,8 Pan,,"Seinen, Slice of Life, Motorcycles, School Club, School Life, Based on a Manga",3.15,2016.0,,"Sakura Hane is worn-out climbing a hilly road with a bicycle, but she meets a girl riding a motorcycle and then joins a motorcycle club.",,"Bakuon!!, Bakuon!! Amano Onsa no Nikoichi Hanjouki, Bakuon!! Suzunoki Rin no Yabou","Bakuon!!, Bakuon!! no Kobeya","Hane Sakura : Reina Ueda, Hijiri Minowa : Rikako Yamaguchi, Onsa Amano : Yumi Uchiyama, Raimu Kawasaki, Rin Suzunoki : Nao Touyama, Hayakawa : Unshou Ishizuka, Onsa'S Father : Mitsuo Iwata, Store Clerk, Mimana Orimoto
Original Creator, Junji Nishimura
Director, Ryousuke Nakanishi
Music, Isao Sugimoto
Character Design","Mimana Orimoto : Original Creator, Junji Nishimura : Director, Ryousuke Nakanishi : Music, Isao Sugimoto : Character Design"
Nameko: Sekai no Tomodachi,,TV   ,26.0,Studio DEEN,Spring,"Comedy, Fantasy, Slice of Life, Anthropomorphic, Food Protagonists, Non-Human Protagonists, Short Episodes, Based on a Mobile Game",3.15,2016.0,2017.0,"""Nameko forest"" gathers nameko mushrooms from all over the world. In order to introduce the charismatic forest, a group of nameko mushroom receptionists formed a team known as ""Nameko forest Universal Ranger"" (NUR) to welcome its visitors.",,Nameko Bungaku Zenshuu: Nameko de Wakaru Meisaku Bungaku,The Nameko Families,"Nameko : Haruka Fukuhara, Love Nameko : Atsumi Tanezaki, Nameko-Senpai : Kunihiro Kawamoto, Perot : Mayumi Iizuka, Robo Nameko : Kouki Miyata, Hiroshi Watanabe
Director, Tomohito Oosaki
Character Design","Hiroshi Watanabe : Director, Tomohito Oosaki : Character Design"
Taiko Super Kicks: Many Shapes,,Music,,Furifurisoshiki,,Abstract,3.14,2016.0,,No synopsis yet - check back soon!,,,,"Soshiki Hakase
Director, Taiko Super Kicks
Music","Soshiki Hakase : Director, Taiko Super Kicks : Music"
Elsword: Ain-ui Gieog Animation,,Web  ,1.0,DR Movie,,"Action, Fantasy, Korean Animation, Magic, Shorts, Based on a Video Game",3.14,2016.0,,No synopsis yet - check back soon!,,,Elsword: El-ui Yeoin,"Ainchase Ishmael, Elsword, Aisha, Chung, Elesis, Eve, Rena",
Soutaisei Riron: Cerberus,,Music,,,,Greek Mythology,3.14,2016.0,,No synopsis yet - check back soon!,,,,"Takashi Yamaguchi
Director, Soutaisei Riron
Music","Takashi Yamaguchi : Director, Soutaisei Riron : Music"
Kakushigoto PV,,Web  ,1.0,SHAFT,,"Shounen, Promotional, Based on a Manga",3.14,2016.0,,No synopsis yet - check back soon!,,Kakushigoto: My Dad's Secret Ambition,Kakushigoto,"Hime Gotou : Chika Anzai, Kakushi Gotou : Hiroshi Kamiya, Kouji Kumeta
Original Creator, Yukihiro Miyamoto
Director, Shinichirou Etou
Photography Director, Yasuko Watanabe
Color Design, Toshiki Kameyama
Sound Director, Shinya Takano
Cg Director, Rie Matsubara
Editor, Akiyuki Simbo
Storyboard","Kouji Kumeta : Original Creator, Yukihiro Miyamoto : Director, Shinichirou Etou : Photography Director, Yasuko Watanabe : Color Design, Toshiki Kameyama : Sound Director, Shinya Takano : Cg Director, Rie Matsubara : Editor, Akiyuki Simbo : Storyboard"
The Hiatus: Clone,,Music,,,,,3.14,2016.0,,No synopsis yet - check back soon!,,,,"Yuutarou Kubo
Director, The Hiatus
Music, Satomi Maiya
Key Animator","Yuutarou Kubo : Director, The Hiatus : Music, Satomi Maiya : Key Animator"
Kurage no Shokudou,,OVA  ,1.0,Zexcs,,"Drama, Coming of Age, Death of a Loved One, Ocean, Based on a Light Novel",3.14,2016.0,,"Youtarou Misaki finds himself lying on the beach one day. He is picked up by Arashi, who manages a restaurant called Kurage no Shokudou. When asked who he is, the protagonist tells a lie that he lost his memory — but he remembers everything, including the fact that his twin brother died.",,Kurage no Shokudou (Light Novel),,"Arashi Mutou : Masaya Matsukaze, Natsuko Yashima : Satomi Koorogi, Youtarou Misaki : Goro Kurihara, Natsuko'S Mother, Youtarou'S Brother, Youtarou'S Father, Youtarou'S Mother, Hiromi Taniguchi
Director & Character Design, Shigenobu Okawa
Music, Tomoko Kawasaki
Producer, Haruki Hayashi
Producer, Hiromi Kuriki
Producer","Hiromi Taniguchi : Director & Character Design, Shigenobu Okawa : Music, Tomoko Kawasaki : Producer, Haruki Hayashi : Producer, Hiromi Kuriki : Producer"
ryo: Tsumi no Namae,,Music,,,,Vocaloid,3.14,2016.0,,No synopsis yet - check back soon!,,,,"Boy, Girl, Goddess Of Fate",
"Hello Kitty, ""Dai te Yaru"" to Sasowareru? Hello Kitty x Toyama Shiritsu Tantei Perorich Collaboration"," Hello Kitty, ""Dai te Yaru"" to Sasowareru? Hello Kitty x Toyama City Tantei Perorich Collaboration",Web  ,1.0,DLE,,"Comedy, Animal Protagonists, Anthropomorphic, Cats, Crossover, Detectives, Dogs, Non-Human Protagonists, Promotional, Sanrio Characters",3.14,2016.0,,No synopsis yet - check back soon!,,,Kaette Kite Yoo Toyama Kara,"Hello Kitty, Perorich, Kitty'S Agent, Mori",
Jakusansei Million Arthur Specials,,Other,,,,"Comedy, Short Episodes",3.14,2016.0,,No synopsis yet - check back soon!,,,"Kairisei Million Arthur, Jakusansei Million Arthur",,
Miyavi: Fire Bird,,Music,,Tezuka Productions,,"Animal Protagonists, Birds, Non-Human Protagonists, CG Animation",3.13,2016.0,,No synopsis yet - check back soon!,,,,"Fantasista Utamaro
Director, Miyavi
Music","Fantasista Utamaro : Director, Miyavi : Music"
Phantasy Star Online 2 The Animation, Phantasy Star Online 2 the Animation,TV   ,12.0,Telecom Animation Film,Winter,"Action, Sci Fi, MMORPG, School Life, Based on a Video Game",3.13,2016.0,,"Itsuki Tachibana is a student of Seiga Academy, a co-ed boarding high school with excellent reputation, located in a suburb outside the city center. On a day of second semester, he was summoned by Rina Izumi, the most esteemed and praised chairperson, to the student council room, without knowing what awaits him.",,Phantasy Star Online 2 Comic,"Puso Ni Comi: Phantasy Star Online 2 Comic, Phantasy Star Online 2: Episode Oracle, Puso Ni Comi Okawari: Phantasy Star Online 2 Comic","Aika Suzuki : M.A.O., Itsuki Tachibana : Shouta Aoi, Rina Izumi : Ayaka Suwa, Kouta Kayano : Nobunaga Shimazaki, Masaya Kudou : Takuya Satou, Mika Konoe : Rie Murakawa, Yutaka Sasaki : Aki Kanada, Asuka : Minami Takahashi, Keiichirou Kawaguchi
Director, Takashi Oomama
Music, Minoko Takasu
Character Design, Yoshikazu Iwanami
Sound Director, Hitoshi Kikuchi
Producer, Jun Nakajima
Producer, Yasuhiro Yamaguchi
Producer, Akira Yoshikawa
Producer","Keiichirou Kawaguchi : Director, Takashi Oomama : Music, Minoko Takasu : Character Design, Yoshikazu Iwanami : Sound Director, Hitoshi Kikuchi : Producer, Jun Nakajima : Producer, Yasuhiro Yamaguchi : Producer, Akira Yoshikawa : Producer"
Gakuen Handsome: Haitoku no Lesson,,Music,,,,"Comedy, Based on a Visual Novel",3.13,2016.0,,No synopsis yet - check back soon!,,,"Gakuen Handsome The Animation, Gakuen Handsome: Legend of Sexy, Gakuen Handsome: Kagami no Naka no ME, Gakuen Handsome: Shuumatsu no Mellow Dance, Gakuen Handsome, Gakuen Handsome Special",Teruhiko Saionji : Yuuto Suzuki,
Time Travel Girl, Time Travel Shoujo: Mari Waka to 8-nin no Kagakusha-tachi,TV   ,12.0,Wao World,Summer,"Adventure, Sci Fi, Educational, Historical, Time Travel, Original Work",3.13,2016.0,,"Mari Hayase is on a mission to go back in time and meet eight of the most prominent scientists and inventors in history. With the help of her two friends Waka Mizuki and Jun Mizuki she'll find herself up close and personal with famous figures like Benjamin Franklin, Alexander Graham Bell, Thomas Edison, and so many more! What's her purpose and mission? Hopefully not getting stuck in the past!",,,,"Mari Hayase : Aki Toyosaki, Alessandro Volta : Daiki Nakamura, Benjamin Franklin : Shinichirou Miki, Eiji Hayase : Toshiyuki Morikawa, Graham Bell : Tomoaki Maeno, Heinrich Hertz : Akira Ishida, Joe Mikage : Tomohiro Tsuboi, Michael Faraday : Showtaro Morikubo, Osamu Yamasaki
Director, Hitomi Kuroishi
Music, Takashi Kobayashi
Character Design, Aya Yoshino
Producer, Masahiro Murakami
Producer","Osamu Yamasaki : Director, Hitomi Kuroishi : Music, Takashi Kobayashi : Character Design, Aya Yoshino : Producer, Masahiro Murakami : Producer"
Mah: Dead End Street,,Music,,,,Vocaloid,3.13,2016.0,,No synopsis yet - check back soon!,,,,"Mah
Producer & Director",Mah : Producer & Director
Ooya-san wa Shishunki!,,TV   ,12.0,Seven Arcs,Winter,"Comedy, Seinen, Slice of Life, Apartment Life, Gag, Landlords, Short Episodes, Based on a 4-Koma Manga, Based on a Manga",3.13,2016.0,,"Ouya-san wa Shishunki! follows the antics of Chie Satonaka, a middle schooler who is a landlord. Though she appears a little girl, at times, she behaves more like a grandmother, doing all the cleaning, cooking and housework around the apartment. Despite her responsibilities, she still enjoys a normal middle school life with her friends.",,Ooya-san wa Shishunki!,,"Chie Satonaka : Yurika Kubo, Maeda : Takashi Kondou, Asuka Mori : Yuki Nakashima, Mayu Ueno : Ibuki Kido, Reiko Shirai : Hitomi Nabatame, Sakura Kanemoto : Kyoko Wada, Yuki Miyamura : Erii Yamazaki, Kengo Sasaki : Sanae Kobayashi, Ruruu Minase
Original Creator, Yuuki Ogawa
Director, Arte Refact
Music, Atsuki Shimizu
Character Design, Kazuaki Morijiri
Producer, Tadakazu Hirada
Producer","Ruruu Minase : Original Creator, Yuuki Ogawa : Director, Arte Refact : Music, Atsuki Shimizu : Character Design, Kazuaki Morijiri : Producer, Tadakazu Hirada : Producer"
Balloon: Mirroring,,Music,,,,"Robots, Vocaloid",3.13,2016.0,,No synopsis yet - check back soon!,,,,"Keina Suda
Producer",Keina Suda : Producer
Samurai Noodles: The Originator,,Web  ,1.0,,,"Black and White, Food and Beverage, Promotional, Samurai",3.13,2016.0,,No synopsis yet - check back soon!,,,,,
Kick-Flight,,Web  ,1.0,MAPPA,,"Action, Promotional, Shorts, Based on a Mobile Game",3.13,2016.0,,No synopsis yet - check back soon!,,,,,
Hybrid x Heart Magias Academy Ataraxia, Masou Gakuen HxH,TV   ,12.0,Production IMS,Summer,"Action, Ecchi, Fantasy, Harem, Borderline H, Superpowers, Based on a Light Novel, Explicit Sex",3.12,2016.0,,"One day, humanity was invaded by another world. Having experienced that battle, known as Other World War I, humanity moved to marine floats, built for emergency evacuation purposes, as soon as Other World War II began. It's around that time that Kizuna Hida is summoned by his elder sister and visits the Strategic Defense Academy Ataraxia where he meets Aine Chidorigafuchi, a girl who uses Heart Hybrid Gear Zeros to fight the otherworldly enemies. He has a tough time dealing with her, but when her Gear runs out of energy, the only way to get it back in action is to do something lewd to her!",Explicit Sex,"Hybrid x Heart Magias Academy Ataraxia (Light Novel), Hybrid x Heart Magias Academy Ataraxia",Hybrid x Heart Magias Academy Ataraxia Specials,"Aine Chidorigafuchi : Akari Kageyama, Hayuru Himekawa : Juri Nagatsuma, Kizuna Hida : Kenji Akabane, Yurishia Farandole : Chinatsu Akasaki, Aldea : Natsumi Yamada, Grabel : Rumi Ookubo, Kei Shikina : Iori Nomizu, Nayuta Hida : Mei Satosaki, Hiroyuki Furukawa
Director, Kana Miyai
Character Design, Takashi Tachizaki
Producer, Junichirou Tamura
Producer, Shigenori Kageyama
Storyboard","Hiroyuki Furukawa : Director, Kana Miyai : Character Design, Takashi Tachizaki : Producer, Junichirou Tamura : Producer, Shigenori Kageyama : Storyboard"
Myriad Colors Phantom World: Limitless Phantom World, Musaigen no Phantom World: Limitless Phantom World,DVD S,,Kyoto Animation,,"Comedy, Fantasy, Magic, Picture Drama, Supernatural, Based on a Light Novel",3.12,2016.0,,No synopsis yet - check back soon!,,,"Myriad Colors Phantom World, Myriad Colors Phantom World: The Polka Dot Miracle","Haruhiko Ichijou : Hiro Shimono, Koito Minase : Maaya Uchida, Kurumi Kumamakura : Misaki Kuno, Mai Kawakami : Sumire Uesaka, Reina Izumi : Saori Hayami, Ruru : Azusa Tadokoro, Albrecht, Black-Haired Beach Angel",
Show By Rock!! Short!!,,TV   ,12.0,Bones,Summer,"Comedy, Slice of Life, Music, Short Episodes, Based on a Mobile Game",3.12,2016.0,,"The ladies of Plasmagica are back along with the other bands from Show By Rock!! in this short new series. See what it’s like in the daily life of a rock star between jam sessions, band practice, and just hanging out together. What are the ups and downs of stardom? Have the rowdy boys of ShinganCrimsonz finally calmed down? Check out the latest in the musical world of Midi City.",,,"Show By Rock!! Legend of Shingan Crimsonz, Show By Rock!! Plasmagica na Gogo, Show By Rock!! x Joysound, Show By Rock!!, Show By Rock!!#","Chuchu : Sumire Uesaka, Cyan Hijirikawa : Eri Inagawa, Moa : Ayane Sakura, Retoree : Manami Numakura, Aion : Kouki Uchiyama, Crow : Kishou Taniyama, Riku : Ayumu Murase, Rom : Yoshimasa Hosoya, Takahiro Ikezoe
Director, Touko Machida
Series Composition, Yasuharu Takanashi
Music, Masaru Ooshiro
Character Design, Plasmagica
Song Performance","Takahiro Ikezoe : Director, Touko Machida : Series Composition, Yasuharu Takanashi : Music, Masaru Ooshiro : Character Design, Plasmagica : Song Performance"
Girls Beyond the Wasteland, Shoujo-tachi wa Kouya wo Mezasu,TV   ,12.0,Project No.9,Winter,"Drama, Romance, School Club, School Life, Video Game Industry, Based on a Visual Novel",3.12,2016.0,,"Buntarou is a student who wants to be something, but doesn't know what. One day his female classmate Sayuki announces she is working on a bishoujo (pretty girl) game. Sayuki scouted him because he wrote a good script for drama club, but Buntarou doesn't know anything about bishoujo games.",,"Girls Beyond the Wasteland, Girls Beyond the Wasteland: Yume no Saki ni Shuraba wa Matsu! (Light Novel), Girls Beyond the Wasteland: Yukidoke no oto",Girls Beyond the Wasteland OVA,"Atomu Kai : Toshiyuki Toyonaga, Buntarou Houjou : Seiichirou Yamashita, Sayuki Kuroda : Haruka Chisuga, Teruha Andou : Satomi Akesaka, Uguisu Yuuki : Satomi Satou, Yuuka Kobayakawa : Kana Hanazawa, Hosokawa : Takehito Koyasu, Iwao Kuroda : Akira Ishida, Takuya Satou
Director, Takeshi Watanabe
Music, Gokoy
Music, Takayuki Noguchi
Character Design, Nobuhiro Nakayama
Producer, Yousuke Wada
Producer, Takema Okamura
Producer, Jun Fukuda
Producer","Takuya Satou : Director, Takeshi Watanabe : Music, Gokoy : Music, Takayuki Noguchi : Character Design, Nobuhiro Nakayama : Producer, Yousuke Wada : Producer, Takema Okamura : Producer, Jun Fukuda : Producer"
Kawaijuku Manavis CM: Boku ni wa Boku no Michi ga Aru,,Web  ,1.0,,,"Bears, Family Friendly, Promotional",3.12,2016.0,,No synopsis yet - check back soon!,,,,Manabear,
melu: Troubled Night, melu: Bussouna Yoru,Music,,,,Black and White,3.12,2016.0,,No synopsis yet - check back soon!,,,,"Asami Ike
Director, Melu
Music","Asami Ike : Director, Melu : Music"
Nanocore 2016 Xinnian Tebie Ban, Nami Hexin 2016 Xinnian Tebie Ban,Music,,Coastline Animation Studio,,Chinese Animation,3.12,2016.0,,No synopsis yet - check back soon!,,,"Nanocore, Nanocore: Nano's Daily Life, Nanocore 2nd Season, Nanocore 3rd Season",,
Akari Nanawo & Neru: Happy ni Naritai, Akari Nanawo & Neru: I Want to be Happy,Music,,,,,3.12,2016.0,,No synopsis yet - check back soon!,,,,"Akari Nanawo
Music, Neru
Producer","Akari Nanawo : Music, Neru : Producer"
Poppin' Party: Yes! BanG_Dream!, Yes! BanG_Dream!,Music,,ISSEN,,Music,3.12,2016.0,,No synopsis yet - check back soon!,,,"Poppin' Party: STAR BEAT! ~ Hoshinokodou ~, Poppin' Party: Hashiri Hajimeta bakari no Kimi ni, Poppin' Party: Happy Happy Party!, BanG Dream!","Arisa Ichigaya : Ayasa Itou, Kasumi Toyama : Aimi, Rimi Ushigome : Rimi Nishimoto, Saaya Yamabuki : Ayaka Oohashi, Tae Hanazono : Sae Otsuka",
Yamishibai: Japanese Ghost Stories 3rd Season,,TV   ,13.0,ILCA,Winter,"Horror, Episodic, Short Episodes, Supernatural, Urban Legend, Original Work",3.12,2016.0,,"The thrilling horror series returns for a third season, and promises even more Japanese ghost stories and urban legends. These stories are framed in each episode by an old man telling these tales to schoolchildren using kamishibai, a traditional Japanese method of storytelling using paper scrolls.",,Horror Theatre Yamishibai,"Yamishibai: Japanese Ghost Stories, Yamishibai: Japanese Ghost Stories 2nd Season, Yamishibai: Japanese Ghost Stories 4th Season, Yamishibai: Japanese Ghost Stories 5th Season, Yamishibai: Japanese Ghost Stories 6th Season, Yamishibai: Japanese Ghost Stories 7th Season, Yamishibai: Japanese Ghost Stories 8th Season, Yamishibai: Japanese Ghost Stories 9th Season","Asako, Bath Visitor, Driver, Driver'S Friend, Haruo, Haruo'S Friend, Hospital Patient, Husband, Takashi Taniguchi
Director, Tomohisa Ishikawa
Director","Takashi Taniguchi : Director, Tomohisa Ishikawa : Director"
Fate/Grand Order: Fifth Singularity - E Pluribus Unum Event PV,,Web  ,1.0,,,"Action, Fantasy, Sci Fi, Magic, Promotional",3.12,2016.0,,No synopsis yet - check back soon!,,,"Fate/Grand Order: Third Singularity - Okeanos Event PV, Fate/Grand Order: Fourth Singularity - London Event PV, Fate/Grand Order: Sixth Singularity - Camelot Event PV, Fate/Grand Order: Seventh Singularity - Babylonia Event PV, Fate/Grand Order: First Order","Mash Kyrielight : Rie Takahashi, Archer, Archer, Lancer, Lancer, Lancer Of Red, Berserker, Caster",
Gakuen Handsome: Shuumatsu no Mellow Dance,,Music,,,,"Comedy, Based on a Visual Novel",3.12,2016.0,,No synopsis yet - check back soon!,,,"Gakuen Handsome The Animation, Gakuen Handsome: Legend of Sexy, Gakuen Handsome: Kagami no Naka no ME, Gakuen Handsome: Haitoku no Lesson, Gakuen Handsome, Gakuen Handsome Special",,
Gakuen Handsome: Kagami no Naka no ME, Gakuen Handsome: ME in the mirror,Music,,,,"Comedy, Based on a Visual Novel",3.12,2016.0,,No synopsis yet - check back soon!,,,"Gakuen Handsome The Animation, Gakuen Handsome: Legend of Sexy, Gakuen Handsome: Haitoku no Lesson, Gakuen Handsome: Shuumatsu no Mellow Dance, Gakuen Handsome, Gakuen Handsome Special",,
Kazuyoshi Saito: Muddy Water,,Music,,,,Abstract,3.11,2016.0,,No synopsis yet - check back soon!,,,,"Ryo Okawara
Director, Kazuyoshi Saito
Music","Ryo Okawara : Director, Kazuyoshi Saito : Music"
Kubbe Gachapin Mukku,,Web  ,1.0,,,"Fantasy, Anthropomorphic, Crossover, Promotional, Shorts, Based on a Picture Book, CG Animation",3.11,2016.0,,No synopsis yet - check back soon!,,,"Kubbe PV Full ver., Kubbe Kort Animasjon, Kubbe no Ongakukai",Kubbe,
Furidashi, Starting Over,Movie,,,,"Abstract, Black and White, No Dialogue, Shorts",3.11,2016.0,,"You always stumble before reach. The glass in your hand gets chipped every time. Then everything should start again from the start. There are, however, things you can discover only through repetition. The answer resides in yourself.",,,,"Mika Seike
Director, Kazuki Komai
Music","Mika Seike : Director, Kazuki Komai : Music"
Ojii-chan Chi e Ikou, Minna no Uta: Ojii-chan Chi e Ikou,Music,,,,Minna no Uta,3.11,2016.0,,No synopsis yet - check back soon!,,,,"Kouji Nanke
Director",Kouji Nanke : Director
Kagewani: Shou, KAGEWANI -II-,TV   ,13.0,Tomovies,Spring,"Horror, Monster-of-the-week, Monsters, Short Episodes, Supernatural, Original Work, Violence",3.11,2016.0,,"Following the plot of the first season, scientist Sosuke Banba discovered the secret plan of cloning and weaponizing the mysterious organism ""kagewani"" (literally ""shadow crocodile"").",Violence,,Kagewani,"Sousuke Banba : Tomokazu Sugita, Masaki Kimura : Ryotaro Okiayu, Nagi Yaguru : Satomi Satou, Akira : Kenji Nojima, Crocodile Hunter, Daiki, Flight Attendant : Mai Aizawa, Iwasaki : Hisao Egawa, Tomoya Takashima
Director & Original Creator, Ami Fujikawa
Character Design, Ryouma Hori
Character Design","Tomoya Takashima : Director & Original Creator, Ami Fujikawa : Character Design, Ryouma Hori : Character Design"
Feed,,Movie,,,,"No Dialogue, Shorts",3.11,2016.0,,No synopsis yet - check back soon!,,,,"Eri Okazaki
Director",Eri Okazaki : Director
Hamidashi CoroCoro,,Web  ,6.0,DLE,,"Comedy, Gag, Parody, Short Episodes",3.11,2016.0,,No synopsis yet - check back soon!,,,,,
GReeeeN: beautiful days,,Music,,,,"Slice of Life, Cafe",3.11,2016.0,,No synopsis yet - check back soon!,,,,"Greeeen
Music",Greeeen : Music
Bakuon!!,,TV   ,12.0,8 Pan,Spring,"Comedy, Seinen, All-Girls School, Motorcycles, School Club, School Life, Based on a Manga",3.11,2016.0,,"Moe and motorcycles have never looked better together in this sports comedy about a group of students in the motorcycle club of their all-girls school. When Hane Sakura sees the wild-hearted Onsa Amano riding a motorcycle to school, Sakura is inspired to join the motorcycle club and get her license. However, nothing could have prepared her for the challenges, or the joys, that come with hitting the road on the wings of a real bike!",,"Bakuon!!, Bakuon!! Amano Onsa no Nikoichi Hanjouki, Bakuon!! Suzunoki Rin no Yabou","Bakuon!! OVA, Bakuon!! no Kobeya","Hane Sakura : Reina Ueda, Hijiri Minowa : Rikako Yamaguchi, Onsa Amano : Yumi Uchiyama, Raimu Kawasaki, Rin Suzunoki : Nao Touyama, Chisame Nakano : Ibuki Kido, Akina : Kana Marutsuka, Baita : Kikuko Inoue, Mimana Orimoto
Original Creator, Junji Nishimura
Director, Ryousuke Nakanishi
Music, Isao Sugimoto
Character Design, Yousuke Tsuruki
Producer, Kazuaki Takahashi
Producer, Kenichi Ishikura
Storyboard","Mimana Orimoto : Original Creator, Junji Nishimura : Director, Ryousuke Nakanishi : Music, Isao Sugimoto : Character Design, Yousuke Tsuruki : Producer, Kazuaki Takahashi : Producer, Kenichi Ishikura : Storyboard"
King of Prism by Pretty Rhythm,,Movie,,Tatsunoko Production,,"Ice Skating, Idols, Music, Showbiz, Based on a Video Game",3.11,2016.0,,"The unit Over The Rainbow succeeds in its debut. Aiming to become like the boy band, more students enroll in Edel Rose. Hiro and the others begin practice for the Prism King Cup, an event that is held once every four years. However, a rival called ""Schwarz Rose"" appears... Who will become the Prism King, the one who can make girls' hearts throb the most!?",,King of Prism by Pretty Rhythm: 4-koma KINGS,"King of Prism by Pretty Rhythm Short Anime, King of Prism: Pride the Hero, King of Prism: Shiny Seven Stars I - Prologue x Yukinojou x Taiga, King of Prism: Shiny Seven Stars, King of Prism All Stars: Prism Show Best 10","Hiro Hayami : Tomoaki Maeno, Kazuki Nishina : Toshiki Masuda, Kouji Mihama : Tetsuya Kakihara, Louis Kisaragi : Shouta Aoi, Shin Ichijou : Junta Terashima, Alexander Yamato : Shunsuke Takeuchi, Dj Coo : Showtaro Morikubo, Hijiri Himuro : Toshihiko Seki, Masakazu Hishida
Director, Mai Matsuura
Character Design","Masakazu Hishida : Director, Mai Matsuura : Character Design"
Kinyoubi no Yakusoku,,OVA  ,1.0,,,Shorts,3.11,2016.0,,No synopsis yet - check back soon!,,,,"Satomi Maiya
Director",Satomi Maiya : Director
Metroid Short Animation,,Web  ,1.0,,,"Action, Sci Fi, Power Suits, Based on a Video Game",3.1,2016.0,,No synopsis yet - check back soon!,,,,"Samus Aran, Rabbit Machine
Director, Purikoko
Music","Rabbit Machine : Director, Purikoko : Music"
Queen's Blade: Grimoire,,OVA  ,2.0,Fortes,,"Ecchi, Fantasy, Mature Themes,, Nudity,, Sexual Abuse",3.1,2016.0,,"After the wandering warrior Leina's championship has ended, the royal court's magician Alicia uses black magic and opens a doorway to another dimension. From that door, a rabbit lures Alicia into another dimension called Melfairland. Melfairland is holding a tournament of its own to award out a Queen's Blade, and Alicia enters the tournament in order to find a way to return to her own world.","Mature Themes,, Nudity,, Sexual Abuse","Queen's Blade: Hide & Seek, Queen's Blade Anthology Comics, Queen's Blade: Sword of the Unicorn (Light Novel), Queen's Blade: Rurou no Senshi, Queen's Blade Rebellion: Kedakaki Chikai (Light Novel), Queen's Blade Rebellion: Zero, Queen's Blade Rebellion: Aoarashi no Hime Kishi, Queen's Blade Unlimited (Light Novel)","Queen's Blade: The Exiled Virgin, Queen's Blade: The Exiled Virgin Specials, Queen's Blade 2: The Evil Eye, Queen's Blade 2: The Evil Eye Specials, Queen's Blade: Beautiful Warriors, Queen's Blade OVA, Queen's Blade OVA Specials, Queen's Blade: Rebellion, Queen's Blade: Rebellion Specials, Queen's Blade: Vanquished Queens, Queen's Blade: Vanquished Queens Specials, Queen's Blade: Unlimited","Alicia, Despina, Goldie, Gretel, Kaguya, Seiten, Tiina, Zara, Kinji Yoshimoto
Chief Director & Series Composition, Yoshihide Yuuzumi
Director, Satoshi Urushihara
Character Design, Rin-Sin
Character Design, Takayuki Noguchi
Character Design, Hiroshi Tsukada
Character Design","Kinji Yoshimoto : Chief Director & Series Composition, Yoshihide Yuuzumi : Director, Satoshi Urushihara : Character Design, Rin-Sin : Character Design, Takayuki Noguchi : Character Design, Hiroshi Tsukada : Character Design"
TAMTAM: Coffee People,,Music,,Furifurisoshiki,,,3.1,2016.0,,No synopsis yet - check back soon!,,,,"Soshiki Hakase
Director, Tamtam
Music","Soshiki Hakase : Director, Tamtam : Music"
Poppin' Party: Hashiri Hajimeta bakari no Kimi ni, Hashiri Hajimeta bakari no Kimi ni,Music,,ISSEN,,,3.1,2016.0,,No synopsis yet - check back soon!,,,"Poppin' Party: Yes! BanG_Dream!, Poppin' Party: STAR BEAT! ~ Hoshinokodou ~, Poppin' Party: Happy Happy Party!, BanG Dream!","Arisa Ichigaya : Ayasa Itou, Kasumi Toyama : Aimi, Rimi Ushigome : Rimi Nishimoto, Saaya Yamabuki : Ayaka Oohashi, Tae Hanazono : Sae Otsuka",
Rudolf to Ippaiattena x Godzilla x Toho Cinemas Moving Logo Eizou,,Other,,,,"Comedy, Crossover, Kaijuu, Monsters, Promotional",3.1,2016.0,,No synopsis yet - check back soon!,,,Rudolf the Black Cat,"Ippaiattena, Rudolf, Godzilla",
Master of Torque Epilogue,,Web  ,1.0,Simogumi,Fall ,"Motorcycles, Promotional, Racing, CG Animation",3.09,2016.0,,No synopsis yet - check back soon!,,,"Master of Torque, Master of Torque 2, Master of Torque 3","Dan Amo : Hirofumi Nojima, Fuuka Torimi : Saki Ogasawara, Eika Torimi : Sanae Kobayashi, Koutarou Hyuga : Seirou Ogino, Makina Mikage : Atsuko Enomoto, Mitsukuni Hyuga : Osamu Mukai, Nanami Hiyoshi : Kimura U, Ruriko Shippou : Youko Hikasa",
"""Eiyuu"" Kaitai",,OVA  ,1.0,Zexcs,,"Drama, Fantasy, Slice of Life, Person in a Strange World, Reverse Isekai, RPG, Siblings, Based on a Light Novel",3.09,2016.0,,"Hakua and Kougyoku Tsuranari are retired heroes who have been sent to Earth to learn how to live their lives as ordinary citizens. With the aid of Uro Yamada from the ""Hero Retirement and Return to Everyday Life Assistance Agency"", arrogant former knight Hakua has adjusted well to her new environment and transformed into a proud working woman. Her younger sister Kougyoku, however, resents their change in status. Still clinging to Hakua's former glories and her own skills as a blacksmith, Kougyoku is dismayed at the idea of their former efforts being left behind in the past. Can she too learn to be happy living a normal life?",,"""Eiyuu"" Kaitai (Light Novel)",,"Hakua Tsuranari : Yumi Uchiyama, Kougyoku Tsuranari : Mikako Komatsu, Uro Yamada : Yuuichirou Umehara, Airo Kurashiki : Sumire Uesaka, Alice : Eri Kitamura, Karon : Asami Seto, Reka Kanae : Satomi Satou, Megane : Daisuke Namikawa, Kyouhei Koyama
Original Creator & Series Composition, Kazeno
Original Character Design, Toshimasa Kuroyanagi
Director & Episode Director & Key Animator & Screenplay & Storyboard, Kohei
Music, Mitsuru Chiba
Animation Director & Character Design & Key Animator, Takahiro Hondai
Photography Director, Kazuyuki Hashimoto
Art Director, Naoki Satou
Color Design","Kyouhei Koyama : Original Creator & Series Composition, Kazeno : Original Character Design, Toshimasa Kuroyanagi : Director & Episode Director & Key Animator & Screenplay & Storyboard, Kohei : Music, Mitsuru Chiba : Animation Director & Character Design & Key Animator, Takahiro Hondai : Photography Director, Kazuyuki Hashimoto : Art Director, Naoki Satou : Color Design"
Voyager PV,,Web  ,2.0,,,"Comedy, Animal Protagonists, Family Friendly, Island, Non-Human Protagonists, Parody, Promotional, Short Episodes",3.09,2016.0,,No synopsis yet - check back soon!,,,,"Uruma Delvi
Director",Uruma Delvi : Director
Shounen Ashibe: Go! Go! Goma-chan,,TV   ,32.0,Bridge,Spring,"Comedy, Slice of Life, Animal Protagonists, Family Friendly, Non-Human Protagonists, Pets, Short Episodes, Based on a Manga",3.09,2016.0,2017.0,"The happy-go-lucky daily lives of first grader Ashibe, his adopted pet baby seal Goma-chan, and people in his family, his school, and the neighborhood.",,"Shounen Ashibe, Shounen Ashibe GO! GO! Goma-chan","Shounen Ashibe: Go! Go! Goma-chan (2017), Shounen Ashibe: Go! Go! Goma-chan (2018), Shounen Ashibe: Go! Go! Goma-chan (2019)","Ashibe Ashiya : Rie Kawamura, Goma-Chan : Nao Touyama, Ashibe'S Father : Kenjirou Tsuda, Ashibe'S Mother : Chinatsu Akasaki, Mao : Ami Fukushima, Sakata, Sugao : Nao Touyama, Tendou-Sensei : Kouji Yusa, Hiromi Morishita
Original Creator, Nobuhiro Kondou
Director, Ayako Tan
Editor","Hiromi Morishita : Original Creator, Nobuhiro Kondou : Director, Ayako Tan : Editor"
ABC Tenkiyohou, ABC Weather News,Other,,Tecarat,,"Shorts, Stop Motion Animation, Original Work",3.09,2016.0,,"A weather forecast background video that follows a teeny tiny old man as he embarks on a journey, wherever his feet and the wind take him. Using stop-motion photography on location, it is an experimental work that explores the coexistence of the sense of speed of location shooting with the precision of animation shooting.",,,,,
"Wake Up, Girl Zoo! Miyagi PR de Go!",,Other,,Ordet,,"Chibi, Promotional, Zoo",3.09,2016.0,,No synopsis yet - check back soon!,,,"Wake Up, Girls Zoo!, Wake Up, Girl Zoo! Taiwan de Go!","Airi Hayashida : Airi Eino, Kaya Kikuma : Kaya Okuno, Kouhei Matsuda : Shintarou Asanuma, Mayu Shimada : Mayu Yoshioka, Minami Katayama : Minami Tanaka, Miyu Okamoto : Miyuu Takagi, Nanami Hisami : Nanami Yamashita, Yoshino Nanase : Yoshino Aoyama, Tetsurou Satomi
Producer, Hiroyuki Tanaka
Producer, Satoshi Tanaka
Producer, Dai Sakai
Producer, Mika Shimizu
Producer, Takashi Yoshizawa
Producer, Masahiro Sugasawa
Producer, Seiji Yabashi
Producer","Tetsurou Satomi : Producer, Hiroyuki Tanaka : Producer, Satoshi Tanaka : Producer, Dai Sakai : Producer, Mika Shimizu : Producer, Takashi Yoshizawa : Producer, Masahiro Sugasawa : Producer, Seiji Yabashi : Producer"
Nyanbo!,,TV   ,26.0,Shirogumi,Fall ,"Comedy, Animal Protagonists, Cats, Family Friendly, Non-Human Protagonists, Short Episodes, CG Animation",3.09,2016.0,2017.0,"The ""Nyanbo"" are creatures with square bodies with ears and tails that came to Earth from outer space. There's Tora, who dreams of repairing their broken UFO and returning to space, as well as his sister Kotora, the precocious Shiro, the mischievous Mike, the mysterious Kuro, and many more. All of these Nyanbos are now happily living much like cats, free-spirited and sometimes getting into trouble, in places that humans don't know about.",,,,"Kotora : Rie Kugimiya, Kuro : Yuuko Sanpei, Mike : Junko Takeuchi, Shiro : Yui Horie, Tora : Romi Park, Alpha : Kenichirou Matsuda, Blaze : Kazutoshi Hatano, Kijitora : Sachika Misawa",
Cakes,,Web  ,1.0,,,"Comedy, Anthropomorphic, Food and Beverage, Food Protagonists, Non-Human Protagonists",3.09,2016.0,,No synopsis yet - check back soon!,,,,"Shigeo Shichiji
Director",Shigeo Shichiji : Director
Patisserie no Monster, Patissier Monster,Web  ,4.0,Dwarf,,"Slice of Life, Baking, Family Friendly, Food and Beverage, Short Episodes, Based on a Picture Book",3.09,2016.0,,No synopsis yet - check back soon!,,,,,
Cocktail Prince: Making Love!!,,Other,,,,"Alcohol, Bar, Food and Beverage, Opening Animation, Based on a Video Game",3.08,2016.0,,No synopsis yet - check back soon!,,,Cocktail Prince: Shaking Night!!,"Emerald Mist : Makoto Furukawa, Martini : Takuya Eguchi, Moulin Rouge : Junichi Suwabe, Salty Dog : Junya Enoki, Tequila Sunrise : Nobunaga Shimazaki, Tom Collins : Takashi Kondou",
Luck & Logic,,TV   ,12.0,Doga Kobo,Winter,"Fantasy, Magic, Original Work",3.08,2016.0,,"After losing a war in their home world Tetraheaven, the Gods appeared in the human world seeking refuge. To protect the citizens from the otherworldly beings, the government began employing Logicalists—a special police force with the power to enter trances with Goddesses. In these trance forms humans and Goddesses can combine their power and fight against those looking to disturb the peace.",,Luck and Logic - Paradox Twin,"Watashitachi, Luck Logic Bu!, Watashitachi, Luck Logic Bu! 2, Hina Logi: From Luck & Logic","Artemis : Fumiko Orikasa, Athena : Sumire Uesaka, Chloe Maxwell : Sora Tokui, Mana Asuha : Inori Minase, Tamaki Yurine : Risa Taneda, Valkyrie : Chiaki Omigawa, Venus : Nao Touyama, Yoshichika Tsurugi : Kensho Ono, Yuya Takahashi
Original Concept & Series Composition, Kouichi Chigira
Director, Takashi Naoya
Director, Tatsuya Katou
Music, Katsuhiro Kumagai
Character Design, Rei Aoi
Character Design, Eiji Inomoto
Cg Director, Terushige Yoshie
Producer","Yuya Takahashi : Original Concept & Series Composition, Kouichi Chigira : Director, Takashi Naoya : Director, Tatsuya Katou : Music, Katsuhiro Kumagai : Character Design, Rei Aoi : Character Design, Eiji Inomoto : Cg Director, Terushige Yoshie : Producer"
Comet Lucifer: From Garden Indigo's Train Shorts, Comet Lucifer: Garden Indigo no Shasou kara,DVD S,,,,"Comedy, Chibi, Flash Animation, Original Work",3.08,2016.0,,No synopsis yet - check back soon!,,,Comet Lucifer,"Felia : Ayaka Oohashi, Maura : Inori Minase, Sougo Amagi : Yusuke Kobayashi",
Nineko Gelee,,Web  ,1.0,DLE,,"Fantasy, Animal Protagonists, Anthropomorphic, Cats, Non-Human Protagonists, Original Work",3.08,2016.0,,"A cat tries to run away, but ends up falling into her own nightmare...",,,,Cat Girl,
Puzzle & Dragons X,,TV   ,89.0,Pierrot,Summer,"Fantasy, Proxy Battles, Based on a Video Game",3.08,2016.0,2018.0,"Dorogoza Island is rich in “Drop Energy” that players can use on friendly monsters. Once strong enough, they can face enemies in puzzle wars. Winners reap rewards, but what happens to the losers? Only the brave can take on these monstrous challenges!",,,40-Shuunen da yo! Coro Coro All-Star Shougakkou,"Ace : Takuto Yoshinaga, Devi : Chika Sakamoto, Lance : Tetsuya Kakihara, Sonia : Sora Amamiya, Tamazou : Tomoko Kaneda, Herriot : Akeno Watanabe, Hajime Kamegaki
Director, Dai Satou
Series Composition, Kousuke Yamashita
Music, Yukiko Akiyama
Character Design, Nobuyuki Hosoya
Producer, Shuuichi Fujimura
Producer, Masashi Matsui
Producer","Hajime Kamegaki : Director, Dai Satou : Series Composition, Kousuke Yamashita : Music, Yukiko Akiyama : Character Design, Nobuyuki Hosoya : Producer, Shuuichi Fujimura : Producer, Masashi Matsui : Producer"
Poor Vacation: Young Folks,,Music,,Furifurisoshiki,,CG Animation,3.08,2016.0,,No synopsis yet - check back soon!,,,,"Soshiki Hakase
Director, Poor Vacation
Music","Soshiki Hakase : Director, Poor Vacation : Music"
Kumamiko: Girl Meets Bear,,TV   ,12.0,EMT Squared,Spring,"Comedy, Seinen, Slice of Life, Animal Protagonists, Bears, Countryside, Japanese Mythology, Non-Human Protagonists, Based on a Manga",3.08,2016.0,,"What does a bear know about life in the big city? For Machi Amayadori’s sake, hopefully a lot! The young shrine maiden has spent her whole life in the rural mountains with Natsu, her talking guardian bear. Now, at fourteen, she wants to take a chance and attend high school in the big city. Can Natsu really prepare her for city life? Orwill his wacky trials be too much for even Machi to bear?",,"Kumamiko: Girl Meets Bear, Kumamiko Koushiki Anthology",Kumamiko: Girl Meets Bear Specials,"Machi Amayadori : Natsumi Hioka, Natsu Kumai : Hiroki Yasumoto, Hibiki Sakata, Yoshio Amayadori, Etsuko Amayadori, Hashida, Kaori, Kiyori Yasuda, Masume Yoshimoto
Original Creator, Kiyoshi Matsuda
Director, Akiyuki Tateyama
Music, Hiroyuki Saita
Character Design, Shinpei Yamashita
Producer","Masume Yoshimoto : Original Creator, Kiyoshi Matsuda : Director, Akiyuki Tateyama : Music, Hiroyuki Saita : Character Design, Shinpei Yamashita : Producer"
Yuuki Yuuna is a Hero: Baton of Courage, Yuuki Yuuna wa Yuusha de Aru: Yuuki no Baton,Music,,,,"Magical Girl, Henshin Heroes",3.08,2016.0,,No synopsis yet - check back soon!,,Washio Sumi wa Yuusha de Aru Gaiden: Yuusha Koushinkyoku,Yuuki Yuuna is a Hero,"Fuu Inubozaki : Yumi Uchiyama, Itsuki Inubozaki : Tomoyo Kurosawa, Karin Miyoshi : Juri Nagatsuma, Mimori Togo : Suzuko Mimori, Sonoko Nogi : Kana Hanazawa, Yuuna Yuuki : Haruka Terui",
Master of Torque 3,,Web  ,1.0,Simogumi,Spring,"Motorcycles, Promotional, Racing, Shorts, CG Animation",3.08,2016.0,,Third season of Master of Torque.,,,"Master of Torque, Master of Torque 2, Four Seasons: Fuuka to Nanami, Master of Torque Epilogue","Dan Amo : Hirofumi Nojima, Makina Mikage : Atsuko Enomoto, Koutarou Hyuga : Seirou Ogino, Mitsukuni Hyuga : Osamu Mukai, Ruriko Shippou : Youko Hikasa, Sanae Torimi : Kaori Mine, Eika Torimi, Fuuka Torimi",
Controller of Controller,,Web  ,1.0,,,Shorts,3.07,2016.0,,No synopsis yet - check back soon!,,,,"Densuke28
Director",Densuke28 : Director
Pinocchio-P: Yuusei Masshirake, Pinocchio-P: Planet Masshirake,Music,,,,Vocaloid,3.07,2016.0,,No synopsis yet - check back soon!,,,,"Miku Hatsune, Pinocchio-P
Producer",Pinocchio-P : Producer
Taboo-Tattoo,,TV   ,12.0,J.C.Staff,Summer,"Action, Seinen, Martial Arts, Supernatural, Superpowers, Based on a Manga, Violence",3.07,2016.0,,"""Tattoos"" - ancient weapons that drastically enhance the physical abilities of their users, known as the ""Sealed,"" allowing them to bring forth supernatural phenomena when activated through the charging of the user's own unique ""trigger."" When Justice Akatsuka (a.k.a. ""Seigi"") saves a man from some street punks, the man gives him a strange stone as a token of gratitude. The moment Seigi accepts it, a mysterious tattoo appears on his palm. And so the battle begins, framed by a web of conspiracies and centering around Justice Akatsuka, the boy who obtained a ""tattoo"" by complete chance.",Violence,Taboo-Tattoo,,"Bluesy Fluesy : Mikako Komatsu, Justice Akatsuka : Makoto Furukawa, Aryabhata : Akari Kitou, Brad Blackstone : Toshiyuki Morikawa, Iltutmish : Shiori Izawa, Kar Shekar : Hitomi Nabatame, Lisa Lovelock : Eri Kitamura, R. R. Lurker : Kenjirou Tsuda, Shinjirou
Original Creator, Takashi Watanabe
Director, Mayori Sekijima
Screenplay & Series Composition, Shinji Hosoe
Music, Shinya Hasegawa
Character Design, Yoshikazu Iwanami
Sound Director, Hiroyuki Tanaka
Producer, Mika Shimizu
Producer","Shinjirou : Original Creator, Takashi Watanabe : Director, Mayori Sekijima : Screenplay & Series Composition, Shinji Hosoe : Music, Shinya Hasegawa : Character Design, Yoshikazu Iwanami : Sound Director, Hiroyuki Tanaka : Producer, Mika Shimizu : Producer"
Kyoto Animation Koushiki Twitter: Itsumo Arigatou,,Web  ,1.0,Kyoto Animation,,"Black and White, Shorts",3.06,2016.0,,No synopsis yet - check back soon!,,,Baja's Studio,"Baja, Coco Lily Frau, Ga-Chan",
Trigger-chan,,Web  ,,TRIGGER,,"Action, Promotional, Shorts",3.06,2016.0,,A fifth anniversary special animated sequence featuring mascot Trigger-chan and her buddies Muzzle and Spring.,,,,,
Gakuen Handsome,,TV   ,12.0,Team YokkyuFuman,Fall ,"BL, Comedy, Romance, Shounen-ai, All-Boys School, Gag, Parody, School Life, Short Episodes, Transfer Students, Based on a Visual Novel",3.06,2016.0,,"The top-class boys school in the prefecture, Baramon Private Academy. The protagonist who just transferred there encounters various tough guys at the school. As soon as you pass the gates, there was handsome— The outlaw teacher, the captain of the soccer team, his childhood friend who he hasn’t seen in seven years, etc... This is a school love story filled with very uniquely extreme feelings.",,,"Gakuen Handsome The Animation, Gakuen Handsome: Legend of Sexy, Gakuen Handsome: Kagami no Naka no ME, Gakuen Handsome: Haitoku no Lesson, Gakuen Handsome: Shuumatsu no Mellow Dance, Gakuen Handsome Special","Renji Kagami : Kazunori Nomiya, Sakuya Mitsurugi : Ryouhei Kimura, Shingo Shiga : Satoshi Tsuruoka, Takuya Saotome : Tetsuya Kakihara, Teruhiko Saionji : Yuuto Suzuki, Yoshiki Maeda : Natsuki Hanae, Jirou Natsume : Taiten Kusunoki, Yuu Maeda : Satomi Akesaka",
Sarangeun Oneuldo Malgeum,,Web  ,1.0,,,"Romance, Slice of Life, Korean Animation, Short Episodes",3.06,2016.0,,No synopsis yet - check back soon!,,,Sarangi Ona Bom,,
Kakushin,,Web  ,1.0,,,Shorts,3.06,2016.0,,No synopsis yet - check back soon!,,,,"Ryou Inoue
Director",Ryou Inoue : Director
Zulllu: Pluggin' Away,,Music,,Furifurisoshiki,,"Nudity,, Sexual Content",3.05,2016.0,,No synopsis yet - check back soon!,"Nudity,, Sexual Content",,,,
Girls Beyond the Wasteland OVA, Shoujo-tachi wa Kouya wo Mezasu: Iubeki Monokashira,OVA  ,1.0,Project No.9,,"Comedy, Drama, Ecchi, School Life, Video Game Industry, Based on a Visual Novel",3.05,2016.0,,No synopsis yet - check back soon!,,"Girls Beyond the Wasteland, Girls Beyond the Wasteland: Yukidoke no oto",Girls Beyond the Wasteland,"Atomu Kai : Toshiyuki Toyonaga, Buntarou Houjou : Seiichirou Yamashita, Sayuki Kuroda : Haruka Chisuga, Teruha Andou : Satomi Akesaka, Uguisu Yuuki : Satomi Satou, Yuuka Kobayakawa : Kana Hanazawa, Takuya Satou
Director, Takeshi Watanabe
Music, Gokoy
Music, Takayuki Noguchi
Character Design, Nobuhiro Nakayama
Producer, Yousuke Wada
Producer, Takema Okamura
Producer, Jun Fukuda
Producer","Takuya Satou : Director, Takeshi Watanabe : Music, Gokoy : Music, Takayuki Noguchi : Character Design, Nobuhiro Nakayama : Producer, Yousuke Wada : Producer, Takema Okamura : Producer, Jun Fukuda : Producer"
Teekyuu 7 Specials,,DVD S,,Millepensee,,"Comedy, Shounen, Gag, Based on a Manga",3.05,2016.0,,No synopsis yet - check back soon!,,"Teekyuu, Takamiya Nasuno Desu!","Teekyuu, Teekyuu 2, Teekyuu 3, Teekyuu 2 Specials, Teekyuu 3 Specials, Teekyuu 4, Takamiya Nasuno desu!, Teekyuu 5, Teekyuu 4 Specials, Teekyuu 6, Teekyuu 5 Specials, Teekyuu 7, Teekyuu 6 Specials, Usakame, Teekyuu 8, Teekyuu 8 Specials, Teekyuu 9","Kanae Shinjo, Marimo Bandou : Kana Hanazawa, Nasuno Takamiya, Yuri Oshimoto, Tomarin, Anenkoff Kondo, Roots
Original Creator",Roots : Original Creator
Active Raid Second, Active Raid: Kidou Kyoushuushitsu Dai Hakkei 2nd,TV   ,12.0,Production IMS,Summer,"Action, Sci Fi, Police, Original Work",3.05,2016.0,,"The nation's capital, Tokyo, where the Space Elevator Project is proceeding at full tilt, in preparation for the summit. Established to fight crime based around Willwear, enhanced armor, is the Special Public Security Fifth Division Third Mobile Assault Eighth Unit—Unit 8 in short. Having saved Japan from Logos' terrorism, Unit 8 was now become really popular around the country. However, crimes misusing Willwear showed no signs of slowing down. In fact, they kept escalating. Kuroki and the rest of Unit 8 now have new members on their side, and continue to fight evil crimes with their brains, bravery, and the gift of gab—now with the help of civilian police.",,Active Raid: Kidou Kyoushuushitsu Dai Hachigakari,Active Raid,"Souichirou Sena : Takahiro Sakurai, Takeru Kuroki : Nobunaga Shimazaki, Haruka Hoshimiya : Shizuka Ishigami, Kyokai : Kohsuke Toriumi, Liko : Tomoyo Kurosawa, Madoka Amano : Saori Oonishi, Rin Yamabuki : Masayo Kurata, Yasuharu Funasaka : Tooru Ookawa, Gorou Taniguchi
Chief Director & Storyboard, Noriaki Akitaya
Director, Kotaro Nakagawa
Music, Asako Nishida
Character Design, Kanta Suzuki
Mechanical Design, Tomonori Kogawa
Animation Director","Gorou Taniguchi : Chief Director & Storyboard, Noriaki Akitaya : Director, Kotaro Nakagawa : Music, Asako Nishida : Character Design, Kanta Suzuki : Mechanical Design, Tomonori Kogawa : Animation Director"
Irodorimidori: My Dearest Song,,Music,,,,"Idols, Music",3.05,2016.0,,No synopsis yet - check back soon!,,,"Irodorimidori: Change Our Mirai!, Irodorimidori: Muteki We Are One!!, Irodorimidori: Moushin Soloist Life!, Irodorimidori: Heart Beat, Irodorimidori: Dokidoki Dream!!!, Irodorimidori: Brilliant Better, Irodorimidori: Session High⤴, Irodorimidori: Spicy Swingy Style, Irodorimidori: Trust, Irodorimidori: Watashi no Naka no Gensou-teki Sekaikan Oyobi Sono Kengen wo Souki Saseta Aru Genjitsu de no Dekigot, Irodorimidori: Detarame Rock & Roll Theory, Irodorimidori: Neko Matsuri, Irodorimidori: Bang Babang Bang!!!, Irodorimidori: Tic Tac DREAMIN’, Irodorimidori: Fortissimo Bell, Irodorimidori: Sousha wa Tada Senaka to Teikin de Kataru Nomi, Irodorimidori: Still, Irodorimidori: Irotoridori no Melody, Irodorimidori: Prism, Irodorimidori: Outsider Requiem, Irodorimidori: Polka Dot, Irodorimidori: Very! Merry!! Session!!!, Irodorimidori: Crescendo Story, Irodorimidori: Change Our Mirai! (Our 7 Lights), Irodorimidori: Ok? Alright!, Irodorimidori: Black'n White JAMMIN' CATS, Irodorimidori: Light Speed Days, Irodorimidori: Fire Me Up, Irodorimidori: Sayonara Freeway, Irodorimidori: Ever Green Never End, Irodorimidori: Issei Kiyuukyoku - Divertimento, Irodorimidori: Agitation!, Irodorimidori: Shout Our Evidence!, Irodorimidori: ""Star""t, Irodorimidori: Tanitsu Shikousei Overbloom, Irodorimidori: Minna e wo Check!",Shirona Tsukisuzu : Marika Kouno,
Haruchika: Haruta & Chika, Haruchika: Haruta to Chika wa Seishun Suru,TV   ,12.0,P.A. WORKS,Winter,"Mystery, Classical Music, Music, School Life, Based on a Novel",3.05,2016.0,,"Things look bleak for the school's Wind Instrument Club until childhood friends Haruta and Chika step in to save the day. When they aren't practicing to perfect their own playing, they're working hard to save the club by recruiting new members. After a series of mysteries shock the school, they'll have to add junior detectives to their already impressive resumes.",,Haruchika,,"Chika Homura : Sarah Emi Bridcutt, Haruta Kamijou : Soma Saito, Kaikyuu Hiyama : Nobuhiko Okamoto, Maren Sei : Nobunaga Shimazaki, Miyoko Narushima : Haruka Chisuga, Naoko Serizawa : Asami Seto, Shinjirou Kusakabe : Natsuki Hanae, Akari Gotou : Yuki Yamada, Masakazu Hashimoto
Director, Shirou Hamaguchi
Music, Asako Nishida
Character Design, Kenji Horikawa
Producer, Junichirou Tamura
Producer, Yukiko Katou
Producer","Masakazu Hashimoto : Director, Shirou Hamaguchi : Music, Asako Nishida : Character Design, Kenji Horikawa : Producer, Junichirou Tamura : Producer, Yukiko Katou : Producer"
Kimi no Machi nimo Ame wa Furu no Kai?,,Music,,,,,3.05,2016.0,,No synopsis yet - check back soon!,,,,,
Cheer Boys!! The View We Seven Shared, Cheer Danshi!! Shichinin de Mita Keshiki,TV Sp,,Brain's Base,,"Drama, Sports, Recap, School Club, School Life, Tournaments, Based on a Novel",3.05,2016.0,,Haruki and Kazuma recap the first five episodes and review some cheerleading basics.,,Cheer Danshi!! GO BREAKERS,"Cheer Boys!!, Cheer Boys!! Specials","Haruki Bandou : Yuuki Yonai, Kazuma Hashimoto : Nobuhiko Okamoto, Gen Hasegawa : Katsuyuki Konishi, Koji Tono : Yuu Hayashi, Shou Tokugawa : Yuuki Ono, Souichirou Suzuki : Kousuke Kuwano, Takeru Andou : Chiharu Sawashiro, Wataru Mizoguchi : Tomokazu Sugita",
Kinoshita: Miku Miku Miku Miku Mi,,Music,,,,Vocaloid,3.04,2016.0,,No synopsis yet - check back soon!,,,,"Miku Hatsune, Kinoshita
Producer",Kinoshita : Producer
Kiitaro's youkai picture diary, Kiitarou Shounen no Youkai Enikki,TV   ,12.0,Creators in Pack,Fall ,"Comedy, Seinen, Japanese Mythology, Short Episodes, Supernatural, Youkai, Based on a Manga",3.04,2016.0,,"Kiitarou is a boy with a strong sixth sense who is always surrounded by demons. He gets talked to by Yuki Onna (snow women), gets his bath licked by Akaname (licking demons), and lives with the Zashikiwarashi Suzu, whom he just can't come to dislike.",,Kiitarou Shounen no Youkai Enikki,Kiitaro's youkai picture diary Special,"Kiitarou : Hiromi Igarashi, Suzu : Arisa Nakada, Kitsunemen No Onna : Eri Kitamura, Yukihaha : Sayaka Oohara, Yukimusume : Maria Naganawa, Akaname : Shohei Yamaguchi, Boy Mouse : Yuri Katou, Female Kudan : Hidenori Takahashi, Riichi Kageyama
Original Creator, Hisayoshi Hirasawa
Director, Kimiyoshi Maruyama
Music, Noriyuki Imaoka
Character Design","Riichi Kageyama : Original Creator, Hisayoshi Hirasawa : Director, Kimiyoshi Maruyama : Music, Noriyuki Imaoka : Character Design"
Pandora in the Crimson Shell: Ghost Urn, Koukaku no Pandora: Ghost Urn,TV   ,12.0,AXsiZ,Winter,"Action, Ecchi, Sci Fi, Shounen, Cyborgs, Based on a Manga",3.04,2016.0,,"A super-powered terrorist has threatened the island of Cenancle. To fight him off, Nene Nanakorobi, a cybernetic girl-next-door, will have to team up with famous inventor Delilah Uzal and her adorably grumpy cyborg assistant, Clarion.",,Pandora in the Crimson Shell: Ghost Urn,"Pandora in the Crimson Shell, Koukaku no Pandora: Pandoradio","Clarion : Manami Numakura, Nene Nanakorobi : Sanae Fuku, Uzal Delilah : Atsuko Tanaka, Amy Gilliami : Maria Naganawa, B.U.E.R. : Junpei Morita, Bunny : Rie Murakawa, Bur : Satsumi Matsuda, Ian Kurtz : Junichi Suwabe, Masamune Shirow
Original Creator, Munenori Nawa
Director, Technoboys Pulcraft Green-Fund
Music, Takuya Tani
Character Design, Kenji Hattori
Chief Animation Director","Masamune Shirow : Original Creator, Munenori Nawa : Director, Technoboys Pulcraft Green-Fund : Music, Takuya Tani : Character Design, Kenji Hattori : Chief Animation Director"
Independent Animation Festival the 14th Opening Animation, Dai 14-kai Indies Anime Festa Opening Eizou,Other,,Piso Studio,,"Animal Protagonists, Birds, Non-Human Protagonists, Opening Animation, Promotional",3.04,2016.0,,"The opening animation for the 14th Independent Animation Festival, directed by Piso Studio.",,,,,
Kano: nameless,,Music,,,,Romance,3.04,2016.0,,"The official music video for Alderamin on the Sky's ending theme, performed by Kano.",,,Alderamin on the Sky,"Kano
Song Performance",Kano : Song Performance
ClassicaLoid,,TV   ,25.0,Sunrise,Fall ,"Comedy, Sci Fi, Classical Music, Mansion, Music, Original Work",3.04,2016.0,2017.0,"Kanae's got a two oddball houseguests in her beloved grandmother's mansion: Moz and Beetho-san. However, these guys, with their crazy antics and supernatural musical powers, claim to be Classicaloid versions of maestros Mozart and Beethoven! Their powerful “mujik” arrangements evoke more than just emotions: they can make the stars fall, spirits dance, or even summon… giant robots? Friend or foe, Kanae is stuck with them, even as more classicaloids begin to invade her life. Will their presence usher in a new musical renaissance in her sleepy town, or will their explosive euphonics cut the standing ovation short?",,,ClassicaLoid 2nd Season,"Beethoven : Tomokazu Sugita, Kanae Otowa : Mikako Komatsu, Mozart : Yuuki Kaji, Sousuke Kagura : Nobunaga Shimazaki, Bach : Taiten Kusunoki, Badarzewska : M.A.O., Chopin : Kohsuke Toriumi, Liszt : Mamiko Noto, Youichi Fujita
Director, Tsunku
Music, Masashi Hamauzu
Music, Tomoyasu Hotei
Music, Tofubeats
Music, Seiichi Hashimoto
Character Design","Youichi Fujita : Director, Tsunku : Music, Masashi Hamauzu : Music, Tomoyasu Hotei : Music, Tofubeats : Music, Seiichi Hashimoto : Character Design"
Scratch x One Piece Film: Gold,,Other,,,,"Commercials, Promotional",3.04,2016.0,,A TV collaboration between One Piece Film: Gold and Takarakuji the nationwide lottery system in Japan. The commercial is promoting lottery scratch cards with One Piece designs on them.,,,,,
Ishifuro: Ryuu no Tani to Taiyou no Toride,,Music,,,,"Black and White, Vocaloid",3.04,2016.0,,No synopsis yet - check back soon!,,,,"Ishifuro
Producer",Ishifuro : Producer
in the blue shirt: Cluster A,,Music,,,,,3.03,2016.0,,No synopsis yet - check back soon!,,,,"In The Blue Shirt
Music",In The Blue Shirt : Music
Kinako Nishinakajima: QB House,,Music,,Saigo no Shudan,,"Promotional, Work Life",3.03,2016.0,,No synopsis yet - check back soon!,,,,"Kinako Nishinakajima
Music",Kinako Nishinakajima : Music
Ketsuekigata-kun! 4,,TV   ,12.0,Zexcs,Winter,"Comedy, Anthropomorphic, Educational, Non-Human Protagonists, Short Episodes, Based on a Manga",3.03,2016.0,,Fourth season of Ketsuekigata-kun!,,Ketsuekigata-kun!,"Ketsuekigata-kun!, Ketsuekigata-kun! 2, Ketsuekigata-kun! 3","Ab-Type : Tetsuya Kakihara, A-Type : Jun Fukuyama, B-Type : Yuuichi Nakamura, O-Type : Akira Ishida, Dongsun Park
Original Creator, Yoshihisa Ooyama
Director, Yoshihiro Hiramine
Character Design","Dongsun Park : Original Creator, Yoshihisa Ooyama : Director, Yoshihiro Hiramine : Character Design"
Gravity Rush The Animation: Overture, Gravity Daze The Animation: Ouverture,Web  ,1.0,Khara,Fall ,"Action, Adventure, Fantasy, Sci Fi, Shorts, Superpowers, Based on a Video Game, CG Animation",3.03,2016.0,,This anime bridges the gap between the original Gravity Rush and Gravity Rush 2.,,Gravity Daze 2: Juuryoku-teki Memai Tsuisoutan,,"Kat, Raven, Syd, Hiroyasu Kobayashi
Director, Kouhei Tanaka
Music, Yumi Ikeda
Character Design","Hiroyasu Kobayashi : Director, Kouhei Tanaka : Music, Yumi Ikeda : Character Design"
Dimension W: W Gate Online - Rose's Counseling Room, Dimension W: W no Tobira Online,DVD S,,Orange,,"Sci Fi, Seinen, Chibi, Based on a Manga, CG Animation",3.02,2016.0,,No synopsis yet - check back soon!,,Dimension W,"Dimension W, Dimension W: Do Robots Dream of Bathhouses","Loze, Mira Yurizaki, Yuji Iwahara
Original Creator",Yuji Iwahara : Original Creator
Kamigami no Ki,,TV   ,16.0,Fall 2016,,"Comedy, Slice of Life, Africa, Egyptian Mythology, Gods, Historical, Short Episodes, Supernatural",3.02,2016.0,2017.0,"The series will be set around 3,000 BC in Egypt, near the Nile. It will center on Medjed, but will also feature various gods from the Ancient Egyptian pantheon, including Bastet, Anubis, and R, as well as two human characters named Iabi and Aakeu, and will portray their everyday lives.",,,"Kamigami no Ki Special, Oh, Suddenly Egyptian God","Aakeu : Tomoyuki Morikawa, Iabi : Tomoyuki Morikawa, Medjed : Tomoyuki Morikawa, Anubis : Tomoyuki Morikawa, Bastet : Tomoyuki Morikawa, Ra : Tomoyuki Morikawa",
Tawawa on Monday, Getsuyoubi no Tawawa,Web  ,12.0,Pine Jam,Fall ,"Ecchi, Slice of Life, Salaryman, Short Episodes, Based on a Doujinshi",3.02,2016.0,,"The anime follows a salaryman who has a chance meeting with a girl named Ai on the train. They begin to meet every Monday on the train, with the man serving as her ""bodyguard"" on the crowded commute while they chat.",,"Getsuyoubi no Tawawa (Doujinshi), Getsuyoubi no Tawawa","Tawawa on Monday Specials, Tawawa on Monday 2, Tawawa on Monday 2 Special","Ai : Sayaka Harada, Man : Junji Majima, Boss : Kouichi Souma, Kouhai : Ai Kayano, Senpai : Yasuaki Takumi, Tokumori : Hisako Kanemoto, Tokumori'S Ex Classmate, Trainer : Minami Tsuda, Kiseki Himura
Original Creator, Kousuke Murayama
Director, Yoshiaki Dewa
Music, Hiroyuki Yoshii
Character Design, Mitsutoshi Ogura
Producer, Kazuhiro Kanemitsu
Producer, Keisuke Fukunaga
Producer, Yuuma Oogami
Producer","Kiseki Himura : Original Creator, Kousuke Murayama : Director, Yoshiaki Dewa : Music, Hiroyuki Yoshii : Character Design, Mitsutoshi Ogura : Producer, Kazuhiro Kanemitsu : Producer, Keisuke Fukunaga : Producer, Yuuma Oogami : Producer"
Seoul Station, Seoul-yeok,Movie,,Studio Dadashow,,"Action, Horror, Apocalypse, Korean Animation, Zombies, Based on a Movie, Explicit Violence",3.02,2016.0,,"As the sun sets around Seoul Station, an old man thought to have died sinks his teeth into the warm flesh of a homeless person. Soon, the streets are filled with vicious zombies desperate to feed. Hae-sun, a runaway, witnesses the frightening sight while her father Suk-gyu and boyfriend desperately search for her. As the attacked become the attackers, the government declares a lock out of the station, leaving the uninfected to struggle desperately against the dangerous undead. With zombie numbers exploding, people without a home to return to, now have to flee without a place to run to, in order to survive.",Explicit Violence,,,"Hye-Sun : Shim Eun-Kyung, Homeless Person 2, Ki-Woong : Lee Joon, Suk-Gyu : Ryu Seung-Ryong, Homeless Person 1, Landlord, Man, Nurse, Sang-Ho Yeon
Director",Sang-Ho Yeon : Director
Elsword: El-ui Yeoin, Elsword: El Lady,Web  ,12.0,DR Movie,,"Action, Adventure, Fantasy, Demons, Korean Animation, Magic, Based on a Video Game",3.02,2016.0,2018.0,No synopsis yet - check back soon!,,,Elsword: Ain-ui Gieog Animation,"Aisha, Chung, Elesis, Elsword, Eve, Raven Cronwell, Rena, Add",
Viva Sherry: Xmas Song,,Music,,,,"Christmas, Dancing",3.02,2016.0,,No synopsis yet - check back soon!,,,,"Kousuke Sugimoto
Director, Viva Sherry
Music","Kousuke Sugimoto : Director, Viva Sherry : Music"
Predawn: Universal Mind,,Music,,,,Abstract,3.01,2016.0,,No synopsis yet - check back soon!,,,,"Toshikazu Tamura
Director, Predawn
Song Performance","Toshikazu Tamura : Director, Predawn : Song Performance"
Tokiwa Kitareri!!,,Other,,J.C.Staff,,"Action, Shounen, Commercials, Magic, Martial Arts, Promotional, Based on a Manga",3.01,2016.0,,A commercial for Tokiwa Kitareri!! manga.,,Tokiwa Kitareri!!,,,
TOHO Cinemas x One Piece Film: Gold - Tokubetsu Eizou,,Other,,Toei Animation,,Commercials,3.01,2016.0,,No synopsis yet - check back soon!,,,,,
Suntory Minami Alps no Tennen Mizu,,Other,,CoMix Wave Films,,"Commercials, Promotional, Short Episodes",3.01,2016.0,,No synopsis yet - check back soon!,,,your name.,"Mitsuha Miyamizu, Taki Tachibana, Miki Okudera, Shinta Takagi, Tsukasa Fujii, Makoto Shinkai
Director",Makoto Shinkai : Director
Aitata Bocchi," Ouch, Chou Chou",Other,,,,"Food Protagonists, Non-Human Protagonists, Shorts, Mature Themes,, Suicide",3.01,2016.0,,No synopsis yet - check back soon!,"Mature Themes,, Suicide",,,"Cabbage, Cactus, Pea, Pea'S Mother, Rose, Onohana
Director",Onohana : Director
91 Daze,,DVD S,,Shuka,,"Comedy, Chibi",3.01,2016.0,2017.0,No synopsis yet - check back soon!,,,"91 Days, 91 Days: Brief Candle, 91 Days Special","Angelo Laguza : Takashi Kondou, Nero Vanetti : Takuya Eguchi, Corteo : Soma Saito",
100% Pascal-sensei, 100% Teacher Pascal,Web  ,6.0,OLM,Fall ,"Comedy, Family Friendly, School Life, Short Episodes, Based on a Manga",3.0,2016.0,2017.0,"Pascal-sensei is an elementary school teacher who is so stupid, he cannot even write his own name. He does whatever he likes in his classroom. Plus, by all appearances, he is not human.",,100% Pascal-sensei,100% Pascal-sensei (2017),"Chika-Chan : Misako Tomioka, Hayato-Kun : Yuki Kodaira, Iwata-Kun : Kouji Takeda, Pascal-Sensei : Hana Satou, Steve Kanamori : Daiki Kobayashi, Principal, Yuusuke Kitano : Shinya Hamazoe, Yuuji Nagai
Original Creator, You Miura
Director, Shunsuke Takizawa
Music, Kazumi Satou
Character Design","Yuuji Nagai : Original Creator, You Miura : Director, Shunsuke Takizawa : Music, Kazumi Satou : Character Design"
Kick!, Kikku!,Web  ,1.0,,,"Comedy, Family Friendly, Shorts",3.0,2016.0,,No synopsis yet - check back soon!,,,,"Uruma Delvi
Director",Uruma Delvi : Director
Chase the Rice Ball,,Web  ,1.0,,,"Comedy, Family Friendly, Shorts",3.0,2016.0,,No synopsis yet - check back soon!,,,,"Uruma Delvi
Director",Uruma Delvi : Director
Moving Colors,,Movie,,,,"Abstract, Shorts",3.0,2016.0,,No synopsis yet - check back soon!,,,,"Yuutarou Kubo
Key Animator",Yuutarou Kubo : Key Animator
Matoi the Sacred Slayer Recap," Soushin Shoujo Matoi: Yuma-chin, Matomemashita - Nanimo Kitenakute... Natsu",TV Sp,,WHITE FOX,,"Fantasy, Magical Girl, Henshin Heroes, Magic, Supernatural, Original Work",3.0,2016.0,,Yuma recaps the best moments of Matoi the Scared Slayer with a special appearance by one of the voice actresses!,,,"Matoi the Sacred Slayer, Matoi the Sacred Slayer Special",Yuma Kusanagi,
Phantom of Kill, Phantom of Kill: Zero kara no Hangyaku,Other,,Production I.G,,"Action, Fantasy, Magic, Monsters, RPG, Shorts, Based on a Mobile Game, Explicit Violence",2.99,2016.0,,"Fuji & Gumi Games' strategy drama RPG follows mysterious girls who carry the names of legendary weapons (such as ""Masamune"") as they search for their lost memories.",Explicit Violence,,,"Amane, Zero, Valyn, Masamune, Yakumo, Naoyoshi Shiotani
Director, Hidehiro Kawai
Music, Henry Thurlow
Key Animator","Naoyoshi Shiotani : Director, Hidehiro Kawai : Music, Henry Thurlow : Key Animator"
Persona 3 the Movie Meets “Walkman”,,Web  ,1.0,A-1 Pictures,,"Commercials, Promotional",2.99,2016.0,,No synopsis yet - check back soon!,,"Tartarus Gekijou, P4U2: Persona 4 the Ultimax Ultra Suplex Hold",Persona 3 the Movie 1: Spring of Birth,Makoto Yuuki,
Eye Drops,,Web  ,4.0,,,"Sci Fi, Educational, Promotional, Short Episodes, CG Animation, Original Work",2.99,2016.0,,No synopsis yet - check back soon!,,,"Eye Drops Episode 0, Eyedrops Special Episode","Chlorpheniramine Maleate : Yuka Iguchi, Chondroitin Sulfate Sodium Succinate : Sakura Tange, Epsilon-Aminocaproic Acid : Sumire Uesaka, Glycyrrhizic Acid Dipotassium : Kana Asumi, Neostigmine Methylsulfate : Youko Hikasa, Potassium L-Aspartate : Risa Hayamizu, Taurine : Eri Kitamura, Tetrahydrozoline Hydrochloride : Yuu Kobayashi",
Mattia Coletti & Oh Shu: 6 Songs,,Music,,,,"Abstract, Black and White",2.99,2016.0,,"The official music video for the EP 6 Songs, by Mattia Coletti & Oh Shu.",,,,"Ryoji Yamada
Director, Oh Shu
Music, Mattia Coletti
Music","Ryoji Yamada : Director, Oh Shu : Music, Mattia Coletti : Music"
ClariS: Gravity, Gravity,Music,,,,,2.98,2016.0,,The official music video for Gravity by ClariS.,,,,"Alice : Alice, Clara : Clara, Claris
Music",Claris : Music
Monster Hunter Stories: RIDE ON,,TV   ,75.0,David Production,Fall ,"Action, Adventure, Fantasy, Monsters, RPG, Based on a Video Game",2.98,2016.0,2018.0,"In a world where people and monsters are at odds, some learn to coexist. Known as Riders, they awaken the powers of monsters and live alongside them in secrecy. Now, one young boy journeys to find his own companion and become the world’s greatest Rider.",,Monster Hunter (Light Novel),,"Ayuria : Yui Makino, Cheval : Ryouta Oosaka, Lilia : Minami Takahashi, Lute : Mutsumi Tamura, Naviloo : M.A.O., Dan : Junichi Yanagita, Debli : Nobuhiko Okamoto, Hyoro : Michiyo Murase, Mitsuru Hongo
Director, Masaru Yokoyama
Music, Takuya Saitou
Character Design","Mitsuru Hongo : Director, Masaru Yokoyama : Music, Takuya Saitou : Character Design"
Heybot!,,TV   ,50.0,BN Pictures,Summer,"Comedy, Family Friendly, Island, Non-Human Protagonists, Robots, Original Work",2.98,2016.0,2017.0,"The story takes place on Screw Island, a screw-shaped island nation where people make audiences laugh through the practice of ""VocabBattles,"" heated gag contests in which ""VocabBots"" place ""VocabScrews"" on their heads and compete to come up with the funniest joke. Everything in this world is decided through VocabBattles! The unlikely duo of Heybot, the bungling VocabBot protagonist, and his partner, the easygoing prince Nejiru, are the stars in this ridiculous gag story!",,,,"Hebotto : Shiori Izawa, Nejiru : Nao Tamura, Shinji Ishihira
Director, Tomotaka Oosumi
Music, Satohiko Sano
Character Design","Shinji Ishihira : Director, Tomotaka Oosumi : Music, Satohiko Sano : Character Design"
Mndsgn: Alluptoyou,,Music,,,,,2.98,2016.0,,No synopsis yet - check back soon!,,,,"Ryu Okubo
Director, Mndsgn
Music","Ryu Okubo : Director, Mndsgn : Music"
Makura Izumi: Tsuugakuro,,Music,,,,"Romance, Slice of Life, School Life",2.98,2016.0,,A boy and a girl experience school and life with each other.,,,,"Tomoko Oshima
Director, Makura Izumi
Music","Tomoko Oshima : Director, Makura Izumi : Music"
Miss Bernard said. Special, Bernard-jou Iwaku. Ofuro Dokusho,DVD S,,Creators in Pack,,"Comedy, Gag, Based on a Manga",2.98,2016.0,,No synopsis yet - check back soon!,,Bernard-jou Iwaku.,Miss Bernard said.,"Shiori Kanbayashi : Mikako Komatsu, Sawako Machida : Eri Kitamura, Yuuki Shikawa
Original Creator",Yuuki Shikawa : Original Creator
Mahou Shoujo Nante Mouiidesukara. Second Season,,TV   ,12.0,Pine Jam,Fall ,"Comedy, Fantasy, Magical Girl, Shounen, Henshin Heroes, Magic, Short Episodes, Based on a Manga",2.98,2016.0,,"The easy-going anime about the daily lives of magical girls by Sui Futami returns for a second season!  Despite turning into a magical girl, Yuzuka can’t get used to her transformation costume that’s a swimsuit. Will there ever be a day that Yuzuka accepts being a magical girl?!",,Mahou Shoujo Nante Mouiidesukara.,Mahou Shoujo Nante Mouiidesukara.,"Chiya Sakagami : Nichika Omori, Miton : Yuuki Wakai, Yuzuka Hanami : Akane Fujita, Daiya : Minami Tanaka, Mafuyu Shinoki : Miku Itou, Fallen Warrior, Mafuyu'S Grandfather : Hiroshi Naka, Ocean Ghost, Sui Futami
Original Creator, Kazuhiro Yoneda
Director, Shuuichi Suzuki
Producer","Sui Futami : Original Creator, Kazuhiro Yoneda : Director, Shuuichi Suzuki : Producer"
Nisshoku Natsuko: It Seems like a Frog,,Music,,,,Frogs,2.97,2016.0,,No synopsis yet - check back soon!,,,,"Girl, Nisshoku Natsuko
Music",Nisshoku Natsuko : Music
Teekyuu 6 Specials,,DVD S,,Millepensee,,"Comedy, Shounen, Gag, School Club, School Life, Based on a Manga",2.97,2016.0,,No synopsis yet - check back soon!,,Teekyuu,"Teekyuu, Teekyuu 2, Teekyuu 3, Teekyuu 2 Specials, Teekyuu 3 Specials, Teekyuu 4, Takamiya Nasuno desu!, Teekyuu 5, Teekyuu 4 Specials, Teekyuu 6, Teekyuu 5 Specials, Teekyuu 7, Usakame, Teekyuu 7 Specials, Teekyuu 8, Teekyuu 8 Specials, Teekyuu 9","Ayako Suzuki, Kanae Shinjo : Suzuko Mimori, Kinako Tanaka, Kurumi Sato, Marimo Bandou : Kana Hanazawa, Nishi Nishiaraidaishi, Yuri Oshimoto : Yui Watanabe, Nasuno Takamiya, Roots
Original Creator",Roots : Original Creator
Choco Kyouju no Oheya,,Other,,Liberty Animation Studio,,"Commercials, Educational, Food and Beverage, Promotional",2.97,2016.0,,No synopsis yet - check back soon!,,,,,
Megane Super x Taka no Tsume (2016), Megane Super x Eagle Talon (2016),Web  ,2.0,DLE,,"Comedy, Commercials, Parody, Promotional, Samurai, Short Episodes, Swordplay, Flash Animation",2.97,2016.0,,A collaboration anime between Taka no Tsume and Megane Super.,,,"Megane Super x Taka no Tsume (2015), Megane Super x Taka no Tsume: Yoshida Tenin no Hibi, Megane Super x Taka no Tsume: Eye Care Ondo, Megane Super x Taka no Tsume (2017)",,
Wild Life,,Web  ,2.0,,,"Comedy, Family Friendly, Forest, Short Episodes",2.97,2016.0,,No synopsis yet - check back soon!,,,,"Uruma Delvi
Director",Uruma Delvi : Director
Bubuki Buranki, BBK/BRNK,TV   ,12.0,SANZIGEN,Winter,"Action, Drama, Mecha, Sci Fi, CG Animation, Original Work",2.96,2016.0,,"In the world of BBK/BRNK, It’s been ten years since Azuma Kazuki has been in Japan, and upon his arrival he is taken prisoner by a group of armed men. Azuma is saved by his childhood friend, Kogane Asabuki, thanks to a living weapon she wields on her right hand, known as a Bubuki. Learning about these weapons, Azuma becomes a Bubuki wielder himself and sets out on a journey.",,,Bubuki Buranki: The Gentle Giants of the Galaxy,"Azuma Kazuki : Yuka Terasaki, Hiiragi Nono : Soma Saito, Kinoa Ougi : Shizuka Ishigami, Kogane Asabuki : Ari Ozawa, Shizuru Taneomi : Mikako Komatsu, Akihito Tsuwabuki : Kazuyuki Okitsu, Reoko Banryuu : Megumi Han, Shuusaku Matobai : Kenjirou Tsuda, Daizen Komatsuda
Director, Masaru Yokoyama
Music, Yuusuke Kozaki
Character Design, Shingo Yokota
Producer, Hirokazu Hara
Producer, Keisuke Arai
Producer","Daizen Komatsuda : Director, Masaru Yokoyama : Music, Yuusuke Kozaki : Character Design, Shingo Yokota : Producer, Hirokazu Hara : Producer, Keisuke Arai : Producer"
Promised Town,,Web  ,1.0,,,"Action, Mecha, Sci Fi, Psychological, Shorts, CG Animation",2.96,2016.0,,No synopsis yet - check back soon!,,,,"Kento, Luka",
Nejishiki: NukegaRide,,Music,,,,Vocaloid,2.95,2016.0,,No synopsis yet - check back soon!,,,,"Yukari Yuzuki, Nejishiki
Producer",Nejishiki : Producer
Estima: Sense of Wonder,,Web  ,13.0,P.I.C.S.,,"Cars, Promotional, Short Episodes",2.95,2016.0,,No synopsis yet - check back soon!,,,,"Kazuhiko Okushita
Director, Yoriko Mizushiri
Director, Rapparu
Director, Masanobu Hiraoka
Director, Tetsuya Tatamitani
Director, Takashi Ohashi
Director, Shishi Yamazaki
Director, Atsushi Makino
Director","Kazuhiko Okushita : Director, Yoriko Mizushiri : Director, Rapparu : Director, Masanobu Hiraoka : Director, Tetsuya Tatamitani : Director, Takashi Ohashi : Director, Shishi Yamazaki : Director, Atsushi Makino : Director"
Soul Worker: Your Destiny Awaits,,Web  ,5.0,LARX Entertainment,Winter,"Action, Fantasy, Monsters, Short Episodes, Based on a Video Game, CG Animation",2.95,2016.0,,The game depicts a peaceful world wracked by giant devastating whirlwinds. The player control boys and girls who became Soul Workers and wage battles against mysterious monsters for the fate of the world.,,,,"Erwin Arclight : Hiro Shimono, Haru Estia : Ai Kayano, Lily Bloommerchen : Ibuki Kido, Stella Unibell : Risa Taneda, Chloe",
Kirin Hyoketsu: Atarashiku Ikou Animation Movie,,Web  ,1.0,TRIGGER,,Promotional,2.95,2016.0,,No synopsis yet - check back soon!,,,,,
Tabi Machi Late Show,,TV   ,,CoMix Wave Films,Winter,"Drama, Slice of Life, Episodic, Short Episodes, Original Work",2.95,2016.0,,"Tabi Machi Late Show will have a theme of ""goodbyes and journeys,"" and will air four episodes, titled ""Recipe,"" ""Transistor Smartphone,"" ""Natsu Matsuri"" (Summer Festival), and ""Clover.""",,,,"Akie Kumeno : Miho Tabata, Azuma : Yukiko Morishita, Haruka : Yuko Gibu, Koizumi : Yukari Goto, Nagi : Yuuki Tomizawa, Sakurada : Masumi Taira, Yukari : Rina Endou, Manzaki : Yoshikazu Nakadai, Shingo Nishimura
Music, Yuuta Hori
Producer","Shingo Nishimura : Music, Yuuta Hori : Producer"
Ojisan and Marshmallow: Hige-san and Marshmallow, Ojisan to Marshmallow: Hige-san to Yume Mashmallow,DVD S,,Creators in Pack,,"Comedy, Based on a Manga",2.94,2016.0,,"Hige-san awakens to find himself at his own desk at work... in the body of a baby. To make matters worse, who should walk into his office but Wakabayashi in a school uniform!",,Ojisan and Marshmallow,Ojisan and Marshmallow,"Habahiro Kusaka : Tetsu Inada, Iori Wakabayashi : Eri Kitamura, Kouhai, Machida, Mukai, Senpai, Rekomaru Otoi
Original Creator",Rekomaru Otoi : Original Creator
Sengoku Choujuu Giga, Sengoku Choujuu Giga: Kou,TV   ,13.0,ILCA,Fall ,"Comedy, Fantasy, Animal Protagonists, Feudal Japan, Historical, Non-Human Protagonists, Parody, Short Episodes, Original Work",2.93,2016.0,2017.0,"The anime will use a sumi-e (traditional Japanese ink painting) motif, and will feature Japan's famous Sengoku-era warlords as animals. The anime will depict the characters in historically important events as well as in casual everyday situations.",,,Sengoku Choujuu Giga: Otsu,"Ieyasu Tokugawa, Nobunaga Oda, Toyotomi Hideyoshi : Ryouta Murai, Kiyomasu Katou, Masanori Fukushima, Mitsunari Ishida, Narrator : Megumi Hayashibara, Organtino, Haruki Hayashi
Producer",Haruki Hayashi : Producer
Match Shoujo,,Web  ,1.0,NAZ,,"Promotional, Based on a Manga",2.93,2016.0,,No synopsis yet - check back soon!,,Match Shoujo,,"Rin, Takayuki Kuriyama
Director",Takayuki Kuriyama : Director
Spring has come!,,Web  ,1.0,,,Abstract,2.93,2016.0,,Spring fairy came along with the cherry blossoms.,,,,,
Flying Witch Petit Special,,DVD S,,Domerica,,"Comedy, Shounen, Slice of Life, Chibi, Based on a Manga, CG Animation",2.93,2016.0,,No synopsis yet - check back soon!,,"Flying Witch (Pilot), Flying Witch","Flying Witch Petit, Flying Witch","Makoto Kowata : Minami Shinoda, Akane Kowata, Chinatsu Kuramoto, Chito : Ai Kayano, Chikai Ishioka
Original Creator",Chikai Ishioka : Original Creator
Himitsukessha Taka no Tsume GT, Eagle Talon GT,TV   ,47.0,DLE,Spring,"Comedy, Parody, Superheroes, Flash Animation, Original Work",2.93,2016.0,2017.0,Seventh season of Himitsukessha Taka no Tsume.,,,"Himitsukessha Taka no Tsume, Himitsukessha Taka no Tsume Countdown, Himitsukessha Taka no Tsume NEO, Himitsukessha Taka no Tsume MAX, Himitsukessha Taka no Tsume EX, Himitsukessha Taka no Tsume DO, Himitsukessha Taka no Tsume: Golden Spell","Frogman
Director & Character Design & Original Creator",Frogman : Director & Character Design & Original Creator
Irodorimidori: Heart Beat,,Music,,,,"Idols, Music",2.92,2016.0,,No synopsis yet - check back soon!,,,"Irodorimidori: Change Our Mirai!, Irodorimidori: Muteki We Are One!!, Irodorimidori: Moushin Soloist Life!, Irodorimidori: My Dearest Song, Irodorimidori: Dokidoki Dream!!!, Irodorimidori: Brilliant Better, Irodorimidori: Session High⤴, Irodorimidori: Spicy Swingy Style, Irodorimidori: Trust, Irodorimidori: Watashi no Naka no Gensou-teki Sekaikan Oyobi Sono Kengen wo Souki Saseta Aru Genjitsu de no Dekigot, Irodorimidori: Detarame Rock & Roll Theory, Irodorimidori: Neko Matsuri, Irodorimidori: Bang Babang Bang!!!, Irodorimidori: Tic Tac DREAMIN’, Irodorimidori: Fortissimo Bell, Irodorimidori: Sousha wa Tada Senaka to Teikin de Kataru Nomi, Irodorimidori: Still, Irodorimidori: Irotoridori no Melody, Irodorimidori: Prism, Irodorimidori: Outsider Requiem, Irodorimidori: Polka Dot, Irodorimidori: Very! Merry!! Session!!!, Irodorimidori: Crescendo Story, Irodorimidori: Change Our Mirai! (Our 7 Lights), Irodorimidori: Ok? Alright!, Irodorimidori: Black'n White JAMMIN' CATS, Irodorimidori: Light Speed Days, Irodorimidori: Fire Me Up, Irodorimidori: Sayonara Freeway, Irodorimidori: Ever Green Never End, Irodorimidori: Issei Kiyuukyoku - Divertimento, Irodorimidori: Agitation!, Irodorimidori: Shout Our Evidence!, Irodorimidori: ""Star""t, Irodorimidori: Tanitsu Shikousei Overbloom, Irodorimidori: Minna e wo Check!",Serina Akesaka : Emi Nitta,
Hakodate Musical,,Other,,,,"Ocean, Shorts",2.92,2016.0,,No synopsis yet - check back soon!,,,,"Ryou Inoue
Director",Ryou Inoue : Director
The Hotpantz: Nowhereland,,Music,,,,Abstract,2.91,2016.0,,No synopsis yet - check back soon!,,,,"Sawako Kabuki
Director, The Hotpantz
Music","Sawako Kabuki : Director, The Hotpantz : Music"
The Lost Village, Mayoiga,TV   ,12.0,diomedea,Spring,"Drama, Mystery, Animeism, Forest, Lifestyle Change, Melancholy, Psychological, Supernatural, Original Work, Bullying,, Emotional Abuse,, Mature Themes,, Physical Abuse,, Domestic Abuse",2.91,2016.0,,"Thirty strangers sign up for a shady, one-way bus trip to Nanakimura: a village that urban legend claims is hidden deep in a mountain forest. Some wish to run away from their problems, others hope to make a fresh start, but all soon discover the place of their dreams is actually a nightmare. The village is an abandoned wreck, the surrounding woods seems to be filled with monsters, and people begin disappearing one by one. What is the secret of Nanakimura, and will anyone manage to escape from the place alive?","Bullying,, Emotional Abuse,, Mature Themes,, Physical Abuse,, Domestic Abuse","Mayoiga: Tsumi to Batsu, The Lost Village: Yami yori de Dete, Yami yori Kuroshi (Light Novel)",,"Hayato : Taku Yashiro, Masaki : Yuka Aisaka, Mitsumune : Koudai Sakai, Jack : Kosuke Miyoshi, Koharun : Kaoru Sakura, Lion : Hiromi Igarashi, Love-Pon : Ai Kakuma, Maimai : Ayaka Shimizu, Tsutomu Mizushima
Director, Masaru Yokoyama
Music, Naomi Ide
Character Design, Junya Okamoto
Producer, Tatsuya Ishiguro
Producer, Toshihiro Maeda
Producer, Jun Fukuda
Producer, Yutaka Endou
Producer","Tsutomu Mizushima : Director, Masaru Yokoyama : Music, Naomi Ide : Character Design, Junya Okamoto : Producer, Tatsuya Ishiguro : Producer, Toshihiro Maeda : Producer, Jun Fukuda : Producer, Yutaka Endou : Producer"
RoughSketch: Alice in Voodooland,,Music,,,,"Fantasy, Abstract, Alice in Wonderland",2.91,2016.0,,"The official music video for Alice in Voodooland from the album Alice in Voodooland, by RoughSketch.",,,,"Kousuke Sugimoto
Director, Roughsketch
Music","Kousuke Sugimoto : Director, Roughsketch : Music"
Eye Drops Episode 0,,Web  ,1.0,,,"Sci Fi, Educational, Promotional, Shorts, CG Animation, Original Work",2.9,2016.0,,"Episode 0 explains the setting: the planet EYE, light-years from Earth. The planet has the ability ""to see things,"" but is commonly assailed by enemies. Protecting the planet from these enemies is the group of girls known as ""Eyedrops.""",,,"Eye Drops, Eyedrops Special Episode","Chlorpheniramine Maleate : Yuka Iguchi, Chondroitin Sulfate Sodium Succinate : Sakura Tange, Epsilon-Aminocaproic Acid : Sumire Uesaka, Glycyrrhizic Acid Dipotassium : Kana Asumi, Neostigmine Methylsulfate : Youko Hikasa, Potassium L-Aspartate : Risa Hayamizu, Taurine : Eri Kitamura, Tetrahydrozoline Hydrochloride : Yuu Kobayashi",
Utopa,,Movie,,Studio 4°C,,"Adventure, Sci Fi, Animal Protagonists, Anime Tamago, Anthropomorphic, Non-Human Protagonists, Outside World, Post-apocalyptic, Shorts",2.89,2016.0,,"Hundreds of years after the 20th century, nature and the ecosystem have been devastated due to use of nuclear and biological weaponry. Most of Earth has been contaminated and is collapsing into ruin, and a great majority of plants and animals are now extinct. The world heads to the “Big Six,” the sixth mass extinction event. Humanity built cities in the sky, migrating the endangered species of animals and plants there. Over many years, the animals evolved in these isolated cities. With artificial genetic crossbreeding, they acquire language, bipedality, and build a life and civilization for themselves free from want. No one thinks of the world below any longer. One day, a single plant seed wanders into one of the sky cities and some children discover it. Unable to resist the temptation to look into the world outside, they decide to undertake an adventure to the outside world, unknowing that once they set foot on the ground, they will never be able to return.",,,,"Hiruma, Kui, Ruto, Eagle, Caterpillar, Takahiro Tanaka
Director & Original Character Design, Tomoko Ogihara
Producer, Rie Matsubara
Editor","Takahiro Tanaka : Director & Original Character Design, Tomoko Ogihara : Producer, Rie Matsubara : Editor"
Battery,,TV   ,11.0,Zero-G,Summer,"Drama, Sports, Baseball, noitaminA, School Life, Tournaments, Based on a Novel, Bullying,, Mature Themes,, Physical Abuse",2.89,2016.0,,"Takumi Harada moves to a mountain town in Okayama prefecture during the spring break before he enters middle school due to his father's job transfer. Takumi is a pitcher, and after the moves he loses faith in his own talent, when suddenly his classmate Kou Nagakura appears in front of him. Kou has a strong desire to form a ""battery"" (a combination of a pitcher and catcher) with Takumi.","Bullying,, Mature Themes,, Physical Abuse","Battery (Novel), Battery, Battery (2016)",,"Gou Nagakura : Tasuku Hatanaka, Takumi Harada : Kouki Uchiyama, Eiji Nobunishi : Shuuta Morishima, Fumito Sawaguchi : Ayumu Murase, Kazuki Kaionji : Yuuichirou Umehara, Keita Higashidani : Kaito Ishikawa, Makoto Tomura : Hozumi Gouda, Nobuhiro Yoshisada : Soma Saito, Atsuko Asano
Original Creator, Tomomi Mochizuki
Director, Akira Senju
Music, Hideoki Kusama
Character Design, Makoto Kimura
Producer, Shouki Niwa
Producer, Ryousuke Nakamura
Ed Director & Storyboard, Namiko Ishidate
Key Animator","Atsuko Asano : Original Creator, Tomomi Mochizuki : Director, Akira Senju : Music, Hideoki Kusama : Character Design, Makoto Kimura : Producer, Shouki Niwa : Producer, Ryousuke Nakamura : Ed Director & Storyboard, Namiko Ishidate : Key Animator"
Irodorimidori: Brilliant Better,,Music,,,,Idols,2.89,2016.0,,No synopsis yet - check back soon!,,,"Irodorimidori: Change Our Mirai!, Irodorimidori: Muteki We Are One!!, Irodorimidori: Moushin Soloist Life!, Irodorimidori: Heart Beat, Irodorimidori: My Dearest Song, Irodorimidori: Dokidoki Dream!!!, Irodorimidori: Session High⤴, Irodorimidori: Spicy Swingy Style, Irodorimidori: Trust, Irodorimidori: Watashi no Naka no Gensou-teki Sekaikan Oyobi Sono Kengen wo Souki Saseta Aru Genjitsu de no Dekigot, Irodorimidori: Detarame Rock & Roll Theory, Irodorimidori: Neko Matsuri, Irodorimidori: Bang Babang Bang!!!, Irodorimidori: Tic Tac DREAMIN’, Irodorimidori: Fortissimo Bell, Irodorimidori: Sousha wa Tada Senaka to Teikin de Kataru Nomi, Irodorimidori: Still, Irodorimidori: Irotoridori no Melody, Irodorimidori: Prism, Irodorimidori: Outsider Requiem, Irodorimidori: Polka Dot, Irodorimidori: Very! Merry!! Session!!!, Irodorimidori: Crescendo Story, Irodorimidori: Change Our Mirai! (Our 7 Lights), Irodorimidori: Ok? Alright!, Irodorimidori: Black'n White JAMMIN' CATS, Irodorimidori: Light Speed Days, Irodorimidori: Fire Me Up, Irodorimidori: Sayonara Freeway, Irodorimidori: Ever Green Never End, Irodorimidori: Issei Kiyuukyoku - Divertimento, Irodorimidori: Agitation!, Irodorimidori: Shout Our Evidence!, Irodorimidori: ""Star""t, Irodorimidori: Tanitsu Shikousei Overbloom, Irodorimidori: Minna e wo Check!",Arishiana Agata : Ayaka Fukuhara,
Time on the Planet,,Web  ,1.0,,,"Commercials, Promotional",2.89,2016.0,,No synopsis yet - check back soon!,,,,"Masaki Okuda
Director",Masaki Okuda : Director
Tanoshii Saki Uta Animation,,Web  ,1.0,,,"Fantasy, Food and Beverage, Promotional, Shorts",2.89,2016.0,,No synopsis yet - check back soon!,,,,"Cheese, Girl, Mouse",
Gingirl, SilverGirl,Web  ,1.0,,,"Sci Fi, Outer Space, Shorts, Original Work",2.88,2016.0,,No synopsis yet - check back soon!,,,,"Girl, Rabbit Machine
Director",Rabbit Machine : Director
Sekkou Boys,,TV   ,12.0,LIDEN FILMS,Winter,"Comedy, Fantasy, Idols, Music, Short Episodes, Showbiz, Work Life, Original Work",2.88,2016.0,,"“Sekkou Boys” is a four member boy band whose members are all idols, literally: the group leader Saint Giorgio, the original celebrity Medici, the multitalented Hermes and the lover Mars. However, the only catch is that they are all stone busts! The anime depicts their story of making it as a boy band with the support of their fresh-faced manager, Miki Ishimoto, who has only recently graduated from college.",,,,"Hermes : Jun Fukuyama, Mars : Daisuke Ono, Medici : Shinnosuke Tachibana, Miki Ishimoto : Shiho Kokido, Saint George : Tomokazu Sugita, Kinue Yamashita : Rena Maeda, Mira Hanayashiki : Yui Makino, Abcii : Kishou Taniyama, Seiki Takuno
Director, Eriko Itou
Character Design","Seiki Takuno : Director, Eriko Itou : Character Design"
Irodorimidori: Dokidoki Dream!!!,,Music,,,,"Idols, Music",2.87,2016.0,,No synopsis yet - check back soon!,,,"Irodorimidori: Change Our Mirai!, Irodorimidori: Muteki We Are One!!, Irodorimidori: Moushin Soloist Life!, Irodorimidori: Heart Beat, Irodorimidori: My Dearest Song, Irodorimidori: Brilliant Better, Irodorimidori: Session High⤴, Irodorimidori: Spicy Swingy Style, Irodorimidori: Trust, Irodorimidori: Watashi no Naka no Gensou-teki Sekaikan Oyobi Sono Kengen wo Souki Saseta Aru Genjitsu de no Dekigot, Irodorimidori: Detarame Rock & Roll Theory, Irodorimidori: Neko Matsuri, Irodorimidori: Bang Babang Bang!!!, Irodorimidori: Tic Tac DREAMIN’, Irodorimidori: Fortissimo Bell, Irodorimidori: Sousha wa Tada Senaka to Teikin de Kataru Nomi, Irodorimidori: Still, Irodorimidori: Irotoridori no Melody, Irodorimidori: Prism, Irodorimidori: Outsider Requiem, Irodorimidori: Polka Dot, Irodorimidori: Very! Merry!! Session!!!, Irodorimidori: Crescendo Story, Irodorimidori: Change Our Mirai! (Our 7 Lights), Irodorimidori: Ok? Alright!, Irodorimidori: Black'n White JAMMIN' CATS, Irodorimidori: Light Speed Days, Irodorimidori: Fire Me Up, Irodorimidori: Sayonara Freeway, Irodorimidori: Ever Green Never End, Irodorimidori: Issei Kiyuukyoku - Divertimento, Irodorimidori: Agitation!, Irodorimidori: Shout Our Evidence!, Irodorimidori: ""Star""t, Irodorimidori: Tanitsu Shikousei Overbloom, Irodorimidori: Minna e wo Check!","Arishiana Agata : Ayaka Fukuhara, Nagi Kobotoke : Kaoru Sakura, Naru Hakobe : M.A.O., Nazuna Tennouzu : Ayano Yamamoto, Serina Akesaka : Emi Nitta",
Kingsglaive: Final Fantasy XV - Fan Kansha Tokubetsu Movie,,Web  ,1.0,Visual Works,,"Action, Fantasy, Monsters, Shorts, Based on a Mobile Game, CG Animation, Violence",2.87,2016.0,,No synopsis yet - check back soon!,Violence,,Kingsglaive: Final Fantasy XV,"Li'L Malbuddy, Yamachang, Ultros, Crowe Altius, Libertus Ostium, Pelna Khara",
Big Order,,TV   ,10.0,asread,Spring,"Action, Shounen, Post-apocalyptic, Supernatural, Superpowers, Based on a Manga, Violence",2.86,2016.0,,"This is a story that begins after the world ends. One day, a new student transfers to the school attended by the story's protagonist, Hoshimiya Eiji. She's an attractive girl named Kurenai Rin, and Eiji immediately wants to get closer to her. Then, as Eiji is on his way home from school, who should appear behind him but the new student, Rin?",Violence,Big Order,Big Order OVA,"Eiji Hoshimiya : Masakazu Morita, Rin Kurenai : Shiori Mikami, Ayahito Sundan : Yuu Hayashi, Benkei Narukami : Fumihiko Tachiki, Daisy : Mari Misaki, Iyo : Azusa Tadokoro, Kokudo Soumoku : Norio Wakamoto, Lorin Wright : Makoto Ishii, Sakae Esuno
Original Creator, Nobuharu Kamanaka
Director, Evan Call
Music, Chika Kojima
Character Design, Atsushi Itou
Producer, Ryouki Kamitsubo
Episode Director & Storyboard","Sakae Esuno : Original Creator, Nobuharu Kamanaka : Director, Evan Call : Music, Chika Kojima : Character Design, Atsushi Itou : Producer, Ryouki Kamitsubo : Episode Director & Storyboard"
Usakame Special,,DVD S,,Millepensee,,"Comedy, Shounen, School Life, Based on a Manga",2.86,2016.0,,No synopsis yet - check back soon!,,Usakame,Usakame,"Kinako Tanaka : Yuki Nakashima, Miyako Baba : Eri Sogabe, Tasuku Furubira : Kanon Takao, Roots
Original Creator",Roots : Original Creator
"Watashitachi, Luck Logic Bu!", We're Luck & Logic Club!,TV   ,12.0,Doga Kobo,Winter,"Comedy, Card Battles, Promotional, Short Episodes, Based on a Card Game",2.86,2016.0,,It features high school girls who enjoy the Luck & Logic TCG.,,,"Luck & Logic, Watashitachi, Luck Logic Bu! 2, Hina Logi: From Luck & Logic","Ado Suginanoka : Yuka Ozaki, Ronri Fukai : Eriko Matsui, Unne Sonosaki : Rimi Nishimoto, Endou : Marie Miyake, Yuya Takahashi
Original Concept & Series Composition, Takashi Naoya
Director, Tatsuya Katou
Music, Katsuhiro Kumagai
Character Design","Yuya Takahashi : Original Concept & Series Composition, Takashi Naoya : Director, Tatsuya Katou : Music, Katsuhiro Kumagai : Character Design"
Divine Gate,,TV   ,12.0,Pierrot,Winter,"Action, Fantasy, Superpowers, Based on a Mobile Game",2.85,2016.0,,"After the Divine Gate opened, our world and the worlds beyond became connected, bringing an era of chaos. To restore order, the World Council was formed and theDivine Gate fell into legend. Now, a select few have gathered to attempt to reach the Gate and remake the world. But what will they find when they open the door?",,,,"Akane : Tetsuya Kakihara, Aoto : Soma Saito, Ginji : Hiroyuki Yoshino, Hikari : Ayana Taketatsu, Metabon : Yuuri Yoshida, Midori : Kanae Itou, Yukari : Sora Amamiya, Ariton : Natsuki Hanae, Noriyuki Abe
Director, Takumi Ozawa
Music, Cindy H. Yamauchi
Character Design, Ichirou Uno
Character Design, Ryousuke Hagiwara
Producer, Takumi Kohama
Producer, Motohiro Oda
Producer, Shuuichi Fujimura
Producer","Noriyuki Abe : Director, Takumi Ozawa : Music, Cindy H. Yamauchi : Character Design, Ichirou Uno : Character Design, Ryousuke Hagiwara : Producer, Takumi Kohama : Producer, Motohiro Oda : Producer, Shuuichi Fujimura : Producer"
Irodorimidori: Moushin Soloist Life!,,Music,,,,"Idols, Music",2.85,2016.0,,No synopsis yet - check back soon!,,,"Irodorimidori: Change Our Mirai!, Irodorimidori: Muteki We Are One!!, Irodorimidori: Heart Beat, Irodorimidori: My Dearest Song, Irodorimidori: Dokidoki Dream!!!, Irodorimidori: Brilliant Better, Irodorimidori: Session High⤴, Irodorimidori: Spicy Swingy Style, Irodorimidori: Trust, Irodorimidori: Watashi no Naka no Gensou-teki Sekaikan Oyobi Sono Kengen wo Souki Saseta Aru Genjitsu de no Dekigot, Irodorimidori: Detarame Rock & Roll Theory, Irodorimidori: Neko Matsuri, Irodorimidori: Bang Babang Bang!!!, Irodorimidori: Tic Tac DREAMIN’, Irodorimidori: Fortissimo Bell, Irodorimidori: Sousha wa Tada Senaka to Teikin de Kataru Nomi, Irodorimidori: Still, Irodorimidori: Irotoridori no Melody, Irodorimidori: Prism, Irodorimidori: Outsider Requiem, Irodorimidori: Polka Dot, Irodorimidori: Very! Merry!! Session!!!, Irodorimidori: Crescendo Story, Irodorimidori: Change Our Mirai! (Our 7 Lights), Irodorimidori: Ok? Alright!, Irodorimidori: Black'n White JAMMIN' CATS, Irodorimidori: Light Speed Days, Irodorimidori: Fire Me Up, Irodorimidori: Sayonara Freeway, Irodorimidori: Ever Green Never End, Irodorimidori: Issei Kiyuukyoku - Divertimento, Irodorimidori: Agitation!, Irodorimidori: Shout Our Evidence!, Irodorimidori: ""Star""t, Irodorimidori: Tanitsu Shikousei Overbloom, Irodorimidori: Minna e wo Check!",Nachi Tsukisuzu : Ayaka Imamura,
Marron Ball,,Other,,Furifurisoshiki,,"Abstract, Shorts",2.84,2016.0,,No synopsis yet - check back soon!,,,,"Soshiki Hakase
Director",Soshiki Hakase : Director
Hatsune Miku: Hiyashite Narasou Okashi no Ii Oto,,Other,,,,Promotional,2.84,2016.0,,No synopsis yet - check back soon!,,,,Miku Hatsune,
Yamaki x Taka no Tsume: Fuwatto Fuwatto Daisakusen Prologue, Yamaki x Eagle Talon: Fuwatto Fuwatto Daisakusen Prologue,Web  ,1.0,DLE,,"Comedy, Crossover, Food and Beverage, Promotional, Shorts, Flash Animation",2.84,2016.0,,No synopsis yet - check back soon!,,,"Yamaki x Taka no Tsume: Katsuobushi Kezutte Kezutte Daisakusen, Yamaki x Taka no Tsume: Yoshida Kantoku CM, Yamaki x Taka no Tsume: Fuwatto Fuwatto Daisakusen, Yamaki x Taka no Tsume Daisakusen Prologue, Yamaki x Taka no Tsume Daisakusen","Soutou, Yamaki, Yoshida, Creepy Kid, Doctor Leonardo, Phillip",
Yamaki x Taka no Tsume: Fuwatto Fuwatto Daisakusen, Yamaki x Eagle Talon: Fuwatto Fuwatto Daisakusen,Web  ,3.0,DLE,,"Cooking, Crossover, Food and Beverage, Promotional, Short Episodes, Flash Animation",2.84,2016.0,,No synopsis yet - check back soon!,,,"Yamaki x Taka no Tsume: Katsuobushi Kezutte Kezutte Daisakusen, Yamaki x Taka no Tsume: Yoshida Kantoku CM, Yamaki x Taka no Tsume: Fuwatto Fuwatto Daisakusen Prologue, Yamaki x Taka no Tsume Daisakusen Prologue, Yamaki x Taka no Tsume Daisakusen","Yamaki, Yoshida",
Kaijuu Girls, Kaijuu Girls: Ultra Kaijuu Gijinka Keikaku,Web  ,12.0,Studio Puyukai,Fall ,"Comedy, Fantasy, Chibi, Monster Girls, Parody, Short Episodes, Original Work",2.84,2016.0,,"Humanity's battle of many years with the kaijuu, giant monsters, has finally come to an end. Now that Earth has entered an age of peace, girls with the souls of kaijuu have begun to appear, giving them the ability to transform into kaiju. They are known as the Kaijuu Girls, and this is the powerful, transient, beautiful, and at times easygoing story of the strange fate these girls bear.",,"Ultra Kaiju Humanization Project, Ultra Kaiju Humanization Project: Hajimari​ no Monogatari (Light Novel)","Kaijuu Girls 2nd Season, Kaijuu Girls (Black)","Agira : Riho Iida, Miclas : Aina Suzuki, Windom : Yurika Endou, Pigmon : Sora Tokui, Red King : Hiromi Igarashi, Zetton : Emiri Katou, Eleking : Megumi Han, Gomora : Ayaka Suwa, Minoru Ashina
Director, Yasuharu Takanashi
Music","Minoru Ashina : Director, Yasuharu Takanashi : Music"
The Hotpantz: Beachside Lover,,Music,,,,Ocean,2.83,2016.0,,No synopsis yet - check back soon!,,,,"The Hotpantz
Music",The Hotpantz : Music
Bloodivores,,TV   ,12.0,Creators in Pack,Fall ,"Action, Monsters, Prison, Supernatural, Vampires, Based on a Manga, Violence",2.83,2016.0,,"60 years ago, a strange case of insomnia struck the population, forcing them to stay awake for more than a full week. The victims, completely sleep deprived, all went mad. To cure this illness, a new medicine was produced, but the side effects turned the patients into vampires. Humanity went to war against this new species and triumphed, but some of the vampires managed to survive. Born from a Human and a Vampire, the main character Mi Liu, “The Child of Hope”, is to represent the new hope that will connect the two species. Ringleader of a bank robbery, Mi Liu is arrested and transferred to a special prison of the National Defense Agency that monitors Vampires. Trying to break free with Anji, Mi Liu is attacked by strange monsters and he finds out that the prison location corresponds to the birthplace of Vampires, the old capital “Blue Town."" Why are Vampires trapped in Blue Town? What are those strange monsters attacking them? Our heroes must fight to solve those mysteries.",Violence,Bloodivores,,"Anji Zou : Eri Kitamura, Chao Win : Shohei Yamaguchi, Fong Chen : Mitsuhiro Ichiki, Liu Mi : Kenji Akabane, Ifen Cho : Natsue Sasamoto, Lee Shin : Takuya Satou, Lou Yao : Shou Hayami, Tenju Mi : Hiroki Touchi, Bai Xiao
Original Creator, Masashi Nakamura
Director, Isao
Music, Yoshimi Umino
Art Director","Bai Xiao : Original Creator, Masashi Nakamura : Director, Isao : Music, Yoshimi Umino : Art Director"
Your Gay Thoughts: To Disappear,,Music,,,,,2.82,2016.0,,No synopsis yet - check back soon!,,,,"Densuke28
Director, Your Gay Thoughts
Music","Densuke28 : Director, Your Gay Thoughts : Music"
KochinPa! Dainiki,,TV   ,24.0,Winter 2017,,"Comedy, Idols, Short Episodes, CG Animation",2.82,2016.0,2017.0,The second season of KochinPa!,,,"KochinPa!, Devidol!","Aira : Pile, Hana : Kana Hanazawa, Shima : Yuka Iguchi, Souta Sugahara
Director",Souta Sugahara : Director
Octopus' Inconvenience,,Web  ,1.0,,,"Comedy, Animal Protagonists, Family Friendly, Non-Human Protagonists",2.82,2016.0,,No synopsis yet - check back soon!,,,,"Octopus, Uruma Delvi
Director",Uruma Delvi : Director
Cerberus, Seisen Cerberus: Ryuukoku no Fatalite,TV   ,13.0,Bridge,Spring,"Action, Adventure, Fantasy, Magic, Revenge, RPG, Based on a Mobile Game",2.82,2016.0,,"Sword and magic rule in the continent of Kuna'ahn. Also residing there is the feared ""Evil Dragon"" Daganzord, an unstoppable force that leaves nothing but scorched land and destruction wherever he goes. Hiiro's parents, Bairo and Kismitete, joined other sorcerers in a magic ritual ten years ago in an attempt to seal Daganzord, but failed when someone interfered. After being rescued by Giruu, young Hiiro set out to learn swordsmanship so that he could avenge his parents...",,,,"Hiiro : Yoshitsugu Matsuoka, Saraato : M.A.O., Dagan Zot, Erin : Maaya Uchida, Giruu : Taiten Kusunoki, Nambuuko : Shunsuke Sakuya, Palupa : Youji Ueda, Sharisharuu : Mariya Ise, Nobuhiro Kondou
Director, Hideakira Kimura
Music, Nobuaki Nobusawa
Music, Gou Toutsuki
Character Design, Masahiro Sugasawa
Producer, Masashi Sogo
Screenplay, Yoshio Usuda
Animation Director","Nobuhiro Kondou : Director, Hideakira Kimura : Music, Nobuaki Nobusawa : Music, Gou Toutsuki : Character Design, Masahiro Sugasawa : Producer, Masashi Sogo : Screenplay, Yoshio Usuda : Animation Director"
Ange Vierge,,TV   ,12.0,CONNECT,Summer,"Action, Ecchi, Fantasy, Magic, Magic School, School Life, Based on a Card Game",2.81,2016.0,,"One day, out of the blue, the five worlds were linked together. Our blue world, Earth. The black world, ruled by night and magic, Darknes Embrace. The red world, protected by prayer and by the gods: Tera Rubily Aurora. The white world, managed by science and computers: System White Egma. The green world, governed by weapons and armies: Glynnesert. Meanwhile, in each of the worlds, there was an emergence of girls possessing special ""Exceed"" abilities. The girls would come to be known as the Progress. There, the girls would meet. The world is on the verge of doom. Only the Progress can save it.",,Ange Vierge: Linkage,,"Almaria : Yumi Hara, Amane Ayashiro : Yukari Tamura, Code Ω77 Stella : Rika Tachibana, Elel : Aki Toyosaki, Nya Lapucea : Sarah Emi Bridcutt, Saya Sougetsu : Minako Kotobuki, Ageha Sanagi : Sumire Uesaka, Aoi Mikage : Shizuka Itou, Akio Watanabe
Original Character Design, Masafumi Tamura
Director & Character Design, Takatsugu Wakabayashi
Music, Jun Fukuda
Producer, Shunsuke Matsumura
Producer, Joutarou Ishigami
Producer, Junichirou Tamura
Producer, Tetsuya Hototsuka
Producer","Akio Watanabe : Original Character Design, Masafumi Tamura : Director & Character Design, Takatsugu Wakabayashi : Music, Jun Fukuda : Producer, Shunsuke Matsumura : Producer, Joutarou Ishigami : Producer, Junichirou Tamura : Producer, Tetsuya Hototsuka : Producer"
Miss Bernard said., Bernard Jou Iwaku.,TV   ,12.0,Creators in Pack,Fall ,"Comedy, Gag, Library, Short Episodes, Based on a Manga",2.81,2016.0,,"""Miss Bernard"" herself, Machida Sawako, and her book-loving friends live their literary days in the library. This gag series glorifying famous literature is filled with love for books of all sorts, as well as the kinds of things that all readers experience!",,Bernard-jou Iwaku.,Miss Bernard said. Special,"Endou : Mitsuhiro Ichiki, Sawako Machida : Eri Kitamura, Shiori Kanbayashi : Mikako Komatsu, Sumika Hasegawa : Aya Suzaki, Yuuki Shikawa
Original Creator, Hisayoshi Hirasawa
Director, Yoshikazu Maeda
Music, Seiji Hotta
Music","Yuuki Shikawa : Original Creator, Hisayoshi Hirasawa : Director, Yoshikazu Maeda : Music, Seiji Hotta : Music"
Shirai Kurako: Ebi Fry,,Music,,,,"Chibi, Food and Beverage, Vocaloid",2.81,2016.0,,Yuzuki Yukari loves her fried shrimp. Ebi... ebi... ebi fry!,,,,"Yukari Yuzuki, Kurako Shirai
Producer",Kurako Shirai : Producer
Yakan Gakkou no Ura-sensei,,Web  ,1.0,,,"Ghosts, Promotional, Shorts, Supernatural, Based on a Manga",2.79,2016.0,,No synopsis yet - check back soon!,,Yakan Gakkou no Ura-sensei,,,
Mahou Shoujo Nante Mouiidesukara.,,TV   ,12.0,Pine Jam,Winter,"Comedy, Fantasy, Magical Girl, Shounen, Henshin Heroes, Magic, Short Episodes, Based on a Manga",2.79,2016.0,,"Yuzuka Hanami is an average girl, with a few friends until one day she finds a strange creature named Miton digging through the garbage. Miton suspiciously tells Yuzuka that she has the makings of a magical girl. However, much to her dismay, when she transforms, Yuzuka is wearing a bathing suit.",,Mahou Shoujo Nante Mouiidesukara.,Mahou Shoujo Nante Mouiidesukara. Second Season,"Miton : Yuuki Wakai, Yuzuka Hanami : Akane Fujita, Chiya Sakagami : Nichika Omori, Daiya : Minami Tanaka, Mafuyu Shinoki : Miku Itou, Miyoko Hanami : Chiwa Saitou, Pochi : Asuka Nishi, Yuzuka'S Father : Junichi Suwabe, Sui Futami
Original Creator, Kazuhiro Yoneda
Director, Masato Nakayama
Music, Kazuaki Shimada
Character Design, Hiroshi Gotou
Producer","Sui Futami : Original Creator, Kazuhiro Yoneda : Director, Masato Nakayama : Music, Kazuaki Shimada : Character Design, Hiroshi Gotou : Producer"
Irodorimidori: Muteki We Are One!!,,Music,,,,"Chibi, Idols, Music",2.78,2016.0,,No synopsis yet - check back soon!,,,"Irodorimidori: Change Our Mirai!, Irodorimidori: Moushin Soloist Life!, Irodorimidori: Heart Beat, Irodorimidori: My Dearest Song, Irodorimidori: Dokidoki Dream!!!, Irodorimidori: Brilliant Better, Irodorimidori: Session High⤴, Irodorimidori: Spicy Swingy Style, Irodorimidori: Trust, Irodorimidori: Watashi no Naka no Gensou-teki Sekaikan Oyobi Sono Kengen wo Souki Saseta Aru Genjitsu de no Dekigot, Irodorimidori: Detarame Rock & Roll Theory, Irodorimidori: Neko Matsuri, Irodorimidori: Bang Babang Bang!!!, Irodorimidori: Tic Tac DREAMIN’, Irodorimidori: Fortissimo Bell, Irodorimidori: Sousha wa Tada Senaka to Teikin de Kataru Nomi, Irodorimidori: Still, Irodorimidori: Irotoridori no Melody, Irodorimidori: Prism, Irodorimidori: Outsider Requiem, Irodorimidori: Polka Dot, Irodorimidori: Very! Merry!! Session!!!, Irodorimidori: Crescendo Story, Irodorimidori: Change Our Mirai! (Our 7 Lights), Irodorimidori: Ok? Alright!, Irodorimidori: Black'n White JAMMIN' CATS, Irodorimidori: Light Speed Days, Irodorimidori: Fire Me Up, Irodorimidori: Sayonara Freeway, Irodorimidori: Ever Green Never End, Irodorimidori: Issei Kiyuukyoku - Divertimento, Irodorimidori: Agitation!, Irodorimidori: Shout Our Evidence!, Irodorimidori: ""Star""t, Irodorimidori: Tanitsu Shikousei Overbloom, Irodorimidori: Minna e wo Check!","Arishiana Agata : Ayaka Fukuhara, Nagi Kobotoke : Kaoru Sakura, Naru Hakobe : M.A.O., Serina Akesaka : Emi Nitta, Nazuna Tennouzu : Ayano Yamamoto",
Flying Witch Petit,,Web  ,9.0,Domerica,Winter,"Comedy, Shounen, Slice of Life, Chibi, Short Episodes, Based on a Manga, CG Animation",2.78,2016.0,,No synopsis yet - check back soon!,,"Flying Witch (Pilot), Flying Witch","Flying Witch, Flying Witch Petit Special","Makoto Kowata : Minami Shinoda, Akane Kowata : Kana Aoi, Chinatsu Kuramoto : Eri Suzuki, Chito : Ai Kayano, Chikai Ishioka
Original Creator",Chikai Ishioka : Original Creator
Nurse Witch Komugi R, Nurse Witch Komugi-chan R,TV   ,12.0,Tatsunoko Production,Winter,"Comedy, Magical Girl, Henshin Heroes, Idols, Magic, Parody",2.78,2016.0,,"Komugi Yoshida is an energetic but clumsy middle-school student who performs as an idol. Although her popularity is lacking, Komugi lives a dual life between her two worlds, until a mysterious creature named Usa-P appears before Komugi and grants her the powers of a Legendary Girl. Now Komugi has reluctantly become Magical Nurse, and must add a third life of fighting monsters to her already crowded lifestyle.",,,"SoulTaker, Nurse Witch Komugi, Nurse Witch Komugi-chan Special, Nurse Witch Komugi Z, Nurse Witch Komugi Z Special","Kokona Saionji : Erii Yamazaki, Komugi Yoshida : Kei Tomoe, Tsukasa Kisaragi : Makoto Koichi, Ai Mitaka : Shizuka Itou, Koharu Yoshida : Haruko Momoi, Kotarou Yoshida : Minami Kabayama, Maki : Madoka Asahina, Miki : Meemu Tachibana, Akio Watanabe
Original Character Design, Keiichirou Kawaguchi
Director, Kousuke Yamashita
Music, Takao Sano
Character Design, Henry Thurlow
2Nd Key Animator","Akio Watanabe : Original Character Design, Keiichirou Kawaguchi : Director, Kousuke Yamashita : Music, Takao Sano : Character Design, Henry Thurlow : 2Nd Key Animator"
Kawawawawawada,,Other,,,,Shorts,2.77,2016.0,,No synopsis yet - check back soon!,,,,"Ryou Inoue
Director",Ryou Inoue : Director
Zekkyou Gakkyuu: Tensei,,Other,,,,"Horror, Shoujo, Short Episodes, Supernatural, Based on a Manga",2.76,2016.0,,"The anime will tell the ""Kakurenbo Oni"" (Hide-And-Seek Ogre) story from the manga.",,"Zekkyou Gakkyuu, Zekkyou Gakkyuu: Tensei",Zekkyou Gakkyuu,"Emi Ishikawa
Original Creator",Emi Ishikawa : Original Creator
Tonari no Onigiri-kun,,Other,,Studio Ghibli,,"Commercials, Food and Beverage, Promotional, Short Episodes",2.76,2016.0,,No synopsis yet - check back soon!,,,,"Katsuya Kondou
Director",Katsuya Kondou : Director
"The Anthem of the Heart x Sony Hi-Res ""Walkman"" and Headphone"," Kokoro ga Sakebitagatterunda. x Sony Hi-Res ""Walkman"" and Headphone",Other,,,,"Commercials, Promotional",2.76,2016.0,,No synopsis yet - check back soon!,,,The Anthem of the Heart,"Jun Naruse, Natsuki Nitou, Takumi Sakagami",
Pastel Kazoku,,Web  ,1.0,,,Promotional,2.76,2016.0,,No synopsis yet - check back soon!,,Pastel Kazoku,,,
Megane Super x Taka no Tsume: Eye Care Ondo, Megane Super x Eagle Talon: Eye Care Ondo,Music,,DLE,,"Commercials, Dancing, Promotional, Flash Animation",2.74,2016.0,,No synopsis yet - check back soon!,,,"Megane Super x Taka no Tsume (2015), Megane Super x Taka no Tsume: Yoshida Tenin no Hibi, Megane Super x Taka no Tsume (2016), Megane Super x Taka no Tsume (2017)",Yoshida,
Active Raid, Active Raid: Kidou Kyoushuushitsu Dai Hakkei,TV   ,12.0,Production IMS,Winter,"Action, Sci Fi, Police, Original Work",2.73,2016.0,,"Set in a futuristic Tokyo, Active Raid tells the story of “The Eighth,” a rash and careless unit of power-armored police called the “5th Special Public Security Section’s Mobile Assault Division.” After the Third Quicksand Disaster sinks Tokyo into a quagmire, the city's reconstruction efforts are carried out using high-output, reinforced exoskeletons called Willwears. But they can also be misused, and to combat the rising number of crimes involving them, the National Police Agency establishes at its Kichioji Branch the Special Public Security Fifth Division Third Mobile Assault Eighth Unit, AKA Unit 8.",,Active Raid: Kidou Kyoushuushitsu Dai Hachigakari,Active Raid Second,"Asami Kazari : Ari Ozawa, Souichirou Sena : Takahiro Sakurai, Takeru Kuroki : Nobunaga Shimazaki, Haruka Hoshimiya : Shizuka Ishigami, Kyokai : Kohsuke Toriumi, Liko : Tomoyo Kurosawa, Madoka Amano : Saori Oonishi, Rin Yamabuki : Masayo Kurata, Gorou Taniguchi
Chief Director & Storyboard, Noriaki Akitaya
Director, Kotaro Nakagawa
Music, Asako Nishida
Character Design, Shigemi Ikeda
Art Director, Yukiko Maruyama
Art Director, Kanta Suzuki
Mechanical Design, Akira Takeuchi
Animation Director","Gorou Taniguchi : Chief Director & Storyboard, Noriaki Akitaya : Director, Kotaro Nakagawa : Music, Asako Nishida : Character Design, Shigemi Ikeda : Art Director, Yukiko Maruyama : Art Director, Kanta Suzuki : Mechanical Design, Akira Takeuchi : Animation Director"
Regalia: The Three Sacred Stars,,TV   ,13.0,Actas,Summer,"Action, Mecha, Sci Fi, Original Work",2.72,2016.0,,"In the country of Rimguard a mysterious event shook the country and its people just twelve years prior. As time passed, memory of the incident began to fade while peace reigned over the land. Sisters Yui and Rena live a quiet life in the Enastria Empire until a large mecha suddenly attacks their peaceful home, changing everything. The girls become caught in a vortex of destiny and godly revival.",,,Regalia: The Three Sacred Stars Recaps,"Ingrid Tiesto : Asami Seto, Kei Tiesto : Nao Touyama, Rena Asteria : Ayane Sakura, Sarah Kleis : Yurika Kubo, Tia Kleis : Yui Ogura, Yuinshel Asteria : Kaede Hondo, Abel Lundestad :  Atsushi Ono, Aoi Konoe : Azumi Asakura, Shin Tosaka
Director, Ryou Takahashi
Music, Kimitake Nishio
Character Design, Yoshikazu Iwanami
Sound Director, Kanta Suzuki
Mechanical Design, Hiroshi Kawamura
Producer, Tetsuya Tsuchihashi
Producer, Takema Okamura
Producer","Shin Tosaka : Director, Ryou Takahashi : Music, Kimitake Nishio : Character Design, Yoshikazu Iwanami : Sound Director, Kanta Suzuki : Mechanical Design, Hiroshi Kawamura : Producer, Tetsuya Tsuchihashi : Producer, Takema Okamura : Producer"
First Love Monster, Hatsukoi Monster,TV   ,12.0,Studio DEEN,Summer,"Comedy, Romance, Shoujo, Age Gap, Boarding House, Fetish, Neighbors, School Life, Based on a Manga",2.71,2016.0,,"High schooler Kaho Nikaido is having trouble adjusting to her new life in Tokyo. It doesn’t get any easier when she is nearly hit by a truck and saved by the handsome Kanade Takahashi! Infatuated with Kanade, she works up the courage to confess. But he warns that if Kaho learns who he is, she won’t want him. What could possibly keep her from this stud? Maybe the fact that he’s…a fifth grader?!",,First Love Monster,First Love Monster OVA,"Kaho Nikaidou : Yui Horie, Kanade Takahashi : Takahiro Sakurai, Arashi Nagasawa : Kenjirou Tsuda, Atsushi Taga : Kaito Ishikawa, Chiaki Yokouchi : Mizuki Wai, Ginjirou Sannomiya : Tomokazu Sugita, Kazuo Noguchi : Ayumu Murase, Kouta Shinohara : Nobuhiko Okamoto, Akira Hiyoshimaru
Original Creator, Takayuki Inagaki
Director, Gou Sakabe
Music, Mariko Oka
Character Design, Masakazu Miyake
Art Director, Youhei Itou
Producer, Renta Suzuki
Producer, Rie Matsubara
Editor","Akira Hiyoshimaru : Original Creator, Takayuki Inagaki : Director, Gou Sakabe : Music, Mariko Oka : Character Design, Masakazu Miyake : Art Director, Youhei Itou : Producer, Renta Suzuki : Producer, Rie Matsubara : Editor"
Endride,,TV   ,24.0,Brain's Base,Spring,"Action, Adventure, Fantasy, Person in a Strange World, Revenge, Original Work",2.71,2016.0,,"Beneath the earth’s surface lies the unknown world, Endra. After touching a mysterious crystal, Shun Asanaga finds himself in this new land and his only way home lies with helping the vengeful Prince Emilio. Recently imprisoned, Emilio vows to take back his rightful throne from King Delzaine.",,,,"Emilio Langheim : Toshiki Masuda, Shun Asanaga : Kensho Ono, Alicia : Karen Miyama, Delzaine : Akio Ootsuka, Demetrio : Hiroki Takahashi, Eljuia : Kohsuke Toriumi, Felix : Yuuma Uchida, Gidro : Tomoaki Maeno, Keiji Gotou
Director, Touko Machida
Screenplay & Series Composition, Kouhei Tanaka
Music","Keiji Gotou : Director, Touko Machida : Screenplay & Series Composition, Kouhei Tanaka : Music"
Usakame,,TV   ,12.0,Millepensee,Spring,"Comedy, Shounen, Sports, Gag, School Club, School Life, Short Episodes, Tennis, Based on a Manga",2.71,2016.0,,"Each of the four girls of Usakame High School tennis club: Kinako Tanaka, Ayako Suzuki, Kurumi Sato, and Nishi Nishiaraidaishi, has their own dreams and goals to pursue. Their daily lives at the tennis club are always exciting and never boring.",,"Teekyuu, Usakame","Teekyuu, Teekyuu 2, Teekyuu 3, Teekyuu 2 Specials, Teekyuu 3 Specials, Teekyuu 4, Takamiya Nasuno desu!, Teekyuu 5, Teekyuu 4 Specials, Teekyuu 6, Teekyuu 5 Specials, Teekyuu 7, Teekyuu 6 Specials, Teekyuu 7 Specials, Usakame Special, Teekyuu 8, Teekyuu 8 Specials, Teekyuu 9","Ayako Suzuki : Izumi Araida, Kinako Tanaka : Yuki Nakashima, Kurumi Sato : Hikaru Koide, Nishi Nishiaraidaishi : Maria Tanijiri, Hoheto Irohani : Arisa Aihara, Kanae Shinjo : Suzuko Mimori, Kurumi'S Father, Marimo Bandou : Kana Hanazawa, Roots
Original Creator, Shin Itagaki
Director & Chief Animation Director & Series Composition & Sound Director, Hiroshi Gotou
Producer","Roots : Original Creator, Shin Itagaki : Director & Chief Animation Director & Series Composition & Sound Director, Hiroshi Gotou : Producer"
Ken to Mahou no Logres: Inishie no Megami x Fate/Extella,,Other,,SHAFT,,"Commercials, Promotional, Based on a Mobile Game",2.71,2016.0,,No synopsis yet - check back soon!,,,Fate/Extra Last Encore,"Saber : Sakura Tange, Masaaki Takiyama
Character Design",Masaaki Takiyama : Character Design
Suicide Squad x Taka no Tsume, Suicide Squad x Eagle Talon,Web  ,2.0,DLE,,"Sports, Baseball, Crossover, Parody, Short Episodes, Superheroes, Flash Animation",2.71,2016.0,,"With a few players short on their baseball team, Principal Amanda Waller knows just who to call in as replacements: the Suicide Squad!",,,,"Soutou, Yoshida, Amanda Waller, Deadshot, El Diablo, Enchantress, Harley Quinn, The Joker",
Desert Knight, Sabaku no Kishi,Other,,GAINAX,,"Action, Desert, Middle Eastern, No Dialogue, Shorts, Original Work",2.71,2016.0,,A movie featuring the Japanese anime style that takes place in the Arabian Peninsula and concerns an ambitious young man who decides to challenge the tyranny and the rule of the law of the jungle and bandits to build a world filled with peace and love.,,,,,
RS Keikaku: Rebirth Storage,,TV Sp,,,,"Mecha, Sci Fi, Original Work",2.7,2016.0,,"In a parallel world that resembles modern Japan, alien lifeforms known as ""Muttsu"" (Trick) fell from the sky in 2025 and wiped out many cities. Nine years later, pilot Yuzuru Midou, and her assistant, Rin Sagami, use a mecha made out of an enemy's remains discovered in Japan. However, battle causes memory loss for the pilot, and they must unravel the mystery as to why.",,,,"Rin Sagami : Kouki Uchiyama, Yuzuru Midou : Sumire Uesaka, Jouji Muguruma : Satoshi Hino, Yuki Mishima : Mai Nakahara, Kaori Shimizu : Ayane Sakura, Yuuichirou Sawatari : Takanori Hoshino, Osamu Kamei
Director, Tsubasa Masao
Character Design, Taku Matsuo
Producer","Osamu Kamei : Director, Tsubasa Masao : Character Design, Taku Matsuo : Producer"
Shirome-chan no Uta,,Music,,TMS Entertainment,,,2.69,2016.0,,No synopsis yet - check back soon!,,,,,
Time Bokan 24,,TV   ,24.0,Tatsunoko Production,Fall ,"Adventure, Comedy, Mecha, Sci Fi, Episodic, Family Friendly, Historical, Parody, Time Travel, Original Work",2.68,2016.0,2017.0,"The history in our textbooks are all wrong?! In the 24th century, humankind accomplished the invention of a time machine, “Time Bokan”. As they discover the truth about history, they realize that the history written in their textbooks are all wrong! To correct their knowledge of history, the government developed an organization called JKK. Our hero Tokio is recruited by Karen, a girl from the future to join the JKK. Together they travel through time to discover the true history, along with fighting the “Akudarma” a villainous group whose goal is to prevent the discovery of the truth!",,,"Time Bokan, Time Bokan: Royal Revival, Moso Calibration: Gekiyaba Bokkan!!, Time Bokan: The Villains' Strike Back","Calen : Akari Kitou, Tokio : Akihisa Wakayama, Bimajo : Eri Kitamura, Commander : Ryuunosuke Watanuki, Oyadama : Hori, Peralino : Takeshi Maeda, Picobo : Rikako Aikawa, Suzukky : Kenta Miyake, Takayuki Inagaki
Director",Takayuki Inagaki : Director
Ani Tore!! XX, Anime De Training! XX,TV   ,12.0,Rising Force,Fall ,"Slice of Life, Chibi, Educational, Idols, POV, Short Episodes, Original Work",2.67,2016.0,,"That burning TV anime, “Ani Tore! EX” is coming back even more powered up as “Ani Tore! XX!” There’ll be even more training techniques than last season! The new character, Idemi Sakura-chan, who’s selfish and lonely appears!",,,"Ani Tore! EX, Ani Tore!! XX Specials","Akiko Tachibana : Maria Naganawa, Asami Hoshi : Miku Itou, Eri Higuchi : Azumi Waki, Shizuno Saotome : Miyu Komaki, Yuu Hiraoka : Kanon Takao, Sakura Deumi : Eri Suzuki, Andalucia : Eri Sogabe, Atsushi Nigorikawa
Director, Yashikin
Music, Shuuhei Yamamoto
Character Design, Hiroshi Gotou
Producer, Shuuichi Suzuki
Producer, Vivian Hu
Producer","Atsushi Nigorikawa : Director, Yashikin : Music, Shuuhei Yamamoto : Character Design, Hiroshi Gotou : Producer, Shuuichi Suzuki : Producer, Vivian Hu : Producer"
Chiryokumaru,,Web  ,1.0,Studio 4°C,,"Action, Sci Fi, Promotional, Shorts, Original Work",2.66,2016.0,,"The short centers on a mysterious boy who fights creatures called ""Unknowns"" born from people's fear and uncertainty over what they don't know. He fights them with the help of an energy charger in his back, but runs out of energy at a critical moment. But remembering the kanji allows him to recharge and defeat the Unknowns.",,,,"Warrior, Takahiro Tanaka
Director & Animation Director & Character Design & Episode Director & Key Animator",Takahiro Tanaka : Director & Animation Director & Character Design & Episode Director & Key Animator
Bikini Warriors OVA,,OVA  ,3.0,feel.,,"Comedy, Ecchi, Fantasy, Parody, RPG, Short Episodes, Explicit Sex",2.65,2016.0,2017.0,No synopsis yet - check back soon!,Explicit Sex,,"Bikini Warriors, Bikini Warriors Special, Bikini Warriors OVA 2","Cleric : Aimi Tanaka, Hunter : Manami Numakura, Kunoichi : Yumi Hara, Valkyrie : Shizuka Itou, Dark Elf : Chiaki Takahashi, Fighter : Youko Hikasa, Mage : Ai Kakuma, Paladin : Kana Ueda, Naoyuki Kuzuya
Director, Tsuyoshi Tamai
Series Composition, Miyabi Kanata
Music, Kousuke Murayama
Character Design & Chief Animation Director, Hiroaki Tsunoda
Producer, Kenji Ebato
Producer, Ryuuji Kasamatsu
Producer","Naoyuki Kuzuya : Director, Tsuyoshi Tamai : Series Composition, Miyabi Kanata : Music, Kousuke Murayama : Character Design & Chief Animation Director, Hiroaki Tsunoda : Producer, Kenji Ebato : Producer, Ryuuji Kasamatsu : Producer"
Soul Buster,,TV   ,12.0,Pierrot,Fall ,"Action, Fantasy, Shounen, Card Battles, Romance of the Three Kingdoms, School Life, Based on a Manga",2.65,2016.0,,"Keishuu, China. The history books say that in the era of the Three Kingdoms, this land was a place of never-ending war. A young high school boy, Sonshin, who hates his city's history, is troubled by a certain dream. When he wakes up from the dream, strange things begin to happen one after another, and without understanding what's going on, he suddenly finds himself facing Gien, one of the generals from the Romance of the Three Kingdoms, who's trying to kill him! Just before Gien's blade strikes home, a mysterious beautiful woman appears in front of Sonshin. What trials await Sonshin?",,Soul Buster,,"Shin Son, Yu Zhou, Koubun Shizuno
Chief Director, Toshinori Watanabe
Director, Akiyuki Tateyama
Music, Tsutomu Miyazawa
Character Design, Osamu Shimizu
Producer, Wen Ci Ceng
Producer, Tian Sun
Producer, Jiao Fu
Producer","Koubun Shizuno : Chief Director, Toshinori Watanabe : Director, Akiyuki Tateyama : Music, Tsutomu Miyazawa : Character Design, Osamu Shimizu : Producer, Wen Ci Ceng : Producer, Tian Sun : Producer, Jiao Fu : Producer"
Hagane Orchestra,,TV   ,12.0,Fanworks,Fall ,"Comedy, Fantasy, Short Episodes, Based on a Mobile Game",2.63,2016.0,,"The people of this world live happily, despite its inhospitable landscapes. Kureha and the other members of the Defense Squad living in the Irodori Settlement spend their days here in meetings to figure out how to get more people to play ""Hagane Orchestra,"" the smartphone game they appear in. They'll do anything to promote their game! The inside story about the game? Its inner workings? Anything goes... be it friendship, determination, betrayal, or despair. A young man tells his story, along with the girls, his friends, and the Haganes. All work together as one, just like an orchestra...",,,,"Kako : Kaoru Mizuhara, Kureha : Erina Tsutsui, Masha : Azusa Satou, Nanaka : Eriko Matsui, Chris : Soma Saito, Den-Tan : Hiroo Sasaki, Hanzou : Katsuhiro Tokuishi, Kajika : Junya Enoki, Masahiko Oota
Director, Yasuhiro Misawa
Music, Takaharu Ookuma
Character Design","Masahiko Oota : Director, Yasuhiro Misawa : Music, Takaharu Ookuma : Character Design"
Pan de Peace!,,TV   ,13.0,Asahi Production,Spring,"Comedy, Food and Beverage, School Life, Short Episodes, Based on a 4-Koma Manga, Based on a Manga",2.61,2016.0,,"Minami is an air-headed girl who is starting high school and who loves eating bread for breakfast. Baked goods bring happiness everyday to her and her classmates —the reliable Yuu, the pastry-baking Fuyumi, and the independent Noa.",,Pan de Peace!,,"Fuyumi Fukagawa : Moe Toyota, Minami Tani : Ibuki Kido, Noa Sakura : Nichika Omori, Yuu Aizawa : Erii Yamazaki, Mai Kawai : Madoka Asahina, Ami Sakura : Natsuko Hara, Mana Kawi : Yu Shimamura, Minami'S Mother, Emily
Original Creator, Hatsuki Tsuji
Director, Takaaki Nakahashi
Music, Shizue Kaneko
Character Design, Haruka Kakuya
Producer, Shuuichi Suzuki
Producer, Rie Ukai
Producer, Tomio Yamauchi
Episode Director","Emily : Original Creator, Hatsuki Tsuji : Director, Takaaki Nakahashi : Music, Shizue Kaneko : Character Design, Haruka Kakuya : Producer, Shuuichi Suzuki : Producer, Rie Ukai : Producer, Tomio Yamauchi : Episode Director"
Ozmafia!!,,TV   ,12.0,Creators in Pack,Summer,"Shoujo, Chibi, School Life, Short Episodes, Based on an Otome Game, Based on a Visual Novel",2.61,2016.0,,"Fuuka is an amnesiac. As she wanders through the unfamiliar town, she realizes that she's being chased. It's one of the mafia families running the town -- the Oz family -- that saves her. In a town where friendship and fighting exist together, Fuuka must decide who's hand to accept. And then there's the question: why doesn't she remember anything?",,"Ozmafia!!, Ozmafia!! Presents Inbinaru Oscar World no Yakata",Ozmafia!! Special,"Axel : Atsushi Kakehashi, Caramia : Tarusuke Shingaki, Kyrie : Kazuyuki Okitsu, Scarlet : Mitsuhiro Ichiki, Caesar : Takuya Kirimoto, Alfani : Kazuya Yamaguchi, Ande : Yuki Uchiyama, Bercy : Kei Minegishi, Hisayoshi Hirasawa
Director, Kimiyoshi Maruyama
Music, Sonoka Kuroiwa
Character Design","Hisayoshi Hirasawa : Director, Kimiyoshi Maruyama : Music, Sonoka Kuroiwa : Character Design"
Zonmi-chan, Zonmi-chan: Meat Pie of the Dead,Other,,Neft Film,,"Comedy, Horror, Shorts, Supernatural, Zombies, CG Animation, Original Work",2.55,2016.0,,"A heartwarming splatter comedy about a zombie in love! Zonmi-chan is a clumsy, careless, but cute girl. Sometimes she takes a bite out of the guy she likes. Oh, that's right, Zonmi-chan is a zombie girl.",,,Zonmi-chan: Halloween Special Movie!,"Dai, Zonmi, Necro, Romeko, Tanato",
Idol Memories,,TV   ,12.0,Seven Arcs,Fall ,"Idols, Music, Tournaments, Virtual Reality, Original Work",2.52,2016.0,,"In the year 2035, virtual reality technology has evolved enough that people can experience world travel and other live event experiences from the comfort of their own home. In this space, idols perform live events for a worldwide audience. As worldwide popularity of idols performing in ""VR Rooms"" increased, the Kanon Private Academy was established on Beginning Island to train new idols. These idols compete and strive to reach the top of the ""World Idol League."" Vivi, Kokona, Sena, Miku, Nanami, and Yucho are all working hard to reach that goal.",,,,"Kokona Hayakawa : Kimura U, Miku Kajiwara : Mayu Sagara, Nanami Hoshi : Riko Kohara, Sena Hattori : Marika Hayase, Vivi Lin : Moe Toyota, Yucho La : Ruriko Aoki, Minami Yasukawa : Ayahi Takagaki, Minato Yasukawa : Seira Ryuu, Katsuya Kikuchi
Director, Suzuna Okuyama
Character Design, Yukihiro Itou
Producer, Tomo Shioda
Producer, Hideyuki Saida
Producer","Katsuya Kikuchi : Director, Suzuna Okuyama : Character Design, Yukihiro Itou : Producer, Tomo Shioda : Producer, Hideyuki Saida : Producer"
Naga Hamaraja,,Other,,,,Shorts,2.51,2016.0,,No synopsis yet - check back soon!,,,,"Husband, Wife, Ryou Inoue
Director",Ryou Inoue : Director
Cheating Craft,,TV   ,12.0,BLADE,Fall ,"Action, Comedy, School Life, Based on a Novel",2.51,2016.0,,"University Exams are one of the most influential factors in one`s early life. Depending on the results, a fantastic, high class, honorable life may await you. Or, on the other end of the spectrum, you may be left only leftovers. In this type of battlefield atmosphere, students are always doing their best to “evolve” and survive. “Learning Types” are students who have studied hard their whole lives and legitimately memorized everything they have studied, while “Cheating types” are those who, as the name suggests, only managed to climb the educational ladder by cheating. Though sometimes they must cooperate with each other, there is a great rivalry between the two types. How will the hero “Mumei”, a C Type, followed by the heroin “Koui” a L-Type, struggle in those tests. Now a new battle, one beyond imagination, is about to begin.",,"Cheating Craft (Novel), Cheating Craft",,"Koui Ou : Rie Kugimiya, Mumei Shokatsu : Tomohiro Yamaguchi, Anri : Youko Hikasa, Haku Ryuu : Reina Ueda, Jun : Junya Ikeda, Rinu Shu : Daisuke Namikawa, Ou-Sensei : Kotono Mitsuishi, Keitarou Motonaga
Director, Gou Sakabe
Music, Mai Matsuura
Character Design","Keitarou Motonaga : Director, Gou Sakabe : Music, Mai Matsuura : Character Design"
Sawako Kabuki: Natsu no Gero wa Fuyu no Sakana,,Music,,,,"Abstract, Nudity",2.45,2016.0,,No synopsis yet - check back soon!,Nudity,,,,
1/100 Rice Planting,,Web  ,1.0,TERADAMOKEI,,"Slice of Life, Agriculture, Countryside, Shorts, Stop Motion Animation",2.45,2016.0,,No synopsis yet - check back soon!,,,,"Tomohiro Okazaki
Director, Naoki Terada
Producer","Tomohiro Okazaki : Director, Naoki Terada : Producer"
Crane Game Girls Galaxy!, Bishoujo Yuugi Unit Crane Game Girls Galaxy,TV   ,12.0,Kyotoma,Fall ,"Comedy, Idols, Original Work",2.45,2016.0,,"Tokiko is summoned by Boss and learns that Dark Gorilla is coming to attack Earth again. A new crane game “Galaxy” has been completed to put up a fight against Dark Gorilla, and the three Crane Game Girls are on a mission to protect Earth once again. However, the enemy intelligence that shows up on their monitor is not about Dark Gorilla, but three girls—idols just like them.",,,Crane Game Girls,"Asuka : Sora Tokui, Hikaru : Aya Uchida, Kyouko : Rico Sasaki, Lumie : Mikoi Sasaki, Mirai : Natsuko Hara, Rei : Akari Kageyama, Saya : Sarara Yashima, Tokiko : Aina Suzuki, Tommy Hino
Director",Tommy Hino : Director
Wagamama High Spec,,TV   ,12.0,AXsiZ,Spring,"Comedy, Ecchi, School Life, Short Episodes, Based on an Eroge, Based on a Visual Novel",2.42,2016.0,,"Kouki Narumi is a high school student who also draws a manga serialized in a weekly magazine. Because the manga he draws is a risqué romantic comedy, he keeps this fact a secret from everyone around him, with his younger sister Toa and his best friend Mihiro being the only ones who know. But one day, as the student council president Kaoruko Rokuonji is searching for male members for the student council, she finds out that Kouki is the manga's author. Kouki joins the student council in exchange for Kaoruko not revealing his secret. However, the vice president, Ashe R. Sakuragi, strongly opposes him joining, and in the midst of all this, various requests and troubles of students begin to pile up.",,,,"Ashe Roofolet Sakuragi : Megu Sakuragawa, Kaoruko Rokuonji : Mariko Honda, Mihiro Miyase : Chiyo Ousaki, Toa Narumi : Mai Goto, Cat, Satoshi Shimizu
Director, Matsumu
Music, Masashi Nomura
Character Design, Kenichirou Koyama
Producer, Taichi
Producer, Kenichirou Komaya
Producer","Satoshi Shimizu : Director, Matsumu : Music, Masashi Nomura : Character Design, Kenichirou Koyama : Producer, Taichi : Producer, Kenichirou Komaya : Producer"
Rainy Cocoa in Hawaii, Ame-iro Cocoa in Hawaii,TV   ,12.0,EMT Squared,Fall ,"Slice of Life, America, Cafe, Coworkers, Island, Short Episodes, Work Life, Based on a Manga",2.41,2016.0,,"Rainy Color is opening a new coffee shop location in Hawaii, and Kouji Amami nominates Nozomu Tokura to be the manager of the new location. Nozomu makes new friends and works hard to open the new shop successfully.",,,"Rainy Cocoa, Rainy Cocoa, Welcome to Rainy Color, Rainy Cocoa: Ame-con!!, Rainy Cocoa: Side G!!","Nozomu Tokura : Yugo Satou, Shank Osman : Yusuke Shirai, Haruka Torigoe : Shunya Marue, Nicola Koga : Yoshitaka Yamaya, Noel Koga : Kazutomi Yamamoto, Shine : Natsuko Hara, Aoi Tokura : Hiro Shimono, Callaway Okamura : Toshiyuki Someya, Hisashi Ishii
Director, Eri Tokugawa
Character Design, Kenji Ebato
Producer, Kenichirou Kaneda
Producer","Hisashi Ishii : Director, Eri Tokugawa : Character Design, Kenji Ebato : Producer, Kenichirou Kaneda : Producer"
The Glass Mask Year 3 Class D, 3-Nen D-Gumi Glass no Kamen,TV   ,13.0,DLE,Fall ,"Comedy, Chibi, Parody, School Life, Short Episodes, Based on a Manga, CG Animation",2.37,2016.0,,"To ""warm up"" cold hearts of modern people, Maya, Ayumi, Chigusa, and Yuu have teleported from the universe of Glass Mask to a modern high school, trying to ignite the passion of drama among high schooler nowadays. School director Masumi, however, thinks otherwise.",,Glass Mask,"Glass Mask, Glass Mask OVA, Glass Mask (2005), The Glass Mask Year 3 Class D Movie","Ayumi Himekawa : Rumi Ookubo, Chigusa Tsukikage : Atsuko Tanaka, Masumi Hayami : Daisuke Ono, Maya Kitajima : Kana Asumi, Yuu Sakurakouji : Yuuki Kaji, Michio Machida
Director",Michio Machida : Director
Tokyogurashi!,,Other,,,,"Parody, CG Animation",2.37,2016.0,,No synopsis yet - check back soon!,,,,,
Onigiri,,TV   ,13.0,St. Signpost,Spring,"Action, Comedy, Fantasy, Monsters, Short Episodes, Based on a Video Game",2.36,2016.0,,"Journey to the otherworldly land of mystical Japan, where oni aren’t the only legendary creatures that actually exist. To save their world, these mythical beings will work together to fight the Kamikui and their evil influence before the dark beings’ miasma covers the land. With eight extremely unique and determined party members, the quest to dispel a great evil will certainly never be boring!",,,,"Shizuka Gozen : Aina Suzuki, Yoshitsune : Eriko Matsui, Amaterasu : Natsuko Hara, Ibaraki-Douji : Suzuko Mimori, Jin, Kaguya : Izumi Kitta, Sakura : Chaney Moore, Uzume : Monya Nakane, Takashi Yamamoto
Director, Yutaka Yamada
Music, Yukiko Ibe
Character Design","Takashi Yamamoto : Director, Yutaka Yamada : Music, Yukiko Ibe : Character Design"
Scared Rider Xechs, Scar-red Rider XechS,TV   ,12.0,SATELIGHT,Summer,"Action, Drama, Reverse Harem, Romance, Sci Fi, Aliens, Body Sharing, Military, Military School, Motorcycles, Music, Psychological, School Life, Superpowers, Based on an Otome Game, Based on a Visual Novel",2.34,2016.0,,"The Blue World, a world symbolizing reason, is under attack by fierce creatures known as the Nightfly O’Note sent from the Red World, a world symbolizing instinct. Elected to lead the Blue World, 17-year-old researcher Akira Asagi will take charge of the combat unit “IS”. These six riders, also called the Scared Rider Xechs, will fight at the Ryuukyuu LAG to protect their world and each other.",,,,"Akira Asagi : Ayaka Shimizu, Hijiri Mutsuki : Kenn, Hiro Kurama : Hiro Shimono, Kazuki Suzuki : Hiroki Takahashi, Takuto Kirisawa : Mamoru Miyano, Yousuke Christoph Komae : Tatsuhisa Suzuki, Yuuji Tsuga : Takashi Kondou, Diviser : Rikiya Koyama, Hideto Komori
Director, Takeshi Abo
Music, Nao Harada
Music, Kouji Haneda
Character Design, Yuuko Kobari
Color Design, Oshi Yoshinuma
Producer, Toshiaki Tanaka
Producer, Shuuichi Takashino
Producer","Hideto Komori : Director, Takeshi Abo : Music, Nao Harada : Music, Kouji Haneda : Character Design, Yuuko Kobari : Color Design, Oshi Yoshinuma : Producer, Toshiaki Tanaka : Producer, Shuuichi Takashino : Producer"
Ao Oni The Blue Monster, Ao Oni ~The Animation~,TV   ,13.0,Studio DEEN,Fall ,"Comedy, Horror, Mystery, Chibi, Gag, Monsters, Short Episodes, Slapstick, Based on a Video Game, Violence",2.32,2016.0,2017.0,"On the outskirts of town stands an abandoned house where ghosts are rumored to appear. Hiroshi and his classmates Takuro, Takeshi, and Mika pay the house a visit, only to be attacked by a bizarre monster, the Blue Devil. Will Hiroshi and his friends succeed in answering riddles and escaping the house, or are they doomed to live hilarious lives forever with the Blue Devil in the haunted house?! The courage-testing life of these four friends begins with the Blue Devil who continues to entertain even after death.",Violence,"Ao Oni (Light Novel), Ao Oni: Genshi-hen, Ao Oni: Jail House no Kaibutsu (Light Novel), Ao Oni: Haikou no Bourei (Light Novel), Ao Oni: Mayonaka no Chika Byoutou (Light Novel)",Ao Oni The Animation Movie,"Hiroshi : Ryouta Oosaka, Mika : Eri Kitamura, Takeshi : Shuuta Morishima, Takurou : Takahiro Mizushima, Ao Oni : Takahiro Mizushima, Blockman Oni, Chisei Maeda
Director, Toshirou Hamamura
Director, Shiyu Yanagida
Music","Chisei Maeda : Director, Toshirou Hamamura : Director, Shiyu Yanagida : Music"
Onara Gorou,,Web  ,13.0,ILCA,Summer,"Comedy, Anthropomorphic, Crude, Delinquents, Gag, Non-Human Protagonists, Parody, School Life, Short Episodes, Original Work",2.31,2016.0,,"The best way to learn about life is taking advice from a gigantic, personified fart. Onara Gorou's sage wisdom is helpful in any situation, whether he's teaching students about irritable bowel syndrome, recommending gassy warfare as an anti-bullying strategy, or using the power of breathing - and explosive flatulence - to literally knock down barriers. Open your nose, and your heart, to Gorou the fart!",,,"Konnichiwa Onara Gorou, 3D Onara Gorou ga Dance Dance Dance!!","Onara Gorou : Takashi Taniguchi, Mayumi Onara, Onara Takahashi : Takashi Taniguchi, Onara Dietman : Takashi Taniguchi, Onara Garden Rose : Megumi Sakaki, Onara Hamstrings : Takashi Taniguchi, Onara Kaori : Megumi Sakaki, Onara Makoto, Takashi Taniguchi
Director & Character Design & Original Creator, Kyouta Nakao
Producer","Takashi Taniguchi : Director & Character Design & Original Creator, Kyouta Nakao : Producer"
Konnichiwa Onara Gorou,,Web  ,1.0,Winter 2016,,"Comedy, Crude, Gag, Non-Human Protagonists, Shorts, Original Work",2.23,2016.0,,Episode 0 of Onara Gorou.,,,"Onara Gorou, 3D Onara Gorou ga Dance Dance Dance!!","Onara Gorou : Takashi Taniguchi, Takashi Taniguchi
Director & Character Design & Original Creator",Takashi Taniguchi : Director & Character Design & Original Creator
Nazotokine,,TV   ,12.0,Tengu Kobou,Fall ,"Fantasy, Mystery, Short Episodes, Original Work",2.17,2016.0,,"Just solve the puzzles! Tokine Ami is the secretary of the CEO of the advertising agency TEN2. Today’s client is a representative from a famous anime company! Tokine was cleaning the meeting room in high spirits to get ready when... Suddenly the area got enveloped in light,and she couldn’t get out of the meeting room! On top of that something like a monster showed up and said it would only let her go if she solved some puzzles! Not really understanding what was going on, she decided to solve the puzzles first and think about it later!",,,Kaito x Ansa,"Hacchin : Sora Tokui, Kyouka Mizukami : Eriko Matsui, Natsuko Yanagisawa : Mikoi Sasaki, Tokine Amino : Natsuko Hara, Yoshie Yamazumi : Sarara Yashima, Hinata Takaragawa : Emi Nitta, Kyouko Minakami : Akari Kageyama, Ein Hinosaki : Saori Murakita, Naoya Fukushi
Director & Original Creator, Hitomi Takano
Character Design","Naoya Fukushi : Director & Original Creator, Hitomi Takano : Character Design"
Crane Game Girls, Bishoujo Yuugi Unit Crane Geeru,TV   ,13.0,Kyotoma,Spring,"Comedy, Short Episodes, Original Work",2.08,2016.0,,"Earth is about to be destroyed by a meteor! The beautiful Sayo is told by the upper management at her mysterious organization that the only ones who can save the planet are three girls named Kyouko, Asuka, and Mirai. Although skeptical, Sayo brings them together by telling them they're going to train to be idols. They're raring to go, but for some reason, she leads them to an arcade...",,,Crane Game Girls Galaxy!,"Asuka : Sora Tokui, Kyouko : Rico Sasaki, Mirai : Natsuko Hara, Saya : Sarara Yashima, Tokiko : Aina Suzuki, Tommy Hino
Director",Tommy Hino : Director
Dead World,,Web  ,1.0,,,"Horror, No Dialogue, Shorts, Stop Motion Animation, Zombies, Explicit Violence",2.07,2016.0,,No synopsis yet - check back soon!,Explicit Violence,,,"Girl, Takena Nagao
Director",Takena Nagao : Director
Sushi Police,,Web  ,13.0,Koo-Ki,Winter,"Comedy, Food and Beverage, Police, Restaurants, Short Episodes, Work Life, CG Animation, Original Work",2.03,2016.0,,"With the 2020 Tokyo Olympic Games around the corner, there's also a worldwide sushi boom. In order to deal with all the bastardized sushi out there, the Japanese Government's urgent response is to team up with other ruling powers around the world to establish the WFCO (World Food-culture Conservation Organization) to protect and promote authentic local cuisine. And so the World Food-Culture Conservation Organization (WFCO), deploys its 9th Division to oversee Japanese cuisine abroad. The 9th Division, a.k.a. Sushi Police, is notorious for their aggressive conduct and they hassle anyone serving unauthentic Japanese food in the U.S., Russia, France, China, etc. They will resort to any means necessary to eliminate bad sushi. Soon they are despised by restaurant proprietors around the world.",,,,"Honda : Akira Yamashita, Kawasaki : Hiromitsu Okamoto, Suzuki : Ifmasaca, Carlos Tanaka, Sarah Bynes : Yumi Kikuchi, Alejandro, Bay Corporation President, Dario, Tatsushi Momen
Director",Tatsushi Momen : Director
3D Onara Gorou ga Dance Dance Dance!!,,Web  ,1.0,ILCA,,"Comedy, Crude, Non-Human Protagonists, Shorts, CG Animation, Original Work",1.92,2016.0,,"Onara Gorou takes the stage to do a smelly, gassy dance.",,,"Onara Gorou, Konnichiwa Onara Gorou","Onara Gorou : Takashi Taniguchi, Takashi Taniguchi
Original Creator",Takashi Taniguchi : Original Creator
Ragnastrike Angels,,TV   ,12.0,SATELIGHT,Spring,"Action, Comedy, Sci Fi, Promotional, Short Episodes, Based on a Mobile Game",1.92,2016.0,,"Year 2035: A mysterious type of giant organisms appeared on Earth; the effectiveness of combat androids was very limited against those 50m-tall organisms. In desperation, Congress passed a bill allowing cellular growth factor CGF-3 to be used in combat by applying it on selected members. The result: female human combatants as tall as 38m.",,,,"Ayano Anemori : Tomoyo Kurosawa, Hinata Toujou : Mai Fuchigami, Izuki Kanomiya : Maaya Uchida, Kasumi Barnet Midou : Aoi Yuuki, Moka Mihime : Inori Minase, Nagisa Nanami : Ayane Sakura, Fiaremu, Rio Hiiragi : Mai Nakahara, Junichi Wada
Director",Junichi Wada : Director
Mahou Shoujo? Naria Girls,,TV   ,12.0,Bouncy,Summer,"Comedy, Fantasy, Magical Girl, Henshin Heroes, Magic, Monster-of-the-week, Short Episodes, CG Animation, Original Work",1.71,2016.0,,"Urara, Hanabi, and Inaho have decided to become popular anime characters! To make a show that both children and adults will love, they pick for their theme ""Magical Girls""! Will they be able to successfully broadcast a 1 season magical girl anime and become popular characters?",,,,"Hanabi : Aoi Koga, Inaho : Yuuki Kuwahara, Urara : Seria Fukagawa, Animaru : Kotaro Ishidate, Fake Magical Girl Monster : Mikako Komatsu, Hego : Ayaka Oohashi, Lonely Monkey Monster : Kenichi Suzumura, Maid Monster : Asuka Nishi, Kotaro Ishidate
Director, Okazu Misoyama
Character Design","Kotaro Ishidate : Director, Okazu Misoyama : Character Design"
Love Bites,,Web  ,1.0,,,"GL, Horror, Shoujo-ai, Dark Comedy, No Dialogue, Shorts, CG Animation, Violence",1.48,2016.0,,"Two girls sit with each other on a park bench, and share a romantic moment together. And then...",Violence,,,"Mysterious Girl, Pigtailed Girl, Short-Haired Girl, Takena Nagao
Director",Takena Nagao : Director
mayumi,,Movie,,,,"Abstract, Black and White, Shorts",,2016.0,,"Mayumi is a spoiled girl whose parents buy her everything she wants. She gives her name ""Mayumi"" to everything she receives, and her room is gradually filled with many Mayumis. Mayumi herself gets swallowed by the characters of her name.",,,,"Chinami Taniguchi
Director, Yuriko Honda
Music, Koji Yamamura
Producer","Chinami Taniguchi : Director, Yuriko Honda : Music, Koji Yamamura : Producer"
Koala's Goodbye Song, Koala no Goodbye Song,Other,,,,,,2016.0,2017.0,No synopsis yet - check back soon!,,,Koala's Goodbye Song (Piano Version),"Asami Ike
Director & Song Composition & Song Lyrics",Asami Ike : Director & Song Composition & Song Lyrics
Line Rangers (2016),,Web  ,4.0,,,"Action, Comedy, Animal Protagonists, Anthropomorphic, Chibi, Korean Animation, Non-Human Protagonists, Promotional, Short Episodes, Superpowers, Based on a Mobile Game, CG Animation",,2016.0,,No synopsis yet - check back soon!,,,"Line Rangers, Line Rangers: Cinematic, Line Rangers (2018)",,
Mi Le Mi Ke: Shenqi Haitun Dao, Leo & Coco,TV   ,,,,"Animal Protagonists, Anthropomorphic, Chinese Animation, Family Friendly, Non-Human Protagonists, Rabbits",,2016.0,,No synopsis yet - check back soon!,,,Mi Le Mi Ke: Shenqi Haitun Dao 2nd Season,,
Zombie Dumb,,TV   ,60.0,,,"Comedy, Family Friendly, Korean Animation, Short Episodes, Supernatural, Zombies",,2016.0,,"While living alone in a spooky town, a young girl befriends a motley crew of zombie children with diverse personalities.",,,Zombie Dumb 2nd Season,,
Neru: Jailbreak, Neru: Datsugoku,Music,,,,Vocaloid,,2016.0,,"The official music video for the Vocaloid song Jailbreak, by the producer Neru.",,,,"Shidu
Director & Illustrator, Neru
Producer & Song Composition & Song Lyrics, Rin Kagamine
Song Performance, Yasu
Mastering & Mix","Shidu : Director & Illustrator, Neru : Producer & Song Composition & Song Lyrics, Rin Kagamine : Song Performance, Yasu : Mastering & Mix"
HYPONeX Japan: Shokubutsu no Kimochi-hen,,Other,,,,"Commercials, Promotional, Shorts",,2016.0,,A commercial for HYPONeX Japan's plant stock solution.,,,,"Kouhei Yoshino
Director",Kouhei Yoshino : Director
Mi Le Mi Ke: Shenqi Haitun Dao 2nd Season, Leo & Coco 2nd Season,TV   ,26.0,,,"Animal Protagonists, Anthropomorphic, Chinese Animation, Family Friendly, Non-Human Protagonists, Rabbits",,2016.0,,The second season of Mi Le Mi Ke: Shenqi Haitun Dao.,,,Mi Le Mi Ke: Shenqi Haitun Dao,,
McDull: Fan Bao Qibing, McDull: Rise of the Rice Cooker,Movie,,,,"Action, Sci Fi, Aliens, Animal Protagonists, Anthropomorphic, Chinese Animation, Family Friendly, Non-Human Protagonists, Pigs",,2016.0,,"When a creature from outer space threatens Earth, young McDull builds a robot to defend all humanity.",,,McDull: Wo He Wo Mama,Mcdull,
Sanpou Shoujo,,Movie,,,,"Family Friendly, Historical, Based on a Novel",,2016.0,,No synopsis yet - check back soon!,,Sanpou Shoujo,,,
Maiasa Taihen Nandesu,,Other,,,,"No Dialogue, Shorts, Original Work",,2016.0,,No synopsis yet - check back soon!,,,,"Hiroto Nagata
Director",Hiroto Nagata : Director
The Curious Kitty & Friends, Waku Waku Koma-chan,Web  ,1.0,Dwarf,Spring,"Adventure, Animal Protagonists, Anthropomorphic, Cats, Family Friendly, Non-Human Protagonists, Stop Motion Animation",,2016.0,,"Komaneko is the cutest little kitty a preschooler could ever meet. And she's sooo curious to explore her world! With her movie camera in hand, Komaneko and her friends explore and understand their world by making movies about the people and things they encounter in their adventures.",,,,"Komaneko, Mimmi Bear, Radibo, Yeti, Tsuneo Goda
Director & Character Design",Tsuneo Goda : Director & Character Design
Little Mole and Panda, Xiongmao He Xiao Yan Shu,TV   ,,,,"Adventure, Slice of Life, Animal Protagonists, Bears, Chinese Animation, Educational, Family Friendly, Non-Human Protagonists, Pandas, Short Episodes, CG Animation",,2016.0,,No synopsis yet - check back soon!,,,,,
Dalbit Gunggwol, Lost in the Moonlight,Movie,,Studio Holhory,,"Adventure, Fantasy, Korean Animation",,2016.0,,No synopsis yet - check back soon!,,,,,
Maeumui Sori, The Sound of Your Heart,TV   ,26.0,,,"Comedy, Slice of Life, Korean Animation, Based on a Webtoon",,2016.0,,"While it may seem like a mere depiction of everyday life, The Sound of Your Heart is a comedy filled to the brim with wit, sarcasm and parody. It gives no regard for the probable or realistic- it is a series of absurd situations that is sure to get a laugh out of every reader willing to suspend their sense of reality.",,The Sound of Your Heart,,,
Ai no Kakato, TO HEEL,Movie,,,,Shorts,,2016.0,,"These girls live by the law of heels. As painful as the codes maybe, they're also the source of so many of their secret pleasures.",,,,"Madoka
Director, Shota Kowashi
Music, Soushi Abe
Music, Taruto Fuyama
Producer","Madoka : Director, Shota Kowashi : Music, Soushi Abe : Music, Taruto Fuyama : Producer"
Xin Hulu Xiongdi, Calabash Brothers II,TV   ,52.0,Shanghai Animation Film Studio,,"Action, Chinese Animation, Family Friendly, Short Episodes, Superpowers",,2016.0,2017.0,No synopsis yet - check back soon!,,,Hulu Xiongdi,,
XXX: Seungmuwon, XXX: Flight Attendant,Music,,,,"Horror, Black and White, Korean Animation, Explicit Violence",,2016.0,,"The official music video for Seungmuwon from the album KYOMI, by XXX.",Explicit Violence,,,"Mattis Dovier
Director, Xxx
Song Performance","Mattis Dovier : Director, Xxx : Song Performance"
Miraijin Go Home,,Web  ,,,,"Comedy, Sci Fi, Short Episodes, Time Travel, CG Animation, Original Work",,2016.0,,No synopsis yet - check back soon!,,,,"Miraijin, Yuka, Yuka'S Father, Shigeo Shichiji
Director",Shigeo Shichiji : Director
Sheng Si Hui Fang,,Web  ,20.0,,,Chinese Animation,,2016.0,2017.0,No synopsis yet - check back soon!,,,,,
At The Mouth Of Summer, Natsu no Megami no Kuchi no Naka,Movie,,,,"No Dialogue, Shorts",,2016.0,,The beach is packed in a Chinese resort. People are enjoying the summer holidays. An abrupt thundershower makes them run around in a flurry.,,,,"Liu Xinxin
Director, Li Yingzi
Music, Koji Yamamura
Producer","Liu Xinxin : Director, Li Yingzi : Music, Koji Yamamura : Producer"
Petal, Hanabira,Other,,,,"No Dialogue, Shorts",,2016.0,,No synopsis yet - check back soon!,,,,"Leina Muramatsu
Director",Leina Muramatsu : Director
towa,,Web  ,1.0,,,"No Dialogue, Shorts",,2016.0,,No synopsis yet - check back soon!,,,,"Akino Fukuji
Director, Memmy Lapin
Music","Akino Fukuji : Director, Memmy Lapin : Music"
Pleasant Goat and Big Big Wolf: Man Jing Tou, Xi Yangyang Yu Hui Tailang: Man Jing Tou,Web  ,60.0,Creative Power Entertaining,,"Adventure, Animal Protagonists, Anthropomorphic, Chinese Animation, Family Friendly, Non-Human Protagonists, Short Episodes, Original Work",,2016.0,,No synopsis yet - check back soon!,,,Pleasant Goat and Big Big Wolf,,
Hello Jadoo Movie, Geugjangpan Annyeong Jaduya,Movie,,,,"Adventure, Comedy, Family Friendly, Korean Animation, Based on a Manga",,2016.0,,No synopsis yet - check back soon!,,,"Hello Jadoo, Hello Jadoo 2, Hello Jadoo 3",Choi Jadoo,
Seijaku, Silence,Movie,,,,"Black and White, Shorts",,2016.0,,No synopsis yet - check back soon!,,,,"Simon Feat
Director, Chikara Uemizutaru
Music, Koji Yamamura
Producer","Simon Feat : Director, Chikara Uemizutaru : Music, Koji Yamamura : Producer"
Kasa, Umbrella,Movie,,,,"Abstract, Shorts",,2016.0,,"In the world of constant black rain, people live under umbrellas’ protection. One day a man threw his umbrella away, which resulted to brought him a green plant, only existing green in that world. People desire his plant and start to scramble for it.",,,,"Huang Wenrui
Director, Naoki Nakasima
Music, Koji Yamamura
Producer","Huang Wenrui : Director, Naoki Nakasima : Music, Koji Yamamura : Producer"
I think you're a little confused,,Movie,,,,"Abstract, Anthropomorphic, Food Protagonists, No Dialogue, Non-Human Protagonists, Shorts, Stop Motion Animation",,2016.0,,"One day a letter takes a blood-sausage to his friend, liver-sausage. So, he went...",,,,"Iku Ogawa
Director, Soyoka Hayashi
Music, Yuichi Ito
Producer","Iku Ogawa : Director, Soyoka Hayashi : Music, Yuichi Ito : Producer"
Ma Shen,,Web  ,16.0,Thundray,,"Chinese Animation, Mahjong, Short Episodes",,2016.0,,No synopsis yet - check back soon!,,,,"Sun Meng
Director",Sun Meng : Director
My Father's Room, Abeojiui Bang,Movie,,,,"Korean Animation, Shorts",,2016.0,,No synopsis yet - check back soon!,,,,,
Regalia: The Three Sacred Stars Recaps,,TV Sp,,Actas,,"Action, Mecha, Sci Fi, Recap, Original Work",,2016.0,,Recap episodes of Regalia: The Three Sacred Stars.,,,Regalia: The Three Sacred Stars,"Ingrid Tiesto, Kei Tiesto, Rena Asteria, Sarah Kleis, Tia Kleis, Yuinshel Asteria",
Sounds Over Seas, Kaigara no Ura,Movie,,,,Shorts,,2016.0,,"The film is a journal of a woman who travels in time, in peoples and in mind.",,,,"Narrator : Yunjae Oh, Yunjae Oh
Director, Romu Aouagi
Music, Mitsuko Okamoto
Producer","Yunjae Oh : Director, Romu Aouagi : Music, Mitsuko Okamoto : Producer"
Choegangjeonsa Mini-teukgongdae: Yeongung-ui Tansaen, Miniforce: New Heroes Rise,Movie,,,,"Animal Protagonists, Korean Animation, Non-Human Protagonists, CG Animation",,2016.0,,"Miniforce, a special task force of elite rangers, takes on the Lizard Army to save Earth before it’s too late, in this prequel to the TV series.",,,Miniforce,,
Gyuunyuu no Fumoto, Milky Ways,Movie,,,,"Fantasy, Romance, No Dialogue, Shorts",,2016.0,,"A woman pours milk from the top of the mountain. At the foot of the mountain, a man milks and pours it into a tank. One evening his pigeon doesn’t come back as usual, and finally, it brings back a small miracle from a woman.",,,,"Honami Yano
Director, Mio Adachi
Music, Koji Yamamura
Producer","Honami Yano : Director, Mio Adachi : Music, Koji Yamamura : Producer"
Awakened Seed, Kenseki,Movie,,,,"Abstract, No Dialogue, Shorts",,2016.0,,"Memories from the ancient times have been engraved on his body. ""Where do we come from?"" he asks, ""Where are we going?"". Would the light guide us there? This is a journey of blind pursuit for wisdom.",,,,"Shao Xueqing
Director, Mariko Sunagawa
Music, Koji Yamamura
Producer","Shao Xueqing : Director, Mariko Sunagawa : Music, Koji Yamamura : Producer"
RED FOREST,,Movie,,,,"Forest, No Dialogue, Shorts",,2016.0,,"Amii runs and runs on bloodstained earth, through dark forests and warm fields. She keeps running in fear.",,,,"Wang Yikun
Director, Chika Watanabe
Music, Koji Yamamura
Producer","Wang Yikun : Director, Chika Watanabe : Music, Koji Yamamura : Producer"
calling you, Omokage Tayuta,Movie,,,,"Drama, Shorts",,2016.0,,This is the first letter addressed to you. A voyage to trace the vague images of memories.,,,,"Hitomi Ohtakara
Director, Yukino Takii
Music, Mitsuko Okamoto
Producer","Hitomi Ohtakara : Director, Yukino Takii : Music, Mitsuko Okamoto : Producer"
Mo Jing Lieren 3rd Season, Armored Adventure 3rd Season,Web  ,29.0,,,Chinese Animation,,2016.0,2017.0,The third season of Mo Jing Lieren.,,,Mo Jing Lieren 2nd Season,,
Dear Little Tim,,Movie,,,,"Black and White, Shorts",,2016.0,,Little Tim reveals how he understands his little universe through his unique ways of expressing feelings and emotions.,,,,"Chayanit Kiatchokechaikul
Director, Chikara Uemizutaru
Music, Mitsuko Okamoto
Producer","Chayanit Kiatchokechaikul : Director, Chikara Uemizutaru : Music, Mitsuko Okamoto : Producer"
SofyRuby,,TV   ,52.0,,,"Family Friendly, Korean Animation, Short Episodes, CG Animation",,2016.0,2017.0,No synopsis yet - check back soon!,,,Kkumui Wangguk Sofy Ruby,,
Zukkoke Sannin-gumi no Bousai Kyoushitsu,,OVA  ,1.0,,,"Educational, Family Friendly",,2016.0,,No synopsis yet - check back soon!,,,Sore Ike! Zukkoke Sannin-gumi,,
Pleasant Goat and Big Big Wolf: Marching to the New Wonderland, Xi Yangyang Yu Hui Tailang: Xiha Chuang Shijie,TV   ,60.0,Creative Power Entertaining,,"Adventure, Animal Protagonists, Anthropomorphic, Chinese Animation, Family Friendly, Non-Human Protagonists, Original Work",,2016.0,,No synopsis yet - check back soon!,,,"Pleasant Goat and Big Big Wolf, Pleasant Goat and Big Big Wolf: Adventures in the Primitive World, Pleasant Goat and Big Big Wolf: The Little Detective, Pleasant Goat and Big Big Wolf: Adventures in the Sea",,
Yong Zhe Da Mao Xian 2nd Season, Brave Adventure 2nd Season,Web  ,26.0,Pixel Soft,,"Adventure, Fantasy, Chinese Animation",,2016.0,,Second season of Yong Zhe Da Mao Xian.,,,Yong Zhe Da Mao Xian,"Tu Shen, Yan An, Huang Haitao
Director, Wang Xia
Music","Huang Haitao : Director, Wang Xia : Music"
Tobot Athlon, Athlon Tobot,TV   ,29.0,,,"Mecha, Cars, Korean Animation, Racing, Robots, CG Animation",,2016.0,,"Elementary school student and Robot Racing super-fan Kyle Hughes finally gets the chance to live out his dreams, and joins the League with Alpha, Beta and Theta— the three Tobots built by his mother, Dr. Hughes.",,,Tobot,"Kyle Hughes, Alpha, Beta, Kyle'S Mother, Mavrick, Theta, Hero, Kyle'S Father",
Korogashi-ya no Pun,,TV Sp,,,,"Insects, Short Episodes, Shorts, Stop Motion Animation",,2016.0,2018.0,No synopsis yet - check back soon!,,,,,
Complex x Complex,,Movie,,,,"Shorts, Original Work",,2016.0,,"Eighth grader Yui longs to be a grown-up. She considers armpit hair the symbol of adulthood, so her classmate Takeo—who has the thickest underarm hair in the class—becomes her idol.",,,,"Masato Takeo : Seigo Agatsuma, Yui Kotani : Kanae Hayashi, Fumi Nakamura : Fuka Haruna, Teacher : Masataka Okada, Yui'S Father : Naoto Takeda, Yui'S Mother : Mina Hiroe, Yui'S Sister : Haruka Yamaguchi, Miyuki Fukuda
Director, Shinichirou Ueda
Producer & Editor","Miyuki Fukuda : Director, Shinichirou Ueda : Producer & Editor"
PAELLAS: Fire,,Music,,,,"Abstract, Stop Motion Animation",,2016.0,,"The official music video for Fire from the EP lute, by PAELLAS.",,,,"Takuya Hosogane
Director, Shunsuke Sugiyama
Director, Paellas
Song Performance","Takuya Hosogane : Director, Shunsuke Sugiyama : Director, Paellas : Song Performance"
Dou Long Zhanshi 4, Dragon Warrior 4,Web  ,30.0,,,"Action, Fantasy, Chinese Animation, CG Animation",,2016.0,,Fourth season of Dou Long Zhanshi.,,,"Dou Long Zhanshi, Dou Long Zhanshi 2, Dou Long Zhanshi 3, Dou Long Zhanshi Movie, Dou Long Zhanshi 5",,
Dou Long Zhanshi Movie, Dragon Warrior Movie,Movie,,,,"Action, Fantasy, Chinese Animation, CG Animation",,2016.0,,No synopsis yet - check back soon!,,,"Dou Long Zhanshi, Dou Long Zhanshi 2, Dou Long Zhanshi 3, Dou Long Zhanshi 4, Dou Long Zhanshi 5",,
(K)NoW_NAME: Knew day,,Music,,A-1 Pictures,,"Action, Fantasy",,2016.0,,"Official music video for Grimgar of Fantasy and Ash's opening theme Knew day, performed by (K)NoW_NAME.",,,,"(K)Now_Name
Song Performance, Ayaka Tachibana
Song Performance, Enu
Song Lyrics, R.O.N
Song Arrangement & Song Composition","(K)Now_Name : Song Performance, Ayaka Tachibana : Song Performance, Enu : Song Lyrics, R.O.N : Song Arrangement & Song Composition"
Shaonian Jinyiwei: Xuzhang, The Young Imperial Guards Prologue,Web  ,1.0,,,"Adventure, Ancient China, Chinese Animation, Historical, Shorts, CG Animation",,2016.0,,No synopsis yet - check back soon!,,,Shaonian Jinyiwei,,
Mooretsu 50-nen Tarou,,Web  ,6.0,,,"Comedy, Commercials, Promotional, Short Episodes",,2016.0,2017.0,No synopsis yet - check back soon!,,Mooretsu Atarou,"Mooretsu Atarou, Mooretsu Atarou (1990)","Takashi Taniguchi
Director & Character Design",Takashi Taniguchi : Director & Character Design
Smells like Coffee Spirit, Magokoro? Master,Movie,,,,"Comedy, Shorts",,2016.0,,Kosaku Sarutahiko is a miniscule manager of a mysterious café. He tries many ways to treat his customer with the coffee he brewed but…,,,,"Kosaku Sarutahiko, Erica Ohyama
Director, Yukino Takii
Music, Mitsuko Okamoto
Producer","Erica Ohyama : Director, Yukino Takii : Music, Mitsuko Okamoto : Producer"
Violent Magic Orchestra: Halved,,Music,,,,"Abstract, Black and White",,2016.0,,"The official music video for Halved from the album Catastrophic Anonymous, by Violent Magic Orchestra.",,,,"Toshikazu Tamura
Director, Violent Magic Orchestra
Song Performance, Chip King
Song Performance","Toshikazu Tamura : Director, Violent Magic Orchestra : Song Performance, Chip King : Song Performance"
the_girl_2,,Web  ,1.0,,,"Abstract, No Dialogue, Shorts",,2016.0,,No synopsis yet - check back soon!,,,,"Masanobu Hiraoka
Director",Masanobu Hiraoka : Director
Nintama Rantarou no Uchuu Daibouken with Cosmic Front☆Next 2, Nintama Rantarou's Space Adventure with Cosmic Front☆Next 2,TV Sp,,Ajia-do,,"Adventure, Comedy, Family Friendly, Ninja, Outer Space",,2016.0,,No synopsis yet - check back soon!,,,"Nintama Rantarou, Nintama Rantarou no Uchuu Daibouken with Cosmic Front☆Next",,
Rainbow Ruby,,TV   ,26.0,,,"Fantasy, Family Friendly, Korean Animation",,2016.0,2017.0,No synopsis yet - check back soon!,,,,"Ruby : Allison Sumrall, Chirpee, Choco, Daisy, Ellie, Felicia : Colleen O'Shaughnessey, Frederick, Gina : Shannon Chan-Kent",
Appa Eoril Jeogen,,TV   ,26.0,,,"Historical, Korean Animation",,2016.0,,No synopsis yet - check back soon!,,,,,
Ippou Nippon Mukashibanashi,,Web  ,12.0,ILCA,Spring,"Comedy, Fantasy, Short Episodes, Original Work",,2016.0,,No synopsis yet - check back soon!,,,,"Takashi Taniguchi
Director & Character Design, Kazuto Matsumura
Producer, Kyouta Nakao
Producer","Takashi Taniguchi : Director & Character Design, Kazuto Matsumura : Producer, Kyouta Nakao : Producer"
Pittanko! Nekozakana,,TV   ,50.0,Studio Comet,Fall ,"Comedy, Animal Protagonists, Cats, Non-Human Protagonists, Short Episodes",,2016.0,2017.0,"On a distant southern island, a fish (sakana) opened its mouth for a cat (neko), thus ""nekozakana"" (cat-fish) is born.",,,"Pittanko! Taiyou-sensei to Pittanko, Pittanko!! Nekozakana 2","Kazumi Nonaka
Director, Hiroshi Nakamura
Music","Kazumi Nonaka : Director, Hiroshi Nakamura : Music"
Shenmi Shijie Lixian Ji Movie 3, Yugo & Lala Movie 3,Movie,,,,"Adventure, Fantasy, Chinese Animation, Family Friendly, CG Animation",,2016.0,,No synopsis yet - check back soon!,,,"Shenmi Shijie Lixian Ji Movie 1, Shenmi Shijie Lixian Ji Movie 2, Shenmi Shijie Lixian Ji Movie 4",Yugo,
Steel Fire Brigade Fire Robo, Gangcheol Sobangdae: Fire Robo,TV   ,26.0,,,"Mecha, Sci Fi, Family Friendly, Korean Animation",,2016.0,2017.0,No synopsis yet - check back soon!,,,,,
Tomica Hyper Series: NEXT STAGE,,Web  ,4.0,,,"Action, Mecha, Sci Fi, Shounen, Cars, Police, Short Episodes, CG Animation",,2016.0,,No synopsis yet - check back soon!,,,Tomica Hyper Rescue Drive Head: Kidou Kyuukyuu Keisatsu,,
Yichan Xiao Heshang,,Web  ,36.0,,,"Slice of Life, Chinese Animation, Short Episodes, CG Animation",,2016.0,,No synopsis yet - check back soon!,,,,,
Reminisce me with the time of a day,,Movie,,,,"Abstract, Chinese Animation, No Dialogue, Shorts",,2016.0,,No synopsis yet - check back soon!,,,,"He Lo
Director, Emily Wang
Music","He Lo : Director, Emily Wang : Music"
Ji Jia Shou Shen Zhi Baolie Feiche, Screechers Wild!,TV   ,40.0,,,"Action, Adventure, Cars, Chinese Animation, Family Friendly",,2016.0,,No synopsis yet - check back soon!,,,,,
Daaree, Who’s there?,Movie,,,,"Rakugo, Shorts",,2016.0,,"The Rakugo story of PARROT is told by a Rakugo-ka, or a lone storyteller formed of Japanese characters.",,,,"Kojiro Inoue
Director, Yae Yamamichi
Music, Mitsuko Okamoto
Producer","Kojiro Inoue : Director, Yae Yamamichi : Music, Mitsuko Okamoto : Producer"
Power Battle Watch Car: Blazing Race, Power Battle Watch Car: Minicar Battle League - Bulkkoch-ui Jilju,Movie,,,,"Family Friendly, Korean Animation, Proxy Battles, CG Animation",,2016.0,,No synopsis yet - check back soon!,,,"Power Battle Watch Car, Power Battle Watch Car: Return of the Watch Mask",,
Brick Games,,Movie,,,,Shorts,,2016.0,,"There lives a little girl with her brother in a city full of skyscrapers. One night when they were playing with their favourite game Jenga, something strange happened.",,,,"Brother : Chika Watanabe, Sister : Ayano Kitazono, Lam Man Yee
Director, Zhang Ming
Music, Yuichi Ito
Producer","Lam Man Yee : Director, Zhang Ming : Music, Yuichi Ito : Producer"
Roto Spread,,Other,,,,"No Dialogue, Shorts",,2016.0,,No synopsis yet - check back soon!,,,,"Yoko Kuno
Director, Cuushe
Music","Yoko Kuno : Director, Cuushe : Music"
Seer 6th Season, Sai Er Hao 6th Season,TV   ,30.0,,,"Sci Fi, Chinese Animation, Robots",,2016.0,,No synopsis yet - check back soon!,,,"Seer 5th Season, Seer 7th Season",,
man of many arms, Ude no Ooi Otoko,Movie,,,,"Black and White, No Dialogue, Shorts",,2016.0,,Many arms cling to a man. He doesn’t like it but he believes the situation will never change.,,,,"Moeka Yamazaki
Director, Kana Yoshizawa
Music, Koji Yamamura
Producer","Moeka Yamazaki : Director, Kana Yoshizawa : Music, Koji Yamamura : Producer"
Pleasant Goat Fun Class: Animals & Plants, Zhi Qu Yang Xue Tang Dong Zhi Wu Pian,Web  ,26.0,,,"Adventure, Animal Protagonists, Anthropomorphic, Chinese Animation, Family Friendly, Non-Human Protagonists, Short Episodes, Original Work",,2016.0,,No synopsis yet - check back soon!,,,"Pleasant Goat and Big Big Wolf, Pleasant Goat Fun Class: Sports are Fun",,
Braid, Amikomi,Movie,,,,"Abstract, Black and White, No Dialogue, Shorts",,2016.0,,A girl braids her classmate's long hair. She remembers the moments with her friend... Did all these actually happen?,,,,"Nozomi Koyasu
Director, Haruko Torii
Music, Mitsuko Okamoto
Producer","Nozomi Koyasu : Director, Haruko Torii : Music, Mitsuko Okamoto : Producer"
Pleasant Goat Fun Class: Sports are Fun, Zhi Qu Yang Xue Tang Dong Yundong Pian,Web  ,26.0,,,"Adventure, Sports, Animal Protagonists, Anthropomorphic, Chinese Animation, Family Friendly, Non-Human Protagonists, Short Episodes, Original Work",,2016.0,,No synopsis yet - check back soon!,,,"Pleasant Goat and Big Big Wolf, Pleasant Goat Fun Class: Animals & Plants, Pleasant Goat Fun Class: The Earth Carnival",,
In Inertia, Guzu no Soko,Movie,,,,"Abstract, Shorts",,2016.0,,From that day an anxiety started to root in the man's room. He just keeps walking not to sink in listlessness. This is a document to reflect my own anxiety arisen after the Fukushima Daiichi nuclear disaster.,,,,"Takuto Katayama
Director, Soushi Abe
Music, Taruto Fuyama
Producer","Takuto Katayama : Director, Soushi Abe : Music, Taruto Fuyama : Producer"
Ankeeto, The Question,Movie,,,,"Slice of Life, Shorts, Stop Motion Animation",,2016.0,,"An attitude survey on bullying was conducted at a junior high school. There was a question in that questionnaire if there was any cause on the part of the bullied. One student answered, “YES.” This became the top news of the school.",,,,"Eri Kinoshita
Director, Yoshiki Masuda
Music, Mitsuko Okamoto
Producer","Eri Kinoshita : Director, Yoshiki Masuda : Music, Mitsuko Okamoto : Producer"
The North Face Japan CM: Baby 2016 Spring & Summer,,Web  ,1.0,,,"Commercials, No Dialogue, Promotional, Stop Motion Animation",,2016.0,,A commercial for The North Face Japan's 2016 Spring & Summer line of line of baby apperal.,,,,,
Xiong Chu Mo Season 6: Xiari Lian Lian Kan, Boonie Bears Season 6: Sunsational Summer,TV   ,52.0,,,"Adventure, Comedy, Animal Protagonists, Bears, Chinese Animation, Forest, Non-Human Protagonists, CG Animation",,2016.0,,Sixth season of Boonie Bears.,,,"Xiong Chu Mo, Xiong Chu Mo Season 2: Huanqiu Da Maoxian, Xiong Chu Mo Season 3: Zhong Dong Yuan, Xiong Chu Mo Season 4: Chunri Dui Dui Peng, Xiong Chu Mo Season 5: Dongri Le Fantian, Xiong Chu Mo Season 7: Qiu Ri Tuan Tuan Zhuan, Xiong Chu Mo Season 8: Tan Xian Riji, Xiong Chu Mo Season 9: Tan Xian Riji","Bramble, Briar",
Xiong Chu Mo Season 7: Qiu Ri Tuan Tuan Zhuan, Boonie Bears Season 7: Autumn Awesomeness,TV   ,52.0,,,"Adventure, Comedy, Animal Protagonists, Bears, Chinese Animation, Forest, Non-Human Protagonists, CG Animation",,2016.0,,Seventh season of Boonie Bears.,,,"Xiong Chu Mo, Xiong Chu Mo Season 2: Huanqiu Da Maoxian, Xiong Chu Mo Season 3: Zhong Dong Yuan, Xiong Chu Mo Season 4: Chunri Dui Dui Peng, Xiong Chu Mo Season 5: Dongri Le Fantian, Xiong Chu Mo Season 6: Xiari Lian Lian Kan, Xiong Chu Mo Season 8: Tan Xian Riji, Xiong Chu Mo Season 9: Tan Xian Riji","Bramble, Briar",
Jin Guang Yu Jiu Jie: Dong Huang Zhan Ying,,TV   ,40.0,,,"Action, Fantasy, Chinese Animation, Stop Motion Animation",,2016.0,2017.0,No synopsis yet - check back soon!,,,"Jin Guang Yu Jiu Jie: Mo Xie Lu, Jin Guang Yu Jiu Jie: Xu Yao Ji",,
Naze Ikiru: Rennyo Shounin to Yoshizaki Enjou,,Movie,,Studio DEEN,,"Drama, Buddhism, Historical, Religion, Based on a Novel",,2016.0,,"Ryouken is a young man who lamented his misfortune and despised temples and monks. He had placed all his hope on his unborn child, but an unfortunate incident took everything away from him. In his time of despair and suffering in the dark, Ryouken came across the preachings of the holy priest Rennyo. They tell the answer to ""why we live,"" as revealed by the monk Shinran. Finding new meaning, Ryouken becomes Rennyo's apprentice. Angry at the increase of followers at Honnōdera, the other Buddhist sects chase Rennyo and Ryouken out of Kyoto. Seeking a new place of worship, the two arrive in Yoshizaki (Fukui) in the Hokuriku region.",,,,"Rennyo : Kotaro Satomi, Ryouken : Katsuyuki Konishi, Chiyo, Michimune, Takafusa Nori, Hideaki Ooba
Director, Masaaki Kannan
Character Design, Rie Matsubara
Editor","Hideaki Ooba : Director, Masaaki Kannan : Character Design, Rie Matsubara : Editor"
Pleasant Goat and Big Big Wolf: The Little Detective, Xi Yangyang Yu Hui Tailang: Yangyang Xiao Zhentan,TV   ,60.0,Creative Power Entertaining,,"Adventure, Animal Protagonists, Anthropomorphic, Chinese Animation, Detectives, Family Friendly, Non-Human Protagonists, Original Work",,2016.0,,No synopsis yet - check back soon!,,,"Pleasant Goat and Big Big Wolf, Pleasant Goat and Big Big Wolf: Marching to the New Wonderland, Pleasant Goat and Big Big Wolf: Adventures in the Sea",,
Seer 7th Season, Sai Er Hao 7th Season,TV   ,30.0,,,"Sci Fi, Chinese Animation, Robots",,2016.0,,No synopsis yet - check back soon!,,,"Seer 6th Season, Seer 8th Season",,
Cao Jingling, Grass Elf,TV   ,52.0,,,"Chinese Animation, Elves, Family Friendly",,2016.0,,No synopsis yet - check back soon!,,,,,
Magic Adventures: The Crystal of Dark,,TV   ,52.0,,,"Family Friendly, Korean Animation",,2016.0,2017.0,No synopsis yet - check back soon!,,,,,
GG Dou 2nd Season, GG Bean 2nd Season,TV   ,26.0,,,"Chinese Animation, Family Friendly, Short Episodes",,2016.0,,The second season of GG Dou.,,,GG Dou,,
Qimiao Mengjing, Fatina Dreams,TV   ,26.0,,,"Chinese Animation, Family Friendly",,2016.0,,No synopsis yet - check back soon!,,,,,
Grand Marche no Meikyuu OP,,Web  ,1.0,,,"Action, Fantasy, Opening Animation, Promotional, Based on a Video Game",,2016.0,,The opening animation for the mobile game Grand Marche no Meikyuu.,,,,,
Sanuki Film Festival 2016 Opening Animation, Sanuki Eiga-sai 2016 Opening Eizou,Other,,,,"Abstract, Food and Beverage, Opening Animation, Promotional",,2016.0,,"The opening animation for the 2016 Sanuki Film Festival, directed by Asami Ike.",,,Sanuki Film Festival 2015 Opening Animation,"Asami Ike
Director",Asami Ike : Director
group_inou: CATCH,,Music,,,,"Comedy, Animal Protagonists, Cats",,2016.0,,"The official music video for CATCH from the album MAP, by group_inou.",,,,"Ac-Bu
Director, Group_Inou
Song Performance","Ac-Bu : Director, Group_Inou : Song Performance"
Kami no Ue no Pilot,,Music,,,,Aviation,,2016.0,,No synopsis yet - check back soon!,,,,"Akira Kusunoki
Original Concept & Song Performance, Rabbit Machine
Director, Heijin
Director, No.1Ø
Director, Rin Kimori
Character Design, Madoka Kamiki
Song Performance, Kei Hayashi
Song Composition & Song Lyrics","Akira Kusunoki : Original Concept & Song Performance, Rabbit Machine : Director, Heijin : Director, No.1Ø : Director, Rin Kimori : Character Design, Madoka Kamiki : Song Performance, Kei Hayashi : Song Composition & Song Lyrics"
Chao Shen Xueyuan: Zhi Hei Jia,,Web  ,10.0,,,"Action, Sci Fi, Chinese Animation",,2016.0,,No synopsis yet - check back soon!,,,"Chao Shen Xueyuan: Shen yu Shen, Xiong Bing Lian",,
Madoromi no Shuumatsu, Dozing on Doomsday,Movie,,,,"Black and White, Shorts",,2016.0,,"Provided the world ends tomorrow, what would we want in the last day of grace? A beam of light embraces a woman and a man then, the world gently closes its eyes.",,,,"Kaori Ryou
Director, Noritaka Kondo
Music, Mitsuko Okamoto
Producer","Kaori Ryou : Director, Noritaka Kondo : Music, Mitsuko Okamoto : Producer"
Love is in small things, Love is,Web  ,12.0,,,"Romance, Korean Animation, Short Episodes",,2016.0,2019.0,No synopsis yet - check back soon!,,,Love is in small things 2nd Season,"Puuung
Director",Puuung : Director
Kuma no Gakkou Movie 2: Jackie no Ohoshi-sama,,Movie,,,,"Animal Protagonists, Bears, Family Friendly, Non-Human Protagonists, Shorts",,2016.0,,No synopsis yet - check back soon!,,,"Kuma no Gakkou Movie 1: Jackie to Katie, Kuma no Gakkou Movie 3: Patissier Jackie to Ohisama no Sweets",,
Colorful Taiyou Tour,,Movie,,,,Shorts,,2016.0,,No synopsis yet - check back soon!,,,,,
Japanese Chess, Shogi,Movie,,,,"Board Games, Shorts, Stop Motion Animation",,2016.0,,"At a Shogi game, the players start pondering opponent’s game strategy or calculations. They lose themselves in their deep contemplation.",,,,"Takao Yamada : Yoichiro Mukasa, Taro Sakaki : Syumpei Achiha, Reader Of Score : China Furuishi, Recorder : Syumpei Achiha, Moe Kuribara
Director, Syumpei Achiha
Music, Yuichi Ito
Producer","Moe Kuribara : Director, Syumpei Achiha : Music, Yuichi Ito : Producer"
Guobao Te Gong: Shuigou Da Taowang, Fruity Robo: The Great Escape,Movie,,,,"Comedy, Sci Fi, Chinese Animation, Family Friendly, Non-Human Protagonists, Robots, CG Animation",,2016.0,,No synopsis yet - check back soon!,,,Guobao Te Gong 4th Season,,
Look at Me Only, Atashi Dake wo Mite,Movie,,,,"Drama, Shorts, Stop Motion Animation",,2016.0,,"Having forgotten exciting feelings of the early days of the relationship, the man drifts along petting his guinea pig. One day he meets a beauty of flower who appreciates the pet.",,,,"Tomoki Misato
Director, Tomoya Yomoda
Music","Tomoki Misato : Director, Tomoya Yomoda : Music"
Echo Chamber,"Alt titles: Notre chambre, Wareware no Heya",Movie,,,,"Abstract, Shorts",,2016.0,,"Cy Twombly, Roland Barthes, what are they doing? This is a journal about seductions and sufferings of the text.",,,,"Ryo Orikasa
Director, Kozue Katsuragi
Music","Ryo Orikasa : Director, Kozue Katsuragi : Music"
Hen Xi You,,Web  ,20.0,,,"Action, Chinese Animation, Supernatural, Based on a Manga",,2016.0,,No synopsis yet - check back soon!,,Hen Xi You,Hen Xi You 2,,
"Kirai, Demo, Suki",,Web  ,1.0,,,"Sci Fi, Promotional",,2016.0,,A commercial to promote HAL Tokyo College of Technology & Design.,,,,"Hibiki Yoshizaki
Director, Palow
Character Design, Daoko
Song Performance, Teddyloid
Song Composition","Hibiki Yoshizaki : Director, Palow : Character Design, Daoko : Song Performance, Teddyloid : Song Composition"
Adult Swim ID (Masanobu Hiraoka),,Other,,,,"Abstract, No Dialogue, Promotional, Short Episodes, Station Identifications",,2016.0,,"Station identification animations for Adult Swim, directed by Masanobu Hiraoka.",,,,"Masanobu Hiraoka
Director",Masanobu Hiraoka : Director
Zukkoke Sannin-gumi no Jitensha Kyoushitsu,,OVA  ,1.0,,,"Educational, Family Friendly",,2016.0,,No synopsis yet - check back soon!,,,Sore Ike! Zukkoke Sannin-gumi,,
Fu Yu Nu, Father and Daughter,Movie,,,,"Chinese Animation, Shorts",,2016.0,,No synopsis yet - check back soon!,,,,"Xie Chenglin
Director",Xie Chenglin : Director
CHARON Pluto’s lonesomeness, CHARON Meiousei no Kodoku,Movie,,,,Shorts,,2016.0,,In the pitch darkness a man cannot see anything. The only light source is a light lit with a match by someone else. The night is lit and put out. This repeats and eventually the man makes up his mind.,,,,"Rina Okada
Director, Chika Watanabe
Music, Koji Yamamura
Producer","Rina Okada : Director, Chika Watanabe : Music, Koji Yamamura : Producer"
The North Face Japan: A Guide to Your Clean Down,,Web  ,1.0,,,Promotional,,2016.0,,No synopsis yet - check back soon!,,,,,
"Nee, Koko ni Iru.",,Movie,,,,"Abstract, Shorts",,2016.0,,No synopsis yet - check back soon!,,,,"Takahiro Shibata
Director",Takahiro Shibata : Director
