Name,Japanese_name,Type,Episodes,Studio,Release_season,Tags,Rating,Release_year,End_year,Description,Content_Warning,Related_Mange,Related_anime,Voice_actors,staff
Haikyuu!!,,TV   ,25.0,Production I.G,Spring,"Shounen, Sports, School Club, School Life, Tournaments, Volleyball, Based on a Manga",4.43,2014.0,,"""Shoyo Hinata isn't a large guy, but he's got huge ambitions. Ever since seeing a small player score in a National Championship, he's been determined to become the next big thing in High School Volleyball. Unfortunately, the one time he was able to pull enough players together to form a team in junior high, they were completely trashed in their first and only match against a team led by up-and-coming setter Tobio Kageyama.Now, enrolled at the same high school where his idol once played, Shoyo's finally going to get his shot to join and play with a top team. There's just one problem: Tobio Kageyama's decided to attend the same school, and he's already considered one of the best players in the game. Can a kid out of nowhere hold his own against the King of the Court? Or could the rivalry and competition actually be the best thing for both of them?""",,"Haikyuu!! (Pilot), Haikyuu!!, Let's! Haikyuu!?, Haikyuu-bu!!, Haikyuu!! Shousetsuban!! Karasuno Koukou (Light Novel)","Haikyuu!! Quest Picture Drama, Haikyuu!! Lev Kenzan!, Haikyuu!! Movie 1: Owari to Hajimari, Haikyuu!! Movie 2: Shousha to Haisha, Haikyuu!! Second Season, Haikyuu!! vs. ""Akaten"", Haikyuu!! Karasuno High School vs Shiratorizawa Academy, Haikyuu!! To the Top, Haikyuu!! Riku vs Kuu, Haikyuu!! Ningyou Anime, Haikyuu!! To the Top: Part II","Shoyo Hinata : Ayumu Murase, Tobio Kageyama : Kaito Ishikawa, Asahi Azumane : Yoshimasa Hosoya, Daichi Sawamura : Satoshi Hino, Ittetsu Takeda : Hiroshi Kamiya, Keishin Ukai : Kazunari Tanaka, Kei Tsukishima : Kouki Uchiyama, Koshi Sugawara : Miyu Irino, Haruichi Furudate
Original Creator, Susumu Mitsunaka
Director, Yuuki Hayashi
Music, Asami Tachibana
Music, Takahiro Kishida
Character Design, Tomoyuki Saitou
Producer, Toshihiro Maeda
Producer, Kozue Kaneniwa
Producer","Haruichi Furudate : Original Creator, Susumu Mitsunaka : Director, Yuuki Hayashi : Music, Asami Tachibana : Music, Takahiro Kishida : Character Design, Tomoyuki Saitou : Producer, Toshihiro Maeda : Producer, Kozue Kaneniwa : Producer"
Mushishi Zoku Shou 2nd Season, Mushishi -Next Passage- 2nd Season,TV   ,10.0,Artland,Fall ,"Fantasy, Seinen, Episodic, Iyashikei, Supernatural, Based on a Manga",4.37,2014.0,,'Continuation of Mushishi Zoku Shou.',,"Mushishi, Mushishi Special: Sun-Eating Shade, Mushishi Gaitanshuu","Mushishi, Mushishi Recap, Mushishi: Hihamukage, Mushishi Zoku Shou, Mushishi Zoku Shou: Odoro no Michi, Mushishi Zoku Shou: Suzu no Shizuku","Ginko : Yuto Nakano, Kaoru : Toshio Furukawa, Akane : Rinna Ishikawa, Futaba : Tsukika Akiba, Gen : Rin Kanazawa, Gen'S Father : Shinya Hamazoe, Iku : Shino Kakinuma, Isaza : Ami Koshimizu, Yuki Urushibara
Original Creator, Kouichirou Soutome
Chief Director, Hiroshi Nagahama
Director, Toshio Masuda
Music, Yoshihiko Umakoshi
Character Design, Ai Abe
Producer, Junichirou Tsuchiya
Producer, Eiji Abiko
Animation Director & Assistant Animation Director & Key Animator","Yuki Urushibara : Original Creator, Kouichirou Soutome : Chief Director, Hiroshi Nagahama : Director, Toshio Masuda : Music, Yoshihiko Umakoshi : Character Design, Ai Abe : Producer, Junichirou Tsuchiya : Producer, Eiji Abiko : Animation Director & Assistant Animation Director & Key Animator"
Mushishi Zoku Shou, Mushishi -Next Passage-,TV   ,10.0,Artland,Spring,"Fantasy, Seinen, Episodic, Iyashikei, Supernatural, Based on a Manga",4.36,2014.0,,"'They existed long before anyone can remember. They are simple and strange in nature, not resembling any other plant or animal in this world. In ancient times, people revered these bizarre creatures and called them “Mushi.” People once again began to believe in the existence of these “Mushi” when they began affecting their lives in inexplicable ways. The one who connects the world of “Mushi” to the world of humans—they were called the “Mushi-shi.” All life exists not to hinder others in this world. They are simply there to live as they were meant to.'",,"Mushishi, Mushishi Special: Sun-Eating Shade, Mushishi Gaitanshuu","Mushishi, Mushishi Recap, Mushishi: Hihamukage, Mushishi Zoku Shou: Odoro no Michi, Mushishi Zoku Shou 2nd Season, Mushishi Zoku Shou: Suzu no Shizuku","Ginko : Miyuki Sawashiro, Teru : Youko Hikasa, Adashino : Yuuji Ueda, Amimoto : Yusaku Yara, Chiyo : Yoshie Tsuji, Houichi : Akira Matsushita, Houichi'S Father : Kouki Saga, Houichi'S Wife : Kayo Kikkawa, Yuki Urushibara
Original Creator, Kouichirou Soutome
Chief Director, Hiroshi Nagahama
Director, Toshio Masuda
Music, Yoshihiko Umakoshi
Character Design, Ai Abe
Producer, Junichirou Tsuchiya
Producer, Eiji Abiko
Animation Director & Assistant Animation Director & Key Animator","Yuki Urushibara : Original Creator, Kouichirou Soutome : Chief Director, Hiroshi Nagahama : Director, Toshio Masuda : Music, Yoshihiko Umakoshi : Character Design, Ai Abe : Producer, Junichirou Tsuchiya : Producer, Eiji Abiko : Animation Director & Assistant Animation Director & Key Animator"
Attack on Titan: No Regrets, Shingeki no Kyojin: Kuinaki Sentaku,OVA  ,2.0,WIT Studio,,"Action, Fantasy, Shoujo, Dark Fantasy, Isolated Society, Military, Outside World, Post-apocalyptic, Based on a Manga, Cannibalism,, Explicit Violence",4.36,2014.0,2015.0,"'The young Erwin Smith is a rising star in the Survey Corps, humanity’s only hope of defeating the man-eating monsters known as Titans. Ruthless and dispassionate, Erwin’s mind is devoted to strategies and intrigue. But beneath Erwin’s feet is another world, the Underground, where humans are born and die surrounded by the garbage the Capital throws away. Here, the criminal Levi survives on his wits and agility. But when these two ambitious men cross paths, who will prove himself stronger?'","Cannibalism,, Explicit Violence","Attack on Titan Volume 0, Attack on Titan, Attack on Titan: Before the Fall (Light Novel), Attack on Titan: Junior High, Attack on Titan: No Regrets - Prologue, Attack on Titan: Before the Fall, Attack on Titan: No Regrets, Spoof on Titan, Attack on Titan: The Harsh Mistress of the City (Light Novel), Attack on Titan: Lost Girls (Light Novel), Attack on Titan: Lost Girls",Attack on Titan,"Furlan Church : Kouji Yusa, Isabel Magnolia : Mariya Ise, Levi : Hiroshi Kamiya, Erwin Smith : Daisuke Ono, Flagon Darlett : Kenjirou Tsuda, Keith Sadies : Tsuguo Mogami, Hange Zoe : Romi Park, Jan : Manabu Sakamaki, Hajime Isayama
Original Creator, Tetsurou Araki
Director, Kyouji Asano
Character Design, Kazuhiro Yamada
Photography Director, Tetsuya Kinoshita
Producer","Hajime Isayama : Original Creator, Tetsurou Araki : Director, Kyouji Asano : Character Design, Kazuhiro Yamada : Photography Director, Tetsuya Kinoshita : Producer"
Your lie in April, Shigatsu wa Kimi no Uso,TV   ,22.0,A-1 Pictures,Fall ,"Drama, Romance, Shounen, Classical Music, Illness, Melancholy, Mental Illness, Music, noitaminA, Psychological, School Life, Tournaments, Unrequited Love, Based on a Manga, Mature Themes,, Physical Abuse,, Domestic Abuse",4.33,2014.0,2015.0,"""Kousei Arima was a genius pianist until his mother's sudden death took away his ability to play. Each day was dull for Kousei. But, then he meets a violinist named Kaori Miyazono who has an eccentric playing style. His monotonus life was about to change forever.""","Mature Themes,, Physical Abuse,, Domestic Abuse","Your Lie in April, Your Lie in April: A Six-Person Etude (Light Novel), Your lie in April: Coda",Your lie in April: Moments,"Kaori Miyazono : Risa Taneda, Kousei Arima : Natsuki Hanae, Ryouta Watari : Ryouta Oosaka, Tsubaki Sawabe : Ayane Sakura, Emi Igawa : Saori Hayami, Hiroko Seto : Mie Sonozaki, Nagi Aizato : Ai Kayano, Nao Kashiwagi : Shizuka Ishigami, Naoshi Arakawa
Original Creator, Kyouhei Ishiguro
Director, Masaru Yokoyama
Music, Yukiko Aikei
Character Design, Kazuko Nakashima
Color Design, Makoto Kimura
Producer, Kensuke Tateishi
Producer, Ryousuke Nakamura
Key Animator & Op Director & Storyboard","Naoshi Arakawa : Original Creator, Kyouhei Ishiguro : Director, Masaru Yokoyama : Music, Yukiko Aikei : Character Design, Kazuko Nakashima : Color Design, Makoto Kimura : Producer, Kensuke Tateishi : Producer, Ryousuke Nakamura : Key Animator & Op Director & Storyboard"
Mushishi: Hihamukage, Mushishi: Sun-Eating Shade,TV Sp,,Artland,,"Fantasy, Seinen, Countryside, Illness, Supernatural, Based on a Manga",4.32,2014.0,,'The mushi are said to become uneasy during an eclipse. Tanyuu sends Ginko to monitor a village for the appearance of a mushi that causes a neverending eclipse. Her foreboding is justified when the village is enveloped in darkness...',,"Mushishi, Mushishi Special: Sun-Eating Shade, Mushishi Gaitanshuu","Mushishi, Mushishi Recap, Mushishi Zoku Shou, Mushishi Zoku Shou: Odoro no Michi, Mushishi Zoku Shou 2nd Season, Mushishi Zoku Shou: Suzu no Shizuku","Ginko : Yuto Nakano, Hiyori : Yuuna Watanabe, Adashino : Yuuji Ueda, Hinata : Rio Sasaki, Tanyuu Karibusa : Ai Kobayashi, Hiyori'S Father : Shirou Arai, Hiyori'S Mother : Risa Mizuno, Tama Minai : Hisako Kyouda, Yuki Urushibara
Original Creator, Hiroshi Nagahama
Director, Toshio Masuda
Music, Yoshihiko Umakoshi
Character Design, Ai Abe
Producer, Junichirou Tsuchiya
Producer, Eiji Abiko
Animation Director & Key Animator","Yuki Urushibara : Original Creator, Hiroshi Nagahama : Director, Toshio Masuda : Music, Yoshihiko Umakoshi : Character Design, Ai Abe : Producer, Junichirou Tsuchiya : Producer, Eiji Abiko : Animation Director & Key Animator"
Mushishi Zoku Shou: Odoro no Michi, Mushishi -Next Passage- Path of Thorns,TV Sp,,Artland,,"Fantasy, Seinen, Forest, Iyashikei, Supernatural, Based on a Manga",4.29,2014.0,,"'Should darkness rise from the depths of the cavern, the boundary between and man and mushi will vanish. Life itself will become bereft of death, and the natural order will crumble. The world as we know it will be no more. Mishappen beings and taboos unique to man lie in wait along the path of thorns...'",,"Mushishi, Mushishi Special: Sun-Eating Shade, Mushishi Gaitanshuu","Mushishi, Mushishi Recap, Mushishi: Hihamukage, Mushishi Zoku Shou, Mushishi Zoku Shou 2nd Season, Mushishi Zoku Shou: Suzu no Shizuku","Ginko : Yuto Nakano, Kumado Minai, Tanyuu Karibusa, Tama Minai, Yuki Urushibara
Original Creator, Kouichirou Soutome
Chief Director, Hiroshi Nagahama
Director, Toshio Masuda
Music, Yoshihiko Umakoshi
Character Design, Eiji Abiko
Animation Director & Key Animator","Yuki Urushibara : Original Creator, Kouichirou Soutome : Chief Director, Hiroshi Nagahama : Director, Toshio Masuda : Music, Yoshihiko Umakoshi : Character Design, Eiji Abiko : Animation Director & Key Animator"
JoJo's Bizarre Adventure Re-Edited,,TV Sp,,David Production,,"Action, Shounen, Hand to Hand Combat, Recap, Supernatural, Based on a Manga",4.28,2014.0,,"""A re-edited, re-telling of JoJo's Bizarre Adventure (2012).""",,"JoJo's Bizarre Adventure Part 1: Phantom Blood, JoJo's Bizarre Adventure Part 2: Battle Tendency, Purple Haze Feedback: From JoJo's Bizarre Adventure (Light Novel), JoJo's Bizarre Adventure: Crazy Diamond's Demonic Heartbreak",JoJo's Bizarre Adventure (2012),"Dio Brando, Jonathan Joestar, Joseph Joestar, Hirohiko Araki
Original Creator",Hirohiko Araki : Original Creator
Parasyte -the maxim-, Kiseijuu: Sei no Kakuritsu,TV   ,24.0,MADHOUSE,Fall ,"Action, Drama, Horror, Sci Fi, Seinen, Aliens, Body Sharing, Psychological, Based on a Manga, Animal Abuse,, Bullying,, Explicit Violence,, Mature Themes",4.28,2014.0,2015.0,"""In secret, alien parasites drift downwards toward Earth. Their directive: to take control of a human body and thrive in secret. When a parasite attempts to take over Shinji, an ordinary high school student, he stops it in his arm to save his mind. With the strange power of amorphous muscle, the curious parasite strikes an uneasy truce with Shinji: it will keep him alive and strong so that it may continue living, and will help protect him from the other parasites that might not take kindly to Shinji's mind still actively working. Can Shinji gain the courage to face the parasites and protect humanity? And would it even make a difference if he did?""","Animal Abuse,, Bullying,, Explicit Violence,, Mature Themes","Parasyte, Parasyte Reversi",,"Migi : Aya Hirano, Shinichi Izumi : Nobunaga Shimazaki, Gotou : Kazuhiko Inoue, Hideo Shimada : Akira Ishida, Hirama : Takuma Suzuki, Kana Kimishima : Miyuki Sawashiro, Kazuyuki Izumi : Masaki Aizawa, Nobuko Izumi : Chieko Sasai, Hitoshi Iwaaki
Original Creator, Yoshihiro Kanno
Director, Kenichi Shimizu
Director, Hitoshi Haga
Director, Masayuki Mizutani
Director, Ken Arai
Music, Tadashi Hiramatsu
Character Design, Toshio Nakatani
Producer","Hitoshi Iwaaki : Original Creator, Yoshihiro Kanno : Director, Kenichi Shimizu : Director, Hitoshi Haga : Director, Masayuki Mizutani : Director, Ken Arai : Music, Tadashi Hiramatsu : Character Design, Toshio Nakatani : Producer"
Barakamon,,TV   ,12.0,Kinema Citrus,Summer,"Comedy, Shounen, Slice of Life, Art, Countryside, Island, Iyashikei, Lifestyle Change, Based on a Manga",4.28,2014.0,,"'When calligrapher Sei ""Seishuu"" Handa becomes so enraged at a judge\'s critique of his work that he actually punches the old man, his father decides that Sei needs to reflect on his behavior and sends him to a remote island to live. Far from the modern conveniences of the city,\xa0the moody artist must adapt to his rural environment and his quirky but well-intentioned neighbors. How can he focus on his art when his appliances frequently don\'t work, his neighbors keep bothering him, and the neighborhood children have turned his house into a secret base?'",,"Barakamon, Handa-kun","Barakamon: Mijikamon, Handa-kun","Naru Kotoishi : Suzuko Hara, Sei Handa : Daisuke Ono, Hina Kubota : Rina Endou, Hiroshi Kido : Kouki Uchiyama, Miwa Yamamura : Nozomi Furuki, Tamako Arai : Rumi Ookubo, Akihiko Arai : Megumi Han, Akiko Kido : Kei Hayami, Satsuki Yoshino
Original Creator, Masaki Tachibana
Director, Kenji Kawai
Music, Majiro
Character Design, Shingo Kaneko
Episode Director, Eiji Abiko
Key Animator, Super Beaver
Song Performance","Satsuki Yoshino : Original Creator, Masaki Tachibana : Director, Kenji Kawai : Music, Majiro : Character Design, Shingo Kaneko : Episode Director, Eiji Abiko : Key Animator, Super Beaver : Song Performance"
JoJo's Bizarre Adventure: Stardust Crusaders, JoJo no Kimyou na Bouken: Stardust Crusaders,TV   ,24.0,David Production,Spring,"Action, Adventure, Shounen, Monster-of-the-week, Proxy Battles, Supernatural, Based on a Manga, Animal Abuse,, Explicit Violence,, Mature Themes",4.26,2014.0,,"'In a Japanese jail sits 17-year-old Jotaro Kujo: punk, fighter, delinquent...and possessed by a force beyond his control! Around the world, evil spirits are awakening: ""Stands,"" monstrous invisible creatures which give their bearers incredible powers. To save his mother\'s life, Jotaro must tame his dark forces and travel around the world to Cairo, Egypt, where a hundred-year-old vampire thirsts for the blood of his family. But the road is long, and an army of evil Stand Users wait to kill JoJo and his friends...'","Animal Abuse,, Explicit Violence,, Mature Themes","JoJo's Bizarre Adventure Part 1: Phantom Blood, JoJo's Bizarre Adventure Part 2: Battle Tendency, JoJo's Bizarre Adventure Part 3: Stardust Crusaders, JoJo's Bizarre Adventure Part 4: Diamond is Unbreakable, JoJo's Bizarre Adventure Part 5: Golden Wind, JoJo's Bizarre Adventure Part 6: Stone Ocean, JoJo's Bizarre Adventure Part 7: Steel Ball Run, The Book: JoJo's Bizarre Adventure 4th Another Day (Light Novel), Rohan at the Louvre, JoJo's Bizarre Adventure Part 8: Jojolion, Purple Haze Feedback: From JoJo's Bizarre Adventure (Light Novel), Jorge Joestar (Light Novel), JoJo's Bizarre Adventure: Crazy Diamond's Demonic Heartbreak","JoJo's Bizarre Adventure, JoJo's Bizarre Adventure (2000), JoJo's Bizarre Adventure: Phantom Blood, JoJo's Bizarre Adventure (2012), JoJo’s Bizarre Adventure: Stardust Crusaders - Battle in Egypt, JoJo's Bizarre Adventure: Diamond is Unbreakable, JoJo's Bizarre Adventure: Golden Wind, JoJo's Bizarre Adventure: Stone Ocean","Jean Pierre Polnareff : Fuminori Komatsu, Joseph Joestar : Unshou Ishizuka, Jotaro Kujo : Daisuke Ono, Mohammed Avdol : Kenta Miyake, Noriaki Kakyoin : Daisuke Hirakawa, Dio Brando : Takehito Koyasu, Anne : Rie Kugimiya, Arabia Fats : Manabu Sakamaki, Hirohiko Araki
Original Creator, Toshiyuki Katou
Chief Director, Kenichi Suzuki
Director, Naokatsu Tsuda
Director, Yasuko Kobayashi
Series Composition, Yuugo Kanno
Music, Masahiko Komino
Character Design, Yoshikazu Iwanami
Sound Director","Hirohiko Araki : Original Creator, Toshiyuki Katou : Chief Director, Kenichi Suzuki : Director, Naokatsu Tsuda : Director, Yasuko Kobayashi : Series Composition, Yuugo Kanno : Music, Masahiko Komino : Character Design, Yoshikazu Iwanami : Sound Director"
Natsume Yuujinchou: Itsuka Yuki no Hi ni, Natsume's Book of Friends: Itsuka Yuki no Hi ni,OVA  ,1.0,Brain's Base,,"Drama, Shoujo, Slice of Life, Bodyguards, Cats, Countryside, Iyashikei, Japanese Mythology, Orphans, Supernatural, Youkai, Based on a Manga",4.26,2014.0,,'No synopsis yet - check back soon!',,"Natsume's Book of Friends, Natsume's Book of Friends (Light Novel), Nyanko-sensei ga Iku!","Natsume's Book of Friends, Natsume's Book of Friends Season 2, Zoku Natsume Yuujinchou: 3D Nyanko-sensei Gekijou, Natsume's Book of Friends Season 3, Natsume's Book of Friends Season 4, Natsume's Book of Friends: Nyanko-sensei & The First Errand, Natsume's Book of Friends Season 5, Natsume's Book of Friends Season 6, Natsume's Book of Friends Movie: Ephemeral Bond","Nyanko-Sensei : Kazuhiko Inoue, Takashi Natsume : Hiroshi Kamiya, Yukihana : Sakiko Uran, Shigeru Fujiwara : Eiji Itou, Touko Fujiwara : Miki Itou, Yuki Midorikawa
Original Creator, Takahiro Oomori
Chief Director, Kotomi Deai
Director, Makoto Yoshimori
Music, Akira Takada
Character Design, Shuko Yokoyama
Producer, Tomomi Kyoutani
Producer, Tomoko Taneoka
Producer","Yuki Midorikawa : Original Creator, Takahiro Oomori : Chief Director, Kotomi Deai : Director, Makoto Yoshimori : Music, Akira Takada : Character Design, Shuko Yokoyama : Producer, Tomomi Kyoutani : Producer, Tomoko Taneoka : Producer"
No Game No Life,,TV   ,12.0,MADHOUSE,Spring,"Adventure, Ecchi, Fantasy, High Stakes Games, Isekai, NEET, Overpowered Main Characters, Person in a Strange World, PVP, Royalty, Siblings, Based on a Light Novel",4.26,2014.0,,"""An urban legend states that those exceptionally gifted at gaming will be sent a special game invitation, and the winners of the challenge will be whisked away to another world. When Sora and Shiro, two hikikomori NEETs who happen to be both siblings and notorious gamers, receive this invitation, they defeat it with ease. And like the legends tell, they're transported to another world where conflicts, peoples' lives and even country borders are decided by competitions and games. Always up for a challenge, the pair quickly take on the obstacles that come their way, whether it be restoring lowly humanity's good name compared with the other races or helping influence who will become the next king.""",,"No Game No Life (Light Novel), No Game No Life, No Game No Life, Please!, No Game No Life: Practical War Game (Light Novel), No Game No Life Part 2: Eastern Union Arc","No Game No Life Specials, No Game No Life: Zero","Shiro : Ai Kayano, Sora : Yoshitsugu Matsuoka, Jibril : Yukari Tamura, Kurami Zell : Yuka Iguchi, Stephanie Dola : Youko Hikasa, Fil Nilvaren : Mamiko Noto, Fool King : Jun Fukushima, Ino Hatsuse : Mugihito, Atsuko Ishizuka
Director & Episode Director & Storyboard, Jukki Hanada
Screenplay & Series Composition, Takahiro Eguchi
Music, Shinji Hosoe
Music, Fumihisa Tanaka
Music, Ayako Sasou
Music, Kouji Ooya
Animation Director & Character Design & Chief Animation Director, Kenji Fujita
Photography Director","Atsuko Ishizuka : Director & Episode Director & Storyboard, Jukki Hanada : Screenplay & Series Composition, Takahiro Eguchi : Music, Shinji Hosoe : Music, Fumihisa Tanaka : Music, Ayako Sasou : Music, Kouji Ooya : Animation Director & Character Design & Chief Animation Director, Kenji Fujita : Photography Director"
Black Butler: Book of Murder, Kuroshitsuji: Book of Murder,OVA  ,2.0,A-1 Pictures,,"Mystery, Shounen, 19th Century, Butlers, Demons, England, Europe, Master-Servant Relationship, Non-Human Protagonists, Supernatural, Based on a Manga",4.25,2014.0,,"""At the Queen's behest, young master Ciel Phantomhive hosts a lavish\xa0banquet\xa0to be attended by the crème-de-la-crème of London's elite. What begins as a fabulous affair quickly takes a dark turn when guests begin turning up dead! Murder takes center stage in this chilling\xa0OVA\xa0collection where even a debonair demon butler isn't safe from a killer on the prowl. Should Sebastian and Ciel wish to once more see the light of day, they must join forces with their guests, including the legendary author Sir\xa0Arthur Conan Doyle, to unravel the mystery – and apprehend the murderer before it's too late!""",,Black Butler,"Black Butler, Black Butler Recap, Black Butler: His Butler, Performer, Black Butler Picture Drama, Black Butler 2, Black Butler 2 Specials, Black Butler: Book of Circus, Black Butler: Book of the Atlantic","Arthur : Shintarou Asanuma, Ciel Phantomhive : Maaya Sakamoto, Sebastian Michaelis : Daisuke Ono, Bardroy : Hiroki Touchi, Carl Woodley : Tooru Sakurai, Charles Grey : Ryouhei Kimura, Finnian : Yuuki Kaji, Grimsby Keane : Eiichiro Tokumoto, Yana Toboso
Original Creator, Noriyuki Abe
Director, Yasunori Mitsuda
Music, Minako Shiba
Character Design, Yasutaka Kimura
Producer, Kozue Kaneniwa
Producer, Ryuu Hashimoto
Producer, Shinobu Satou
Producer","Yana Toboso : Original Creator, Noriyuki Abe : Director, Yasunori Mitsuda : Music, Minako Shiba : Character Design, Yasutaka Kimura : Producer, Kozue Kaneniwa : Producer, Ryuu Hashimoto : Producer, Shinobu Satou : Producer"
Fairy Tail 2,,TV   ,102.0,A-1 Pictures,Spring,"Action, Adventure, Comedy, Fantasy, Shounen, Guilds, Magic, Based on a Manga",4.25,2014.0,2016.0,"'Natsu, Lucy, and their fellow Fairy Tail mages return to protect the humanity from powerful enemies, including but not limited to Dark Guilds, dragons, and Zeref, the most powerful dark mage.'",,"Fairy Tail Matsuri, Fairy Tail, Fairy Tail S: Tales from Fairy Tail, Fairy Tail the Movie: Priestess of The Phoenix - The Sunrise, Fairy Tail: Ice Trail, Fairy Tail Zero, Fairy Tail: Blue Mistral, Fairy Girls, Magazine Ohanami!!, Fairy Tail Gaiden, Fairy Tail: 100 Years Quest, Fairy Tail: Happy’s Heroic Adventure, Fairy Tail: City Hero","Fairy Tail: 100 Years Quest, Fairy Tail, Fairy Tail OVA, Fairy Tail Movie 1: Phoenix Priestess, Fairy Tail Movie 1: Phoenix Priestess - The First Morning, Fairy Tail 2 OVA, Fairy Tail Movie 2: Dragon Cry, Fairy Tail: Final Season","Charle : Yui Horie, Erza Scarlet : Sayaka Oohara, Gray Fullbuster : Yuuichi Nakamura, Happy : Rie Kugimiya, Lucy Heartfilia : Aya Hirano, Natsu Dragneel : Tetsuya Kakihara, Wendy Marvell : Satomi Satou, Elfman Strauss : Hiroki Yasumoto, Hiro Mashima
Original Creator, Shinji Ishihira
Director, Masashi Sogo
Screenplay & Series Composition, Yasuharu Takanashi
Music, Shinji Takeuchi
Character Design, Toshihiko Sano
Character Design, Tomonori Ochikoshi
Producer, Yoshikazu Beniya
Producer","Hiro Mashima : Original Creator, Shinji Ishihira : Director, Masashi Sogo : Screenplay & Series Composition, Yasuharu Takanashi : Music, Shinji Takeuchi : Character Design, Toshihiko Sano : Character Design, Tomonori Ochikoshi : Producer, Yoshikazu Beniya : Producer"
Black Butler: Book of Circus, Kuroshitsuji: Book of Circus,TV   ,10.0,A-1 Pictures,Summer,"Shounen, 19th Century, Animeism, Butlers, Circus, Demons, England, Europe, Master-Servant Relationship, Nobility, Non-Human Protagonists, Supernatural, Based on a Manga, Violence",4.24,2014.0,,"""In Victorian London, the breathtaking performances of the Noah's Ark Circus have captured the attention of people all across the city. But the spell of magic and wonderment woven under the big top is not without consequences. Children have suddenly begun to vanish, and some suspect these mysterious performers are responsible. In an attempt to get to the bottom of these disturbing disappearances, the dashing duo of demon butler, Sebastian Michaelis, and his young master, Ciel Phantomhive, will infiltrate the circus and uncover whatever darkness may lie at its core!""",Violence,Black Butler,"Black Butler, Black Butler Recap, Black Butler: His Butler, Performer, Black Butler Picture Drama, Black Butler 2, Black Butler 2 Specials, Black Butler: Book of Murder, Black Butler: Book of the Atlantic","Ciel Phantomhive : Maaya Sakamoto, Sebastian Michaelis : Daisuke Ono, Beast : Yuko Kaida, Dagger : Nobuhiko Okamoto, Doll : Ayahi Takagaki, Joker : Mamoru Miyano, William T. Spears : Noriaki Sugiyama, Agni : Hiroki Yasumoto, Yana Toboso
Original Creator, Noriyuki Abe
Director, Yasunori Mitsuda
Music, Minako Shiba
Character Design, Yasutaka Kimura
Producer, Kozue Kaneniwa
Producer, Ryuu Hashimoto
Producer, Shinobu Satou
Producer","Yana Toboso : Original Creator, Noriyuki Abe : Director, Yasunori Mitsuda : Music, Minako Shiba : Character Design, Yasutaka Kimura : Producer, Kozue Kaneniwa : Producer, Ryuu Hashimoto : Producer, Shinobu Satou : Producer"
Yona of the Dawn, Akatsuki no Yona,TV   ,24.0,Pierrot,Fall ,"Adventure, Fantasy, Romance, Shoujo, Betrayal, Death of a Loved One, Orphans, Political, Prophecy, Rebellions, Reincarnation, Royalty, Weak to Strong, Based on a Manga",4.24,2014.0,2015.0,"""In the kingdom of Kouka, Princess Yona lives a sheltered but peaceful life with her pacifist father, King II. Surrounded by attentive servants and protected by her bodyguard Hak, Yona's only difficulties in life are her unruly red hair and trying to convince her father to let her marry her cousin, Soo-wan. But on the night of her 16th birthday, Yona suddenly loses everything she holds dear and is forced to leave the castle. With no one left but Hak to defend her, Yona realizes that she must become strong if she is to survive. She embarks on a quest to find allies, and an ancient legend involving the Crimson Dragon King and his four Dragon Warriors may be her key to reclaiming her kingdom.""",,"Yona of the Dawn, Akatsuki no Yona (Light Novel)","Yona of the Dawn OVA, Yona of the Dawn: Zeno Arc","Hak Son : Tomoaki Maeno, Yona : Chiwa Saitou, Jae-Ha : Junichi Suwabe, Ki-Ja : Masakazu Morita, Shin-Ah : Sanae Kobayashi, Soo-Won : Nozomi Yamamoto, Yun : Junko Minagawa, Ao : Mitsuru Miyamoto, Mizuho Kusanagi
Original Creator, Kazuhiro Yoneda
Director, Kunihiko Ryou
Music, Akiko Shikata
Music, Maho Yoshikawa
Character Design, Asuka Yamazaki
Producer, Yoshito Danno
Producer, Hiroyuki Tajima
Producer","Mizuho Kusanagi : Original Creator, Kazuhiro Yoneda : Director, Kunihiko Ryou : Music, Akiko Shikata : Music, Maho Yoshikawa : Character Design, Asuka Yamazaki : Producer, Yoshito Danno : Producer, Hiroyuki Tajima : Producer"
Blue Spring Ride: Page.13, Ao Haru Ride: Page.13,OVA  ,1.0,Production I.G,,"Drama, Romance, Shoujo, Based on a Manga",4.22,2014.0,,'No synopsis yet - check back soon!',,"Ao Haru Ride, Ao Haru Ride (Light Novel)","Blue Spring Ride, Blue Spring Ride: Unwritten","Futaba Yoshioka : Maaya Uchida, Kou Mabuchi : Yuuki Kaji, Yuuri Makita : Ai Kayano, Aya Kominato : Kenn, Haruhiko Uchimiya : Kenji Akabane, Shuuko Murao : Mikako Komatsu, Touma Kikuchi : Yoshitsugu Matsuoka, Io Sakisaka
Original Creator, Ai Yoshimura
Director, Keiko Osaki
Music, Reina Igawa
Character Design","Io Sakisaka : Original Creator, Ai Yoshimura : Director, Keiko Osaki : Music, Reina Igawa : Character Design"
Fate/stay night: Unlimited Blade Works,,TV   ,12.0,ufotable,Fall ,"Action, Fantasy, Contemporary Fantasy, Magic, Proxy Battles, Superpowers, Urban Fantasy, Based on an Eroge, Based on a Visual Novel, Violence",4.21,2014.0,,"'Fuyuki City—a city surrounded by the ocean and the mountains becomes the setting for an age old ritual. To realize the mythical Holy Grail, which is said to grant any wish from its possessor, seven masters are given seven heroic spirits chosen by the Grail. These heroic spirits or servants are: Saber, Lancer, Archer, Rider, Caster, Assassin and Berserker. Each master will enter into a contract with their assigned servants and battle the other masters and servants to the death until only one pair remains…This is the ―Holy Grail War.'",Violence,"Fate/Stay Night: Comic Battle, Fate/stay Night: DNA Comic Manga Anthology, Fate/Stay Night, Himuro no Tenchi Fate/School Life, Fate/Zero (Light Novel), Fate/Tiger Colosseum Upper, Fate/Kaleid Liner Prisma Illya, Fate/Kaleid Liner Prisma Illya 2wei!, Fate/Zero, Fate/Extra, Fate/Apocrypha (Light Novel), Fate/Kaleid Liner Prisma Illya 3rei!!, Fate/Prototype: Tribute Phantasm, Fate/Extra: CCC Fox Tail, Fate/Hollow Ataraxia, Fate/Prototype: Soukan no Fragments (Light Novel), Fate/Kaleid Liner Prisma Illya (Light Novel), Fate/strange Fake, Fate/Mahjong Night: Seihai Sensou, Fate/Gudaguda Order, Fate/strange Fake (Light Novel), Fate/stay night: Garden of Avalon (Light Novel), Fate/Labyrinth (Light Novel), Fate/Stay Night: Heaven's Feel, Fate/Apocrypha, Today's Menu for Emiya Family, Fate/Ixtella","Fate/stay night, Fate/stay night: TV reproduction, Fate/stay night: Unlimited Blade Works Movie, Fate/Zero, Fate/Prototype, Fate/Zero: Onegai! Einzbern Soudanshitsu, Fate/Zero 2, Fate/Kaleid Liner Prisma Illya, Fate/Kaleid Liner Prisma Illya Specials, Fate/Kaleid Liner Prisma Illya 2wei! First Bra - Illya-hen, Fate/Kaleid Liner Prisma Illya: Undoukai de Dance!, Fate/Kaleid Liner Prisma Illya 2wei!, Fate/stay night: Unlimited Blade Works Prologue, Fate/Kaleid Liner Prisma Illya 2wei! OVA, Fate/stay night: Unlimited Blade Works 2 - Sunny Day, Fate/stay night: Unlimited Blade Works 2, Fate/kaleid Liner Prisma Illya 2wei Herz!, Fate/kaleid Liner Prisma Illya 2wei Herz! Specials, Fate/Kaleid Liner Prisma Illya 3rei!!, Fate/Kaleid Liner Prisma Illya 3rei!! Special, Fate/stay night: Heaven's Feel I. presage flower, Fate/stay night: Heaven's Feel II. lost butterfly, Fate/stay night: Heaven's Feel III. spring song","Archer : Junichi Suwabe, Rin Tohsaka : Kana Ueda, Saber : Ayako Kawasumi, Shirou Emiya : Noriaki Sugiyama, Caster : Atsuko Tanaka, Sakura Matou : Noriko Shitaya, Shinji Matou : Hiroshi Kamiya, Assassin : Shinichirou Miki, Takahiro Miura
Director, Ufotable
Screenplay & Series Composition, Hideyuki Fukasawa
Music, Tomonori Sudou
Character Design, Atsushi Ikariya
Character Design, Hisayuki Tabata
Character Design, Yoshikazu Iwanami
Sound Director, Atsuhiro Iwakami
Producer","Takahiro Miura : Director, Ufotable : Screenplay & Series Composition, Hideyuki Fukasawa : Music, Tomonori Sudou : Character Design, Atsushi Ikariya : Character Design, Hisayuki Tabata : Character Design, Yoshikazu Iwanami : Sound Director, Atsuhiro Iwakami : Producer"
Initial D Final Stage,,TV   ,,Synergy SP,Spring,"Drama, Seinen, Sports, Cars, Racing, Based on a Manga",4.21,2014.0,,"""Takumi and Keisuke of the gifted mountain racing team, Project D, face their toughest opponents yet as they race to conquer the Kanegawa area's finest racers and mountain roads. Takumi faces a young prodigy who drives a very familiar car.""",,Initial D,"Initial D, Initial D Second Stage, Initial D Third Stage, Initial D Extra Stage, Initial D Battle Stage, Initial D: Project D to the Next Stage - Project D e Mukete, Initial D Fourth Stage, Initial D Battle Stage 2, Initial D Extra Stage 2: Tabidachi no Green, Initial D Fifth Stage, Initial D Legend 1: Awakening, Initial D Legend 2: Racer, Initial D Legend 3: Dream, Initial D Battle Stage 3","Shinji Inui : Atsushi Abe, Takumi Fujiwara : Shinichirou Miki, Eiji Kubo : Yasuyuki Kase, Go Hojo : Hidenobu Kiuchi, Itsuki Takeuchi : Mitsuo Iwata, Keisuke Takahashi : Tomokazu Seki, Kenji : Wataru Takagi, Koichiro Iketani : Kazuki Yao, Masaki Satou
Character Design, Nobuaki Kishima
Screenplay","Masaki Satou : Character Design, Nobuaki Kishima : Screenplay"
Silver Spoon 2nd Season, Gin no Saji 2nd Season,TV   ,11.0,A-1 Pictures,Winter,"Comedy, Shounen, Slice of Life, Agriculture, Coming of Age, Lifestyle Change, noitaminA, School Life, Based on a Manga",4.19,2014.0,,"'Yuugo, Aki and the rest of the gang continue their studies at Ezonoo agricultural high school, handling chickens, grooming cows and learning all about a farm worker’s duties. Change is in the air, as the group is becoming more skilled, and the equestrian club has even asked Yuugo to become the new vice president, much to his dismay! Whether Yuugo and his friends are adopting a stray puppy, watching jumping competitions or learning the intimate ways to check if a cow is pregnant, they’re sure to have a fun time at Ezonoo.'",,Silver Spoon,Silver Spoon,"Aki Mikage : Marie Miyake, Yuugo Hachiken : Ryouhei Kimura, Ayame Minamikujou : Sayuri Yahagi, Chestnut, Ichirou Komaba : Tooru Sakurai, Keiji Tokiwa : Masayuki Shouji, Shinei Ookawa : Takahiro Mizushima, Tamako Inada : Ayahi Takagaki, Hiromu Arakawa
Original Creator, Kotomi Deai
Director, Shuusei Murai
Music, Jun Nakai
Character Design, Kazuya Monma
Cg Director, Shigeru Nishiyama
Editor","Hiromu Arakawa : Original Creator, Kotomi Deai : Director, Shuusei Murai : Music, Jun Nakai : Character Design, Kazuya Monma : Cg Director, Shigeru Nishiyama : Editor"
Noragami,,TV   ,12.0,Bones,Winter,"Action, Comedy, Drama, Shounen, Ghosts, Gods, Japanese Mythology, Non-Human Protagonists, Supernatural, Based on a Manga, Violence",4.17,2014.0,,"""Yato, the supposed God of Calamity, is so far down on the Shinto totem pole that he doesn't even have any followers or a shrine to call his own and has to do odd jobs to make ends meet. Worst of all, his aloof and somewhat goofy personality has just cost him his newest partner and best holy weapon. When the down-on-his-luck Yato is saved by an unfortunate soul called Hiyori, he's forced to take on a brand new job - to turn her back into a human and fix her supernatural out-of-body experiences! Can Yato, a Regalia-less, miserly minor god, even attempt such a tall order? And is there more to him than his ridiculousness lets on?""",Violence,"Noragami: Stray God, Noragami: Stray Stories","Noragami OVA, Tia: Heart Realize, Noragami: Noraneko, Noragami Aragoto, Noragami Aragoto OVA","Hiyori Iki : Maaya Uchida, Yato : Hiroshi Kamiya, Yukine : Yuuki Kaji, Aimi Tabata : Yuuko Takayama, Akira Yamashita : Minami Takahashi, Bishamonten : Miyuki Sawashiro, Daikoku : Daisuke Ono, Kazuma : Jun Fukuyama, Adachitoka
Original Creator, Koutarou Tamura
Director & Storyboard, Taku Iwasaki
Music, Toshihiro Kawamoto
Character Design, Toshiaki Doushita
Producer, Makoto Furukawa
Producer, Naoki Amano
Producer, Yuri Terao
Producer","Adachitoka : Original Creator, Koutarou Tamura : Director & Storyboard, Taku Iwasaki : Music, Toshihiro Kawamoto : Character Design, Toshiaki Doushita : Producer, Makoto Furukawa : Producer, Naoki Amano : Producer, Yuri Terao : Producer"
The Seven Deadly Sins, Nanatsu no Taizai,TV   ,24.0,A-1 Pictures,Fall ,"Action, Adventure, Fantasy, Shounen, Demons, Magic, Medieval, Non-Human Protagonists, Overpowered Main Characters, Royalty, Superpowers, Based on a Manga, Animal Abuse,, Mature Themes,, Violence",4.17,2014.0,2015.0,"""The kingdom of Liones is thrown into turmoil when the king's Holy Knights are corrupted by a distinctly unholy demonic power. The land's only hope is a band of powerful warriors known as The Seven Deadly Sins - an exiled group of oddballs who seem to spend as much time fighting each other as they do fighting their enemies. Princess Elizabeth desperately seeks their aid, but the leader of her would-be saviors turns out to be an undersized pervert with a broken blade and a talking pig! They are soon joined by a jealous giant, a fussy fairy, and an immortal bandit pining over his lost love. Can these people really be the legendary heroes she's looking for?""","Animal Abuse,, Mature Themes,, Violence","The Seven Stories, The Seven Deadly Sins: Original Sins Short Story Collection, The Seven Deadly Sins, Fairy Tail x The Seven Deadly Sins Christmas Special, The Seven Deadly Sins Academy, The Seven Deadly Sins: Seven Wishes of the Days of Yore (Light Novel), The Seven Deadly Sins: Seven Days (Light Novel), The Seven Deadly Sins: Seven Scars They Left Behind (Light Novel), The Seven Deadly Sins Production, The Seven Deadly Sins: The Vampires of Edinburgh, The Seven Deadly Sins: King's Road to Manga, The Seven Deadly Sins: Seven-Colored Recollections (Light Novel), The Seven Deadly Sins: Seven Days, The Seven Deadly Sins Movie: Prisoners of the Sky, The Seven Deadly Sins Movie: Prisoners of the Sky (Light Novel)","The Seven Deadly Sins OVA, The Seven Deadly Sins: Signs of Holy War, The Seven Deadly Sins: Revival of the Commandments Prologue, The Seven Deadly Sins: Revival of the Commandments, The Seven Deadly Sins Movie: Prisoners of the Sky, The Seven Deadly Sins: Revival of the Commandments OVA, Hawk no Onayami Soudanshitsu, The Seven Deadly Sins: Imperial Wrath of the Gods, Mameshiba x The Seven Deadly Sins, The Seven Deadly Sins: Dragon's Judgement, The Seven Deadly Sins Movie 2: Cursed by Light, The Seven Deadly Sins: Grudge of Edinburgh","Ban : Tatsuhisa Suzuki, Diane : Aoi Yuuki, Elizabeth Liones : Sora Amamiya, Hawk : Misaki Kuno, King : Jun Fukuyama, Meliodas : Yuuki Kaji, Arthur Pendragon : Sachi Kokuryu, Dreyfus : Katsuyuki Konishi, Nakaba Suzuki
Original Creator, Tensai Okamura
Director, Hiroyuki Sawano
Music, Keigo Sasaki
Character Design, Ryuu Hashimoto
Producer, Tetsuya Endou
Producer, Kyouko Uryuu
Producer, Kensuke Tateishi
Producer","Nakaba Suzuki : Original Creator, Tensai Okamura : Director, Hiroyuki Sawano : Music, Keigo Sasaki : Character Design, Ryuu Hashimoto : Producer, Tetsuya Endou : Producer, Kyouko Uryuu : Producer, Kensuke Tateishi : Producer"
Tokyo Ghoul,,TV   ,12.0,Pierrot,Summer,"Action, Drama, Horror, Seinen, Human Experimentation, Psychological, Supernatural, Thriller, Based on a Manga, Cannibalism,, Explicit Violence,, Mature Themes,, Physical Abuse",4.17,2014.0,,"'In modern day Tokyo, society lives in fear of Ghouls: mysterious creatures who look exactly like humans -- yet hunger insatiably for their flesh. None of this matters to Ken Kaneki, a bookish and ordinary young man, until a dark and violent encounter turns him into the first ever Ghoul-human half breed. Trapped between two worlds, Ken must survive the violent conflicts of warring Ghoul factions, while attempting to learn more about Ghoul society, his newfound powers, and the fine line between man and monster.'","Cannibalism,, Explicit Violence,, Mature Themes,, Physical Abuse","Tokyo Ghoul (Pilot), Tokyo Ghoul, Tokyo Ghoul (Light Novel), Tokyo Ghoul: Jack, Tokyo Ghoul [Joker], Tokyo Ghoul:re, Tokyo Ghoul:re[quest] (Light Novel)","Tokyo Ghoul √A, Tokyo Ghoul: Jack, Tokyo Ghoul: Pinto, Tokyo Ghoul:re, Tokyo Ghoul:re 2nd Season","Ken Kaneki : Natsuki Hanae, Touka Kirishima : Sora Amamiya, Hideyoshi Nagachika : Toshiyuki Toyonaga, Hinami Fueguchi : Sumire Morohoshi, Kazuichi Banzou : Kentarou Itou, Koutarou Amon : Katsuyuki Konishi, Kureo Mado : Tooru Ookawa, Nishio Nishiki : Shintarou Asanuma, Sui Ishida
Original Creator, Shuuhei Morita
Director, Yutaka Yamada
Music, Kazuhiro Miwa
Character Design & Chief Animation Director, Ken Hagino
Producer, Hajime Maruyama
Producer, Yoshito Danno
Producer, Hidetada Soga
Producer","Sui Ishida : Original Creator, Shuuhei Morita : Director, Yutaka Yamada : Music, Kazuhiro Miwa : Character Design & Chief Animation Director, Ken Hagino : Producer, Hajime Maruyama : Producer, Yoshito Danno : Producer, Hidetada Soga : Producer"
Ping Pong The Animation,,TV   ,11.0,Tatsunoko Production,Spring,"Drama, Seinen, Sports, Coming of Age, noitaminA, Ping Pong, Tournaments, Based on a Manga",4.16,2014.0,,"""Makoto Tsukimoto (nicknamed Smile) is a quiet high-schooler who's been friends with the loud and energetic Yukata Hoshino (nicknamed Peco) since childhood. They're both in the local table tennis club and both have a natural talent for it, although Smile's personality always enables him from winning against Peco. The club teacher, however, notices Smile's talent and tries to make him gain some sportive tenacity.""",,Ping Pong,,"Makoto Tsukimoto : Kouki Uchiyama, Yutaka Hoshino : Fukujurou Katayama, Jo Koizumi : Yusaku Yara, Manabu Sakuma : Subaru Kimura, Obaba : Masako Nozawa, Ota : Takanori Hoshino, Ryuichi Kazuma : Shunsuke Sakuya, Wenge Kong : Yosei Bun, Taiyou Matsumoto
Original Creator, Masaaki Yuasa
Director, Eun-Young Choi
Assistant Director & Ed Director & Episode Director & Key Animator, Kensuke Ushio
Music, Nobutake Itou
Character Design, Eriko Kimura
Sound Director, Youhei Shintaku
Producer, Yuka Okayasu
Producer","Taiyou Matsumoto : Original Creator, Masaaki Yuasa : Director, Eun-Young Choi : Assistant Director & Ed Director & Episode Director & Key Animator, Kensuke Ushio : Music, Nobutake Itou : Character Design, Eriko Kimura : Sound Director, Youhei Shintaku : Producer, Yuka Okayasu : Producer"
Gintama: Jump Festa 2014,,Other,,Sunrise,,"Comedy, Shounen, Gag, Parody, Slapstick, Based on a Manga",4.16,2014.0,,'No synopsis yet - check back soon!',,"Gintama, 3-Z Class's Ginpachi-sensei (Light Novel), Gintama Kanketsu-hen: Yorozuya yo Eien Nare (Light Novel)",Gintama': Enchousen,"Gintoki Sakata : Tomokazu Sugita, Kagura : Rie Kugimiya, Shinpachi Shimura : Daisuke Sakaguchi, Toyako Hermit : Nobuo Tobita, Kotarou Katsura : Akira Ishida, Taizo Hasegawa : Fumihiko Tachiki, Toyako Hermit'S Mother : Kimiko Saitou, Catherine : Yuu Sugimoto, Hideaki Sorachi
Original Creator, Chizuru Miyawaki
Director","Hideaki Sorachi : Original Creator, Chizuru Miyawaki : Director"
Detective Conan Movie 18: The Sniper From Another Dimension, Meitantei Conan Movie 18: Ijigen no Sniper,Movie,,TMS Entertainment,,"Action, Mystery, Shounen, Age Transformation, Detectives, Based on a Manga",4.15,2014.0,,"""A vicious sniper has appeared in Tokyo, rendering the people too scared to go outside, once again it's up to Conan to figure out the meaning behind the killings and capture the mysterious sniper before more lives are lost.""",,"Magic Kaitou, Case Closed, Detective Conan: Tokubetsu-hen, Detective Conan (Shima MIZUKI) (Light Novel), Meitantei Conan: Ijigen no Sniper, Detective Conan: Zero's Tea Time","Detective Conan, Detective Conan Movie 1: The Time Bombed Skyscraper, Detective Conan Movie 2: The Fourteenth Target, Detective Conan Movie 3: The Last Magician of the Century, Detective Conan Movie 4: Captured In her Eyes, Detective Conan Movie 5: Countdown to Heaven, Detective Conan Movie 6: The Phantom of Baker Street, Detective Conan Movie 7: Crossroad in the Ancient Capital, Detective Conan Movie 8: Magician of the Silver Sky, Detective Conan Movie 9: Strategy Above the Depths, Detective Conan Movie 10: The Private Eyes' Requiem, Detective Conan Movie 11: Jolly Roger in the Deep Azure, Detective Conan Movie 12: Full Score of Fear, Detective Conan Movie 13: The Raven Chaser, Detective Conan Movie 14: The Lost Ship in the Sky, Detective Conan Movie 15: Quarter of Silence, Detective Conan Movie 16: The Eleventh Striker, Detective Conan Movie 17: Zekkai no Private Eye, Detective Conan Movie 19: The Hellfire Sunflowers, Detective Conan Movie 20: The Darkest Nightmare, Detective Conan Movie 21: Kara Kurenai no Love Letter, Detective Conan Movie 22: Zero The Enforcer, Detective Conan Movie 23: The Fist of Blue Sapphire, Detective Conan Movie 24: The Scarlet Bullet","Conan Edogawa : Minami Takayama, Ai Haibara : Megumi Hayashibara, Andre Camel : Kiyoyuki Yanada, Ayumi Yoshida : Yukiko Iwai, Bill Murphy : Steven Haynes, Carlos Lee : Michael Rivas, Genta Kojima : Wataru Takagi, Hiroshi Agasa : Kenichi Ogata, Gosho Aoyama
Original Creator, Koubun Shizuno
Director, Katsuo Ono
Music","Gosho Aoyama : Original Creator, Koubun Shizuno : Director, Katsuo Ono : Music"
Yowamushi Pedal: Grande Road, Yowapeda: Grande Road,TV   ,24.0,TMS Entertainment,Fall ,"Shounen, Sports, Cycling, Racing, School Club, School Life, Tournaments, Based on a Manga",4.14,2014.0,2015.0,'Second season of Yowamushi Pedal.',,"Yowamushi Pedal, Yowamushi Pedal: Spare Bike","Yowamushi Pedal: Special Ride, Yowamushi Pedal, Yowamushi Pedal: Re:RIDE, Yowamushi Pedal: Re:ROAD, Yowamushi Pedal The Movie, Chiba Pedal: Yowamushi Pedal to Manabu Jitensha Koutsuuanzen, Yowamushi Pedal: Spare Bike, Yowamushi Pedal: New Generation, Yowamushi Pedal: Re:GENERATION, Yowamushi Pedal: Glory Line","Sakamichi Onoda : Daiki Yamashita, Shoukichi Naruko : Jun Fukushima, Shunsuke Imaizumi : Kohsuke Toriumi, Akira Midousuji : Kouji Yusa, Eikichi Machimiya : Tomokazu Seki, Hayato Shinkai : Satoshi Hino, Jinpachi Toudou : Tetsuya Kakihara, Jin Tadokoro : Kentarou Itou, Wataru Watanabe
Original Creator, Osamu Nabeshima
Director, Takahiko Yoshida
Character Design","Wataru Watanabe : Original Creator, Osamu Nabeshima : Director, Takahiko Yoshida : Character Design"
The Last: Naruto the Movie,,Movie,,Pierrot,,"Action, Fantasy, Romance, Shounen, Hand to Hand Combat, Martial Arts, Ninja, Based on a Manga",4.14,2014.0,,"'The moon is approaching dangerously close to Earth! Unless something is done, the moon will disintegrate, showering the earth with gigantic meteorites. As the clock ticks towards the end of the world, can Naruto save the earth from this crisis?'",,"Naruto (Pilot), Naruto, Naruto: Innocent Heart, Demonic Blood (Light Novel), Road to Naruto the Movie, Naruto Jinraiden: Okami no Naku Hi (Light Novel), Naruto: Mission - Protect the Waterfall Village! (Light Novel), Naruto: Chibi Sasuke’s Sharingan Legend, Naruto: Special Extra Chapter - After The Last, The Last: Naruto the Movie (Light Novel), Boruto: Road to ""B"", Naruto Secret Chronicles (Light Novel), Naruto: The Seventh Hokage and the Scarlet Spring, Boruto: Naruto the Movie Tokubetsu Bangai-hen - Naruto ga Hokage ni Natta Hi, Boruto: Naruto the Movie (Light Novel), Naruto True Story (Light Novel), Naruto Gaiden: Michita Tsuki ga Terasu Michi, Naruto: Konoha Shinden - Yukemuri Ninpouchou (Light Novel)","Naruto Shippuden, Naruto Shippuden Movie 1, Naruto Shippuden: Konoha Gakuen Picture Drama Special, Naruto Shippuden Movie 2: Bonds, Naruto Shippuden Movie 3: The Will of Fire, Naruto Shippuden Movie 4: The Lost Tower, Naruto Shippuden OVA: Sage Naruto vs Sasuke, Naruto Shippuden Movie 5: Blood Prison, Naruto: Honoo no Chuunin Shiken! Naruto vs Konohamaru!!, Naruto Shippuden Movie 6: Road to Ninja, Naruto Shippuden: Sunny Side Battle!","Hinata Hyuga : Nana Mizuki, Naruto Uzumaki : Junko Takeuchi, Sai : Satoshi Hino, Sakura Haruno : Chie Nakamura, Shikamaru Nara : Showtaro Morikubo, Toneri Ootsutsuki : Jun Fukuyama, A : Hideaki Tezuka, Akamaru, Masashi Kishimoto
Character Design & Original Creator, Tsuneo Kobayashi
Director, Yasuharu Takanashi
Music, -Yaiba-
Music, Tetsuya Nishio
Character Design, Hirofumi Suzuki
Character Design, Naoji Hounokidani
Producer, Masashi Matsui
Producer","Masashi Kishimoto : Character Design & Original Creator, Tsuneo Kobayashi : Director, Yasuharu Takanashi : Music, -Yaiba- : Music, Tetsuya Nishio : Character Design, Hirofumi Suzuki : Character Design, Naoji Hounokidani : Producer, Masashi Matsui : Producer"
One Piece 3D2Y: Overcoming Ace's Death! Luffy's Pledge to His Friends!,"Alt titles: One Piece: ""3D2Y"", One Piece 3D2Y: Ace no shi wo Koete! Luffy Nakama Tono Chikai",TV Sp,,Toei Animation,,"Action, Fantasy, Shounen, Pirates, Superpowers, Based on a Manga",4.14,2014.0,,"'While training under Rayleigh, Luffy must learn to harness the power of Haki in order to save the beautiful Boa Hancock and her sisters from a deadly escaped prisoner!'",,"Romance Dawn, One Piece, One Piece: Taose! Kaizoku Ganzack (Light Novel), One Piece: Loguetown-hen (Light Novel), One Piece: Strong World, Chopperman, Chopperman: Yuke Yuke! Minna no Chopper-sensei, One Piece Party, One Piece Ace's Story (Light Novel), One Piece episode A",One Piece,"Hancock Boa : Kotono Mitsuishi, Monkey D. Luffy : Mayumi Tanaka, World Byrnndi : Arata Furuta, Ace D. Portgas : Toshio Furukawa, Akainu : Fumihiko Tachiki, Aokiji : Takehito Koyasu, Brandnew : Shinichi Yamada, Brook : Choo, Eiichiro Oda
Original Creator, Naoyuki Itou
Director, Kouhei Tanaka
Music, Shirou Hamaguchi
Music, Kodai Watanabe
Character Design","Eiichiro Oda : Original Creator, Naoyuki Itou : Director, Kouhei Tanaka : Music, Shirou Hamaguchi : Music, Kodai Watanabe : Character Design"
Sekai-ichi Hatsukoi: Yokozawa Takafumi no Baai, Sekai-ichi Hatsukoi: World's Greatest First Love - Yokozawa Takafumi no Baai,Movie,,Studio DEEN,,"BL, Comedy, Drama, Romance, Shounen-ai, Adult Couples, Blackmail, Childcare, Editors, LGBT Themes, Mature Romance, Salaryman, Single Parent, Tsundere, Yaoi Hand Syndrome, Based on a Manga",4.14,2014.0,,"""After the rejection of his first love Yokozawa Takafumi goes out drinking all by himself. The next morning he wakes up naked in a room with Kirishima Zen, the editor in chief of Japun, unaware of what transpired the previous night. As if handling the rejection from Takano Masamune wasn't bad enough, now he has to deal with the capricious Kirishima who uses his embarrassing pictures to blackmail him into going out with him.""",,"The World's Greatest First Love: The Case of Ritsu Onodera, Sekai-ichi Hatsukoi: Yoshino Chiaki no Baai (Light Novel), Sekai-ichi Hatsukoi: Yokozawa Takafumi no Baai (Light Novel)","Sekai-ichi Hatsukoi: World's Greatest First Love OVA, Sekai-ichi Hatsukoi: World's Greatest First Love, Sekai-ichi Hatsukoi: World's Greatest First Love 2, Sekai-ichi Hatsukoi: Valentine-hen, Sekai-ichi Hatsukoi: World's Greatest First Love - Proposal-hen","Takafumi Yokozawa : Kenyuu Horiuchi, Zen Kirishima : Tooru Furuya, Hiyori Kirishima : Yui Horie, Yoshiyuki Hatori, Kou Yukina : Tomoaki Maeno, Masamune Takano : Katsuyuki Konishi, Ritsu Onodera : Takashi Kondou, Sorata, Shungiku Nakamura
Original Creator, Chiaki Kon
Director & Screenplay, Hijiri Anze
Music, Youko Kikuchi
Character Design, Takahiro Yasuda
Character Design & Chief Animation Director, Shinyo Kondou
Photography Director, Shinobu Takahashi
Art Director, Shinji Matsumoto
Color Design","Shungiku Nakamura : Original Creator, Chiaki Kon : Director & Screenplay, Hijiri Anze : Music, Youko Kikuchi : Character Design, Takahiro Yasuda : Character Design & Chief Animation Director, Shinyo Kondou : Photography Director, Shinobu Takahashi : Art Director, Shinji Matsumoto : Color Design"
When Marnie Was There, Omoide no Marnie,Movie,,Studio Ghibli,,"Drama, Coming of Age, Based on a Novel",4.13,2014.0,,"'When shy, artistic Anna moves to the seaside to live with her aunt and uncle, she stumbles upon an old mansion surrounded by marshes, and the mysterious young girl, Marnie, who lives there. The two girls instantly form a unique connection and friendship that blurs the lines between fantasy and reality. As the days go by, a nearly magnetic pull draws Anna back to the Marsh House again and again, and she begins to piece together the truth surrounding her strange new friend.'",,,,"Anna Sasaki : Sara Takatsuki, Marnie : Kasumi Arimura, Kiyomasa Ooiwa : Susumu Terajima, Sayaka : Hana Sugisaki, Setsu Ooiwa : Toshie Negishi, Yoriko Sasaki : Nanako Matsushima, Doctor Yamashita : Yo Oizumi, Emily : Renge Ishikawa, Joan G. Robinson
Original Creator, Hiromasa Yonebayashi
Director & Screenplay, Takatsugu Muramatsu
Music, Masashi Andou
Animation Director & Character Design & Screenplay, Atsushi Okui
Photography Director, Youhei Taneda
Art Director, Kouji Kasamatsu
Sound Director, Yoshiaki Nishimura
Producer","Joan G. Robinson : Original Creator, Hiromasa Yonebayashi : Director & Screenplay, Takatsugu Muramatsu : Music, Masashi Andou : Animation Director & Character Design & Screenplay, Atsushi Okui : Photography Director, Youhei Taneda : Art Director, Kouji Kasamatsu : Sound Director, Yoshiaki Nishimura : Producer"
Fate/stay night: Unlimited Blade Works Prologue,,TV Sp,,ufotable,,"Action, Fantasy, Magic, Proxy Battles, Superpowers",4.13,2014.0,,"""Rin Tohsaka, a young girl, finds her father's memento. All it has is a catalyst and a pendant. She sets out to summon Saber, a powerful spirit.""",,"Fate/Stay Night: Comic Battle, Fate/Stay Night, Fate/Zero (Light Novel), Fate/Tiger Colosseum Upper, Fate/Kaleid Liner Prisma Illya, Fate/Kaleid Liner Prisma Illya 2wei!, Fate/Extra, Fate/Apocrypha (Light Novel), Fate/Kaleid Liner Prisma Illya 3rei!!, Fate/Extra: CCC Fox Tail, Fate/Hollow Ataraxia, Fate/Prototype: Soukan no Fragments (Light Novel), Fate/strange Fake, Fate/Mahjong Night: Seihai Sensou, Fate/Gudaguda Order, Fate/strange Fake (Light Novel), Fate/stay night: Garden of Avalon (Light Novel), Fate/Labyrinth (Light Novel), Fate/Stay Night: Heaven's Feel, Fate/Apocrypha, Today's Menu for Emiya Family, Fate/Ixtella","Fate/stay night, Fate/stay night: TV reproduction, Fate/stay night: Unlimited Blade Works Movie, Fate/Zero, Fate/Prototype, Fate/Zero 2, Fate/stay night: Unlimited Blade Works, Fate/stay night: Unlimited Blade Works 2 - Sunny Day, Fate/stay night: Unlimited Blade Works 2","Archer : Junichi Suwabe, Rin Tohsaka : Kana Ueda, Lancer : Nobutoshi Canna, Ayako Mitsuzuri : Fumie Mizusawa, Gilgamesh, Issei Ryuudou : Mitsuaki Madono, Kaede Makidera : Michiru Yuimoto, Kane Himuro : Rie Nakagawa, Takahiro Miura
Director, Hideyuki Fukasawa
Music, Tomonori Sudou
Character Design, Atsushi Ikariya
Character Design, Hisayuki Tabata
Character Design, Yoshikazu Iwanami
Sound Director","Takahiro Miura : Director, Hideyuki Fukasawa : Music, Tomonori Sudou : Character Design, Atsushi Ikariya : Character Design, Hisayuki Tabata : Character Design, Yoshikazu Iwanami : Sound Director"
Terror in Resonance, Zankyou no Terror,TV   ,11.0,MAPPA,Summer,"Action, Drama, Conspiracy, Criminals, Detectives, Human Experimentation, noitaminA, Psychological, Terrorism, Thriller, Original Work",4.13,2014.0,,"'In an alternate version of the present, Tokyo has been decimated by a shocking terrorist attack, and the only hint to the identity of the culprit is a bizarre video uploaded to the internet. The police, baffled by this cryptic clue, are powerless to stop the paranoia spreading across the population.'",,,,"Lisa Mishima : Atsumi Tanezaki, Nine : Kaito Ishikawa, Twelve : Soma Saito, Clarence : Daisuke Takahashi, Five : Megumi Han, Hamura : Keisuke Aigasa, Kenjiro Shibazaki : Shunsuke Sakuya, Kurahashi : Hideaki Tezuka, Shinichirou Watanabe
Director, Youko Kanno
Music, Kazuto Nakazawa
Character Design, Makoto Kimura
Producer, Takamitsu Inoue
Producer, Kenta Ihara
Screenplay","Shinichirou Watanabe : Director, Youko Kanno : Music, Kazuto Nakazawa : Character Design, Makoto Kimura : Producer, Takamitsu Inoue : Producer, Kenta Ihara : Screenplay"
Stand by Me Doraemon,,Movie,,Robot,,"Comedy, Drama, Sci Fi, Shounen, Cats, Family Friendly, Non-Human Protagonists, Robots, Based on a Manga, CG Animation",4.12,2014.0,,'No synopsis yet - check back soon!',,"Doraemon, Daichohen Doraemon, The Doraemons: Doraemon Game Comic, Dorabase: Doraemon Chouyakyuu Gaiden, Doraemon Plus","Doraemon (1979), Doraemon: Doraemon Comes Back, Doraemon: Boku, Momotarou no Nanna no Sa, Dorami-chan: MiniDora SOS!!!, Dorami-chan: Hello Kyouryuu Kids!!, 2112: The Birth of Doraemon, Dorami & Doraemons: Robot School's Seven Mysteries, The Doraemons: Kaitou Dorapan Nazo no Chousenjou!, The Doraemons: Mushimushi Pyonpyon Daisakusen!, Doraemon: Doraemon Comes Back (1998), Doraemon: Nobita no Kekkon Zenya, The Doraemons: Strange, Sweets, Strange?, Doraemon: Obaa-chan no Omoide, The Doraemons: Goal! Goal! Goal!, Doraemon: Boku no Umareta Hi, Doraemon (2005), Stand By Me Doraemon 2","Doraemon : Wasabi Mizuta, Nobita Nobi : Megumi Oohara, Gian : Subaru Kimura, Shizuka Minamoto : Yumi Kakazu, Suneo Honekawa : Tomokazu Seki, Gian'S Mother : Miyako Takeuchi, Hidetoshi Dekisugi : Shihoko Hagino, Jaiko Gouda : Vanilla Yamazaki, Fujiko F. Fujio
Original Creator, Takashi Yamazaki
Director, Naoki Satou
Music","Fujiko F. Fujio : Original Creator, Takashi Yamazaki : Director, Naoki Satou : Music"
Tsukimonogatari, Tsukimonogatari: Yotsugi Doll,TV Sp,,SHAFT,,"Comedy, Ecchi, Mystery, Supernatural, Vampires, Based on a Light Novel",4.11,2014.0,,"'One day in February, Koyomi Araragi was taking a bath with his younger sister Tsukihi amidst finishing his studies for the college entrance exam. This was also following the incident involving Nadeko Sengoku, which was successfully amended behind the scenes by Deishu Kaiki. Koyomi noticed a change on his body “that could not be overlooked” and sought advice from Shinobu Oshino leading him to contact Yoduru Kagenui and Yotsugi Ononoki. Was this change signifying retribution for everything that Koyomi has done?!'",,"Tsukimonogatari: Possession Tale (Light Novel), Bakemonogatari","Bakemonogatari, Bakemonogatari Recap, Nisemonogatari, Nekomonogatari (Black), Monogatari Series: Second Season, Hanamonogatari, Owarimonogatari, Kizumonogatari Part 1: Tekketsu, Koyomimonogatari, Kizumonogatari Part 2: Nekketsu, Kizumonogatari Part 3: Reiketsu, Owarimonogatari II, Zoku Owarimonogatari","Koyomi Araragi : Hiroshi Kamiya, Yotsugi Ononoki : Saori Hayami, Karen Araragi : Eri Kitamura, Shinobu Oshino : Maaya Sakamoto, Tsukihi Araragi : Yuka Iguchi, Yozuru Kagenui : Ryouko Shiraishi, Hitagi Senjogahara : Chiwa Saitou, Ougi Oshino : Kaori Mizuhashi, Nisioisin
Original Creator, Vofan
Original Character Design, Akiyuki Simbo
Chief Director & Series Composition, Tomoyuki Itamura
Director & Episode Director & Key Animator & Storyboard, Shaft
Series Composition, Kei Haneoka
Music, Akio Watanabe
Character Design & Chief Animation Director, Takeshi Naitou
Art Director","Nisioisin : Original Creator, Vofan : Original Character Design, Akiyuki Simbo : Chief Director & Series Composition, Tomoyuki Itamura : Director & Episode Director & Key Animator & Storyboard, Shaft : Series Composition, Kei Haneoka : Music, Akio Watanabe : Character Design & Chief Animation Director, Takeshi Naitou : Art Director"
Sekai-ichi Hatsukoi: Valentine-hen, Sekai-ichi Hatsukoi: World's Greatest First Love - Valentine-hen,Movie,,Studio DEEN,,"BL, Comedy, Shounen-ai, Adult Couples, Romantic Comedy, Shorts, Valentine's Day, Yaoi Hand Syndrome, Based on a Manga",4.11,2014.0,,'No synopsis yet - check back soon!',,Sekai-ichi Hatsukoi: Yokozawa Takafumi no Baai (Light Novel),"Sekai-ichi Hatsukoi: World's Greatest First Love OVA, Sekai-ichi Hatsukoi: World's Greatest First Love, Sekai-ichi Hatsukoi: World's Greatest First Love 2, Sekai-ichi Hatsukoi: Yokozawa Takafumi no Baai, Sekai-ichi Hatsukoi: World's Greatest First Love - Proposal-hen","Chiaki Yoshino : Shinnosuke Tachibana, Kou Yukina : Tomoaki Maeno, Masamune Takano : Katsuyuki Konishi, Ritsu Onodera : Takashi Kondou, Shouta Kisa : Nobuhiko Okamoto, Takafumi Yokozawa : Kenyuu Horiuchi, Yoshiyuki Hatori : Yuuichi Nakamura, Zen Kirishima : Tooru Furuya",
Magi: Adventure of Sinbad OVA, Magi: Sinbad no Bouken OVA,OVA  ,5.0,Lay-duce,,"Action, Adventure, Comedy, Fantasy, Shounen, Dungeon, Genies, Magic, Middle Eastern, Orphans, Overpowered Main Characters, Based on a Manga",4.11,2014.0,2015.0,'The story takes place 30 years before the events of Magi. In this age will focus on the journey that Sinbad have to make to become king and many adventure more.',,"Magi, Magi - Sinbad no Bouken (Pilot), Magi: Sinbad no Bouken","Magi: The Labyrinth of Magic, Magi: The Kingdom of Magic, Magi: Adventure of Sinbad","Sinbad : Daisuke Ono, Drakon : Tomokazu Sugita, Hinahoho : Keiji Fujiwara, Ja'Far : Takahiro Sakurai, Baal : Hiroki Touchi, Badr : Katsuyuki Konishi, Barbarossa : Takehito Koyasu, Celendine Dikumenowlz Du Parthevia : Ai Kayano, Shinobu Ootaka
Original Creator, Yoshikazu Miyao
Director, Tomohiro Ookubo
Music, Souichirou Sako
Character Design, Noritomo Yonai
Producer, Shunsuke Saitou
Producer, Kazuaki Ishibashi
Producer","Shinobu Ootaka : Original Creator, Yoshikazu Miyao : Director, Tomohiro Ookubo : Music, Souichirou Sako : Character Design, Noritomo Yonai : Producer, Shunsuke Saitou : Producer, Kazuaki Ishibashi : Producer"
Space Dandy 2,,TV   ,13.0,Bones,Summer,"Adventure, Comedy, Sci Fi, Aliens, Bounty Hunters, Breaking the Fourth Wall, Episodic, Outer Space, Parody, Robots, Original Work",4.09,2014.0,,"""Space Dandy is a dandy guy in space! This dreamy adventurer with a to-die-for pompadour travels across the galaxy in search of aliens no one has ever laid eyes on. Each new species he discovers earns him a hefty reward, but this dandy has to be quick on his feet because it's first come first served! Accompanied by his sidekicks, a rundown robot named QT and Meow the cat-looking space alien, Dandy bravely explores unknown worlds inhabited by a variety aliens. Join the best dressed alien hunter in all of space and time as he embarks on an adventure that ends at the edge of the universe!""",,"Space Dandy, I Am Space Dandy","Space Dandy, Space Dandy Picture Drama, Space Dandy 2 Picture Drama","Dandy : Junichi Suwabe, Meow : Hiroyuki Yoshino, Qt : Uki Satake, Bea : Kosuke Hatakeyama, Gel : Unshou Ishizuka, Honey : Yurin, Scarlet : Houko Kuwashima, Anna, Shinichirou Watanabe
Chief Director, Shingo Natsume
Director, Kenken
Music, Latin Quarter
Music, Yasuyuki Okamura
Music, Youko Kanno
Music, Hiroyuki Namba
Music, Fujimaru Yoshino
Music","Shinichirou Watanabe : Chief Director, Shingo Natsume : Director, Kenken : Music, Latin Quarter : Music, Yasuyuki Okamura : Music, Youko Kanno : Music, Hiroyuki Namba : Music, Fujimaru Yoshino : Music"
Haikyuu!! Lev Kenzan!, Haikyuu!! Jump Festa 2014 Special,Other,,Production I.G,,"Shounen, Sports, School Club, Volleyball, Based on a Manga",4.08,2014.0,,"""Lev Haiba is determined to become Nekoma High's ace volleyball player, but can barely hit the ball. The team's captain orders Kenma Kozume to help out Lev with his practice, much to the former's annoyance. However, as they continue to work together, Kenma realizes that Lev's height might actually be able to help in games if his skills are honed in the right way.""",,"Haikyuu!! (Pilot), Haikyuu!!, Haikyuu-bu!!","Haikyuu!!, Haikyuu!! Second Season, Haikyuu!! vs. ""Akaten"", Haikyuu!! Karasuno High School vs Shiratorizawa Academy, Haikyuu!! To the Top, Haikyuu!! Riku vs Kuu, Haikyuu!! To the Top: Part II","Kenma Kozume : Yuuki Kaji, Lev Haiba : Mark Ishii, Tetsurou Kuroo : Yuuichi Nakamura, Asahi Azumane : Yoshimasa Hosoya, Daichi Sawamura : Satoshi Hino, Keishin Ukai : Kazunari Tanaka, Kei Tsukishima : Kouki Uchiyama, Koshi Sugawara : Miyu Irino, Haruichi Furudate
Original Creator, Susumu Mitsunaka
Director, Takahiro Kishida
Character Design","Haruichi Furudate : Original Creator, Susumu Mitsunaka : Director, Takahiro Kishida : Character Design"
The Disappearance of Conan Edogawa: The Worst Two Days in History, Edogawa Conan Shissou Jiken: Shijou Saiaku no Futsukakan,TV Sp,,TMS Entertainment,,"Action, Mystery, Shounen, Age Transformation, Detectives, Based on a Manga",4.08,2014.0,2015.0,'No synopsis yet - check back soon!',,"Magic Kaitou, Case Closed, Detective Conan: Tokubetsu-hen, Detective Conan: Zero's Tea Time","Detective Conan, Detective Conan OVA 1: Conan vs Kid vs YAIBA, Detective Conan OVA 2: 16 Suspects, Detective Conan OVA 3: Conan and Heiji and the Vanished Boy, Detective Conan OVA 4: Conan and Kid and Crystal Mother, Detective Conan OVA 5: The Target is Kogoro! The Detective Boys' Secret Investigation, Detective Conan OVA 6: Follow the Vanished Diamond! Conan and Heiji vs Kid!, Detective Conan OVA 7: A Challenge from Agasa, Detective Conan OVA 8: High School Girl Detective Sonoko Suzuki's Case Files, Detective Conan Magic File 2: Kudou Shinichi - The Case of the Mysterious Wall and the Black Lab, Detective Conan OVA 9: The Stranger of 10 Years, Detective Conan Magic File 3: Shinichi and Ran: Memories of Mahjong Tiles and Tanabata, Detective Conan OVA 10: Kid in Trap Island, Detective Conan Magic File 4: Osaka Okonomiyaki Odyssey, Detective Conan Magic File 5: Niigata - Tokyo Omiyage Capriccio, Detective Conan OVA 11: A Secret Order from London, Detective Conan vs. Wooo, Detective Conan: Excalibur no Kiseki, Detective Conan Magic File 6: Fantasista Flower, Detective Conan Movie 24: The Scarlet Bullet","Ai Haibara : Megumi Hayashibara, Conan Edogawa : Minami Takayama, Kogoro Mori : Rikiya Koyama, Ran Mori : Wakana Yamazaki, Ayumi Yoshida : Yukiko Iwai, Genta Kojima : Wataru Takagi, Hiroshi Agasa : Kenichi Ogata, Mitsuhiko Tsuburaya : Ikue Ootani, Gosho Aoyama
Original Creator, Yasuichiro Yamamoto
Director, Yasuhide Maruyama
Key Animator","Gosho Aoyama : Original Creator, Yasuichiro Yamamoto : Director, Yasuhide Maruyama : Key Animator"
The Prince of Tennis II OVA vs. Genius 10, Shin Tennis no Ouji-sama OVA vs Genius 10,OVA  ,10.0,Production I.G,,"Shounen, Sports, Tennis, Based on a Manga",4.08,2014.0,2015.0,"'Ryoma and his friends face off against their strongest opponents yet, the Genius 10!'",,"Prince of Tennis, Shin Tennis no Ouji-sama","The Prince of Tennis, The Prince of Tennis: The National Tournament, The Prince of Tennis: The National Tournament - Semifinal, The Prince of Tennis: The National Tournament - Final, The Prince of Tennis: Another Story - Kako to Mirai no Message, The Prince of Tennis: Another Story II - Ano Toki no Bokura, The Prince of Tennis II, The Prince of Tennis II Specials, Houkago no Ouji-sama, The Prince of Tennis II: U-17 World Cup","Eiji Kikumaru : Hiroki Takahashi, Kaoru Kaidou : Kohei Kiyasu, Kunimitsu Tezuka : Ryotaro Okiayu, Ryoma Echizen : Junko Minagawa, Sadaharu Inui : Kenjirou Tsuda, Shuichirou Oishi : Takayuki Kondou, Shuusuke Fuji : Yuki Kaida, Takashi Kawamura, Takeshi Konomi
Original Creator, Hideyo Yamamoto
Director, Cheru Watanabe
Music, Akiharu Ishii
Character Design, Naoki Miura
Producer","Takeshi Konomi : Original Creator, Hideyo Yamamoto : Director, Cheru Watanabe : Music, Akiharu Ishii : Character Design, Naoki Miura : Producer"
Hakuouki Movie 2: Warrior Spirit of the Blue Sky, Hakuouki Movie 2: Shikon Soukyuu,Movie,,Studio DEEN,,"Action, Drama, Reverse Harem, Feudal Japan, Historical, Samurai, Based on an Otome Game, Based on a Visual Novel",4.06,2014.0,,"'The second chapter begins as Chizuru continues the search for her father while the Shinsengumi combat the dangerous beings lurking in Kyoto’s shadows. As Harada, Shinpachi, and Saito try to fight their way out of Koufu, Chizuru stands guard over Kondou. Meanwhile, Hijikata faces the greatest test of all and must now balance his humanity against a need for blood.\xa0Swords flash, heroes die and the fires of war, and passion, ignite!'",,Hakuouki Junrenka,"Hakuouki: Demon of the Fleeting Blossom, Hakuouki: Record of the Jade Blood Episode 0, Hakuouki: Record of the Jade Blood, Hakuouki: Demon of the Fleeting Blossom OVA, Hakuouki: A Memory of Snow Flowers, Hakuouki: Dawn of the Shinsengumi, Hakuouki: Dawn of the Shinsengumi Tokuten Disc, Hakuouki Movie 1: Wild Dance of Kyoto, Hakuouki: Otogisoushi","Chizuru Yukimura : Houko Kuwashima, Hajime Saitou : Kohsuke Toriumi, Heisuke Toudou : Hiroyuki Yoshino, Sanosuke Harada : Kouji Yusa, Souji Okita : Showtaro Morikubo, Toshizou Hijikata : Shinichirou Miki, Chikage Kazama : Kenjirou Tsuda, Kaoru Nagumo : Hasumi Itou, Osamu Yamasaki
Director, Kenji Kawai
Music, Atsuko Nakajima
Character Design, Mitsutoshi Ogura
Producer, Nobumitsu Urasaki
Producer, Asuka Yamazaki
Producer, Jun Fukuda
Producer, Youhei Hayashi
Producer","Osamu Yamasaki : Director, Kenji Kawai : Music, Atsuko Nakajima : Character Design, Mitsutoshi Ogura : Producer, Nobumitsu Urasaki : Producer, Asuka Yamazaki : Producer, Jun Fukuda : Producer, Youhei Hayashi : Producer"
Dragon Ball Z Kai: The Final Chapters,,TV   ,61.0,Toei Animation,Spring,"Action, Shounen, Hand to Hand Combat, Martial Arts, Superpowers, Based on a Manga",4.06,2014.0,2015.0,"""Seven years have passed since Cell's defeat, and the Z Fighters have returned to normal life. Goku has continued his training in the Other World, Krillin has gotten married, and Gohan has his hands full attempting to navigate the pitfalls of high school. But with the new World Martial Arts Tournament about to begin, it's time for Goku and the Z Fighters to reunite and face off against the greatest warriors on Earth! Meanwhile, the evil wizard Babidi has traveled across the galaxy on a quest for revenge, hoping to fulfill his father's thwarted dreams of universal domination. The Supreme Kai has come to enlist the aid of the Z Fighters in his effort to prevent Babidi from awakening a monster of unimaginable terror-Majin Buu!""",,"Dragon Ball Z, Dragon Ball Heroes: Victory Mission, Dragon Ball Z: Fukkatsu no F, Dragon Ball Super, Dragon Ball: That Time I Got Reincarnated as Yamcha!, Super Dragon Ball Heroes: Ankoku Makai Mission!, Super Dragon Ball Heroes: Universe Mission!!","Dragon Ball Z, Dragon Ball Z Movie 1: Dead Zone, Dragon Ball Z Movie 2: The World's Strongest, Dragon Ball Z Movie 3: The Tree of Might, Dragon Ball Z Special 1: Bardock - The Father of Goku, Dragon Ball Z Movie 4: Lord Slug, Dragon Ball Z Movie 5: Cooler's Revenge, Dragon Ball Z Movie 6: Return of Cooler, Dragon Ball Z: Atsumare! Goku World, Dragon Ball Z Movie 7: Super Android 13, Dragon Ball Z Special 2: The History of Trunks, Dragon Ball Z Movie 8: Broly - The Legendary Super Saiyan, Dragon Ball Z Movie 9: Bojack Unbound, Dragon Ball Z: Plan to Destroy the Saiyajin, Dragon Ball Z Movie 10: Broly - Second Coming, Dragon Ball Z Movie 11: Bio-Broly, Dragon Ball Z Movie 12: Fusion Reborn, Dragon Ball Z Movie 13: Wrath of the Dragon, Dragon Ball: Yo! The Return of Son-Goku and Friends!!, Dragon Ball Z Kai, Dragon Ball: Plan to Destroy the Saiyajin, Dragon Ball Z Kai: Bring Peace to the Future! Goku's Spirit is Eternal, Dragon Ball: Episode of Bardock, Dragon Ball Z Movie 14: Battle of Gods, Dragon Ball Z Movie 15: Resurrection 'F'","Gohan Son : Masako Nozawa, Goku Son : Masako Nozawa, Majin Buu : Kozo Shioya, Trunks Brief : Takeshi Kusao, Vegeta : Ryou Horikawa, Android 18 : Miki Itou, Goten Son : Masako Nozawa, Krillin : Mayumi Tanaka, Akira Toriyama
Original Creator, Norihito Sumitomo
Music, Naoko Sagawa
Producer","Akira Toriyama : Original Creator, Norihito Sumitomo : Music, Naoko Sagawa : Producer"
Hanamonogatari, Hanamonogatari: Suruga Devil,TV Sp,,SHAFT,,"Comedy, Drama, Mystery, Supernatural, Based on a Light Novel",4.06,2014.0,,"'One morning, Suruga Kanbaru meets Ougi Oshino, who calls himself a nephew of Meme Oshino. He tells Suruga about a rumor of ""the Lord Devil"" that grants any wish. Suruga is worried that the identity of the Lord Devil is none other than herself because she made a wish on ""the Monkey\'s Paw."" The item was left behind by her mother, and turned Suruga into a Rainy Devil and made her try to kill Koyomi Araragi. In order to find out the identity of the Lord Devil, Suruga decides to meet the Lord Devil, but who she sees at the meeting spot is the most unexpected person - Rouka Numachi, Suruga\'s old archrival...'",,"Hanamonogatari: Flower Tale (Light Novel), Bakemonogatari","Bakemonogatari, Bakemonogatari Recap, Nisemonogatari, Nekomonogatari (Black), Monogatari Series: Second Season, Tsukimonogatari, Owarimonogatari, Kizumonogatari Part 1: Tekketsu, Koyomimonogatari, Kizumonogatari Part 2: Nekketsu, Kizumonogatari Part 3: Reiketsu, Owarimonogatari II, Zoku Owarimonogatari","Rouka Numachi : Kana Asumi, Suruga Kanbaru : Miyuki Sawashiro, Deishuu Kaiki : Shinichirou Miki, Karen Araragi : Eri Kitamura, Koyomi Araragi : Hiroshi Kamiya, Ougi Oshino : Kaori Mizuhashi, Higasa : Youko Hikasa, Hitagi Senjogahara, Nisioisin
Original Creator, Vofan
Original Character Design, Akiyuki Simbo
Chief Director & Series Composition, Tomoyuki Itamura
Director & Episode Director & Key Animator & Storyboard, Shaft
Series Composition, Kei Haneoka
Music, Akio Watanabe
Animation Director & Character Design & Chief Animation Director, Takayuki Aizu
Ed Director & Photography Director","Nisioisin : Original Creator, Vofan : Original Character Design, Akiyuki Simbo : Chief Director & Series Composition, Tomoyuki Itamura : Director & Episode Director & Key Animator & Storyboard, Shaft : Series Composition, Kei Haneoka : Music, Akio Watanabe : Animation Director & Character Design & Chief Animation Director, Takayuki Aizu : Ed Director & Photography Director"
Log Horizon 2,,TV   ,25.0,Studio DEEN,Fall ,"Adventure, Fantasy, Sci Fi, Economics, Guilds, Isekai, MMORPG, Overpowered Main Characters, Person in a Strange World, PVE, RPG, Trapped in a Video Game, Based on a Light Novel",4.06,2014.0,2015.0,"""It's been six months since the event that trapped thousands of players in the online game world of Elder Tales and the situation is far from secure. The People of the Land are engaged in open warfare against the Goblin armies of Zantleaf. Minami spies are infiltrating the populace. And even with the support and guidance of the Round Table Alliance, the cost of sustaining the city of Akihabara is causing the entire infrastructure to teeter on the brink of collapse. With winter coming, Shiroe and his companions are forced to consider their options. Should they stay in Akihabara and attempt to weather the oncoming storm? Or should they gamble on missions to other portions of the world in search of new sources of valuable treasure?""",,"Log Horizon (Light Novel), Log Horizon: Nyanta Hanchou Shiawase no Recipe, Log Horizon Gaiden: Honey Moon Logs, Log Horizon: Kanami, Go! East!","Log Horizon, Log Horizon Recap, Log Horizon: Destruction of the Round Table","Akatsuki : Emiri Katou, Naotsugu : Tomoaki Maeno, Shiroe : Takuma Terashima, Demikas : Atsushi Imaruoka, Enheart Nelreth : Hiroshi Yanaka, Henrietta : Ayahi Takagaki, Isuzu : Eriko Matsui, Kinjou : Tsubasa Yonaga, Shinji Ishihira
Director, Toshinori Watanabe
Director, Yasuharu Takanashi
Music, Tetsuya Kumagai
Character Design, Masakazu Miyake
Art Director, Kenichirou Naeshiro
Producer, Rie Matsubara
Editor, Man With A Mission
Song Arrangement & Song Performance","Shinji Ishihira : Director, Toshinori Watanabe : Director, Yasuharu Takanashi : Music, Tetsuya Kumagai : Character Design, Masakazu Miyake : Art Director, Kenichirou Naeshiro : Producer, Rie Matsubara : Editor, Man With A Mission : Song Arrangement & Song Performance"
Monthly Girls' Nozaki-kun, Gekkan Shoujo Nozaki-kun,TV   ,12.0,Doga Kobo,Summer,"Comedy, Romance, Shounen, Gag, Manga Industry, Otaku Culture, Romantic Comedy, Satire, School Life, Writers, Based on a 4-Koma Manga, Based on a Manga",4.06,2014.0,,"""Chiyo Sakura, a high school girl who fell in love with the unrefined boy schoolmate Umetaro Nozaki, decides to be courageous one day and asks him out. Her feelings weren't conveyed properly, and before she knew it she ends up helping a particular job of his as an assistant... The series is a shojo manga boy comedy which centers around Nozaki, a high school boy that is a popular shojo manga artist, and has a story woven by very individualistic characters.""",,Monthly Girls' Nozaki-kun,Monthly Girls' Nozaki-kun Specials,"Chiyo Sakura : Ari Ozawa, Umetarou Nozaki : Yuuichi Nakamura, Masayuki Hori : Yuuki Ono, Mikoto Mikoshiba : Nobuhiko Okamoto, Yuu Kashima : Mai Nakahara, Yuzuki Seo : Miyuki Sawashiro, Hirotaka Wakamatsu : Ryouhei Kimura, Ken Miyamae : Kenta Miyake, Izumi Tsubaki
Original Creator, Mitsue Yamazaki
Director, Yukari Hashimoto
Music, Junichirou Taniguchi
Character Design, Yoshikazu Beniya
Producer, Shou Tanaka
Producer, Manami Watanabe
Producer, Masatoshi Ishizuka
Producer","Izumi Tsubaki : Original Creator, Mitsue Yamazaki : Director, Yukari Hashimoto : Music, Junichirou Taniguchi : Character Design, Yoshikazu Beniya : Producer, Shou Tanaka : Producer, Manami Watanabe : Producer, Masatoshi Ishizuka : Producer"
Blue Spring Ride, Ao Haru Ride,TV   ,12.0,Production I.G,Summer,"Drama, Romance, Shoujo, Love Triangle, School Life, Based on a Manga",4.05,2014.0,,"'At the end of her first year of high school, the main heroine, Futaba suddenly has a chance encounter with her first love, Tanaka Kou. Three years ago, he transferred schools before she was able to say how she felt about him. After meeting each other again, Futaba realizes that he has gone through many changes. He acts more cool and even had his last name changed to Mabuchi. Gradually the two rekindle their love while piecing together what had happened in the time that they were apart.'",,"Ao Haru Ride, Ao Haru Ride (Light Novel)","Blue Spring Ride: Unwritten, Blue Spring Ride: Page.13","Futaba Yoshioka : Maaya Uchida, Kou Mabuchi : Yuuki Kaji, Aya Kominato : Kenn, Shuuko Murao : Mikako Komatsu, Youichi Tanaka : Daisuke Hirakawa, Yuuri Makita : Ai Kayano, Asumi : Marina Inoue, Chie : Ryouko Shiraishi, Io Sakisaka
Original Creator, Ai Yoshimura
Director, Hiroaki Tsutsumi
Music, Keiko Osaki
Music, Shota Hashimoto
Music, Reina Igawa
Character Design, Hiroo Maruyama
Producer, Hiroyuki Kiyouno
Producer","Io Sakisaka : Original Creator, Ai Yoshimura : Director, Hiroaki Tsutsumi : Music, Keiko Osaki : Music, Shota Hashimoto : Music, Reina Igawa : Character Design, Hiroo Maruyama : Producer, Hiroyuki Kiyouno : Producer"
Shirobako,,TV   ,24.0,P.A. WORKS,Fall ,"Comedy, Drama, Slice of Life, Anime Industry, Coworkers, Otaku Culture, Voice Acting, Work Life, Original Work",4.05,2014.0,2015.0,"'Aoi will never forget how she felt the day her high school animation club’s labor of love was shown at the cultural festival. The sense of awe and the feeling of accomplishment that came with completing their very first project are exactly what encouraged Aoi and her club mates to enter the animation industry in the first place. But two years later Aoi has graduated, and now that she works as a production assistant for a big-name animation studio, the daunting reality of her job has somewhat diminished her enthusiasm. Despite the long hours and the punishing schedule, Aoi still hopes to fulfill the promise she and her club friends Ema, Shizuka, Misa, and Midori made: to one day reunite and make a real animated feature of their own as professionals!'",,Shirobako: Ueyama Koukou Animation Doukoukai,"Shirobako Specials, Shirobako Movie","Aoi Miyamori : Juri Kimura, Ema Yasuhara : Haruka Yoshimura, Midori Imai : Hitomi Ohwada, Misa Toudou : Asami Takano, Shizuka Sakaki : Haruka Chisuga, Ai Kunogi : Shiori Izawa, Daisuke Hiraoka : Yusuke Kobayashi, Erika Yano : Yuri Yamaoka, Tsutomu Mizushima
Director, Shirou Hamaguchi
Music, Kanami Sekiguchi
Character Design, Kouhei Kawase
Producer, Kenji Horikawa
Producer, Takema Okamura
Producer, Yukihiro Itou
Producer, Kozue Kaneniwa
Producer","Tsutomu Mizushima : Director, Shirou Hamaguchi : Music, Kanami Sekiguchi : Character Design, Kouhei Kawase : Producer, Kenji Horikawa : Producer, Takema Okamura : Producer, Yukihiro Itou : Producer, Kozue Kaneniwa : Producer"
Initial D Legend 1: Awakening, New Initial D Movie: Legend 1 - Kakusei,Movie,,LIDEN FILMS,,"Drama, Seinen, Sports, Cars, Racing, Based on a Manga",4.04,2014.0,,"""High school student Takumi Fujiwara works as a gas station attendant during the day and a delivery boy for his father's tofu shop during late nights. Little does he know that his precise driving skills and his father's modified Toyota Sprinter AE86 Trueno make him the best amateur road racer on Mt. Akina's highway. Because of this, racing groups from all over the Gunma prefecture issue challenges to Takumi to see if he really has what it takes to be a road legend.""",,Initial D,"Initial D, Initial D Second Stage, Initial D Third Stage, Initial D Extra Stage, Initial D Battle Stage, Initial D: Project D to the Next Stage - Project D e Mukete, Initial D Fourth Stage, Initial D Battle Stage 2, Initial D Extra Stage 2: Tabidachi no Green, Initial D Fifth Stage, Initial D Final Stage, Initial D Legend 2: Racer, Initial D Legend 3: Dream","Takumi Fujiwara : Mamoru Miyano, Bunta Fujiwara : Hiroaki Hirata, Itsuki Takeuchi : Minoru Shiraishi, Keisuke Takahashi : Yuuichi Nakamura, Kenji, Koichiro Iketani : Hiroshi Tsuchida, Natsuki Mogi : Maaya Uchida, Ryousuke Takahashi : Daisuke Ono, Masamitsu Hidaka
Director, Akio Dobashi
Music, Kouji Haneda
Character Design, Mayori Sekijima
Screenplay","Masamitsu Hidaka : Director, Akio Dobashi : Music, Kouji Haneda : Character Design, Mayori Sekijima : Screenplay"
Free! Eternal Summer,,TV   ,13.0,Animation Do,Summer,"Comedy, Drama, Sports, Childhood Friends, Rivalries, School Club, School Life, Swimming, Based on a Light Novel",4.03,2014.0,,"'After the last swimming competition, the bonds between Haru, Makoto, Nagisa and Rei have greatly deepened. With each passing day, each member continued to grow. Rin tries to overcome his past and, with the help of his new teammates, aims to create the strongest swim team yet. Holding on to their ambitions, they face themselves and welcome the new summer!'",,"High Speed! (Light Novel), High Speed!","Free! - Iwatobi Swim Club, Free! - Iwatobi Swim Club Specials, Free! Eternal Summer - Forbidden All Hard!, High Speed! -Free! Starting Days-, Free! -Timeless Medley- The Bond, Free! -Timeless Medley- The Promise, Free! -Take Your Marks-, Free! Dive to the Future: Build-Up of Early Spring!, Free! Dive to the Future, Free! Movie: The Final Stroke - Zenpen, Free! Movie: The Final Stroke - Kouhen","Gou Matsuoka : Akeno Watanabe, Haruka Nanase : Megumi Matsumoto, Makoto Tachibana : Tatsuhisa Suzuki, Nagisa Hazuki : Tsubasa Yonaga, Rei Ryugazaki : Daisuke Hirakawa, Rin Matsuoka : Akeno Watanabe, Sousuke Yamazaki : Yoshimasa Hosoya, Aiichiro Nitori : Kouki Miyata, Hiroko Utsumi
Director, Tatsuya Katou
Music, Futoshi Nishiya
Character Design, Naoko Yamada
Episode Director & Storyboard, Yoshiji Kigami
Key Animator","Hiroko Utsumi : Director, Tatsuya Katou : Music, Futoshi Nishiya : Character Design, Naoko Yamada : Episode Director & Storyboard, Yoshiji Kigami : Key Animator"
Tamako Love Story,,Movie,,Kyoto Animation,,"Romance, Slice of Life, Love Confession, Original Work",4.03,2014.0,,"""While Tamako's friends all seem to have big plans, Tamako's never thought beyond staying right where she is, working in her family's mochi shop. But maybe she won't be as alone as she thinks as someone gets closer to confessing his true feelings...""",,"Tamako Market (Light Novel), Tamako Love Story (Light Novel)","Tamako Market, Minami no Shima no Dela-chan","Mochizou Ooji : Atsushi Tamaru, Tamako Kitashirakawa : Aya Suzaki, Anko Kitashirakawa : Rina Hidaka, Kanna Makino : Juri Nagatsuma, Mamedai Kitashirakawa : Keiji Fujiwara, Midori Tokiwa : Yuki Kaneko, Shiori Asagiri : Yurie Yamashita, Baton Club Member A, Naoko Yamada
Director & Episode Director & Storyboard, Tomoko Kataoka
Music, Yukiko Horiguchi
Character Design, Shinichi Nakamura
Producer, Riri Senami
Producer, Kengo Shigemura
Editor, Yoshiji Kigami
Key Animator, Nami Iwasaki
Key Animator","Naoko Yamada : Director & Episode Director & Storyboard, Tomoko Kataoka : Music, Yukiko Horiguchi : Character Design, Shinichi Nakamura : Producer, Riri Senami : Producer, Kengo Shigemura : Editor, Yoshiji Kigami : Key Animator, Nami Iwasaki : Key Animator"
Seitokai Yakuindomo* OVA,,OVA  ,10.0,GoHands,,"Comedy, Shounen, Crude, Newly Co-ed School, Parody, Satire, School Life, Student Council, Based on a 4-Koma Manga, Based on a Manga, Sexual Content",4.02,2014.0,2020.0,'No synopsis yet - check back soon!',Sexual Content,Seitokai Yakuindomo,"Seitokai Yakuindomo, Seitokai Yakuindomo OVA, Seitokai Yakuindomo*, Seitokai Yakuindomo Movie, Seitokai Yakuindomo Movie 2","Aria Shichijou : Satomi Satou, Shino Amakusa : Youko Hikasa, Suzu Hagimura : Sayuri Yahagi, Takatoshi Tsuda : Shintarou Asanuma, Chihiro Uomi : Chiwa Saitou, Kotomi Tsuda : Asami Shimoda, Nene Todoroki : Hekiru Shiina, Ranko Hata : Satomi Arai, Tozen Ujiie
Original Creator, Hiromitsu Kanazawa
Director, Takeshi Naitou
Art Director, Koutarou Sudou
Producer, Ayako Tan
Editor, Shingo Suzuki
Chief Animation Director & Key Animator","Tozen Ujiie : Original Creator, Hiromitsu Kanazawa : Director, Takeshi Naitou : Art Director, Koutarou Sudou : Producer, Ayako Tan : Editor, Shingo Suzuki : Chief Animation Director & Key Animator"
Noragami OVA,,OVA  ,2.0,Bones,,"Comedy, Shounen, Ghosts, Gods, Japanese Mythology, Non-Human Protagonists, Supernatural, Based on a Manga",4.02,2014.0,,"'The God Yato decides to possess the body of Hiyori to get to know how is the life of a normal secondary student. Meanwhile Hiyori tries to recover her body, some funny and weird things happen.'",,"Noragami: Stray God, Noragami: Stray Stories","Noragami, Noragami Aragoto, Noragami Aragoto OVA","Hiyori Iki : Maaya Uchida, Yato : Hiroshi Kamiya, Yukine : Yuuki Kaji, Aimi Tabata : Yuuko Takayama, Akira Yamashita : Minami Takahashi, Bishamonten : Miyuki Sawashiro, Daikoku : Daisuke Ono, Kazuma : Jun Fukuyama, Adachitoka
Original Creator, Koutarou Tamura
Director, Toshiaki Doushita
Producer, Makoto Furukawa
Producer, Naoki Amano
Producer, Yuri Terao
Producer, Gaku Nakagawa
Producer, Tomokazu Iizumi
Producer","Adachitoka : Original Creator, Koutarou Tamura : Director, Toshiaki Doushita : Producer, Makoto Furukawa : Producer, Naoki Amano : Producer, Yuri Terao : Producer, Gaku Nakagawa : Producer, Tomokazu Iizumi : Producer"
Kuroko's Basketball: Let's Do That Again, Kuroko no Basket: Mou Ikkai Yarimasen ka,DVD S,,Production I.G,,"Shounen, Sports, Basketball, Based on a Manga",4.02,2014.0,,'The rise of the phantom sixth man.',,"Kuroko’s Basketball, Kuroko's Basketball: Replace (Light Novel), Kuroko's Basketball: Extra Game, Kuroko's Basketball: Replace Plus","Kuroko's Basketball: NG-shuu, Kuroko's Basketball: Oshaberi Shiyokka, Kuroko's Basketball, Kuroko's Basketball: Tip Off, Kuroko's Basketball 2, Kuroko's Basketball OVA, Kuroko's Basketball: Oshaberi Demo Shimasen ka, Kuroko's Basketball 3, Kuroko's Basketball: The Greatest Present, Kuroko's Basketball Movie 1: Winter Cup Highlights -Shadow and Light-, Kuroko's Basketball Movie 2: Winter Cup Highlights -Beyond the Tears-, Kuroko's Basketball Movie 3: Winter Cup Highlights -Crossing the Door-, Kuroko's Basketball: Oshaberi Shiyou ka, Kuroko's Basketball: Last Game","Daiki Aomine, Tetsuya Kuroko, Seijuurou Akashi, Shintarou Midorima, Atsushi Murasakibara, Katsunori Harasawa, Ryouta Kise, Satsuki Momoi, Tadatoshi Fujimaki
Original Creator, Shunsuke Tada
Director","Tadatoshi Fujimaki : Original Creator, Shunsuke Tada : Director"
The World is Still Beautiful, Soredemo Sekai wa Utsukushii,TV   ,12.0,Pierrot,Spring,"Fantasy, Romance, Shoujo, Age Gap, Arranged Marriage, Lifestyle Change, Royalty, Based on a Manga",4.02,2014.0,,"'Nike, the fourth princess of the Principality of Rain and one who holds the power to call forth the rain, travels to the Sun Kingdom to marry Sun King Livius for her country, despite her own reluctance. She soon discovers that the King, who conquered the world in only three years after his ascendance to the throne, is still a child!! Furthermore, for trivial reasons, he has demanded that Nike call forth the rain…!?'",,The World is Still Beautiful,,"Livius I : Haruka Kudou, Nike Lemercier : Rena Maeda, Amaluna Luirasael : Yuki Matsuoka, Bardwin Cicil Ifrikia : Takahiro Sakurai, Kitora : Takayuki Kondou, Neil : Tomokazu Sugita, Rani Aristes : Daisuke Namikawa, Tohara Lemercier : Chisa Yokoyama, Dai Shiina
Original Creator, Hajime Kamegaki
Director, Kousuke Yamashita
Music, Ichirou Uno
Character Design, Toshio Nakatani
Producer, Shirou Ishihara
Producer, Yuka Ooshima
Producer, Marina Sasaki
Producer","Dai Shiina : Original Creator, Hajime Kamegaki : Director, Kousuke Yamashita : Music, Ichirou Uno : Character Design, Toshio Nakatani : Producer, Shirou Ishihara : Producer, Yuka Ooshima : Producer, Marina Sasaki : Producer"
Date a Live: Encore OVA,,OVA  ,1.0,Production IMS,,"Harem, Romance, Sci Fi, Based on a Light Novel",4.02,2014.0,,"'The story is set on July 7. ""In the midst of the Tanabata festival celebrations, Shido meets Kurumi, the worst Spirit. And the couple\'s destination is … a wedding ceremony hall!?""'",,"Date a Live (Light Novel), Date a Live: Encore (Light Novel), Date a Origami, Date a Live, Date A Strike, Date a Party","Date a Live, Date a Live: Date to Date, Date a Live II, Date a Live Movie: Mayuri Judgement, Date a Live III","Kurumi Tokisaki : Asami Sanada, Shido Itsuka : Nobunaga Shimazaki, Kotori Itsuka : Ayana Taketatsu, Tohka Yatogami : Marina Inoue, Yoshino : Iori Nomizu",
Baby Steps,,TV   ,25.0,Pierrot,Spring,"Shounen, Sports, School Life, Tennis, Tournaments, Based on a Manga",4.02,2014.0,,"'The story follows ""Ei-chan,"" a punctual and earnest boy who has strived for straight As since elementary school. The 15-year-old high school boy stops by a tennis school to deal with his lack of exercise. There, he meets Natsu, a beautiful, earnest girl who only has passion for tennis. In turn, he awakens a deep passion for tennis within himself.'",,"Baby Steps, Magazine Ohanami!!",Baby Steps 2,"Eiichiro Maruo : Taishi Murata, Natsu Takasaki : Minako Kotobuki, Kageyama : Takuma Terashima, Takuma Egawa : Daisuke Namikawa, Yukichi Fukazawa : Hiro Shimono, Arai, Coach Miura : Taiten Kusunoki, Coach Morimoto : Yumi Kawashima, Hikaru Kachiki
Original Creator, Masahiko Murata
Director & Episode Director & Storyboard, Youichirou Yoshikawa
Music, Masayuki Kouda
Character Design, Izumi Nakazawa
Producer, Toshinori Narita
Storyboard","Hikaru Kachiki : Original Creator, Masahiko Murata : Director & Episode Director & Storyboard, Youichirou Yoshikawa : Music, Masayuki Kouda : Character Design, Izumi Nakazawa : Producer, Toshinori Narita : Storyboard"
Akame ga Kill!,,TV   ,24.0,WHITE FOX,Summer,"Action, Fantasy, Shounen, Assassins, Dark Fantasy, Lifestyle Change, Rebellions, Urban Fantasy, Vigilantes, Based on a Manga, Explicit Violence",4.01,2014.0,,"'Under the rule of a tyrannical empire, Tatsumi, a young swordsman, leaves his home to save his poverty stricken village. He meets a girl named Akame, an assassin who was bought, brainwashed and trained to kill by the Empire. Akame is a member of the secret assassin group called “Night Raid” who use special weapons called Teigu. Together, Tatsumi and the members of Night Raid confront the corrupt empire.'",Explicit Violence,"Akame ga Kill!, Akame ga Kill! ZERO, Akame ga Kill! 1.5, Hinowa ga CRUSH!","Akame ga Kill! Theater, Akame ga Kill! Recap","Akame : Sora Amamiya, Tatsumi : Soma Saito, Bols : Eiji Takemoto, Bulat : Katsuyuki Konishi, Chelsea : Kaori Nazuka, Esdeath : Satomi Akesaka, Honest : Kouji Ishii, Kurome : Ayaka Oohashi, Takahiro
Original Creator, Tomoki Kobayashi
Director, Taku Iwasaki
Music, Kazuhisa Nakamura
Character Design, Keisuke Nakamura
Photography Director, Kazuhiro Asou
Producer, Gaku Iwasa
Producer, Masanori Miyake
Producer","Takahiro : Original Creator, Tomoki Kobayashi : Director, Taku Iwasaki : Music, Kazuhisa Nakamura : Character Design, Keisuke Nakamura : Photography Director, Kazuhiro Asou : Producer, Gaku Iwasa : Producer, Masanori Miyake : Producer"
Love Live! School Idol Project 2nd Season,,TV   ,13.0,Sunrise,Spring,"All-Girls School, Idols, Music, School Club, School Life",3.99,2014.0,,"""With Otonokizaka Academy saved by Honoka Kousaka and members of µ's from being shut down, students are now back to their normal campus lives — for a brief period. Members of µ's are now brought back to the stage and compete with other idol groups for regional tournaments.""",,"Love Live!, Love Live! School Idol Diary, Love Live! School Idol Diary: Second Season, Love Live! Sunshine!! Maru no Yon Koma","Love Live! School Idol Project, Love Live! School Idol Project 2 Recap, Love Live! The School Idol Movie","Eli Ayase : Yoshino Nanjou, Hanayo Koizumi : Yurika Kubo, Honoka Kousaka : Emi Nitta, Kotori Minami : Aya Uchida, Maki Nishikino : Pile, Nico Yazawa : Sora Tokui, Nozomi Toujou : Aina Kusuda, Rin Hoshizora : Riho Iida, Takahiko Kyougoku
Director, Yoshiaki Fujisawa
Music, Asako Nishida
Character Design, Yuhei Murota
Character Design, Yuuki Makimoto
Producer, Kaoru Adachi
Producer, Satoshi Hirayama
Producer","Takahiko Kyougoku : Director, Yoshiaki Fujisawa : Music, Asako Nishida : Character Design, Yuhei Murota : Character Design, Yuuki Makimoto : Producer, Kaoru Adachi : Producer, Satoshi Hirayama : Producer"
K: Missing Kings,,Movie,,GoHands,,"Action, Gangs, Supernatural, Superpowers, Original Work",3.98,2014.0,,"'Silver Clan members Kuro and Neko are on a mission to find their king, Shiro, who went missing after the battle on the School Island involving four of the seven colored kings. During their search, the two discover that Red Clan member Anna Kushina has become the target of the mysterious Green Clan, which intends to use the girl’s special power to track down Shiro. Now the Silver Clan and Red Clan find themselves joining forces to protect Shiro and Anna from this new threat. But will this unexpected alliance be enough to counter the Green Clan’s top fighters, as well as its king?'",,"K: Memory of Red, K: Stray Dog Story, K: Side:Blue (Light Novel), K: Side:Red (Light Novel), K: Days of Blue, K: The First, K: Side:Black & White (Light Novel), K: Countdown, K: Lost Small World, Gakuen K, K: Lost Small World (Light Novel), K: Dream of Green, K: Missing Kings, K: Return of Kings, K: R:B (Light Novel), K: Ao no Jikenbo (Light Novel), K: Side:Green (Light Novel)","K, K: Missing Kings - Manner Movie, K: Return of Kings, K: Seven Stories Movie 1 - R:B ~Blaze~, K: Seven Stories Movie 2 - SIDE:BLUE ~Sirius~, K: Seven Stories Movie 3 - SIDE:GREEN ~Overwrite World~, K: Seven Stories Movie 4 - Lost Small World ~Outside the Cage~, K: Seven Stories Movie 5 - Memory of Red ~BURN~, K: Seven Stories Movie 6 - Circle Vision ~Nameless Song~","Anna Kushina : Yui Horie, Kuroh Yatogami : Daisuke Ono, Neko : Mikako Komatsu, Douhan Hirasaka : Kaori Nazuka, Izumo Kusanagi : Takahiro Sakurai, Misaki Yata : Jun Fukuyama, Reisi Munakata : Tomokazu Sugita, Saruhiko Fushimi : Mamoru Miyano, Hiromitsu Kanazawa
Director, Shingo Suzuki
Director & Character Design, Mikio Endou
Music, Takeshi Naitou
Art Director, Takanori Kikuchi
Cg Director, Haruki Hayashi
Producer","Hiromitsu Kanazawa : Director, Shingo Suzuki : Director & Character Design, Mikio Endou : Music, Takeshi Naitou : Art Director, Takanori Kikuchi : Cg Director, Haruki Hayashi : Producer"
Magic Kaito 1412,,TV   ,24.0,A-1 Pictures,Fall ,"Action, Comedy, Drama, Mystery, Shounen, Secret Identity, Thieves, Based on a Manga",3.98,2014.0,2015.0,"""Kaito Kuroba is a seventeen-year-old high school student who is an adept magician due to the influence of his father, Toichi Kuroba who died mysteriously. Eight years after his father's death, Kaito discovers a secret room in his home that was set up by his father to reveal itself on that very day. Finding Kid the Phantom Thief's gadgets and costume in the room, Kaito dons the disguise and decides to confront Kid who has recently resurfaced after his eight years of absence. Kaito discovers Kid to be Konosuke Jii, his father's butler, who ascertains Toichi was the first Kid the Phantom Thief. Jii reveals he took on the role as Kid to lure out Toichi's murderer. Upon learning that his father was murdered, Kaito continues the role of Kid the Phantom Thief as he searches for his father's killer.""",,Magic Kaitou,"Detective Conan, Magic Kaito, Lupin III: Lupin Family All-Stars","Kaito Kid : Kappei Yamaguchi, Kaitou Kuroba : Kappei Yamaguchi, Akako Koizumi : Eri Kitamura, Aoko Nakamori : M.A.O., Ginzo Nakamori : Unshou Ishizuka, Kounosuke Jii : Michio Hazama, Saguru Hakuba : Mamoru Miyano, Ai Haibara : Megumi Hayashibara, Gosho Aoyama
Original Creator, Susumu Kudou
Director, Naomichi Yamato
Assistant Director, Taku Iwasaki
Music, Yoshikazu Iwanami
Sound Director, Tomonori Ochikoshi
Producer, Kouji Nagai
Producer","Gosho Aoyama : Original Creator, Susumu Kudou : Director, Naomichi Yamato : Assistant Director, Taku Iwasaki : Music, Yoshikazu Iwanami : Sound Director, Tomonori Ochikoshi : Producer, Kouji Nagai : Producer"
Monthly Girls' Nozaki-kun Specials, Gekkan Shoujo Nozaki-kun Specials,DVD S,,Doga Kobo,,"Comedy, Shounen, Gag, School Life, Based on a 4-Koma Manga, Based on a Manga",3.98,2014.0,2015.0,'No synopsis yet - check back soon!',,Monthly Girls' Nozaki-kun,Monthly Girls' Nozaki-kun,"Chiyo Sakura : Ari Ozawa, Umetarou Nozaki : Yuuichi Nakamura, Hirotaka Wakamatsu : Ryouhei Kimura, Masayuki Hori : Yuuki Ono, Mikoto Mikoshiba :  Nobuhiko Okamoto, Yuu Kashima : Mai Nakahara, Yuzuki Seo : Miyuki Sawashiro, Mamiko : Marie Miyake, Izumi Tsubaki
Original Creator",Izumi Tsubaki : Original Creator
Yuru Yuri Nachu Yachumi!,,OVA  ,1.0,TYO Animations,,"Comedy, Seinen, Slice of Life, Based on a Manga",3.97,2014.0,,'No synopsis yet - check back soon!',,"Yuru Yuri, Risetto!, Big Sister Mode, Yuru Yuri Comic Anthology, Oomuroke","Yuru Yuri, Yuru Yuri: Doushite, Tomaranai, Tokimeki, Doki Doki, Paradox, Eternal, Yuru Yuri ♪♪, Yuru Yuri Nachu Yachumi!+, Yuru Yuri San☆Hai!, Yuru Yuri,","Akari Akaza : Shiori Mikami, Chinatsu Yoshikawa : Rumi Ookubo, Kyouko Toshinou : Yuka Ootsubo, Yui Funami : Minami Tsuda, Ayano Sugiura : Saki Fujita, Chitose Ikeda : Aki Toyosaki, Himawari Furutani : Suzuko Mimori, Sakurako Ohmuro : Emiri Katou, Namori
Original Creator, Hiroyuki Hata
Director, Yoshiaki Fujisawa
Music, Motohiro Taniguchi
Character Design, Yoshikazu Iwanami
Sound Director, Youko Kawahara
Producer","Namori : Original Creator, Hiroyuki Hata : Director, Yoshiaki Fujisawa : Music, Motohiro Taniguchi : Character Design, Yoshikazu Iwanami : Sound Director, Youko Kawahara : Producer"
The Irregular at Magic High School, Mahouka Koukou no Rettousei,TV   ,26.0,MADHOUSE,Spring,"Action, Sci Fi, Brother Complex, Magic, Magic School, Overpowered Main Characters, School Life, Siblings, Based on a Light Novel, Violence",3.95,2014.0,,"""The year is 2095. Magic has been tamed as another form of technology, and the practice of magic is now a rigorous discipline. Brother and sister Tatsuya and Miyuki Shiba are just about to start their first year at the renowned First Magic High School of Japan. But the school's ironclad rules mean that the brilliant Miyuki enters the prestigious Course 1, while her older brother, Tatsuya, is relegated to Course 2--and that's just the beginning of their troubles!""",Violence,"The Irregular at Magic High School (Light Novel), The Irregular at Magic High School: Enrollment Arc, The Honor Student at Magic High School, The Irregular at Magic High School: Nine School Competition Arc, The Irregular at Magic High School: Yokohama Disturbance Arc, The Irregular at Magic High School: Reminiscence Arc, The Irregular at Magic High School: Yonkoma-hen, The Irregular at Magic High School: Visitor Arc, The Irregular at Magic High School SS (Light Novel), The Irregular at Magic High School: Double Seven Arc, The Irregular at Magic High School: Summer Vacation Arc, The Irregular at Magic High School: The Girl Who Summons The Stars, The Irregular at Magic High School: Shiba Tatsuya Ansatsu Keikaku (Light Novel), The Irregular at Magic High School: Kaichou Senkyo-hen, The Irregular at Magic High School: Steeplechase Arc, The Irregular at Magic High School: Ancient City Insurrection Arc, The Irregular at Magic High School: Shiba Tatsuya Ansatsu Keikaku, The Irregular at Magic High School: Yotsuba Succesion Arc, The Irregular at Magic High School: Shizoku Kaigi-hen, The Irregular at Magic High School: Magian Company (Light Novel), New The Irregular at Magic High School: Cygnus Maidens (Light Novel), The Irregular at Magic High School: Nankai Soujou-hen, The Honor Student at Magic High School 2nd Season","The Irregular at Magic High School (New), The Irregular at Magic High School: Get to Know Magic Studies!, The Irregular at Magic High School: Get to Know Magic Studies! Special, The Irregular at Magic High School x Mameshiba, The Irregular at Magic High School Movie: The Girl Who Summons the Stars, The Irregular at Magic High School: Visitor Arc, The Honor Student at Magic High School, The Irregular at Magic High School 10th Anniversary PV, The Irregular at Magic High School: Reminiscence Arc","Miyuki Shiba : Saori Hayami, Tatsuya Shiba : Yuuichi Nakamura, Azusa Nakajo : Saki Ogasawara, Erika Chiba : Yumi Uchiyama, Hanzo Gyobushojo Hattori : Ryouhei Kimura, Honoka Mitsui : Sora Amamiya, Leonhart Saijo : Takuma Terashima, Mari Watanabe : Marina Inoue, Tsutomu Satou
Original Creator, Kana Ishida
Character Design & Original Character Design, Manabu Ono
Director, Taku Iwasaki
Music, Shuuhei Yabuta
Cg Director, Jimmy Stone
Chief Animation Director & Mechanical Design, Yasutaka Kimura
Producer, Kazuma Miki
Producer","Tsutomu Satou : Original Creator, Kana Ishida : Character Design & Original Character Design, Manabu Ono : Director, Taku Iwasaki : Music, Shuuhei Yabuta : Cg Director, Jimmy Stone : Chief Animation Director & Mechanical Design, Yasutaka Kimura : Producer, Kazuma Miki : Producer"
Love Stage!!,,TV   ,10.0,J.C.Staff,Summer,"BL, Comedy, Romance, Shounen-ai, Acting, Adult Couples, Crossdressing, LGBT Themes, Lifestyle Change, Mature Romance, Otaku Culture, Romantic Comedy, Showbiz, Based on a Manga, Sexual Content",3.95,2014.0,,"""His father and older brother are famous singers, his mother is a renown artist, Izumi Sena was born into a family of super entertainers! However, unlike the rest of his family, Izumi is an otaku who aspires to become a manga illustrator. One day, he is roped into starring in a television commercial dressed as a woman. The actor Izumi is featured with, Ryoma, falls in love at first sight upon meeting him. It turns out that they had actually met 10 years prior and Ryoma's attraction hasn't changed even after finding out Izumi is a boy.""",Sexual Content,"Back Stage!! (Light Novel), Love Stage!!",Love Stage!! OVA,"Izumi Sena : Tsubasa Yonaga, Ryouma Ichijou : Takuya Eguchi, Nagisa Sena : Sayaka Oohara, Rei Sagara : Daisuke Hirakawa, Seiya Sena : Ryotaro Okiayu, Shougo Sena : Daigo, Ai Ichihara : Chieko Miyazaki, Biscuit : Sachie Hirai, Eiki Eiki
Original Creator, Mikiyo Tsuda
Original Creator, Kenichi Kasai
Director & Storyboard, Michiko Yokote
Screenplay & Series Composition, Ryousuke Nakanishi
Music, Yoko Ito
Animation Director & Character Design & Chief Animation Director, Yutaka Kurosawa
Photography Director, Hirotsugu Kakoi
Art Director","Eiki Eiki : Original Creator, Mikiyo Tsuda : Original Creator, Kenichi Kasai : Director & Storyboard, Michiko Yokote : Screenplay & Series Composition, Ryousuke Nakanishi : Music, Yoko Ito : Animation Director & Character Design & Chief Animation Director, Yutaka Kurosawa : Photography Director, Hirotsugu Kakoi : Art Director"
Seitokai Yakuindomo*,,TV   ,13.0,GoHands,Winter,"Comedy, Shounen, Crude, Newly Co-ed School, Parody, Satire, School Life, Student Council, Based on a 4-Koma Manga, Based on a Manga, Sexual Content",3.95,2014.0,,"""Takatoshi's life has undoubtedly been colorful ever since he joined Ousai Private Academy's student council. Now, the hilarious hijinks continue into his second year! He, Shino, Aria and Suzu certainly have their hands full since a new school year means new faces, new adventures and, of course, new opportunities for even more double entendres and innuendos.""",Sexual Content,Seitokai Yakuindomo,"Seitokai Yakuindomo, Seitokai Yakuindomo OVA, Seitokai Yakuindomo* OVA, Seitokai Yakuindomo Movie, Seitokai Yakuindomo Movie 2","Aria Shichijou : Satomi Satou, Shino Amakusa : Youko Hikasa, Suzu Hagimura : Sayuri Yahagi, Takatoshi Tsuda : Shintarou Asanuma, Chihiro Uomi : Chiwa Saitou, Kaede Igarashi : Emiri Katou, Kaoru Toki : Miho Hino, Kotomi Tsuda : Asami Shimoda, Tozen Ujiie
Original Creator, Hiromitsu Kanazawa
Director, Makoto Furuta
Character Design","Tozen Ujiie : Original Creator, Hiromitsu Kanazawa : Director, Makoto Furuta : Character Design"
Kill La Kill Special,,DVD S,,TRIGGER,,"Action, Comedy, Ecchi, Sci Fi, Aliens, Superpowers, Swordplay, Original Work",3.94,2014.0,,'No synopsis yet - check back soon!',,Kill la Kill,Kill La Kill,"Mako Mankanshoku, Rei Hououmaru, Ryuuko Matoi, Satsuki Kiryuuin, Aikuro Mikisugi, Houka Inumuta, Ira Gamagoori, Nonon Jakuzure, Hiroyuki Imaishi
Director, Hiroyuki Sawano
Music, Sushio
Character Design","Hiroyuki Imaishi : Director, Hiroyuki Sawano : Music, Sushio : Character Design"
Tiger & Bunny The Movie: The Rising,,Movie,,Sunrise,,"Action, Comedy, Sci Fi, Superheroes, Superpowers, Original Work",3.93,2014.0,,"""Kotetsu T. Kaburagi, a.k.a. Wild Tiger, and Barnaby Brooks Jr.'s partnership comes to a sudden end when Apollon Media's new owner Mark Schneider fires Kotetsu and moves Barnaby back into the First League, pairing him up with Golden Ryan, a new hero with awesome powers and a huge ego to match. When the heroes are sent to investigate a string of strange incidents tied closely to the city's Goddess Legend, they discover three super-powered NEXTs plotting to bring terror and destruction to Stern Bild.""",,"Tiger & Bunny, Tiger & Bunny Comic Anthology, Tiger & Bunny - The Comic, Tiger & Bunny (Mizuki SAKAKIBARA), Tiger & Bunny: The Beginning","Tiger & Bunny, Tiger & Bunny the Movie: The Beginning, Tiger & Bunny Recaps, Tiger & Bunny 2","Barnaby Brooks Jr. : Masakazu Morita, Kotetsu T. Kaburagi : Hiroaki Hirata, Agnes Joubert : Yuko Kaida, Blue Rose : Minako Kotobuki, Dragon Kid : Mariya Ise, Fire Emblem : Kenjirou Tsuda, Golden Ryan : Yuuichi Nakamura, Johnny Wong : Mugihito, Yoshitomo Yonetani
Director, Yoshihiro Ike
Music, Kenji Hayama
Character Design, Mika Yamamoto
Character Design, Tokuhiro Itagaki
Character Design, Masafumi Nishida
Screenplay","Yoshitomo Yonetani : Director, Yoshihiro Ike : Music, Kenji Hayama : Character Design, Mika Yamamoto : Character Design, Tokuhiro Itagaki : Character Design, Masafumi Nishida : Screenplay"
Lupin III: Jigen's Gravestone, Lupin III: Jigen Daisuke no Bohyou,Movie,,Telecom Animation Film,,"Action, Criminals, Guns, Noir, Thieves, Explicit Violence,, Nudity",3.93,2014.0,,"'Lupin & Jigen have their sights set on a treasure worth stealing called the Little Comet which is located in the country of East Doroa. The country has fortified its border after a singer named Queen Malta got assassinated in the neighboring country of West Doroa upon visit. Despite the two countries being enemies, Lupin & Jigen still plan to steal the treasure. During the heist, Jigen almost got killed by a skilled sniper named Yael Okuzaki. His specialty is preparing tombstones for his targets before executing his kills. Its said that no one has survived after Yael makes a grave for that target.'","Explicit Violence,, Nudity","Lupin III, Lupin Kozou, Lupin Sansei: Neighbor World Princess","Lupin III: Pilot Film, Lupin III, Lupin III: Part II, Lupin III: The Mystery of Mamo, Lupin III: The Castle of Cagliostro, Lupin III: Part III, Lupin III: Legend of the Gold of Babylon, Lupin III: The Fuma Conspiracy, Lupin III: Secret Files, Lupin III Special 1: Bye Bye, Lady Liberty, Lupin III Special 2: The Hemingway Papers, Lupin III Special 3: Napoleon's Dictionary, Lupin III Special 4: From Siberia With Love, Lupin III Special 5: Voyage To Danger, Lupin III Special 6: Dragon of Doom, Lupin III: Farewell to Nostradamus, Lupin III Special 7: The Pursuit of Harimao's Treasure, Lupin III: Dead or Alive, Lupin III Special 8: The Secret Of The Twilight Gemini, Lupin III Special 9: Island of Assassins, Lupin III Special 10: Crisis in Tokyo, Lupin III Special 11: The Columbus Files, Lupin III Special 12: Missed by a Dollar, Lupin III Special 13: Alcatraz Connection, Lupin III: Return Of Pycal, Lupin III Special 14: Episode 0 - First Contact, Lupin III Special 15: Operation Return the Treasure, Lupin III Special 16: Stolen Lupin, Lupin III Special 17: Angel Tactics, Lupin III Special 18: Seven Days Rhapsody, Lupin III Special 19: The Elusiveness of the Fog, Lupin III: Green vs Red, Lupin III Special 20: Sweet Lost Night, Monkey Majik: Lupin the Third, Lupin III Special 22: The Last Job, Lupin III Special 23: Blood Seal of the Eternal Mermaid, Lupin VIII: Arsene and Cie, Lupin III: Lupin Family All-Stars, Lupin III: The Woman Called Fujiko Mine, Lupin III Special 24: Touhou Kenbunroku - Another Page, Lupin III Special 25: Princess of the Breeze - Kakusareta Kuuchuu Toshi, Lupin III: Part IV, Lupin III Special 26: Italian Game, Lupin III: Goemon's Blood Spray, Lupin III: Fujiko's Lie, Lupin III: The First","Arsene Lupin Iii : Kanichi Kurita, Daisuke Jigen : Kiyoshi Kobayashi, Okuzaki Yael : Akio Hirose, Fujiko Mine : Miyuki Sawashiro, Koichi Zenigata : Kouichi Yamadera, Mamo : Kanji Obana, Marta : Marika Minase, Monkey Punch
Original Creator, Takeshi Koike
Director & Animation Director & Character Design & Episode Director & Storyboard, James Shimoji
Music, Yuu Kiyozono
Producer, Yuya Takahashi
Screenplay","Monkey Punch : Original Creator, Takeshi Koike : Director & Animation Director & Character Design & Episode Director & Storyboard, James Shimoji : Music, Yuu Kiyozono : Producer, Yuya Takahashi : Screenplay"
Nisekoi, Nisekoi: False Love,TV   ,20.0,SHAFT,Winter,"Comedy, Harem, Romance, Shounen, Slice of Life, Childhood Promise, Fake Romance, Gangs, Romantic Comedy, School Life, Tsundere, Yakuza, Based on a Manga",3.93,2014.0,,"'Raku Ichijo is an average high school student. He also happens to be the sole heir to the head of a Yakuza Family called the Shuei-gumi. 10 years ago, Raku made a promise… a secret promise with a girl he met. They promised one another that they will “get married when they reunite.” Since then, Raku never let go of the pendant the girl gave him.'",,"Koi no Kamisama, Nisekoi: False Love, Nisekoi: Urabana (Light Novel), Ore Koi!!, Magical Pâtissier Kosaki-chan, Nisekoi Bangai-hen: Ticket","Nisekoi OVA, Nisekoimonogatari, Nisekoi: Four Seasons, Nisekoi:, Nisekoi: OVA","Chitoge Kirisaki : Nao Touyama, Kosaki Onodera : Kana Hanazawa, Raku Ichijo : Kouki Uchiyama, Claude : Takehito Koyasu, Marika Tachibana : Kana Asumi, Ruri Miyamoto : Yumi Uchiyama, Seishirou Tsugumi : Mikako Komatsu, Shuu Maiko : Yuuki Kaji, Naoshi Komi
Original Creator, Akiyuki Simbo
Chief Director & Series Composition, Naoyuki Tatsuwa
Director & Episode Director & Op Director & Storyboard, Shaft
Series Composition, Tomoki Kikuya
Music, Naoki Chiba
Music, Kakeru Ishihama
Music, Nobuhiro Sugiyama
Character Design & Chief Animation Director","Naoshi Komi : Original Creator, Akiyuki Simbo : Chief Director & Series Composition, Naoyuki Tatsuwa : Director & Episode Director & Op Director & Storyboard, Shaft : Series Composition, Tomoki Kikuya : Music, Naoki Chiba : Music, Kakeru Ishihama : Music, Nobuhiro Sugiyama : Character Design & Chief Animation Director"
Love Stage!! OVA,,OVA  ,1.0,J.C.Staff,,"BL, Comedy, Romance, Shounen-ai, Adult Couples, LGBT Themes, Mature Romance, Based on a Manga",3.93,2014.0,,"""Ichijou Ryouma has been away on a film set for two weeks time and wasn't able to see Izumi Sena since their last encounter when they both expressed their mutual love for each other. Now that the shooting is coming to an end Ichijou Ryouma is thrilled to get back to Izumi who seems very distressed and troubled so much so that he rarely leaves his room.""",,"Back Stage!! (Light Novel), Love Stage!!",Love Stage!!,"Izumi Sena : Tsubasa Yonaga, Ryouma Ichijou : Takuya Eguchi, Rei Sagara : Daisuke Hirakawa, Shougo Sena : Daigo, Kasumi Shino : Kyouko Sakai, Kosuke Sotomura : Kazutomi Yamamoto, Kurimu Kaneda : Minoru Kawai, Lala-Lulu : Kayoko Tsumita, Eiki Eiki
Original Creator, Mikiyo Tsuda
Original Creator, Ryousuke Nakanishi
Music","Eiki Eiki : Original Creator, Mikiyo Tsuda : Original Creator, Ryousuke Nakanishi : Music"
Hybrid Child,,OVA  ,4.0,Studio DEEN,,"BL, Drama, Romance, Shounen-ai, Androids, Feudal Japan, Historical, Non-Human Protagonists, Robots, Samurai, Based on a Manga",3.93,2014.0,2015.0,"'The story revolves around a doll called ""Hybrid Child"" which grows reflecting the owner\'s affection. Kotarou Izumi, who is the 16th head of the noble Izumi family, found a hybrid child at the garbage disposal spot when he was eight years old. He has lived with the doll named Hazuki for 10 years since then. However, Kotarou learns Hazuki\'s life is close to the end.'",,Hybrid Child,,"Hazuki : Daisuke Hirakawa, Ichi Seya : Ryouhei Kimura, Kotarou Izumi : Nobuhiko Okamoto, Kuroda : Yuuki Ono, Tsukishima : Yoshitsugu Matsuoka, Yuzu : Tsubasa Yonaga, Hybrid Child Florist : Yuki Amano, Shungiku Nakamura
Original Creator, Michio Fukuda
Episode Director & Storyboard, Atsushi Aono
Chief Animation Director","Shungiku Nakamura : Original Creator, Michio Fukuda : Episode Director & Storyboard, Atsushi Aono : Chief Animation Director"
The Kawai Complex Guide to Manors and Hostel Behavior, Bokura wa Minna Kawaisou,TV   ,12.0,Brain's Base,Spring,"Comedy, Romance, Seinen, Slice of Life, Boarding House, Neighbors, Romantic Comedy, Based on a Manga",3.93,2014.0,,"'Thanks to his parents\' job transfer, high school freshman Kazunari Usa finally gets to enjoy living on his own in Kawai Complex, a boarding house that provides meals for its residents. Ritsu, the sempai he always admired, also lives in Kawai Complex, along with a few ""unique"" individuals e.g. his masochistic roommate, Kinosaki; beautiful, big-breasted Mayumi who has no luck in finding men; and sly, predatory college woman Ayaka. Surrounded by all these people, Usa never finds his daily life boring.'",,The Kawai Complex Guide to Manors and Hostel Behavior,"The Kawai Complex Guide to Manors and Hostel Behavior Specials, The Kawai Complex Guide to Manors and Hostel Behavior: First Time","Kazunari Usa : Yuuichi Iguchi, Ritsu Kawai : Kana Hanazawa, Mayumi Nishikino : Rina Satou, Sayaka Watanabe : Hisako Kanemoto, Shirosaki : Gou Shinomiya, Sumiko : Sanae Kobayashi, Tae Shinohara : Yuki Kaida, Chinatsu : Ai Shimizu, Ruri Miyahara
Original Creator, Shigeyuki Miya
Director, Akito Matsuda
Music, Junko Yamanaka
Character Design, Shinichi Kurita
Character Design, Maki Kouno
Character Design, Shinichirou Kajiura
Animation Director","Ruri Miyahara : Original Creator, Shigeyuki Miya : Director, Akito Matsuda : Music, Junko Yamanaka : Character Design, Shinichi Kurita : Character Design, Maki Kouno : Character Design, Shinichirou Kajiura : Animation Director"
Persona 3 the Movie 2: Midsummer Knight's Dream,,Movie,,A-1 Pictures,,"Fantasy, Supernatural, Based on a Video Game",3.92,2014.0,,"'""I wish it would stay like this every day..."" Following his transfer to Gekkoukan Private Academy, Makoto Yuki is suddenly attacked by a strange monster called Shadows and is awakened to a power which allows him to summon a Persona. Seeing Makoto\'s potential, the members of the Specialized Extracurricular Execution Squad approach him, to join them in their battle against these creatures. Makoto, initially feeling detached from the situation, accepts their invitation indifferently, but as he learns more about the ""Dark Hour"" and engages in many harsh battles, he begins feeling a strong bond with his teammates.And so the season turned from spring to summer... the battle was far from over for the SEES team, now joined by a new member, but they all felt a sense of fulfillment even as they faced these abnormal circumstances. The wheels of fate began to turn... as they were about to learn of the new trials they must face.'",,"Persona 3, Persona 4, Tartarus Gekijou, Persona x Tantei Naoto (Light Novel), P4U2: Persona 4 the Ultimax Ultra Suplex Hold, Persona Q: Shadow of the Labyrinth - Side:P3, Persona 5, Tartarus Gekijou Wild","Persona 3 the Movie 1: Spring of Birth, Persona 3 the Movie 3: Falling Down, Persona 3 the Movie 4: Winter of Rebirth","Aigis :  Maaya Sakamoto, Akihiko Sanada : Hikaru Midorikawa, Junpei Iori : Kohsuke Toriumi, Ken Amada : Megumi Ogata, Makoto Yuuki : Akira Ishida, Mitsuru Kirijo : Rie Tanaka, Shinjiro Aragaki : Kazuya Nakai, Yukari Takeba : Megumi Toyoguchi, Tomohisa Taguchi
Director, Tetsuya Kobayashi
Music, Shouji Meguro
Music, Keisuke Watabe
Character Design, Cindy H. Yamauchi
Chief Animation Director, Yae Ootsuka
Chief Animation Director","Tomohisa Taguchi : Director, Tetsuya Kobayashi : Music, Shouji Meguro : Music, Keisuke Watabe : Character Design, Cindy H. Yamauchi : Chief Animation Director, Yae Ootsuka : Chief Animation Director"
Beyond the Boundary: Shinonome, Kyoukai no Kanata: Shinonome,DVD S,,Kyoto Animation,,"Action, Fantasy, Contemporary Fantasy, Magic, Urban Fantasy, Based on a Light Novel, Violence",3.92,2014.0,,"'Two years ago, the Nase siblings met Akihito for the first time when Hiroomi and Mitsuki are sent to subjugate the half-yomu.'",Violence,Kyoukai no Kanata (Light Novel),"Beyond the Boundary, Beyond the Boundary: Idol Trial!, Beyond the Boundary: Mini Theater, Beyond the Boundary Movie: I'll Be Here - Past, Beyond the Boundary: Yakusoku no Kizuna, Beyond the Boundary Movie: I'll Be Here - Future","Akihito Kanbara : Kenn, Hiroomi Nase : Tatsuhisa Suzuki, Mitsuki Nase : Minori Chihara, Izumi Nase : Ayako Kawasumi, Miroku Fujima : Masaya Matsukaze, Ayaka Shindo : Naomi Shindou, Mirai Kuriyama : Risa Taneda, Shizuku Ninomiya : Akeno Watanabe",
"Love, Chunibyo & Other Delusions! Heart Throb", Chuunibyou Demo Koi ga Shitai! Ren,TV   ,12.0,Kyoto Animation,Winter,"Comedy, Drama, Romance, Childhood Friends, School Life, Based on a Light Novel",3.91,2014.0,,"""In case Yuuta’s hands weren’t full enough with his delusional girlfriend, Rikka, the arrival of a former friend claiming to be his soul mate is about to take Yuta's crazy life to a whole new level!""",,"Love, Chunibyo & Other Delusions (Light Novel)","Love, Chunibyo & Other Delusions!, Love, Chunibyo & Other Delusions! Heart Throb Lite, Love, Chunibyo & Other Delusions: Heart Throb Specials, Love, Chunibyo & Other Delusions! Heart Throb: The Rikka Wars, Love, Chunibyo & Other Delusions! Movie: Take On Me","Rikka Takanashi : Maaya Uchida, Yuuta Togashi : Jun Fukuyama, Kumin Tsuyuri : Azumi Asakura, Makoto Isshiki : Souichirou Hoshi, Sanae Dekomori : Sumire Uesaka, Satone Shichimiya : Juri Nagatsuma, Shinka Nibutani : Chinatsu Akasaki, Aquarium Presenter : Rieko Oda, Tatsuya Ishihara
Director, Akito Matsuda
Music, Kazumi Ikeda
Character Design, Shinichi Nakamura
Producer, Shigeru Saitou
Producer, Eharu Oohashi
Producer, Kengo Shigemura
Editor, Naoko Yamada
Ed Director & Storyboard","Tatsuya Ishihara : Director, Akito Matsuda : Music, Kazumi Ikeda : Character Design, Shinichi Nakamura : Producer, Shigeru Saitou : Producer, Eharu Oohashi : Producer, Kengo Shigemura : Editor, Naoko Yamada : Ed Director & Storyboard"
Aikatsu! The Movie,,Movie,,Sunrise,,"Idols, Music, Showbiz, Based on a Card Game",3.91,2014.0,,"'The story of the anime revolves around Ichigo, who was just a normal middle school student until she suddenly got involved in the world of idols. The film will center around Aikatsu!\'s greatest ""Super Live"" concert yet, the Dai Star Miya Ichigo Matsuri. Ichigo prepares for the concert with press conferences, last-minute lessons, and more.'",,"Aikatsu! Secret Story, Aikatsu! Manga & Mangaka Atsudou!","Aikatsu!, Aikatsu! 2, Aikatsu! 3, Aikatsu! Dai Starmiya Ichigo Matsuri Zenyasai!!, Aikatsu! Music Award: Minna de Shou wo Moracchaima SHOW!, Aikatsu! 4, Aikatsu Stars! The Movie, Aikatsu Stars!, Aikatsu! Nerawareta Mahou no Aikatsu Card","Akari Oozora : Shino Shimoji, Aoi Kiriya : Azusa Tadokoro, Ichigo Hoshimiya : Sumire Morohoshi, Kaede Ichinose : Yuuna Mimura, Mizuki Kanzaki : Minako Kotobuki, Otome Arisugawa : Tomoyo Kurosawa, Ran Shibuki : Ayaka Oohashi, Sakura Kitaouji : Kiyono Yasuno, Ryuichi Kimura
Chief Director & Storyboard, Yuuichirou Yano
Director, Monaca
Music, Hiroko Yaguchi
Character Design, Nobuyuki Hosoya
Producer, Eiji Abiko
Key Animator, Toshihiro Nakajima
Key Animator, Mitsuhiro Yoneda
Key Animator","Ryuichi Kimura : Chief Director & Storyboard, Yuuichirou Yano : Director, Monaca : Music, Hiroko Yaguchi : Character Design, Nobuyuki Hosoya : Producer, Eiji Abiko : Key Animator, Toshihiro Nakajima : Key Animator, Mitsuhiro Yoneda : Key Animator"
Girls und Panzer: This is the Real Anzio Battle!, Girls und Panzer: Kore ga Hontou no Anzio-sen desu!,OVA  ,1.0,Actas,,"Action, Military, Military School, School Club, School Life, Tournaments, Original Work",3.9,2014.0,,'Miho and Team Oorai have their hands full with the impulsive attacks of Vice-Commander Pepperoni and facing the raw fury of Vice-Commander Carpaccio… but the real question is whether they can hold off Anchovy’s ultra-secret secret weapons',,"Girls und Panzer: Little Army, Girls und Panzer (Light Novel), Girls und Panzer: Comic Anthology, Girls und Panzer: Gekitou! Maji no Ikusa Desu!!, Girls und Panzer: Little Army II, Girls und Panzer: 4-koma Anthology Comic, Girls und Panzer: Saishuushou - Keizoku Koukou Harapeko Shokujidou, Girls und Panzer: Avanti! Anzio Koukou","Girls und Panzer, Girls und Panzer: Akiyama Yukari no Sensha Kouza, Girls und Panzer: Dai 63 Kaisen Shadou Zenkoku Koukousei Taikai","Anchovy : Maya Yoshioka, Carpaccio : Saori Hayami, Hana Isuzu : Mami Ozaki, Mako Reizei : Yuka Iguchi, Miho Nishizumi : Samira Jakobs, Pepperoni : You Taichi, Saori Takebe : Ai Kayano, Yukari Akiyama : Ikumi Nakagami, Tsutomu Mizushima
Director, Shirou Hamaguchi
Music, Isao Sugimoto
Character Design, Yoshikazu Iwanami
Sound Director, Kiyoshi Sugiyama
Producer, Youhei Hayashi
Producer, Youichi Sekine
Producer","Tsutomu Mizushima : Director, Shirou Hamaguchi : Music, Isao Sugimoto : Character Design, Yoshikazu Iwanami : Sound Director, Kiyoshi Sugiyama : Producer, Youhei Hayashi : Producer, Youichi Sekine : Producer"
Psycho-Pass 2,,TV   ,11.0,Tatsunoko Production,Fall ,"Action, Sci Fi, Crime, Cyberpunk, Dystopia, Guns, Noir, noitaminA, Police, Psychopaths, Serial Killers, Thriller, Original Work, Animal Abuse,, Explicit Violence,, Mature Themes",3.9,2014.0,,"'It’s been a little over a year since Inspector Akane Tsunemori chose to put her faith in the Sibyl System and keep its true nature a secret. Assigned to a new division with a few familiar faces, Akane and her team of Inspectors and Enforcers are charged with upholding the law in a society where just thinking about a crime is enough to get you locked away forever -- or executed on the spot.\xa0Just as Akane settles into her new routine, a terrorist bombing in the center of the city shakes the System to its core and launches an investigation that uncovers a network of latent criminals who claim their leader has the power to lower their crime coefficients. After Enforcers begin turning up dead with cryptic messages scrawled near their bodies, Akane starts closing in on the answers she’s looking for -- completely unaware that an even deadlier threat is lurking closer than she could ever imagine.'","Animal Abuse,, Explicit Violence,, Mature Themes","Kanshikan Tsunemori Akane, Gakuen Psycho-Pass, Psycho-Pass: Inspector Shinya Kogami, Psycho-Pass 2","Psycho-Pass, Psycho-Pass: The Movie, Psycho-Pass SS: Case. 1 - Tsumi to Batsu, Psycho-Pass SS: Case. 2 - First Guardian, Psycho-Pass SS: Case. 3 - Onshuu no Kanata ni, Psycho-Pass 3","Akane Tsunemori : Kana Hanazawa, Mika Shimotsuki : Ayane Sakura, Jouji Saiga : Kazuhiro Yamaji, Joushuu Kasei : Yoshiko Sakakibara, Kirito Kamui : Ryouhei Kimura, Nobuchika Ginoza : Kenji Nojima, Risa Aoyanagi : Masumi Asano, Sakuya Togane : Keiji Fujiwara, Naoyoshi Shiotani
Director, Kiyotaka Suzuki
Director, Yuugo Kanno
Music, Kyouji Asano
Character Design, Yoshikazu Iwanami
Sound Director, George Wada
Producer, Akitoshi Mori
Producer, Masaya Saitou
Producer","Naoyoshi Shiotani : Director, Kiyotaka Suzuki : Director, Yuugo Kanno : Music, Kyouji Asano : Character Design, Yoshikazu Iwanami : Sound Director, George Wada : Producer, Akitoshi Mori : Producer, Masaya Saitou : Producer"
Space Battleship Yamato 2199: Odyssey of the Celestial Ark, Uchuu Senkan Yamato 2199: Hoshimeguru Hakobune,Movie,,XEBEC,,"Action, Adventure, Sci Fi, Aliens, Leijiverse, Military, Outer Space, Space Opera",3.9,2014.0,,"'A new super weapon has emerged and Gamilas ships vanish from the seas. In the meantime, the Yamato has left the Large Magellanic Cloud and is on its way back to the Milky Way Galaxy. During the voyage, the crew is hit by a gatlantean warrior fleet under command of Goran Dagam, who claims the ""Yamatee"" as his prey. After Susumu Kodai in command refuses to give up the ship, the Yamato makes a run and accidentally ends up inside a strange world that defies logic and the law of physics. An expedition team is sent to the surface and makes a truly mind-boggling experience that they cannot escape. Next to that the team doesn\'t seem to be alone after they encounter their old foes. Time runs out and the Gamilas and Terrons walk a thin line in a world that\'s not their own, having the Gatlanteans sitting in their necks.'",,,"Star Blazers: The Quest for Iscandar, Space Battleship Yamato Movie, Farewell to Space Battleship Yamato: In the Name of Love, Star Blazers: The Comet Empire, Space Battleship Yamato: The New Voyage, Be Forever Yamato, Star Blazers: The Bolar Wars, Final Yamato, Yamato 2520, Space Battleship Yamato: Resurrection, Star Blazers: Space Battleship Yamato 2199, Space Battleship Yamato 2199: Tsuioku no Koukai, Star Blazers: Space Battleship Yamato 2202","Daisuke Shima : Kenichi Suzumura, Juzo Okita : Takayuki Sugou, Susumu Kodai : Daisuke Ono, Yuki Mori : Houko Kuwashima, Akira Yamamoto : Rie Tanaka, Elk Dommel : Akio Ootsuka, Kenjiro Ohta : Yuuki Chiba, Mikage Kiryuu : Eriko Nakamura, Yoshinobu Nishizaki
Original Creator, Yutaka Izubuchi
Director, Makoto Bessho
Director, Akira Miyagawa
Music, Hiroshi Miyagawa
Music, Nobuteru Yuuki
Character Design","Yoshinobu Nishizaki : Original Creator, Yutaka Izubuchi : Director, Makoto Bessho : Director, Akira Miyagawa : Music, Hiroshi Miyagawa : Music, Nobuteru Yuuki : Character Design"
Knights of Sidonia, Sidonia no Kishi,TV   ,12.0,POLYGON PICTURES,Spring,"Action, Adventure, Horror, Mecha, Sci Fi, Seinen, Aliens, Animeism, Outer Space, Post-apocalyptic, Real Robot, Based on a Manga, CG Animation, Violence",3.9,2014.0,,"'An alien race called Gauna has destroyed Earth leaving humanity struggling to survive, aboard the spaceship Sidonia. Even though it’s been a century since the last encounter with the Gauna, military service is mandatory. For Nagate Tanikaze, whose grandfather secretly hid him in the forgotten bowels of Sidonia, it’s a strange new world as he’s forced to come to the surface. Yet his recruitment comes just in time, for the Gauna have suddenly reappeared.'",Violence,"Knights of Sidonia, Knights of Sidonia Zenjitsudan: Dai 4-ji Gauna Boueisen","Knights of Sidonia Movie, Knights of Sidonia: Battle for Planet Nine, Knights of Sidonia: Love Woven in the Stars","Nagate Tanikaze : Ryouta Oosaka, En Honoka : Eri Kitamura, Ichiro Seii : Tomohiro Tsuboi, Izana Shinatose : Aki Toyosaki, Kobayashi : Sayaka Oohara, Norio Kunato : Takahiro Sakurai, Ochiai : Takehito Koyasu, Samari Ittan : Atsuko Tanaka, Tsutomu Nihei
Original Creator, Koubun Shizuno
Director, Yuuki Moriyama
Character Design, Yoshikazu Iwanami
Sound Director, Takahiro Yamanaka
Producer, Ryuu Hashimoto
Producer, Yoshihiko Yamazaki
Producer, Seimei Kidokoro
Storyboard","Tsutomu Nihei : Original Creator, Koubun Shizuno : Director, Yuuki Moriyama : Character Design, Yoshikazu Iwanami : Sound Director, Takahiro Yamanaka : Producer, Ryuu Hashimoto : Producer, Yoshihiko Yamazaki : Producer, Seimei Kidokoro : Storyboard"
The Kawai Complex Guide to Manors and Hostel Behavior: First Time, Bokura wa Minna Kawaisou: Hajimete no,DVD S,,Brain's Base,,"Comedy, Romance, Seinen, Slice of Life, School Life, Based on a Manga",3.89,2014.0,,'During Usa and Ritsu’s school culture festival. With their schedules being busy the two haven’t been able to spend a lot of time together. Ritsu begins to experience a sense of jealousy seeing Usa around other girls.',,The Kawai Complex Guide to Manors and Hostel Behavior,"The Kawai Complex Guide to Manors and Hostel Behavior Specials, The Kawai Complex Guide to Manors and Hostel Behavior","Kazunari Usa, Ritsu Kawai, Mayumi Nishikino, Sayaka Watanabe, Shirosaki, Sumiko, Andou, Hayashi, Ruri Miyahara
Original Creator",Ruri Miyahara : Original Creator
Attack on Titan Movie 1: Crimson Bow and Arrow, Shingeki no Kyojin Movie 1: Guren no Yumiya,Movie,,WIT Studio,,"Action, Fantasy, Horror, Shounen, Dark Fantasy, Isolated Society, Military, Outside World, Overpowered Main Characters, Post-apocalyptic, Recap, Based on a Manga, Cannibalism,, Violence",3.88,2014.0,,"'A compilation film, recapping the first season of Attack on Titan.'","Cannibalism,, Violence","Attack on Titan Volume 0, Attack on Titan, Attack on Titan: Before the Fall (Light Novel), Attack on Titan: No Regrets - Prologue, Attack on Titan: Before the Fall, Attack on Titan: No Regrets, Spoof on Titan, Attack on Titan: The Harsh Mistress of the City (Light Novel), Attack on Titan: Lost Girls (Light Novel), Attack on Titan: Lost Girls","Attack on Titan, Attack on Titan Movie 2: The Wings of Freedom, Attack on Titan Movie 3: The Roar of Awakening","Armin Arlelt : Marina Inoue, Eren Jaeger : Yuuki Kaji, Mikasa Ackerman : Yui Ishikawa, Annie Leonhart : Yu Shimamura, Levi : Hiroshi Kamiya, Rogue Titan, Bertholdt Hoover : Tomohisa Hashizume, Carla Jaeger : Yoshino Takamori, Hajime Isayama
Original Creator, Tetsurou Araki
Director, Hiroyuki Sawano
Music, Kyouji Asano
Character Design","Hajime Isayama : Original Creator, Tetsurou Araki : Director, Hiroyuki Sawano : Music, Kyouji Asano : Character Design"
Rage of Bahamut: Genesis, Shingeki no Bahamut: Genesis,TV   ,12.0,MAPPA,Fall ,"Action, Adventure, Fantasy, Angels, Bounty Hunters, Demons, Magic, Monsters, Based on a Mobile Game",3.88,2014.0,,"'Two thousand years ago, the dragon Bahamut terrorized the magical land of Mistarcia. The humans, gods, and demons that inhabited the land joined forces against the fiend and bound its power to a key which was split in two—one half guarded by gods and the other by demons. Mistarcia became a peaceful realm—until the fateful day a woman stole the god’s half of the key.'",,"Rage of Bahamut: Twin Heads, Rage of Bahamut: Manaria Friends","Rage of Bahamut: Genesis - Roundup, Rage of Bahamut: Genesis - Short Stories, Rage of Bahamut: Virgin Soul, Mysteria Friends, Follow Your Fantasy","Amira : Risa Shimizu, Favaro Leone : Hiroyuki Yoshino, Kaisar Lidfard : Go Inoue, Rita : Miyuki Sawashiro, Azazel : Masakazu Morita, Bacchus : Hiroshi Iwasaki, Bahamut, Beelzebub : Ryuzaburo Otomo, Keiichi Satou
Director, Yoshihiro Ike
Music, Naoyuki Onda
Character Design & Chief Animation Director, Shinya Sugai
Cg Director & Episode Director, Masaki Hinata
Animation Director","Keiichi Satou : Director, Yoshihiro Ike : Music, Naoyuki Onda : Character Design & Chief Animation Director, Shinya Sugai : Cg Director & Episode Director, Masaki Hinata : Animation Director"
Hozuki's Coolheadedness, Hozuki no Reitetsu,TV   ,13.0,WIT Studio,Winter,"Comedy, Seinen, Afterlife, Animeism, Coworkers, Dark Comedy, Demons, Episodic, Gag, Hell, Japanese Mythology, Non-Human Protagonists, Parody, Satire, Slapstick, Supernatural, Youkai, Based on a Manga",3.87,2014.0,,"""Japanese Hell consists of 272 subdivisions, and the demon Hozuki is tasked with making sure they all run smoothly. Calm and level-headed, he efficiently navigates Hell's internal affairs while his boss, the Great King Enma, is busy judging the dead. Although Hozuki has a soft spot for cute animals and is known for his love of gardening Goldfish Flowers, he's certainly no pushover. This demonic bureaucrat has a mile-wide sadistic streak that keeps his subordinates and even King Enma himself in check. Is Hozuki's iron will - and iron club - enough to keep the afterlife running smoothly?""",,"Hozuki's Coolheadedness, Hozuki's Coolheadedness: Shiro no Ashiato","Hozuki's Coolheadedness OVA, Hozuki's Coolheadedness OVA 2, Hozuki's Coolheadedness 2nd Season, Hozuki's Coolheadedness 2nd Season: Part II, Hozuki's Coolheadedness OVA 3","Great King Enma : Takashi Nagasako, Hozuki : Hiroki Yasumoto, Beelzebub : Katsuyuki Konishi, Goban : Noriaki Sugiyama, Hakutaku : Kouji Yusa, Kakisuke : Hiroki Gotou, Karauri : Tetsuya Kakihara, Lurio : Takashi Matsuyama, Natsumi Eguchi
Original Creator, Hiro Kaburagi
Director, Tomisiro
Music, Hirotaka Katou
Character Design, Hiroo Maruyama
Producer, George Wada
Producer, Ryuu Hashimoto
Producer, Rie Shimai
Producer","Natsumi Eguchi : Original Creator, Hiro Kaburagi : Director, Tomisiro : Music, Hirotaka Katou : Character Design, Hiroo Maruyama : Producer, George Wada : Producer, Ryuu Hashimoto : Producer, Rie Shimai : Producer"
Space Dandy,,TV   ,13.0,Bones,Winter,"Adventure, Comedy, Sci Fi, Aliens, Bounty Hunters, Breaking the Fourth Wall, Episodic, Outer Space, Parody, Robots, Original Work",3.87,2014.0,,"'Space Dandy is a dandy in space! This dreamy adventurer with a to-die-for pompadour travels across the galaxy in search of aliens no one has ever laid eyes on. Each new species he discovers earns him a hefty reward, but this dandy has to be quick on his feet because it’s first come—first served!'",,"Space Dandy, I Am Space Dandy","Space Dandy 2, Space Dandy Picture Drama, Space Dandy 2 Picture Drama","Dandy : Junichi Suwabe, Meow : Hiroyuki Yoshino, Qt : Uki Satake, Bea : Kosuke Hatakeyama, Commodore Perry : Banjou Ginga, Gel : Unshou Ishizuka, Scarlet : Houko Kuwashima, 033H : Tomoko Kaneda, Eun-Young Choi
Episode Director & Key Animator & Original Creator & Storyboard, Shinichirou Watanabe
Chief Director, Shingo Natsume
Director, Tucker
Music, Kensuke Ushio
Music, Tarou Umebayashi
Music, Yasuyuki Okamura
Music, Fujimaru Yoshino
Music","Eun-Young Choi : Episode Director & Key Animator & Original Creator & Storyboard, Shinichirou Watanabe : Chief Director, Shingo Natsume : Director, Tucker : Music, Kensuke Ushio : Music, Tarou Umebayashi : Music, Yasuyuki Okamura : Music, Fujimaru Yoshino : Music"
Little Busters! EX,,DVD S,,J.C.Staff,,"School Life, Supernatural, Based on an Eroge, Based on a Visual Novel",3.87,2014.0,,"""Does the new girl in Riki Naoe's life need his help, or is she actually trying to kill him? After a chance encounter on a rooftop brings the enigmatic Saya Tokido into the Little Busters' world, the only thing that's certain is that trouble is sure to follow. As if saving the lives of his teammates wasn't enough of a task to handle, now Riki must also untangle a web of new mysteries that seem to be rooted in his own personal past! Who are the Dark Executives, why do they want to keep Saya and Riki apart, and what is the nature of the secret treasure that Saya seeks? Sometimes, answers lead to even more questions as Riki and the Little Busters discover that they weren't the only people drawn into Kyousuke's artificial world in LITTLE BUSTERS! EX!""",,"Little Busters! The 4-Koma, Little Busters!, Little Busters! Ecstasy, Little Busters! EX The 4-Koma, Little Busters! Noumi Kudryavka","Little Busters!, Little Busters! OVA, Little Busters! Refrain, Kud Wafter","Kanata Futaki : Keiko Suzuki, Riki Naoe : Yui Horie, Sasami Sasasegawa : Sora Tokui, Saya Tokido : Harumi Sakurai, Haruka Saigusa : Keiko Suzuki, Kengo Miyazawa : Katsuaki Arima, Komari Kamikita : Natsumi Yanase, Kud Noumi : Naomi Wakabayashi, Yoshiki Yamakawa
Director, Jun Maeda
Music & Song Composition & Song Lyrics, Haruko Iizuka
Character Design","Yoshiki Yamakawa : Director, Jun Maeda : Music & Song Composition & Song Lyrics, Haruko Iizuka : Character Design"
Giovanni's Island, Giovanni no Shima,Movie,,Production I.G,,"Drama, Historical, Island, War, World War 2",3.86,2014.0,,"'In the aftermath of the most devastating conflict mankind had ever experienced, the tiny island of Shikotan became part of the Sakhalin Oblast... and on this forgotten border in a remote corner of the world, friendship among children from two different countries timidly blossomed, striving to overcome language barriers and the waves of history. Based on true events.'",,,,"Junpei Senou : Kota Yokoyama, Kanta Senou : Junya Taniai, Sawako : Yukie Nakama, Tanya : Polina Ilyushenko, Genzou Senou : Saburo Kitajima, Hideo : Yusuke Santamaria, Mitchan : Kanako Yanagihara, Nina, Mizuho Nishikubo
Director, Masashi Sada
Music, Nobutake Itou
Character Design, Eiji Inomoto
Cg Director, Yoshiki Sakurai
Producer, Tomoyuki Miyagawa
Producer, Eiji Abiko
Assistant Animation Director & Key Animator & Storyboard, Takayuki Hamana
Key Animator","Mizuho Nishikubo : Director, Masashi Sada : Music, Nobutake Itou : Character Design, Eiji Inomoto : Cg Director, Yoshiki Sakurai : Producer, Tomoyuki Miyagawa : Producer, Eiji Abiko : Assistant Animation Director & Key Animator & Storyboard, Takayuki Hamana : Key Animator"
Assassination Classroom Episode 0: Deai no Jikan, Ansatsu Kyoushitsu Episode 0: Deai no Jikan,Other,,Lerche,,"Action, Comedy, Shounen, Aliens, Non-Human Protagonists, School Life, Based on a Manga",3.86,2014.0,,"""Koro-sensei reminisces about his first meeting with Karasuma, where they first butted heads and fought against each other, ultimately coming to respect one another. However, Karasuma eventually points out their actual meeting wasn't nearly as eventful.""",,"Assassination Classroom, Koro-sensei Q!","Assassination Classroom: Jump Festa 2013 Special, Assassination Classroom, Koro-sensei Quest!, Assassination Classroom 2nd Season, Assassination Classroom 2nd Season: Kagaijugyou-hen, Assassination Classroom The Movie: 365 Days' Time, Koro-sensei Q!","Koro-Sensei : Jun Fukuyama, Nagisa Shiota : Mai Fuchigami, Tadaomi Karasuma : Tomokazu Sugita, Kaede Kayano : Aya Suzaki, Yusei Matsui
Original Creator, Seiji Kishi
Director, Naoki Satou
Music, Kazuaki Morita
Character Design, Takashi Kobayashi
Episode Director, Noriaki Saitou
Storyboard, Kouji Yamagata
Chief Animation Director, Ryoko Amisaki
Animation Director","Yusei Matsui : Original Creator, Seiji Kishi : Director, Naoki Satou : Music, Kazuaki Morita : Character Design, Takashi Kobayashi : Episode Director, Noriaki Saitou : Storyboard, Kouji Yamagata : Chief Animation Director, Ryoko Amisaki : Animation Director"
The Fruit of Grisaia, Grisaia no Kajitsu,TV   ,13.0,8-Bit,Fall ,"Drama, Ecchi, Romance, Boarding School, Panty Shots, Psychological, School Life, Based on an Eroge, Based on a Visual Novel, Animal Abuse,, Emotional Abuse,, Mature Themes,, Nudity,, Suicide",3.86,2014.0,,"'Mihama Academy is a prison-like school built to preserve fruit that has fallen too far from its tree. It is home to five female students who each have their reasons for enrolling in the academy and live their life idly within the walls of Mihama. One day, Kazami Yuuji the institute’s first male student arrives and throws the orderly rhythm of Mihama off balance. Is Yuuji what the girls need to hold of their lives once more, or will the weight of their pasts prove too steep a wall to overcome? Or is his past even heavier than any of the others?'","Animal Abuse,, Emotional Abuse,, Mature Themes,, Nudity,, Suicide","The Fruit of Grisaia: Sanctuary Fellows, The Fruit of Grisaia: Blue Bird, The Labyrinth of Grisaia: Sanctuary Fellows, The Eden of Grisaia: Sanctuary Fellows, Grisaia: Phantom Trigger - Sekai no Hate","The Fruit of Grisaia Specials, The Labyrinth of Grisaia, The Eden of Grisaia, The Labyrinth of Grisaia Special, The Eden of Grisaia Specials, Grisaia: Phantom Trigger","Amane Suou : Hiroko Taguchi, Makina Irisu : Tomoe Tamiyasu, Michiru Matsushima : Kaori Mizuhashi, Sachi Komine : Ai Shimizu, Yumiko Sakaki : Ryouko Tanaka, Yuuji Kazami : Takahiro Sakurai, Kazuki Kazami :  Akane Tomonaga, Yuria Harudera : Erika Narumi, Akio Watanabe
Character Design & Chief Animation Director & Original Character Design, Motoki Tanaka
Director, Junpei Fujita
Music, Hitoshi Fujima
Music, Daisuke Kikuta
Music, Haruki Mori
Music, Mitsutoshi Ogura
Producer, Asuka Yamazaki
Producer","Akio Watanabe : Character Design & Chief Animation Director & Original Character Design, Motoki Tanaka : Director, Junpei Fujita : Music, Hitoshi Fujima : Music, Daisuke Kikuta : Music, Haruki Mori : Music, Mitsutoshi Ogura : Producer, Asuka Yamazaki : Producer"
Space Brothers #0, Uchuu Kyoudai #0,Movie,,A-1 Pictures,,"Drama, Sci Fi, Seinen, Astronauts, Outer Space, Work Life, Based on a Manga",3.85,2014.0,,"'Mutta Namba’s ambitions are at a disappointing standstill when his brother, Hibito, is selected to train for a coveted NASA space mission — an appointment that sets in motion events that take the brothers to the crossroads of destiny and dreams.'",,,Space Brothers,"Hibito Namba, Mutta Namba, Brian Jay, Eddie Jay, Chuuya Koyama
Original Creator, Ayumu Watanabe
Director, Toshiyuki Watanabe
Music, Kouji Yabuno
Character Design, Kouji Nagai
Producer","Chuuya Koyama : Original Creator, Ayumu Watanabe : Director, Toshiyuki Watanabe : Music, Kouji Yabuno : Character Design, Kouji Nagai : Producer"
Nisekoi OVA,,OVA  ,3.0,SHAFT,,"Comedy, Ecchi, Harem, Romance, Shounen, Fake Romance, Tsundere, Based on a Manga",3.85,2014.0,2015.0,'No synopsis yet - check back soon!',,"Koi no Kamisama, Nisekoi: False Love, Magical Pâtissier Kosaki-chan, Nisekoi Bangai-hen: Ticket","Nisekoi, Nisekoi: Four Seasons, Nisekoi:, Nisekoi: OVA","Chitoge Kirisaki : Nao Touyama, Kosaki Onodera : Kana Hanazawa, Marika Tachibana : Kana Asumi, Raku Ichijo : Kouki Uchiyama, Seishirou Tsugumi : Mikako Komatsu, Ruri Miyamoto : Yumi Uchiyama, Shuu Maiko : Yuuki Kaji, Claude : Takehito Koyasu, Naoshi Komi
Original Creator, Akiyuki Simbo
Chief Director & Series Composition, Naoyuki Tatsuwa
Director & Episode Director & Op Director & Storyboard, Shaft
Series Composition, Nobuhiro Sugiyama
Character Design & Chief Animation Director, Rei Egami
Photography Director, Takeshi Naitou
Art Director, Hitoshi Hibino
Color Design","Naoshi Komi : Original Creator, Akiyuki Simbo : Chief Director & Series Composition, Naoyuki Tatsuwa : Director & Episode Director & Op Director & Storyboard, Shaft : Series Composition, Nobuhiro Sugiyama : Character Design & Chief Animation Director, Rei Egami : Photography Director, Takeshi Naitou : Art Director, Hitoshi Hibino : Color Design"
Lady Jewelpet,,TV   ,52.0,Studio Comet,Spring,"Magical Girl, Henshin Heroes, Magic, Sanrio Characters",3.85,2014.0,2015.0,"'The story centers around Monona, a girl who attended the wedding ceremony of her big brother whom she adores. However, she is whisked away by a cute rabbit-shaped Jewelpet Ruby, and before she knew it, she is in a Jewelpalace where potential candidates to become a Lady have gathered. ""Momona was selected by Ruby as the best female Ladyjewel candidate for the Queen of Jewelland!?""'",,Lady Jewelpet,"Jewelpet, Jewelpet Twinkle, Jewelpet Sunshine, Jewelpet Kira Deco!, Jewelpet Happiness, Jewelpet Magical Change","Garnet : Aya Hirano, Lillian : Risa Taneda, Luea : Yuka Iguchi, Momona : Keiko Kobayashi, Ruby : Ayaka Saitou, Sapphie : Nozomi Sasaki, Caien : Kenji Nojima, Charon : Miki Shimomura, Itsurou Kawasaki
Director & Storyboard, Jun Ichikawa
Music, Yoshikazu Iwanami
Sound Director, Aya Yoshino
Producer","Itsurou Kawasaki : Director & Storyboard, Jun Ichikawa : Music, Yoshikazu Iwanami : Sound Director, Aya Yoshino : Producer"
Kuroko's Basketball 2: NG-shuu, Kuroko no Basket 2: NG-shuu,DVD S,,Production I.G,,"Comedy, Shounen, Sports, Basketball",3.85,2014.0,,'No synopsis yet - check back soon!',,,"Kuroko's Basketball: NG-shuu, Kuroko's Basketball 2, Kuroko's Basketball 3: NG-shuu, Kuroko's Basketball: Last Game - NG-shuu",Tetsuya Kuroko : Kensho Ono,
Aldnoah.Zero,,TV   ,12.0,A-1 Pictures,Summer,"Action, Mecha, Sci Fi, Conspiracy, Military, Political, Real Robot, War, Original Work",3.85,2014.0,,"""Fifteen years have passed since the hypergate collapsed on the moon's surface - a catastrophe known as the Heaven's Fall. The war between Earth and the VERS Empire of Mars is now in a cease-fire.\xa0The VERS' Princess Asseylum Vers Allusia descends upon Earth as an ambassador hoping to encourage reconciliation while some citizens are not willing to compromise. Inaho Kaizuka, a Terran high school student... and Slaine Troyard, who swears his allegiance to Princess Assylum... Their fates cross as both societies watch in horror as a missile crashes on Asseylum's motorcade. This incident marks the beginning of a new war.""",,"Aldnoah.Zero, Aldnoah.Zero Gaiden: Twin Gemini, Aldnoah.Zero Anthology Comic, Aldnoah.Zero 2nd Season","Aldnoah.Zero: Extra Archives, Aldnoah.Zero 2nd Season","Asseylum Vers Allusia : Sora Amamiya, Inaho Kaizuka : Natsuki Hanae, Slaine Troyard : Kensho Ono, Calm Craftsman : Taishi Murata, Count Cruhteo : Shou Hayami, Count Saazbaum : Tooru Ookawa, Darzana Magbaredge : Ai Kayano, Edelrittuo : Inori Minase, Gen Urobuchi
Original Creator & Series Composition, Ei Aoki
Director & Storyboard, Hiroyuki Sawano
Music, Masako Matsumoto
Character Design, Hiroyuki Kobayashi
Producer, Kozue Kaneniwa
Producer, Tomoyuki Oowada
Producer, Shinichirou Kitazawa
Producer","Gen Urobuchi : Original Creator & Series Composition, Ei Aoki : Director & Storyboard, Hiroyuki Sawano : Music, Masako Matsumoto : Character Design, Hiroyuki Kobayashi : Producer, Kozue Kaneniwa : Producer, Tomoyuki Oowada : Producer, Shinichirou Kitazawa : Producer"
Houkago no Ouji-sama, Afterschool Prince of Tennis,DVD S,,Production I.G,,"Shounen, Sports, Tennis, Based on a Manga, Flash Animation",3.85,2014.0,2015.0,'No synopsis yet - check back soon!',,"Prince of Tennis, Houkago no Ouji-sama, Shin Tennis no Ouji-sama",The Prince of Tennis II OVA vs. Genius 10,"Eiji Kikumaru, Kaoru Kaidou, Kunimitsu Tezuka, Ryoma Echizen, Sadaharu Inui, Shuichirou Oishi, Shuusuke Fuji, Takeshi Momoshiro",
Amagi Brilliant Park,,TV   ,13.0,Kyoto Animation,Fall ,"Comedy, Drama, Fantasy, Shounen, Amusement Park, Contemporary Fantasy, Coworkers, Magic, Management, Work Life, Based on a Light Novel",3.85,2014.0,,"'When new transfer student Isuzu asks Seiya Kanie out on a date at gunpoint, he knows something odd is going on.\xa0Especially since she wants to go to Amagi Brilliant Park, where the rides are either dangerous or mind-numbingly dull and the only costumed performers who aren’t rude or apathetic are the ones who didn’t show up for work. So when Isuzu asks Seiya to take over as the park’s new manager, he knows she’s crazy (Well, crazy-er, given the gunpoint thing.).\xa0 But when Seiya learns that Amagi Brilliant Park is a REAL Magic Kingdom, that the costumed performers aren’t wearing costumes, that they live off the energy created by attendees, and that unless they can attract 250,000 attendees in three months, they’ll lose their jobs and homes… he goes a little crazy himself.\xa0But, even with the aid of scantily clad fairies, giant mice and sniper-trained sheep, can anyone rescue a park that’s sunk so low that its own bus doesn’t stop there anymore?'",,"Amagi Brilliant Park (Light Novel), Amagi Brilliant Park, Amagi Brilliant Park? Fumo, Amagi Brilliant Park: The Animation, Amagi Brilliant Park: Maple Summoner (Light Novel)","Amagi Brilliant Park: Wakuwaku Mini Theater, Amagi Brilliant Park: No Time to Take It Easy!","Isuzu Sento : Ai Kakuma, Latifah Fullanza : Yukiyo Fujii, Seiya Kanie : Kouki Uchiyama, Koboli : Shiori Mikami, Macaron : Ryouko Shiraishi, Moffle : Ayako Kawasumi, Muse : Yuka Aisaka, Salama : Minami Tsuda, Yasuhiro Takemoto
Director, Shinkichi Mitsumune
Music, Yuka Nakajima
Character Design, Mikiko Watanabe
Art Director, Naomi Ishida
Color Design, Gou Tanaka
Producer, Makoto Chiba
Producer, Kengo Shigemura
Editor","Yasuhiro Takemoto : Director, Shinkichi Mitsumune : Music, Yuka Nakajima : Character Design, Mikiko Watanabe : Art Director, Naomi Ishida : Color Design, Gou Tanaka : Producer, Makoto Chiba : Producer, Kengo Shigemura : Editor"
Ace of the Diamond OVA, Diamond no Ace OVA,OVA  ,3.0,MADHOUSE,,"Shounen, Sports, Baseball, Based on a Manga",3.84,2014.0,2015.0,'No synopsis yet - check back soon!',,"Ace of the Diamond, Daiya no B!! - Seidou Koukou Suisou Gakubu, Daiya no A: Act II","Ace of the Diamond, Ace of the Diamond: Second Season, Ace of the Diamond: Second Season OVA, Ace of the Diamond: Act II","Haruichi Kominato : Natsuki Hanae, Norifumi Kawakami : Hiro Shimono, Ryousuke Kominato : Nobuhiko Okamoto, Youichi Kuramochi : Shintarou Asanuma, Jun Isashiki : Yuuki Ono, Youichi'S Grandfather, Youichi'S Mother, Eijun Sawamura : Ryouta Oosaka, Yuuji Terajima
Original Creator",Yuuji Terajima : Original Creator
"Love, Chunibyo & Other Delusions! Heart Throb: The Rikka Wars", Chuunibyou Demo Koi ga Shitai! Ren: The Rikka Wars,DVD S,,Kyoto Animation,,"Comedy, Romance, Based on a Light Novel",3.84,2014.0,,"""Rikka discovers that Yuta has been receiving pictures of his middle school idol crush and she isn't pleased.""",,"Love, Chunibyo & Other Delusions (Light Novel)","Love, Chunibyo & Other Delusions! Heart Throb","Rikka Takanashi : Maaya Uchida, Yuuta Togashi : Jun Fukuyama, Kumin Tsuyuri : Azumi Asakura, Sanae Dekomori : Sumire Uesaka, Shinka Nibutani : Chinatsu Akasaki, Chimaera : Kanae Oki, Kuzuha Togashi : Kaori Fukuhara, Makoto Isshiki : Souichirou Hoshi",
Tonari no Seki-kun: The Master of Killing Time, Tonari no Seki-kun,TV   ,21.0,Shin-Ei Animation,Winter,"Comedy, Seinen, Gag, School Life, Short Episodes, Based on a Manga",3.84,2014.0,,"'During class, a schoolboy named Seki-kun is always creating new ways to entertain himself. Even Yokoi-san, who sits next to Seki-kun, always gets sucked into watching his games!'",,"My Neighbor Seki, Tonari no Seki-kun Junior","Tonari no Seki-kun: The Master of Killing Time OVA, Tonari no Seki-kun: The Master of Killing Time Specials","Rumi Yokoi : Kana Hanazawa, Toshinari Seki : Hiro Shimono, Adachi : Jiro Saito, Goto : Satomi Satou, Maeda : Shigeyuki Susaki, Rumi'S Mother : Miki Itou, Tomoka Hashino : Kokoro Kikuchi, Uzawa : Minoru Shiraishi, Takuma Morishige
Original Creator, Yuuji Mutou
Director, Akifumi Tada
Music, Hiroshi Nakamura
Music, Masae Ootake
Character Design, Kenjirou Okada
Episode Director","Takuma Morishige : Original Creator, Yuuji Mutou : Director, Akifumi Tada : Music, Hiroshi Nakamura : Music, Masae Ootake : Character Design, Kenjirou Okada : Episode Director"
Danchi Tomoo: Natsuyasumi no Shukudai wa Owatta no ka yo? Tomoo, Danchi Tomoo Special,DVD S,,Shogakukan Music & Digital Entertainment,,"Comedy, Seinen, Slice of Life, Based on a Manga",3.83,2014.0,,'No synopsis yet - check back soon!',,,Danchi Tomoo,"Tobira Oda
Original Creator",Tobira Oda : Original Creator
Dragon Nest: Warriors' Dawn, Long Zhi Gu: Jingling Wangzuo,Movie,,Mili Pictures,,"Action, Adventure, Fantasy, Chinese Animation, Dragons, Elves, Non-Human Protagonists, Based on a Video Game",3.83,2014.0,,"""The land of Altera has observed an uneasy peace for years among Humans, Elves and Evil beasts who are loyal to the legendary Black Dragon. But the Black Dragon begins to stir from its hibernation, sending the Beasts marching across Altera. With a beast conquest perilously close, a small group of Humans and Elves unite to try to find a secret hidden road to the Black Dragon's cave and destroy it. But the fate of all of them may be in the hands of the young warrior Lambert, who must summon the confidence and skill to face the Black Dragon himself just when all may be lost.""",,,Dragon Nest: Throne of Elves,"Lambert : Charlie Schlatter, Argenta : Bianca Collins, Barnac : Graham Beckel, Elena : Carrie-Anne Moss, Gerrant : Lucas Grabeel, Kasarana : Blythe Auffarth, Liya : Blythe Auffarth, Neilwin : Jessica Tuck",
Non Non Biyori: Okinawa e Ikukoto ni Natta,,OVA  ,1.0,SILVER LINK.,,"Comedy, Seinen, Slice of Life, Countryside, Based on a Manga",3.83,2014.0,,"'Suguru wins some tickets to Okinawa in a shopping mall lottery, so the whole gang plans to go on a trip there. To prepare for the trip, the girls practice being on an airplane and go to a convenience store to buy some travel things. Meanwhile, Renge is very thoughtful about how the trip may change her view on the world, spending the evening before the trip giving her farewells to the countryside. The next day, everyone sets off on their flight to Okinawa.'",,"Non Non Biyori, Non Non Biyori Official Anthology","Non Non Biyori, Non Non Biyori Repeat, Non Non Biyori Repeat OVA, Non Non Biyori Movie: Vacation, Non Non Biyori Nonstop","Hotaru Ichijou : Rie Murakawa, Komari Koshigaya : Kana Asumi, Natsumi Koshigaya : Ayane Sakura, Renge Miyauchi : Kotori Koiwai, Kaede Kagayama : Rina Satou, Kazuho Miyauchi : Kaori Nazuka, Suguru Koshigaya, Hikage Miyauchi : Misato Fukuen, Atto
Original Creator",Atto : Original Creator
Hetalia: The Beautiful World Extra Disc, Hetalia: The Beautiful World - I Was Overwhelmed by Heroines,DVD S,,Studio DEEN,,"Comedy, Anthropomorphic, Chibi, Gag, Gender Bender, Historical, Political, Satire, Based on a Manga",3.82,2014.0,,'No synopsis yet - check back soon!',,"Hetalia: Axis Powers, Hetalia: World Stars","Hetalia: Axis Powers, Hetalia: World Series, Hetalia: Axis Powers Fan Disc, Hetalia Axis Powers: Paint it, White!, Hetalia: World Series Extra Episodes, Hetalia: The Beautiful World, Hetalia: The Beautiful World Specials, Hetalia: The World Twinkle Specials, Hetalia: The World Twinkle, Hetalia: The World Twinkle - Surprise Halloween!","Estonia : Atsushi Kousaka, America : Katsuyuki Konishi, China : Yuki Kaida, England : Noriaki Sugiyama, God, Italy : Daisuke Namikawa, Japan : Hiroki Takahashi, Russia : Yasuhiro Takato",
D-Frag!,,TV   ,12.0,Brain's Base,Winter,"Comedy, Seinen, Gag, School Club, School Life, Video Game Industry, Based on a Manga",3.82,2014.0,,"'Kenji likes to think that he and his gang of friends are the bad boys of their school. That is, until he meets the four insane girls of a game-making club whose personalities are all super weird (and a little on the violent side). When Kenji’s forced to join their little group, his life quickly takes a turn for the outrageous.'",,D-Frag!,D-Frag! OVA,"Chitose Karasuyama : Chiwa Saitou, Kenji Kazama : Katsuyuki Konishi, Roka Shibasaki : Kana Hanazawa, Sakura Mizukami : Mikako Takahashi, Takao : Shizuka Itou, Ataru Kawahara : Jun Fukuyama, Funabori : Aki Toyosaki, Hachi Shiou : Kouki Miyata, Tomoya Haruno
Original Creator, Shizutaka Sugahara
Director, Akito Matsuda
Music, Yoshikazu Beniya
Producer, Makoto Itou
Producer, Gorou Shinjuku
Producer, Manami Watanabe
Producer, Masatoshi Ishizuka
Producer","Tomoya Haruno : Original Creator, Shizutaka Sugahara : Director, Akito Matsuda : Music, Yoshikazu Beniya : Producer, Makoto Itou : Producer, Gorou Shinjuku : Producer, Manami Watanabe : Producer, Masatoshi Ishizuka : Producer"
One Week Friends, Isshuukan Friends.,TV   ,12.0,Brain's Base,Spring,"Drama, Romance, Shounen, Amnesia, Coming of Age, Illness, School Life, Based on a Manga",3.82,2014.0,,"'Yuuki Hase, a high school boy, is concerned about a girl of his classmate, Kaori Fujimiya. She always stays alone and never tries to become close friends with anyone. Given half a chance one day, it seems that Yuuki and Kaori become to have a good relationship that they begin to eat lunch together. Although they enjoy having conversations, Kaori, strangely enough, keeps denying their friendship. On that Friday, she confesses, “I have memory disorder. My memories disappear within one week....""'",,One Week Friends,"One Week Friends: Kaori's Journal, One Week Friends: Tomodachi to no Omoide","Kaori Fujimiya : Sora Amamiya, Yuuki Hase :  Yoshitaka Yamaya, Saki Yamagishi : Rumi Ookubo, Shougo Kiryuu : Yoshimasa Hosoya, Ai Nishimura : Rui Tanabe, Hajime Kujo : Shintarou Asanuma, Hajime'S Mother : Mika Kanda, Jun Inoue : Junji Majima, Maccha Hazuki
Original Creator, Tarou Iwasaki
Director, Irone Toda
Music, Eri Yamazaki
Character Design, Tomoyuki Shiokawa
Photography Director, Kazuhiro Asou
Producer, Takashi Yoshizawa
Producer, Tomohito Nagase
Producer","Maccha Hazuki : Original Creator, Tarou Iwasaki : Director, Irone Toda : Music, Eri Yamazaki : Character Design, Tomoyuki Shiokawa : Photography Director, Kazuhiro Asou : Producer, Takashi Yoshizawa : Producer, Tomohito Nagase : Producer"
Gugure! Kokkuri-san Specials,,DVD S,,TMS Entertainment,,"Comedy, Shounen, Animal Characteristics, Japanese Mythology, Non-Human Protagonists, Supernatural, Based on a Manga",3.82,2014.0,2015.0,'No synopsis yet - check back soon!',,"Gugure! Kokkuri-san, Gugure! Shigaraki-san: Gugure! Kokkuri-san Shigaraki Ojiisan Spin-off",Gugure! Kokkuri-san,"Kohina Ichimatsu, Kokkuri-San, Shigaraki, Inugami, Jimeko, Yamamoto-Kun, Midori Endou
Original Creator",Midori Endou : Original Creator
Gargantia on the Verdurous Planet: Far Beyond the Voyage," Suisei no Gargantia: Meguru Kouro, Haruka",OVA  ,2.0,Production I.G,,"Action, Adventure, Mecha, Sci Fi, Ocean, Person in a Strange World, Post-apocalyptic, Real Robot, Robots, Ship, Original Work",3.82,2014.0,2015.0,"""Six months after the battle between Chamber and Striker, the Cugel fleet has merged with Gargantia. Ledo is working as a member of Bellows' salvage team. On a salvage operation, Ledo discovers more records of the past civilization in a sunken ship with a salvageable hull. He reminisces about life on Gargantia with Chamber to Reema, whose ship had joined the Cugel fleet shortly before Cugel took it over. Later, he learns that the salvaged information includes specifications of a combat caliber similar to Chamber. Meanwhile the warring inhabitants of the continent have made a discovery of their own, one with which they want Ledo's assistance.""",,"Gargantia on the Verdurous Planet, Gargantia on the Verdurous Planet: Shounen to Kyojin (Light Novel), Gargantia on the Verdurous Planet (Light Novel), Gargantia on the Verdurous Planet: Mizuhana no Bellows, Gargantia on the Verdurous Planet: Side Story - Shounen to Kyojin (Light Novel), Gargantia on the Verdurous Planet: Far Beyond the Voyage, Gargantia on the Verdurous Planet: Haruka, Kaikou no Tenchi (Light Novel)","Gargantia on the Verdurous Planet, Petit Gargantia, Gargantia on the Verdurous Planet Specials, Petit Gargantia: Special Project","Amy : Hisako Kanemoto, Ledo : Kaito Ishikawa, Lima : Inori Minase, Bellows : Shizuka Itou, Bevel : Yuka Terasaki, Chamber : Tomokazu Sugita, Claria : Madoka Yonezawa, Crown : Mitsuaki Hoshino, Gen Urobuchi
Original Concept & Series Composition, Kazuya Murata
Director, Tarou Iwashiro
Music, Masako Tashiro
Character Design, Nao Hirasawa
Producer, Kaho Yamada
Producer, Youhei Kisara
Producer, Yuuki Muramatsu
Producer","Gen Urobuchi : Original Concept & Series Composition, Kazuya Murata : Director, Tarou Iwashiro : Music, Masako Tashiro : Character Design, Nao Hirasawa : Producer, Kaho Yamada : Producer, Youhei Kisara : Producer, Yuuki Muramatsu : Producer"
Date a Live II,,TV   ,10.0,Production IMS,Spring,"Action, Drama, Harem, Romance, Sci Fi, Based on a Light Novel",3.82,2014.0,,"""Shido Itsuka, who used to be a normal high school student at Raizen High, meets the first Spirit, Tohka, and awakens his power to “seal the Spirit's power”. Though they may be feared and hated beings due to their immense power, Spirits were always alone and knew only combat and death. Shido, the only one in the world with the power to seal the Spirits' might, hurls himself into life-threatening dates with the beautiful Spirits in order to save them.""",,"Date a Live (Light Novel), Date a Live: Encore (Light Novel), Date a Origami, Date a Live, Date A Strike, Date a Party, Date a Live Fragments: Date a Bullet (Light Novel)","Date a Live, Date a Live: Date to Date, Date a Live: Encore OVA, Date a Live Movie: Mayuri Judgement, Date a Live III","Kotori Itsuka : Ayana Taketatsu, Origami Tobiichi : Misuzu Togashi, Shido Itsuka : Nobunaga Shimazaki, Tohka Yatogami : Marina Inoue, Kaguya Yamai : Maaya Uchida, Kurumi Tokisaki : Asami Sanada, Miku Izayoi : Minori Chihara, Reine Murasame : Aya Endou, Keitarou Motonaga
Director, Gou Sakabe
Music, Satoshi Ishino
Character Design, Chiaki Kurakane
Producer","Keitarou Motonaga : Director, Gou Sakabe : Music, Satoshi Ishino : Character Design, Chiaki Kurakane : Producer"
Gugure! Kokkuri-san,,TV   ,12.0,TMS Entertainment,Fall ,"Comedy, Shounen, Animal Characteristics, Dark Comedy, Japanese Mythology, Non-Human Protagonists, Supernatural, Youkai, Based on a 4-Koma Manga, Based on a Manga",3.82,2014.0,,"'The protagonist is an elementary student girl Kohina Ichimatsu who lives alone. One day she summons a fox spirit named Kokkuri-san by a seance game with the same name. He was first intended to possess her, but instead, he decides to manage the household like her mother. The story revolves around a little strange daily life of them with two more other animal spirits, Inugami (dog) and Shigaraki (raccoon dog).'",,"Gugure! Kokkuri-san, Gugure! Shigaraki-san: Gugure! Kokkuri-san Shigaraki Ojiisan Spin-off",Gugure! Kokkuri-san Specials,"Inugami : Chiwa Saitou, Kohina Ichimatsu : Ryou Hirohashi, Kokkuri-San : Daisuke Ono, Shigaraki : Jouji Nakata, Cyclops, Jimeko : Hisako Kanemoto, Kureha : Rina Satou, Kureha'S Lover : Satoshi Hino, Midori Endou
Original Creator, Yoshimasa Hiraike
Director, Hajime Hyakkoku
Music, Miwa Ooshima
Character Design, Tomoyuki Shiokawa
Photography Director, Kazuhiro Asou
Producer, Yoshikazu Beniya
Producer, Satoshi Kojima
Producer","Midori Endou : Original Creator, Yoshimasa Hiraike : Director, Hajime Hyakkoku : Music, Miwa Ooshima : Character Design, Tomoyuki Shiokawa : Photography Director, Kazuhiro Asou : Producer, Yoshikazu Beniya : Producer, Satoshi Kojima : Producer"
Qin Shi Mingyue: Junlin Tianxia,,Web  ,75.0,Sparkly Key Animation Studio,,"Action, Ancient China, Chinese Animation, Historical, Wuxia, CG Animation",3.81,2014.0,2017.0,'No synopsis yet - check back soon!',,,"The Legend of Qin, Qin Shi Mingyue: Ye Jin Tianming, Qin Shi Mingyue: Zhu Zi Bai Jia, Qin Shi Mingyue Si: Wanli Changcheng, Qin Shi Mingyue: Kong Shan Niao Yu, Qin Shi Mingyue: Luo Shengtang Xia, Qin Shi Mingyue 3D: Dianying Longteng Wanli, Qin Shi Mingyue Tebie Pian: Dizi Jiang Xi, Jeff Cheung: Burn My Love, Qin Shi Mingyue: Yi Zhe Ru Shi, Qin Shi Mingyue: Canghai Hengliu",Jing Tianming,
Engaged to the Unidentified, Mikakunin de Shinkoukei,TV   ,12.0,Doga Kobo,Winter,"Comedy, Fantasy, Romance, Seinen, Arranged Marriage, School Life, Based on a 4-Koma Manga, Based on a Manga",3.81,2014.0,,"""All Kobeni wanted for her sixteenth birthday was to enjoy a cake with her family, but her mother surprised her with a piece of unwelcome news instead! The teen’s late grandfather arranged a marriage for the girl, and her 'fiancé' Hakuya, along with his mature-for-her-years little sister, are moving into the house today!\xa0Now, Kobeni and her pervy older sister Benio must adjust to their new extended family life, from figuring out what foods the newcomers dislike, to explaining to their friends who these new relatives are!""",,Engaged to the Unidentified,"Engaged to the Unidentified Special, Engaged to the Unidentified OVA","Benio Yonomori : Eriko Matsui, Hakuya Mitsumine : Wataru Hatano, Kobeni Yonomori :  Haruka Terui, Mashiro Mitsumine : Yuuri Yoshida, Konoha Suetsugi : Saki Fujita, Mayura Momouchi : Manami, Nadeshiko Kashima : Ayane Sakura, Akane Yonomori : Yui Watanabe, Cherry Arai
Original Creator, Yoshiyuki Fujiwara
Director, Jun Ichikawa
Music, Ai Kikuchi
Character Design, Atsushi Yoshikawa
Producer, Mika Shimizu
Producer, Takashi Yoshizawa
Producer, Shunsuke Matsumura
Producer","Cherry Arai : Original Creator, Yoshiyuki Fujiwara : Director, Jun Ichikawa : Music, Ai Kikuchi : Character Design, Atsushi Yoshikawa : Producer, Mika Shimizu : Producer, Takashi Yoshizawa : Producer, Shunsuke Matsumura : Producer"
World Trigger,,TV   ,73.0,Toei Animation,Fall ,"Action, Sci Fi, Shounen, Monsters, Based on a Manga",3.81,2014.0,2016.0,"""One day, a gate to another world opened in Mikado City. Invaders from another dimension, referred to thereafter as Neighbors, overran the area around the gate, leaving the city gripped by fear. However, a mysterious group suddenly appeared and repelled the Neighbors. This Border Defense Agency independently researches Neighbor technology and fights to protect this world. In a short time, they managed to build an enormous base and prepare a defensive system against the Neighbors. it's been four years since then.""",,World Trigger,"World Trigger 2nd Season, World Trigger 3rd Season","Osamu Mikumo : Yuuki Kaji, Yuuichi Jin : Yuuichi Nakamura, Yuuma Kuga : Tomo Muranaka, Ai Kitora : Kana Hanazawa, Chika Amatori : Nao Tamura, Replica : Hideyuki Tanaka, Shuuji Miwa : Masakazu Morita, Akane Hiura : Chihiro Ikki, Daisuke Ashihara
Original Creator, Mitsuru Hongo
Director, Kouji Ogawa
Director, Kenji Kawai
Music, Toshihisa Kaiya
Character Design, Hitomi Tsuruta
Character Design, Yasuhiro Katou
Cg Director, Daichi Nagatomi
Producer","Daisuke Ashihara : Original Creator, Mitsuru Hongo : Director, Kouji Ogawa : Director, Kenji Kawai : Music, Toshihisa Kaiya : Character Design, Hitomi Tsuruta : Character Design, Yasuhiro Katou : Cg Director, Daichi Nagatomi : Producer"
Blue Spring Ride: Unwritten, Ao Haru Ride: Unwritten,OVA  ,1.0,Production I.G,,"Drama, Romance, Shoujo, School Life, Based on a Manga",3.81,2014.0,,'No synopsis yet - check back soon!',,"Ao Haru Ride, Ao Haru Ride (Light Novel)","Blue Spring Ride, Blue Spring Ride: Page.13","Futaba Yoshioka : Maaya Uchida, Kou Mabuchi : Yuuki Kaji, Naitou : Daiki Yamashita, Yumi : Yui Makino, Io Sakisaka
Original Creator, Ai Yoshimura
Director, Keiko Osaki
Music, Reina Igawa
Character Design","Io Sakisaka : Original Creator, Ai Yoshimura : Director, Keiko Osaki : Music, Reina Igawa : Character Design"
Tonari no Seki-kun: The Master of Killing Time Specials, Tonari no Seki-kun Specials,DVD S,,Shin-Ei Animation,,"Comedy, Seinen, Gag, School Life, Based on a Manga",3.8,2014.0,,'No synopsis yet - check back soon!',,"My Neighbor Seki, Tonari no Seki-kun Junior","Tonari no Seki-kun: The Master of Killing Time OVA, Tonari no Seki-kun: The Master of Killing Time","Rumi Yokoi, Toshinari Seki, Tomoka Hashino, Uzawa, Uzawa'S Friend, Yuu Nakama, Takuma Morishige
Original Creator",Takuma Morishige : Original Creator
Pokemon XY: Mega Evolution,,TV Sp,,OLM,,"Adventure, Fantasy, Shounen, Elemental Powers, Monsters, Based on a Video Game",3.8,2014.0,2015.0,"'A new evolutionary form introduced in the Kalos Region. Is it really possible for all Pokémon to undergo Mega Evolution? This story revolves around a young trainer named Alan and his partner Lizadon. Allen\'s objective on his journey is to ""defeat all Mega Evolution Pokémon and stand at the top of the strongest summit."" Along their journey Allen and Charizard meet and battle with Mega Absol and Mega Gaburias. Additionally, Allen will battle with Zumi, one of the Kalos Elite Four. Does Siebold also have a Mega Evolution Pokémon? Why is Allen so obsessed with Mega Evolution? And what is the real purpose of his journey?'",,"Pokemon: The Electric Tale of Pikachu, Pokémon Adventures, Magical Pokemon Journey, Pokémon: Diamond and Pearl Adventure!, Pokemon Mystery Dungeon: Ginji's Rescue Team, Pokemon Ranger and the Temple of the Sea, Pokemon: The Rise of Darkrai, Pokemon Ranger Batonnage, Kaitou! Pokemon 7, Pokemon the Movie: White - Victini and Zekrom, Pokemon + Nobunaga no Yabou - Ranse Iroemaki, Pokemon XY: Pokemon Ryuuouden, Pokémon: Diancie and the Cocoon of Destruction, Pokémon: Omega Ruby & Alpha Sapphire, Pokemon the Movie: Hoopa and the Clash of Ages, Pokemon the Movie XY&Z: Volcanion to Karakuri no Magiana, Pokemon Horizon: Sun & Moon, Pokémon: Sun & Moon, Pokémon the Movie: I Choose You!","Pokemon: Pichu Bros. in Party Panic, Pokemon: Gotta Dance!, Pokemon Movie 6: Jirachi Wish Maker, Pokemon Movie 7: Destiny Deoxys, Pokemon: Pikachu's Summer Festival, Pokemon Movie 8: Lucario and The Mystery of Mew, Pokemon: Pikachu's Ghost Carnival, Pokemon Movie 9: Pokemon Ranger and the Temple of the Sea, Pokemon: Pikachu's Island Adventure, Pokemon: Diamond & Pearl, Pokemon Movie 10: The Rise of Darkrai, Pokemon: Pikachu Tanken Club, Pokemon Mystery Dungeon: Explorers of Time and Darkness, Pokemon Movie 11: Giratina and the Sky Warrior, Pokemon: Pikachu's Great Ice Adventure, Pokemon Movie 12: Arceus and the Jewel of Life, Pokemon: Pikachu's Great Sparking Search, Pokemon Movie 13: Zoroark - Master of Illusions, Pokemon: Pikachu's Big Mysterious Adventure, Pokemon: Black & White, Pokemon Movie 14: Black - Victini and Reshiram, Pokemon Movie 14: White - Victini and Zekrom, Pokemon Black Version 2 and White Version 2, Pokemon: Black & White - Rival Destinies, Pokemon: Utae Meloetta - Rinka no Mi wo Sagase!, Pokemon Movie 15: Kyurem vs. The Sword of Justice, Pokemon: Meloetta's Moonlight Serenade, Pokemon: Black & White: Adventures in Unova, Pokemon: Black & White: Adventures in Unova and Beyond, Pokemon: Mewtwo - Prologue to Awakening, Pokemon: Eevee and Friends, Pokemon XY Special: Road to Kalos, Pokemon XY, Pokemon XY: Sora no Hahen, Pokemon: Diancie, Princess of the Diamond Domain, Pokemon Movie 17: Diancie and the Cocoon of Destruction, Pokemon: Hoopa, The Mischief Pokemon","Alain : Kensho Ono, Manon : Mikako Komatsu, Alain'S Charizard : Kiyotaka Furushima, Absol : Hitomi Nabatame, Astrid : Miyuu Sawai, Chespin : Yuka Terasaki, Garchomp : Shinichirou Miki, Groudon, Tetsuo Yajima
Director",Tetsuo Yajima : Director
Tales of Zestiria: Dawn of the Shepherd, Tales of Zestiria: Doushi no Yoake,TV Sp,,ufotable,,"Action, Adventure, Fantasy, Magic, Based on a Video Game",3.8,2014.0,,'No synopsis yet - check back soon!',,"Tales of Zestiria, Tales of Zestiria (Light Novel)","Tales of Zestiria: The X - Age of Chaos, Tales of Zestiria: The X, Tales of Zestiria: The X (2017)","Mikleo : Ryouta Oosaka, Sorey : Ryouhei Kimura, Alisha Diphda : Ai Kayano, Kaym : Katsumi Toriumi, Lunarre : Takehito Koyasu, Maisen : Atsushi Kousaka, Zenrai, Ufotable
Screenplay",Ufotable : Screenplay
Trinity Seven, Trinity Seven: 7-nin no Masho Tsukai,TV   ,12.0,Seven Arcs,Fall ,"Action, Comedy, Ecchi, Fantasy, Harem, Shounen, Boarding School, Magic, Magic School, School Life, Based on a Manga",3.8,2014.0,,"'Pride, Envy, Wrath, Sloth, Greed, Gluttony, Lust. These are the seven sins laid upon seven girls who rule over Biblia Academy. To retake his world, the boy decides he must control these sins... The boy, Arata Kasuga, has had the world he knows by a mysterious ""Collapse Phenomenon"", and his cousin Hijiri disappears into another dimension. To understand the Collapse Phenomenon and win back his cousin, he comes to Biblia Academy. There he finds the seven girls and their sins.'",,"Trinity Seven, Trinity Seven (Light Novel), Trinity Seven: Levi Ninden, Trinity Seven Comic Anthology, Trinity Seven-san, Trinity Seven: Liese Chronicle, Trinity Seven: Volume 15.5, Trinity Seven: Seven Days","Trinity Seven OVA, Trinity Seven Movie: Eternal Library & Alchemic Girl, Trinity Seven Movie 2: Heavens Library & Crimson Lord","Arata Kasuga : Yoshitsugu Matsuoka, Arin Kannazuki : Aya Uchida, Lilith Asami : Yumi Hara, Akio Fudou : Ryouka Yuzuki, Hijiri Kasuga : Ayaka Suwa, Levi Kazama : Ayane Sakura, Lieselotte Sherlock : Nao Touyama, Mira Yamana : Youko Hikasa, Kenji Saitou
Original Creator, Hiroshi Nishikiori
Director, Technoboys Pulcraft Green-Fund
Music, Shinpei Tomooka
Character Design, Tomokazu Iizumi
Producer, Yoshikazu Beniya
Producer, Shuuichi Takashino
Producer, Tooru Awaji
Producer","Kenji Saitou : Original Creator, Hiroshi Nishikiori : Director, Technoboys Pulcraft Green-Fund : Music, Shinpei Tomooka : Character Design, Tomokazu Iizumi : Producer, Yoshikazu Beniya : Producer, Shuuichi Takashino : Producer, Tooru Awaji : Producer"
Gundam Build Fighters Try,,TV   ,25.0,Sunrise,Fall ,"Action, Mecha, Sci Fi, Proxy Battles, Tournaments",3.79,2014.0,2015.0,"""Seven years have passed since Sei Iori won the 7th Gunpla Battle Championship World Tournament. The Gunpla Battle Championship is now run by Yajima Trading. With new rules and battle modes, the game's popularity has become even more widespread. However, the Seiho Academy that Sei Iori once attended has failed to catch onto the trend. The only member of the school's Gunpla Battle Club is its president, middles-schooler Fumina Hoshino. Currently there is no way the club can participate in the upcoming Gunpla Battle Japanese Under19 Championship, where players fight in teams of three. Then Fumina meets a new transfer student. He is Sekai Kamiki, a young martial artist who has been travelling with his master. Together with a young Gunpla builder named Yuuma Kousaka, they finally have three members for their team. Sekai Kamiki, Yuuma Kousaka, and Fumina Hoshino team ''TRY FIGHTERS'' is about to begin its challenge!""",,Gundam Build Fighters AR,"Gundam Build Fighters, Gundam Build Fighters: SD Kishi Fighters, Gundam Build Fighters Try: Island Wars, Gundam Build Fighters: GM no Gyakushuu, Gundam Build Fighters: Battlogue, Gundam Build Divers","Fumina Hoshino : Yui Makino, Sekai Kamiki : Kazumi Togashi, Yuuma Kousaka : Yuuma Uchida, Akira Suga : Mitsuaki Madono, Allan Adams : Subaru Kimura, China Kousaka : Yui Ishikawa, Daigo Ishibashi : Kouki Uchiyama, Daiki Miyaga : Kouji Yusa, Kenji Nagasaki
Director, Yuuki Hayashi
Music, Asami Tachibana
Music, Kenichi Oonuki
Character Design, Masakazu Ogawa
Producer, Makoto Shiraishi
Producer","Kenji Nagasaki : Director, Yuuki Hayashi : Music, Asami Tachibana : Music, Kenichi Oonuki : Character Design, Masakazu Ogawa : Producer, Makoto Shiraishi : Producer"
Alice in Borderland, Imawa no Kuni no Alice,OVA  ,3.0,SILVER LINK.,,"Action, Shounen, Alice in Wonderland, High Stakes Games, Play or Die, Psychological, PVP, Based on a Manga, Violence",3.79,2014.0,2015.0,"""The story follows a group of three friends who suddenly awaken in a completely different alternate world. At first they think it's all a dream or a joke, but they soon realize that the only way to survive in this world is to participate and win deadly survival games.""",Violence,"Alice in Borderland, Imawa no Michi no Alice",Alice in Borderland CM,"Ryouhei Arisu : Yoshimasa Hosoya, Chouta Segawa : Tsubasa Yonaga, Daikichi Karube : Tatsuhisa Suzuki, Saori Shibuki : Maaya Sakamoto, It, Nitobe, Ryouhei'S Brother, Ryouhei'S Father, Haro Asou
Original Creator, Hideki Tachibana
Director, Ryousuke Nakamura
Screenplay & Series Composition, Hiroaki Tsutsumi
Music, Tomoko Sudou
Character Design, Ryou Ooyama
Producer, Tomohiko Iwase
Producer, Hiro Torimitsu
Producer","Haro Asou : Original Creator, Hideki Tachibana : Director, Ryousuke Nakamura : Screenplay & Series Composition, Hiroaki Tsutsumi : Music, Tomoko Sudou : Character Design, Ryou Ooyama : Producer, Tomohiko Iwase : Producer, Hiro Torimitsu : Producer"
Sword Art Online II,,TV   ,24.0,A-1 Pictures,Summer,"Action, Adventure, Fantasy, Sci Fi, Guns, High Stakes Games, MMORPG, Overpowered Main Characters, Person in a Strange World, PVE, PVP, Virtual Reality, Based on a Light Novel",3.78,2014.0,,"'One year after the SAO incident, Kirito is approached by Japan’s Ministry of Internal Affairs and Communications Department, Seijiro Kikuoka, with a request to enter another VRMMO called Gun Gale Online (GGO). Kikuoka informs Kirito that, “Players who are shot by a mysterious avatar with a jet black gun lose their lives even in the real world...” Unconvinced that the virtual world can affect the real world, Kirito logs on to GGO, wandering in an unfamiliar world in order to investigate the “Death Gun” incident. He is joined by a female sniper named Sinon who owns a gigantic “Hecate II” rifle. The two decide to enter the “Bullet of Bullets,” a large tournament to choose the most powerful gunner within the realm of GGO, in hopes of making direct contact with the mysterious avatar behind the “Death Gun”.'",,"Sword Art Online (Light Novel), Sword Art Online: Aincrad, Sword Art Online 4-koma, Sword Art Online SS: Calibur SS-han (Light Novel), Sword Art Online: Fairy Dance, Sword Art Online Side Stories (Light Novel), Sword Art Online: Progressive (Light Novel), Sword Art Online Comic Anthology, Sword Art Online: Girls' Ops, Sword Art Online: Progressive, Sword Art Online Alternative: Gun Gale Online (Light Novel), Sword Art Online: Mother's Rosary, Sword Art Online: Phantom Bullet, Sword Art Online: Calibur, Sword Art Online Alternative: Gun Gale Online, Sword Art Online: Aincrad Night of Kirito, Sword Art Online Alternative: Clover's Regret (Light Novel), Sword Art Online: Project Alicization, Sword Art Online: Hollow Realization, Sword Art Online Iden: Kibaou-han!, Sword Art Online: Hopeful Chant (Light Novel), Sword Art Online: Ordinal Scale, Sword Art Online: Kirito no Gun Gale Wars, Sword Art Online: Progressive - Barcarolle of Froth, Sword Art Online: Kiss and Fly","Sword Art Online, Sword Art Online: Sword Art Offline, Sword Art Online: Extra Edition, Sword Art Online: Sword Art Offline - Extra Edition, Sword Art Online II: Debriefing, Sword Art Online II: Sword Art Offline II, Sword Art Online Movie: Ordinal Scale, Sword Art Online: Fatal Bullet - The Third Episode, Sword Art Online Alternative: Gun Gale Online, Sword Art Online Alternative: Gun Gale Online - Refrain, Sword Art Online: Alicization, Sword Art Online: Alicization - War of Underworld, Sword Art Online: Alicization - War of Underworld: Part II","Asuna Yuuki : Haruka Tomatsu, Kirito : Yoshitsugu Matsuoka, Shino Asada : Miyuki Sawashiro, Yuuki Konno : Aoi Yuuki, Death Gun : Souichirou Hoshi, Klein : Hiroaki Hirata, Kyouji Shinkawa : Natsuki Hanae, Lisbeth : Ayahi Takagaki, Tomohiko Itou
Director, Yuki Kajiura
Music, Shingo Adachi
Character Design, Kazuko Nakashima
Color Design, Yoshikazu Iwanami
Sound Director, Kazuma Miki
Producer, Yousuke Futami
Producer, Shinichirou Kashiwada
Producer","Tomohiko Itou : Director, Yuki Kajiura : Music, Shingo Adachi : Character Design, Kazuko Nakashima : Color Design, Yoshikazu Iwanami : Sound Director, Kazuma Miki : Producer, Yousuke Futami : Producer, Shinichirou Kashiwada : Producer"
Expelled From Paradise, Rakuen Tsuihou: Expelled From Paradise,Movie,,Graphinica,,"Action, Mecha, Sci Fi, Hacking, Non-Human Protagonists, Post-apocalyptic, Robots, Virtual Reality, CG Animation, Nudity",3.78,2014.0,,"'The story takes place in the future when humanity\'s new paradise, the cyber universe ""DEVA\'s"" mainframe is hacked by a mysterious hacker from Earth. DEVA\'s high officials dispatched Angela Balzac, a DEVA system security officer, down to the Earth\'s surface to investigate the situations srrounding this mysterious hacker. What are the hacker\'s motives? Angela descends on to the devestated surface riding her exoskeletal powered suit Arhan.'",Nudity,"Expelled From Paradise: mission.0 (Light Novel), Expelled from Paradise (Light Novel), Expelled from Paradise 2.0: Rakuen Zankyou - Godspeed You (Light Novel)",,"Angela Balzac : Rie Kugimiya, Frontier Setter : Hiroshi Kamiya, Zarik Kajiwara : Shinichirou Miki, Deva Official A : Minoru Inaba, Deva Official B : Hisao Egawa, Deva Official C : Noriko Uemura, Alonzo Percy : Tooru Furuya, Arhan : Chika Anzai, Seiji Mizushima
Director, Narasaki
Music, Masatsugu Saito
Character Design, Koujirou Hayashi
Photography Director, Gen Urobuchi
Screenplay","Seiji Mizushima : Director, Narasaki : Music, Masatsugu Saito : Character Design, Koujirou Hayashi : Photography Director, Gen Urobuchi : Screenplay"
Kuroko's Basketball: Oshaberi Demo Shimasen ka, Kuroko no Basket: Oshaberi Demo Shimasen ka,OVA  ,1.0,Production I.G,,"Comedy, Shounen, Sports, Basketball, Recap, Based on a Manga",3.77,2014.0,,'No synopsis yet - check back soon!',,"Kuroko’s Basketball, Kuroko's Basketball: Replace (Light Novel), Kuroko's Basketball: Extra Game, Kuroko's Basketball: Replace Plus","Kuroko's Basketball: NG-shuu, Kuroko's Basketball: Oshaberi Shiyokka, Kuroko's Basketball, Kuroko's Basketball: Tip Off, Kuroko's Basketball 2, Kuroko's Basketball OVA, Kuroko's Basketball: Let's Do That Again, Kuroko's Basketball 3, Kuroko's Basketball: The Greatest Present, Kuroko's Basketball Movie 1: Winter Cup Highlights -Shadow and Light-, Kuroko's Basketball Movie 2: Winter Cup Highlights -Beyond the Tears-, Kuroko's Basketball Movie 3: Winter Cup Highlights -Crossing the Door-, Kuroko's Basketball: Oshaberi Shiyou ka, Kuroko's Basketball: Last Game","Daiki Aomine : Junichi Suwabe, Junpei Hyuga : Yoshimasa Hosoya, Kazunari Takao : Tatsuhisa Suzuki, Ryouta Kise : Ryouhei Kimura, Satsuki Momoi : Fumiko Orikasa, Shintarou Midorima : Daisuke Ono, Shun Izuki : Hirofumi Nojima, Taiga Kagami : Yuuki Ono, Tadatoshi Fujimaki
Original Creator",Tadatoshi Fujimaki : Original Creator
Balgwanghaneun Hyeondaesa, Master and Man,Movie,,Studio Dadashow,,"Drama, Korean Animation",3.76,2014.0,,'No synopsis yet - check back soon!',,,,,
Space Battleship Yamato 2199: Tsuioku no Koukai, Uchuu Senkan Yamato 2199: Tsuioku no Koukai,Movie,,AIC,,"Adventure, Sci Fi, Aliens, Leijiverse, Military, Outer Space, Political, Recap, Space Opera, War",3.76,2014.0,,"""The year is 2199. The human race has been crushed in their war with the Gamilos, driven into underground cities by the invader's assault. Scientists estimate they have only a year left. The young officers Susumu Kodai and Daisuke Shima receive a mysterious capsule from a ship that made an emergency landing on Mars and return with it to Earth. It contains humanity's last hope: the planet Iscandar on the other side of the Magellan Galaxy has the technology to defeat the Gamilos and restore the planet. The space battleship Yamato is entrusted with this task, but they have only one year before humanity ends.""",,,"Star Blazers: The Quest for Iscandar, Space Battleship Yamato Movie, Farewell to Space Battleship Yamato: In the Name of Love, Star Blazers: The Comet Empire, Space Battleship Yamato: The New Voyage, Be Forever Yamato, Star Blazers: The Bolar Wars, Final Yamato, Yamato 2520, Space Battleship Yamato: Resurrection, Star Blazers: Space Battleship Yamato 2199, Space Battleship Yamato 2199: Odyssey of the Celestial Ark, Star Blazers: Space Battleship Yamato 2202",Mikage Kiryuu,
Lord Marksman and Vanadis, Madan no Ou to Vanadis,TV   ,13.0,SATELIGHT,Fall ,"Action, Adventure, Ecchi, Fantasy, Harem, Romance, Political, Swordplay, War, Based on a Light Novel, Violence",3.76,2014.0,,"""Tigrevurmud Vorn, the young lord of a remote region far from the kingdom's center, is commanded by the king to go fight the war against a neighboring country. The leader of the enemy is Eleonora Viltaria, one of the seven Vanadis given supernatural arms from a dragon. The moment when an archer boy and the silver-haired beautiful war maiden meet, it is the beginning for the legend of a hero that will be told for generations to come.""",Violence,"Lord Marksman and Vanadis, Lord Marksman and Vanadis (Light Novel)",Lord Marksman and Vanadis: Tigre and Vanadish,"Eleonora Viltaria : Haruka Tomatsu, Tigrevurmud Vorn : Kaito Ishikawa, Bertrand : Takayuki Sugou, Duke Felix Aaron Thenardier : Dai Matsumoto, Lim : Yuka Iguchi, Ludmila Lourie : Mariya Ise, Rurick : Kazuyuki Okitsu, Sir Mashas : Hajime Iijima, Tatsuo Satou
Director, Masaru Yokoyama
Music, Nobuaki Nobusawa
Music, Yousuke Kabashima
Character Design & Chief Animation Director, Kenji Yasuda
Episode Director, Takaaki Fukuyo
Animation Director & Key Animator","Tatsuo Satou : Director, Masaru Yokoyama : Music, Nobuaki Nobusawa : Music, Yousuke Kabashima : Character Design & Chief Animation Director, Kenji Yasuda : Episode Director, Takaaki Fukuyo : Animation Director & Key Animator"
Yamada-kun and the Seven Witches OVA, Yamada-kun to 7-nin no Majo OVA,OVA  ,2.0,LIDEN FILMS,,"Comedy, Shounen, Body Swapping, School Life, Supernatural, Witches, Based on a Manga",3.76,2014.0,2015.0,'No synopsis yet - check back soon!',,Yamada-kun and the Seven Witches,"Yamada-kun and the Seven Witches PV, Yamada-kun and the Seven Witches","Miyabi Itou, Nene Odagiri, Ryuu Yamada, Toranosuke Miyamura, Urara Shiraishi, Asuka Mikoto, Daichi Shinagawa, Haruma Yamazuki, Miki Yoshikawa
Original Creator, Seiki Takuno
Director, Eriko Iida
Character Design","Miki Yoshikawa : Original Creator, Seiki Takuno : Director, Eriko Iida : Character Design"
Pretty Cure All Stars New Stage 3: Eien no Tomodachi,,Movie,,Toei Animation,,"Magical Girl, Crossover, Henshin Heroes, Magic",3.76,2014.0,,"""When the DokiDoki and HappinessCharge PreCure teams investigate a case of children being trapped in their dreams, they find the cause is a tapir fairy who wants her son's friends to stay with him forever in the dream world. To keep the Cures from interfering, she traps all of them in happy dreams of their own. All the PreCure teams listed in the fairy handbook that is, which didn't include the new HappinessCharge team. It's up to Lovely and Princess and their fairy friends to defeat the nightmares and rescue everyone.""",,"Futari wa Precure, Futari wa Pretty Cure: Splash Star, Eiga: Futari wa Pretty Cure Splash Star - Chikutaku Kiki Ippatsu!, Go! Princess Pretty Cure, Kirakira Precure à la Mode","Pretty Cure, Pretty Cure Max Heart, Pretty Cure Splash Star, Yes! Pretty Cure 5, Yes! Pretty Cure 5 GoGo!, Fresh Pretty Cure!, Heartcatch Pretty Cure!, Suite Pretty Cure♪, Smile Pretty Cure!, Pretty Cure All Stars New Stage: Mirai no Tomodachi, Dokidoki! Pretty Cure, Pretty Cure All Stars New Stage 2: Kokoro no Tomodachi, Happiness Charge Pretty Cure!","Alice Yotsuba : Mai Fuchigami, Hikari Kujou : Rie Tanaka, Hime Shirayuki : Megumi Han, Madoka Aguri : Rie Kugimiya, Makoto Kenzaki : Kanako Miyamoto, Mana Aida : Hitomi Nabatame, Megumi Aino : Megumi Nakajima, Rikka Hishikawa : Minako Kotobuki, Yasuhiro Katou
Cg Director",Yasuhiro Katou : Cg Director
Tonari no Seki-kun: The Master of Killing Time OVA, Tonari no Seki-kun OVA,OVA  ,1.0,Shin-Ei Animation,,"Comedy, Seinen, Cats, Gag, School Life, Shorts, Based on a Manga",3.76,2014.0,,'No synopsis yet - check back soon!',,"My Neighbor Seki, Tonari no Seki-kun Junior","Tonari no Seki-kun: The Master of Killing Time, Tonari no Seki-kun: The Master of Killing Time Specials","Rumi Yokoi : Kana Hanazawa, Toshinari Seki : Hiro Shimono, Takuma Morishige
Original Creator, Hiroshi Nakamura
Music","Takuma Morishige : Original Creator, Hiroshi Nakamura : Music"
Black Bullet,,TV   ,13.0,Kinema Citrus,Spring,"Action, Mystery, Sci Fi, Insects, Pandemic, Post-apocalyptic, Based on a Light Novel",3.75,2014.0,,"'In the year 2021, mankind was defeated by Gastrea, a parasitical virus, and was forced to live within a wall made of Baranuim monoliths, a metal that is able to subdue Gastrea. Soon, the ""Cursed Children"" were discovered: children born infected with the Gastrea virus who possess superhuman abilities. Due to the Gastrea virus\' intervention, the Cursed Children could only be female. Civil Securities are formed to specialize fighting against Gastrea, operating with the pair of an Initiator, who are cursed children, and a Promoter, serving to lead the cursed children. Ten years after the war, Rentaro Satomi, a high school student and Civil Security member, and his Initator Enju Aihara, receive a secret mission to prevent Tokyo\'s destruction.'",,"Black Bullet (Light Novel), Black Bullet",Black Bullet Special,"Enju Aihara : Rina Hidaka, Kisara Tendo : Yui Horie, Rentaro Satomi : Yuuki Kaji, Fuse Midori : Yui Ogura, Kagetane Hiruko : Rikiya Koyama, Kayo Senju : Megumi Han, Kohina Hiruko : Aoi Yuuki, Nagamasa Gadou : Tesshou Genda, Masayuki Kojima
Director, Shirou Sagisu
Music, Senbon Umishima
Character Design, Mitsutoshi Ogura
Producer, Asuka Yamazaki
Producer, Fuminori Yamazaki
Producer","Masayuki Kojima : Director, Shirou Sagisu : Music, Senbon Umishima : Character Design, Mitsutoshi Ogura : Producer, Asuka Yamazaki : Producer, Fuminori Yamazaki : Producer"
Nobunaga Concerto,,TV   ,10.0,Summer 2014,,"Shounen, 16th Century, Feudal Japan, Historical, Person in a Strange World, Rebellions, Time Travel, Based on a Manga, CG Animation",3.75,2014.0,,"'Due to some unlikely events, Saburo is flung back in time to the Sengoku Era. In the past, he meets a young, but sickly Oda Nobunaga, one of Japan’s greatest war lords. Unable to shake Saburo’s uncanny resemblance to himself, Nobunaga asks Saburo to take his place as war lord. Equipped with knowledge from the modern era, will Saburo be able to unite Japan?'",,Nobunaga Concerto,,"Nobunaga Oda : Yuuki Kaji, Saburo : Mamoru Miyano, Hanbei Takenaka : Takahiro Sakurai, Inuchiyo Maeda : Shintarou Asanuma, Katsuie Shibata : Rikiya Koyama, Kichou : Nana Mizuki, Nagahide Niwa : Shinya Takahashi, Narimasa Sassa : Kenta Miyake, Ayumi Ishii
Original Creator, Yuusuke Fujikawa
Director, Masaru Yokoyama
Music, Noriko Ozaki
Producer, My First Story
Song Performance","Ayumi Ishii : Original Creator, Yuusuke Fujikawa : Director, Masaru Yokoyama : Music, Noriko Ozaki : Producer, My First Story : Song Performance"
Wolf Girl and Black Prince, Ookami Shoujo to Kuro Ouji,TV   ,12.0,TYO Animations,Fall ,"Comedy, Romance, Shoujo, Blackmail, Fake Romance, School Life, Based on a Manga",3.75,2014.0,,"""Everyone knows that lies can come back to bite you, but when Erika makes up a fake boyfriend to impress her new classmates, the results may literally end up hounding her forever! Yes, it was dumb, but what were the odds that the random guy whose picture she used would turn out to be a student at her own school? Or that said faux-boyfriend's silence would come with such a horrible price? Now Erika doesn't just have to run and fetch at Kyoya Sata's command, she has to bark too!Because he's literally treating her like a dog, and she just has to roll over and take it, or he'll tell everyone the truth! But that's not the worst part, because even though this wolf in hunk's clothing has Erika collared, she may be starting to have REAL feelings for him anyway! Is she barking up the wrong tree, or could true love be unleashed in Wolf Girl & Black Prince?""",,"Ookami Shoujo to Kuro Ouji, Nijikuro Gakuen no Nijichou","ORESAMA: Ookami Heart, Wolf Girl and Black Prince Recap, Wolf Girl and Black Prince OVA","Erika Shinohara : Kanae Itou, Kyouya Sata : Takahiro Sakurai, Aki Tezuka : Mikako Komatsu, Ayumi Sanda : Ai Kayano, Marin Tachibana : Mariya Ise, Nozomi Kamiya : Yoshitsugu Matsuoka, Takeru Hibiya : Yoshimasa Hosoya, Yuu Kusakabe : Ayumu Murase, Ayuko Hatta
Original Creator, Kenichi Kasai
Director, Gou Sakabe
Music, Maki Fujioka
Character Design, Hisaharu Iijima
Art Director, Shuuichi Kitada
Producer, Shunsuke Nara
Producer, Hiroyuki Kiyouno
Producer","Ayuko Hatta : Original Creator, Kenichi Kasai : Director, Gou Sakabe : Music, Maki Fujioka : Character Design, Hisaharu Iijima : Art Director, Shuuichi Kitada : Producer, Shunsuke Nara : Producer, Hiroyuki Kiyouno : Producer"
Monsuno 3rd Season,,Web  ,13.0,LARX Entertainment,Summer,"Action, Adventure, Fantasy, Original Work",3.75,2014.0,,'Third season of Monsuno.',,,"Monsuno, Monsuno: Combat Chaos","Yoshiaki Okumura
Director, Yuuichirou Hayashi
Character Design","Yoshiaki Okumura : Director, Yuuichirou Hayashi : Character Design"
Doraemon Movie 34: New Nobita's Great Demon - Peko and the Exploration Party of Five, Doraemon Movie 34: Shin Nobita no Daimakyou - Peko to 5-nin no Tankentai,Movie,,Shin-Ei Animation,,"Adventure, Comedy, Shounen, Africa, Cats, Dogs, Family Friendly, Forest, Jungle, Non-Human Protagonists, Robots, Based on a Manga",3.75,2014.0,,'Nobita finds a lost white dog whom he names Peko while his friends desire an adventure somewhere that still hasn´t been explored during their Summer vacation. After some research the five friends and the dog end up going deep into an African jungle just to find out that Peko has a mysterious connection with their destination.',,"Doraemon, Daichohen Doraemon, The Doraemons: Doraemon Game Comic, Dorabase: Doraemon Chouyakyuu Gaiden, Doraemon Plus","Doraemon (1979), Doraemon: Doraemon Comes Back, Doraemon Movie 3: Nobita's Great Demon, Doraemon: Doraemon Comes Back (1998), The Doraemons: Strange, Sweets, Strange?, Doraemon (2005)","Doraemon : Wasabi Mizuta, Gian : Subaru Kimura, Nobita Nobi : Noriko Ohara, Shizuka Minamoto, Suneo Honekawa : Tomokazu Seki, Peko, Fujiko F. Fujio
Original Creator, Shinnosuke Yakuwa
Director, Kan Sawada
Music, Koichi Maruyama
Character Design, Rika Tsuruzaki
Producer","Fujiko F. Fujio : Original Creator, Shinnosuke Yakuwa : Director, Kan Sawada : Music, Koichi Maruyama : Character Design, Rika Tsuruzaki : Producer"
The [email protected] Movie: Kagayaki no Mukougawa e!,,Movie,,A-1 Pictures,,"Idols, Music, Showbiz",3.75,2014.0,,"""Soon after their live concert with all 13 members, 765 Pro's all-star idols are given great news: They will be performing a concert at an arena, and will have back-up dancers sent from the idol training school to support them. In the midst of this, the always cheerful Haruka Amami is voted as leader of the idols. Everything was looking up for 765 Pro, until bad news begins to strike. In the face of new barriers, Haruka wavers on her position as leader. However, she must stand up, and gather all the idols together once again for the greatest concert they've ever performed.""",,"THE [email protected] Comic Anthology, THE [email protected] Anthology Comic, The [email protected]: Your [email protected], The [email protected], The [email protected] Relations, Puchimas! Petit [email protected], The [email protected] Break!, The [email protected] Dearly Stars: Neue Green, The [email protected] Dearly Stars: Splash Red, The [email protected] Dearly Stars: Innocent Blue, The [email protected] 2: Nemurihime, The [email protected] 2: Colorful Days, The [email protected] 2: The World Is All One!!, [email protected] of Jupiter - The [email protected], The [email protected] (Mana), The [email protected]: Cinderella Girls - Ensemble!, The [email protected] Cinderella Girls Shuffle!!, Jupiter: THE [email protected], The [email protected]: Million Live! Back Stage, The [email protected]: Million Live!, The [email protected]: Million Live! Comic Anthology, The [email protected] SideM: Dramatic Stage, The [email protected] Million Live!: Blooming Clover","The [email protected], The [email protected]: Shiny Festa, Puchimas! Wakku Waku!!, The [email protected]: 765 Pro to Iu Monogatari, Puchimas! Petit [email protected], Puchimas! Petit [email protected] - Takatsuki Gold Densetsu Special!! Harukasan Matsuri, Puchimas! Petit [email protected] OVA, The [email protected]: Onegai Cinderella, Puchimas! Petit Petit [email protected], The [email protected]: Cinderella Girls: Special Program, The [email protected]: Cinderella Girls Second Series, The [email protected]: Cinderella Girls Special: Anytime, Anywhere with Cinderella","Ami Futami : Asami Shimoda, Azusa Miura : Chiaki Takahashi, Chihaya Kisaragi : Asami Imai, Haruka Amami : Eriko Nakamura, Hibiki Ganaha : Manami Numakura, Iori Minase : Rie Kugimiya, Makoto Kikuchi : Hiromi Hirata, Mami Futami : Asami Shimoda, Atsushi Nishigori
Director & Character Design, Ryuuichi Takada
Music, Kazuko Nakashima
Color Design, Yasuhiro Yamaguchi
Producer, Yousuke Toba
Producer, Ryota Furukawa
Key Animator","Atsushi Nishigori : Director & Character Design, Ryuuichi Takada : Music, Kazuko Nakashima : Color Design, Yasuhiro Yamaguchi : Producer, Yousuke Toba : Producer, Ryota Furukawa : Key Animator"
Kamigami no Asobi,,TV   ,12.0,Brain's Base,Spring,"Fantasy, Reverse Harem, Romance, Egyptian Mythology, God-Human Relationship, Gods, Greek Mythology, Interspecies Relationship, Isekai, Japanese Mythology, Norse Mythology, Person in a Strange World, School Life, Based on an Otome Game, Based on a Visual Novel",3.74,2014.0,,"'Yui Kusanagi discovers a mighty sword that transports her to another world. There, this ordinary high school girl finds herself face-to-face with the mighty Greek god Zeus, who has an unusual request: remain in the dimension he has created and attend a school of legendary proportions. Zeus acts as dean for a school of young, misguided gods. The bond between humans and gods has weakened, and it is now up to Yui to teach the gods about love and what it means to be human.'",,Kamigami no Asobi,,"Apollon Agana Belea : Miyu Irino, Balder Hringhorni : Hiroshi Kamiya, Hades Aidoneus : Daisuke Ono, Loki Laevatein : Yoshimasa Hosoya, Takeru Totsuka :  Toshiyuki Toyonaga, Tsukito Totsuka : Yuuto Uemura, Yui Kusanagi : Saori Hayami, Dionysus Thyrsos : Hirofumi Nojima, Broccoli
Original Creator, Yone Kazuki
Original Character Design, Tomoyuki Kawamura
Director & Episode Director & Storyboard, Tomoko Konparu
Screenplay & Series Composition, Elements Garden
Music, Evan Call
Music, Junpei Fujita
Music & Song Arrangement, Hitoshi Fujima
Music & Song Arrangement & Song Composition","Broccoli : Original Creator, Yone Kazuki : Original Character Design, Tomoyuki Kawamura : Director & Episode Director & Storyboard, Tomoko Konparu : Screenplay & Series Composition, Elements Garden : Music, Evan Call : Music, Junpei Fujita : Music & Song Arrangement, Hitoshi Fujima : Music & Song Arrangement & Song Composition"
Yowamushi Pedal: Re:RIDE,,Movie,,8 Pan,,"Shounen, Sports, Cycling, Racing, Recap, School Club, School Life, Tournaments, Based on a Manga",3.73,2014.0,,"'A compilation film, recapping the first season of Yowamushi Pedal.'",,"Yowamushi Pedal, Yowamushi Pedal: Spare Bike","Yowamushi Pedal: Special Ride, Yowamushi Pedal, Yowamushi Pedal: Grande Road, Yowamushi Pedal: Re:ROAD, Yowamushi Pedal The Movie, Chiba Pedal: Yowamushi Pedal to Manabu Jitensha Koutsuuanzen, Yowamushi Pedal: Spare Bike, Yowamushi Pedal: New Generation, Yowamushi Pedal: Re:GENERATION, Yowamushi Pedal: Glory Line","Sakamichi Onoda : Daiki Yamashita, Shoukichi Naruko : Jun Fukushima, Shunsuke Imaizumi : Kohsuke Toriumi, Akira Midousuji : Kouji Yusa, Hajime Aoyagi : Yoshitsugu Matsuoka, Hayato Shinkai : Satoshi Hino, Jinpachi Toudou : Tetsuya Kakihara, Jin Tadokoro : Kentarou Itou, Wataru Watanabe
Original Creator, Osamu Nabeshima
Director, Kan Sawada
Music, Takahiko Yoshida
Character Design","Wataru Watanabe : Original Creator, Osamu Nabeshima : Director, Kan Sawada : Music, Takahiko Yoshida : Character Design"
Re: Hamatora,,TV   ,12.0,Lerche,Summer,"Action, Drama, Mystery, Seinen, Superpowers, Based on a Manga",3.73,2014.0,,"'It has been three months since the incident at Yokohama. Things have been settling down at Cafe Nowhere. Murasaki and Hajime have teamed up and started investigating again. After an unforeseen reunion, Art holds Nice at gunpoint. What are his real intentions? What will become of the connection between Art and Hamatora?'",,,"Hamatora The Animation: Saishuukai Chokuzen! Mao ga Okuru, Hamatora, Mini Hama, Mini Hama Specials, Fw: Hamatora","Art : Hiroshi Kamiya, Murasaki : Wataru Hatano, Nice : Yumiko Kobayashi, Birthday : Jun Fukuyama, Gasuke : Yousuke Akimoto, Hajime : Emiri Katou, Honey : Eri Kitamura, Koneko : Kiyono Yasuno, Seiji Kishi
Director, Makoto Yoshimori
Music, Keiko Kurosawa
Character Design, Yuu Wazu
Character Design, Yoshikazu Beniya
Producer, Hiroyuki Tanaka
Producer, Kozue Kaneniwa
Producer, Mika Shimizu
Producer","Seiji Kishi : Director, Makoto Yoshimori : Music, Keiko Kurosawa : Character Design, Yuu Wazu : Character Design, Yoshikazu Beniya : Producer, Hiroyuki Tanaka : Producer, Kozue Kaneniwa : Producer, Mika Shimizu : Producer"
Strike Witches: Operation Victory Arrow,,OVA  ,3.0,SILVER LINK.,,"Action, Ecchi, Sci Fi, Aliens, Animal Characteristics, Guns, Historical, Magic, Military, Panty Shots, Original Work, Nudity",3.73,2014.0,2015.0,'The three short stories depict the lives of the members who returned to their respective homes after the end of Operation Mars in the second television series.',Nudity,"Strike Witches (Light Novel), Strike Witches: Maidens in the Sky, Strike Witches: Otome no Maki (Light Novel), Strike Witches: The Sky that Connects Us, Strike Witches: 1937 Fuso Sea Incident, Strike Witches: Koushiki Comic à la Carte, Strike Witches: One-Winged Witches, Strike Witches Gekijouban: Kaeritai Basho (Light Novel), Strike Witches Gekijouban: 501 Butai Hasshinshimasu!, Strike Witches: Aurora no Majo, Strike Witches: Dai-501 Tougou Sentou Koukuudan, Strike Witches: Kurenai no Majo-tachi, Noble Witches: Dai 506 Tougou Sentou Koukuudan (Light Novel), Strike Witches: Contrail of Witches, Brave Witches: 502nd JFW Takeoff!, Strike Witches: 501 Butai Hasshinshimasu! Zoku","Strike Witches OVA, Strike Witches, Strike Witches 2, Strike Witches Movie, Brave Witches, Brave Witches: The Great Petersburg Strategy, Strike Witches: Road to Berlin","Charlotte E Yeager : Ami Koshimizu, Erica Hartmann : Sakura Nogawa, Francesca Lucchini : Chiwa Saitou, Gertrud Barkhorn : Mie Sonozaki, Lynette Bishop : Kaori Nazuka, Minna-Dietlinde Wilcke : Rie Tanaka, Perrine-H. Clostermann : Miyuki Sawashiro, Amelie Planchard : Sayuri Yahagi, Kazuhiro Takamura
Director & Character Design",Kazuhiro Takamura : Director & Character Design
Laughing Under the Clouds, Donten ni Warau,TV   ,12.0,Doga Kobo,Fall ,"Action, Shoujo, 19th Century, Feudal Japan, Historical, Japanese Mythology, Ninja, Samurai, Supernatural, Swordplay, Based on a Manga, Violence",3.73,2014.0,,"'When swords were outlawed in the eleventh year of the Meiji era, the mighty samurai population began to dwindle. Those who rejected the ban on blades rebelled, causing violent unrest to erupt throughout the countryside. To combat the rise in criminal activity, an inescapable lake prison was constructed. Three young men, born of the Kumo line, were given the duty of delivering criminals to their place of confinement – but could there be more to their mission than meets the eye?'",Violence,"Laughing Under the Clouds, Laughing in Purgatory, Laughing Under the Clouds Gaiden, Yamainu no Zangyou ni Warau","Laughing Under the Clouds Gaiden: Movie 1, Laughing Under the Clouds x Mameshiba, Laughing Under the Clouds Gaiden: Movie 2, Laughing Under the Clouds Gaiden: Movie 3","Chuutarou Kumoh : Tsubasa Yonaga, Soramaru Kumoh : Yuuki Kaji, Tenka Kumoh : Yuuichi Nakamura, Abe No Sousei : Kohsuke Toriumi, Botan : Rina Satou, Fox-Masked Man : Kouji Yusa, Naoto Kagami : Shinichirou Miki, Orochi, Kemuri Karakara
Original Creator, Hiroshi Haraguchi
Director, Yuya Takahashi
Screenplay & Series Composition, Shuuichirou Fukuhiro
Music, Takao Maki
Character Design, Toshio Nakatani
Producer, Tomoaki Watanabe
Producer, Shunsuke Hosoi
Producer","Kemuri Karakara : Original Creator, Hiroshi Haraguchi : Director, Yuya Takahashi : Screenplay & Series Composition, Shuuichirou Fukuhiro : Music, Takao Maki : Character Design, Toshio Nakatani : Producer, Tomoaki Watanabe : Producer, Shunsuke Hosoi : Producer"
Broken Blade TV, Break Blade TV,TV   ,12.0,Production I.G,Spring,"Action, Fantasy, Mecha, Magic, Military, War",3.72,2014.0,,"'Cruzon, a land where people are born with the power to control quartz. This power allows them to control giant complex battle suits called Golems. Rygart Arrow is an un-sorcerer, a rare individual who does not have the ability to control quartz. One day he gets letter from the king of Cruzon, his friend from military school. The king informs Arrow that war is approaching and about the discovery of an ancient Golem that no one has been able to move. Will an un-sorcerer be the key to activating it?'",,Broken Blade,Broken Blade TV: Virgins War,"Hodr : Yuuichi Nakamura, Rygart Arrow : Souichirou Hoshi, Zess : Hiroshi Kamiya, Cleo Sabrafu : Kana Hanazawa, General Baldr : Masashi Sugawara, Lee : Yuko Kaida, Sigyn Erster : Chiwa Saitou, Argath : Kenji Takahashi, Nobuyoshi Habara
Director, Tetsurou Amino
Director, Yoshihisa Hirano
Music, Takushige Norita
Character Design","Nobuyoshi Habara : Director, Tetsurou Amino : Director, Yoshihisa Hirano : Music, Takushige Norita : Character Design"
Me! Me! Me!, Nihon Animator Mihonichi: Me! Me! Me!,Web  ,1.0,Khara,,"Japan Animator's Exhibition, Shorts, Explicit Violence,, Mature Themes,, Nudity,, Sexual Content",3.72,2014.0,,'You are attacked and ravished by many girls.',"Explicit Violence,, Mature Themes,, Nudity,, Sexual Content",,"Me! Me! Me! Chronic, Girl","Hana : Megumi Hayashibara, Meme : Megumi Hayashibara, Shuu : Kouichi Yamadera, Hibiki Yoshizaki
Director & Episode Director & Original Concept & Storyboard, Teddyloid
Music, Daoko
Music, Shuuichi Iseki
Character Design, Yuuichi Furuichi
Color Design, Tomoyuki Ogata
Producer, Hakuyu Go
Key Animator","Hibiki Yoshizaki : Director & Episode Director & Original Concept & Storyboard, Teddyloid : Music, Daoko : Music, Shuuichi Iseki : Character Design, Yuuichi Furuichi : Color Design, Tomoyuki Ogata : Producer, Hakuyu Go : Key Animator"
Nekketsu Jinmen Inu: Life Is Movie,,OVA  ,3.0,,,"Comedy, Parody",3.71,2014.0,,'No synopsis yet - check back soon!',,,,,
Hamatora,,TV   ,12.0,NAZ,Winter,"Action, Drama, Mystery, Seinen, Superpowers, Based on a Manga, Violence",3.71,2014.0,,"'""Minimum""— Otherwise known as ""small miracles"", is a special power that only manifests within a few, select humans. Those who possess this ability are called ""Minimum Holders."" 2014: Yokohama. The detective duo of Nice and Murasaki, otherwise known as ""Hamatora,"" wait again today for work with their friends at a table at Cafe Nowhere that they use as their agency. Suddenly, a job they receive seems to have a weird connection with the serial killer that their police friend, Art is searching for.'",Violence,"Hamatora, Hamatora: The Novel (Light Novel)","Hamatora The Animation: Saishuukai Chokuzen! Mao ga Okuru, Re: Hamatora, Mini Hama, Mini Hama Specials, Fw: Hamatora","Art : Hiroshi Kamiya, Murasaki : Wataru Hatano, Nice : Ryouta Oosaka, Birthday : Jun Fukuyama, Gasuke : Yousuke Akimoto, Hajime : Emiri Katou, Honey : Eri Kitamura, Koneko : Kiyono Yasuno, Seiji Kishi
Chief Director, Hiroshi Kimura
Director, Touko Machida
Series Composition, Makoto Yoshimori
Music, Yuu Wazu
Character Design, Yoshikazu Beniya
Producer, Hiroyuki Tanaka
Producer, Kozue Kaneniwa
Producer","Seiji Kishi : Chief Director, Hiroshi Kimura : Director, Touko Machida : Series Composition, Makoto Yoshimori : Music, Yuu Wazu : Character Design, Yoshikazu Beniya : Producer, Hiroyuki Tanaka : Producer, Kozue Kaneniwa : Producer"
I Can't Understand What My Husband is Saying, Danna ga Nani wo Itteiru ka Wakaranai Ken,TV   ,13.0,Seven,Fall ,"Comedy, Romance, Seinen, Slice of Life, Adult Couples, Married Life, Mature Romance, Otaku Culture, Romantic Comedy, Short Episodes, Based on a 4-Koma Manga, Based on a Manga",3.71,2014.0,,"""Kaoru is an OL you can find anywhere, serious and works diligently, but her husband is a super otaku and more-or-less a NEET. She is caught up in one of her husband's whims one day or the subject of his concerns another, but the two are so close that it's embarrassing to even watch them!""",,"Danna ga Nani o Itteiru ka Wakaranai Ken, Sabinuki Kanojo",I Can’t Understand What My Husband Is Saying: 2nd Thread,"Hajime Tsunashi : Kenichi Suzumura, Kaoru Tsunashi : Yukari Tamura, Mayotama : Sayaka Horino, Miki : Kaori Shimizu, Rino Juse : Rie Kugimiya, Tanaka : Ryouko Shintani, Ai : Mai Sugano, Akiko Toshiura, Coolkyousinjya
Original Creator, Shinpei Nagai
Director, G-Angle
Music, Ryuuichi Baba
Character Design, Yoshinobu Iwaya
Producer, Gorou Shinjuku
Producer, Hitomi Nishioka
Producer, Taku Horie
Producer","Coolkyousinjya : Original Creator, Shinpei Nagai : Director, G-Angle : Music, Ryuuichi Baba : Character Design, Yoshinobu Iwaya : Producer, Gorou Shinjuku : Producer, Hitomi Nishioka : Producer, Taku Horie : Producer"
Selector Spread WIXOSS,,TV   ,12.0,J.C.Staff,Fall ,"Drama, Body Swapping, Card Battles, Psychological, Supernatural, Based on a Card Game",3.7,2014.0,,"'Ruuko is back in action, and this time she wants answers! With her friend Hitoe by her side, she embarks on a quest to find out what happened to her former LRIG, Tama. Along the way she discovers the secrets behind WIXOSS and the struggles between the light and dark sides of the game. After a few shocking revelations, Ruuko sets out to correct the wrongs of the game and hopefully set the LRIGs free. She’ll have to battle other Selectors in her way first, and confront the game’s malicious creator. How far will Ruuko go to save the LRIGs and uncover the many secrets behind WIXOSS? The truth lies in wait, but will Ruuko be able to save the LRIGs from their fate?'",,"Selector Infected WIXOSS: Re/verse, Selector Infected WIXOSS: Peeping Analyze, Selector Infected WIXOSS: Mayu no Oheya, Selector Stirred Wixoss","Selector Infected WIXOSS, Selector Infected WIXOSS Specials, Selector Destructed WIXOSS, Lostorage Incited WIXOSS, Lostorage Conflated WIXOSS: Missing Link, Lostorage Conflated WIXOSS, Wixoss Diva(A)Live","Hitoe Uemura : Ai Kayano, Ruuko Kominato : Ai Kakuma, Yuzuki Kurebayashi : Ayane Sakura, Akira Aoi : Chinatsu Akasaki, Chiyori : Mako Morino, Eldora : Satomi Arai, Iona Urasoe : Asami Seto, Mayu : Risa Taneda, Takuya Satou
Director, Maiko Iuchi
Music, Kyuuta Sakai
Character Design, Yoshikazu Iwanami
Sound Director, Yuuji Matsukura
Producer, Kouhei Kawase
Producer, Jun Fukuda
Producer","Takuya Satou : Director, Maiko Iuchi : Music, Kyuuta Sakai : Character Design, Yoshikazu Iwanami : Sound Director, Yuuji Matsukura : Producer, Kouhei Kawase : Producer, Jun Fukuda : Producer"
Kuiba Movie 3: Zhanshen Jueqi,,Movie,,Vasoon Animation,,"Action, Adventure, Fantasy, Family Friendly, Original Work",3.7,2014.0,,'No synopsis yet - check back soon!',,,"Kuiba Movie 4: Mei Lingluo, Kuiba Movie 1: Zhi Shiwanhuoji, Kuiba Movie 2: Dazhan Yuan Yang Jie, Kuiba Yao Xia Zhuan",,
PriPara, Puri Para,TV   ,38.0,Dongwoo A&E,Summer,"Family Friendly, Fashion, Idols, Music, Showbiz, Based on a Video Game",3.7,2014.0,2015.0,"'Laala Manaka is a 5th-grader at Paprika Academy. Like most girls, she admires the world of PriPara, a sport that tests idol girls on song, dance, and fashion. Unfortunately for her, her school does not allow elementary school students to participate in PriPara. However, through miraculous circumstances, Laala passes the audition to become a PriPara idol.'",,,"Pretty Rhythm: All Star Selection, PriPara Movie: Minna Atsumare! Prism Tours, PriPara 2, Tobidasu PriPara: Minna de Mezase! Idol☆Grand Prix, PriPara 3, Idol Time PriPara, PriPara & Kiratto Pri-Chan: Kira Kira Memorial Live, Waccha PriMagi!, Idol Land PriPara","Laala Manaka : Himika Akaneya, Mirei Minami : Yuu Serizawa, Sophy Houjo : Miyu Kubota, Cosmo Houjou : Nozomi Yamamoto, Dorothy West : Azuki Shibuya, Gloria Ookanda : Urara Takano, Himeka Manaka : Rei Sakuma, Janko : Chinatsu Akasaki, Makoto Moriwaki
Director, Tsuneyoshi Saito
Music, Masaharu Hara
Character Design, Yuuji Suzuki
Producer, Yousuke Takabayashi
Producer, Naoki Miura
Producer, Teruaki Jitsumatsu
Producer, Yoshinobu Tokumoto
Episode Director","Makoto Moriwaki : Director, Tsuneyoshi Saito : Music, Masaharu Hara : Character Design, Yuuji Suzuki : Producer, Yousuke Takabayashi : Producer, Naoki Miura : Producer, Teruaki Jitsumatsu : Producer, Yoshinobu Tokumoto : Episode Director"
D-Frag! OVA,,OVA  ,1.0,Brain's Base,,"Comedy, Seinen, Based on a Manga",3.7,2014.0,,'No synopsis yet - check back soon!',,D-Frag!,D-Frag!,"Kenji Kazama : Katsuyuki Konishi, Noe Kazama : Emiri Katou, Sakura Mizukami : Mikako Takahashi, Chitose Karasuyama : Chiwa Saitou, Roka Shibasaki : Kana Hanazawa, Takao'S Mother : Ryouka Yuzuki, Hachi Shiou, Shawn Conecone : Jouji Nakata, Tomoya Haruno
Original Creator",Tomoya Haruno : Original Creator
Saki: The Nationals, Saki: Zenkoku-hen,TV   ,13.0,Studio Gokumi,Winter,"Shounen, Board Games, Mahjong, School Club, School Life, Tournaments, Based on a Manga",3.7,2014.0,,"'The National High School Mahjong Tournament has finally arrived, and Nodoka, Saki and the rest of the gang are eager to prove themselves in the arena! But winning it all won’t come easy, with fierce competitions on all sides from a variety of other Mahjong clubs, including Ako and her friends from Achiga High. Let the games begin!'",,"Saki, Saki: Achiga-hen - Episode of Side-A, Shinohayu: The Dawn of Age, Toki, Saki re: King's Tile Draw","Saki, Saki Picture Drama, Saki: Episode of Side A Specials, Saki: Episode of Side A, Saki Biyori, Saki: Episode of Side A - Kuro's Birthday","Hisa Takei : Shizuka Itou, Mako Someya : Ryouko Shiraishi, Nodoka Haramura : Ami Koshimizu, Saki Miyanaga : Kana Ueda, Yuki Kataoka : Rie Kugimiya, Hatsumi Usuzumi : Ayumi Tsuji, Hiroe Atago : Satsumi Matsuda, Kasumi Iwato : Sayaka Oohara, Ritz Kobayashi
Original Creator, Manabu Ono
Director, Masakatsu Sasaki
Character Design","Ritz Kobayashi : Original Creator, Manabu Ono : Director, Masakatsu Sasaki : Character Design"
Chaika: The Coffin Princess - Avenging Battle, Hitsugi no Chaika: Avenging Battle,TV   ,10.0,Bones,Fall ,"Action, Adventure, Comedy, Fantasy, Magic, Mercenaries, Based on a Light Novel",3.7,2014.0,,"""Chaika's adventures continue as she struggles to come to terms with her identity. When the Emperor's dark secret comes to light, can Toru, Akari, Chaika, and Fredrica stop the tides of the coming war?""",,"Chaika: The Coffin Princess (Light Novel), Chaika: The Coffin Princess, Hitsugime no Chaikakka, Gakuen Chaika!","Chaika: The Coffin Princess, Chaika: The Coffin Princess OVA","Akari Acura : Yuuko Hara, Chaika Trabant : Chika Anzai, Toru Acura : Junji Majima, Chaika Bohdan : Saeko Zougou, David : Kiyoshi Katsunuma, Frederica : Chiwa Saitou, Leonardo Stola : Kazutomi Yamamoto, Nikolai Avtotor : Kensuke Satou, Souichi Masui
Director, Touko Machida
Series Composition, Seikou Nagaoka
Music, Nobuhiro Arai
Character Design","Souichi Masui : Director, Touko Machida : Series Composition, Seikou Nagaoka : Music, Nobuhiro Arai : Character Design"
Chaika: The Coffin Princess, Hitsugi no Chaika,TV   ,12.0,Bones,Spring,"Action, Adventure, Comedy, Fantasy, Amnesia, Magic, Mercenaries, Based on a Light Novel",3.7,2014.0,,"'An encounter with a strange, coffin-toting girl named Chaika, forever changes Toru Acura’s life as they set out on a journey that will take them across the country and into battle with the mysterious forces that are targeting her!'",,"Chaika: The Coffin Princess (Light Novel), Chaika: The Coffin Princess, Hitsugime no Chaikakka, Gakuen Chaika!","Chaika: The Coffin Princess - Avenging Battle, Chaika: The Coffin Princess OVA","Akari Acura : Yuuko Hara, Chaika Trabant : Chika Anzai, Toru Acura : Junji Majima, Alberic Gillet : Yoshimasa Hosoya, Frederica : Chiwa Saitou, Layla : Yui Makino, Leonardo Stola : Kazutomi Yamamoto, Mateus Callaway : Shuuta Morishima, Souichi Masui
Director, Touko Machida
Screenplay & Series Composition, Seikou Nagaoka
Music, Nobuhiro Arai
Character Design, Junichirou Tamura
Producer, Hiroki Kanno
Animation Director","Souichi Masui : Director, Touko Machida : Screenplay & Series Composition, Seikou Nagaoka : Music, Nobuhiro Arai : Character Design, Junichirou Tamura : Producer, Hiroki Kanno : Animation Director"
Buddy Complex: Into the Skies of Tomorrow, Buddy Complex: Kanketsu-hen - Ano Sora ni Kaeru Mirai de,TV Sp,,Sunrise,,"Action, Drama, Mecha, Sci Fi, Outer Space, Time Travel, Original Work",3.69,2014.0,,"'Hina comes aboard the Cygnus with Aoba and Dio, and she must decide where her allegiances lie. Meanwhile, her former comrades return home to Zogilia to find a shocking turn of events.'",,,Buddy Complex,"Aoba Watase : Yoshitsugu Matsuoka, Dio Jyunyou Weinberg : Kouki Uchiyama, Hina Yumihara : Saori Hayami, Alfried Gallant : Toshiyuki Morikawa, Bizon Gerafil : Takahiro Sakurai, Elvira Hill : Rina Satou, Gengo Kuramitsu : Shou Hayami, Mayuka Nasu : Kana Hanazawa, Yasuhiro Tanabe
Director, Tatsuya Katou
Music, Asako Inayoshi
Character Design, Tomoshige Inayoshi
Character Design & Chief Animation Director, Satoshi Hirayama
Producer, Kanta Suzuki
Chief Animation Director","Yasuhiro Tanabe : Director, Tatsuya Katou : Music, Asako Inayoshi : Character Design, Tomoshige Inayoshi : Character Design & Chief Animation Director, Satoshi Hirayama : Producer, Kanta Suzuki : Chief Animation Director"
Gudetama,,TV   ,100.0,Gathering,Spring,"Comedy, Anthropomorphic, Food and Beverage, Food Protagonists, Non-Human Protagonists, Sanrio Characters, Short Episodes",3.69,2014.0,,"'Gudetama, an egg that is dead to the world and completely lacks motivation. No matter what cooking method you use, Gudetama remains unmoved.'",,,"Hot Minute: Gudetama, JRA x Gudetama, Chicken Ramen x Gudetama, Gudetama Song, Gudetama: Put your hands up!, Gudetama: Tango",Gudetama,
Wangpai Yushi, Ace Censorate,Web  ,39.0,Haoliners Animation League,,"Chinese Animation, Short Episodes, Supernatural, Based on a Manga",3.69,2014.0,2016.0,"'In a world where yin and yang has lost its balance and day merged with night, humans and monsters learn to coexist. Our hardworking censorates do their best to fight the ""untamed"" monsters in this joyful story.'",,Wangpai Yushi,Wangpai Yushi Episode 0,"Huang Xiaoyan : Wen Xiaoyi, Yan Ye, Headmaster, Li Haoling
Director",Li Haoling : Director
Qin Shi Mingyue 3D: Dianying Longteng Wanli,,Movie,,Sparkly Key Animation Studio,,"Action, Ancient China, Chinese Animation, Historical, Wuxia, CG Animation",3.68,2014.0,,'No synopsis yet - check back soon!',,,"The Legend of Qin, Qin Shi Mingyue: Ye Jin Tianming, Qin Shi Mingyue: Zhu Zi Bai Jia, Qin Shi Mingyue Si: Wanli Changcheng, Qin Shi Mingyue: Kong Shan Niao Yu, Qin Shi Mingyue: Luo Shengtang Xia, Qin Shi Mingyue: Junlin Tianxia, Qin Shi Mingyue Tebie Pian: Dizi Jiang Xi, Qin Shi Mingyue: Yi Zhe Ru Shi, Qin Shi Mingyue: Canghai Hengliu","Baifeng, Chilian, Da Siming, Ge Nie, Gonshu Chou, Hua Li, Jing Tianming, Shao Siming",
Qin Shi Mingyue: Kong Shan Niao Yu,,Web  ,3.0,Sparkly Key Animation Studio,,"Action, Ancient China, Chinese Animation, Historical, Wuxia, CG Animation",3.67,2014.0,,'No synopsis yet - check back soon!',,,"The Legend of Qin, Qin Shi Mingyue: Ye Jin Tianming, Qin Shi Mingyue: Zhu Zi Bai Jia, Qin Shi Mingyue Si: Wanli Changcheng, Qin Shi Mingyue: Luo Shengtang Xia, Qin Shi Mingyue: Junlin Tianxia, Qin Shi Mingyue 3D: Dianying Longteng Wanli, Qin Shi Mingyue Tebie Pian: Dizi Jiang Xi, Qin Shi Mingyue: Yi Zhe Ru Shi, Qin Shi Mingyue: Canghai Hengliu",,
Tamayura: More Aggressive OVA,,OVA  ,1.0,TYO Animations,,Photography,3.67,2014.0,,'No synopsis yet - check back soon!',,,"Tamayura, Tamayura: Hitotose, Tamayura: Hitotose Special, Tamayura: More Aggressive Picture Drama, Tamayura: More Aggressive, Tamayura: Sotsugyou Shashin Movie 1 - Kizashi, Tamayura: Sotsugyou Shashin Movie 2 - Hibiki, Tamayura: Sotsugyou Shashin Movie 3 - Akogare, Tamayura: Sotsugyou Shashin Movie 4 - Ashita","Fuu Sawatari : Ayana Taketatsu, Kanae Mitani : Ai Kayano, Kaoru Hanawa : Kana Asumi, Maon Sakurada : Yuko Gibu, Norie Okazaki : Yuka Iguchi, Chihiro Miyoshi : Minako Kotobuki, Kou Sawatari, Maon'S Father : Toshio Furukawa",
Pikmin Short Movies,"Alt titles: Occupational Hazards, The Night Juicer, Treasure in a Bottle",Other,,,,"Fantasy, Shorts, Based on a Video Game, CG Animation",3.67,2014.0,,'No synopsis yet - check back soon!',,,,Olimar,
[email protected], GJ,TV Sp,,Doga Kobo,,"Comedy, Slice of Life, School Club, School Life, Based on a Light Novel",3.67,2014.0,,"""The story is set during the spring vacation immediately after Mao and the others graduate. As the season turns and sakura flowers bloom, Kyōya is once again suddenly stuffed into a bag. When he is let out of the bag, Kyoya looks around and sees New York — except the room looks exactly like the GJ\xa0Club's room.""",,"GJ-bu (Light Novel), GJ-bu Chuutoubu (Light Novel), GJ-bu, GJ-bu◎ (Light Novel), GJ-bu Weekly (Light Novel)",GJ-bu,"Kirara Bernstein : Chika Arakawa, Kyouya Shinomiya : Hiro Shimono, Mao Amatsuka : Maaya Uchida, Megumi Amatsuka : Yume Miyamoto, Shion Sumeragi : Suzuko Mimori, Tamaki Kannazuki : Sumire Uesaka, Geraldine Bernstein : Wakana Aoi, Kasumi Shinomiya : Ibuki Kido, Shin Araki
Original Creator, Yoshiyuki Fujiwara
Director, Miwa Ooshima
Character Design","Shin Araki : Original Creator, Yoshiyuki Fujiwara : Director, Miwa Ooshima : Character Design"
Inari Kon Kon," Inari, Konkon, Koi Iroha.",TV   ,10.0,Production IMS,Winter,"Comedy, Fantasy, Romance, Seinen, Gods, Japanese Mythology, Non-Human Protagonists, Based on a Manga",3.67,2014.0,,"'Inari is a sweet and shy middle school girl with a HUGE crush on Tanbabashi, one of the cutest guys in her grade. She’s not smooth enough to tell him how she feels, and every time she tries things just keep getting worse! But when a beautiful goddess grants Inari the power to shape-shift, Inari uses her newfound powers to attempt to win over Tanbabashi.'",,"Inari Konkon, Inari Konkon (Light Novel)",Inari Kon Kon: Cicada Chorus,"Inari Fushimi : Naomi Oozora, Uka-No-Mitama-No-Kami : Houko Kuwashima, Akemi Sumizome : Inori Minase, Chika Marutamachi : Kaori Sadohara, Keiko Sanjou : Kumiko Watanabe, Kon : Sayuri Hara, Kouji Tanbabashi : Hiroshi Okamoto, Touka Fushimi : Youji Ueda, Morohe Yoshida
Original Creator, Tooru Takahashi
Director, Touko Machida
Screenplay & Series Composition, Takeshi Senoo
Music, Yuka Takashina
Character Design, Kenjirou Gomi
Producer, Shigeru Nishiyama
Editor","Morohe Yoshida : Original Creator, Tooru Takahashi : Director, Touko Machida : Screenplay & Series Composition, Takeshi Senoo : Music, Yuka Takashina : Character Design, Kenjirou Gomi : Producer, Shigeru Nishiyama : Editor"
Fate/Kaleid Liner Prisma Illya 2wei!,,TV   ,10.0,SILVER LINK.,Summer,"Action, Fantasy, Magical Girl, Shounen, Contemporary Fantasy, Henshin Heroes, Magic, Urban Fantasy, Based on a Manga, Sexual Content",3.66,2014.0,,"""It has been a month since Illya and Miyu became magical girls and sealed all of the Class Cards. Rin and Luvia have been forced to remain in Japan to clean up the aftermath, such as the now-unstable magic in the area's ley lines. While helping with the cleanup, the seal on Illya's mysterious innate magic goes berserk and she loses control of her transformation. By the time she has realized what happened, a mysterious girl who looks eerily like Illya appears, apparently bent on bringing destruction down on the original whose heart she seems to have spawned from, and making matters worse she holds the power of the Archer Class Card, with which Illya holds a special bond, within her body.""",Sexual Content,"Fate/Stay Night: Comic Battle, Fate/Stay Night, Fate/Zero (Light Novel), Fate/Tiger Colosseum Upper, Fate/Kaleid Liner Prisma Illya, Fate/Kaleid Liner Prisma Illya 2wei!, Fate/Extra, Fate/Apocrypha (Light Novel), Fate/Kaleid Liner Prisma Illya 3rei!!, Fate/Prototype: Tribute Phantasm, Fate/Extra: CCC Fox Tail, Fate/Hollow Ataraxia, Fate/Prototype: Soukan no Fragments (Light Novel), Fate/Kaleid Liner Prisma Illya (Light Novel), Fate/strange Fake, Fate/Mahjong Night: Seihai Sensou, Fate/Gudaguda Order, Fate/strange Fake (Light Novel), Fate/stay night: Garden of Avalon (Light Novel), Fate/Labyrinth (Light Novel), Fate/Apocrypha, Today's Menu for Emiya Family, Fate/Ixtella","Fate/Kaleid Liner Prisma Illya (New), Fate/stay night, Fate/stay night: TV reproduction, Fate/stay night: Unlimited Blade Works Movie, Fate/Zero, Fate/Prototype, Fate/Zero: Onegai! Einzbern Soudanshitsu, Fate/Zero 2, Fate/Kaleid Liner Prisma Illya, Fate/Kaleid Liner Prisma Illya Specials, Fate/Kaleid Liner Prisma Illya 2wei! First Bra - Illya-hen, Fate/Kaleid Liner Prisma Illya: Undoukai de Dance!, Fate/stay night: Unlimited Blade Works, Fate/Kaleid Liner Prisma Illya 2wei! OVA, Fate/stay night: Unlimited Blade Works 2 - Sunny Day, Fate/stay night: Unlimited Blade Works 2, Fate/kaleid Liner Prisma Illya 2wei Herz!, Fate/kaleid Liner Prisma Illya 2wei Herz! Specials, Fate/Kaleid Liner Prisma Illya 3rei!!, Fate/Kaleid Liner Prisma Illya 3rei!! Special, Fate/Kaleid Liner Prisma Illya Movie: Vow in the Snow, Fate/stay night: Heaven's Feel I. presage flower, Fate/Kaleid Liner Prisma Illya: Prisma Phantasm, Fate/Kaleid Liner Prisma Illya Movie 2: Licht Nameless Girl","Chloe Von Einzbern : Chiwa Saitou, Illyasviel Von Einzbern : Mai Kadowaki, Miyu Edelfelt : Kaori Nazuka, Bazett Fraga Mcremitz : Hitomi Nabatame, Luviagelita Edelfelt : Shizuka Itou, Magical Ruby : Naoko Takano, Magical Sapphire : Miyu Matsuki, Rin Tohsaka : Kana Ueda, Hiroshi Hiroyama
Original Creator, Shin Oonuma
Chief Director, Masato Jinbou
Director, Tatsuya Katou
Music, Nozomi Ushijima
Character Design, Ai Matsuki
Producer, Junichirou Tamura
Producer","Hiroshi Hiroyama : Original Creator, Shin Oonuma : Chief Director, Masato Jinbou : Director, Tatsuya Katou : Music, Nozomi Ushijima : Character Design, Ai Matsuki : Producer, Junichirou Tamura : Producer"
Gatchaman Crowds: Embrace,,DVD S,,Tatsunoko Production,,"Action, Aliens, Social Media, Original Work",3.66,2014.0,,'No synopsis yet - check back soon!',,,"Gatchaman Crowds, Gatchaman Crowds Insight","Hajime Ichinose : Maaya Uchida, Berg Katze : Mamoru Miyano, J.J. Robinson : Katsuji Mori, Jou Hibiki : Daisuke Namikawa, O.D. : Daisuke Hosomi, Rui Ninomiya : Ayumu Murase, Sugane Tachibana : Ryouta Oosaka, Utsutsu : Kotori Koiwai, Kenji Nakamura
Director, Taku Iwasaki
Music, Yuuichi Takahashi
Character Design","Kenji Nakamura : Director, Taku Iwasaki : Music, Yuuichi Takahashi : Character Design"
Steins;Gate: Soumei Eichi no Cognitive Computing,,Web  ,4.0,WHITE FOX,,"Short Episodes, Based on a Visual Novel",3.66,2014.0,,'No synopsis yet - check back soon!',,"Steins;Gate, Steins;Gate: Boukan no Rebellion, Steins;Gate: Onshuu no Brownian Motion, Magi-Cu 4-koma: Steins;Gate - Sekaisen Hendouritsu x. 091015%, Steins;Gate: Youen no Valhalla (Light Novel), Steins;Gate: Enkan Rensa no Ouroboros (Light Novel), Steins;Gate: Hiyoku Renri no Sweets Honey, Steins;Gate: Shijou Saikyou no Slight Fever, Steins;Gate!, Steins;Gate: Chouyoku no Divergence - Reverse (Light Novel), Steins;Gate: Aishin Meizu no Babel, Steins;Gate: Heni Kuukan no Octet, Steins;Gate: Hiyoku Renri no Future Honey, Steins;Gate: Heiji Kyokusen no Epigraph (Novel), Steins;Gate: Heiji Kyokusen no Epigraph, Steins;Gate: Eigoukaiki no Pandora, Steins;Gate 0 Dengeki Comic Anthology","Steins;Gate, Steins;Gate: Egoistic Poriomania, Steins;Gate Movie: Load Region of Deja Vu, Steins;Gate: Kyoukaimenjou no Missing Link - Divide By Zero, Steins;Gate 0","Itaru Hashida : Tomokazu Seki, Kurisu Makise : Asami Imai, Mayuri Shiina : Kana Hanazawa, Rintaro Okabe : Mamoru Miyano, Upa Cognitive Computing System : Ayano Yamamoto, Faris Nyannyan, Nae Tennouji : Ayano Yamamoto, Ruka Urushibara, Chiyomaru Shikura
Original Creator, Kenichirou Murakawa
Director, Kyuuta Sakai
Character Design, Tomoyuki Shiokawa
Photography Director","Chiyomaru Shikura : Original Creator, Kenichirou Murakawa : Director, Kyuuta Sakai : Character Design, Tomoyuki Shiokawa : Photography Director"
Cross Ange: Rondo of Angels and Dragons, Cross Ange: Tenshi to Ryuu no Rondo,TV   ,25.0,Sunrise,Fall ,"Action, Ecchi, Fantasy, Mecha, Dragons, Dystopia, Magic, Prison, Rebellions, Original Work, Explicit Sex,, Mature Themes,, Physical Abuse,, Sexual Abuse,, Violence",3.66,2014.0,2015.0,"'Angelise is the first princess of the Empire of Misurugi. She is the celebrated ruler of the Empire until one day she finds out the shocking truth that she is a “Norma” – an irregular being who cannot use “Mana”, and are treated as ""things"" rather than people. Having her name taken from her, Ange isolates herself on a remote island. There, she finds a group of Norma women who spend their days hunting dragons that have come to invade.'","Explicit Sex,, Mature Themes,, Physical Abuse,, Sexual Abuse,, Violence","Cross Ange: Rondo of Angels and Dragons, Cross Ange: Tenshi to Ryuu no Gakuen",,"Angelise Ikaruga Misurugi : Nana Mizuki, Chris : Yui Ogura, Embryo : Toshihiko Seki, Emma Bronson : Yukana, Ersha : Ami Koshimizu, Hildegard Schlievogt : Yukari Tamura, Jasmine : Sakiko Tamagawa, Jill : Takako Honda, Yoshiharu Ashino
Director, Akiko Shikata
Music, Sayaka Ono
Character Design, Yuuji Yanase
Episode Director, Mayori Sekijima
Screenplay","Yoshiharu Ashino : Director, Akiko Shikata : Music, Sayaka Ono : Character Design, Yuuji Yanase : Episode Director, Mayori Sekijima : Screenplay"
Detective Conan: The Fugitive Kogorou Mouri,,Web  ,1.0,TMS Entertainment,,"Mystery, Shounen, Police, Based on a Manga",3.66,2014.0,,'No synopsis yet - check back soon!',,,"Detective Conan, Detective Conan Movie 24: The Scarlet Bullet","Kogoro Mori : Rikiya Koyama, Conan Edogawa : Minami Takayama, Hiroshi Agasa : Kenichi Ogata, Ai Haibara : Megumi Hayashibara, Ayumi Yoshida : Yukiko Iwai, Azusa Enomoto : Mikiko Enomoto, Eri Kisaki : Gara Takashima, Genta Kojima : Wataru Takagi",
Sabagebu! Survival Game Club, Sabagebu!,TV   ,12.0,St. Signpost,Summer,"Comedy, Shoujo, Breaking the Fourth Wall, Gag, Guns, School Club, School Life, Slapstick, Based on a Manga",3.66,2014.0,,"'Momoko\'s family moves a lot, so she\'s always ""that new girl"" and the schools she\'s attended have all blurred together. Until her first day at Aogiri High, that is, where she\'s rescued by an armed vigilante, assaulted by a platypus and coerced into joining a secret organization of gun-toting female commandos. Okay, maybe that last one is really just the school\'s survival club, but the platypus is real and so are the extremes that club president Miou is willing to execute to recruit Momoko. Can uber-jaded Momoko\'s body armor-clad heart resist the charms of a girl who\'s all too ready to whip out her twin Desert Eagles in defense of another girl\'s virtue? Especially when it turns out that Momoko has her own talent for air pistols and senseless violence?'",,Sabagebu!,Sabagebu! Survival Game Club Specials,"Kayo Goutokuji : Nao Touyama, Maya Kyoudou : Lynn, Miou Ootori : Yumi Uchiyama, Momoka Sonokawa : Ayaka Oohashi, Urara Kasugano : Rumi Ookubo, Ena Sakura : Yui Horie, Fried Chicken Lemon : Sota Arai, Kamo, Hidekichi Matsumoto
Original Creator, Masahiko Oota
Director, Yasuhiro Misawa
Music, Masashi Kudou
Character Design, Masato Takami
Producer, Atsushi Aitani
Producer, Yuuko Kato
Producer, Youhei Kisara
Producer","Hidekichi Matsumoto : Original Creator, Masahiko Oota : Director, Yasuhiro Misawa : Music, Masashi Kudou : Character Design, Masato Takami : Producer, Atsushi Aitani : Producer, Yuuko Kato : Producer, Youhei Kisara : Producer"
Is the Order a Rabbit?, Gochuumon wa Usagi desu ka?,TV   ,12.0,WHITE FOX,Spring,"Comedy, Seinen, Slice of Life, Cafe, Coworkers, Iyashikei, Rabbits, Work Life, Based on a 4-Koma Manga, Based on a Manga",3.65,2014.0,,"'Cocoa arrives in a new town in spring to start high school. She gets lost and pops into a coffee shop called ""Rabbit House"", which turns out to be where she will live. All the characters are so cute - tiny but cool Chino, soldierly Lize, gentle and Japanese Chiyo, sophisticated but down-to-earth Sharo. They are joined by Chino\'s class mates Maya and Megu, and a regular at the shop, Mr. Blue-Mountain Aoyama. Everything is so cute every day at Rabbit House!'",,"Is the Order a Rabbit?, Is the Order a Rabbit? Anthology Comic","Is the Order a Rabbit?? Season 2, Is the Order a Rabbit?? ~Dear My Sister~, Is the Order a Rabbit?? ~Sing For You~, Is the Order a Rabbit? Bloom","Chino Kafuu : Inori Minase, Chiya Ujimatsu : Satomi Satou, Cocoa Hoto : Ayane Sakura, Rize Tedeza : Risa Taneda, Sharo Kirima : Maaya Uchida, Blue Mountain Aoyama : Saori Hayami, Maya Jouga : Sora Tokui, Megumi Natsu : Rie Murakawa, Koi
Original Creator, Hiroyuki Hashimoto
Director, Yousuke Okuda
Character Design, Hiroyuki Kobayashi
Producer, Gaku Iwasa
Producer, Yoshio Usuda
Animation Director","Koi : Original Creator, Hiroyuki Hashimoto : Director, Yousuke Okuda : Character Design, Hiroyuki Kobayashi : Producer, Gaku Iwasa : Producer, Yoshio Usuda : Animation Director"
Harmonie,,Movie,,Studio Rikka,,"Drama, Anime Tamago, Psychological, School Life, Shorts, Supernatural, Original Work",3.65,2014.0,,"""Every person has his or her own little world. Among the 34 bustling students of classroom 2-1, there are many such worlds.\xa0Akio Honjō's world —\xa0my world — is filled with passionate talk about last night's anime with Yoshida, Watanabe, and other friends. It's a fun, comfortable place…. But, I always wonder. Wonder about the world of Juri Makina, smiling and surrounded by gorgeous friends on the other side of the classroom.\xa0One day, I enter her world. But it's not as simple as it sounds.""",,,,"Akio Honjou : Yoshitsugu Matsuoka, Juri Makina : Reina Ueda, Gotou : Makoto Furukawa, Juri'S Friend : You Taichi, Mayumi : Manami Numakura, Watanabe : Ryou Iwasaki, Yoshida : Kenta Matsumoto, Girl In Glasses : Mariko Higashiuchi, Yasuhiro Yoshiura
Director, Ryousuke Inagaki
Producer","Yasuhiro Yoshiura : Director, Ryousuke Inagaki : Producer"
Encouragement of Climb 2, Yama no Susume 2,TV   ,24.0,8-Bit,Summer,"Adventure, Seinen, Slice of Life, Iyashikei, Mountain Climbing, The Great Outdoors, Based on a Manga",3.65,2014.0,,"'Aoi continues to challenge higher and more difficult mountains (and volcanoes), helped and accompanied by childhood friend Hinata, upperclassman Kaede, and middle-schooler Kokona. Along the way, they discover the wonder and enjoyment that mountain-climbing can bring, despite the frequent hardship.'",,"Encouragement of Climb, Encouragement of Climb. Comic Anthology","Encouragement of Climb, Encouragement of Climb 2 Specials, Encouragement of Climb: Omoide Present, Encouragement of Climb 3, Encouragement of Climb: Next Summit","Aoi Yukimura : Yuka Iguchi, Hinata Kuraue : Kana Asumi, Kaede Saitou : Youko Hikasa, Kokona Aoba : Yui Ogura, Honoka Kurosaki : Nao Touyama, Aoi'S Father : Fuminori Komatsu, Arai : Yoku Shioya, Hikari Onozuka : Yuko Gibu, Siro
Original Creator, Yuusuke Yamamoto
Director, Yamazo
Music, [Email Protected]
Music, Yuusuke Matsuo
Character Design, Hiroaki Tsunoda
Producer, Hiroshi Gotou
Producer, Yasuhiro Nakajima
Producer","Siro : Original Creator, Yuusuke Yamamoto : Director, Yamazo : Music, [Email Protected] : Music, Yuusuke Matsuo : Character Design, Hiroaki Tsunoda : Producer, Hiroshi Gotou : Producer, Yasuhiro Nakajima : Producer"
Sore Ike! Anpanman: Ringo Bouya to Minna no Negai,,Movie,,TMS Entertainment,,"Anthropomorphic, Family Friendly, Food Protagonists, Non-Human Protagonists",3.65,2014.0,,'No synopsis yet - check back soon!',,,"Sore Ike! Anpanman, Sore Ike! Anpanman: Tanoshikute Asobi Mama ni Natta Kokin-chan!?","Anpanman : Keiko Toda, Ringo Boya : Mao Inoue, Baikinman : Ryuusei Nakao, Batako-San : Rei Sakuma, Cheese : Kouichi Yamadera, Creampanda : Miki Nagasawa, Currypanman : Michiyo Yanagisawa, Dokin-Chan : Hiromi Tsuru, Takashi Yanase
Original Creator, Jun Kawagoe
Director, Taku Izumi
Music, Hiroaki Kondo
Music","Takashi Yanase : Original Creator, Jun Kawagoe : Director, Taku Izumi : Music, Hiroaki Kondo : Music"
Yuuki Yuuna is a Hero, Yuuki Yuuna wa Yuusha de Aru,TV   ,12.0,Studio Gokumi,Fall ,"Action, Drama, Fantasy, Magical Girl, Slice of Life, Animeism, Disability, Henshin Heroes, Magic, Melancholy, Original Work",3.65,2014.0,,"'Yuuna Yuuki is an ordinary second-year middle school student. She gets up in the morning, gets ready for school, goes to classes, participates in club activities, and has fun with her friends. But there is one extraordinary thing about Yuki -- she belongs to the “Brave Hero Club.” What does the Brave Hero Club do? Who is the mysterious being called “Vertex?” Yuuki Yuuna and her friends’ story takes place in Year 300, Era of the Gods.'",,"Yuuki Yuuna wa Yuushabu Shozoku, Yuuki Yuuna wa Yuusha de Aru, Washio Sumi wa Yuusha de Aru, Washio Sumi wa Yuusha de Aru (Light Novel), Yuuki Yuuna is a Hero: Sonogo no Sonoko (Light Novel), Nogi Wakaba wa Yuusha de Aru (Light Novel), Nogi Wakaba wa Yuusha de Aru, Washio Sumi wa Yuusha de Aru Gaiden: Yuusha Koushinkyoku, Yuuki Yuuna is a Hero: Washio Sumi no Shou, Kusunoki Mebuki wa Yuusha de Aru (Light Novel)","Yuuki Yuuna is a Hero: Baton of Courage, Yuuki Yuuna wa Yuushabu Shozoku, Yuuki Yuuna is a Hero: The Washio Sumi Chapter, Yuuki Yuuna is a Hero: A Sunny Place, Yuuki Yuuna is a Hero: The Hero Chapter, Yuuki Yuuna wa Yuusha de Aru Churutto!, Yuuki Yuuna is a Hero: The Great Mankai Chapter","Fuu Inubozaki : Yumi Uchiyama, Itsuki Inubozaki : Tomoyo Kurosawa, Karin Miyoshi : Juri Nagatsuma, Mimori Togo : Suzuko Mimori, Yuuna Yuuki : Haruka Terui, Aobozu, Gyobudanuki, Gyuki, Seiji Kishi
Director, Keiichi Okabe
Music, Takahiro Sakai
Character Design, Toshihiro Maeda
Producer, Tetsuya Kinoshita
Producer, Jun Fukuda
Producer, Youhei Hayashi
Producer, Hirokazu Hara
Producer","Seiji Kishi : Director, Keiichi Okabe : Music, Takahiro Sakai : Character Design, Toshihiro Maeda : Producer, Tetsuya Kinoshita : Producer, Jun Fukuda : Producer, Youhei Hayashi : Producer, Hirokazu Hara : Producer"
Buddha 2: Tezuka Osamu no Buddha: Owarinaki Tabi,,Movie,,Toei Animation,,"Adventure, Drama, Shounen, Biographies, Buddhism, Childcare, Historical, India, Psychic Powers, Religion, Royalty, Superpowers, Based on a Manga, Mature Themes,, Physical Abuse,, Violence",3.64,2014.0,,'No synopsis yet - check back soon!',"Mature Themes,, Physical Abuse,, Violence",Buddha,Tezuka Osamu no Buddha: Akai Sabaku yo! Utsukushiku,"Siddhartha Gautama : Hidetaka Yoshioka, Dhepa : Keiji Fujiwara, Prince Virudhaka, Sharaku : Miyuki Sawashiro, Yatala : Ryuzaburo Otomo, Assaji'S Father, Assaji'S Mother, Bimbisara, Osamu Tezuka
Original Creator, Toshiaki Komura
Director, Michiru Ooshima
Music","Osamu Tezuka : Original Creator, Toshiaki Komura : Director, Michiru Ooshima : Music"
Youkai Watch Movie 1: Tanjou no Himitsu da Nyan!, Youkai Watch: The Movie,Movie,,OLM,,"Adventure, Family Friendly, Japanese Mythology, Person in a Strange World, Supernatural, Time Travel, Youkai, Based on a Video Game",3.64,2014.0,,"""Jibanyan, Whisper, and Keita meet a heroic Youkai named Hovernyan, and must travel back in time to team up with Nate's adolescent grandfather to stop an evil Youkai from taking over the world! Can they discover the secret origin of the Youkai Watch and save humanity before time runs out!?""",,"Youkai Watch, Youkai Watch: Wakuwaku Nyanderful Days, 4-koma Youkai Watch: Geragera Manga Gekijou, Youkai Watch Busters, Youkai Watch Movie Shadow Side: Revival Of The Demon Lord","Youkai Watch, Youkai Watch Movie 2: Enma Daiou to Itsutsu no Monogatari Da Nyan!, Youkai Watch Movie 3: Sora Tobu Kujira to Double no Sekai no Daibouken da Nyan!, Youkai Watch Movie 4: Shadowside - Oni-ou no Fukkatsu, Youkai Watch: Shadow Side, Youkai Watch Movie 5: Forever Friends, Youkai Watch!","Fuyunyan, Jibanyan : Etsuko Kozakura, Keita Amano : Marcos Abadi, Keizou, Whisper, Yukippe, Shinji Ushiro
Director, Shigeharu Takahashi
Director, Kenichirou Saigou
Music, Masami Suda
Character Design, Toshiya Yamada
Character Design, Shunya Yamada
Character Design","Shinji Ushiro : Director, Shigeharu Takahashi : Director, Kenichirou Saigou : Music, Masami Suda : Character Design, Toshiya Yamada : Character Design, Shunya Yamada : Character Design"
Infinite Stratos: World Purge-hen,,OVA  ,1.0,8-Bit,,"Action, Comedy, Ecchi, Harem, Mecha, Sci Fi, Boarding School, Power Suits, Virtual Reality, Based on a Light Novel",3.63,2014.0,,'No synopsis yet - check back soon!',,"Infinite Stratos, IS! (Takuto KON), Infinite Stratos: Black Bunny/White Bitter","Infinite Stratos, Infinite Stratos Encore: A Sextet Yearns to Be in Love, Infinite Stratos 2, Infinite Stratos 2: One's Summer Memories, Infinite Stratos 2: Infinite Wedding","Cecilia Alcott : Yukana, Charles Dunois : Kana Hanazawa, Houki Shinonono : Youko Hikasa, Ichika Orimura : Kouki Uchiyama, Kanzashi Sarashiki : Suzuko Mimori, Laura Bodewig : Marina Inoue, Lingyin Huang : Asami Shimoda, Chifuyu Orimura : Megumi Toyoguchi, Yasuhito Kikuchi
Director, Shin Tosaka
Director, Masumi Itou
Music, Kumi Horii
Character Design, Eiji Inomoto
Cg Director, Yuuka Sakurai
Producer, Gou Tanaka
Producer, Masatoshi Ishizuka
Producer","Yasuhito Kikuchi : Director, Shin Tosaka : Director, Masumi Itou : Music, Kumi Horii : Character Design, Eiji Inomoto : Cg Director, Yuuka Sakurai : Producer, Gou Tanaka : Producer, Masatoshi Ishizuka : Producer"
Aikatsu! 3,,TV   ,51.0,BN Pictures,Fall ,"Idols, Music, Music School, School Life, Showbiz, Based on a Card Game",3.63,2014.0,2015.0,'Third season of Aikatsu!',,"Aikatsu! Secret Story, Aikatsu! Manga & Mangaka Atsudou!","Aikatsu!, Aikatsu! 2, Aikatsu! Dai Starmiya Ichigo Matsuri Zenyasai!!, Aikatsu! The Movie, Aikatsu! Music Award: Minna de Shou wo Moracchaima SHOW!, Aikatsu! 4, Aikatsu Stars! The Movie, Aikatsu! Nerawareta Mahou no Aikatsu Card","Akari Oozora : Shino Shimoji, Hinaki Shinjo : Yui Ishikawa, Sumire Hikami : Mona Tomoyama, Aoi Kiriya : Azusa Tadokoro, Ichigo Hoshimiya : Sumire Morohoshi, Johnny Bepp : Makoto Yasumura, Juri Kurebayashi : Aya Saitou, Kaede Ichinose : Yuuna Mimura, Ryuichi Kimura
Director, Monaca
Music, Hiroko Yaguchi
Character Design, Yousuke Imai
Producer, Nobuyuki Hosoya
Producer, Takanori Itou
Producer","Ryuichi Kimura : Director, Monaca : Music, Hiroko Yaguchi : Character Design, Yousuke Imai : Producer, Nobuyuki Hosoya : Producer, Takanori Itou : Producer"
Invaders of the Rokujyouma!?, Rokujyoma no Shinryakusha!?,TV   ,12.0,SILVER LINK.,Summer,"Comedy, Harem, Boarding House, Neighbors, School Life, Supernatural, Based on a Light Novel",3.63,2014.0,,"'Koutarou Satomi is a needy student who started living away from home at the start of high school. he finds a bargain accommodation - only 5,000 yen for a six-tatami mat room. But the room, ""Korona-So room 106,"" is targeted! For various reasons, adorable invaders descend upon Koutarou one after another as soon as he moves in. Each with their own ulterior motives, the battle commences between Kotaro and the girls in a tiny six-tatami mat room.'",,"Invaders of the Rokujouma!? (Light Novel), Invaders of the Rokujouma!? The Silver Princess and the Blue Knight (Light Novel), Invaders of the Rokujouma!?",Invaders of the Rokujyoma!? PV,"Kiriha Kurano : Masumi Tazawa, Koutarou Satomi : Yuuichi Nakamura, Sanae Higashihongan : Eri Suzuki, Theiamillis Gre Fortorthe : Maria Naganawa, Yurika Nijino : Nichika Omori, Harumi Sakuraba : Megumi Takamoto, Kenji Matsudaira : Tatsuhisa Suzuki, Ruthkhania Nye Pardomshiha : Saori Hayami, Jin Tamamura
Director, Shin Oonuma
Director & Op Director & Storyboard, Ryousuke Nakanishi
Music, Hideki Furukawa
Character Design, Masaaki Yokota
Producer, Hayato Kaneko
Producer, Shinsuke Ishikawa
Key Animator","Jin Tamamura : Director, Shin Oonuma : Director & Op Director & Storyboard, Ryousuke Nakanishi : Music, Hideki Furukawa : Character Design, Masaaki Yokota : Producer, Hayato Kaneko : Producer, Shinsuke Ishikawa : Key Animator"
Crayon Shin-chan Movie 22: Gachinko! Gyakushuu no Robo To-chan,,Movie,,Shin-Ei Animation,,"Comedy, Crude",3.63,2014.0,,'No synopsis yet - check back soon!',,"Crayon Shin-chan, Shin Crayon Shin-chan, Crayon Shin-chan Shin-Men, Crayon Shin-chan: Gachinko! Gyakushuu no Robot-chan","Crayon Shin-chan, Crayon Shin-chan Movie 1: Action Kamen vs Haigure Maou, Crayon Shin-chan Movie 2: Buriburi Oukoku no Hihou, Crayon Shin-chan Movie 3: Unkokusai no Yabou, Crayon Shin-chan Movie 4: Henderland no Daibouken, Crayon Shin-chan Movie 5: Ankoku Tamatama Daitsuiseki, Crayon Shin-chan Movie 6: Dengeki! Buta no Hizume Daisakusen, Crayon Shin-chan Movie 7: Bakuhatsu! Onsen Wakuwaku Daikessen, Crayon Shin-chan Movie 8: Arashi wo Yobu Jungle, Crayon Shin-chan Movie 9: The Adult Empire Strikes Back, Crayon Shin-chan Movie 10: Arashi wo Yobu Appare! Sengoku Daikassen, Crayon Shin-chan Movie 11: Arashi wo Yobu Eikou no Yakiniku Road, Crayon Shin-chan Movie 12: Arashi wo Yobu! Yuuhi no Kasukabe Boys, Crayon Shin-chan Movie 13: Densetsu wo Yobu Buriburi 3 Pun Dai Shingeki, Crayon Shin-chan Movie 14: Densetsu wo Yobu Odore! Amigo!, Crayon Shin-chan Movie 15: Arashi wo Yobu Utau Ketsu dake Bakudan!, Crayon Shin-chan Movie 16: Chou Arashi wo Yobu Kinpoko no Yuusha, Crayon Shin-chan Movie 17: Otakebe! Kasukabe Yasei Oukoku, Crayon Shin-chan Movie 18: Chou Jikuu! Arashi wo Yobu Ora no Hanayome, Crayon Shin-chan Movie 19: Arashi wo Yobu Ougon no Spy Daisakusen, Crayon Shin-chan Movie 20: Arashi o Yobu! Ora to Uchuu no Princess, Crayon Shin-chan Movie 21: Bakauma! B-Kyuu Gourmet Survival Battle!!, Crayon Shin-chan Movie 23: Ora no Hikkoshi Monogatari - Saboten Dai Shuugeki, Crayon Shin-chan Movie 24: Bakusui! Yumemi World Dai Totsugeki, Crayon Shin-chan Movie 25: Shurai! Uchujin Shiriri, Crayon Shin-chan Movie 26: Bakumori! Kung-Fu Boys - Ramen Tairan, Crayon Shin-chan Movie 27: Shinkon Ryokou Hurricane - Ushinawareta Hiroshi, Crayon Shin-chan Movie 28: Gekitotsu! Rakuga Kingdom to Hobo Yonin no Yuusha, Crayon Shin-chan Movie 29: Nazo Meki! Hana no Tenkasu Gakuen","Hiroshi Nohara : Keiji Fujiwara, Misae Nohara : Miki Narahashi, Shinnosuke Nohara : Akiko Yajima, Yoshito Usui
Original Creator, Wataru Takahashi
Director, Shinji Miyazaki
Music, Toshiyuki Arakawa
Music, Katsunori Hara
Character Design, Rika Tsuruzaki
Producer","Yoshito Usui : Original Creator, Wataru Takahashi : Director, Shinji Miyazaki : Music, Toshiyuki Arakawa : Music, Katsunori Hara : Character Design, Rika Tsuruzaki : Producer"
Cardfight!! Vanguard Movie: Neon Messiah,,Movie,,LIDEN FILMS,,"Fantasy, Card Battles, Family Friendly, Based on a Card Game",3.63,2014.0,,'No synopsis yet - check back soon!',,"Cardfight!! Vanguard, Mini Vanguard, Bermuda Triangle: Karen on Stage♪, Another Vanguard: Seidou no Asuka",Cardfight!! Vanguard: Legion Mate,"Aichi Sendou : Tsubasa Yonaga, Kouji Ibuki : Mamoru Miyano, Toshiki Kai : Takuya Satou, Ali Pajeel : Keiko Nemoto, Asaka Narumi : Hitomi Nabatame, Christopher Lo : Sayuri Yahagi, Eiji Saga : Kumiko Higa, Emi Sendou : Atsuko Enomoto, Shin Itagaki
Director, Yuuki Morimoto
Character Design, Yoshikazu Iwanami
Sound Director, Mayori Sekijima
Screenplay","Shin Itagaki : Director, Yuuki Morimoto : Character Design, Yoshikazu Iwanami : Sound Director, Mayori Sekijima : Screenplay"
Pretty Guardian Sailor Moon Crystal,"Alt titles: Bishoujo Senshi Sailor Moon (2014), Bishoujo Senshi Sailor Moon Crystal",Web  ,26.0,Toei Animation,Summer,"Action, Fantasy, Magical Girl, Romance, Shoujo, Contemporary Fantasy, Elemental Powers, Fated Lovers, Henshin Heroes, Magic, Reincarnation, Sentai, Tokusatsu, Urban Fantasy, Based on a Manga",3.62,2014.0,2015.0,"'Usagi Tsukino is a second-year middle school girl who is a little clumsy and a crybaby, but she is full of energy. One day, she meets Luna, a black cat with a crescent moon on her forehead, and she transforms into Sailor\xa0Moon, a sailor-uniformed pretty guardian of love and justice! As a chosen guardian of justice, Usagi seems to have a mission to find the Illusionary Silver Crystal with the other guardians and to protect the princess. Meanwhile, the queen of the Dark Kingdom, Queen Beryl, also sends minions to the town where Usagi lives to obtain the Illusionary Silver Crystal, which has immense power. This causes strange events to unfold… Can Sailor\xa0Moon really find the Illusionary Silver Crystal with the other Sailor guardians, and protect the princess…!?'",,"Codename: Sailor V, Sailor Moon, Pretty Guardian Sailor Moon: Short Stories","Sailor Moon, Sailor Moon R, Sailor Moon R: The Movie, Sailor Moon R Make Up! Sailor Guardians, Sailor Moon S, Sailor Moon S: The Movie, Sailor Moon Super S, Sailor Moon Super S Special, Sailor Moon Super S: The Movie, Sailor Moon Super S Plus - Ami's First Love, Sailor Moon Sailor Stars, Sailor Moon Sailor Stars: Hero Club, Sailor Moon R Memorial, Sailor Moon Memorial, Sailor Moon S Memorial, Sailor Moon Super S Memorial, Sailor Moon Sailor Stars Memorial, Momoiro Clover Z: Moon Pride, Pretty Guardian Sailor Moon Crystal (2016), Pretty Guardian Sailor Moon Eternal Movie 1","Ami Mizuno : Hisako Kanemoto, Artemis : Youhei Oobayashi, Chibi-Usa : Misato Fukuen, Luna : Ryou Hirohashi, Makoto Kino : Ami Koshimizu, Mamoru Chiba : Kenji Nojima, Minako Aino : Shizuka Itou, Rei Hino : Rina Satou, Naoko Takeuchi
Original Creator, Munehisa Sakai
Director, Yasuharu Takanashi
Music, Yukie Sakou
Character Design, Takeo Ogiwara
Photography Director, Yasuhiro Katou
Cg Director, Junichirou Tsuchiya
Producer","Naoko Takeuchi : Original Creator, Munehisa Sakai : Director, Yasuharu Takanashi : Music, Yukie Sakou : Character Design, Takeo Ogiwara : Photography Director, Yasuhiro Katou : Cg Director, Junichirou Tsuchiya : Producer"
Kill la Kill Digest: Naked Memories by Aikuro Mikisugi,,DVD S,,TRIGGER,,"Action, Comedy, Sci Fi, Aliens, Conspiracy, Rebellions, Recap, Superpowers, Swordplay",3.62,2014.0,,'No synopsis yet - check back soon!',,,Kill La Kill,"Mako Mankanshoku, Rei Hououmaru, Ryuuko Matoi, Satsuki Kiryuuin, Aikuro Mikisugi, Barazu Mankanshoku, Houka Inumuta, Ira Gamagoori",
Ryoutei no Aji,,Other,,Studio Colorido,,"Drama, Commercials, Family Life, Food and Beverage, Promotional, Short Episodes",3.62,2014.0,,'No synopsis yet - check back soon!',,,,,
Appleseed Alpha,,Movie,,Sola Digital Arts,,"Action, Sci Fi, Seinen, America, Cyberpunk, Cyborgs, Guns, Mercenaries, Based on a Manga, CG Animation",3.62,2014.0,,"""Left to survive in a post-World War society, two mercenary soldiers - Deunan and her cyborg partner Briareos - are sent on a mission on the outskirts of their war-torn city. During the operation, they run into Iris and Olson, two citizens from the utopian city of Olympus who might have a way to save the world, but the ruthless Talos and the scheming warlord Two Horns have their own plans. It's up to Deunan and Briareos to safeguard their newfound contacts and help save humanity's last hope.""",,"Appleseed, Appleseed XIII, Appleseed Alpha","Appleseed, Appleseed Movie, Appleseed: Ex Machina, Appleseed XIII Movie 1: Tartaros, Appleseed XIII Movie 2: Ouranos, Appleseed XIII","Briareos Hecatonchires : Junichi Suwabe, Deunan Knute : Yuka Komatsu, Iris : Aoi Yuuki, Nyx : Kaori Nazuka, Olsen : Hiroki Takahashi, Talos : Hiroki Touchi, Two Horns : Tesshou Genda, Hitomi : Brina Palencia, Masamune Shirow
Original Creator, Shinji Aramaki
Director, Tetsuya Takahashi
Music, Masaki Yamada
Character Design","Masamune Shirow : Original Creator, Shinji Aramaki : Director, Tetsuya Takahashi : Music, Masaki Yamada : Character Design"
Nanana's Buried Treasure, Ryuugajou Nanana no Maizoukin,TV   ,11.0,A-1 Pictures,Spring,"Adventure, Comedy, Drama, Mystery, Detectives, Ghosts, Island, noitaminA, Supernatural, Based on a Light Novel",3.62,2014.0,,"""Disowned by his father, Juugo Yama has run away from home to the island of Nanae. He begins to live by himself, only to discover his room is haunted by the ghost of Nanana Ryugajo. She was murdered ten years ago, and her killer must be found before she can rest in peace. Before her death, Nanana collected things from all over the world and hid them throughout the island. Using the mysterious powers of these hidden items, they should be able to find the culprit. As Juugo begins his hunt for her collection, however, he discovers he's not the only person searching.""",,"Ryuugajou Nanana no Maizoukin, Ryuugajou Nanana no Maizoukin (Light Novel), Ryuugajou Nanana no Maizoukin: The Animation, Ryuugajou Nanana no Maizoukin (Modomu AKAGAWARA), Ikkyuu Tensai no Kiwamete Fuhoni na Meisuiri (Light Novel), Ryuugajou Nanana no Maizoukin Bangai-hen (Light Novel)","Nanana's Buried Treasure PV, Nanana's Buried Treasure Specials","Juugo Yama : Yuuki Ono, Nanana Ryuugajou : Rui Tanabe, Daruku Hoshino : Kana Hanazawa, Hiiyo Ikusaba : Tomokazu Sugita, Isshin Yuiga : Kazuyuki Okitsu, Kagetora Tsurezure : Kohsuke Toriumi, Shiki Maboro : Yumi Uchiyama, Shuu Todomatsu : Kohsuke Toriumi, Kanta Kamei
Director, Monaca
Music, Keigo Hoashi
Music, Tetsuya Kawakami
Character Design, Kazuko Nakashima
Color Design, Akitoshi Mori
Producer, Shinichirou Kashiwada
Producer, Daisuke Masaki
Producer","Kanta Kamei : Director, Monaca : Music, Keigo Hoashi : Music, Tetsuya Kawakami : Character Design, Kazuko Nakashima : Color Design, Akitoshi Mori : Producer, Shinichirou Kashiwada : Producer, Daisuke Masaki : Producer"
"Love, Chunibyo, & Other Delusions! Rikka Version Lite: My Brother 2", Takanashi Rikka Kai: Chuunibyou Demo Koi ga Shitai! Lite: Watashi no Onii-chan 2,DVD S,,Kyoto Animation,,"Comedy, Based on a Light Novel",3.62,2014.0,,'No synopsis yet - check back soon!',,"Love, Chunibyo & Other Delusions (Light Novel)","Love, Chunibyo, & Other Delusions! Rikka Version","Kuzuha Togashi : Kaori Fukuhara, Yuuta Togashi : Jun Fukuyama, Mika : Yuka Ootsubo, Yuuta'S Mother : Yuri Amano, Tatsuya Ishihara
Director",Tatsuya Ishihara : Director
Z-Kai: Cross Road,,Other,,CoMix Wave Films,,"Promotional, School Life, Shorts",3.62,2014.0,,"""The story \xa0centers on high school students Miho and Shota as they prepare for tests. Miho comes from an island without even one cram school, while Shota lives in Tokyo and works a part-time job. Both are striving to pass tests so they can enter college. The pair enroll in Z-Kai's correspondence education courses, and their lives cross before they realize it.""",,,,"Miho : Ayane Sakura, Shota : Kensho Ono, Instructor : Masahiko Tanaka, Makoto Shinkai
Director, Masayoshi Tanaka
Character Design","Makoto Shinkai : Director, Masayoshi Tanaka : Character Design"
Hanayamata,,TV   ,12.0,MADHOUSE,Summer,"Comedy, Drama, Seinen, All-Girls School, Dancing, Iyashikei, School Club, School Life, Based on a Manga",3.62,2014.0,,"'Naru is a high school girl who is average in every way. She loves fairy tale heroines, though she’s never had the courage to escape her ordinary life. One day, she sees Hannah, a transfer student, dancing in the moonlit and becomes inspired to learn Yosakoi dancing.'",,Hanayamata,,"Hana N. Fountainstand : Minami Tanaka, Naru Sekiya : Reina Ueda, Tami Nishimikado : Yuka Ootsubo, Yaya Sasame : Kaya Okuno, Arisa Kajiwara : Ayano Yamamoto, Machi Tokiwa : Manami Numakura, Sachiko Yamanoshita : Yuuki Wakai, Sari Tokiwa : Megumi Toyoguchi, Sou Hamayumiba
Original Creator, Atsuko Ishizuka
Director, Keigo Hoashi
Music, Ryuuichi Takada
Music, Atsuko Watanabe
Character Design, Akiko Fujita
Sound Director, Hiroyuki Kobayashi
Producer, Hiroyuki Tanaka
Producer","Sou Hamayumiba : Original Creator, Atsuko Ishizuka : Director, Keigo Hoashi : Music, Ryuuichi Takada : Music, Atsuko Watanabe : Character Design, Akiko Fujita : Sound Director, Hiroyuki Kobayashi : Producer, Hiroyuki Tanaka : Producer"
Spo-chan Taiketsu: Youkai Daikessen,,Movie,,Wao World,,"Drama, Japanese Mythology, Youkai, Original Work",3.61,2014.0,,'No synopsis yet - check back soon!',,,,"Jin : Ayahi Takagaki, Kyouji : Mutsumi Tamura, Maya : Yui Horie, Yuusaku Saotome
Assistant Director, Ryuudai Abe
Music, Toshiko Sasaki
Character Design, Masahiro Murakami
Producer","Yuusaku Saotome : Assistant Director, Ryuudai Abe : Music, Toshiko Sasaki : Character Design, Masahiro Murakami : Producer"
Witch Craft Works,,TV   ,12.0,J.C.Staff,Winter,"Action, Comedy, Fantasy, Seinen, Magic, School Life, Witches, Based on a Manga",3.61,2014.0,,"""Honoka Takamiya is a typical teenager; he does his classwork and admires Ayaka, the school idol, who sits next to him in class. But the boy's life changes forever when one day, a piece of the school falls on top of him and he's saved by Ayaka due to... her magical powers?! For Ayaka is a witch, and deeming Honoka to be 'her princess', she is determined to keep the boy safe from harm. Now Honoka must try to stay alive while countless other witches target him, learn more about Ayaka and her craft, and still try to maintain his school life in the process!""",,Witch Craft Works,"Witch Craft Works Specials, Witch Craft Works OVA","Ayaka Kagari : Asami Seto, Honoka Takamiya : Yusuke Kobayashi, Chronoire Schwarz Vi : Rie Kugimiya, Evermillion : Mamiko Noto, Kanna Utsugi : Shiina Natsukawa, Kasumi Takamiya : Ai Kayano, Kazane Kagari : Sayaka Oohara, Kotetsu Katsura : Natsumi Hioka, Ryuu Mizunagi
Original Creator, Tsutomu Mizushima
Director, Technoboys Pulcraft Green-Fund
Music, Yukie Hiyamizu
Character Design, Yoshikazu Iwanami
Sound Director, Eiji Inomoto
Cg Director, Osamu Hosokawa
Producer, Youhei Hayashi
Producer","Ryuu Mizunagi : Original Creator, Tsutomu Mizushima : Director, Technoboys Pulcraft Green-Fund : Music, Yukie Hiyamizu : Character Design, Yoshikazu Iwanami : Sound Director, Eiji Inomoto : Cg Director, Osamu Hosokawa : Producer, Youhei Hayashi : Producer"
Hyperdimension Neptunia: The Eternity (True Ending) Promised, Choujigen Game Neptune The Animation: Yakusoku no Eien - True End,OVA  ,1.0,David Production,,"Comedy, Fantasy, Based on a Video Game",3.61,2014.0,,"'When all the little sisters get stuck in Bad Ending loops, the CPUs must search far and wide for the cure--whatever dimension it happens to be in!'",,"Choujigen Game Neptune: Megami Tsuushin, Choujigen Game Neptune: Hello New World, Choujigen Game Neptune: The Animation - Dengeki Comic Anthology",Hyperdimension Neptunia,"Blanc : Kana Asumi, Neptune : Rie Tanaka, Noire : Asami Imai, Vert : Rina Satou, Histoire : Mika Kanai, Peashy : Aoi Yuuki, Pururut : Kana Hanazawa, Cfw Trick : Youji Ueda, Masahiro Mukai
Director, Masaru Yokoyama
Music, Hiroaki Tsutsumi
Music, Kenji Kaneko
Music, Hitomi Takechi
Character Design, Shinsaku Tanaka
Producer, Kouhei Miyajima
Producer, Shintarou Yoshitake
Producer","Masahiro Mukai : Director, Masaru Yokoyama : Music, Hiroaki Tsutsumi : Music, Kenji Kaneko : Music, Hitomi Takechi : Character Design, Shinsaku Tanaka : Producer, Kouhei Miyajima : Producer, Shintarou Yoshitake : Producer"
Buddy Complex,,TV   ,13.0,Sunrise,Winter,"Action, Drama, Mecha, Sci Fi, Time Travel, Original Work",3.61,2014.0,,"""When a giant robot suddenly attacks the city, a high-school student named Aoba is saved by a classmate who’s piloting her own mecha. After accepting an offer to join the alliance she's is a part of, Aoba is thrust into the middle of high-flying robot warfare!""",,Buddy Complex,"Buddy Complex: Daremo Shiranai Ashita e, Buddy Complex: Into the Skies of Tomorrow","Aoba Watase : Yoshitsugu Matsuoka, Dio Jyunyou Weinberg : Kouki Uchiyama, Hina Yumihara : Saori Hayami, Alfried Gallant : Toshiyuki Morikawa, Anessa Rossetti : Marina Inoue, Bizon Gerafil : Takahiro Sakurai, Elvira Hill : Rina Satou, Fiona Jyunyou Weinberg : Aoi Yuuki, Yasuhiro Tanabe
Director, Tatsuya Katou
Music, Asako Inayoshi
Character Design, Tomoshige Inayoshi
Character Design & Chief Animation Director, Kanta Suzuki
Chief Animation Director & Mechanical Design, Shinya Satake
Producer, Yuuki Makimoto
Producer, Satoshi Hirayama
Producer","Yasuhiro Tanabe : Director, Tatsuya Katou : Music, Asako Inayoshi : Character Design, Tomoshige Inayoshi : Character Design & Chief Animation Director, Kanta Suzuki : Chief Animation Director & Mechanical Design, Shinya Satake : Producer, Yuuki Makimoto : Producer, Satoshi Hirayama : Producer"
When Supernatural Battles Became Commonplace, Inou Battle wa Nichijou-kei no Naka de,TV   ,12.0,TRIGGER,Fall ,"Comedy, Harem, Romance, School Club, School Life, Superpowers, Based on a Light Novel",3.61,2014.0,,"'A group of five boys and girls suddenly acquire supernatural powers. Ready to fight in galactic battles to defend human cause… they are struck by the realization that there are no wars, no conspiracies, no evils empires, no nothing in their high school life. They instead decide to idly have fun by wasting their powers away.'",,"When Supernatural Battles Became Commonplace (Light Novel), When Supernatural Battles Became Commonplace",,"Chifuyu Himeki : Nanami Yamashita, Hatoko Kushikawa : Saori Hayami, Jurai Andou : Nobuhiko Okamoto, Sayumi Takanashi : Risa Taneda, Tomoyo Kanzaki : Haruka Yamazaki, Aki Natsu : Yuu Serizawa, Fantasia Yusano : Miyuu Takagi, Hajime Kiryuu : Takuma Terashima, Masahiko Ootsuka
Chief Director & Series Composition, Masanori Takahashi
Director, Elements Garden
Music, Satoshi Yamaguchi
Character Design, Hiroyuki Tanaka
Producer, Mika Shimizu
Producer, Kazuhiro Kanemitsu
Producer, Shuuichi Takashino
Producer","Masahiko Ootsuka : Chief Director & Series Composition, Masanori Takahashi : Director, Elements Garden : Music, Satoshi Yamaguchi : Character Design, Hiroyuki Tanaka : Producer, Mika Shimizu : Producer, Kazuhiro Kanemitsu : Producer, Shuuichi Takashino : Producer"
Xiao Hua Xian,,TV   ,52.0,,,"Chinese Animation, Family Friendly, Magic",3.6,2014.0,,'No synopsis yet - check back soon!',,,"Xiao Hua Xian 2, Xiao Hua Xian 3",Xia Anan : Wen Xiaoyi,
My Mental Choices are Completely Interfering with my School Romantic Comedy OVA," Ore no Nounai Sentakushi ga, Gakuen Lovecome wo Zenryoku de Jama Shiteiru OVA",OVA  ,1.0,diomedea,,"Comedy, Ecchi, Harem, Romance, Crude, Based on a Light Novel, Nudity",3.6,2014.0,,'No synopsis yet - check back soon!',Nudity,"My Mental Choices Are Completely Interfering with My School Romantic Comedy (Light Novel), My Mental Choices are Completely Interfering with my School Romantic Comedy, My Mental Choices are Completely Interfering with my School Romantic Comedy H",My Mental Choices are Completely Interfering with my School Romantic Comedy,"Chocolat : Kaori Sadohara, Furano Yukihira : Yui Kondou, Kanade Amakusa : Toshiyuki Toyonaga, Ouka Yuuouji : Ayumi Tsuji, Nozomi Katakoi : Saori Hayami, Yoh Haruhara : Ayumu Murase, Narrator : Jouji Nakata, Satsuki Himajiri : Saeko Zougou, Takayuki Inagaki
Director, Asuka Sakai
Music, Hiroyuki Saita
Character Design, Yukio Abe
Art Director, Kenjirou Gomi
Producer","Takayuki Inagaki : Director, Asuka Sakai : Music, Hiroyuki Saita : Character Design, Yukio Abe : Art Director, Kenjirou Gomi : Producer"
Sore Ike! Anpanman: Tanoshikute Asobi Mama ni Natta Kokin-chan!?,,Movie,,TMS Entertainment,,"Anthropomorphic, Family Friendly, Food Protagonists, Non-Human Protagonists",3.6,2014.0,,'No synopsis yet - check back soon!',,,"Sore Ike! Anpanman, Sore Ike! Anpanman: Ringo Bouya to Minna no Negai","Anpanman : Keiko Toda, Takashi Yanase
Original Creator",Takashi Yanase : Original Creator
Bodacious Space Pirates Movie: Abyss of Hyperspace, Mouretsu Pirates Movie: Abyss of Hyperspace - Akuu no Shin'en,Movie,,SATELIGHT,,"Sci Fi, Outer Space, Space Pirates, Based on a Light Novel",3.6,2014.0,,"'It\'s not easy being the captain of a space pirate ship. Especially when you\'re still in high school and aren\'t allowed to do normal pirate-stuff like rob and plunder. However, despite those restrictions, Marika Kato has proven herself worthy of commanding the Bentenmaru. And if staging performances such as pretending to board and pillage space cruise ships doesn\'t pay as well as actually stealing stuff… well, at least no one gets hurt, right? But things take a sinister turn when Marika and her crew are hired to raid the luxury liner Begin The Beguine. Because one of the passengers has a hidden secret and agenda of his own. And it begins with being kidnapped! Suddenly the Bentenmaru and their new ""hostage"" are being pursued by other warships and the race is on for what could be the biggest prize of all!'",,"Miniskirt Uchuu Kaizoku (Light Novel), Minisuka Uchuu Kaizoku, Bodacious Space Pirates: Abyss of Hyperspace",Bodacious Space Pirates,"Kanata Mugen : Asami Shimoda, Marika Katou : Mikako Komatsu, Ai Hoshimiya : Ai Kayano, April Lambert : Yuiko Tatsumi, Aster Aruhanko : Kiyono Yasuno, Belinda Percy : Suzuko Mimori, Chiaki Kurihara : Kana Hanazawa, Coorie : Yui Horie, Tatsuo Satou
Director, Katsuichi Nakayama
Assistant Director, Shouji Kawamori
Mechanical Design","Tatsuo Satou : Director, Katsuichi Nakayama : Assistant Director, Shouji Kawamori : Mechanical Design"
The Pilot's Love Song, Toaru Hikuushi e no Koiuta,TV   ,13.0,3xCube,Winter,"Adventure, Fantasy, Romance, Aviation, Island, Based on a Light Novel",3.6,2014.0,,"""To find the end of the sky and sea, we went on a journey aboard the flying island Isla. A boy who lost everything in the revolution. The lonely girl who calls the wind, who became the revolution's symbol. The young pilots set out aboard the flying island Isla to find the end of the sky. Friendship, love, adventure... and each of them have something they want to protect. An epic story of love and dogfights begins now.""",,"Toaru Hikuushi e no Tsuioku (Light Novel), The Pilot's Love Song (Light Novel), Toaru Hikuushi e no Seiyaku (Light Novel), The Pilot's Love Song",The Princess and the Pilot,"Ariel Albus : Ayana Taketatsu, Claire Cruz : Aoi Yuuki, Kal-El Albus : Natsuki Hanae, Benjamin Sharif : Shinnosuke Tachibana, Chiharu De Lucia : Asami Tano, Fausto Fidel Melze : Souichirou Hoshi, Ignacio Axis : Kaito Ishikawa, Juan Rodrigo Bandereas : Takaya Kuroda, Toshimasa Suzuki
Director & Episode Director & Storyboard, Kow Otani
Music, Hiroki Harada
Character Design, Tomio Yamauchi
Episode Director, Shinsuke Ishikawa
Animation Director","Toshimasa Suzuki : Director & Episode Director & Storyboard, Kow Otani : Music, Hiroki Harada : Character Design, Tomio Yamauchi : Episode Director, Shinsuke Ishikawa : Animation Director"
Paulette's Chair, Poulette no Isu,Web  ,1.0,Studio Colorido,,"Comedy, Coming of Age, No Dialogue, noitaminA, Shorts, Supernatural, Original Work",3.59,2014.0,,'No synopsis yet - check back soon!',,,,"Poulette, Poulette'S Chair, Hiroyasu Ishida
Director, Masashi Hamauzu
Music, Youjirou Arai
Character Design","Hiroyasu Ishida : Director, Masashi Hamauzu : Music, Youjirou Arai : Character Design"
Engaged to the Unidentified OVA, Mikakunin de Shinkoukei OVA,OVA  ,1.0,Doga Kobo,,"Comedy, Seinen, School Life, Based on a Manga",3.59,2014.0,,'No synopsis yet - check back soon!',,Engaged to the Unidentified,"Engaged to the Unidentified, Engaged to the Unidentified Special","Benio Yonomori : Eriko Matsui, Hakuya Mitsumine : Wataru Hatano, Kobeni Yonomori : Haruka Terui, Mashiro Mitsumine : Yuuri Yoshida, Nadeshiko Kashima : Ayane Sakura, Shirayuki Mitsumine : Yuri Komagata, Cherry Arai
Original Creator",Cherry Arai : Original Creator
Inazuma Eleven: Chou Jigen Dream Match,,Movie,,OLM,,"Sports, Soccer, Based on a Video Game",3.58,2014.0,,'Fans voted to choose the members of the Inazuma Best Eleven team that will face off against the special Battle Eleven team in the new anime.',,"Inazuma Eleven, Inazuma Eleven: Penguin wo Tsugu Mono","Inazuma Eleven, Inazuma Eleven: Saikyou Gundan Ogre Shuurai, Inazuma Eleven GO, Inazuma Eleven GO: Kyuukyoku no Kizuna Gryphon, Inazuma Eleven GO: Chrono Stone, Inazuma Eleven GO: Galaxy, Inazuma Eleven: Outer Code, Inazuma Eleven: Ares no Tenbin","Hiroto Kiyama : Takahiro Mizushima, Mamoru Endou : Junko Takeuchi, Tenma Matsukaze : Yuka Terasaki, Hakuryuu : Jun Fukuyama, Ichirouta Kazemaru : Yuka Nishigaki, Kyousuke Tsurugi : Takashi Oohara, Shuuya Gouenji : Hirofumi Nojima, Takuto Shindou : Mitsuki Saiga",
Mekakucity Actors,,TV   ,12.0,SHAFT,Spring,"Action, Comedy, Drama, Mystery, Based on a Song, Mental Illness, Supernatural",3.58,2014.0,,'The incidents which occurred on August 14th and 15th bring a group of young boys and girls together… They are members of a group they call themselves the “Mekakushi Dan” (Blindfold Organization) and each member possesses a strange power involving their eyes. Will the members of this peculiar organization be able to solve the mysteries behind these incidents and see the truth?',,Kagerou Daze,"Mekaku City Reload, Jin: daze, Jin: days, Kagerou Daze: In a Day's","Ene : Kana Asumi, Marry Kozakura : Kana Hanazawa, Momo Kisaragi : Nanami Kashiyama, Shintaro Kisaragi : Takuma Terashima, Shuuya Kano : Shinnosuke Tachibana, Tsubomi Kido : Yuko Kaida, Ayano Tateyama : Mai Nakahara, Hibiya Amamiya : Misuzu Togashi, Jin
Original Creator, Akiyuki Simbo
Chief Director, Yuki Yase
Director & Episode Director & Storyboard, Genichirou Abe
2Nd Key Animator & Assistant Animation Director & Character Design & Key Animator, Takayuki Aizu
Photography Director, Hisaharu Iijima
Art Director, Izumi Takizawa
Color Design, Kenta Suzuki
Producer","Jin : Original Creator, Akiyuki Simbo : Chief Director, Yuki Yase : Director & Episode Director & Storyboard, Genichirou Abe : 2Nd Key Animator & Assistant Animation Director & Character Design & Key Animator, Takayuki Aizu : Photography Director, Hisaharu Iijima : Art Director, Izumi Takizawa : Color Design, Kenta Suzuki : Producer"
Denki-Gai, Denki-Gai no Honya-san,TV   ,12.0,Shin-Ei Animation,Fall ,"Comedy, Seinen, Slice of Life, Bookstore, Coworkers, Doujinshi Industry, Manga Industry, Otaku Culture, Work Life, Based on a Manga",3.58,2014.0,,"'A blush-inducing,\u200b coming-of-age comedy about manga-loving book store employees!! The characters are all hard-core manga fans and maniacs of some sort,\u200b and work at the comic shop ""Uma no Hone.\u200b"" On a daily basis,\u200b they display new releases,\u200b shrink-wrap comics,\u200b shudder at their lack of feminine qualities,\u200b question their love for porn literature.\u200b.. and basically have fun while working hard (?). Girls and guys call each other by nicknames and some begin to develop close relationships!'",,Denki-Gai no Honya-san,,"Hiotan : Natsumi Takamori, Sensei : Minami Tsuda, Umio : Ryouta Oosaka, Director : Yoshitsugu Matsuoka, Ero Books G-Man : Yuu Kobayashi, Fu Girl : Ayana Taketatsu, Kameko : Mai Aizawa, Sommelier : Takahiro Tomita, Asato Mizu
Original Creator, Masafumi Sato
Director, Hiroshi Takaki
Music, Yurie Kuniyuki
Character Design","Asato Mizu : Original Creator, Masafumi Sato : Director, Hiroshi Takaki : Music, Yurie Kuniyuki : Character Design"
Engaged to the Unidentified Special, Mikakunin de Shinkoukei: Mite. Are ga Watashitachi no Tomatteiru Ryokan yo.,DVD S,,Doga Kobo,,"Comedy, Seinen, Slice of Life, Based on a Manga",3.58,2014.0,,'No synopsis yet - check back soon!',,,"Engaged to the Unidentified, Engaged to the Unidentified OVA","Benio Yonomori : Eriko Matsui, Hakuya Mitsumine : Wataru Hatano, Kobeni Yonomori : Haruka Terui, Mashiro Mitsumine : Yuuri Yoshida, Mayura Momouchi : Manami",
"Love, Chunibyo & Other Delusions: Heart Throb Specials", Chuunibyou Demo Koi ga Shitai! Ren Specials,DVD S,,Kyoto Animation,,"Comedy, School Life, Based on a Light Novel",3.58,2014.0,,'No synopsis yet - check back soon!',,,"Love, Chunibyo & Other Delusions! Heart Throb","Kumin Tsuyuri : Azumi Asakura, Rikka Takanashi : Maaya Uchida, Sanae Dekomori : Sumire Uesaka, Shinka Nibutani : Chinatsu Akasaki, Kuzuha Togashi : Kaori Fukuhara, Makoto Isshiki : Souichirou Hoshi, Nanase Tsukumo : Kikuko Inoue, Satone Shichimiya : Juri Nagatsuma, Naoya Nakayama
Key Animator",Naoya Nakayama : Key Animator
Orenchi no Furo Jijou,,TV   ,13.0,Asahi Production,Fall ,"Comedy, Josei, Slice of Life, Mermaids, Non-Human Protagonists, Short Episodes, Based on a 4-Koma Manga, Based on a Manga",3.58,2014.0,,"""A hot boy mermaid named Wakasa has taken over the bath of a teenage boy named Tatsumi! This cute but selfish freeloader is a perfect match for the cool but tender and caring Tatsumi. Let's see how they get by together!""",,Merman In My Tub,,"Tatsumi : Nobunaga Shimazaki, Wakasa : Yuuichirou Umehara, Ducky : Yoshihisa Kawahara, Kasumi : Ibuki Kido, Maki : Kenjirou Tsuda, Mikuni : Natsuki Hanae, Takasu : Tatsuhisa Suzuki, Boy A, Itokichi
Original Creator, Sayo Aoi
Director & Episode Director & Storyboard, Yuniko Ayana
Screenplay & Series Composition, Hiromi Mizutani
Music, Kouji Haneda
Animation Director & Character Design, Megumi Fujisaka
Photography Director, Kouki Nagayoshi
Art Director, Eri Koshika
Color Design","Itokichi : Original Creator, Sayo Aoi : Director & Episode Director & Storyboard, Yuniko Ayana : Screenplay & Series Composition, Hiromi Mizutani : Music, Kouji Haneda : Animation Director & Character Design, Megumi Fujisaka : Photography Director, Kouki Nagayoshi : Art Director, Eri Koshika : Color Design"
Haiyore! Nyaruko-san W OVA, Nyaruko-san: Another Crawling Chaos W OVA,OVA  ,1.0,XEBEC,,"Comedy, Harem, Sci Fi, Slice of Life, Aliens, Anthropomorphic, Interspecies Relationship, Non-Human Protagonists, Supernatural, Based on a Light Novel",3.57,2014.0,,'No synopsis yet - check back soon!',,"Haiyore! Nyaruko-san (Light Novel), Haiyore! Nyaruko-san, Haiyore! Super Nyaruko-chan Time","Haiyore! Nyaruko-san, Haiyore! Nyaruko-san: Yasashii Teki no Shitome-kata, Haiyore! Nyaruko-san W, Haiyore! Nyaruko-san F","Mahiro Yasaka : Eri Kitamura, Nyaruko : Kana Asumi, Tamao Kurei : Yuka Ootsubo, Cthuko : Miyu Matsuki, Hasuta : Rie Kugimiya, Luhy Jistone, Shantak, Takehiko Yoichi : Wataru Hatano, Tsuyoshi Nagasawa
Director, Monaca
Music, Masaaki Takiyama
Character Design","Tsuyoshi Nagasawa : Director, Monaca : Music, Masaaki Takiyama : Character Design"
Brothers Conflict OVA,,OVA  ,2.0,Brain's Base,,"Reverse Harem, Romance, Christmas, Valentine's Day, Based on a Light Novel",3.57,2014.0,2015.0,"""The OVAs\xa0will have the themes of Christmas and Valentine's Day.""",,"Brothers Conflict (Light Novel), Brothers Conflict Purupuru, Brothers Conflict feat. Natsume, Brothers Conflict feat. Tsubaki & Azusa, Brothers Conflict feat. Yusuke & Futo","Brothers Conflict, Brothers Conflict Special","Azusa Asahina : Kohsuke Toriumi, Ema Hinata : Rina Satou, Futo Asahina : Kenn, Hikaru Asahina : Nobuhiko Okamoto, Iori Asahina : Daisuke Namikawa, Kaname Asahina : Junichi Suwabe, Louis Asahina : Ken Takeuchi, Masaomi Asahina : Kazuyuki Okitsu, Atsushi Matsumoto
Director, Takeshi Nakatsuka
Music, Kumi Ishii
Character Design","Atsushi Matsumoto : Director, Takeshi Nakatsuka : Music, Kumi Ishii : Character Design"
The Comic Artist and His Assistants Specials, Mangaka-san to Assistant-san to Specials,DVD S,,Zexcs,,"Comedy, Ecchi, Seinen, Slice of Life, Coworkers, Manga Industry, Otaku Culture, Writers, Based on a Manga",3.57,2014.0,,'No synopsis yet - check back soon!',,"The Comic Artist and His Assistants, The Comic Artist and His Assistants 2",The Comic Artist and His Assistants,"Sahoto Ashisu : Miku Itou, Yuuki Aito : Yoshitsugu Matsuoka, Mihari Otosuna : Arisa Noto, Rinna Fuwa : Yuka Iguchi, Sena Kuroi : Rie Kugimiya, Branya, Matome Minano : Manami Tanaka, Sahono Ashisu : Miku Itou, Hiroyuki
Original Creator",Hiroyuki : Original Creator
Hua Jianghu Zhi Buliang Ren,,Web  ,54.0,Beijing Rocen,,"Action, Ancient China, Chinese Animation, Martial Arts, Wuxia, CG Animation, Original Work",3.57,2014.0,2015.0,'No synopsis yet - check back soon!',,,"Hua Jianghu Zhi Lingzhu, Hua Jianghu Zhi Buliang Ren II, Hua Jianghu Zhi Bei Mo Ting, Hua Jianghu Zhi Huan Shi Men Sheng, Hua Jianghu Zhi Xia Lan, Hua Jianghu Zhi Gui Yexing","Ji Ru Xue, Li Xing Yun, Lu Lin Xuan, Zhang Zi Fan",
Town Workers,,Web  ,3.0,Rockwell Eyes,,"Promotional, Short Episodes, Work Life",3.57,2014.0,,'A promotional animation produced in collaboration with the part-time job magazine\xa0Town Workers.',,,,"Shunji Iwai
Director",Shunji Iwai : Director
Si Ling Bianma: Zhi Shijie Caozong Zhe Recap, Order Designer Recap,Web  ,1.0,Foch,,"Horror, Mystery, Chinese Animation, Psychological, Recap, Supernatural",3.56,2014.0,,'No synopsis yet - check back soon!',,,Si Ling Bianma: Zhi Shijie Caozong Zhe,,
"Waiting in the Summer: In Our Last Summer in High School, We Await That Summer"," Ano Natsu de Matteru: Bokutachi wa Koukou Saigo no Natsu wo Sugoshinagara, Ano Natsu de Matteiru.",DVD S,,J.C.Staff,,"Romance, Slice of Life, Aliens, Countryside, Photography, Original Work",3.56,2014.0,,"'Kaito re-watches an old reel of film at his house, and he remembers that he created a ""test film"" to get his awkward friends used to being in front of a camera.'",,Waiting in the Summer,Waiting in the Summer,"Kaito Kirishima : Nobunaga Shimazaki, Kanna Tanigawa : Kaori Ishihara, Mio Kitahara : Kana Asumi, Tetsurou Ishigaki : Hideki Ogihara, Ichika Takatsuki : Haruka Tomatsu, Remon Yamano : Yukari Tamura, Emika Takatsuki, Manami Okura : Fuyuka Ooura, Tatsuyuki Nagai
Director, Masayoshi Tanaka
Character Design","Tatsuyuki Nagai : Director, Masayoshi Tanaka : Character Design"
Honeyworks: Inokori Sensei, Honeyworks: Detained Teacher,Music,,,,"Black and White, School Life, Vocaloid",3.56,2014.0,,'No synopsis yet - check back soon!',,,,"Haruki Serizawa, Saku Akechi, Flower, Akari Hayasaka, Miou Aida, Natsuki Enomoto, Souta Mochizuki, Yuu Setoguchi, Honeyworks
Producer",Honeyworks : Producer
Hitoshizuku-P × Yama△: Kaizoku F no Shouzou, Hitoshizuku-P × Yama△: Portrait of the Pirate F,Music,,,,"Fantasy, Person in a Strange World, Vocaloid, Based on a Novel",3.56,2014.0,,'No synopsis yet - check back soon!',,,,"Len Kagamine, Rin Kagamine, Kaito, Luka Megurine, Meiko, Miku Hatsune, Hitoshizuku-P
Producer, Yama△
Producer","Hitoshizuku-P : Producer, Yama△ : Producer"
Wolf Girl and Black Prince Recap, Ookami Shoujo to Kuro Ouji Recap,TV Sp,,TYO Animations,,"Romance, Shoujo, Blackmail, Recap, School Life, Based on a Manga",3.56,2014.0,,"""While the proud Erika boasts to her friends about being lovey-dovey with her boyfriend, she has never really had one for 16 years. Feeling the limits of lying, she took a picture of a cool guy she found in town and showed it to her friends as her boyfriend. But the person in the picture happens to be Sata Kyouya who is in the same grade in their school. While she was able to explain the situation and convince him to act like his boyfriend, he was not the nice looking boy she thought he would be: he was a super sadistic schemer! Thus begins Erika's life blackmailed into being Sata's dog.""",,Ookami Shoujo to Kuro Ouji,"Wolf Girl and Black Prince, Wolf Girl and Black Prince OVA","Erika Shinohara, Kyouya Sata, Aki Tezuka, Ayumi Sanda, Marin Tachibana, Nozomi Kamiya, Takeru Hibiya, Yuu Kusakabe, Ayuko Hatta
Original Creator",Ayuko Hatta : Original Creator
Buddy Complex: Daremo Shiranai Ashita e,,Other,,Sunrise,,"Action, Mecha, Sci Fi, Recap, Time Travel, Original Work",3.56,2014.0,,'No synopsis yet - check back soon!',,,Buddy Complex,Mayuka Nasu : Kana Hanazawa,
Garo The Animation, Garo: Honoo no Kokuin,TV   ,24.0,MAPPA,Fall ,"Action, Adventure, Fantasy, Dark Fantasy, Demons, Magic, Medieval, Power Suits, Superheroes, Supernatural, Based on a TV Series, Mature Themes,, Nudity,, Physical Abuse,, Violence",3.56,2014.0,2015.0,"'Mendoza, the chief adviser of the king of Valiante, begins a campaign to hunt down ""witches,"" resulting in the deaths of many magical knights and their sorcerer assistants. Anna, a sorceress married to the knight Germán Luis, gives birth to a son before her execution. Germán takes their child, Leon, and flees, raising him to be the heir of the legendary Golden Armor. By the time Leon grows up, Valiante is completely in the control of Mendoza, who drives out Prince Alfonso and his mother. Alphonso decides to seek out the man who inherited the Golden Armor to reclaim the throne and save his people.'","Mature Themes,, Nudity,, Physical Abuse,, Violence",,"Garo The Animation: Home, Garo: Crimson Moon, Garo Movie: Divine Flame, Garo: Crimson Moon Special, Garo: Vanishing Line","Alfonso : Katsuhito Nomura, Germán Luis : Kenyuu Horiuchi, Leon Luis : Daisuke Namikawa, Ema Guzman :  Romi Park, Garm : Mayu Udono, Lara : Madoka Aiba, Mendoza : Takaya Hashi, Octavia : Mari Doi, Keita Amemiya
Original Creator, Yuuichirou Hayashi
Director, Monaca
Music, Makoto Kanemoto
Cg Director, Takahiro Suzuki
Producer","Keita Amemiya : Original Creator, Yuuichirou Hayashi : Director, Monaca : Music, Makoto Kanemoto : Cg Director, Takahiro Suzuki : Producer"
Lovely Movie: Lovely Muuuuuuuco! 2, Lovely Movie: Itoshi no Muco 2,TV   ,22.0,Doga Kobo,Spring,"Comedy, Seinen, Slice of Life, Animal Protagonists, Countryside, Dogs, Iyashikei, Non-Human Protagonists, Pets, Short Episodes, Based on a Manga",3.56,2014.0,,'Second season of Lovely Movie: Lovely Muuuuuuuco!',,Itoshi no Muco,"Lovely Movie: Lovely Muuuuuuuco!, Lovely Movie: Lovely Muuuuuuuco! Specials, Lovely Muuuuuuuco!, Lovely Muuuuuuuco! OVA","Komatsu, Muco, Bouda, Kouhei Ushijima, Rena Bouda, Shinohara, Takayuki Mizushina
Original Creator, Takenori Mihara
Director, Junichirou Taniguchi
Character Design","Takayuki Mizushina : Original Creator, Takenori Mihara : Director, Junichirou Taniguchi : Character Design"
Blade Dance of the Elementalers, Seirei Tsukai no Blade Dance,TV   ,12.0,TNK,Summer,"Action, Comedy, Ecchi, Fantasy, Harem, All-Girls School, Boarding School, Magic, Magic School, Master-Servant Relationship, School Life, Tsundere, Based on a Light Novel",3.55,2014.0,,"'Only a pure maiden can have the privilege to contract with a spirit. Priestesses, who can summon spirits from Astral Zero, the world of spirits, and have full command of their power, are called elementalists. Kamito Kazehaya is the only male with this privilege, and due to what happened in the past he comes to Areisha Spirit Academy where priestesses are trained to become elementalists. He is then told that he is to transfer to the school, form a team with priestesses to compete in Blade Dance where the most powerful elementalist is chosen, and win.'",,"Blade Dance of Elementalers (Light Novel), Blade Dance of Elementalers",Blade Dance of the Elementalers Specials,"Claire Rouge : Ibuki Kido, Ellis Fahrengart : Shizuka Ishigami, Fianna Ray Ordesia : Saori Oonishi, Kamito Kazehaya : Makoto Furukawa, Rinslet Laurenfrost : Kana Yuuki, Carol Natassha : Manami Tanaka, Est : Ai Kakuma, Greyworth Ciel Mais : Mai Nakahara, Tetsuya Yanagisawa
Director, Yasuyoshi Suzuki
Music, Maki Fujii
Character Design, Hitoshi Hibino
Color Design","Tetsuya Yanagisawa : Director, Yasuyoshi Suzuki : Music, Maki Fujii : Character Design, Hitoshi Hibino : Color Design"
The Comic Artist and His Assistants, Mangaka-san to Assistant-san to,TV   ,12.0,Zexcs,Spring,"Comedy, Ecchi, Seinen, Slice of Life, Coworkers, Manga Industry, Otaku Culture, Writers, Based on a Manga",3.55,2014.0,,"'Yuuki Aito is a perverted and hapless author of ecchi manga. Under pressure from his hot-tempered editor, Miharu, Yuuki works alongside his assistants, the long-suffering Ashisu and the enthusiastic Rinna, to finish his manuscript on time. But with Miharu berating Yuuki for taking porn breaks and his insatiable lust for panties, and the underwear-loving mangaka panicking over every ecchi dilemma he faces, keeping his manga out of the bottom of the weekly rankings will be a difficult task…'",,"The Comic Artist and His Assistants, The Comic Artist and His Assistants 2",The Comic Artist and His Assistants Specials,"Sahoto Ashisu : Miku Itou, Yuuki Aito : Yoshitsugu Matsuoka, Mihari Otosuna : Arisa Noto, Rinna Fuwa : Yuka Iguchi, Sena Kuroi : Rie Kugimiya, Branya, Matome Minano : Manami Tanaka, Mihari'S Mother : Mie Sonozaki, Hiroyuki
Original Creator, Jouji Furuta
Director, Tomoki Kikuya
Music, Hitomi Tsuruta
Character Design, Jun Fukuda
Producer, Hiroyuki Tajima
Producer, Yukie Iwashita
Producer, Shintarou Yoshitake
Producer","Hiroyuki : Original Creator, Jouji Furuta : Director, Tomoki Kikuya : Music, Hitomi Tsuruta : Character Design, Jun Fukuda : Producer, Hiroyuki Tajima : Producer, Yukie Iwashita : Producer, Shintarou Yoshitake : Producer"
Hitoshizuku-P x Yama△: Party×Party,,Music,,,,Vocaloid,3.55,2014.0,,'No synopsis yet - check back soon!',,,,"Kaito, Len Kagamine, Luka Megurine, Meiko, Miku Hatsune, Rin Kagamine, Hitoshizuku-P
Producer, Yama△
Producer","Hitoshizuku-P : Producer, Yama△ : Producer"
Magic Knight Rayearth Pilot,,Other,,,,"Fantasy, Shoujo, Isekai, Magic, Person in a Strange World, Summoned Into Another World",3.55,2014.0,,'No synopsis yet - check back soon!',,"Magic Knight Rayearth, Magic Knight Rayearth 2, Magic Knight Rayearth Gaiden","Magic Knight Rayearth, Magic Knight Rayearth OVA","Fuu Hououji, Hikaru Shidou : Hekiru Shiina, Umi Ryuuzaki, Alcyone, Clef, Emeraude, Zagato, Ascot",
Terra Formars OVA,,OVA  ,2.0,LIDEN FILMS,,"Action, Horror, Sci Fi, Seinen, Human Experimentation, Insects, Superpowers, Survival, Based on a Manga, Explicit Violence,, Mature Themes",3.54,2014.0,,'No synopsis yet - check back soon!',"Explicit Violence,, Mature Themes","Terra Formars, Terra Formars Gaiden: Rain Hard, Terra Formars: The Outer Mission (Light Novel), Terra Formars Gaiden: Asimov, Terra Formars Gaiden: Keiji Onizuka","Terra Formars, Terra Formars: Revenge, Terra Formars: Earth Arc","Shokichi Komachi : Hidenobu Kiuchi, Donatello K. Davis : Rikiya Koyama, Ichiro Hiruma : Tomokazu Sugita, Ming-Ming Zhang : Ayahi Takagaki, Thien : Tomohisa Hashizume, Alexander Gustov Newton : Jouji Nakata, Gerald Goodman, God Lee : Kenjirou Tsuda, Yu Sasuga
Original Creator, Hiroshi Hamasaki
Director, Shuusei Murai
Music, Masanori Shino
Character Design, Satoshi Kimura
Character Design, Hiroyuki Oomori
Producer, Satoshi Tanaka
Producer, Shinya Shinozaki
Producer","Yu Sasuga : Original Creator, Hiroshi Hamasaki : Director, Shuusei Murai : Music, Masanori Shino : Character Design, Satoshi Kimura : Character Design, Hiroyuki Oomori : Producer, Satoshi Tanaka : Producer, Shinya Shinozaki : Producer"
Puchimas! Petit Petit [email protected],,Web  ,74.0,Gathering,Spring,"Comedy, Chibi, Idols, Showbiz, Based on a 4-Koma Manga, Based on a Manga",3.54,2014.0,,'Second season of\xa0Puchimas! Petit [email\xa0protected]',,"THE [email protected] Comic Anthology, The [email protected]: Your [email protected], The [email protected], The [email protected] Relations, Puchimas! Petit [email protected], The [email protected] Break!, The [email protected] Dearly Stars: Neue Green, The [email protected] Dearly Stars: Splash Red, The [email protected] Dearly Stars: Innocent Blue, The [email protected] 2: Nemurihime, The [email protected] 2: Colorful Days, The [email protected] 2: The World Is All One!!, [email protected] of Jupiter - The [email protected], The [email protected] (Mana), The [email protected]: Cinderella Girls - Ensemble!, The [email protected] Cinderella Girls Shuffle!!, The [email protected]: Million Live! Back Stage, The [email protected]: Million Live!, The [email protected]: Million Live! Comic Anthology, The [email protected] SideM: Dramatic Stage","The [email protected], The [email protected]: Shiny Festa, Puchimas! Wakku Waku!!, The [email protected]: 765 Pro to Iu Monogatari, Puchimas! Petit [email protected], Puchimas! Petit [email protected] - Takatsuki Gold Densetsu Special!! Harukasan Matsuri, Puchimas! Petit [email protected] OVA, The [email protected]: Onegai Cinderella, The [email protected] Movie: Kagayaki no Mukougawa e!, The [email protected]: Cinderella Girls: Special Program, The [email protected]: Cinderella Girls Second Series, The [email protected]: Cinderella Girls Special: Anytime, Anywhere with Cinderella, Puchimas! Petit Petit [email protected] OVA","Ami Futami : Asami Shimoda, Azusa Miura : Chiaki Takahashi, Chihaya Kisaragi : Asami Imai, Haruka Amami : Eriko Nakamura, Hibiki Ganaha : Manami Numakura, Iori Minase : Rie Kugimiya, Kotori Otonashi : Juri Takita, Makoto Kikuchi : Hiromi Hirata, Akane
Original Creator, Mankyuu
Director, Yasuhiro Misawa
Music, Sao Tamado
Character Design","Akane : Original Creator, Mankyuu : Director, Yasuhiro Misawa : Music, Sao Tamado : Character Design"
Mushibugyou OVA,,OVA  ,3.0,Seven Arcs,,"Action, Fantasy, Shounen, Feudal Japan, Insects, Monsters, Samurai, Swordplay, Based on a Manga",3.54,2014.0,2015.0,'No synopsis yet - check back soon!',,"Mushibugyou, Joujuu Senjin!! Mushibugyou",Mushibugyou,"Hibachi, Insect Magistrate, Jinbei Tsukishima, Mugai, Shingiku Koikawa, Tenma Ichinotani, Genjuurou Tsukishima, Ieshige Tokugawa, Hiroshi Fukuda
Original Creator, Takayuki Hamana
Director & Episode Director & Storyboard, Tetsurou Oda
Music, Yoshimitsu Yamashita
Character Design, Shinpei Mutou
Producer, Masayoshi Yokoyama
Producer, Tomokazu Iizumi
Producer","Hiroshi Fukuda : Original Creator, Takayuki Hamana : Director & Episode Director & Storyboard, Tetsurou Oda : Music, Yoshimitsu Yamashita : Character Design, Shinpei Mutou : Producer, Masayoshi Yokoyama : Producer, Tomokazu Iizumi : Producer"
Cardfight!! Vanguard: Legion Mate, Cardfight!! Vanguard: Legion Mate-hen,TV   ,33.0,TMS Entertainment,Spring,"Action, Fantasy, Card Battles, Family Friendly, Tournaments, Based on a Card Game",3.54,2014.0,,"'When Aichi Sendou defeated the evil Link Joker clan, the boy both proved himself as a top-notch Vanguard player and saved the world in the process. But now, for unknown reasons, Aichi’s very existence has been erased from the minds of all who knew him, and the rest of the gang no longer remembers their own friendships either. So when Toshiki Kai suddenly remembers his long-lost friend and rival, he’s determined to get to the bottom of why this happened and where Aichi might be hiding, even if he has to battle each and every one of his friends to remind them of the truth. With his new, mysterious “Legion” power that combines Vanguard units for a special attack, Toshiki will do his best to help the world remember Aichi.'",,"Cardfight!! Vanguard, Mini Vanguard, Another Vanguard: Seidou no Asuka","Cardfight!! Vanguard, Cardfight!! Vanguard: Asia Circuit, Cardfight!! Vanguard: Link Joker, Cardfight!! Vanguard Movie: Neon Messiah, Cardfight!! Vanguard G, Cardfight!! Vanguard G: GIRS Crisis, Cardfight!! Vanguard G: Stride Gate, Cardfight!! Vanguard G: Next, Cardfight!! Vanguard G: Z","Kamui Katsuragi : Shizuka Ishikawa, Misaki Tokura : Izumi Kitta, Naoki Ishida : Tooru Nara, Taishi Miwa : Showtaro Morikubo, Toshiki Kai : Takuya Satou, Aichi Sendou : Tsubasa Yonaga, Kourin Tatsunagi : Suzuko Mimori, Moress Pennyworth : Hidenori Takahashi, Hatsuki Tsuji
Director, Takayuki Negishi
Music, Mari Tominaga
Character Design","Hatsuki Tsuji : Director, Takayuki Negishi : Music, Mari Tominaga : Character Design"
Brynhildr in the Darkness, Gokukoku no Brynhildr,TV   ,13.0,ARMS,Spring,"Drama, Ecchi, Mystery, Sci Fi, Aliens, Superpowers, Transfer Students, Based on a Manga, Emotional Abuse,, Explicit Violence,, Mature Themes,, Nudity,, Physical Abuse",3.54,2014.0,,"'When he was a child, Murakami was infatuated with a girl he called Kuroneko. She insisted on knowing about aliens and having met them, but no one believed her, even young Murakami was skeptical. One day, she decides to show him the aliens, but an accident occurs and Kuroneko dies while Murakami is left seriously wounded in the hospital. Years go by and Murakami obsesses on finding proof of the existence of aliens because of a promise he had made with Kuroneko. Then, one day, a new transfer student comes to his class, who not only looks a lot like Kuroneko, but is named Kurohaneko...'","Emotional Abuse,, Explicit Violence,, Mature Themes,, Nudity,, Physical Abuse","Brynhildr in the Darkness, Brynhildr in the Darkness: The Moment (Light Novel)",Brynhildr in the Darkness: Much Ado About Nothing,"Kana Tachibana : Aya Suzaki, Kazumi Schlierenzauer : M.A.O., Kotori Takatori : Azusa Tadokoro, Neko Kuroha : Risa Taneda, Ryouta Murakami : Rina Satou, Chisato Ichijiku : Hiroki Touchi, Hatsuna Wakabayashi : Yumi Uchiyama, Kogorou Hashiratani : Kentarou Itou, Lynn Okamoto
Original Creator, Kenichi Imaizumi
Director, Nao Tokisawa
Music, Hiroaki Karasu
Character Design, Hiroaki Tsunoda
Producer, Shunsuke Nara
Producer, Fumihiko Kimura
Producer, Norihiro Itou
Producer","Lynn Okamoto : Original Creator, Kenichi Imaizumi : Director, Nao Tokisawa : Music, Hiroaki Karasu : Character Design, Hiroaki Tsunoda : Producer, Shunsuke Nara : Producer, Fumihiko Kimura : Producer, Norihiro Itou : Producer"
Momoiro Clover Z: Moon Pride,,Music,,Toei Animation,,"Fantasy, Magical Girl, Henshin Heroes, No Dialogue, Tokusatsu",3.53,2014.0,,'No synopsis yet - check back soon!',,"Codename: Sailor V, Sailor Moon","Sailor Moon, Sailor Moon R, Sailor Moon R: The Movie, Sailor Moon R Make Up! Sailor Guardians, Sailor Moon S, Sailor Moon S: The Movie, Sailor Moon Super S, Sailor Moon Super S Special, Sailor Moon Super S: The Movie, Sailor Moon Super S Plus - Ami's First Love, Sailor Moon Sailor Stars, Sailor Moon Sailor Stars: Hero Club, Sailor Moon R Memorial, Sailor Moon Memorial, Sailor Moon S Memorial, Sailor Moon Super S Memorial, Sailor Moon Sailor Stars Memorial, Pretty Guardian Sailor Moon Crystal, Pretty Guardian Sailor Moon Crystal (2016)","Princess Serenity, Usagi Tsukino, Ami Mizuno, Makoto Kino, Mamoru Chiba, Minako Aino, Gurio Umino, Luna",
Selector Infected WIXOSS,,TV   ,12.0,J.C.Staff,Spring,"Drama, Card Battles, Psychological, Supernatural, Based on a Card Game",3.53,2014.0,,"'In the popular game WIXOSS, there are special cards called LRIGs that few players know about - cards that possess personalities and wills of their own. Ruko is a teenage girl who just found one of these rare cards. Now, she can use her LRIG to battle in a strange, dark plane of existence. If she wins, her wishes will be granted - but what happens if she loses?'",,"Selector Infected WIXOSS: Re/verse, Selector Infected WIXOSS: Peeping Analyze, Selector Infected WIXOSS: Mayu no Oheya, Selector Stirred Wixoss","Selector Infected WIXOSS Specials, Selector Spread WIXOSS, Selector Destructed WIXOSS, Lostorage Incited WIXOSS, Lostorage Conflated WIXOSS: Missing Link, Lostorage Conflated WIXOSS, Wixoss Diva(A)Live","Hitoe Uemura : Ai Kayano, Ruuko Kominato : Ai Kakuma, Yuzuki Kurebayashi : Ayane Sakura, Akira Aoi : Chinatsu Akasaki, Hanayo : Ayako Kawasumi, Iona Urasoe : Asami Seto, Kazuki Kurebayashi : Yusuke Kobayashi, Midoriko : Minami Takahashi, Takuya Satou
Director, Maiko Iuchi
Music, Kyuuta Sakai
Character Design, Yoshikazu Iwanami
Sound Director, Yuuji Matsukura
Producer, Kouhei Kawase
Producer, Jun Fukuda
Producer, Fuminori Yamazaki
Producer","Takuya Satou : Director, Maiko Iuchi : Music, Kyuuta Sakai : Character Design, Yoshikazu Iwanami : Sound Director, Yuuji Matsukura : Producer, Kouhei Kawase : Producer, Jun Fukuda : Producer, Fuminori Yamazaki : Producer"
Kindaichi Shounen no Jikenbo Returns, The File of Young Kindaichi Returns,TV   ,25.0,Toei Animation,Spring,"Mystery, Shounen, Based on a Manga",3.53,2014.0,,"'The title character Hajime Kindaichi is a high school student who solves any case or mystery with his IQ of 180. He usually seems dull, but when there is a case, he demonstrates remarkable deductive skills inherited from his famous detective grandfather.'",,"The Kindaichi Case Files, Kindaichi Shounen no Jikenbo: Tanpenshuu, The New Kindaichi Files, Kindaichi Shounen no Jikenbo: Shin Series, Kindaichi Shounen no Jikenbo: 20th Shuunen Kinen Series, Kindaichi Shounen no Jikenbo Returns, Kindaichi Shounen no 1-paku 2-ka Shouryokou, Akechi Keibu no Jikenbo, Kindaichi 37-sai no Jikenbo","Kindaichi Shounen no Jikenbo Movie 1: Operazakan - Aratanaru Satsujin, Kindaichi Shounen no Jikenbo, Kindaichi Shounen no Jikenbo Movie 2: Satsuriku no Deep Blue, Kindaichi Shounen no Jikenbo (2007), Kindaichi Shounen no Jikenbo: Kuromajutsu Satsujin Jiken-hen, Kindaichi Shounen no Jikenbo Returns (2015), Kindaichi Shounen no Jikenbo Returns: Akechi Keibu no Jikenbo","Hajime Kindaichi : Taiki Matsuno, Miyuki Nanase : Akiko Nakagawa, Akane Akimine : Yuuko Hara, Akari Momoyama : Ayaka Asai, Akiko Hama : Hisako Kanemoto, Akira Fujimori : Yusuke Numata, Aoi Hayamiya : Kaoru Marimura, Christina Tanigawa : Ayano Niina, Kaoru Wada
Music, Akihiro Asanuma
Character Design, Kouji Nagai
Producer","Kaoru Wada : Music, Akihiro Asanuma : Character Design, Kouji Nagai : Producer"
Danball Senki Wars: All Star Battle,,DVD S,,OLM,,"Action, Mecha, Sci Fi, Based on a Video Game",3.53,2014.0,,"'Sena Arata is left behind for failing to have the schools superintendent, Josephine Daimon, sign his permission form. However, he encounters a surprise. Leaving the ship is the legend himself, Yamano Ban, who has come to lecture and guide the school on LBX Technology.'",,"Danball Senki Wars, Danball Senki Gaiden",Danball Senki Wars,"Arata Sena : Ryouta Oosaka, Ban Yamano : Megumi Kubota, Haruki Izumo : Tomoaki Maeno, Hikaru Hoshihara : Sayori Ishizuka, Jin Kaidou : Hisafumi Oda, Muraku Houjou : Shuuhei Iwase",
"Wake Up, Girls! Seven Idols", Wake Up Girls Shichinin no Idol,Movie,,Ordet,,"Idols, Music, Showbiz, Original Work",3.53,2014.0,,"""President Tange of Green Leaves Entertainment has a plan to save the failing company. With Matsuda’s help, they develop a plan to scout raw talent form a new idol group. What could possibly go wrong there? They may not be on the A-list, the B-List, or even the C-List to start, but with a little love and a whole lot of hard work, it's possible that all Japan may someday wake up to the music of WAKE UP, GIRLS!""",,"Gekijouban Wake Up, Girls!: Shichinin no Idol, Wake Up, Girls!","Wake Up, Girls! Seven Idols: A Brief Recording, Wake Up, Girls Zoo!, Wake Up, Girls!, Wake Up, Girls! Movie 1: The Shadow of Youth, Wake Up, Girls! Movie 2: Beyond the Bottom, Wake Up, Girls! New Chapter","Airi Hayashida : Airi Eino, Kaya Kikuma : Kaya Okuno, Mayu Shimada : Mayu Yoshioka, Minami Katayama : Minami Tanaka, Miyu Okamoto : Miyuu Takagi, Nanami Hisami : Nanami Yamashita, Yoshino Nanase : Yoshino Aoyama, Junko Tange : Noriko Hidaka, Yutaka Yamamoto
Director, Satoru Kousaki
Music, Sunao Chikaoka
Character Design, Hiroyuki Tanaka
Producer, Satoshi Tanaka
Producer, Mika Shimizu
Producer, Takashi Yoshizawa
Producer, Masahiro Sugasawa
Producer","Yutaka Yamamoto : Director, Satoru Kousaki : Music, Sunao Chikaoka : Character Design, Hiroyuki Tanaka : Producer, Satoshi Tanaka : Producer, Mika Shimizu : Producer, Takashi Yoshizawa : Producer, Masahiro Sugasawa : Producer"
Yu-Gi-Oh! Arc-V,,TV   ,148.0,Gallop,Spring,"Shounen, Card Battles, High Stakes Games, Based on a Manga",3.53,2014.0,2017.0,"'Yuya Sakaki’s dream is to follow in his father’s footsteps and become the greatest “duel-tainer” in history – and he just might pull it off when he suddenly discovers Pendulum Summoning, a never-before-seen technique that lets him summon many monsters at once! But when countless rivals emerge to steal his spotlight, Yuya needs to gear up his game because dueling has evolved into a non-stop world of action!'",,"Yu-Gi-Oh!, Yu-Gi-Oh! Duelist, Yu-Gi-Oh! Millennium World, Yu-Gi-Oh! R, Yu-Gi-Oh! GX, Yu-Gi-Oh! 5D's, Yu-Gi-Oh! Zexal, Yu-Gi-Oh! Arc-V (Naohito MIYOSHI), Yu-Gi-Oh! Arc-V, Yu-Gi-Oh! Transcend Game",,"Ayu Ayukawa : Satomi Akesaka, Futoshi Harada : Kyouko Chikiri, Noboru Gongenzaka : Youhei Oobayashi, Sora Shiun'In : Mie Sonozaki, Tatsuya Yamashiro : Nanami Shinde, Yuya Sakaki : Kensho Ono, Yuzu Hiragi : Yuuna Inamura, Hokuto Shijima : Natsuki Hanae, Katsumi Ono
Director, Kotaro Nakagawa
Music, Akemi Yokota
Character Design, Susumu Matsuyama
Producer, Kousuke Kazuno
Producer, Fumio Maezono
Episode Director","Katsumi Ono : Director, Kotaro Nakagawa : Music, Akemi Yokota : Character Design, Susumu Matsuyama : Producer, Kousuke Kazuno : Producer, Fumio Maezono : Episode Director"
Porong Porong: Snow Fairy Adventure, Pororo: Snow Fairy Adventure,Movie,,,,"Adventure, Animal Protagonists, Anthropomorphic, Birds, Family Friendly, Korean Animation, Non-Human Protagonists, Penguins, CG Animation",3.52,2014.0,,'Hop on board another animated adventure with Pororo! The snow fairy village is under siege by a giant lava monster. Can Pororo and his friends save the village?',,,"Pororo the Little Penguin, Pororo to the Cookie Castle, Pororo the Little Penguin 2, Pororo the Little Penguin 3, Pororo the Little Penguin 4, Porong Porong Rescue Mission, Pororo the Little Penguin: The Racing Adventure, Pororo the Little Penguin 5, Pororo the Little Penguin 6",Pororo,
Sabagebu! Survival Game Club Specials, Sabagebu! Specials,DVD S,,St. Signpost,,"Comedy, Shoujo, Based on a Manga",3.51,2014.0,2015.0,'No synopsis yet - check back soon!',,Sabagebu!,Sabagebu! Survival Game Club,"Kayo Goutokuji : Nao Touyama, Maya Kyoudou : Lynn, Miou Ootori : Yumi Uchiyama, Momoka Sonokawa : Ayaka Oohashi, Urara Kasugano : Rumi Ookubo, Ena Sakura :  Yui Horie, Kamo, Kazue Sonokawa : Kikuko Inoue, Hidekichi Matsumoto
Original Creator",Hidekichi Matsumoto : Original Creator
Studio Khara vs. CyberConnect2 Gachinko! Animation Taiketsu!, Studio Khara vs. CyberConnect2 Compete! Animation Showdown!,Web  ,2.0,Khara,,"Action, Comedy, Animal Characteristics, Animal Protagonists, Cats, Non-Human Protagonists, Promotional, Short Episodes, CG Animation",3.51,2014.0,,'No synopsis yet - check back soon!',,,,"Cc Chu, Kuroneko",
Shimajirou to Kujira no Uta,,Movie,,The Answer Studio,,"Adventure, Fantasy, Animal Protagonists, Anthropomorphic, Family Friendly, Non-Human Protagonists",3.51,2014.0,,'No synopsis yet - check back soon!',,,"Shima Shima Tora no Shimajirou, Hakken Taiken Daisuki! Shimajirou, Shimajirou Hesoka, Shimajirou no Wow!, Shimajirou to Tanjoubi no Ohoshi-sama, Shimajirou to Fufu no Daibouken Movie: Sukue! Nana-iro no Hana, Shimajirou to Ookinaki, Shimajirou to Otsuki-sama no Himitsu, Shimajirou to Ehon no Kuni, Shimajirou to Niji no Oasis, Shimajirou to Nagareboshi no Negaigoto, Shimajirou to Ururu no Hero Land","Mimirin Midorihara, Ramurin Makiba, Shimajirou Shimano, Torippii Sorano",
Sakura Trick,,TV   ,12.0,Studio DEEN,Winter,"Comedy, GL, Romance, Seinen, Shoujo-ai, Slice of Life, School Life, Based on a 4-Koma Manga, Based on a Manga",3.5,2014.0,,"'Best friends Haruka and Yuu have just entered their first year at Misato West High School, a facility scheduled to be shut down in three years. The duo have been inseparable since middle school, but moving to a new school means making new friends. So together, the pair decides they’ll share something special that they won’t do with the other girls: they’ll share a passionate kiss. Now, the two, along with new companions Kotone, Shizuku, Kaede and Yuku, begin their high school days together, having plenty of fun - and sharing plenty of intimate kisses - along the way.'",,"Sakura Trick, Sakura Trick: Anthology Comic",,"Haruka Takayama : Haruka Tomatsu, Yu Sonoda : Yuka Iguchi, Kaede Ikeno : Mai Fuchigami, Kotone Noda : Yuka Aisaka, Mitsuki Sonoda : Saki Fujita, Rina Sakai : Yurika Endou, Shizuku Minami : Hiromi Igarashi, Sumi Otokawa : Momo Asakura, Tachi
Original Creator, Kenichi Ishikura
Director & Ed Director & Op Director & Series Composition & Storyboard, Ryousuke Nakanishi
Music, Kyuuta Sakai
Character Design, Hiroyuki Kobayashi
Producer, Junichirou Tanaka
Producer, Nobumitsu Urasaki
Producer, Masashi Takatori
Producer","Tachi : Original Creator, Kenichi Ishikura : Director & Ed Director & Op Director & Series Composition & Storyboard, Ryousuke Nakanishi : Music, Kyuuta Sakai : Character Design, Hiroyuki Kobayashi : Producer, Junichirou Tanaka : Producer, Nobumitsu Urasaki : Producer, Masashi Takatori : Producer"
Elite Jack!!,,OVA  ,1.0,,,"Shoujo, Based on a Manga",3.5,2014.0,,"""The story is\xa0set\xa0at the elite Omega High School, where test results decide everything. The high-scorers in the student council, in particular the student council president, have a lot of authority. Yuria Aikawa comes to this school, and though she seems like an ordinary girl who loves fun things and her boyfriend Shuri, she's actually a super-genius who gets the top score on every test. She becomes student council president and tries to make school life more fun in various ways.""",,Elite Jack!!,,"Eri Touma : Chiyo Ousaki, Shuri Ehara : Yuka Terasaki, Shuuichirou Noguchi : Yohei Hamada, Yuria Aikawa : Yui Horie, Osamu Sekita
Director",Osamu Sekita : Director
"Watamote: No Matter How I Look at It, It's You Guys' Fault I'm Not Popular! OVA"," Watashi ga Motenai no wa Dou Kangaete mo Omaera ga Warui!: Motenai shi, Nazo Meite Miru",OVA  ,1.0,SILVER LINK.,,"Comedy, Shounen, Mental Illness, Otaku Culture, School Life, Based on a Manga",3.5,2014.0,,'No synopsis yet - check back soon!',,"No Matter How I Look at It, It's You Guys' Fault I'm Not Popular!, Watashi no Tomodachi ga Motenai no wa Dou Kangaete mo Omaera ga Warui.","Watamote: No Matter How I Look at It, It's You Guys' Fault I'm Not Popular!","Aomatsu, Tomoko Kuroki, Yuu Narise, Kii-Chan, Kotomi Komiyama, Tomoki Kuroki, Tomoko'S Mother, Nico Tanigawa
Original Creator, Shin Oonuma
Director, Sadesper Record
Music, Hideki Furukawa
Character Design, Makoto Itou
Producer, Manami Watanabe
Producer, Hayato Kaneko
Producer, Masatoshi Ishizuka
Producer","Nico Tanigawa : Original Creator, Shin Oonuma : Director, Sadesper Record : Music, Hideki Furukawa : Character Design, Makoto Itou : Producer, Manami Watanabe : Producer, Hayato Kaneko : Producer, Masatoshi Ishizuka : Producer"
Hayate the Combat Butler! (2014), Hayate no Gotoku! (2014),OVA  ,3.0,Manglobe,,"Comedy, Shounen, Slice of Life, Based on a Manga",3.49,2014.0,,'No synopsis yet - check back soon!',,"Hayate the Combat Butler, Hayate the Combat Butler (Light Novel)","Hayate the Combat Butler!, Hayate the Combat Butler!! OVA, Hayate the Combat Butler!!, Hayate the Combat Butler! Heaven is a Place on Earth, Hayate the Combat Butler! Can't Take My Eyes Off You, Hayate the Combat Butler! Cuties","Hayate Ayasaki : Ryouko Shiraishi, Nagi Sanzenin : Rie Kugimiya, Maria : Rie Tanaka, Athena Tennousu : Ayako Kawasumi, Ayumu Nishizawa : Mikako Takahashi, Hinagiku Katsura : Shizuka Itou, Izumi Segawa : Sayuri Yahagi, Ruka Suirenji : Haruka Yamazaki, Yuuko Kobari
Color Design",Yuuko Kobari : Color Design
A Town Where You Live (2014), Kimi no Iru Machi (2014),OVA  ,2.0,GONZO,,"Comedy, Drama, Romance, Shounen, Love Triangle, Based on a Manga",3.49,2014.0,,'No synopsis yet - check back soon!',,"A Town Where You Live, A Town Where You Live: Mousou 200-wa Special Edition, Kimi no Iru Machi x Princess Lucia Special Collaboration Comic","A Town Where You Live: Tasogare Kousaten, A Town Where You Live","Akari Kaga : Nana Kouno, Haruto Kirishima : Yoshimasa Hosoya, Rin Eba : Saki Fujita, Takashi Yura : Sayuri Yahagi, Yuzuki Eba : Megumi Nakajima, Fuuka Akitsuki : Ayaka Shimizu, Haruto'S Mother : Maki Daimon, Kitajima : Takuya Eguchi, Kouji Seo
Original Creator, Shigeyasu Yamauchi
Director, Keiichi Oku
Music, Terumi Nishii
Character Design, Kensuke Tateishi
Producer","Kouji Seo : Original Creator, Shigeyasu Yamauchi : Director, Keiichi Oku : Music, Terumi Nishii : Character Design, Kensuke Tateishi : Producer"
Fantasista Stella,,OVA  ,3.0,XEBEC,,"Shounen, Sports, Soccer, Based on a Manga",3.49,2014.0,2015.0,'No synopsis yet - check back soon!',,"Fantasista, Fantasista Stella",,"Keisuke Honda : Hideo Ishikawa, Teppei Sakamoto : Junichi Yanagita, Atsushi Kondou : Eiji Miyashita, Kaoru Okita : Kouki Uchiyama, Rui Ookubo : Shunsuke Kawabe, Ryuuji Morikawa : Kaito Ishikawa, Michiteru Kusaba
Original Creator, Hideya Takahashi
Director","Michiteru Kusaba : Original Creator, Hideya Takahashi : Director"
HoneyWorks: Ima Suki ni Naru," HoneyWorks: Right Now, I'll Fall in Love",Music,,,,"Romance, Vocaloid",3.49,2014.0,,'No synopsis yet - check back soon!',,,The Moment You Fall in Love,"Hina Setoguchi, Koyuki Ayase, Natsuki Enomoto, Yuu Setoguchi, Honeyworks
Producer",Honeyworks : Producer
Cardfight!! Vanguard G,,TV   ,48.0,Double Eagle,Fall ,"Action, Fantasy, Card Battles, Family Friendly, Tournaments, Based on a Card Game",3.49,2014.0,2015.0,"'Three years have passed and Aichi and his friends have all moved on. Misaki now owns a second Card Capital location and Kamui, now in high school, works there as a part time employee. But now, it’s time for a new group of champions to emerge; and Chrono Shindou, a misunderstood middle school student, might just be the most passionate new player to enter the world of Vanguard. Under Kamui’s tutelage, Chrono will stand up and fight with his rare Gear Chronicle deck, battling powerful enemies and making new friends and rivals along the way.'",,"Cardfight!! Vanguard, Mini Vanguard, Bermuda Triangle: Karen on Stage♪, Another Vanguard: Seidou no Asuka","Cardfight!! Vanguard, Cardfight!! Vanguard: Asia Circuit, Cardfight!! Vanguard: Link Joker, Cardfight!! Vanguard: Legion Mate, Cardfight!! Vanguard G: GIRS Crisis, Cardfight!! Vanguard G: Stride Gate, Cardfight!! Vanguard G: Next, Cardfight!! Vanguard G: Z","Chrono Shindou : Mark Ishii, Kamui Katsuragi : Shizuka Ishikawa, Shion Kiba : Junya Enoki, Tokoha Anjou : Emi Nitta, Karl Yamaji : Kotomi Otsuka, Kei Nagara : Shintarou Tanaka, Kouji Ibuki :  Mamoru Miyano, Kumi Okazaki : Mikoi Sasaki, Yui Umemoto
Director, Mamoru Mori
Music, Mari Tominaga
Character Design","Yui Umemoto : Director, Mamoru Mori : Music, Mari Tominaga : Character Design"
World Conquest Zvezda Plot, Sekai Seifuku: Bouryaku no Zvezda,TV   ,12.0,A-1 Pictures,Winter,"Action, Comedy, Fantasy, Sci Fi, Conspiracy, School Life, Superpowers, Original Work",3.49,2014.0,,"'As a runaway middle school student with nowhere to go, Asuta Jimon is starving! But things change when he runs across a girl named Kate who gives him an offer he can’t refuse: join Zvezda, her secret society hell-bent on conquering the world, and he’ll be fed for life! But as Asuta soon learns, Zvezda’s plans for world domination won’t be easy, as the gang tends to get sidetracked with missions like ridding the world of smokers, or becomes waylaid by Yasube’s bumbling efforts, or deals with getting sick from Itsuka’s foul concoctions from the kitchen! On their fearless leader’s whims, Asuta and the rest of Zvezda aim to take over the world one day at a time, no matter how insignificant the attempt.'",,"Sekai Seifuku: Junketsu no White Light, Sekai Seifuku: Bouryaku no Zvezda",World Conquest Zvezda Plot: Shin Zvezda Daisakusen,"Asuta Jimon : Natsuki Hanae, Goro Shikabane : Minoru Hirota, Itsuka Shikabane : Mariya Ise, Kate Hoshimiya : Misaki Kuno, Natasha : Kana Hanazawa, Roboko : Erii Yamazaki, Yasube Morozumi : Kohsuke Toriumi, Kurukuru, Tensai Okamura
Director, Tatsuya Katou
Music, Keigo Sasaki
Character Design, Shigemi Ikeda
Art Director, Yukiko Maruyama
Art Director, Toshihiro Maeda
Producer, Kozue Kaneniwa
Producer, Makoto Furukawa
Producer","Tensai Okamura : Director, Tatsuya Katou : Music, Keigo Sasaki : Character Design, Shigemi Ikeda : Art Director, Yukiko Maruyama : Art Director, Toshihiro Maeda : Producer, Kozue Kaneniwa : Producer, Makoto Furukawa : Producer"
Future Card Buddyfight,,TV   ,64.0,OLM,Winter,"Card Battles, Monsters, Based on a Card Game",3.48,2014.0,2015.0,"'Humans intermingle with beings from the parallel world of ""Shinkinkai."" The ""Buddyfight"" game chooses humans (""Buddyfighters"") and partners them with Buddy Monsters from Shinkinkai, and the duo fight against other Buddyfighters. The battles in these games can sometimes even influence the fate of nations. Gaō Mikado is a sixth-year student at the ""Aibo Academy"" elementary division who longs to be a Buddyfighter and to be partnered with a Monster. One day Gaō notices a young boy being bullied by delinquents, and he helps him out using his Aiki-jujutsu skills. Drum Bunker Dragon, a Monster and the son of the hero of Dragon World, watches Gaō\'s actions, and decides to form a pact with him as his buddy.'",,"Future Card Buddyfight, Future Card Buddyfight: Dark Game Chronicles","Future Card Buddyfight Recap, Future Card Buddyfight 100, Future Card Buddyfight Triple D, Future Card Buddyfight X, 40-Shuunen da yo! Coro Coro All-Star Shougakkou, Future Card Buddyfight: All-Star Fight, Future Card Buddyfight Ace","Drum Bunker Dragon : Shintarou Oohata, Gao Mikado : Marie Mizuno, Baku Omori : Shuuta Morishima, Hanako Mikado : Suzuko Mimori, Jackknife Dragon : Hiroki Yasumoto, Kiri Hyoryu : Aimi, Kuguru Uki : Mikoi Sasaki, Noboru Kodo : Izumi Kitta, Shigetaka Ikeda
Director, Hiroaki Hayama
Music, Kazushi Miyakoda
Music, Kazumi Ono
Character Design, Naohiko Furuichi
Producer, Hayato Saga
Producer, Hiroyuki Kawasaki
Screenplay","Shigetaka Ikeda : Director, Hiroaki Hayama : Music, Kazushi Miyakoda : Music, Kazumi Ono : Character Design, Naohiko Furuichi : Producer, Hayato Saga : Producer, Hiroyuki Kawasaki : Screenplay"
M3 the dark metal Recap, M3: Sono Kuroki Hagane Recap,TV Sp,,C2C,,"Action, Drama, Sci Fi, Recap, Original Work",3.48,2014.0,,"'A recap episode, covering episodes 1-13 of\xa0M3 the dark metal.'",,,M3 the dark metal,,
Pleasant Goat and Big Big Wolf Movie 6: Meet The Pegasus, Xi Yangyang Yu Hui Tailang Zhi Fei Ma Qi Yu Ji,Movie,,Creative Power Entertaining,,"Adventure, Animal Protagonists, Anthropomorphic, Chinese Animation, Family Friendly, Non-Human Protagonists",3.48,2014.0,,'No synopsis yet - check back soon!',,,"Pleasant Goat and Big Big Wolf, Pleasant Goat and Big Big Wolf Movie 1: The Super Snail Adventure, Pleasant Goat and Big Big Wolf Movie 2: The Tiger Prowess, Pleasant Goat and Big Big Wolf Movie 3: Moon Castle - The Space Adventure, Pleasant Goat and Big Big Wolf Movie 4: Mission Incredible - Adventures on the Dragon's Trail, Pleasant Goat and Big Big Wolf Movie 5: The Mythical Ark - Adventures in Love & Happiness, Pleasant Goat and Big Big Wolf Movie 7: Amazing Pleasant Goat, Pleasant Goat and Big Big Wolf Movie 8",,
Legend of the Forest: 2nd Movement, Mori no Densetsu: Dai Ni Gakushou,Movie,,Tezuka Productions,,"Fantasy, Forest, Shorts, Original Work",3.48,2014.0,,'No synopsis yet - check back soon!',,,Legend of the Forest,"Macoto Tezka
Director & Storyboard, Akio Sugino
Character Design, Tomoyuki Shiokawa
Photography Director","Macoto Tezka : Director & Storyboard, Akio Sugino : Character Design, Tomoyuki Shiokawa : Photography Director"
Narihero www Movie, Konna Watashi-tachi ga Nariyuki de Heroine ni Natta Kekka www 'Narihero www' Movie,Movie,,,,"Comedy, CG Animation",3.47,2014.0,,'No synopsis yet - check back soon!',,,Narihero www,"Alice Soyogi : Maaya Uchida, Plato Soyogi : Yuiko Tatsumi, Socra Soyogi : Mutsumi Tamura, Souta Sugahara
Director & Character Design & Original Creator, Shinichirou Kitazawa
Producer, Yoshifumi Yarimizu
Producer","Souta Sugahara : Director & Character Design & Original Creator, Shinichirou Kitazawa : Producer, Yoshifumi Yarimizu : Producer"
Inui-san!,,OVA  ,2.0,Pie in the sky,,"Shoujo, Animal Protagonists, Anthropomorphic, Dogs, Non-Human Protagonists, Based on a 4-Koma Manga, Based on a Manga",3.47,2014.0,,"""The story\xa0revolves around a not-so-normal high school girl with the surname Inui (a pun of the word 'dog') who happens to be a dog. Together with her best friend Rurumi Usagi (pun of the word 'rabbit'), Inui plays around and falls in love.""",,Inui-san!,,"Inui : Keiko Enoue, Rurumi Usagi : Aya Suzaki, Koutarou Hitsuji : Kouhei Amasaki, Yuutarou Sawada
Director",Yuutarou Sawada : Director
Terra Formars,,TV   ,13.0,LIDEN FILMS,Fall ,"Action, Horror, Sci Fi, Seinen, Human Experimentation, Insects, Superpowers, Based on a Manga, Explicit Violence",3.47,2014.0,,"""With Earth becoming increasingly overpopulated, an ambitious plan has been put into place to terraform Mars using mold and cockroaches. Nearly 500 years after the plan, a mission to Mars, Annex 1, is under way to accomplish crucial research into the Virus currently plaguing mankind with the crew members who've been injected with various DNA of life on Earth in order to combat the Terraformars, giant humanoid cockroaches.""",Explicit Violence,"Terra Formars, Terra Formars Gaiden: Rain Hard, Terra Formars: The Outer Mission (Light Novel), Terra Formars Gaiden: Asimov, Terra Formars Gaiden: Keiji Onizuka","Terra Formars OVA, Terra Formars: Revenge, Terra Formars: Earth Arc","Akari Hizamaru : Yoshimasa Hosoya, Alex Kandley Stewart : Kenn, Marcos Eringrad Garcia : Kaito Ishikawa, Michelle K. Davis : Shizuka Itou, Shokichi Komachi : Hidenobu Kiuchi, Adolf Reinhardt : Kouji Yusa, Ivan Perepelkina : Kenji Akabane, Joseph G. Newton : Akira Ishida, Yu Sasuga
Original Creator, Hiroshi Hamasaki
Director, Shuusei Murai
Music, Masanori Shino
Character Design, Satoshi Kimura
Character Design, Hiroyuki Oomori
Producer, Satoshi Tanaka
Producer, Shinya Shinozaki
Producer","Yu Sasuga : Original Creator, Hiroshi Hamasaki : Director, Shuusei Murai : Music, Masanori Shino : Character Design, Satoshi Kimura : Character Design, Hiroyuki Oomori : Producer, Satoshi Tanaka : Producer, Shinya Shinozaki : Producer"
Huoli Shaonian Wang Zhi Chuanqi Zaixian, Blazing Teens 5,Web  ,40.0,,,"Action, Fantasy, Chinese Animation, Family Friendly, Proxy Battles",3.47,2014.0,,'No synopsis yet - check back soon!',,,"Huoli Shaonian Wang 3, Huoli Shaonian Wang 3: Xuji, Huoli Shaonian Wang Zhi Chuanqi Zaixian: Xuji, Huoli Shaonian Wang Zhi You Quan Yingxiong","Leon, Katherine, Kurei, Leon'S Father, Leon'S Mother, Xia Zhu",
emon(Tes.): Dreamin Chuchu, emon(Tes.): Dreaming Chu Chu,Music,,,,Vocaloid,3.47,2014.0,,'No synopsis yet - check back soon!',,,,"Luka Megurine, Emon(Tes.)
Producer",Emon(Tes.) : Producer
"I Couldn't Become a Hero, So I Reluctantly Decided to Get a Job. OVA", Yuusha ni Narenakatta Ore wa Shibushibu Shuushoku wo Ketsui Shimashita OVA,OVA  ,1.0,asread,,"Action, Comedy, Ecchi, Fantasy, Demons, Magic, Panty Shots, Based on a Light Novel, Nudity",3.47,2014.0,,"'When Raul’s little sister pays him a surprise visit, Raul and the girls will have to hatch a plan to trick her into thinking he’s really become a hero!'",Nudity,"I Couldn't Become a Hero, So I Reluctantly Decided to Get a Job. (Light Novel), I Couldn't Become a Hero, So I Reluctantly Decided to Get a Job.","I Couldn't Become a Hero, So I Reluctantly Decided to Get a Job.","Fino Bloodstone : Azusa Tadokoro, Myuri Chaser : Aya Uchida, Raul Chaser : Keisuke Koumoto, Airi Oltined : Kanae Iwasaki, Elza Crushial : Emi Nitta, Lamdimia Do Aximemor : Natsumi Yamada, Lore Beliferal : Kumi Takaragi, Nova Luminous : Madoka Sowa, Kinji Yoshimoto
Director & Ed Director & Op Director & Storyboard, Masaru Yokoyama
Music, Hiroaki Tsutsumi
Music, Tetsuya Takeuchi
Character Design, Atsushi Itou
Producer","Kinji Yoshimoto : Director & Ed Director & Op Director & Storyboard, Masaru Yokoyama : Music, Hiroaki Tsutsumi : Music, Tetsuya Takeuchi : Character Design, Atsushi Itou : Producer"
Kyoto Gakuen University CM: Asagimadara no Yume,,Other,,,,"Commercials, Promotional, Short Episodes, CG Animation",3.47,2014.0,2015.0,'No synopsis yet - check back soon!',,,,"Sono Uzumasa, Kohta Morie
Director",Kohta Morie : Director
Dappisuru Tame ni Hitsuyou na Koto, Growth Factor,Movie,,,,"Coming of Age, School Life, Shorts",3.46,2014.0,,"'A middle school boy, who likes to snap photos of things he fancies, and then draws pictures of them. On his usual route home, he spots the girl he likes with another boy. The balance between his delusions and reality is in constant flux.'",,,,"Ryosuke Oshiro
Director, Ayatake Ezaki
Music, Mitsuko Okamoto
Producer","Ryosuke Oshiro : Director, Ayatake Ezaki : Music, Mitsuko Okamoto : Producer"
Inari Kon Kon: Cicada Chorus," Inari, Konkon, Koi Iroha.: Inari, Konkon, Semishigure.",OVA  ,1.0,Production IMS,,"Fantasy, Seinen, Japanese Mythology, Based on a Manga",3.46,2014.0,,"'Out of her worry for Inari’s reckless ways, Kon decides to transform into a human in order to become a better familiar. But before she can reach Inari, she bumps into Tanbabashi’s younger brother, Shirou!'",,"Inari Konkon, Inari Konkon (Light Novel)",Inari Kon Kon,"Inari Fushimi : Naomi Oozora, Kon : Sayuri Hara, Kouji Tanbabashi : Hiroshi Okamoto, Shirou Tanbabashi : Subaru Tougou, Akemi Sumizome : Inori Minase, Chika Marutamachi : Kaori Sadohara, Keiko Sanjou : Kumiko Watanabe, Ohmiya-No-Me-No-Kami : Shiori Mikami, Morohe Yoshida
Original Creator, Tooru Takahashi
Director, Touko Machida
Screenplay & Series Composition, Kenjirou Gomi
Producer, Shigeru Nishiyama
Editor","Morohe Yoshida : Original Creator, Tooru Takahashi : Director, Touko Machida : Screenplay & Series Composition, Kenjirou Gomi : Producer, Shigeru Nishiyama : Editor"
A Good Librarian Like a Good Shepherd, Daitoshokan no Hitsujikai,TV   ,12.0,Felix Film,Fall ,"Harem, Romance, Library, School Club, School Life, Based on an Eroge, Based on a Visual Novel",3.46,2014.0,,"'Kyoutarou Kakei is a shy student at a prestigious academy known for its massive library. The sole member of the school’s library club, Kyoutarou’s always been better with books than girls – until a text message from the mysterious “Shepherd” hints that his fate will soon be changing. Life gets wild in a hurry after a vision allows Kyoutarou to rescue Tsugumi, a beautiful girl who also received a text message from the “Shepherd.” Soon, Tsugumi announces her intentions to join the Library Club and, with Kyoutarou’s help, make school life much more interesting! It doesn’t take long for a host of other pretty girls to follow Tsugumi’s lead and join the club in the hopes of spicing up their boring academy lives. But just who is this “Shepherd,” what does he or she have to do with the Library Club’s sudden popularity, and how in the world will Kyoutarou survive being surrounded by all these girls!?'",,A Good Librarian Like a Good Shepherd,A Good Librarian Like a Good Shepherd Picture Drama,"Kana Suzuki : Eri Sendai, Kyoutarou Kakei : Junji Majima, Nagi Kodachi : Atsumi Tanezaki, Senri Misono : Nozomi Yamamoto, Tamamo Sakuraba : Yuka Saitou, Tsugumi Shirasaki : Madoka Yonezawa, Aoi Takigawa : Kei Mizusawa, Ikkei Takamine : Showtaro Morikubo, Kenichi Konishi
Director & Character Design & Chief Animation Director, Yuu Nobuta
Director & Character Design & Chief Animation Director, Tomomi Kamiya
Director & Character Design & Chief Animation Director, Kaori Hayashi
Director & Character Design & Chief Animation Director, Mami Sodeyama
Director & Character Design & Chief Animation Director, Shigemi Ikeda
Art Director, Masaru Nagai
Producer","Kenichi Konishi : Director & Character Design & Chief Animation Director, Yuu Nobuta : Director & Character Design & Chief Animation Director, Tomomi Kamiya : Director & Character Design & Chief Animation Director, Kaori Hayashi : Director & Character Design & Chief Animation Director, Mami Sodeyama : Director & Character Design & Chief Animation Director, Shigemi Ikeda : Art Director, Masaru Nagai : Producer"
Hitoshizuku-P x Yama△: Shikiori no Hane,,Music,,,,Vocaloid,3.46,2014.0,,'No synopsis yet - check back soon!',,,,"Len Kagamine, Rin Kagamine, Hitoshizuku-P
Producer, Yama△
Producer","Hitoshizuku-P : Producer, Yama△ : Producer"
Qin Shi Mingyue: Luo Shengtang Xia,,Web  ,1.0,Sparkly Key Animation Studio,,"Action, Ancient China, Chinese Animation, Historical, Wuxia, CG Animation",3.46,2014.0,,'No synopsis yet - check back soon!',,,"The Legend of Qin, Qin Shi Mingyue: Ye Jin Tianming, Qin Shi Mingyue: Zhu Zi Bai Jia, Qin Shi Mingyue Si: Wanli Changcheng, Qin Shi Mingyue: Kong Shan Niao Yu, Qin Shi Mingyue: Junlin Tianxia, Qin Shi Mingyue 3D: Dianying Longteng Wanli, Qin Shi Mingyue Tebie Pian: Dizi Jiang Xi, Qin Shi Mingyue: Yi Zhe Ru Shi, Qin Shi Mingyue: Canghai Hengliu",Shao Siming,
Kuro no Sumika: Chronus,,Movie,,Studio 4°C,,"Drama, Anime Tamago, Shinigami, Shorts, Supernatural, Original Work",3.46,2014.0,,"'Makoto Nakazono is a high school student with a small dark secret. Since he was little, he has had the mysterious power to see ""black entities"" that steal souls — the gods of death known as Fates. One day, he is suddenly interrogated by one of the ""black entities,"" Akira Seno: ""Will you get in our way?""\xa0But Makoto replies with an air of resignation, ""There\'s nothing I can do anyway, so I won\'t."" At that moment, Makoto didn\'t notice the threatening shadow approaching his childhood friend Hazuki...'",,,,"Makoto Nakazono : Natsuki Hanae, Akira Seno : Daisuke Ono, Hazuki Horiuchi : You Taichi, Hazuki'S Mother : Satomi Kobayashi, Ichiko Shimura : Yuuki Matsumoto, Izumi, Kenji Izumi : Yoshihisa Hosokawa, Shinobu Toujou : Tomoaki Maeno, Naoyuki Onda
Director & Original Character Design & Storyboard, Yasuyuki Shimizu
Character Design, Eiko Tanaka
Producer, Hiroto Yonemori
Producer, Kengo Shigemura
Editor, Eiji Abiko
Storyboard","Naoyuki Onda : Director & Original Character Design & Storyboard, Yasuyuki Shimizu : Character Design, Eiko Tanaka : Producer, Hiroto Yonemori : Producer, Kengo Shigemura : Editor, Eiji Abiko : Storyboard"
Lovely Movie: Lovely Muuuuuuuco! Specials, Lovely Movie: Itoshi no Muco Specials,DVD S,,Doga Kobo,,"Comedy, Seinen, Slice of Life, Animal Protagonists, Countryside, Dogs, Non-Human Protagonists, Pets, Based on a Manga",3.46,2014.0,,'No synopsis yet - check back soon!',,Itoshi no Muco,"Lovely Movie: Lovely Muuuuuuuco!, Lovely Movie: Lovely Muuuuuuuco! 2, Lovely Muuuuuuuco!, Lovely Muuuuuuuco! OVA","Komatsu, Muco, Takayuki Mizushina
Original Creator",Takayuki Mizushina : Original Creator
Sengoku Basara: End of Judgement, Sengoku Basara: Judge End,TV   ,12.0,Telecom Animation Film,Summer,"Action, Feudal Japan, Historical, Samurai, Swordplay, Based on a Video Game, Violence",3.45,2014.0,,"""During the turbulent period of warring states, numerous feudal lords sought to rule the land of the rising sun. With Nobunaga defeated, Hideyoshi lead a brutal campaign to wipe out the remaining combatants. His ambitions were crushed, however, when he was betrayed by the idealistic Tokugawa Ieyasu. Ieyasu's rebellion marked the start of a new conflict that would put old and new alliances to the test as Hideyoshi's loyal followers began plotting their revenge, and the other remaining lords prepared their armies for the showdown at Sekigahara.""",Violence,"Sengoku Basara 2, Devil Kings Basara, Sengoku Basara 3 - Roar of Dragon","Mini Sengoku Basara: Chousokabe-kun to Mouri-kun, Sengoku Basara: Samurai Kings, Sengoku Basara: Samurai Kings - Clash in the Inland Sea of Seto! Fugaku, the Great Fire-Belching Fortress of the Sea!, Mini Sengoku Basara Two: Tsukiyo no Katakura-kun, Sengoku Basara: Samurai Kings 2, Sengoku Basara: Samurai Kings 2 - Dragon and Tiger -- Oath of Victory! Souls Racing Towards a Blazing Future!!, Sengoku Basara Movie: 4-Koma Gekijou - Another Last Party, Sengoku Basara: Samurai Kings Movie - The Last Party","Ieyasu Tokugawa : Tooru Ookawa, Masamune Date : Kazuya Nakai, Mitsunari Ishida : Tomokazu Seki, Yukimura Sanada : Souichirou Hoshi, Hanbei Takenaka : Akira Ishida, Hideaki Kobayakawa : Jun Fukuyama, Hideyoshi Toyotomi : Ryotaro Okiayu, Kanbei Kuroda : Rikiya Koyama, Takashi Sano
Director, Masahiro Tokuda
Music, Michinori Chiba
Character Design, Yoshikazu Iwanami
Sound Director, Toshio Nakatani
Producer, Atsushi Kirimoto
Producer, Ai Morikawa
Producer, Kouhei Itou
Producer","Takashi Sano : Director, Masahiro Tokuda : Music, Michinori Chiba : Character Design, Yoshikazu Iwanami : Sound Director, Toshio Nakatani : Producer, Atsushi Kirimoto : Producer, Ai Morikawa : Producer, Kouhei Itou : Producer"
One Week Friends: Tomodachi to no Omoide, Isshuukan Friends. Tomodachi to no Omoide,DVD S,,Brain's Base,,Recap,3.45,2014.0,,'No synopsis yet - check back soon!',,,One Week Friends,"Kaori Fujimiya, Saki Yamagishi, Yuuki Hase",
ABEDON: Beautiful Day,,Music,,,,Abstract,3.45,2014.0,,"'The official music video for\xa0Beautiful Day\xa0from the album\xa0Black and White, by Yoshiharu Abe.'",,,,"Masanobu Hiraoka
Director, Yoshiharu Abe
Music","Masanobu Hiraoka : Director, Yoshiharu Abe : Music"
The Dragon Dentist,"Alt titles: Nihon Animator Mihonichi: The Dragon Dentist, Ryuu no Haisha",Web  ,1.0,Khara,,"Fantasy, Dragons, Japan Animator's Exhibition, Shorts",3.45,2014.0,,"""A girl comes there to become a dentist of dragon. She is with other new freshman applicants, but there is no announcement from a senior as a guidance. They are confused and taken along with the senior. The only way is just to walk through freshman's path, which is dark and strange. They do not know where they are. Not knowing what to do, she is approaching to the secret of dragon, but she does not realize yet. The adventure has already begun.""",,The Dragon Dentist,The Dragon Dentist (2017),"Nonoko Kishii : Megumi Hayashibara, Soldier, Yotoshio Godou : Kouichi Yamadera, Dragon, Outarou Maijou
Director & Original Creator, Yoshitaka Koyama
Music, Yoshimichi Kameda
Character Design, Tomoyuki Ogata
Producer, Kazuya Tsurumaki
Chief Animation Director","Outarou Maijou : Director & Original Creator, Yoshitaka Koyama : Music, Yoshimichi Kameda : Character Design, Tomoyuki Ogata : Producer, Kazuya Tsurumaki : Chief Animation Director"
Yuuto-kun ga Iku Movie, Gekijouban Yuuto-kun ga Iku,Movie,,Shirogumi,,"Comedy, Sports, Family Friendly, Soccer, Original Work",3.45,2014.0,,'No synopsis yet - check back soon!',,,Yuuto-kun ga Iku,"Yuuto : Junko Takeuchi, Ryou Higuchi
Director, Shuu Yamada
Producer","Ryou Higuchi : Director, Shuu Yamada : Producer"
Sword Art Online II: Sword Art Offline II,,DVD S,,,,"Comedy, Chibi",3.44,2014.0,2015.0,'No synopsis yet - check back soon!',,"Sword Art Online (Light Novel), Sword Art Online: Aincrad, Sword Art Online 4-koma, Sword Art Online SS: Calibur SS-han (Light Novel), Sword Art Online: Fairy Dance, Sword Art Online Side Stories (Light Novel), Sword Art Online: Progressive (Light Novel), Sword Art Online Comic Anthology, Sword Art Online: Girls' Ops, Sword Art Online: Progressive, Sword Art Online Alternative: Gun Gale Online (Light Novel), Sword Art Online: Mother's Rosary, Sword Art Online: Phantom Bullet, Sword Art Online: Calibur, Sword Art Online Alternative: Gun Gale Online, Sword Art Online: Aincrad Night of Kirito, Sword Art Online Alternative: Clover's Regret (Light Novel), Sword Art Online: Project Alicization, Sword Art Online: Hollow Realization, Sword Art Online Iden: Kibaou-han!, Sword Art Online: Hopeful Chant (Light Novel), Sword Art Online: Ordinal Scale, Sword Art Online: Kirito no Gun Gale Wars, Sword Art Online: Progressive - Barcarolle of Froth, Sword Art Online: Kiss and Fly","Sword Art Online, Sword Art Online: Sword Art Offline, Sword Art Online: Extra Edition, Sword Art Online: Sword Art Offline - Extra Edition, Sword Art Online II, Sword Art Online II: Debriefing, Sword Art Online Movie: Ordinal Scale, Sword Art Online: Fatal Bullet - The Third Episode, Sword Art Online Alternative: Gun Gale Online, Sword Art Online Alternative: Gun Gale Online - Refrain","Asuna Yuuki : Haruka Tomatsu, Kirito : Yoshitsugu Matsuoka, Shino Asada : Miyuki Sawashiro, Lisbeth : Ayahi Takagaki, Silica : Rina Hidaka, Yui : Kanae Itou, Yuuki Konno : Aoi Yuuki, Behemoth",
rerulili: At God's Mercy, rerulili: Kami no Manimani,Music,,,,Vocaloid,3.44,2014.0,,"'When\xa0a\xa0depressed sun\xa0goddess hides away in a cave, sunlight leaves the world. Determined to help her, villagers and other gods try everything to make her come out, like singing and dancing, but nothing works. What will finally make the goddess leave?'",,,,"Rerulili
Producer",Rerulili : Producer
Carino Coni,,TV   ,26.0,Robot,Spring,"Animal Protagonists, Anthropomorphic, Family Friendly, Non-Human Protagonists, Rabbits, Short Episodes, CG Animation",3.44,2014.0,,'No synopsis yet - check back soon!',,,,"Coni : Satomi Arai, Bianca : Satomi Arai, Fabio : Tomokazu Seki, Franco, Gufo, Harry : Tomokazu Seki, Ser, Tao, Yuuichi Abe
Director",Yuuichi Abe : Director
Tsubasa to Hotaru,,Other,,J.C.Staff,,"Romance, Shoujo, School Life, Based on a Manga",3.44,2014.0,,"'Tsubasa Sonokawa is a 15-year old high school girl who fell in love with her upperclassman when he saved her after she fainted at the train station from anemia. She thought it was a meeting of fate, and visited him at his class every day. However, he told her that her feelings were ""heavy,"" and he dumped her. She once again meets a boy after taking over her friend Yuri\'s job as boy\'s basketball team manager. She learns that she might have more of a connection with this boy named Aki than she first thought.'",,Tsubasa to Hotaru,"Tsubasa to Hotaru (2015), Tsubasa to Hotaru (2016)","Aki Hidaka, Tsubasa Sonokawa, Hachiya, Sugiyama, Yoshinari Karasuma, Yuri, Yuuma Toba, Nana Haruta
Original Creator, Chiaki Kon
Director, Shigeru Nishiyama
Editor","Nana Haruta : Original Creator, Chiaki Kon : Director, Shigeru Nishiyama : Editor"
halyosy: Connecting,,Music,,,,Vocaloid,3.44,2014.0,,'No synopsis yet - check back soon!',,,,"Kaito, Len Kagamine, Luka Megurine, Meiko, Miku Hatsune, Rin Kagamine, Halyosy
Producer",Halyosy : Producer
Neko Pitcher, Cat Pitcher,TV   ,51.0,Odd Job,Spring,"Comedy, Seinen, Sports, Animal Protagonists, Baseball, Cats, Non-Human Protagonists, Short Episodes, Based on a Manga",3.44,2014.0,2016.0,"'The story\xa0revolves around the first professional cat pitcher Miitarou, who plays for the ""Nyiants."" Miitarou has a great but unusual playing style distinctive of cats: he dozes off on the pitcher\'s mound and uses the bat to sharpen his claws.'",,Chokukyuu Nippon Shoubu Neko Pitcher,,"Miitarou, Kantoku, Yuki, Kenji Sonishi
Original Creator",Kenji Sonishi : Original Creator
Girls und Panzer: Akiyama Yukari no Sensha Kouza, Girls und Panzer: Akiyama Yukari's Tank Course - Italy Version,DVD S,,Actas,,"Educational, Military, Original Work",3.44,2014.0,,'No synopsis yet - check back soon!',,"Girls und Panzer: Little Army, Girls und Panzer, Girls und Panzer (Light Novel), Girls und Panzer: Comic Anthology, Girls und Panzer: Ribbon no Musha, Girls und Panzer: Gekitou! Maji no Ikusa Desu!!, Girls und Panzer: Little Army II, Girls und Panzer: 4-koma Anthology Comic, Girls und Panzer: Saishuushou - Keizoku Koukou Harapeko Shokujidou, Girls und Panzer: Avanti! Anzio Koukou",Girls und Panzer: This is the Real Anzio Battle!,Yukari Akiyama : Ikumi Nakagami,
Aimer: Mine,,Music,,,,"Drama, Slice of Life, Melancholy",3.43,2014.0,,"'The official music video for\xa0Mine from the single\xa0StarRingChild, by Aimer.'",,,Aimer: Kyou kara Omoide,"Gaku Kinoshita
Director, Aimer
Song Performance","Gaku Kinoshita : Director, Aimer : Song Performance"
Omoi Gumo, a reflection of one's mind,Web  ,1.0,,,"Drama, No Dialogue, Shorts",3.43,2014.0,,'No synopsis yet - check back soon!',,,,"Kohei Nakaya
Director, Moe Hyuuga
Music","Kohei Nakaya : Director, Moe Hyuuga : Music"
Riddle Story of Devil, Akuma no Riddle,TV   ,12.0,diomedea,Spring,"Action, Drama, GL, Seinen, Shoujo-ai, All-Girls School, Animeism, Assassins, Boarding School, Bodyguards, School Life, Based on a Manga",3.43,2014.0,,"'Tokaku Azuma is a heartless teenage assassin on a mission of death. She’s been sent to a prestigious, all-girls boarding school to compete in an assassination game against eleven other beautiful killers. Their heinous mission: send the innocent and cheerful Haru Ichinose to an early grave.'",,Riddle Story of Devil,Riddle Story of Devil: Who Is the Winner? (Pop Quiz),"Haru Ichinose : Hisako Kanemoto, Tokaku Azuma : Ayaka Suwa, Chitaru Namatame : Sachika Misawa, Haruki Sagae : Fumiko Uchimura, Hitsugi Kirigaya : Mami Uchida, Isuke Inukai : Azumi Asakura, Kouko Kaminaga : Haruka Yoshimura, Mahiru Banba : Yuka Ootsubo, Yun Kouga
Original Creator, Keizou Kusakawa
Director, Yoshiaki Fujisawa
Music, Naomi Ide
Character Design, Yoshikazu Iwanami
Sound Director, Toshihiro Maeda
Producer, Gorou Shinjuku
Producer, Jun Fukuda
Producer","Yun Kouga : Original Creator, Keizou Kusakawa : Director, Yoshiaki Fujisawa : Music, Naomi Ide : Character Design, Yoshikazu Iwanami : Sound Director, Toshihiro Maeda : Producer, Gorou Shinjuku : Producer, Jun Fukuda : Producer"
LocoDol: We Tried Giving a Tour of Nagarekawa," Futsuu no Joshikousei ga [Locodol] Yatte Mita. Nagarekawa, Annai Shitemita.",DVD S,,feel.,,"Seinen, Idols, Based on a Manga",3.43,2014.0,,'The Awa Awa Girls visit the Locodols hoping for a guided tour of Nagarekawa.',,LocoDol,"LocoDol, LocoDol OVA","Nanako Usami : Miku Itou, Yukari Kohinata : Sachika Misawa, Aoi Anami : Asami Imai, Mirai Nazukari : Inori Minase, Miyako Mima : Emi Nitta, Tsubasa Tsuruki : Tomoyo Kurosawa, Yui Mikoze : Maya Yoshioka, Misato Mizumoto : Minami Tsuda",
Nobunagun,,TV   ,13.0,Bridge,Winter,"Action, Sci Fi, Shounen, Monsters, Based on a Manga",3.43,2014.0,,"'Earth is under attack from otherworldly creatures known as Evolutionary Invasion Objects, and only the agents of DOGOO, a government organization, can keep the monsters at bay. Armed with special weapons infused with the souls of distinguished historical figures, these fighters, recruited by an alien who watched its planet be destroyed by the Objects, are humanity’s best chance against the invaders. Teenager Shio Ogura used to be nothing but a loner and a military otaku, until one day she and her class went on a field trip to Taiwan and found themselves smack dab in the middle of an Object attack. To help save a new friend, the girl picks up a gun infused with the famed samurai Nobunaga Oda, thus securing her fate as the newest member of DOGOO, and protector of humanity!'",,Nobunagun,,"Shio Ogura : Shiori Mutou, Adam Muirhead : Tatsuhisa Suzuki, Commander : Ai Satou, Cyx : Mutsumi Tamura, Dogoo : Akeno Watanabe, Galileo : Sumire Uesaka, Gaudi : Ayumu Murase, Geronimo : Chiwa Saitou, Masato Hisa
Original Creator, Nobuhiro Kondou
Director, Yutaka Shinya
Music, Kazuko Tadano
Character Design, Hiromi Matsushita
Character Design, Manabu Tamura
Producer, Hiroaki Tsunoda
Producer, Fumihiko Kimura
Producer","Masato Hisa : Original Creator, Nobuhiro Kondou : Director, Yutaka Shinya : Music, Kazuko Tadano : Character Design, Hiromi Matsushita : Character Design, Manabu Tamura : Producer, Hiroaki Tsunoda : Producer, Fumihiko Kimura : Producer"
Duan Nao,"Alt titles: Cerebrum, Die Now",Web  ,16.0,Haoliners Animation League,,"Mystery, Sci Fi, Chinese Animation, High Stakes Games, Play or Die, Survival, Thriller, Based on a Manga",3.43,2014.0,2015.0,"""The word cerebrum refers to a gigantic system consisting of collision universes, which is called cerebrum universe. The story starts from a series of unknown murders, unravelling the secret hiding beneath the entire universe, ranging from horrifying conspiracies to galaxy wars, from anti-human betrayals to honourable sacrifices. Having realised it's weakness and backwardness, mankind takes the last stand.""",,Telencephalon,,"Chi Xia, Qingzhi, Bi Shui Yu
Original Creator, Wang Zixuan
Director","Bi Shui Yu : Original Creator, Wang Zixuan : Director"
Jin: daze,,Music,,,,"Slice of Life, Forest",3.43,2014.0,,"""Official music video for Mekakucity Actors' opening theme, composed by Jin.""",,,Mekakucity Actors,"Ene, Hibiya Amamiya, Konoha, Kousuke Seto, Marry Kozakura, Momo Kisaragi, Shintaro Kisaragi, Shuuya Kano, Sidu
Director, Jin
Producer","Sidu : Director, Jin : Producer"
fhána: kotonoha breakdown,,Music,,,,,3.43,2014.0,,'No synopsis yet - check back soon!',,,,"Takashi Ohashi
Director, Fhána
Music","Takashi Ohashi : Director, Fhána : Music"
Satellite Girl and Milk Cow, Uribyeol ilhowa ulrookso,Movie,,,,"Adventure, Fantasy, Animal Transformation, Curse, Family Friendly, Korean Animation, Magic",3.43,2014.0,,"'An out of commission satellite picks up a lovelorn ballad on her radio antenna and descends to Earth to find the source of such sincere emotions. But on the way she is caught in the crossfire of a raging magical battle and is transformed into Satellite Girl, complete with Astro Boy-like rocket shoes and weapon-firing limbs. Meanwhile, the balladeer in question – a loser 20 something at a café open mic – meets the fate that befalls all broken-hearted lovers: he is turned into a farm animal. But love knows no bounds, and aided by the wise and powerful Merlin – a wizard who has been turned into a roll of toilet paper – our duo must evade the all-consuming incinerator monster, the wily pig witch, and other nefarious adversaries in an attempt to be together.'",,,,"Il Ho : Ryan Bartley, Milk Cow : Daniel J. Edwards, Incinerator, Merlin, Oh : Cam Clarke, Byun, Classmate, Eun-Jin, Young-Kag Cho
Producer",Young-Kag Cho : Producer
Spookiz,,Web  ,26.0,,,"Comedy, Crude, Demons, Episodic, Family Friendly, Korean Animation, Monsters, Monster School, No Dialogue, School Life, Short Episodes, Supernatural, Vampires, Zombies, CG Animation",3.43,2014.0,2015.0,"'Follows the lives of Cula, Frankie and all their friends whilst at school.'",,,"Spookiz Halloween Special, Spookiz: Trick or Treat, Spookiz Season 2, Spookiz Season 3","Cula, Frankie, Kebi, Kongkong, Zizi, Reaper Sam, Bong-Ho Kim
Director",Bong-Ho Kim : Director
40meterP: Renai Saiban, 40meterP: Love Trial,Music,,,,"Romance, Vocaloid",3.42,2014.0,,"'Court is in session, and Judge Miku is ready to pass judgement on the man who broke her heart.'",,,,"Convicted Boyfriend, Luka Megurine, Miku Hatsune, Tama
Director & Illustrator, 40Meterp
Producer","Tama : Director & Illustrator, 40Meterp : Producer"
The Kawai Complex Guide to Manors and Hostel Behavior Specials, Bokura wa Minna Kawaisou Specials,DVD S,,Brain's Base,,"Comedy, Seinen, Boarding House, Neighbors, Based on a Manga",3.42,2014.0,2015.0,'No synopsis yet - check back soon!',,The Kawai Complex Guide to Manors and Hostel Behavior,"The Kawai Complex Guide to Manors and Hostel Behavior: First Time, The Kawai Complex Guide to Manors and Hostel Behavior","Kazunari Usa, Ritsu Kawai, Ruri Miyahara
Original Creator",Ruri Miyahara : Original Creator
Happiness Charge Pretty Cure!,,TV   ,49.0,Toei Animation,Winter,"Action, Magical Girl, Family Friendly, Henshin Heroes, Magic, Monster-of-the-week, Sentai, Superheroes, Tokusatsu",3.42,2014.0,2015.0,"'The ruler of the evil Phantom Empire, Queen Mirage, begins her invasion on Earth using an army of Choiarks and powerful monsters called Saiarks. Pretty Cures are dispatched to fight against the Phantom Empire threat. Hime Shirayuki, a princess from the Blue Sky Kingdom who was given the power to become Cure Princess by a being named Blue, flees to Japan when her kingdom is invaded by the Phantom Empire. They defended the Earth against the Phantom Empire.'",,"Futari wa Precure, Futari wa Pretty Cure: Splash Star, Eiga: Futari wa Pretty Cure Splash Star - Chikutaku Kiki Ippatsu!, Happiness Charge Pretty Cure!, Kirakira Precure à la Mode","Pretty Cure All Stars New Stage 3: Eien no Tomodachi, Happiness Charge Pretty Cure! Movie: Ningyou no Kuni no Ballerina, Pretty Cure All Stars: Haru no Carnival♪, Pretty Cure All Stars: Minna de Utau♪ Kiseki no Mahou!, Hugtto! Pretty Cure x Futari wa Pretty Cure Movie: All Stars Memories","Hime Shirayuki : Megumi Han, Iona Hikawa : Haruka Tomatsu, Megumi Aino : Megumi Nakajima, Yuko Omori : Mari Adachi, Blue : Shouma Yamamoto, Deep Mirror : Kazuhiko Inoue, General Oresky : Takehito Koyasu, Glasan : Miyuki Kobori, Tatsuya Nagamine
Director, Masayuki Satou
Character Design, Hiroaki Shibata
Producer, Hideki Tonokatsu
Storyboard, Mitsuo Shindou
Key Animator","Tatsuya Nagamine : Director, Masayuki Satou : Character Design, Hiroaki Shibata : Producer, Hideki Tonokatsu : Storyboard, Mitsuo Shindou : Key Animator"
Brothers Conflict Special, Brothers Conflict: Setsubou,DVD S,,Brain's Base,,"Reverse Harem, Romance, Based on a Light Novel",3.42,2014.0,,"'The unaired episode, titled ""Setsubou"" (Longing), will follow Ema as she finds a special lamp that her father left her. Ema and the brothers rub the lamp to find that something peculiar happens in front of them.'",,"Brothers Conflict (Light Novel), Brothers Conflict Purupuru, Brothers Conflict feat. Natsume, Brothers Conflict feat. Tsubaki & Azusa, Brothers Conflict feat. Yusuke & Futo","Brothers Conflict, Brothers Conflict OVA","Ema Hinata : Rina Satou, Azusa Asahina : Kohsuke Toriumi, Futo Asahina : Kenn, Genie Of The Lamp, Natsume Asahina : Tomoaki Maeno, Subaru Asahina : Daisuke Ono, Tsubaki Asahina : Kenichi Suzumura, Yusuke Asahina : Yoshimasa Hosoya",
Mobile Suit Gundam Unicorn: Episode EX - 100 Years of Solitude, Kidou Senshi Gundam Unicorn: Episode EX - Hyakunen no Kodoku,DVD S,,Sunrise,,"Mecha, Sci Fi",3.42,2014.0,,'No synopsis yet - check back soon!',,"Mobile Suit Gundam Unicorn: Bande Dessinee, Mobile Suit Gundam Unicorn: Bande Dessinee Episode 0","Mobile Suit Gundam Unicorn, Mobile Suit Gundam Unicorn Perfectibility",Cardeas Vist,
HoneyWorks: Confession Rival Declaration, HoneyWorks: Kokuhaku Rival Sengen,Music,,,,"Romance, Love Confession, School Life, Unrequited Love, Vocaloid",3.42,2014.0,,'No synopsis yet - check back soon!',,,I've Always Liked You,"Koyuki Ayase, Natsuki Enomoto, Akari Hayasaka, Hina Setoguchi, Miou Aida, Souta Mochizuki, Yuu Setoguchi, Honeyworks
Producer",Honeyworks : Producer
Konoha Kaseki no Natsu, Summer of Fossil Leaves,Web  ,1.0,,,"Drama, Slice of Life, Shorts",3.42,2014.0,,'No synopsis yet - check back soon!',,,,"Touko Yatabe
Director & Key Animator & Screenplay",Touko Yatabe : Director & Key Animator & Screenplay
Kenshi Yonezu: Eine Kleine,,Music,,,,"Drama, Romance",3.42,2014.0,,'No synopsis yet - check back soon!',,,,"Kenshi Yonezu
Music",Kenshi Yonezu : Music
Small Garden, Chiisana Teien,Web  ,1.0,,,Shorts,3.41,2014.0,,'No synopsis yet - check back soon!',,,,"Shunsuke Saito
Director",Shunsuke Saito : Director
Persona 4 the Golden Animation,,TV   ,12.0,A-1 Pictures,Summer,"Fantasy, Mystery, Animeism, Supernatural, Based on a Video Game",3.41,2014.0,,"'Spring. Far from the city, time flows peacefully in this rural town. As the cherry blossoms scatter in the wind, a young man named Yu Narukami steps off the train at Yasoinaba Station. Yu has come to this town, where his uncle lives, for family reasons; he will be transferring into the local high school, Yasogami High.And so begins his school life... The shopping mall after school. A series of murders taking place in town. The Midnight Channel, airing late at night... What lies in store for Yu and his friends ""this time around?""'",,"Persona 3, Persona 4, Tartarus Gekijou, Persona x Tantei Naoto (Light Novel), Persona 4 The Golden: Tohru Adachi - Comic Anthology, P4U2: Persona 4 the Ultimax Ultra Suplex Hold, Persona Q: Shadow of the Labyrinth - Side:P3, Persona 5, Tartarus Gekijou Wild","Persona 4 the Animation, Persona 4 the Golden Animation: Another End","Chie Satonaka : Yui Horie, Kanji Tatsumi, Kuma : Kappei Yamaguchi, Marie : Kana Hanazawa, Naoto Shirogane, Yosuke Hanamura : Showtaro Morikubo, Yukiko Amagi : Ami Koshimizu, Yu Narukami : Daisuke Namikawa, Seiji Kishi
Chief Director, Tomohisa Taguchi
Director, Tetsuya Kobayashi
Music, Shouji Meguro
Music, Masaru Shindou
Character Design, Hiroo Maruyama
Producer, Toshihiro Maeda
Producer, Kozue Kaneniwa
Producer","Seiji Kishi : Chief Director, Tomohisa Taguchi : Director, Tetsuya Kobayashi : Music, Shouji Meguro : Music, Masaru Shindou : Character Design, Hiroo Maruyama : Producer, Toshihiro Maeda : Producer, Kozue Kaneniwa : Producer"
20min Walk From Nishi-Ogikubo Station," Nihon Animator Mihonichi: 20min Walk From Nishi-Ogikubo Station, 2 Bedrooms, Living Room, Dining Room, Kitchen, 2mos Deposit, No Pets Allowed",Web  ,1.0,Khara,,"Insects, Japan Animator's Exhibition, No Dialogue, Shorts, Nudity",3.41,2014.0,,"'20 minutes walk from Nishi Ogikubo Station, 2LDK, key money and security deposit required for 2 months, no pets allowed. Rika woke up on the sofa in the usual room. She feels the unusual atmosphere…'",Nudity,,,"Man, Rika, Mahiro Maeda
Director, Takeshi Honda
Director & Character Design, Tomoyuki Ogata
Producer, Shinji Hashimoto
Key Animator, Shinya Oohira
Key Animator","Mahiro Maeda : Director, Takeshi Honda : Director & Character Design, Tomoyuki Ogata : Producer, Shinji Hashimoto : Key Animator, Shinya Oohira : Key Animator"
Pretty Rhythm All Stars Selection: Prism Show☆Best Ten Movie,,Movie,,10GAUGE,,"Crossover, Ice Skating, Showbiz, Based on a Video Game",3.41,2014.0,,"'Residents of the Prism World Momo and Penguin-sensei work together to introduce various Prism Shows throughout the history of\xa0Aurora Dream,\xa0Dear My Future, and\xa0Rainbow Live. Within the many Prism Shows performed by Aira, Mia, Naru and their friends, only ten rank on top.'",,,"Pretty Rhythm: Aurora Dream, Pretty Rhythm: Dear My Future, Pretty Rhythm: Rainbow Live","Laala Manaka : Himika Akaneya, Mion Takamine : Azusa Kataoka, Naru Ayase : Emiri Katou, Aira Harune : Kana Asumi, Ann Fukuhara : Yuu Serizawa, Ayami Ooruri : Ayane Sakura, Bell Renjouji : Haruka Tomatsu, Chae Kyoung : Satomi Akesaka, Masakazu Hishida
Director, Tomohiko Iwase
Producer","Masakazu Hishida : Director, Tomohiko Iwase : Producer"
Hamatora The Animation: Saishuukai Chokuzen! Mao ga Okuru,,TV Sp,,NAZ,,"Action, Drama, Mystery, Seinen, Recap, Superpowers, Based on a Manga",3.41,2014.0,,"'""Minimum""— Otherwise known as ""small miracles"", is a special power that only manifests within a few, select humans. Those who possess this ability are called ""Minimum Holders."" 2014: Yokohama. The detective duo of Nice and Murasaki, otherwise known as ""Hamatora,"" wait again today for work with their friends at a table at Cafe Nowhere that they use as their agency. Suddenly, a job they receive seems to have a weird connection with the serial killer that their police friend, Art is searching for.'",,Hamatora,"Hamatora, Re: Hamatora, Mini Hama, Mini Hama Specials, Fw: Hamatora","Murasaki : Wataru Hatano, Nice : Ryouta Oosaka, Art : Hiroshi Kamiya, Birthday, Hajime, Honey, Koneko, Ratio",
Panpaka Pants Movie: Bananan Oukoku no Hihou,,Movie,,DLE,,"Comedy, Animal Protagonists, Anthropomorphic, Non-Human Protagonists, Pigs",3.41,2014.0,,'No synopsis yet - check back soon!',,,Panpaka Pants,Panpaka : Yoshino Nanjou,
Youkai Watch: Best 10,,TV Sp,,OLM,,"Action, Comedy, Family Friendly, Supernatural",3.41,2014.0,,'No synopsis yet - check back soon!',,Youkai Watch Movie Shadow Side: Revival Of The Demon Lord,Youkai Watch,,
This Boy Suffers from Crystallization," Kono Danshi, Sekka ni Nayandemasu.",OVA  ,1.0,CoMix Wave Films,,"BL, Drama, Shounen-ai, Coming of Age, School Life, Student-Teacher Relationship, Supernatural, Original Work",3.41,2014.0,,"""High school boy Ayumu Tamari finds it hard to attend his classes especially since he had to repeat the year due to suffering from a strange syndrome which makes parts of its body's skin turn into a crystal whenever he experiences a strong emotion or stress. To the rescue comes his homeroom teacher Kouya Onihara, who also happens to love crystals. The relationship between them grows as Tamari tries to fit into his classes and other daily activities thanks to the pleasant time he spends in Onihara's office, which allows him to relax more (and crystallize less) acting more naturally towards his classmates.""",,,"This Boy Can Fight Aliens!, This Boy Caught a Merman, This Boy is a Professional Wizard","Ayumu Tamari : Shouta Aoi, Kouya Onihara : Daisuke Hirakawa, Ono : Shinya Hamazoe, Shiraki : Toshiki Masuda, Takehara : Satomi Satou, Soubi Yamamoto
Director & Original Creator",Soubi Yamamoto : Director & Original Creator
Go-Go Tamagotchi!,,TV   ,50.0,OLM,Spring,"Fantasy, Slice of Life, Family Friendly",3.41,2014.0,2015.0,'No synopsis yet - check back soon!',,,"Anime TV de Hakken! Tamagotchi, Tamagotchi Honto no Hanashi, Let's Go! Tamagotchi, Tamagotchi Movie 1, Tamagotchi Movie 2: Happiest Story In The Universe!?, Tamagotchi!, Tamagotchi! Yume Kira Dream, Tamagotchi! Miracle Friends, Tamagotchi! Tamatomo Daishuu GO, Tamagotchi Movie 3: Himitsu no Otodake Daisakusen!","Mametchi : Rie Kugimiya, Jouji Shimura
Director, Sayuri Ichiishi
Character Design, Masato Satou
Storyboard","Jouji Shimura : Director, Sayuri Ichiishi : Character Design, Masato Satou : Storyboard"
Sword Art Online II: Debriefing, Sword Art Online II Episode 14.5: Debriefing,TV Sp,,A-1 Pictures,,"Action, Adventure, Fantasy, Sci Fi, Guns, MMORPG, Person in a Strange World, Recap, Virtual Reality, Based on a Light Novel",3.41,2014.0,,'Debriefing of the events of Sword Art Online II so far…',,"Sword Art Online (Light Novel), Sword Art Online: Aincrad, Sword Art Online 4-koma, Sword Art Online SS: Calibur SS-han (Light Novel), Sword Art Online: Fairy Dance, Sword Art Online Side Stories (Light Novel), Sword Art Online: Progressive (Light Novel), Sword Art Online Comic Anthology, Sword Art Online: Girls' Ops, Sword Art Online: Progressive, Sword Art Online Alternative: Gun Gale Online (Light Novel), Sword Art Online: Mother's Rosary, Sword Art Online: Phantom Bullet, Sword Art Online: Calibur, Sword Art Online Alternative: Gun Gale Online, Sword Art Online: Aincrad Night of Kirito, Sword Art Online Alternative: Clover's Regret (Light Novel), Sword Art Online: Project Alicization, Sword Art Online: Hollow Realization, Sword Art Online Iden: Kibaou-han!, Sword Art Online: Hopeful Chant (Light Novel), Sword Art Online: Ordinal Scale, Sword Art Online: Kirito no Gun Gale Wars, Sword Art Online: Progressive - Barcarolle of Froth, Sword Art Online: Kiss and Fly","Sword Art Online, Sword Art Online: Sword Art Offline, Sword Art Online: Extra Edition, Sword Art Online: Sword Art Offline - Extra Edition, Sword Art Online II, Sword Art Online II: Sword Art Offline II, Sword Art Online Movie: Ordinal Scale, Sword Art Online: Fatal Bullet - The Third Episode, Sword Art Online Alternative: Gun Gale Online, Sword Art Online Alternative: Gun Gale Online - Refrain","Kirito : Yoshitsugu Matsuoka, Shino Asada : Miyuki Sawashiro, Death Gun : Souichirou Hoshi, Asuna Yuuki, Behemoth : Kenichirou Matsuda, Endou, Kyouji Shinkawa : Natsuki Hanae, Lisbeth, Tomohiko Itou
Director, Yuki Kajiura
Music, Shingo Adachi
Character Design","Tomohiko Itou : Director, Yuki Kajiura : Music, Shingo Adachi : Character Design"
Mitchie M: Suki! Yuki! Maji Magic, Mitchie M: Love! Snow! Really Magic,Music,,,,Vocaloid,3.4,2014.0,,'No synopsis yet - check back soon!',,,,"Miku Hatsune, Yukine, Mitchie M
Producer",Mitchie M : Producer
Lu Shidai 2nd Season, Lu's Time 2nd Season,Web  ,13.0,,,"Action, Chinese Animation, Parody, Based on a Video Game",3.4,2014.0,2015.0,'Second season of Lu Shidai.',,,Lu Shidai,Mao Zhiqiang,
n-buna: Umiyuri Kaiteitan, n-buna: Tale of the Deep-sea Lily,Music,,,,Vocaloid,3.4,2014.0,,'No synopsis yet - check back soon!',,,,"N-Buna
Producer & Music, Miku Hatsune
Song Performance","N-Buna : Producer & Music, Miku Hatsune : Song Performance"
No-Rin, Nourin,TV   ,12.0,SILVER LINK.,Winter,"Comedy, Romance, Agriculture, Lifestyle Change, Love Triangle, School Life, Based on a Light Novel",3.4,2014.0,,"'Teenager Hata Kosaku is crushed when his favorite singing idol, Kusakabe Yuka, stuns the world by retiring from show business. Kosaku’s friends try to cheer him up, but nothing can chase away his gloomy mood until Yuka herself transfers into his class at Tamo Agriculture School!'",,"No-Rin (Light Novel), No-Rin, No-Rin: Gaia, No-Rin Petit",,"Kei Kamatori : Wataru Hatano, Kochou Yoshida : Marina Inoue, Kousaku Hata : Shintarou Asanuma, Minori Nakazawa : Kana Hanazawa, Ringo Kinoshita : Yukari Tamura, Natsumi Betsuki : Chiwa Saitou, Torao Kanegami : Mariko Higashiuchi, Akari Suzuki : Yuka Ootsubo, Shin Oonuma
Director & Ed Director & Episode Director & Op Director & Storyboard, Akito Matsuda
Music, Masahito Onoda
Character Design, Shinsaku Tanaka
Producer, Hayato Kaneko
Producer, Satoshi Fukao
Producer, Atsunori Yoshida
Producer, Shinichi Watanabe
Storyboard","Shin Oonuma : Director & Ed Director & Episode Director & Op Director & Storyboard, Akito Matsuda : Music, Masahito Onoda : Character Design, Shinsaku Tanaka : Producer, Hayato Kaneko : Producer, Satoshi Fukao : Producer, Atsunori Yoshida : Producer, Shinichi Watanabe : Storyboard"
One Piece: Cry Heart,,Other,,,,"Promotional, Short Episodes, Stop Motion Animation",3.4,2014.0,2015.0,'No synopsis yet - check back soon!',,"Romance Dawn, One Piece, One Piece: Taose! Kaizoku Ganzack (Light Novel), One Piece: Loguetown-hen (Light Novel), One Piece: Strong World, Chopperman, Chopperman: Yuke Yuke! Minna no Chopper-sensei, One Piece Party, One Piece Ace's Story (Light Novel), One Piece episode A",,"Ace D. Portgas, Monkey D. Luffy, Tony Tony Chopper, Dr. Hiriluk, Dr. Kureha, Sabo, Curly Dadan, Monkey D. Garp, Eiichiro Oda
Original Creator",Eiichiro Oda : Original Creator
Pokemon Movie 17: Diancie and the Cocoon of Destruction, Pokemon Movie 17: Hakai no Mayu to Diancie,Movie,,OLM,,"Adventure, Fantasy, Shounen, Elemental Powers, Family Friendly, Monsters, Based on a Video Game",3.4,2014.0,,"""In the underground Diamond Domain, where many Carbink live, the Mythical PokémonDiancie serves as ruler. The Heart Diamond that sustains the land is beginning to fall apart, and Diancie is not yet strong enough to create a new one. While seeking help from the Legendary\xa0Pokémon\xa0Xerneas, Diancie encounters a group of thieves who want to take control of its diamond-producing power—and who awaken the Legendary Pokémon\xa0Yveltal from its cocoon in the process! Can Ash and his friends help Diancie discover its true power, stop Yveltal's rampage, and save the Diamond Domain?""",,"Pokemon: The Electric Tale of Pikachu, Pokémon Adventures, Magical Pokemon Journey, Pokemon Getto da ze!, Pokémon: Diamond and Pearl Adventure!, Pokemon Mystery Dungeon: Ginji's Rescue Team, Pokemon Ranger, Pokemon Ranger and the Temple of the Sea, Pokemon: The Rise of Darkrai, Pokemon Ranger Batonnage, Kaitou! Pokemon 7, Pokemon: Giratina & the Sky Warrior!, Pokémon: Arceus and the Jewel of Life, Pokemon ReBURST, Pokemon the Movie: White - Victini and Zekrom, Pokemon + Nobunaga no Yabou - Ranse Iroemaki, Pokémon: Diancie and the Cocoon of Destruction, Pokémon: Omega Ruby & Alpha Sapphire, Pokemon the Movie: Hoopa and the Clash of Ages, Pokemon the Movie XY&Z: Volcanion to Karakuri no Magiana, Pokemon Horizon: Sun & Moon, Pokémon: Sun & Moon, Pokémon the Movie: I Choose You!","Pokemon: Pichu Bros. in Party Panic, Pokemon: Gotta Dance!, Pokemon Movie 6: Jirachi Wish Maker, Pokemon Movie 7: Destiny Deoxys, Pokemon: Pikachu's Summer Festival, Pokemon Movie 8: Lucario and The Mystery of Mew, Pokemon: Pikachu's Ghost Carnival, Pokemon Movie 9: Pokemon Ranger and the Temple of the Sea, Pokemon: Pikachu's Island Adventure, Pokemon: Diamond & Pearl, Pokemon Movie 10: The Rise of Darkrai, Pokemon: Pikachu Tanken Club, Pokemon Mystery Dungeon: Explorers of Time and Darkness, Pokemon Movie 11: Giratina and the Sky Warrior, Pokemon: Pikachu's Great Ice Adventure, Pokemon Movie 12: Arceus and the Jewel of Life, Pokemon: Pikachu's Great Sparking Search, Pokemon Movie 13: Zoroark - Master of Illusions, Pokemon: Pikachu's Big Mysterious Adventure, Pokemon: Black & White, Pokemon Movie 14: Black - Victini and Reshiram, Pokemon Movie 14: White - Victini and Zekrom, Pokemon Black Version 2 and White Version 2, Pokemon: Black & White - Rival Destinies, Pokemon: Utae Meloetta - Rinka no Mi wo Sagase!, Pokemon Movie 15: Kyurem vs. The Sword of Justice, Pokemon: Meloetta's Moonlight Serenade, Pokemon: Black & White: Adventures in Unova, Pokemon: Black & White: Adventures in Unova and Beyond, Pokemon: Mewtwo - Prologue to Awakening, Pokemon: Eevee and Friends, Pokemon XY Special: Road to Kalos, Pokemon XY, Pokemon XY: Mega Evolution, Pokemon XY: Sora no Hahen, Pokemon: Diancie, Princess of the Diamond Domain, Pokemon: Pikachu, What's This Key?, Pokemon: Hoopa, The Mischief Pokemon","Ash Ketchum, Argus Steel, Ash'S Pikachu, Bonnie : Jocelyn Robles, Clemont : José Ángel Torres, Diancie, James, Jessie, Kunihiko Yuyama
Director, Shinji Miyazaki
Music, Kazumi Satou
Character Design, Sayuri Ichiishi
Character Design, Norihiro Matsubara
Character Design, Toshihito Hirooka
Character Design, Kazuaki Mouri
Character Design, Junya Okamoto
Producer","Kunihiko Yuyama : Director, Shinji Miyazaki : Music, Kazumi Satou : Character Design, Sayuri Ichiishi : Character Design, Norihiro Matsubara : Character Design, Toshihito Hirooka : Character Design, Kazuaki Mouri : Character Design, Junya Okamoto : Producer"
Happiness Charge Pretty Cure! Movie: Ningyou no Kuni no Ballerina,,Movie,,Toei Animation,,"Magical Girl, Henshin Heroes, Magic",3.39,2014.0,,"'The film\'s story is set in the Doll Kingdom where dolls dwell. In the story, the Pretty Cures are watching a doll play about to start, when the dolls suddenly start talking. ""Please rescue our kingdom!"" the ballerina named Tsumugi says, and she leads the Pretty Cures to the Doll Kingdom. There, the Pretty Cures thought they would be surrounded by cute stuffed animals, but instead they find a mysterious man named Black Fang who is attacking the kingdom, and he captures Tsumugi. The country normally filled with happiness is hiding a sad secret, and the Pretty Cures must help save the day.'",,"Futari wa Precure, Futari wa Pretty Cure: Splash Star, Eiga: Futari wa Pretty Cure Splash Star - Chikutaku Kiki Ippatsu!, Happiness Charge Pretty Cure!, Go! Princess Pretty Cure, Kirakira Precure à la Mode",Happiness Charge Pretty Cure!,"Hime Shirayuki : Megumi Han, Iona Hikawa, Megumi Aino : Megumi Nakajima, Tsumugi, Yuko Omori : Mari Adachi, Glasan, Prince Zeke, Ribbon : Naoko Matsui, Chiaki Kon
Director, Hiroshi Takaki
Music, Masayuki Satou
Character Design, Kazuhiro Oota
Character Design, Sawako Yamamoto
Key Animator","Chiaki Kon : Director, Hiroshi Takaki : Music, Masayuki Satou : Character Design, Kazuhiro Oota : Character Design, Sawako Yamamoto : Key Animator"
Zhu Zhu Xia: Bian Shen Zhandu, GG Bond Season 8: Kung Fu Team,TV   ,52.0,,,"Animal Protagonists, Anthropomorphic, Chinese Animation, Family Friendly, Non-Human Protagonists, Pigs, CG Animation",3.39,2014.0,,"""A mysterious man provokes dissensions and fights in Fairy World aiming at collecting hatred energy which could help him to open the door of the dark world. At this critical moment, GG Bond and his friends see through the mysterious man's conspiracy and together, they close the door to the dark world and save their homeland once again.""",,,"Zhu Zhu Xia: Da Nao Huang Gong, Zhu Zhu Xia: Mo Huan Zhu Luo Ji, Zhu Zhu Xia: Wu Xia 2008, Zhu Zhu Xia: Yong Chuang Weilai Cheng, Bai Bian Zhu Zhu Xia, Zhu Zhu Xia: Jimu Shijie De Tong Hua, Zhu Zhu Xia: Xingfu Jiuyuan Dui, Zhu Zhu Xia Movie 1: Jiong Jiong Wei Ji, Zhu Zhu Xia: Bian Shen Xiao Ying Xiong, Zhu Zhu Xia Movie 2: Yong Chuang Juren Dao, Zhu Zhu Xia: Bai Bian Lian Meng, Zhu Zhu Xia Movie 3: Zhong Ji Jue Zhan, Zhu Zhu Xia Movie 3: Zhong Ji Jue Zhan - Qian Ye Pian, Zhu Zhu Xia: Wu Ling Shou Wei Zhe, Zhu Zhu Xia: Guang Ming Shou Wei Zhe, Zhu Zhu Xia: Meng Xiang Shou Wei Zhe, Zhu Zhu Xia: Fan Wai - Pin Zhuang Tegong Dui, Zhu Zhu Xia Movie 4: Ying Xiong Zhu Shao Nian, Zhu Zhu Xia: Chao Xing Meng Chong, Zhu Zhu Xia: Jing Qiu Xiao Yingxiong, Zhu Zhu Xia: Konglong Riji, Zhu Zhu Xia Movie 5: Bukesiyi de Shijie, Zhu Zhu Xia: Jing Su Xiao Yingxiong",,
A Certain Scientific Railgun S: All the Important Things I Learned in a Bathhouse, Toaru Kagaku no Railgun S: Daiji na Koto wa Zenbu Sentou ni Osowatta,OVA  ,1.0,J.C.Staff,,"Comedy, Sci Fi, Slice of Life, Supernatural, Superpowers, Based on a Light Novel",3.39,2014.0,,'No synopsis yet - check back soon!',,,A Certain Scientific Railgun S,"Kazari Uiharu : Aki Toyosaki, Kuroko Shirai : Satomi Arai, Mikoto Misaka : Rina Satou, Ruiko Saten : Kanae Itou, Mii Konori : Kana Ueda, Aiho Yomikawa, Dorm Supervisor, Erii Haruue",
Larva: New York,,TV   ,104.0,,,"Comedy, America, Family Friendly, Insects, Korean Animation, Short Episodes, CG Animation",3.39,2014.0,,'Third\xa0season of\xa0Larva.',,,"Larva, Larva: House, Larva: Island, Larva: Island 2nd Season, The Larva Island Movie","Red, Yellow, Black, Brown, Pink, Rainbow, Violet",
Maku,,Movie,,,,Shorts,3.39,2014.0,,"'There are two people who face each other in each space. Each pair keeps a few distance between their partners and find some fearful, tender, and comfortable feelings that fascinate them. The feelings are put into practice immediately, and they start groping each feelings. Somehow, I try to blend and connect them. ""Feelings"" are sound bliss for all who have a body and sense. I busily pick my feelings on the track of my life and reconstruct by animation to appreciate them'",,,,"Yoriko Mizushiri
Director, Shuta Hasunuma
Music","Yoriko Mizushiri : Director, Shuta Hasunuma : Music"
Zhi Duoduo Qihuan Xingkong Zhi Lu, Gee Dor Dor's Space Adventure,Other,,,,"Animal Protagonists, Anthropomorphic, Chinese Animation, Educational, Family Friendly, Non-Human Protagonists, Outer Space",3.39,2014.0,,'No synopsis yet - check back soon!',,,Zhi Duoduo Zhi Duoduo,Chi Dor Dor,
dwarf Movie Lab,,Other,,Dwarf,,"Episodic, Short Episodes",3.39,2014.0,,'No synopsis yet - check back soon!',,,,,
Wangpai Yushi Episode 0,,Web  ,1.0,Haoliners Animation League,,"Chinese Animation, Supernatural",3.39,2014.0,,'No synopsis yet - check back soon!',,Wangpai Yushi,Wangpai Yushi,"Huang Xiaoyan, Yan Ye, Headmaster, Li Haoling
Director",Li Haoling : Director
mothy: Nemesis no Juukou, mothy: The Muzzle of Nemesis,Music,,,,Vocaloid,3.38,2014.0,,'No synopsis yet - check back soon!',,,mothy: Nanatsu no Tsumi to Batsu,"Gumi, Kaito, Miku Hatsune, Mothy
Producer",Mothy : Producer
Aikatsu! Dai Starmiya Ichigo Matsuri Zenyasai!!,,TV Sp,,Sunrise,,"Idols, Music, Recap, Showbiz",3.38,2014.0,,'No synopsis yet - check back soon!',,,"Aikatsu!, Aikatsu! 2, Aikatsu! 3, Aikatsu! The Movie, Aikatsu! 4","Aoi Kiriya, Ichigo Hoshimiya, Ran Shibuki, Otome Arisugawa, Sakura Kitaouji, Yurika Toudou, Akari Oozora, Hinaki Shinjo",
Kaseifu ga Ita.,,OVA  ,1.0,Pie in the sky,,"Comedy, Shoujo, Shorts, Based on a Manga",3.38,2014.0,,"'The manga revolves around sixth grader, Matsumae Himeno and the mysterious creature Kaseifu-Ita-Mitaidesu (""Appears to have been a maid""). Kaseifu takes care of Himeno while her father is away from home, but the two always seem to get into trouble. Kaseifu is able to become a human for one minute at a time.'",,Kaseifu ga Ita.,,,
Toyota: HOPE - The Hydrogen Society and Energy Sources of the Future," Toyota: HOPE - Suiso Shakai to, Korekara no Energy no Hanashi",Web  ,1.0,,,"Educational, Promotional",3.38,2014.0,,'No synopsis yet - check back soon!',,,,"Narrator : Aoi Teshima, Takaharu Shimizu
Director, Shinya Kiyokawa
Music","Takaharu Shimizu : Director, Shinya Kiyokawa : Music"
Train Heroes Movie,,Movie,,,,"Anthropomorphic, Family Friendly, Non-Human Protagonists, Robots, Trains, CG Animation, Original Work",3.38,2014.0,,'No synopsis yet - check back soon!',,,Train Heroes,"Ann, Arl, Eight, Gou, Instructor Neel, Sam",
Mochi Mochi Panda, Kyoumo Mochimochi Asobitai...,Web  ,4.0,,,"Animal Protagonists, Bears, Family Friendly, No Dialogue, Non-Human Protagonists, Pandas, Short Episodes",3.38,2014.0,2018.0,'No synopsis yet - check back soon!',,Mochitto Kimama ni Mochi Mochi Panda,,,
Baymax,,Web  ,1.0,,,"Fantasy, Shorts",3.38,2014.0,,"'The adventure story revolves around Hiro, a 14-year-old boy who lost his dear brother Tadashi in a mysterious accident, and Baymax, a\xa0personal\xa0healthcare\xa0companion robot developed by Tadashi. The story is set in San Fransokyo, a fictional city that combines the imagery of San Francisco and Tokyo.'",,"Big Hero 6, Big Hero 6: The Series",,"Baymax : Tokuyoshi Kawashima, Hiro Hamada : Yuutarou Honjou, Tadashi Hamada : Kotarou Koizumi, Tekken
Director",Tekken : Director
Last Note: Garakuta Innocence, Last Note: Trashy Innocence,Music,,,,Vocaloid,3.38,2014.0,,'No synopsis yet - check back soon!',,"Mikagura School Suite, Mikagura School Suite (Light Novel), Mikagura School Suite: Koushiki Anthology Comic","Last Note: Houkago Stride, Last Note: Mukiryoku Coup d'État, Last Note: Izayoi Seeing, Mikagura School Suite, Last Note: Uchouten Vivace, Last Note: Esoragoto Spiral","Kyouma Kuzuryu, Eruna Ichinomiya, Asuhi Imizu, Himi Yasaka, Sadamatsu Minatogawa, Seisa Mikagura, Shigure Ninomiya, Yuto Akama, Last Note
Producer",Last Note : Producer
Roku no Sekai, The World of Roku,OVA  ,1.0,,,"Adventure, Fantasy, Desert, Family Friendly, CG Animation",3.37,2014.0,,'No synopsis yet - check back soon!',,,,"Kei Takao
Director, Haruna Maemura
Music","Kei Takao : Director, Haruna Maemura : Music"
Junk Head 1,,Movie,,,,"Sci Fi, Shorts, Stop Motion Animation, Original Work",3.37,2014.0,,"""After a conflict between humans and clones, the clones have been driven far below, to the lower levels of the city. Now, 1,200 years later, humans are sending a research pod down below to study the clones' habitat.""",,,Junk Head,"Takahide Hori
Producer & Director & Character Design & Music",Takahide Hori : Producer & Director & Character Design & Music
Last Note: Caramel Heaven,,Music,,,,"Comedy, Romance, Vocaloid",3.37,2014.0,,"'The official music video for the Vocaloid song Caramel Heaven, by the producer Last Note.'",,,,"Last Note
Producer, Gumi
Song Performance, Tsukasa Ryuuguu
Illustrator","Last Note : Producer, Gumi : Song Performance, Tsukasa Ryuuguu : Illustrator"
Malta no Bouken, Malta's Adventure,TV   ,12.0,,,"Slice of Life, Animal Protagonists, Anthropomorphic, Family Friendly, Non-Human Protagonists, Rabbits, Short Episodes",3.37,2014.0,,'No synopsis yet - check back soon!',,,"Malta no Bouken 2, Malta no Bouken 3, Malta no Kamishibai","Malta, Monkichi, Muu, Tom",
Tokyo ESP,,TV   ,12.0,XEBEC,Summer,"Action, Sci Fi, Shounen, Supernatural, Superpowers, Based on a Manga",3.37,2014.0,,"'Rinka is a financially struggling high school girl living with her single father in Tokyo. One day, while going home from school, she sees a penguin flying in the sky towards the Tokyo Sky Tree. She chases after it only to find fish swimming in the air! One of the fish goes through Rinka and causes her to pass out. She wakes up to find that she has developed the ability to slip through solid objects..'",,"Tokyo ESP, Tokyo ESP x Ga-Rei: Shadow Walker, Tokyo ESP (Light Novel), Tokyo ESP Gaiden - London ESP (Light Novel)",,"Kyotaro Azuma : Mutsumi Tamura, Rinka Urushiba : Ibuki Kido, Ayumu Ohzora : Megumi Ogata, Kobushi Kuroi : Mai Aizawa, Minami Azuma : Sachika Misawa, Murasaki Edoyama : Azusa Tadokoro, Peggy : Kaoru Mizuhara, Rindo Urushiba : Tetsu Inada, Hajime Segawa
Original Creator, Shigehito Takayanagi
Director, Evan Call
Music, Masaaki Takiyama
Character Design, Atsushi Itou
Producer","Hajime Segawa : Original Creator, Shigehito Takayanagi : Director, Evan Call : Music, Masaaki Takiyama : Character Design, Atsushi Itou : Producer"
Future Card Buddyfight Recap,,TV Sp,,OLM,,"Card Battles, Recap, Based on a Card Game",3.37,2014.0,,'No synopsis yet - check back soon!',,Future Card Buddyfight: Dark Game Chronicles,"Future Card Buddyfight, Future Card Buddyfight 100, Future Card Buddyfight Triple D, Future Card Buddyfight X","Drum Bunker Dragon, Gao Mikado : Marie Mizuno",
Minus-P: Shouwaru Onna Online, Minus-P: Bad girl online,Music,,,,Vocaloid,3.37,2014.0,,'No synopsis yet - check back soon!',,,,"Ryuuseee
Director & Illustrator, Minus-P
Producer, Rin Kagamine
Song Performance","Ryuuseee : Director & Illustrator, Minus-P : Producer, Rin Kagamine : Song Performance"
Crystal Sky of Yesterday Pilot, Zuori Qing Kong Pilot,Other,,,,"Chinese Animation, School Life",3.37,2014.0,,'No synopsis yet - check back soon!',,Zuo Ri Qing Kong,Crystal Sky of Yesterday,"Qi Jingxuan, Tu Xiaoyi, Yao Zhetian, Huasheng, Chen",
Mameshiba x Gaist Crusher,,Other,,,,"Comedy, Fantasy, Commercials, Crossover, Food Protagonists, Non-Human Protagonists, Parody, Promotional",3.37,2014.0,,'No synopsis yet - check back soon!',,,"Mameshiba, Gaist Crusher",,
Pokemon Omega Ruby & Alpha Sapphire: Mega Special Animation,,Web  ,1.0,OLM,,"Action, Fantasy, Family Friendly, Monsters, Promotional, Proxy Battles, Shorts, Based on a Video Game",3.37,2014.0,,'Get into the Hoenn spirit with the exciting Pokémon Omega Ruby and Pokémon Alpha Sapphire animated trailer!',,"Pokemon: The Electric Tale of Pikachu, Pokémon Adventures, Magical Pokemon Journey, Pokemon Getto da ze!, Pokémon: Diamond and Pearl Adventure!, Pokemon Mystery Dungeon: Ginji's Rescue Team, Pokemon Ranger, Pokemon Ranger and the Temple of the Sea, Pokemon: The Rise of Darkrai, Pokemon Ranger Batonnage, Kaitou! Pokemon 7, Pokemon: Giratina & the Sky Warrior!, Pokémon: Arceus and the Jewel of Life, Pokemon ReBURST, Pokemon the Movie: White - Victini and Zekrom, Pokemon + Nobunaga no Yabou - Ranse Iroemaki, Pokémon: Diancie and the Cocoon of Destruction, Pokemon Omega Ruby & Alpha Sapphire: Akaki Jounetsu to Aiki Eichi, Pokémon: Omega Ruby & Alpha Sapphire, Pokemon the Movie: Hoopa and the Clash of Ages, Pokemon the Movie XY&Z: Volcanion to Karakuri no Magiana, Pokemon Horizon: Sun & Moon, Pokémon: Sun & Moon, Pokémon the Movie: I Choose You!",,"Brendan : Nobuhiko Okamoto, May : Kana Hanazawa, Groudon, Kyogre, Roxanne : Eri Kitamura, Steven Stone : Akira Ishida, Daiki Tomiyasu
Director",Daiki Tomiyasu : Director
Witch Craft Works Specials,,DVD S,,J.C.Staff,,"Comedy, Fantasy, Seinen, Magic, Witches, Based on a Manga",3.37,2014.0,,'No synopsis yet - check back soon!',,Witch Craft Works,"Witch Craft Works, Witch Craft Works OVA","Ayaka Kagari, Honoka Takamiya, Chronoire Schwarz Vi, Evermillion, Kasumi Takamiya, Kazane Kagari, Mei Menowa, Rinon Otometachibana, Ryuu Mizunagi
Original Creator",Ryuu Mizunagi : Original Creator
Persona 4 the Golden Animation: Another End,,DVD S,,A-1 Pictures,,"Mystery, Supernatural, Based on a Video Game",3.37,2014.0,,"'""After Yuu finds out the past and circumstances of Adachi, he makes a single decision in order to save him.""'",,"Persona 3, Persona 4, Tartarus Gekijou, Persona x Tantei Naoto (Light Novel), Persona 4 The Golden: Tohru Adachi - Comic Anthology, P4U2: Persona 4 the Ultimax Ultra Suplex Hold, Persona Q: Shadow of the Labyrinth - Side:P3, Persona 5, Tartarus Gekijou Wild",Persona 4 the Golden Animation,"Kanji Tatsumi, Naoto Shirogane, Yosuke Hanamura, Yu Narukami, Marie, Tohru Adachi, Yukiko Amagi, Rise Kujikawa",
"Ronja, the Robber's Daughter", Sanzoku no Musume Ronja,TV   ,26.0,POLYGON PICTURES,Fall ,"Adventure, Fantasy, Slice of Life, Family Friendly, Forest, Medieval, Based on a Novel, CG Animation",3.36,2014.0,2015.0,"'Ronja was born one stormy night when the castle occupied by her father, the bandit chieftain Mattis, was split in half. Growing up in this divided fortress, the carefree little girl spends her days helping her mother and exploring the forest surrounding her home, blissfully unaware of how her outlaw father and his men provide for themselves. Then one day another bandit gang, led by Mattis\'s rival Borka, occupies the other half of their castle and refuses to leave. Mattis is enraged, but Ronja begins to bond with Borka\'s son Birk, the first child her age she has ever seen. Can the two be friends when their families are out for blood? And\xa0what will happen when she finally learns what\xa0the word ""robber"" actually means?'",,,,"Ronja : Haruka Shiraishi, Birk Borkason : Reika Uyama, Borka : Atsuki Tani, Fjosok : Shoichiro Akaboshi, Joen : Giles New, Jutis : Giles New, Knotas : Takahiro Shimada, Labbas : Giles New, Goro Miyazaki
Director, Hiroyuki Kawasaki
Screenplay & Series Composition, Satoshi Takebe
Music, Katsuya Kondou
Character Design, Takashi Kamei
Storyboard","Goro Miyazaki : Director, Hiroyuki Kawasaki : Screenplay & Series Composition, Satoshi Takebe : Music, Katsuya Kondou : Character Design, Takashi Kamei : Storyboard"
Haikyuu!! Quest Picture Drama,,Other,,Production I.G,,"Fantasy, Shounen, Picture Drama, RPG, Short Episodes, Based on a Manga",3.36,2014.0,,'No synopsis yet - check back soon!',,"Haikyuu!! (Pilot), Haikyuu!!, Haikyuu-bu!!",Haikyuu!!,"Hajime Iwaizumi : Hiroyuki Yoshino, Kenma Kozume : Yuuki Kaji, Shoyo Hinata : Ayumu Murase, Takanobu Aone : Hiroki Matsukawa, Tobio Kageyama : Kaito Ishikawa, Tooru Oikawa : Daisuke Namikawa, Haruichi Furudate
Original Creator",Haruichi Furudate : Original Creator
Touhou Niji Sousaku Doujin Anime: Musou Kakyou Special, Touhou Niji Sousaku Doujin Anime: A Summer Day's Dream Special,DVD S,,,,"Fantasy, Japanese Mythology, Magic, Based on a Doujinshi, Based on a Video Game",3.36,2014.0,,'No synopsis yet - check back soon!',,"Touhou Sangetsusei: Eastern and Little Nature Deity, Touhou Sangetsusei: Strange and Bright Nature Deity, Touhou Gumonshiki: Memorizable Gensokyo, Touhou Bougetsushou: Silent Sinner in Blue, Touhou Bougetsushou: Tsuki no Inaba to Chijou no Inaba, Touhou Sangetsusei: Oriental Sacred Place, Touhou Ibara Kasen: Wild and Horned Hermit., Touhou Sangetsusei: Visionary Fairies in Shrine.","Touhou Niji Sousaku Doujin Anime: Musou Kakyou, Touhou Gensou Mangekyou: The Memories of Phantasm, Hifuu Katsudou Kiroku: The Sealed Esoteric History","Marisa Kirisame, Youmu Konpaku, Reisen Udongein Inaba, Yuyuko Saigyouji, Alice Margatroid, Eirin Yagokoro, Kaguya Horaisan, Reimu Hakurei",
Sunday Without God: Memories, Kamisama no Inai Nichiyoubi: Kioku,DVD S,,MADHOUSE,,"Drama, Ecchi, Fantasy, Post-apocalyptic, Based on a Light Novel",3.36,2014.0,,"'In this special, we get a look into some of the times before and between the group’s adventures. Ai and the others visit a hot spring before reaching Ostia, Alice thinks of his battle with Hampnie, and Hampnie dreams of when he first met Hana.'",,"Sunday Without God, Kami-sama no Inai Nichiyoubi (Light Novel)",Sunday Without God,"Alis Color, Hampnie Hambart, Ai Astin, Dee Ensy Stratmitos, Julie Dmitrievich, Scar, Alfa, Celica Hecmatika",
Magimoji Rurumo,,TV   ,12.0,J.C.Staff,Summer,"Comedy, Ecchi, Fantasy, Shounen, Apprenticeship, Magic, Witches, Based on a Manga",3.36,2014.0,,"'A boy named Kouta Shibaki, who suddenly gets a bunch of magical tickets one day. Rurumo, a witch that was demoted to an apprentice witch, uses these tickets as training in the human world, and Kouta can use these tickets to grant wishes, which are part of Rurumo’s training. However, the catch is that each ticket that is used shortens Kouta’s lifespan, so will he help out Rurumo, even at the expense of his own life?'",,"Magimoji Rurumo, Magimoji Rurumo: Makai Hen, Magimoji Rurumo: Houkago no Mahou Chuugakusei",Magimoji Rurumo: The Conclusion,"Kouta Shibaki : Makoto Takahashi, Rurumo : Suzuko Mimori, Chiro : Misato Fukuen, Senpai : Junji Majima, Bradkul Baroni, Fukusuke, Hajime Sugawara, Haruriri Warura, Wataru Watanabe
Original Creator, Chikara Sakurai
Director, Kimitaka Matsumae
Music, Suguru Yamaguchi
Music, Tarou Nagata
Music, Kazunori Iwakura
Character Design, Gorou Shinjuku
Producer, Noritomo Isogai
Producer","Wataru Watanabe : Original Creator, Chikara Sakurai : Director, Kimitaka Matsumae : Music, Suguru Yamaguchi : Music, Tarou Nagata : Music, Kazunori Iwakura : Character Design, Gorou Shinjuku : Producer, Noritomo Isogai : Producer"
LocoDol, Futsuu no Joshikousei ga [Locodol] Yattemita.,TV   ,12.0,feel.,Summer,"Seinen, Slice of Life, Idols, Based on a Manga",3.35,2014.0,,"'By her uncle’s request, Nanako is an ordinary high school girl who teams up with her upperclassman Yukari to become their town’s local idols. The two get paid by the town to do interviews at malls, appear on local TV broad casts and hold small live events on department store rooftops. Together, the two form the ""locodol"" group Nagarekawa Girls.'",,LocoDol,"LocoDol: We Tried Giving a Tour of Nagarekawa, LocoDol OVA","Nanako Usami : Miku Itou, Yukari Kohinata : Sachika Misawa, Mirai Nazukari : Inori Minase, Misato Mizumoto : Minami Tsuda, Mitsugu Oota : Takehiro Murozono, Saori Nishifukai : Asami Shimoda, Satsuki Kashiwaba : Mikako Izawa, Shouko Noda : Shiori Izawa, Koutarou Kosugi
Original Creator, Munenori Nawa
Director, Tomoki Hasegawa
Music, Yumi Shimizu
Character Design, Tomoko Kawasaki
Producer, Gou Tanaka
Producer, Masatoshi Ishizuka
Producer, Kazuhiro Kanemitsu
Producer","Koutarou Kosugi : Original Creator, Munenori Nawa : Director, Tomoki Hasegawa : Music, Yumi Shimizu : Character Design, Tomoko Kawasaki : Producer, Gou Tanaka : Producer, Masatoshi Ishizuka : Producer, Kazuhiro Kanemitsu : Producer"
Hachiouji-P: Heart Chrome,,Music,,,,"Dancing, Vocaloid, CG Animation",3.35,2014.0,,'No synopsis yet - check back soon!',,,,"Anon, Kanon, Wakamurap
Director, Hachioji-P
Producer","Wakamurap : Director, Hachioji-P : Producer"
Sakura Capusule,,OVA  ,1.0,Lerche,,"Drama, Slice of Life, Childhood Friends, Original Work",3.35,2014.0,,"'In the suburbs of Tokyo, a group of six girls have played together at the park since they were little, but eventually have to switch schools. Before they leave, they plan to make a time capsule, but are unable to do so. The story follows the girls four years later as they meet again.'",,,,"Akari Ousumi : Sayumi Sebori, Iku Amakumo : Kanae Itou, Kotone Ousu : Ayaka Okamoto, Mahiru Aki : Nozomi Okada, Nagisa Takada : Yurina Takahashi, Yuuka Shiroishi : Miyo Rikutsuki, Akiyo Oohashi
Director, Kiko Yamamoto
Music, Mayumi Watanabe
Character Design, Saburou Oomiya
Producer, Yuuji Higa
Producer","Akiyo Oohashi : Director, Kiko Yamamoto : Music, Mayumi Watanabe : Character Design, Saburou Oomiya : Producer, Yuuji Higa : Producer"
Chikasugi Idol Akae-chan,,TV   ,12.0,DLE,Winter,"Comedy, Short Episodes, Based on a Mobile Game",3.35,2014.0,,'No synopsis yet - check back soon!',,,Chikasugi Idol Akae-chan Specials,"Akae : Yui Watanabe, Aomi : Satomi Akesaka, Kikko : Mai Fuchigami, Momo : Hibiku Yamamura, Peperonpoppupoponchu Midorikawa : Yurika Kubo, Germana : Shinya Takahashi, Utako Uta : Marika Kouno, Kenji Mutou
Character Design, Jun Nakajima
Producer","Kenji Mutou : Character Design, Jun Nakajima : Producer"
Hachioji-P: Twinkle World,,Music,,,,"Vocaloid, CG Animation",3.35,2014.0,,'No synopsis yet - check back soon!',,,,"Miku Hatsune, Wakamurap
Director, Hachioji-P
Producer","Wakamurap : Director, Hachioji-P : Producer"
Love Live! μ's →NEXT LoveLive! 2014: ENDLESS PARADE - Encore Animation,,OVA  ,1.0,Sunrise,,Idols,3.35,2014.0,,'No synopsis yet - check back soon!',,"Love Live!, Love Live! Sunshine!! Maru no Yon Koma",Love Live! μ's →NEXT LoveLive! 2014: ENDLESS PARADE - Interlude Drama,,
"Wake Up, Girls!",,TV   ,12.0,Ordet,Winter,"Drama, Slice of Life, Idols, Music, Showbiz, Original Work",3.35,2014.0,,"""Green Leaves Entertainment is a tiny production company on the verge of going out of business in Sendai, the biggest city in Japan's northeastern Tohoku region. The agency once managed the careers of magicians, photo idols, fortune-tellers, and other entertainers, but its last remaining client finally quit. In danger of having zero talent (literally), the president Tange hatches an idea of producing an idol group. On the brash president's orders, the dissatisfied manager Matsuda heads out to scout raw talent. Matsuda makes a fateful encounter with a certain girl...""",,"Gekijouban Wake Up, Girls!: Shichinin no Idol, Wake Up, Girls!","Wake Up, Girls Zoo!, Wake Up, Girls! Seven Idols, Wake Up, Girls! Movie 1: The Shadow of Youth, Wake Up, Girls! Movie 2: Beyond the Bottom, Wake Up, Girls! no Miyagi PR Yarasete Kudasai!, Wake Up, Girl Zoo! Taiwan de Go!, Wake Up, Girls! New Chapter","Airi Hayashida : Airi Eino, Kaya Kikuma : Kaya Okuno, Mayu Shimada : Mayu Yoshioka, Minami Katayama : Minami Tanaka, Miyu Okamoto : Miyuu Takagi, Nanami Hisami : Nanami Yamashita, Yoshino Nanase : Yoshino Aoyama, Junko Tange : Noriko Hidaka, Yutaka Yamamoto
Director, Touko Machida
Screenplay & Series Composition, Satoru Kousaki
Music, Sunao Chikaoka
Character Design, Hiroyuki Tanaka
Producer, Satoshi Tanaka
Producer, Mika Shimizu
Producer, Takashi Yoshizawa
Producer","Yutaka Yamamoto : Director, Touko Machida : Screenplay & Series Composition, Satoru Kousaki : Music, Sunao Chikaoka : Character Design, Hiroyuki Tanaka : Producer, Satoshi Tanaka : Producer, Mika Shimizu : Producer, Takashi Yoshizawa : Producer"
Dragonar Academy, Seikoku no Dragonar,TV   ,12.0,C-Station,Spring,"Ecchi, Fantasy, Dragons, School Life, Based on a Light Novel",3.35,2014.0,,"'""Problem child"" Ash Blake is nothing but a nuisance to his fellow students at Ansullivar Dragonar Academy. Sure, he\'s got the sacred star brand that marks him as a future master of dragons, but his lack of dragon companion and hot temper make it more than a little difficult for him to play the part of the hero. That is, until his dragon awakens, and he\'s finally partnered with a fierce, fire-breathing... cute girl? And her human form isn\'t the only surprise; she\'s determined to be Ash\'s master. But when dark forces begin to endanger the lives of dragons and students, Ash and his partner must find a way to work together to defeat them!'",,"Dragonar Academy (Light Novel), Dragonar Academy",,"Ash Blake : Kouji Takahashi, Eco : Mariya Ise, Silvia Lautreamont : Ayane Sakura, Anya : Asami Shimoda, Jessica Valentine : Kana Hanazawa, Lucca Sarlinen : Asuka Oogame, Milgauss : Takehito Koyasu, Rebecca Randall :  Marina Inoue, Tomoyuki Kurokawa
Director, Shunsuke Tada
Director, Takatsugu Wakabayashi
Music, Mutsumi Sasaki
Character Design, Oshi Yoshinuma
Producer, Shingo Yokota
Producer, Masatoshi Ishizuka
Producer, Akihito Ikemoto
Producer","Tomoyuki Kurokawa : Director, Shunsuke Tada : Director, Takatsugu Wakabayashi : Music, Mutsumi Sasaki : Character Design, Oshi Yoshinuma : Producer, Shingo Yokota : Producer, Masatoshi Ishizuka : Producer, Akihito Ikemoto : Producer"
Dibetagurashi: Ahiru no Seikatsu - Ahiru no Sumu Shima,,TV Sp,,,,"Animal Protagonists, Family Friendly, Non-Human Protagonists",3.35,2014.0,,'Episode 40 of\xa0Dibetagurashi: Ahiru no Seikatsu.',,Dibetagurashi,Dibetagurashi: Ahiru no Seikatsu,,
The Fruit of Grisaia Specials, Grisaia no Kajitsu Specials,DVD S,,8-Bit,,"Comedy, Ecchi, Romance, Boarding School, Episodic, School Life, Based on an Eroge, Based on a Visual Novel, Nudity,, Sexual Content",3.35,2014.0,2015.0,'No synopsis yet - check back soon!',"Nudity,, Sexual Content","The Fruit of Grisaia: Sanctuary Fellows, The Fruit of Grisaia: Blue Bird, The Labyrinth of Grisaia: Sanctuary Fellows, The Eden of Grisaia: Sanctuary Fellows, Grisaia: Phantom Trigger - Sekai no Hate","The Fruit of Grisaia, The Labyrinth of Grisaia, The Eden of Grisaia, The Labyrinth of Grisaia Special, The Eden of Grisaia Specials, Grisaia: Phantom Trigger","Amane Suou, Kazuki Kazami, Makina Irisu, Michiru Matsushima, Sachi Komine, Yumiko Sakaki, Yuuji Kazami : Takahiro Sakurai",
OSTER project: Music Wizard of OZ,,Music,,,,"Adventure, Fantasy, Person in a Strange World, Vocaloid, Based on a Novel",3.34,2014.0,,'No synopsis yet - check back soon!',,,,"Miku Hatsune, Gumi, Kaito, Len Kagamine, Luka Megurine, Meiko, Rin Kagamine, Oster Project
Producer",Oster Project : Producer
Aoki Hagane no Arpeggio: Ars Nova - Kirikumas, Arpeggio of Blue Steel: Kirikumas,TV Sp,,SANZIGEN,,"Comedy, Seinen, Animal Protagonists, Anthropomorphic, Bears, Non-Human Protagonists, Parody, Short Episodes, Based on a Manga, Flash Animation",3.34,2014.0,,"'A 60-second parody short series ""Kirikumas"" featuring the ship mental model girls as stuffed teddy bears.'",,"Salty Road, Crossline, Sea Glass",Aoki Hagane no Arpeggio: Ars Nova,"Ark Performance
Original Creator, Seiji Kishi
Director, Masato Kouda
Music, Kazuaki Morita
Character Design","Ark Performance : Original Creator, Seiji Kishi : Director, Masato Kouda : Music, Kazuaki Morita : Character Design"
Kurumiwari Ningyou (2014), Nutcracker Fantasy (2014),Movie,,Sanrio,,Fantasy,3.34,2014.0,,'No synopsis yet - check back soon!',,,Nutcracker Fantasy,,
Yaoguai Mingdan, Monster List,Web  ,18.0,Haoliners Animation League,,"Action, Comedy, Ecchi, Fantasy, Romance, Chinese Animation, Contemporary Fantasy, Magic, Monsters, School Life, Short Episodes, Urban Fantasy, Based on a Manga",3.34,2014.0,2015.0,"'A foxy temptress. A strange misty tree demon. A girl with the power of the goddess Xianjia! Being caught between these women is a feat in it of itself, but our hero Feng Xi must fight in order to protect the peace and save the world!'",,Yaoguai Mingdan,Yaoguai Mingdan 2nd Season,"Feng Xi, Guo Shuang, He Huan, Su Jiu'Er : Wen Xiaoyi, Wallet God, Zhao Yue Yan, Ren Jia Tang
Original Creator, Li Haoling
Chief Director, Yi Dong
Director & Character Design, Myc Music
Music, Cedar Meat Rice Bowl
Producer","Ren Jia Tang : Original Creator, Li Haoling : Chief Director, Yi Dong : Director & Character Design, Myc Music : Music, Cedar Meat Rice Bowl : Producer"
Boundary line, Kyoukai-sen,Movie,,,,"Abstract, No Dialogue, Shorts",3.34,2014.0,,"'People are always longing for ""the other side"".\xa0However, the moment you cross the wall, the place that was ""the other side"" becomes ""here"".'",,,,"Ayaka Nakata
Director, Kaoru Ura
Music","Ayaka Nakata : Director, Kaoru Ura : Music"
If Her Flag Breaks OVA, Kanojo ga Flag wo Oraretara OVA,OVA  ,1.0,Hoods Entertainment,,"Comedy, Harem, Romance, Slice of Life, Supernatural, Based on a Light Novel",3.34,2014.0,,'No synopsis yet - check back soon!',,"Kanojo ga Flag o Oraretara, Kanojo ga Flag o Oraretara (Light Novel), Kanojo ga Flag o Oraretara: Oo Yuusha yo, Flag o Tateteshimau to wa Nanigoto da!?, Kanojo ga Flag o Oraretara - Root Love, Atarashii Kanojo ga Flag o Oraretara",If Her Flag Breaks,"Akane Mahougasawa : Ai Kayano, Nanami Knight Bladefield : Ibuki Kido, Souta Hatate : Ryouta Oosaka, Hakua Berserker Bladefield : Ai Kakuma, Kikuno Shoukanji : Kana Asumi, Kurumiko Daishikyougawa : Misaki Kuno, Megumu Touzokuyama : Kana Hanazawa, Mei Daimyouzamurai : Sakura Tange, Ayumu Watanabe
Director, Yukari Hashimoto
Music, Ruka Kawada
Music, Shizue Kaneko
Character Design, Jun Fukuda
Producer, Kenji Sumiya
Producer","Ayumu Watanabe : Director, Yukari Hashimoto : Music, Ruka Kawada : Music, Shizue Kaneko : Character Design, Jun Fukuda : Producer, Kenji Sumiya : Producer"
Ghost in the Shell: Nyuumon Arise, Koukaku Kidoutai Nyuumon Arise,TV   ,26.0,Production I.G,,"Comedy, Sci Fi, Chibi, Robots, Short Episodes, Based on a Manga",3.34,2014.0,,'No synopsis yet - check back soon!',,"Ghost in the Shell, Ghost in the Shell 1.5: Human-Error Processor, Ghost in the Shell 2: Man-Machine Interface, Ghost in the Shell: Stand Alone Complex, Ghost in the Shell: Stand Alone Complex - The Laughing Man","Ghost in the Shell, Ghost in the Shell: Stand Alone Complex, Ghost in the Shell: Stand Alone Complex - Tachikoma Days, Ghost in the Shell: Stand Alone Complex 2nd Gig, Ghost in the Shell 2: Innocence, Ghost in the Shell: Stand Alone Complex 2nd Gig - Tachikoma Days, Ghost in the Shell: Stand Alone Complex - The Laughing Man - Tachikoma Days, Ghost in the Shell: Stand Alone Complex - The Laughing Man, Ghost in the Shell: Stand Alone Complex - Individual Eleven, Ghost in the Shell: Stand Alone Complex - Individual Eleven - Tachikoma Days, Ghost in the Shell: Stand Alone Complex - Solid State Society, Ghost in the Shell: Uchikomatic Days, Ghost in the Shell 2.0, Ghost in the Shell: Arise, Ghost in the Shell: Arise - Another Mission, Ghost in the Shell: Arise - Logicoma Specials, Ghost in the Shell: Arise border:less project - WORKING HIGH, Ghost in the Shell: Arise - Alternative Architecture, Ghost in the Shell: The New Movie, Ghost in the Shell: Ghost Chaser","Komako : Miyuki Sawashiro, Logiko : Miyuki Sawashiro, Batou : Kenichirou Matsuda, Borma : Kazuya Nakai, Daisuke Aramaki : Ikkyuu Juku, Logicoma : Miyuki Sawashiro, Motoko Kusanagi : Maaya Sakamoto, Narrator : Miyuki Sawashiro",
3-gatsu no Lion meets Bump of Chicken, March Comes in like a Lion meets Bump of Chicken,Music,,,,"Orphans, Based on a Manga",3.34,2014.0,,'No synopsis yet - check back soon!',,"March Comes in Like a Lion, March Comes in Like a Lion: Shakunetsu no Jidai","Bump of Chicken: Answer, March Comes in like a Lion, March Comes in like a Lion Recap, March Comes in like a Lion 2nd Season","Hinata Kawamoto, Rei Kiriyama, Akari Kawamoto, Momo Kawamoto, Chica Umino
Original Creator, Bump Of Chicken
Music","Chica Umino : Original Creator, Bump Of Chicken : Music"
Zephyr,,Other,,SATELIGHT,,"Music, Original Work",3.34,2014.0,,"'The story revolves around the boy band named Zephyr, who lives in the slums of Tokyo in the near future. They stopped producing music after a war. One day Ned, the lead vocalist, receives a message on his phone from his girlfriend who he thought died in the war.'",,,,"Kal : Hiroshi Kamiya, Meisa : Yuuki Kaji, Ned : Tatsuhisa Suzuki, Uran : Daisuke Ono, Daisuke Iwasaki
Chief Director & Original Concept, Hirotaka Maeda
Character Design, Yae Ootsuka
Character Design, Taichi Hashimoto
Producer","Daisuke Iwasaki : Chief Director & Original Concept, Hirotaka Maeda : Character Design, Yae Ootsuka : Character Design, Taichi Hashimoto : Producer"
gdgd Fairies the Movie: tte Iu Eiga wa Dou kana...?,,Movie,,,,"Comedy, Fantasy, Magic, CG Animation, Original Work",3.34,2014.0,,'No synopsis yet - check back soon!',,,"gdgd Fairies, gdgd Fairies 2, gdgd men's party","Krkr : Satomi Akesaka, Pkpk : Suzuko Mimori, Shrshr : Kaoru Mizuhara, Souta Sugahara
Director, Shinichirou Kitazawa
Producer, Yoshifumi Yarimizu
Producer","Souta Sugahara : Director, Shinichirou Kitazawa : Producer, Yoshifumi Yarimizu : Producer"
Heaven's Lost Property Final Movie 2: Eternally My Master, Sora no Otoshimono Final Movie 2: Eternal My Master,Movie,,Production IMS,,"Comedy, Ecchi, Fantasy, Shounen, Angels, Non-Human Protagonists, Panty Shots, Based on a Manga",3.34,2014.0,,'Beautiful and otherworldly Ikaros’ connection with Tomoki is deeper than she originally thought. Now she’s starting to feel empty and confused—with new emotions she’s not had much experience with. How will she pick up the pieces after what comes next?',,Heaven’s Lost Property,"Heaven's Lost Property, Heaven's Lost Property: Project Pink, Heaven's Lost Property Forte, Heaven's Lost Property Movie 1: The Angeloid of Clockwork","Ikaros : Saori Hayami, Tomoki Sakurai : Souichirou Hoshi, Astraea : Kaori Fukuhara, Chaos : Aki Toyosaki, Eishiro Sugata : Tatsuhisa Suzuki, Hiyori Kazane : Youko Hikasa, Mikako Satsukitane : Ayahi Takagaki, Nymph : Iori Nomizu, Suu Minazuki
Original Creator, Hisashi Saitou
Director, Motoyoshi Iwasaki
Music, Yoshihiro Watanabe
Character Design, Chiaki Kurakane
Producer","Suu Minazuki : Original Creator, Hisashi Saitou : Director, Motoyoshi Iwasaki : Music, Yoshihiro Watanabe : Character Design, Chiaki Kurakane : Producer"
Calbee Hitokuchi Gekijou,,Other,,,,"Comedy, Commercials, Promotional, Short Episodes",3.33,2014.0,2015.0,'No synopsis yet - check back soon!',,,,"Momoko Sakura
Character Design",Momoko Sakura : Character Design
Kushimitama Samurai,,Other,,Asahi Production,,"Action, Historical, Samurai, Shorts, Swordplay",3.33,2014.0,,'No synopsis yet - check back soon!',,,,"Haku : Yoshinobu Sena, Hiiro : Aya Hirano, Kiji : Kouichi Yamadera, Ouka : Akira Ishida, Yami : Kohsuke Toriumi, Yoshinobu Sena
Director & Screenplay",Yoshinobu Sena : Director & Screenplay
Ties, A Link Between You and I,Music,,,,"Drama, Melancholy, Natural Disaster, Supernatural",3.33,2014.0,,'A story passed on is a living memorial.',,,,"Gaku Kinoshita
Director",Gaku Kinoshita : Director
Carnage, Nihon Animator Mihonichi: Carnage,Web  ,1.0,Khara,,"Japan Animator's Exhibition, Revenge, Shorts, Western, Explicit Violence,, Nudity",3.33,2014.0,,'Only the dead body remained. A one-armed woman who has a ghastly past. She dyes the wasteland in blood in order to achieve revenge on the one-eyed man…',"Explicit Violence,, Nudity",,,"Woman, Bank President, Boss, Priest, Boss' Daughter, Woman'S Father, Akira Homma
Director & Character Design & Original Creator, Junichi Hoshino
Music, Tomoyuki Ogata
Producer","Akira Homma : Director & Character Design & Original Creator, Junichi Hoshino : Music, Tomoyuki Ogata : Producer"
Race Eizou-hen,,Other,,,,"Sports, Commercials, Promotional, Racing, Short Episodes",3.33,2014.0,2015.0,'No synopsis yet - check back soon!',,,,,
Zhu Zhu Xia Movie 2: Yong Chuang Juren Dao, GG Bond Movie 2: GG Bond & the Beanstalk,Movie,,,,"Adventure, Animal Protagonists, Anthropomorphic, Chinese Animation, Family Friendly, Non-Human Protagonists, Pigs, Based on a Fairy Tale, CG Animation",3.32,2014.0,,'No synopsis yet - check back soon!',,,"Zhu Zhu Xia: Da Nao Huang Gong, Zhu Zhu Xia: Mo Huan Zhu Luo Ji, Zhu Zhu Xia: Wu Xia 2008, Zhu Zhu Xia: Yong Chuang Weilai Cheng, Bai Bian Zhu Zhu Xia, Zhu Zhu Xia: Jimu Shijie De Tong Hua, Zhu Zhu Xia: Xingfu Jiuyuan Dui, Zhu Zhu Xia Movie 1: Jiong Jiong Wei Ji, Zhu Zhu Xia: Bian Shen Xiao Ying Xiong, Zhu Zhu Xia: Bian Shen Zhandu, Zhu Zhu Xia: Bai Bian Lian Meng, Zhu Zhu Xia Movie 3: Zhong Ji Jue Zhan, Zhu Zhu Xia Movie 3: Zhong Ji Jue Zhan - Qian Ye Pian, Zhu Zhu Xia: Wu Ling Shou Wei Zhe, Zhu Zhu Xia: Guang Ming Shou Wei Zhe, Zhu Zhu Xia: Meng Xiang Shou Wei Zhe, Zhu Zhu Xia: Fan Wai - Pin Zhuang Tegong Dui, Zhu Zhu Xia Movie 4: Ying Xiong Zhu Shao Nian, Zhu Zhu Xia: Chao Xing Meng Chong, Zhu Zhu Xia: Jing Qiu Xiao Yingxiong, Zhu Zhu Xia: Konglong Riji, Zhu Zhu Xia Movie 5: Bukesiyi de Shijie, Zhu Zhu Xia: Jing Su Xiao Yingxiong",,
Kurousa-P: Ariadne,,Music,,,,Vocaloid,3.32,2014.0,,'No synopsis yet - check back soon!',,,,"Kurousa-P
Producer",Kurousa-P : Producer
Go! Go! Kadendanshi 2nd Season,,Web  ,78.0,DLE,,"Comedy, Short Episodes",3.32,2014.0,2015.0,'Second season of Go! Go! Kadendanshi.',,,Go! Go! Kadendanshi,"Doramu, Dryanna, Potton, Renjirou",
Magical Girl Lyrical Nanoha A's Picture Drama,,DVD S,,,,Picture Drama,3.32,2014.0,,'No synopsis yet - check back soon!',,,Magical Girl Lyrical Nanoha A's,"Subaru Nakajima : Chiwa Saitou, Teana Lanster : Mai Nakahara, Vivio : Kaori Mizuhashi",
Narihero www: Heroine Kentei, Konna Watashitachi ga Nariyuki de Heroine ni Natta Kekka www: Heroine Kentei,Web  ,11.0,,,"Comedy, Short Episodes",3.32,2014.0,,'No synopsis yet - check back soon!',,,,"Souta Sugahara
Director & Character Design & Original Creator",Souta Sugahara : Director & Character Design & Original Creator
Tesagure! Bukatsumono Encore, Tesagure! 2,TV   ,12.0,Yaoyorozu,Winter,"Comedy, Slice of Life, Breaking the Fourth Wall, Parody, School Club, School Life, CG Animation",3.32,2014.0,,"'The girls of the ""groping for ideas club"" continue their search for non cliché club ideas, while keeping up with their usual antics in the process.'",,,"Tesagure! Bukatsumono, Tesagure! Bukatsumono: Spin-off Puru Purun Sharumu to Asobou, Tesapuru dayo! Schedule no Au Hito dake Shuugou!","Aoi Takahashi : Karin Ogino, Hina Satou, Koharu Tanaka, Yua Suzuki, Mio Watanabe, Mobuko Sonota, Kotaro Ishidate
Director, Junichi Inoue
Music, Gochou Kedama
Character Design","Kotaro Ishidate : Director, Junichi Inoue : Music, Gochou Kedama : Character Design"
Ganbare! Lulu Lolo 2nd Season, Tiny Twin Bears 2nd Season,TV   ,26.0,Fanworks,Summer,"Animal Protagonists, Bears, Family Friendly, Non-Human Protagonists, Short Episodes",3.32,2014.0,2015.0,'Second season of Ganbare! Lulu Lolo.',,,"Ganbare! Lulu Lolo, Tiny Twin Bears 3rd Season","Lolo, Lulu",
Oniku Daisuki! Zeushi-kun 2nd Season,,Web  ,6.0,,,"Comedy, Food and Beverage, Short Episodes",3.32,2014.0,2015.0,'Second season of Oniku Daisuki! Zeushi-kun.',,,"Oniku Daisuki! Zeushi-kun, Oniku Daisuki! Zeushi-kun: Suteki na Hamburger","Mika Miito, Minota, Zeushi-Kun, Mika'S Father, Mika'S Mother, Nick Jagger, Zeushi-Kun'S Mother",
Ijigen Gattai Mojibakeru Z,,Web  ,1.0,,,"Sci Fi, Shounen, Family Friendly, Promotional, Proxy Battles",3.31,2014.0,,'No synopsis yet - check back soon!',,,,"Mayori Sekijima
Screenplay",Mayori Sekijima : Screenplay
Kana Kana Kazoku,,Web  ,46.0,DLE,,"Comedy, Slice of Life, Short Episodes",3.31,2014.0,,'No synopsis yet - check back soon!',,,"Kana Kana Kazoku: Rika in Wonderland, Kana Kana Kazoku: Shinnen no Goaisatsu","Kanabo, Rika-Chan, Mibione, Miviona, Rika'S Father, Rika'S Grandmother, Rika'S Mother, Ken",
Tia: Heart Realize,,Music,,,,,3.31,2014.0,,"""Official music video for Noragami's ending theme\xa0Heart Realize by Tia, bundled with the limited edition of the ED.""",,,Noragami,"Hiyori Iki, Yato, Yukine, Bishamonten, Daikoku, Kazuma, Kofuku Ebisu, Kuraha, Tia
Music",Tia : Music
Zhongguo Jingqi Xiansheng, Chinese Mystery Man,Web  ,63.0,Haoliners Animation League,,"Chinese Animation, Magic, Short Episodes, Supernatural, Based on a Manga",3.31,2014.0,2016.0,'No synopsis yet - check back soon!',,,,"Li Haoling
Director",Li Haoling : Director
Magical Girl Lyrical Nanoha Picture Drama, Mahou Shoujo Lyrical Nanoha Picture Drama,DVD S,,,,Picture Drama,3.31,2014.0,,'No synopsis yet - check back soon!',,Original Chronicle Magical Girl Lyrical Nanoha The 1st,Magical Girl Lyrical Nanoha,"Subaru Nakajima : Chiwa Saitou, Teana Lanster : Mai Nakahara, Vivio : Kaori Mizuhashi",
Fate/Kaleid Liner Prisma Illya 2wei! First Bra - Illya-hen,,DVD S,,SILVER LINK.,,"Fantasy, Magical Girl, Contemporary Fantasy, Henshin Heroes, Magic, Urban Fantasy, Based on a Manga",3.31,2014.0,2015.0,'No synopsis yet - check back soon!',,"Fate/Stay Night: Comic Battle, Fate/Stay Night, Fate/Zero (Light Novel), Fate/Tiger Colosseum Upper, Fate/Kaleid Liner Prisma Illya, Fate/Kaleid Liner Prisma Illya 2wei!, Fate/Extra, Fate/Apocrypha (Light Novel), Fate/Kaleid Liner Prisma Illya 3rei!!, Fate/Prototype: Tribute Phantasm, Fate/Extra: CCC Fox Tail, Fate/Hollow Ataraxia, Fate/Prototype: Soukan no Fragments (Light Novel), Fate/Kaleid Liner Prisma Illya (Light Novel), Fate/strange Fake, Fate/Mahjong Night: Seihai Sensou, Fate/Gudaguda Order, Fate/strange Fake (Light Novel), Fate/stay night: Garden of Avalon (Light Novel), Fate/Labyrinth (Light Novel), Fate/Apocrypha, Today's Menu for Emiya Family, Fate/Ixtella","Fate/stay night, Fate/stay night: TV reproduction, Fate/stay night: Unlimited Blade Works Movie, Fate/Zero, Fate/Prototype, Fate/Zero: Onegai! Einzbern Soudanshitsu, Fate/Zero 2, Fate/Kaleid Liner Prisma Illya, Fate/Kaleid Liner Prisma Illya Specials, Fate/Kaleid Liner Prisma Illya: Undoukai de Dance!, Fate/Kaleid Liner Prisma Illya 2wei!, Fate/stay night: Unlimited Blade Works, Fate/Kaleid Liner Prisma Illya 2wei! OVA, Fate/stay night: Unlimited Blade Works 2 - Sunny Day, Fate/stay night: Unlimited Blade Works 2, Fate/kaleid Liner Prisma Illya 2wei Herz!, Fate/kaleid Liner Prisma Illya 2wei Herz! Specials, Fate/Kaleid Liner Prisma Illya 3rei!!, Fate/Kaleid Liner Prisma Illya 3rei!! Special, Fate/Kaleid Liner Prisma Illya Movie: Vow in the Snow, Fate/stay night: Heaven's Feel I. presage flower","Chloe Von Einzbern : Chiwa Saitou, Illyasviel Von Einzbern : Mai Kadowaki, Leysritt : Miho Miyagawa, Luviagelita Edelfelt : Shizuka Itou, Magical Ruby : Naoko Takano, Miyu Edelfelt : Kaori Nazuka, Rin Tohsaka : Kana Ueda, Sella : Haruhi Nanao",
Ghost Messenger Movie,,Movie,,,,"Action, Fantasy, Sci Fi, Korean Animation",3.31,2014.0,,'No synopsis yet - check back soon!',,,Ghost Messenger,Kanglim : Sungtae Park,
rerulili: Moonlight Embellishment Girl, rerulili: Gekkou Junshoku Girl,Music,,,,Vocaloid,3.3,2014.0,,'No synopsis yet - check back soon!',,,,"Gumi, Miku Hatsune, Rerulili
Producer",Rerulili : Producer
Tari Tari Special," Tari Tari: Kumottari, Kagayaitari, Mata Itsuka Utattari",DVD S,,P.A. WORKS,,"Music, School Club, School Life, Original Work",3.3,2014.0,,'The bonus anime will feature a new Shirahamazaka High School Choir Club song as its theme.',,Tari Tari,Tari Tari,"Konatsu Miyamoto : Asami Seto, Sawa Okita : Saori Hayami, Taichi Tanaka : Nobunaga Shimazaki, Wakana Sakai : Ayahi Takagaki, Wien : Natsuki Hanae, Shiho Okita : Mamiko Noto, Shoichi Okita : Hiroyuki Kinoshita, Condor Queens Foreigner",
Nanocore, Nami Hexin,Web  ,10.0,Coastline Animation Studio,,"Sci Fi, Chinese Animation, CG Animation",3.3,2014.0,2015.0,'No synopsis yet - check back soon!',,,"Nanocore: Nano's Daily Life, Nanocore 2016 Xinnian Tebie Ban, Nanocore 2nd Season, Nanocore 3rd Season, Nami Xueyuan","Miya Fentis : Wen Xiaoyi, Nova Fentis, Bing Suixin, Gao Jin, Heyar Adas, Ray Adas, Charles, Drake",
Pokemon XY: Sora no Hahen,,Movie,,OLM,,"Fantasy, Sci Fi, Family Friendly, Monsters, Based on a Video Game",3.3,2014.0,,"""The story follow Ash and his friends when they visit the Pokémon Aerospace eXploration Agency. They are thrilled by stories from PAXA's astronauts about the wonders of space and the possibility of Pokémon living in space. Then, just as they hear about the dangers posed by space debris, sirens suddenly ring out. Team Rocket have plotted to seize control of PAXA and have apparently infiltrated the facility. At that critical moment, trouble develops in a control system for artificial satellites. Large pieces of space debris have collided, causing fears of even more debris.""",,"Pokemon: The Electric Tale of Pikachu, Pokémon Adventures, Magical Pokemon Journey, Pokémon: Diamond and Pearl Adventure!, Pokemon Mystery Dungeon: Ginji's Rescue Team, Pokemon Ranger and the Temple of the Sea, Pokemon: The Rise of Darkrai, Pokemon Ranger Batonnage, Kaitou! Pokemon 7, Pokemon the Movie: White - Victini and Zekrom, Pokemon + Nobunaga no Yabou - Ranse Iroemaki, Pokémon: Diancie and the Cocoon of Destruction, Pokémon: Omega Ruby & Alpha Sapphire, Pokemon the Movie: Hoopa and the Clash of Ages, Pokemon the Movie XY&Z: Volcanion to Karakuri no Magiana, Pokemon Horizon: Sun & Moon, Pokémon: Sun & Moon, Pokémon the Movie: I Choose You!","Pokemon: Pichu Bros. in Party Panic, Pokemon: Gotta Dance!, Pokemon Movie 6: Jirachi Wish Maker, Pokemon Movie 7: Destiny Deoxys, Pokemon: Pikachu's Summer Festival, Pokemon Movie 8: Lucario and The Mystery of Mew, Pokemon: Pikachu's Ghost Carnival, Pokemon Movie 9: Pokemon Ranger and the Temple of the Sea, Pokemon: Pikachu's Island Adventure, Pokemon: Diamond & Pearl, Pokemon Movie 10: The Rise of Darkrai, Pokemon: Pikachu Tanken Club, Pokemon Mystery Dungeon: Explorers of Time and Darkness, Pokemon Movie 11: Giratina and the Sky Warrior, Pokemon: Pikachu's Great Ice Adventure, Pokemon Movie 12: Arceus and the Jewel of Life, Pokemon: Pikachu's Great Sparking Search, Pokemon Movie 13: Zoroark - Master of Illusions, Pokemon: Pikachu's Big Mysterious Adventure, Pokemon: Black & White, Pokemon Movie 14: Black - Victini and Reshiram, Pokemon Movie 14: White - Victini and Zekrom, Pokemon Black Version 2 and White Version 2, Pokemon: Black & White - Rival Destinies, Pokemon: Utae Meloetta - Rinka no Mi wo Sagase!, Pokemon Movie 15: Kyurem vs. The Sword of Justice, Pokemon: Meloetta's Moonlight Serenade, Pokemon: Black & White: Adventures in Unova, Pokemon: Black & White: Adventures in Unova and Beyond, Pokemon: Mewtwo - Prologue to Awakening, Pokemon: Eevee and Friends, Pokemon XY Special: Road to Kalos, Pokemon XY, Pokemon XY: Mega Evolution, Pokemon: Diancie, Princess of the Diamond Domain, Pokemon Movie 17: Diancie and the Cocoon of Destruction, Pokemon: Hoopa, The Mischief Pokemon","Ash Ketchum, Ash'S Pikachu, Bonnie, Clemont, Serena",
Encouragement of Climb 2 Specials, Yama no Susume 2 Specials,DVD S,,8-Bit,,"Comedy, Seinen, Slice of Life, Parody, Based on a Manga",3.3,2014.0,2015.0,'No synopsis yet - check back soon!',,"Encouragement of Climb, Encouragement of Climb. Comic Anthology",Encouragement of Climb 2,"Aoi Yukimura : Yuka Iguchi, Hinata Kuraue : Kana Asumi, Kaede Saitou : Youko Hikasa, Kokona Aoba : Yui Ogura, Honoka Kurosaki : Nao Touyama, Anju : Atsuko Yuya, Arai : Yoku Shioya, Hikari Onozuka : Yuko Gibu, Siro
Original Creator",Siro : Original Creator
Samurai Warriors: Legend of the Sanada, Samurai Warriors SP: Sanada no Shou,TV Sp,,TYO Animations,,"Action, Feudal Japan, Historical, Based on a Video Game",3.3,2014.0,,"'The story of the special revolves around the Sanada brothers in their youth. Nobuyuki and Yukimura swear to each other to protect the influential Sanada clan. However, thinking of how to best continue the Sanada clan, Yukimura makes a decision, and meets with Mitsunari Ishida and Naoe Kanetsugu at the location he arrived at. On the other hand, his elder brother Nobuyuki must worry about the selfish demands made by the Tokugawa clan.'",,,"Samurai Warriors, Samurai Warriors: Samurai Warriors High School","Nobuyuki Sanada : Daisuke Ono, Yukimura Sanada : Yuka Saitou, Inahime : Makiko Ohmoto, Kanetsugu Naoe : Masaya Takatsuka, Mitsunari Ishida : Eiji Takemoto, Tadakatsu Honda : Akio Ootsuka, Hideyoshi Toyotomi, Ieyasu Tokugawa : Jouji Nakata, Koujin Ochi
Director, Kensuke Inage
Music, Aki Tsunaki
Character Design, Kazuhiro Asou
Producer, Nobuyuki Hosoya
Producer, Osamu Saegusa
Producer, Tomonori Kogawa
Animation Director, Yoshio Usuda
Animation Director & Key Animator","Koujin Ochi : Director, Kensuke Inage : Music, Aki Tsunaki : Character Design, Kazuhiro Asou : Producer, Nobuyuki Hosoya : Producer, Osamu Saegusa : Producer, Tomonori Kogawa : Animation Director, Yoshio Usuda : Animation Director & Key Animator"
Blade Dance of the Elementalers Specials, Seirei Tsukai no Blade Dance Specials,DVD S,,TNK,,"Ecchi, Fantasy, Harem, Magic, Based on a Light Novel",3.3,2014.0,2015.0,'No synopsis yet - check back soon!',,"Blade Dance of Elementalers (Light Novel), Blade Dance of Elementalers",Blade Dance of the Elementalers,"Claire Rouge : Ibuki Kido, Est : Ai Kakuma, Fianna Ray Ordesia : Saori Oonishi, Kamito Kazehaya : Makoto Furukawa, Restia : Youko Hikasa, Ellis Fahrengart : Shizuka Ishigami, Rinslet Laurenfrost : Kana Yuuki, Carol Natassha : Manami Tanaka",
"Pokemon: Diancie, Princess of the Diamond Domain", Pokemon XY: Koukoku no Princess Diancie,Web  ,1.0,OLM,Summer,"Fantasy, Shounen, Elemental Powers, Family Friendly, Monsters, Shorts, Based on a Video Game",3.3,2014.0,,"'A prequel special to the film,\xa0Pokemon Movie 17: Diancie and the Cocoon of Destruction.'",,"Pokemon: Machamp's 24-Hour Champ Police!, Pokemon: The Electric Tale of Pikachu, Pokémon Adventures, Magical Pokemon Journey, Pokémon: Diamond and Pearl Adventure!, Pokemon Mystery Dungeon: Ginji's Rescue Team, Pokemon Ranger and the Temple of the Sea, Pokemon: The Rise of Darkrai, Pokemon Diamond Pearl: Regigigas Hokaku Daisakusen!!, Pokemon Ranger Batonnage, Kaitou! Pokemon 7, Pokemon the Movie: White - Victini and Zekrom, Pokemon + Nobunaga no Yabou - Ranse Iroemaki, Pokémon: Diancie and the Cocoon of Destruction, Pokémon: Omega Ruby & Alpha Sapphire, Pokemon the Movie: Hoopa and the Clash of Ages, Pokemon the Movie XY&Z: Volcanion to Karakuri no Magiana, Pokemon Horizon: Sun & Moon, Pokémon: Sun & Moon, Pokémon the Movie: I Choose You!","Pokemon: Pichu Bros. in Party Panic, Pokemon: Gotta Dance!, Pokemon Movie 6: Jirachi Wish Maker, Pokemon Movie 7: Destiny Deoxys, Pokemon: Pikachu's Summer Festival, Pokemon Movie 8: Lucario and The Mystery of Mew, Pokemon: Pikachu's Ghost Carnival, Pokemon Movie 9: Pokemon Ranger and the Temple of the Sea, Pokemon: Pikachu's Island Adventure, Pokemon: Diamond & Pearl, Pokemon Movie 10: The Rise of Darkrai, Pokemon: Pikachu Tanken Club, Pokemon Mystery Dungeon: Explorers of Time and Darkness, Pokemon Movie 11: Giratina and the Sky Warrior, Pokemon: Pikachu's Great Ice Adventure, Pokemon Movie 12: Arceus and the Jewel of Life, Pokemon: Pikachu's Great Sparking Search, Pokemon Movie 13: Zoroark - Master of Illusions, Pokemon: Pikachu's Big Mysterious Adventure, Pokemon: Black & White, Pokemon Movie 14: Black - Victini and Reshiram, Pokemon Movie 14: White - Victini and Zekrom, Pokemon Black Version 2 and White Version 2, Pokemon: Black & White - Rival Destinies, Pokemon: Utae Meloetta - Rinka no Mi wo Sagase!, Pokemon Movie 15: Kyurem vs. The Sword of Justice, Pokemon: Meloetta's Moonlight Serenade, Pokemon: Black & White: Adventures in Unova, Pokemon: Black & White: Adventures in Unova and Beyond, Pokemon: Mewtwo - Prologue to Awakening, Pokemon: Eevee and Friends, Pokemon XY Special: Road to Kalos, Pokemon XY: Mega Evolution, Pokemon XY: Sora no Hahen, Pokemon Movie 17: Diancie and the Cocoon of Destruction, Pokemon: Hoopa, The Mischief Pokemon","Diancie : Marika Matsumoto, Carbink : Kiyotaka Furushima, Honedge : Tom Wayland, Millis Steel : Shouko Nakagawa, Xerneas : Yoshiko Mita, Kunihiko Yuyama
Director",Kunihiko Yuyama : Director
Gakumon! Ookami Shoujo wa Kujikenai Special,,Web  ,1.0,Studio Moriken,Fall ,"Comedy, Fantasy, Shounen, Monster School, Based on a Manga",3.3,2014.0,,'No synopsis yet - check back soon!',,Gakumon! - Ookami Shoujo wa Kujikenai,Gakumon! Ookami Shoujo wa Kujikenai,"Shushu : Yumi Uchiyama, Robinson Haruhara
Original Creator",Robinson Haruhara : Original Creator
Ikkitousen: Extravaganza Epoch,,OVA  ,2.0,ARMS,,"Action, Ecchi, Hand to Hand Combat, Martial Arts, Romance of the Three Kingdoms, Nudity,, Violence",3.3,2014.0,,'No synopsis yet - check back soon!',"Nudity,, Violence",Battle Vixens,"Ikkitousen, Ikkitousen: Dragon Destiny, Ikkitousen: Dragon Destiny: Hot Springs Grand Final Battle, Ikkitousen: Great Guardians, Ikkitousen: Great Guardians: Battle Tour Club, Sexy Cosplay, Ikkitousen: Xtreme Xecutor, Ikkitousen: Xtreme Xecutor Specials, Ikkitousen: Shuugaku Toushi Keppuuroku, Ikkitousen: Western Wolves","Hakufu Sonsaku : Masumi Asano, Koukin Shuuyu : Satoshi Hino, Shimei Ryomou : Yuko Kaida, Unchou Kan'U : Hitomi Nabatame, Ekitoku Chouhi : Minori Chihara, Gentoku Ryuubi : Kei Shindou, Himiko : Chiaki Takahashi, Koumei Shokatsuryou : Mai Kadowaki, Yuuji Shiozaki
Original Creator, Masashi Kudou
Director, Yasuharu Takanashi
Music, Rin-Sin
Character Design, Shinsaku Tanaka
Producer, Hisato Usui
Producer, Tetsuya Tsuchihashi
Producer, Kinji Yoshimoto
Animation Director","Yuuji Shiozaki : Original Creator, Masashi Kudou : Director, Yasuharu Takanashi : Music, Rin-Sin : Character Design, Shinsaku Tanaka : Producer, Hisato Usui : Producer, Tetsuya Tsuchihashi : Producer, Kinji Yoshimoto : Animation Director"
Beef Stroganoff, Minna no Uta: Beef Stroganoff,Music,,,,"Comedy, Family Friendly, Minna no Uta",3.3,2014.0,,'No synopsis yet - check back soon!',,,,,
Pretty Rhythm: All Star Selection,,TV   ,11.0,Tatsunoko Production,Spring,"Comedy, Ice Skating, Idols, Magic, Showbiz, Based on a Video Game",3.3,2014.0,,"'Young girl Lala is a Prism Show student, and is aiming to become an idol. She learns the way to shine from previous Prism Stars, including Aira Harune, Mia Ageha, and Naru Ayase. She looks back to the past with her mentors to their many experiences and Prism Shows.'",,,"Pretty Rhythm: Aurora Dream, Pretty Rhythm: Dear My Future, Pretty Rhythm: Rainbow Live, PriPara","Aira Harune : Kana Asumi, Ann Fukuhara : Yuu Serizawa, Bell Renjouji : Haruka Tomatsu, Ito Suzuno : Mikako Komatsu, Mia Ageha : Rumi Ookubo, Mion Takamine : Azusa Kataoka, Naru Ayase : Emiri Katou, Otoha Takanashi : Saori Gotou, Masakazu Hishida
Director, Mai Matsuura
Character Design, Yousuke Takabayashi
Producer, Naoki Miura
Producer","Masakazu Hishida : Director, Mai Matsuura : Character Design, Yousuke Takabayashi : Producer, Naoki Miura : Producer"
No Game No Life Specials,,DVD S,,MADHOUSE,,"Comedy, Ecchi, Fantasy, Isekai, NEET, Person in a Strange World, Picture Drama, Siblings, Based on a Light Novel",3.3,2014.0,,'No synopsis yet - check back soon!',,"No Game No Life (Light Novel), No Game No Life, No Game No Life, Please!, No Game No Life: Practical War Game (Light Novel)","No Game No Life, No Game No Life: Zero","Shiro : Ai Kayano, Sora : Yoshitsugu Matsuoka, Stephanie Dola : Youko Hikasa, Fil Nilvaren : Mamiko Noto, Kurami Zell : Yuka Iguchi, Akari Kamigishi, Izuna Hatsuse : Miyuki Sawashiro, Jibril : Yukari Tamura",
Tomohiko Banse: Calihara no Uta,,Music,,,,,3.29,2014.0,,'No synopsis yet - check back soon!',,,,"Miyo Sato
Director, Tomohiko Banse
Music","Miyo Sato : Director, Tomohiko Banse : Music"
Youkai Watch, Yo-kai Watch,TV   ,214.0,OLM,Winter,"Comedy, Episodic, Family Friendly, Japanese Mythology, Monster-of-the-week, Supernatural, Youkai, Based on a Video Game",3.29,2014.0,2018.0,"'When Keita frees Whisper, a ghost-like youkai, from 190 years of imprisonment, Whisper pledges to protect Keita from supernatural dangers. Whisper also gives Keita a watch that allows Keita to see other youkai. Together with the twin-tailed cat spirit Jibanyan, they encounter lots of youkai-related problems and solve them.'",,"Youkai Watch, Youkai Watch: Wakuwaku Nyanderful Days, 4-koma Youkai Watch: Geragera Manga Gekijou, Youkai Watch Busters, Youkai Watch Movie Shadow Side: Revival Of The Demon Lord, Youkai Watch Shadow Side","Youkai Watch: Best 10, Youkai Watch Movie 1: Tanjou no Himitsu da Nyan!, Aloha! Youkai Watch: Rakuen Hawaii de Geragerapou!!, Youkai Watch Movie 2: Enma Daiou to Itsutsu no Monogatari Da Nyan!, Youkai Watch Movie 3: Sora Tobu Kujira to Double no Sekai no Daibouken da Nyan!, 40-Shuunen da yo! Coro Coro All-Star Shougakkou, Youkai Watch Movie 4: Shadowside - Oni-ou no Fukkatsu, Youkai Watch: Shadow Side, Youkai Watch Movie 5: Forever Friends, Youkai Watch!, Youkai Watch (2021), Youkai Watch Movie 7: Keita to Orecchi no Deiai-hen da Nyan Wa, Watashi mo","Jibanyan : Etsuko Kozakura, Keita Amano : Haruka Tomatsu, Whisper : Tomokazu Seki, Fumika Kodama : Aya Endou, Gorouta Kumashima : Tooru Nara, Kanchi Imada : Chie Satou, Komasan : Aya Endou, Akaname, Shinji Ushiro
Director, Masami Suda
Character Design, Yoshikazu Beniya
Producer, Kazuki Kawagoe
Storyboard","Shinji Ushiro : Director, Masami Suda : Character Design, Yoshikazu Beniya : Producer, Kazuki Kawagoe : Storyboard"
World Conquest Zvezda Plot: Shin Zvezda Daisakusen, Sekai Seifuku: Bouryaku no Zvezda - Shin Zvezda Daisakusen,DVD S,,A-1 Pictures,,"Comedy, Fantasy, Sci Fi, Conspiracy, Idols, Robots, Superpowers, Original Work",3.29,2014.0,,'No synopsis yet - check back soon!',,"Sekai Seifuku: Junketsu no White Light, Sekai Seifuku: Bouryaku no Zvezda",World Conquest Zvezda Plot,"Asuta Jimon : Natsuki Hanae, Itsuka Shikabane : Mariya Ise, Kate Hoshimiya : Misaki Kuno, Natasha : Kana Hanazawa, Tensai Okamura
Director, Tatsuya Katou
Music, Keigo Sasaki
Character Design, Yukiko Maruyama
Art Director, Toshihiro Maeda
Producer, Kozue Kaneniwa
Producer, Makoto Furukawa
Producer, Shinichirou Kashiwada
Producer","Tensai Okamura : Director, Tatsuya Katou : Music, Keigo Sasaki : Character Design, Yukiko Maruyama : Art Director, Toshihiro Maeda : Producer, Kozue Kaneniwa : Producer, Makoto Furukawa : Producer, Shinichirou Kashiwada : Producer"
Barakamon: Mijikamon,,Web  ,13.0,Kinema Citrus,Summer,"Comedy, Shounen, Chibi, Countryside, Gag, Island, Short Episodes, Based on a Manga",3.29,2014.0,,"""Naru and Seishuu, along with a few special guests, are taking a break from their usual island hijinks to give their take on various topics - be it Naru's love of cicada shells, the merits of certain television shows, or most importantly, just how hard it is to be a big-headed chibi character!""",,"Barakamon, Handa-kun","Barakamon, Handa-kun","Naru Kotoishi : Suzuko Hara, Sei Handa : Daisuke Ono, Hiroshi Kido : Kouki Uchiyama, Kousuke Kanzaki : Yuuki Kaji, Miwa Yamamura : Nozomi Furuki, Panchi : Kujira, Takao Kawafuji : Junichi Suwabe, Tamako Arai : Rumi Ookubo",
Noragami: Noraneko,,Other,,,,"Comedy, Cats, Chibi, Parody",3.29,2014.0,,'No synopsis yet - check back soon!',,Noragami: Stray God,Noragami,"Hiyori Iki, Yato, Yukine, Bishamonten, Daikoku, Kazuma, Kofuku Ebisu, Nora",
Celestial Method, Sora no Method,TV   ,13.0,Studio 3Hz,Fall ,"Drama, Fantasy, Slice of Life, Original Work",3.29,2014.0,,"'That saucer has always been in the sky... ""I\'m here to grant wishes."" A mysterious saucer appeared in the sky above Kiriya Lake. When it appeared, the world panicked. But when it simply remained there, the terror disappeared. Eventually it became a tourist area, and people gradually lost interested. When two girls meet, it\'s a sign that things are about to happen again. A new story, where feelings change people.'",,Celestial Method,"Celestial Method: Aru Shoujo no Kyuujitsu, Celestial Method: Mou Hitotsu no Negai","Koharu Shiihara : Haruka Yoshimura, Noel : Inori Minase, Nonoka Komiya : Shiina Natsukawa, Shione Togawa : Mikako Komatsu, Souta Mizusaka : Kaito Ishikawa, Yuzuki Mizusaka : Aki Toyosaki, Nonoka'S Father : Hiroshi Tsuchida, Nonoka'S Mother : Ai Kayano, Masayuki Sakoi
Director, Tatsuya Katou
Music, Yukie Akiya
Character Design, Shin Wakabayashi
Storyboard","Masayuki Sakoi : Director, Tatsuya Katou : Music, Yukie Akiya : Character Design, Shin Wakabayashi : Storyboard"
Shi Xiong, Zombie Brother,Web  ,41.0,L2 Studio,,"Action, Comedy, Horror, Chinese Animation, Short Episodes, Supernatural, Zombies, Based on a Manga, Violence",3.29,2014.0,2015.0,"'Protagonist Xiao Fei used to be an ordinary guy from H city. After the spring water was contaminated with a virus, however, he unexpectedly encountered an unprecedented crisis. The people living in H City became zombies one by one, devouring each other, and gradually evolving. Can Xiao Fei escape from H city and meet up with his girlfriend Wei? The story now begins...'",Violence,Zombie Brother,Wo Jiao Bai Xiaofei,"Xiaofei Bai, Qiduyu
Original Creator, Heng Yu Lu
Director, Shu Jie Li
Director, Shuo Feng
Music, Yu Jing Sun
Music, Jun Zhao
Producer","Qiduyu : Original Creator, Heng Yu Lu : Director, Shu Jie Li : Director, Shuo Feng : Music, Yu Jing Sun : Music, Jun Zhao : Producer"
Choco to Watashi, Minna no Uta: Choco to Watashi,Music,,,,Minna no Uta,3.29,2014.0,,'No synopsis yet - check back soon!',,,,,
Keroro,,TV   ,23.0,Sunrise,Spring,"Comedy, Sci Fi, Shounen, Aliens, Frogs, Short Episodes, Based on a Manga",3.28,2014.0,,"""Sergeant Keroro, who is ”58th Planet of the Gamma Planetary System, Space Invasion Army Special Tactics Platoon Leader,” infiltrates the Hinata family's home as a preparatory stage to conquer Earth, but is easily captured by Fuyuki and Natsumi due to his inherent incompetence. Keroro ends up staying in the home of the Hinata family thanks to Fuyuki's generosity, or perhaps simply out of his curiosity. As they pass the days Keroro and his four subordinates (or creatures) together plot to conquer Earth, or maybe not.""",,Sgt. Frog,"Sgt. Frog, Keroro Gunsou Movie 1, Chibi Kero: Secret of the Kero Ball, Keroro Gunsou Movie 2: Shinkai no Princess de Arimasu!, Keroro Gunsou Movie 3: Tenkuu Daikessen de Arimasu!, Keroro Gunsou Movie 4: Gekishin Dragon Warriors de Arimasu!, Keroro Gunsou Movie 5: Kyuukyoku Keroro, Kiseki no Jikuu-jima, de arimasu!!","Fuyuki Hinata : Houko Kuwashima, Keroro : Kumiko Watanabe, Natsumi Hinata : Chiwa Saitou, Aki Hinata : Akiko Hiramatsu, Dororo : Takeshi Kusao, Giroro : Jouji Nakata, Kururu : Takehito Koyasu, Tamama : Etsuko Kozakura, Mine Yoshizaki
Original Creator, Haruki Kasugamori
Director","Mine Yoshizaki : Original Creator, Haruki Kasugamori : Director"
Momon's Sand Witch,,Web  ,8.0,,,"Comedy, School Life, Short Episodes",3.28,2014.0,,'No synopsis yet - check back soon!',,,"Ikeike! Momon-chan, Ikeike! Momon-chan Specials, Tanu no Magical Holiday, Momon's Sand Witch Bangai-hen: Tanu no Kyuujitsu, Momon's Sand Witch Episode Zero",Momon-Chan,
Hikaru Utada: Beautiful World,,Music,,Khara,,"Sci Fi, Post-apocalyptic, Promotional",3.28,2014.0,,'No synopsis yet - check back soon!',,,Evangelion: 1.0 You Are (Not) Alone,"Asuka Langley Soryu, Kaworu Nagisa, Mari Makinami Illustrious, Rei Ayanami, Shinji Ikari, Kazuya Tsurumaki
Director, Hikaru Utada
Song Composition & Song Lyrics & Song Performance","Kazuya Tsurumaki : Director, Hikaru Utada : Song Composition & Song Lyrics & Song Performance"
Fate/Kaleid Liner Prisma Illya: Undoukai de Dance!, Fate/Kaleid Liner Prisma Illya: Dance at the Sports Festival!,OVA  ,1.0,SILVER LINK.,,"Fantasy, Magical Girl, Shounen, Contemporary Fantasy, Henshin Heroes, Magic, School Life, Urban Fantasy, Based on a Manga",3.28,2014.0,,'No synopsis yet - check back soon!',,"Fate/Stay Night: Comic Battle, Fate/Stay Night, Fate/Zero (Light Novel), Fate/Tiger Colosseum Upper, Fate/Kaleid Liner Prisma Illya, Fate/Kaleid Liner Prisma Illya 2wei!, Fate/Extra, Fate/Apocrypha (Light Novel), Fate/Kaleid Liner Prisma Illya 3rei!!, Fate/Prototype: Tribute Phantasm, Fate/Extra: CCC Fox Tail, Fate/Hollow Ataraxia, Fate/Prototype: Soukan no Fragments (Light Novel), Fate/Kaleid Liner Prisma Illya (Light Novel), Fate/strange Fake, Fate/Mahjong Night: Seihai Sensou, Fate/Gudaguda Order, Fate/strange Fake (Light Novel), Fate/stay night: Garden of Avalon (Light Novel), Fate/Labyrinth (Light Novel), Fate/Apocrypha, Today's Menu for Emiya Family, Fate/Ixtella","Fate/stay night, Fate/stay night: TV reproduction, Fate/stay night: Unlimited Blade Works Movie, Fate/Zero, Fate/Prototype, Fate/Zero: Onegai! Einzbern Soudanshitsu, Fate/Zero 2, Fate/Kaleid Liner Prisma Illya, Fate/Kaleid Liner Prisma Illya Specials, Fate/Kaleid Liner Prisma Illya 2wei! First Bra - Illya-hen, Fate/Kaleid Liner Prisma Illya 2wei!, Fate/stay night: Unlimited Blade Works, Fate/Kaleid Liner Prisma Illya 2wei! OVA, Fate/stay night: Unlimited Blade Works 2 - Sunny Day, Fate/stay night: Unlimited Blade Works 2, Fate/kaleid Liner Prisma Illya 2wei Herz!, Fate/kaleid Liner Prisma Illya 2wei Herz! Specials, Fate/Kaleid Liner Prisma Illya 3rei!!, Fate/Kaleid Liner Prisma Illya 3rei!! Special, Fate/stay night: Heaven's Feel I. presage flower","Illyasviel Von Einzbern : Mai Kadowaki, Miyu Edelfelt : Kaori Nazuka, Magical Ruby : Naoko Takano, Magical Sapphire : Miyu Matsuki, Mimi Katsura : Satomi Satou, Nanaki Moriyama : Mariya Ise, Suzuka Kurihara : Kanae Itou, Taiga Fujimura : Miki Itou, Hiroshi Hiroyama
Original Creator, Shin Oonuma
Chief Director, Mirai Minato
Chief Director, Takashi Sakamoto
Director, Tatsuya Katou
Music, Nozomi Ushijima
Character Design, Ai Matsuki
Producer, Junichirou Tamura
Producer","Hiroshi Hiroyama : Original Creator, Shin Oonuma : Chief Director, Mirai Minato : Chief Director, Takashi Sakamoto : Director, Tatsuya Katou : Music, Nozomi Ushijima : Character Design, Ai Matsuki : Producer, Junichirou Tamura : Producer"
Mobile Suit Gundam-san (Web),,DVD S,,,,"Comedy, Mecha, Sci Fi, Chibi, Parody",3.28,2014.0,,'No synopsis yet - check back soon!',,,Mobile Suit Gundam-san,,
Pinocchio-P: SLoWMoTIoN,,Music,,,,Vocaloid,3.28,2014.0,,'No synopsis yet - check back soon!',,,,"Miku Hatsune, Pinocchio-P
Producer",Pinocchio-P : Producer
Space Dandy 2 Picture Drama,,DVD S,,Bones,,Picture Drama,3.28,2014.0,2015.0,'No synopsis yet - check back soon!',,Space Dandy,"Space Dandy, Space Dandy 2, Space Dandy Picture Drama","Dandy, Meow, Qt",
Kura Sushi,,Web  ,2.0,,,"Coworkers, Food and Beverage, Promotional, Restaurants, Short Episodes, Work Life",3.28,2014.0,2016.0,'No synopsis yet - check back soon!',,,,"Kousuke Sugimoto
Director, Rabbit Machine
Character Design","Kousuke Sugimoto : Director, Rabbit Machine : Character Design"
kemu: Invisible,,Music,,,,Vocaloid,3.28,2014.0,,'No synopsis yet - check back soon!',,,,"Gumi, Rin Kagamine, Kemu
Producer",Kemu : Producer
Akame ga Kill! Recap,,TV Sp,,WHITE FOX,,"Action, Fantasy, Recap",3.28,2014.0,,'No synopsis yet - check back soon!',,"Akame ga Kill!, Akame ga Kill! ZERO","Akame ga Kill!, Akame ga Kill! Theater","Akame : Sora Amamiya, Tatsumi : Soma Saito, Syura : Ryouhei Kimura",
Yamishibai: Japanese Ghost Stories 2nd Season,,TV   ,13.0,ILCA,Summer,"Horror, Episodic, Short Episodes, Supernatural, Urban Legend, Original Work",3.27,2014.0,,"'The horror stories continue as Yamishibai: Japanese Ghost Stories 2 enters the second season of ghastly encounters. Based on Japanese myths and urban legends, the series mimics the stories told by tradition Japanese storytellers using kamishibai (paper theater).'",,Horror Theatre Yamishibai,"Yamishibai: Japanese Ghost Stories, Yamishibai: Japanese Ghost Stories 3rd Season, Yamishibai: Japanese Ghost Stories 4th Season, Yamishibai: Japanese Ghost Stories 5th Season, Yamishibai: Japanese Ghost Stories 6th Season, Yamishibai: Japanese Ghost Stories 7th Season, Yamishibai: Japanese Ghost Stories 8th Season, Yamishibai: Japanese Ghost Stories 9th Season","Annoyed Man, Asako, Businessman, College Student, Dai-Chan'S Wife, Hatanaka, Kaoru, Katagiri, Takashi Shimizu
Director, Noboru Iguchi
Director","Takashi Shimizu : Director, Noboru Iguchi : Director"
Zenmaiji-kake no Truffe,,Web  ,2.0,,,"Bears, Short Episodes",3.27,2014.0,,'No synopsis yet - check back soon!',,,,,
Wormy,,Movie,,,,"Animal Protagonists, Insects, Non-Human Protagonists, Shorts, Original Work",3.27,2014.0,,'No synopsis yet - check back soon!',,,,"Kakeru Mizui
Director",Kakeru Mizui : Director
Riddle Story of Devil: Who Is the Winner? (Pop Quiz), Akuma no Riddle: Shousha wa Dare? (Nukiuchi Test),DVD S,,diomedea,,"Comedy, Ecchi, GL, Seinen, Shoujo-ai, Assassins, Island, Based on a Manga",3.27,2014.0,,"""After the ladies of Class Black get stranded on a deserted island, a new game begins! The girl who steals the pin off Haru’s swimsuit will win her heart’s desire. But with wardrobe malfunctions at an all-time high, it's up to\xa0Totaku to defend Haru's honor...""",,Riddle Story of Devil,Riddle Story of Devil,"Haru Ichinose, Tokaku Azuma, Ataru Mizorogi, Chitaru Namatame, Hitsugi Kirigaya, Isuke Inukai, Kouko Kaminaga, Mahiru Banba, Yun Kouga
Original Creator, Keizou Kusakawa
Director, Yoshiaki Fujisawa
Music, Naomi Ide
Character Design, Toshihiro Maeda
Producer, Gorou Shinjuku
Producer, Jun Fukuda
Producer, Takashi Kikuya
Producer","Yun Kouga : Original Creator, Keizou Kusakawa : Director, Yoshiaki Fujisawa : Music, Naomi Ide : Character Design, Toshihiro Maeda : Producer, Gorou Shinjuku : Producer, Jun Fukuda : Producer, Takashi Kikuya : Producer"
Pororo the Little Penguin 5, Porong Porong Pororo 5,TV   ,26.0,,,"Fantasy, Slice of Life, Animal Protagonists, Anthropomorphic, Korean Animation, Non-Human Protagonists, Short Episodes, CG Animation",3.27,2014.0,,'No synopsis yet - check back soon!',,,"Pororo the Little Penguin, Pororo to the Cookie Castle, Pororo the Little Penguin 2, Pororo the Little Penguin 3, Pororo the Little Penguin 4, Porong Porong Rescue Mission, Pororo the Little Penguin: The Racing Adventure, Porong Porong: Snow Fairy Adventure, Pororo the Little Penguin 6","Crong : Mija Lee, Eddy : Sujeong Ham, Harry : Seoyeong Kim, Loopy : Soyeong Hong, Petty : Misook Jeong, Poby : Hwanjin Kim, Pororo : Seon Lee, Rody : Mija Lee",
Mafumafu: Ringo Hanabi to Soda no Umi, Mafumafu: Apple Fireworks and Sea of Soda,Music,,,,Vocaloid,3.27,2014.0,,"'The official music video for the Vocaloid song Ringo Hanabi to Soda no Umi, by the producer\xa0Mafumafu.'",,,,"Mafuteru
Director, Mafumafu
Producer & Song Composition & Song Lyrics, Ia
Song Performance","Mafuteru : Director, Mafumafu : Producer & Song Composition & Song Lyrics, Ia : Song Performance"
Last Note: Setsuna Trip,,Music,,,,Vocaloid,3.27,2014.0,,'No synopsis yet - check back soon!',,,,"Gumi, Last Note
Producer",Last Note : Producer
By Your Side,,Other,,,,"Shorts, Stop Motion Animation",3.26,2014.0,,'No synopsis yet - check back soon!',,,,"Bear, Rabbit, Girl, Tsuneo Goda
Director",Tsuneo Goda : Director
Koji Nakamura: B.O.Y.,,Music,,,,,3.26,2014.0,,'No synopsis yet - check back soon!',,,,"Tetsuya Tatamitani
Director, Koji Nakamura
Music","Tetsuya Tatamitani : Director, Koji Nakamura : Music"
Way back to the Sea, Namazu wa Umi ni Kaeru,Movie,,,,Shorts,3.26,2014.0,,"""The catfish can't get back to the sea. A big catfish is stuck on a riverbank, where he lives quietly with a little catfish in a boat packed with memories from back home.""",,,,"Boy, Old Man, Kaori Iwase
Director, Kaoru Kubota
Music, Mitsuko Okamoto
Producer","Kaori Iwase : Director, Kaoru Kubota : Music, Mitsuko Okamoto : Producer"
kemu: Ikasama Life Game,,Music,,,,Vocaloid,3.26,2014.0,,'No synopsis yet - check back soon!',,,"kemu: Chikyuu Saigo no Kokuhaku o, kemu: Kamisama Nejimaki, kemu: Reincarnation","Gumi, Kemu
Producer",Kemu : Producer
CocoaSigarette-P: Tsuki Tabi,,Music,,,,Vocaloid,3.26,2014.0,,'No synopsis yet - check back soon!',,,,"Yukari Yuzuki, Cocoasigarette-P
Producer",Cocoasigarette-P : Producer
Last Note: Izayoi Seeing, Last Note: Seeing a Sixteen-Day-Old Moon,Music,,,,Vocaloid,3.26,2014.0,,'No synopsis yet - check back soon!',,"Mikagura School Suite, Mikagura School Suite (Light Novel), Mikagura School Suite: Koushiki Anthology Comic","Last Note: Houkago Stride, Last Note: Mukiryoku Coup d'État, Last Note: Garakuta Innocence, Mikagura School Suite, Last Note: Uchouten Vivace, Last Note: Esoragoto Spiral","Asuhi Imizu, Eruna Ichinomiya, Himi Yasaka, Kyouma Kuzuryu, Otone Fujishiro, Sadamatsu Minatogawa, Seisa Mikagura, Shigure Ninomiya, Last Note
Producer",Last Note : Producer
in the sea and near a girl.,,Other,,,,"Shorts, Original Work",3.26,2014.0,,'No synopsis yet - check back soon!',,,,"Masanobu Hiraoka
Director",Masanobu Hiraoka : Director
Sword Art Online: Sword Art Offline - Extra Edition,,DVD S,,A-1 Pictures,,"Comedy, Chibi",3.26,2014.0,,'No synopsis yet - check back soon!',,"Sword Art Online (Light Novel), Sword Art Online: Aincrad, Sword Art Online 4-koma, Sword Art Online SS: Calibur SS-han (Light Novel), Sword Art Online: Fairy Dance, Sword Art Online Side Stories (Light Novel), Sword Art Online: Progressive (Light Novel), Sword Art Online Comic Anthology, Sword Art Online: Girls' Ops, Sword Art Online: Progressive, Sword Art Online Alternative: Gun Gale Online (Light Novel), Sword Art Online: Mother's Rosary, Sword Art Online: Phantom Bullet, Sword Art Online: Calibur, Sword Art Online Alternative: Gun Gale Online, Sword Art Online: Aincrad Night of Kirito, Sword Art Online Alternative: Clover's Regret (Light Novel), Sword Art Online: Project Alicization, Sword Art Online: Hollow Realization, Sword Art Online Iden: Kibaou-han!, Sword Art Online: Hopeful Chant (Light Novel), Sword Art Online: Ordinal Scale, Sword Art Online: Kirito no Gun Gale Wars, Sword Art Online: Progressive - Barcarolle of Froth, Sword Art Online: Kiss and Fly","Sword Art Online, Sword Art Online: Sword Art Offline, Sword Art Online: Extra Edition, Sword Art Online II, Sword Art Online II: Debriefing, Sword Art Online II: Sword Art Offline II, Sword Art Online Movie: Ordinal Scale, Sword Art Online: Fatal Bullet - The Third Episode, Sword Art Online Alternative: Gun Gale Online, Sword Art Online Alternative: Gun Gale Online - Refrain","Asuna Yuuki : Haruka Tomatsu, Kirito : Yoshitsugu Matsuoka, Suguha Kirigaya : Ayana Taketatsu, Yui : Kanae Itou, Agil, Klein, Kraken The Abyss Lord, Lisbeth",
Jin: days,,Music,,,,Vocaloid,3.26,2014.0,,'No synopsis yet - check back soon!',,,Mekakucity Actors,"Sidu
Director, Jin
Producer & Series Composition & Song Lyrics, Lia
Song Performance","Sidu : Director, Jin : Producer & Series Composition & Song Lyrics, Lia : Song Performance"
Mah: Inu Gyorai, Mah: Dog Torpedo,Music,,,,"Animal Protagonists, Non-Human Protagonists, Vocaloid",3.26,2014.0,,'No synopsis yet - check back soon!',,,,"Mah
Producer & Director",Mah : Producer & Director
Benpiyaku Colace,,Web  ,7.0,,,"Comedy, Slice of Life, Animal Protagonists, Commercials, Non-Human Protagonists, Promotional, Short Episodes",3.26,2014.0,2016.0,'No synopsis yet - check back soon!',,,,,
Joker,"Alt titles: Kaitou Joker, Mysterious Joker",TV   ,13.0,Shin-Ei Animation,Fall ,"Comedy, Shounen, Thieves, Based on a Manga",3.26,2014.0,2015.0,"'In the story, there is nothing in the world that the mysterious phantom thief Joker cannot steal. He goes after one treasure after another in unpredictable capers with seemingly miraculous tricks.'",,Kaitou Joker,"Joker 2, Joker 3, Joker 4, 40-Shuunen da yo! Coro Coro All-Star Shougakkou","Hachi : Yumiko Kobayashi, Joker : Ayumu Murase, Queen : Miyuki Sawashiro, Spade : Hiro Shimono, Dark Eye : Kenichi Ono, Dj Peacock : Masahito Yabe, Dokusaburou Oniyama : Naoki Tatsuta, Ginko Kurosaki : Yuuko Hara, Hideyasu Takahashi
Original Creator, Yukiyo Teramoto
Director, Dai Satou
Series Composition, Miho Shimogasa
Character Design","Hideyasu Takahashi : Original Creator, Yukiyo Teramoto : Director, Dai Satou : Series Composition, Miho Shimogasa : Character Design"
REACH x Thermae Romae: Pietrada no Kekkon, REACH x Thermae Romae: Pietrada's Marriage,Other,,DLE,,"Comedy, Promotional, Shorts",3.25,2014.0,,'No synopsis yet - check back soon!',,,Thermae Romae,Lucius Modestus,
Ran,,Web  ,1.0,,,"No Dialogue, Rabbits, Shorts",3.25,2014.0,,'Short animation by\xa0Eri Kinoshita.',,,,"Eri Kinoshita
Director",Eri Kinoshita : Director
Ohayou Hakushon Daimaou ZIP!,,Other,,,,"Comedy, Genies, Parody, Short Episodes, Flash Animation",3.25,2014.0,2015.0,'No synopsis yet - check back soon!',,,"Genie Family, Ohayou Ninja-tai Gatchaman ZIP!, Mazinger ZIP!, Good Morning!!! Doronjo","Akubi, Hakushon Daimaou",
"Mattsu, Yamma and Moburi 2: Navy's Treasure and Islands with Mystery to Be Hunted", Mattsu to Yanma to Moburi-san 2: Suigun Otakara to Nazotoki no Shimajima,Web  ,1.0,Robot,Fall ,"Adventure, Fantasy, Shorts, Original Work",3.25,2014.0,,'No synopsis yet - check back soon!',,,"Mattsu, Yamma and Moburi: The Mystery of the Seven Gems and the Flying Castle","Mattsu : Misa Watanabe, Yamma : Mayuko Kouchi, Aran Shirahama, Tomochika, Saku Sakamoto
Director",Saku Sakamoto : Director
Gakumon! Ookami Shoujo wa Kujikenai,,Web  ,2.0,Studio Moriken,Spring,"Comedy, Fantasy, Shounen, Monster School, School Life, Short Episodes, Based on a Manga",3.25,2014.0,,"'”Wereman"" Shushu\'s life is turned upside down when her father tells her that despite what she was told her entire life, she is in fact a female, and cannot become a wereman. To be certified as a wereman so she can become a public servant and let her father retire, she enrolls in Monster Academy. There, she meets Juzu, the son of the monster king who founded the school. Although he is feared by everyone due to his status, when her secret is exposed to the monster prince, she finds out that Juzu is in fact stupid, but is kind and just wanted a friend. With all the eyes of the students on Shushu and Juzu, the inconspicuous life Shushu so desperately desired goes down the drain.'",,Gakumon! - Ookami Shoujo wa Kujikenai,Gakumon! Ookami Shoujo wa Kujikenai Special,"Juzu : Hiro Shimono, Shushu : Yumi Uchiyama, Kiisa Fraiger : Shuichi Tatsunami, Timid : Naomi Maruyama, Shushu'S Father : Shuichi Tatsunami, Robinson Haruhara
Original Creator, Kenshiro Morii
Director, Shintarou Mori
Music","Robinson Haruhara : Original Creator, Kenshiro Morii : Director, Shintarou Mori : Music"
FAKE TYPE: Witch Hat - Majo to Boushi no Waltz,,Music,,,,Supernatural,3.25,2014.0,,'No synopsis yet - check back soon!',,,,"Fake Type.
Music",Fake Type. : Music
Baku Tech! Bakugan Gachi: Tokubetsu-hen,,Web  ,1.0,Shogakukan Music & Digital Entertainment,Winter,"Shounen, Card Battles, Proxy Battles, Based on a Manga",3.25,2014.0,,'No synopsis yet - check back soon!',,,"Baku Tech! Bakugan, Baku Tech! Bakugan Gachi",Harubaru Hinode : Marie Mizuno,
12-Sai.,,OVA  ,8.0,Synergy SP,,"Romance, Shoujo, School Life, Based on a Manga",3.25,2014.0,2015.0,"'The story begins with Hanahi, a sixth-grade girl who is neither an adult nor a child. She deals with issues such as accidentally witnessing her homeroom teacher kissing, and worrying about experiencing physiological changes before her friends.'",,12-sai.,"12-Sai. 2nd Season, 12-Sai: Chiccha na Mune no Tokimeki, 12-Sai: Chiccha na Mune no Tokimeki 2","Hanabi Ayase : Ai Kakuma, Kazuma Hiyama : Yuuichi Iguchi, Yuuto Takao : Soma Saito, Cocoa Hamana : Sayuri Hara, Ayumu Tsutsumi : Tetsuya Kakihara, Class 6-2 Homeroom Teacher : Emiko Takeuchi, Eiko : Takumi Watanabe, Marin Ogura : Mayuki Makiguchi, Nao Maita
Original Creator, Seiki Taichuu
Director, Naohiko Furuichi
Producer","Nao Maita : Original Creator, Seiki Taichuu : Director, Naohiko Furuichi : Producer"
Nanana's Buried Treasure Specials, Ryuugajou Nanana no Maizoukin Specials,DVD S,,A-1 Pictures,,"Comedy, Ghosts, Supernatural, Based on a Light Novel",3.25,2014.0,,'No synopsis yet - check back soon!',,"Ikkyuu Tensai no Kiwamete Fuhoni na Meisuiri (Light Novel), Ryuugajou Nanana no Maizoukin Bangai-hen (Light Novel)","Nanana's Buried Treasure PV, Nanana's Buried Treasure","Juugo Yama : Yuuki Ono, Nanana Ryuugajou : Rui Tanabe, Daruku Hoshino, Tensai Ikkyu",
Inugami-san to Nekoyama-san,,TV   ,12.0,Seven,Spring,"Comedy, GL, Romance, Shoujo-ai, Slice of Life, Gag, School Life, Short Episodes, Based on a 4-Koma Manga, Based on a Manga",3.25,2014.0,,"'The series follows two high school girls; Yachiyo Inugami, a dog-like girl who loves cats, and Suzu Nekoyama, a cat-like girl who loves dogs, and the strange relationship their respective habits form.'",,Inugami-san to Nekoyama-san,Inugami-san to Nekoyama-san Special,"Suzu Nekoyama : Nao Touyama, Yachiyo Inugami : Sumire Uesaka, Aki Hiiragi : Yuka Ootsubo, Hibari Torikai : Erii Yamazaki, Mikine Nezu : Sayaka Horino, Sora Sarutobi : Shoko Nagahiro, Yukiji Ushikawa : Aoi Fujimoto, Kaede Hiiragi : Sayako Toujou, Kuzushiro
Original Creator, Shinpei Nagai
Director, G-Angle
Music, Takehiro Miura
Character Design, Gorou Shinjuku
Producer, Hitomi Nishioka
Producer, Taku Horie
Producer, Kanako Umezawa
Producer","Kuzushiro : Original Creator, Shinpei Nagai : Director, G-Angle : Music, Takehiro Miura : Character Design, Gorou Shinjuku : Producer, Hitomi Nishioka : Producer, Taku Horie : Producer, Kanako Umezawa : Producer"
47 Todoufuken R,,TV   ,12.0,DandeLion Animation Studio,Winter,"Animal Protagonists, Family Friendly, Non-Human Protagonists, CG Animation",3.24,2014.0,,'No synopsis yet - check back soon!',,,"47 Todoufuken, 47 Todoufuken Specials","Fukuokaken : Yurie Kobori, Gunmaken : Yui Ogura, Saitamaken : Choo, Shunsuke Nara
Producer",Shunsuke Nara : Producer
One Week Friends: Kaori's Journal, Isshuukan Friends. Kaori's Journal,DVD S,,Brain's Base,,"Drama, Romance, Shounen, Slice of Life, Amnesia, Coming of Age, Illness, Based on a Manga",3.24,2014.0,,'No synopsis yet - check back soon!',,One Week Friends,One Week Friends,"Kaori Fujimiya : Sora Amamiya, Yuuki Hase : Yoshitaka Yamaya, Saki Yamagishi, Shougo Kiryuu",
paco: September,,Music,,,,Fantasy,3.24,2014.0,,'No synopsis yet - check back soon!',,,,"Kouhei Yoshino
Director, Paco
Music","Kouhei Yoshino : Director, Paco : Music"
If Her Flag Breaks, Kanojo ga Flag wo Oraretara,TV   ,13.0,Hoods Entertainment,Spring,"Comedy, Harem, Romance, School Life, Supernatural, Based on a Light Novel",3.24,2014.0,,"'Souta Hatate is a boy who has the unique ability to see ""Flags"" above the heads of other people. The ""Flags"" mark critical crossroads in people\'s lives — when the choices they make will determine love, friendship, victory, and even death. He transfers into Tokyo\'s elite Hatagaya Academy, but instead of living by himself in the boys\' dormitory, he ends up living with many beautiful girls under one roof.'",,"Kanojo ga Flag o Oraretara, Kanojo ga Flag o Oraretara (Light Novel), Kanojo ga Flag o Oraretara: Oo Yuusha yo, Flag o Tateteshimau to wa Nanigoto da!?, Kanojo ga Flag o Oraretara - Root Love, Atarashii Kanojo ga Flag o Oraretara",If Her Flag Breaks OVA,"Akane Mahougasawa : Ai Kayano, Nanami Knight Bladefield : Ibuki Kido, Souta Hatate : Ryouta Oosaka, Kikuno Shoukanji : Kana Asumi, Megumu Touzokuyama : Kana Hanazawa, Mimori Seiteikouji : Yukari Tamura, Rin Eiyuuzaki : Youko Hikasa, Ruri Ninjabayashi : Ayaka Suwa, Ayumu Watanabe
Director, Yukari Hashimoto
Music, Ruka Kawada
Music, Shizue Kaneko
Character Design, Jun Fukuda
Producer, Hiroshi Yoshida
Producer","Ayumu Watanabe : Director, Yukari Hashimoto : Music, Ruka Kawada : Music, Shizue Kaneko : Character Design, Jun Fukuda : Producer, Hiroshi Yoshida : Producer"
Nem: Angelfish,,Music,,,,Vocaloid,3.24,2014.0,,'No synopsis yet - check back soon!',,,,"Nem
Producer",Nem : Producer
Beyond the Boundary: Mini Theater, Kyoukai no Kanata: Mini Theater,DVD S,,Kyoto Animation,,"Fantasy, Contemporary Fantasy, Picture Drama, Urban Fantasy, Based on a Light Novel",3.24,2014.0,,'No synopsis yet - check back soon!',,Kyoukai no Kanata (Light Novel),"Beyond the Boundary, Beyond the Boundary: Idol Trial!, Beyond the Boundary: Shinonome, Beyond the Boundary Movie: I'll Be Here - Past, Beyond the Boundary: Yakusoku no Kizuna, Beyond the Boundary Movie: I'll Be Here - Future","Akihito Kanbara : Kenn, Hiroomi Nase : Tatsuhisa Suzuki, Mirai Kuriyama : Risa Taneda, Mitsuki Nase : Minori Chihara, Ai Shindo : Yuri Yamaoka, Ayaka Shindo : Naomi Shindou, Izumi Nase : Ayako Kawasumi, Shizuku Ninomiya : Akeno Watanabe",
ClariS: CLICK,,Music,,,,,3.24,2014.0,,'The official music video for CLICK\xa0by ClariS.',,,,"Alice : Alice, Clara : Clara, Claris
Music, Livetune
Producer","Claris : Music, Livetune : Producer"
TWIN CROSS: Dareka no Santa Claus,,Music,,,,Christmas,3.24,2014.0,,'No synopsis yet - check back soon!',,,,"Twin Cross
Music",Twin Cross : Music
Captain Earth,,TV   ,25.0,Bones,Spring,"Action, Mecha, Sci Fi, Aliens, Original Work, Nudity",3.24,2014.0,,"'The day before summer vacation starts, Daichi who is a high school boy, sees a rainbow on TV in an island. “I’ve seen this rainbow before…” He is suddenly urged to visit this island to find about this rainbow, bits of forgotten memories from the past and his father’s mysterious death. At the island, he encounters a gigantic unknown robot called “Earth Engine”. He is asked by a crew member, “Are you the Captain”? From then on, Daichi is sucked into the space battle against robots from Uranus, “Kiltgung”. When the stars shines brightly in the sky, the battles begin.'",Nudity,Captain Earth,,"Akari Yomatsuri : Rina Hidaka, Daichi Manatsu : Miyu Irino, Hana Mutou : Ai Kayano, Teppei Arashi : Hiroshi Kamiya, Amara : Kenichi Suzumura, Ando : Kaya Matsutani, Bow : Atsushi Ono, Canis : Shiro Gou, Takuya Igarashi
Director, Satoru Kousaki
Music, Satoshi Ishino
Character Design, Yoshihiro Ooyabu
Producer, Makoto Furukawa
Producer, Satoshi Tanaka
Producer, Dai Sakai
Producer, Kota Kuroda
Producer","Takuya Igarashi : Director, Satoru Kousaki : Music, Satoshi Ishino : Character Design, Yoshihiro Ooyabu : Producer, Makoto Furukawa : Producer, Satoshi Tanaka : Producer, Dai Sakai : Producer, Kota Kuroda : Producer"
Disney Tsum Tsum, A Tsum Tsum Short,Web  ,37.0,POLYGON PICTURES,,"Comedy, Animal Protagonists, Disney, Episodic, Family Friendly, Non-Human Protagonists, Promotional, Short Episodes, CG Animation",3.24,2014.0,2020.0,'No synopsis yet - check back soon!',,,,"Chip, Daisy Duck, Dale, Donald Duck, Dumbo, Eeyore, Goofy, King Mickey, Hiroshi Chida
Director",Hiroshi Chida : Director
Hill Climb Girl, Nihon Animator Mihonichi: Hill Climb Girl,Web  ,1.0,Khara,,"Sports, Cycling, Japan Animator's Exhibition, Shorts, CG Animation",3.24,2014.0,,"'Hinako, a high school girl, loves to ride a bicycle, who respects a professional road racer. Every morning she competes with a boy of her classmate to the way to their school on the hill, riding her mama chari bicycle, but she loses the game every time. Frustrated Hinako gets a chance for winning the game from the video of her favorite cycle racer and is ready for the game next morning…'",,,,"Hinako : Megumi Hayashibara, Takano, Bradley Wiggins, Miki, Teacher, Azuma Tani
Director, Yasuyuki Sasaki
Music, Mai Yoneyama
Character Design, Tomoyuki Ogata
Producer","Azuma Tani : Director, Yasuyuki Sasaki : Music, Mai Yoneyama : Character Design, Tomoyuki Ogata : Producer"
Nikukyuu no Uta, Minna no Uta: Nikukyuu no Uta,Music,,,,Minna no Uta,3.24,2014.0,,'No synopsis yet - check back soon!',,,,,
Yoshiharu Abe: Shiroi Niji,,Music,,,,Abstract,3.24,2014.0,,'No synopsis yet - check back soon!',,,,"Masanobu Hiraoka
Director, Yoshiharu Abe
Music","Masanobu Hiraoka : Director, Yoshiharu Abe : Music"
Yokomin: Yukari,,Music,,,,Vocaloid,3.24,2014.0,,'No synopsis yet - check back soon!',,,,"Yukari Yuzuki, Yokomin
Producer",Yokomin : Producer
Mobile Suit Gakuen: G-Reco Koushien,,DVD S,,Studio Puyukai,,"Mecha, Sci Fi, Chibi, Parody",3.24,2014.0,2015.0,'No synopsis yet - check back soon!',,,Gundam Reconguista in G,,
Saint Seiya: Legend of Sanctuary,,Movie,,Toei Animation,,"Action, Fantasy, Hand to Hand Combat, Power Suits, Superpowers, CG Animation",3.23,2014.0,,"""Kido Saori is a young girl troubled by her mysterious powers. She is saved by Seiya from an assassin sent to kill her. Saori then learns she is the reincarnation of the Goddess Athena with Seiya being one of her 88 Saints. Upon learning of her destiny, she heads to the Sanctuary to wage war against its Pope. Seiya, alongside fellow Bronze Saints Hyouga, Shiryuu, Shun, and Ikki must pass through the twelve Zodiac Temples in Athena's Sanctuary in twelve hours, in order to save their goddess Athena from imminent death. They must confront each of the twelve Gold Saints that guard each of the temples in order to reach the cure that will save Athena""",,"Knights of the Zodiac, Saint Seiya: Episode G, Saint Seiya: The Lost Canvas, Saint Seiya: Next Dimension, Saint Seiya: The Lost Canvas - Meiou Shinwa Gaiden, Saint Seiya: Saintia Shou, Saint Seiya: Origin",Saint Seiya: Knights of the Zodiac,"Andromeda Shun : Nobuhiko Okamoto, Cygnus Hyoga : Kensho Ono, Dragon Shiryu : Kenji Akabane, Pegasus Seiya : Takuto Yoshinaga, Saori Kido : Satomi Koorogi, Aries Mu : Mitsuru Miyamoto, Capricorn Shura : Shinji Kawada, Leo Aioria : Go Inoue, Masami Kurumada
Original Creator, Keiichi Satou
Director, Yoshihiro Ike
Music, Seiji Yokoyama
Music","Masami Kurumada : Original Creator, Keiichi Satou : Director, Yoshihiro Ike : Music, Seiji Yokoyama : Music"
Pokemon Black & White: Dekorora Adventure - Iris vs. Ibuki! Dragon Master e no Michi!!, Pokemon Best Wishes! Season 2: Decolora Adventure - Iris vs. Ibuki! Dragon Master e no Michi!!,TV Sp,,OLM,,"Adventure, Fantasy, Shounen, Elemental Powers, Proxy Battles, Based on a Video Game",3.23,2014.0,,'No synopsis yet - check back soon!',,,Pokemon: Black & White: Adventures in Unova and Beyond,"Clair : Yuuko Mita, Iris : Aoi Yuuki, Ash Ketchum, Ash'S Pikachu, Cilan, Dragonair : Megumi Hayashibara, Druddigon : Tsuguo Mogami, Iris' Axew",
Rail Wars!,,TV   ,12.0,Passione,Summer,"Action, Ecchi, Harem, Coworkers, Trains, Tsundere, Work Life, Based on a Light Novel, Nudity",3.23,2014.0,,"""In present-day Japan, train fanatics and those looking for a lifetime of job security seek employment at Japanese National Railways - also known as JNR - the country's largest railway company. Naoto Takayama is one such train lover who aspires to become an engineer, but his on-the-job training places him on the security force instead. Alongside busty companions Aoi and Haruka, not to mention his well-endowed superiors at JNR, Naoto will do his best to keep the populace safe, whether he’s helping defuse a bombing in Tokyo Station, helping hand-deliver a life-or-death delivery in the midst of a storm, or escorting a famous prince to his destination!""",Nudity,"Rail Wars! Nihon Kokuyuu Tetsudou Kouantai (Light Novel), Rail Wars! Nihon Kokuyuu Tetsudou Kouantai: The Revolver, Rail Wars! A (Light Novel)",,"Aoi Sakurai : Manami Numakura, Haruka Koumi : Maaya Uchida, Naoto Takayama : Jun Fukuyama, Shou Iwaizumi : Satoshi Hino, Hitomi Gonou : Mai Nakahara, Mari Sassho : Hiromi Igarashi, Nana Iida : Yui Horie, Alice Kuji : Ayumi Fujimura, Yoshifumi Sueda
Director, Yoshiaki Fujisawa
Music, Makoto Uno
Character Design & Chief Animation Director, Tatsuya Ishiguro
Producer, Junichirou Tanaka
Producer, Jun Fukuda
Producer, Takeshi Ishigaki
Producer, Hiroyuki Tajima
Producer","Yoshifumi Sueda : Director, Yoshiaki Fujisawa : Music, Makoto Uno : Character Design & Chief Animation Director, Tatsuya Ishiguro : Producer, Junichirou Tanaka : Producer, Jun Fukuda : Producer, Takeshi Ishigaki : Producer, Hiroyuki Tajima : Producer"
Toki wa Meguru: Tokyo Station,,Web  ,1.0,A-1 Pictures,Spring,"Promotional, Shorts, Trains",3.23,2014.0,,'A special to celebrate the 100th anniversary of the Tokyo Station City train station.',,,,"Misaki, Naomichi Yamato
Director, Keiichi Kondo
Character Design","Naomichi Yamato : Director, Keiichi Kondo : Character Design"
Meg & Patron: Pari Pari Pa-ri,,Music,,,,,3.23,2014.0,,"'The official music video for\xa0Pari Pari Pa-ri, by Meg & Patron.'",,,,"Takashi Ohashi
Director, Meg & Patron
Song Performance","Takashi Ohashi : Director, Meg & Patron : Song Performance"
Handsome Kenya: Random,,Music,,,,,3.23,2014.0,,'No synopsis yet - check back soon!',,,,"Kousuke Sugimoto
Director, Handsome Kenya
Music","Kousuke Sugimoto : Director, Handsome Kenya : Music"
Fuusen Inu Tinny, Tinny and the Balloon,TV   ,26.0,Steve N' Steven,Fall ,"Animal Protagonists, Dogs, Family Friendly, Non-Human Protagonists, Short Episodes, Based on a Novel",3.22,2014.0,2015.0,"'A puppy Tinny, gets tied to a balloon and floats up into the blue sky. He drifts up into the clouds where he meets various unique animals, who have been attached to balloons since their births. They become friends and together they venture into an unknown world of the “Balloon Kingdom”…..'",,,"Fuusen Inu Tinny 2nd Season, Fuusen Inu Tinny: Nandaka Fushigi na - Kyouryuu no Kuni",,
Oreimo 2: Ore no Imouto ga Konnani Eroge na Wake Nai, Ore no Imouto ga Konnani Kawaii Wake ga Nai.: Ore no Imouto ga Konnani Eroge na Wake Nai,DVD S,,,,Based on a Light Novel,3.22,2014.0,,'No synopsis yet - check back soon!',,,"Oreimo, Oreimo Animated Commentary, ClariS: Nexus, Oreimo Specials, ClariS: Reunion, Oreimo 2, Oreimo 2 Animated Commentary, Oreimo 2 Specials","Kirino Kousaka : Ayana Taketatsu, Kyousuke Kousaka : Yuuichi Nakamura, Akimi Sakurai, Daisuke Kousaka, Yoshino Kousaka",
Avengers Confidential: Black Widow & Punisher,,Movie,,MADHOUSE,,"Action, Sci Fi, Marvel Comics, Superheroes, Superpowers, Based on a Comic Book",3.22,2014.0,,"'After interfering with a top secret mission, THE PUNISHER is taken into custody by S.H.I.E.L.D. AGENT and AVENGER, BLACK WIDOW. At the orders of Director Nick Fury, Punisher and Black Widow are sent on a mission to stop LEVIATHAN, a global terrorist organization, that plans to sell stolen S.H.I.E.L.D. technology to the highest bidder. Now, the vigilante and spy must work together to prevent this technology from falling into the wrong hands. The fate of the world, and of the AVENGERS, hangs in the balance.'",,,,"Frank Castle : Tesshou Genda, Natasha Romanoff : Miyuki Sawashiro, Amadeus Cho : Daisuke Namikawa, Cain : Ryuzaburo Otomo, Elihas Starr : Hiroki Touchi, Nicholas Fury : Hideaki Tezuka, Baron Zemo : Eric Bauza, Captain Marvel, Makoto Fuchigami
Chief Director, Kenichi Shimizu
Director, Shuuhei Yabuta
Cg Director","Makoto Fuchigami : Chief Director, Kenichi Shimizu : Director, Shuuhei Yabuta : Cg Director"
In Search of the Lost Future, Ushinawareta Mirai wo Motomete,TV   ,12.0,feel.,Fall ,"Drama, Romance, Astronomy, School Club, School Life, Time Travel, Based on an Eroge, Based on a Visual Novel, Nudity",3.21,2014.0,,"'A series of increasingly strange events have been reported at Uchihama Academy’s soon-to-be-replaced aging school building. When the student council grows concerned about the spectral encounters, puzzling sleep disorders, and bizarre mishaps, they enlist the aid of the Astronomy Club to crack the case before it’s too late. One evening after school, club member Sou Akiyama is rocked by a sudden earthquake – and an encounter with a beautiful and mysterious naked girl who appears to know him even though he has no recollection of ever meeting her. \xa0The next day, the very same girl arrives at his school as a transfer student who’s interested in joining the Astronomy Club. In the blink of an eye, Sou’s fate – along with the fates of all the girls in his club – begin to change in very dramatic and mysterious ways.'",Nudity,"Ushinawareta Mirai wo Motomete (Trumple), Ushinawareta Mirai wo Motomete",In Search of the Lost Future OVA,"Airi Hasekura : Kei Mizusawa, Kaori Sasaki : Hatsumi Takada, Kenny Osafune : Kappei Yamaguchi, Nagisa Hanamiya : Tomoe Tamiyasu, Sou Akiyama : Takuma Terashima, Yui Yoshikawa : Akane Tomonaga, Hikaru Reito : Takuo Kawamura, Karin Fukazawa : Satomi Satou, Naoto Hosoda
Director, Fuuga Hatori
Music, Ikuo Yamakado
Character Design, Kousuke Murayama
Chief Animation Director","Naoto Hosoda : Director, Fuuga Hatori : Music, Ikuo Yamakado : Character Design, Kousuke Murayama : Chief Animation Director"
A Certain Magical Index 10th Anniversary PV, Toaru Majutsu no Index 10th Anniversary PV,Other,,J.C.Staff,,"Sci Fi, Magic, Promotional, Based on a Light Novel",3.21,2014.0,,'No synopsis yet - check back soon!',,"A Certain Magical Index (Light Novel), A Certain Magical Index, A Certain Magical Index: New Testament (Light Novel), Genesis Testament: A Certain Magical Index (Light Novel)",A Certain Magical Index,"Index : Yuka Iguchi, Touma Kamijou : Atsushi Abe, Accelerator : Nobuhiko Okamoto, Frolaytia Capistrano : Shizuka Itou, Havia Winchell : Kaito Ishikawa, Kazari Uiharu : Aki Toyosaki, Kuroko Shirai : Satomi Arai, Mikoto Misaka : Rina Satou",
Gonna be the Twin-Tail!!," Ore, Twintail ni Narimasu.",TV   ,12.0,Production IMS,Fall ,"Action, Comedy, Ecchi, Gender Bender, Parody, Superpowers, Based on a Light Novel",3.21,2014.0,,"'Souji is an average high school boy and devoted lover of pigtails. But when monsters with a thirst for human spirit energy invade earth, Souji (along with the help of a mysterious pig-tailed stranger) must transform into a pigtailed girl to defeat them.'",,"Gonna be the Twin-Tail!! (Light Novel), Gonna be the Twin-Tail!! EX (Light Novel)",Gonna be the Twin-Tail!! Tokubetsu-hen,"Aika Tsube : Yuka Aisaka, Souji Mitsuka : Nobunaga Shimazaki, Twoearle : Maaya Uchida, Draggildy : Tetsu Inada, Erina Shindou : Chinatsu Akasaki, Anko Iisuna : Youko Hikasa, Asuka : Kaede Yuasa, Buffalo Guildy : Ryouta Takeuchi, Hiroyuki Kanbe
Director, Yasuharu Takanashi
Music, Kazuaki Morita
Character Design, Masahiro Yamane
Character Design, Junya Okamoto
Producer, Atsushi Yoshikawa
Producer, Gou Tanaka
Producer, Shigeaki Arima
Producer","Hiroyuki Kanbe : Director, Yasuharu Takanashi : Music, Kazuaki Morita : Character Design, Masahiro Yamane : Character Design, Junya Okamoto : Producer, Atsushi Yoshikawa : Producer, Gou Tanaka : Producer, Shigeaki Arima : Producer"
Scape Escape, Zenbu Wakatteru,Movie,,,,"No Dialogue, Shorts",3.21,2014.0,,"'A man wanted to escape. He wanted to stay unaware, but he found them all.'",,,,"Yukie Nakauchi
Director, Yuka Konishi
Music, Mitsuko Okamoto
Producer","Yukie Nakauchi : Director, Yuka Konishi : Music, Mitsuko Okamoto : Producer"
Lord Marksman and Vanadis: Tigre and Vanadish, Madan no Ou to Vanadis: Tigre-kun to Vanadi-chu,Web  ,14.0,Studio Puyukai,Fall ,"Comedy, Chibi, Short Episodes",3.21,2014.0,2015.0,'No synopsis yet - check back soon!',,"Lord Marksman and Vanadis, Lord Marksman and Vanadis (Light Novel)",Lord Marksman and Vanadis,"Eleonora Viltaria : Haruka Tomatsu, Lim : Yuka Iguchi, Tigrevurmud Vorn : Kaito Ishikawa, Ludmila Lourie : Mariya Ise, Regin : Yukiyo Fujii, Rurick : Kazuyuki Okitsu, Sofya Obertas : Ai Kayano, Titta : Sumire Uesaka, Minoru Ashina
Director, Kenichirou Suehiro
Music, Minoru Takehara
Character Design","Minoru Ashina : Director, Kenichirou Suehiro : Music, Minoru Takehara : Character Design"
9mm Parabellum Bullet: Setsuna Drive,,Music,,,,Vocaloid,3.21,2014.0,,'No synopsis yet - check back soon!',,,,"Ia, 9Mm Parabellum Bullet
Song Performance",9Mm Parabellum Bullet : Song Performance
X Maiden,,Web  ,8.0,Winter 2014,,"Comedy, Mecha, Sci Fi, Short Episodes, Original Work",3.21,2014.0,,"'The show takes place in the year 20XX C.E., when a mysterious alien race named ""Firow"" suddenly appear on Earth. The Firow\'s dreadful attacks force humanity to engage in a difficult battle. But humanity\'s last hope, the XMaiden who wear weapons built to destroy the Firow, are about to set out.'",,,,"Aoi Tachibana : Yuuko Iida, Jun Akamaru : Maaya Uchida, Midori Hagino : Yuiko Tatsumi, Wanderlei Zillminnko : Mako, Croix : Mami Noda, Harumi Tamaki : Youko Honda, Matsuri Yukino : Sayuri Yahagi, Virgo : Mutsumi Tamura",
Nakazawa Tomoyuki: Perverse Love Rock!,,Music,,,,"Vocaloid, CG Animation",3.21,2014.0,,'No synopsis yet - check back soon!',,,,"Ia, Tomoyuki Nakazawa
Producer",Tomoyuki Nakazawa : Producer
Hachioji-P: Carry Me Off,,Music,,,,"Vocaloid, CG Animation",3.2,2014.0,,'No synopsis yet - check back soon!',,,,"Miku Hatsune, Wakamurap
Director, Hachioji-P
Producer","Wakamurap : Director, Hachioji-P : Producer"
Love Live! μ's →NEXT LoveLive! 2014: ENDLESS PARADE - Interlude Drama,,DVD S,,Sunrise,,"Comedy, Idols, Picture Drama",3.2,2014.0,,'No synopsis yet - check back soon!',,"Love Live!, Love Live! Sunshine!! Maru no Yon Koma",Love Live! μ's →NEXT LoveLive! 2014: ENDLESS PARADE - Encore Animation,"Eli Ayase, Hanayo Koizumi, Honoka Kousaka, Kotori Minami, Maki Nishikino, Nico Yazawa, Nozomi Toujou, Rin Hoshizora",
Bonjour♪Sweet Love Patisserie, Bonjour♪Koiaji Patisserie,Web  ,24.0,CONNECT,Fall ,"Comedy, Drama, Reverse Harem, Romance, Shoujo, Baking, Culinary School, Food and Beverage, School Life, Short Episodes, Based on a Mobile Game",3.2,2014.0,2015.0,"'Sayuri Haruno dreams of becoming a pastry chef and enrolls in Fleurir Confectionary Academy, an elite school located in Tokyo’s trendy Aoyama district. At Fleurir, she finds herself surrounded by charming boys, each one distinctly unique... As Sayuri pours her heart and soul into making her dream a reality, she encounters many happenings…'",,Bonjour♪Sweet Love Patisserie,,"Gilbert Hanafusa : Ryouhei Kimura, Mitsuki Aoi : Tetsuya Kakihara, Ryou Kouzuki : Kaito Ishikawa, Sayuri Haruno : Yui Ishikawa, Yoshinosuke Suzumi : Hikaru Midorikawa, Nadeshiko Minagawa : Yoshiko Sakakibara, Ran Mochizuki : Ayane Sakura, Tsubaki Sannomiya : Atsuko Enomoto, Noriaki Akitaya
Director, Ryou Aoki
Series Composition, Takahiro Yamada
Music, Shouko Takimoto
Character Design, Marina Sasaki
Producer","Noriaki Akitaya : Director, Ryou Aoki : Series Composition, Takahiro Yamada : Music, Shouko Takimoto : Character Design, Marina Sasaki : Producer"
Spark Da!, Minna no Uta: Spark Da,Music,,,,"Minna no Uta, CG Animation",3.2,2014.0,,'No synopsis yet - check back soon!',,,,,
Inugami-san to Nekoyama-san Special,,DVD S,,Seven,,"Comedy, GL, Shoujo-ai, Slice of Life, Based on a 4-Koma Manga, Based on a Manga",3.2,2014.0,,'No synopsis yet - check back soon!',,Inugami-san to Nekoyama-san,Inugami-san to Nekoyama-san,"Aki Hiiragi : Yuka Ootsubo, Suzu Nekoyama : Nao Touyama, Yachiyo Inugami : Sumire Uesaka, Kaede Hiiragi, Kiri Hiiragi, Kuzushiro
Original Creator",Kuzushiro : Original Creator
Inishie no Megami to Houseki no Ite,,Web  ,2.0,,,"Action, Fantasy, Commercials, Dragons, Promotional, Short Episodes, Based on a Mobile Game",3.2,2014.0,2015.0,'No synopsis yet - check back soon!',,,,,
Hipira: The Little Vampire Special,,DVD S,,Sunrise,,"Comedy, Shounen, Family Friendly, Vampires, Based on a Manga",3.19,2014.0,,'No synopsis yet - check back soon!',,Hipira: The Little Vampire,"Hipira: The Little Vampire, Hipira: The Little Vampire Web Specials","Hipira, Soul, Chouro, Old Frog Prince",
Ghost in the Shell: Arise border:less project - WORKING HIGH, Ghost in the Shell: Arise - Border: Less Project,Web  ,1.0,Production I.G,,"Action, Cyborgs",3.19,2014.0,,'No synopsis yet - check back soon!',,"Ghost in the Shell, Ghost in the Shell 1.5: Human-Error Processor, Ghost in the Shell 2: Man-Machine Interface","Ghost in the Shell, Ghost in the Shell: Stand Alone Complex, Ghost in the Shell: Stand Alone Complex - Tachikoma Days, Ghost in the Shell: Stand Alone Complex 2nd Gig, Ghost in the Shell 2: Innocence, Ghost in the Shell: Stand Alone Complex 2nd Gig - Tachikoma Days, Ghost in the Shell: Stand Alone Complex - The Laughing Man - Tachikoma Days, Ghost in the Shell: Stand Alone Complex - The Laughing Man, Ghost in the Shell: Stand Alone Complex - Individual Eleven, Ghost in the Shell: Stand Alone Complex - Individual Eleven - Tachikoma Days, Ghost in the Shell: Stand Alone Complex - Solid State Society, Ghost in the Shell: Uchikomatic Days, Ghost in the Shell 2.0, Ghost in the Shell: Arise, Ghost in the Shell: Arise - Another Mission, Ghost in the Shell: Arise - Logicoma Specials, Ghost in the Shell: Nyuumon Arise, Ghost in the Shell: Arise - Alternative Architecture, Ghost in the Shell: The New Movie, Ghost in the Shell: Ghost Chaser",,
Inugami-san to Nekoyama-san Special,,DVD S,,Seven,,"Comedy, GL, Shoujo-ai, Slice of Life, Based on a 4-Koma Manga, Based on a Manga",3.2,2014.0,,No synopsis yet - check back soon!,,Inugami-san to Nekoyama-san,Inugami-san to Nekoyama-san,"Aki Hiiragi : Yuka Ootsubo, Suzu Nekoyama : Nao Touyama, Yachiyo Inugami : Sumire Uesaka, Kaede Hiiragi, Kiri Hiiragi, Kuzushiro
Original Creator",Kuzushiro : Original Creator
Inishie no Megami to Houseki no Ite,,Web  ,2.0,,,"Action, Fantasy, Commercials, Dragons, Promotional, Short Episodes, Based on a Mobile Game",3.2,2014.0,2015.0,No synopsis yet - check back soon!,,,,,
Hipira: The Little Vampire Special,,DVD S,,Sunrise,,"Comedy, Shounen, Family Friendly, Vampires, Based on a Manga",3.19,2014.0,,No synopsis yet - check back soon!,,Hipira: The Little Vampire,"Hipira: The Little Vampire, Hipira: The Little Vampire Web Specials","Hipira, Soul, Chouro, Old Frog Prince",
Ghost in the Shell: Arise border:less project - WORKING HIGH, Ghost in the Shell: Arise - Border: Less Project,Web  ,1.0,Production I.G,,"Action, Cyborgs",3.19,2014.0,,No synopsis yet - check back soon!,,"Ghost in the Shell, Ghost in the Shell 1.5: Human-Error Processor, Ghost in the Shell 2: Man-Machine Interface","Ghost in the Shell, Ghost in the Shell: Stand Alone Complex, Ghost in the Shell: Stand Alone Complex - Tachikoma Days, Ghost in the Shell: Stand Alone Complex 2nd Gig, Ghost in the Shell 2: Innocence, Ghost in the Shell: Stand Alone Complex 2nd Gig - Tachikoma Days, Ghost in the Shell: Stand Alone Complex - The Laughing Man - Tachikoma Days, Ghost in the Shell: Stand Alone Complex - The Laughing Man, Ghost in the Shell: Stand Alone Complex - Individual Eleven, Ghost in the Shell: Stand Alone Complex - Individual Eleven - Tachikoma Days, Ghost in the Shell: Stand Alone Complex - Solid State Society, Ghost in the Shell: Uchikomatic Days, Ghost in the Shell 2.0, Ghost in the Shell: Arise, Ghost in the Shell: Arise - Another Mission, Ghost in the Shell: Arise - Logicoma Specials, Ghost in the Shell: Nyuumon Arise, Ghost in the Shell: Arise - Alternative Architecture, Ghost in the Shell: The New Movie, Ghost in the Shell: Ghost Chaser",,
Food, Shi,Movie,,,,"Chinese Animation, Food and Beverage, Food Protagonists, Non-Human Protagonists, Shorts, Stop Motion Animation, Original Work",3.19,2014.0,,"FOOD is an animated documentary that features interviews with a wide variety of eaters from around the world. Ranging from vegetarians, vegans, pescetarians to some seriously dedicated carnivores, the conversation raises many substantial issues about the environment and modern life. By pairing real interviews with stop-motion animation, the film presents a group of “edible characters” discussing themselves.",,,,"Siqi Song
Director",Siqi Song : Director
"Oyaji no, Imo no Kamisama.",,Web  ,1.0,Trash Studio,,"Drama, Food and Beverage, Promotional, Shorts",3.19,2014.0,,No synopsis yet - check back soon!,,,,"Yoshiharu Satou
Director & Character Design",Yoshiharu Satou : Director & Character Design
Symphogear G Specials, Senki Zesshou Symphogear G Specials,DVD S,,SATELIGHT,,"Chibi, Original Work",3.19,2014.0,,No synopsis yet - check back soon!,,"Senki Zesshou Symphogear, Senki Zesshou Symphogear GX Anthology Comic: Manga de Zesshou Symphogear","Symphogear G, Symphogear GX Specials","Chris Yukine : Ayahi Takagaki, Hibiki Tachibana : Aoi Yuuki, Tsubasa Kazanari : Nana Mizuki, Aoi Tomosato, Genjuurou Kazenaru : Hideo Ishikawa, Kirika Akatsuki : Ai Kayano, Maria Cadenzavna Eve : Youko Hikasa, Miku Kohinata : Yuka Iguchi",
Bakumatsu Rock: Mystery! Onsen Kaijiken ze yo!!,,OVA  ,1.0,Studio DEEN,,"Comedy, Mystery, Historical, Music, Rock Music, Based on a Video Game",3.19,2014.0,,"In the episode's story, Ryouma and the others go relax at a beautiful hot springs, but a murder case begins at their inn. The victim has the mysterious number ""69"" written on the back of their leg.",,"Bakumatsu Rock: Howling Soul, Bakumatsu Rock: Shishi Ibunroku Rockers' Tales",Samurai Jam: Bakumatsu Rock,"Kogoro Katsura : Showtaro Morikubo, Ryoma Sakamoto : Kishou Taniyama, Shinsaku Takasugi : Tatsuhisa Suzuki, Toshizo Hijikata : Toshiyuki Morikawa",
INSHOW-HA: Beam!,,Music,,,,"Action, Fantasy, Military, War",3.19,2014.0,,No synopsis yet - check back soon!,,,,"Kousuke Sugimoto
Director, Inshow-Ha
Music","Kousuke Sugimoto : Director, Inshow-Ha : Music"
Onikiri Musume Saisen,,Web  ,1.0,,,"Action, Fantasy, Shorts, Swordplay",3.19,2014.0,,No synopsis yet - check back soon!,,,,"Ogre, Girl, Rabbit Machine
Director, Purikoko
Music","Rabbit Machine : Director, Purikoko : Music"
Hadakya no Otono-sama,,Web  ,2.0,The Answer Studio,,"Comedy, Family Friendly, No Dialogue, Short Episodes, CG Animation, Original Work",3.18,2014.0,,No synopsis yet - check back soon!,,,,,
Goddess of Light, Hikari no Megami,Web  ,1.0,SHAFT,,"Action, Promotional, Based on a Video Game",3.18,2014.0,,No synopsis yet - check back soon!,,,,"Link : Akira Sasanuma, Palutena : Aya Hisakawa, Pit : Minami Takayama, Dark Pit, Hideyuki Morioka
Character Design, Shinichirou Etou
Photography Director, Hitoshi Hibino
Color Design, Motoki Sakai
Cg Director, Mitsutoshi Kubota
Producer, Kouji Tanoue
Producer, Yoshiaki Itou
Key Animator, Hiroki Yamamura
Key Animator","Hideyuki Morioka : Character Design, Shinichirou Etou : Photography Director, Hitoshi Hibino : Color Design, Motoki Sakai : Cg Director, Mitsutoshi Kubota : Producer, Kouji Tanoue : Producer, Yoshiaki Itou : Key Animator, Hiroki Yamamura : Key Animator"
96Neko & Kurousa-P: Gegen no Tsuki,,Music,,,,"Fantasy, Animal Characteristics",3.18,2014.0,,No synopsis yet - check back soon!,,,,"96Neko
Music, Kurousa-P
Producer","96Neko : Music, Kurousa-P : Producer"
Maken-ki! Two,,TV   ,10.0,XEBEC,Winter,"Ecchi, Fantasy, Harem, Shounen, Contemporary Fantasy, Newly Co-ed School, School Life, Superpowers, Urban Fantasy, Based on a Manga, Nudity",3.18,2014.0,,"Takeru and his Leadership Committee comrades are the last line of defense when it comes to ridding Tenbei Academy of mischievous Maken users. But saving all these succulent student bodies from a hoard of hocus pocus hornballs is no easy trick. Not when there’s a pervy creeper pinning bras to the bulletin board, a magical feline turning coed cuties into irresistible sex kittens, and a must-see manga fest where the costumes get mysteriously shrunken down to scandalous sizes! Through it all, Takeru keeps his mind on the mammaries - and the mammaries on his mind - as the luscious ladies of the Leadership Committee prove that their magic is breast in class!",Nudity,"Maken-Ki!, Maken-Ki! Madou Kenkei Kikou Katsudou Houkokusho (Light Novel), Maken-Ki! Kai!!","Maken-ki! Specials, Maken-ki!, Maken-Ki! It's Summer! It's Swimsuits! It's Training Camp!, Maken-ki! Two: Takeru Nyotaika!? Minami no Shima de Supoon, Maken-ki! Two Specials","Haruko Amaya : Noriko Shitaya, Inaho Kushiya : Iori Nomizu, Takeru Ooyama : Tomoaki Maeno, Azuki Shinatsu : Misuzu Togashi, Chacha Akaza : Saeko Zougou, Furan Takaki : Aya Gouda, Kengo Usui : Satoshi Tsuruoka, Kimi Satou : Misato, Hiromitsu Takeda
Original Creator, Hiraku Kaneko
Director, Cheru Watanabe
Music, Akio Takami
Character Design, Naoshi Imamoto
Producer, Takumi Kusakabe
Producer","Hiromitsu Takeda : Original Creator, Hiraku Kaneko : Director, Cheru Watanabe : Music, Akio Takami : Character Design, Naoshi Imamoto : Producer, Takumi Kusakabe : Producer"
Nobunaga the Fool,,TV   ,24.0,SATELIGHT,Winter,"Action, Mecha, Sci Fi, Conspiracy, Historical, Original Work",3.18,2014.0,,"Many years ago the world was divided into two stars, the Eastern and the Western, that were connected by a bond known as the Dragon Pulse. On the Western Star, Jeanne D’Arc is shunned as a heretic for her visions of a champion who will save the planets that have become embroiled in war. Now the fate of two worlds hangs in the balance as, at the order of King Arthur, Jeanne travels from the West to the East with Leonardo Da’Vinci at her side, in search of their long awaited savior- Nobunaga!",,Nobunaga the Fool,,"Jeanne Kaguya D'Arc : Youko Hikasa, Nobunaga Oda : Mamoru Miyano, Gaius Julius Caesar : Yuuichi Nakamura, Hideyoshi Toyotomi : Yuuki Kaji, Himiko : Nao Touyama, Ichihime : Minori Chihara, King Arthur : Yoshinori Fujita, Leonardo Da Vinci : Tomokazu Sugita, Shouji Kawamori
Mechanical Design & Original Creator & Series Composition, Hidekazu Satou
Director, Masaru Yokoyama
Music, Hirotaka Marufuji
Character Design, Yoshikazu Beniya
Producer, Takema Okamura
Producer, Shou Tanaka
Producer, Terushige Yoshie
Producer","Shouji Kawamori : Mechanical Design & Original Creator & Series Composition, Hidekazu Satou : Director, Masaru Yokoyama : Music, Hirotaka Marufuji : Character Design, Yoshikazu Beniya : Producer, Takema Okamura : Producer, Shou Tanaka : Producer, Terushige Yoshie : Producer"
Kaitou Tenshi Twin Angel: Kyun Kyun Tokimeki Paradise!! OVA,,OVA  ,2.0,J.C.Staff,,"Comedy, Magical Girl, Henshin Heroes, Magic, Based on a Video Game",3.18,2014.0,,The Angels are in action at the Phoenix Seagaia Resort in Miyazaki!?,,,"Kaitou Tenshi Twin Angel, Kaitou Tenshi Twin Angel: Kyun Kyun Tokimeki Paradise!!, Kaitou Tenshi Twin Angel TV","Aoi Kannazuki : Mamiko Noto, Haruka Minazuki : Yukari Tamura, Kurumi Hazuki : Rie Kugimiya, Jirojiro Pestaporei, Lyrica Astadir : Tomoko Kaneda, Napoleon : Tomokazu Sugita, Nine Violet : Ryouka Yuzuki, Tesla Violet : Yui Horie, Yoshiaki Iwasaki
Director, Shinkichi Mitsumune
Music, Ryouichi Ooki
Character Design, Yuuji Matsukura
Producer, Junichirou Tamura
Producer","Yoshiaki Iwasaki : Director, Shinkichi Mitsumune : Music, Ryouichi Ooki : Character Design, Yuuji Matsukura : Producer, Junichirou Tamura : Producer"
OSTER project: On the Rocks,,Music,,,,"Alcohol, Food and Beverage, Vocaloid",3.18,2014.0,,No synopsis yet - check back soon!,,,,"Kaito, Meiko, Oster Project
Producer",Oster Project : Producer
PRINTER REC Music,,Web  ,1.0,,,"Abstract, Shorts",3.18,2014.0,,No synopsis yet - check back soon!,,,,"Densuke28
Director",Densuke28 : Director
Wonder,,Movie,,,,"Abstract, No Dialogue, Shorts, Original Work",3.18,2014.0,,"The 365 days animation consists of sequence of 8760 pictures, all different shape and color, hand-drawn by the director every day in 365 days. This is the ultimate analog approach by the abstract animated film creator in digital era.",,,,"Mirai Mizue
Director",Mirai Mizue : Director
Duel Masters Versus, Duel Masters VS,TV   ,49.0,Ascension,Spring,"Shounen, Card Battles, Family Friendly, Based on a Manga",3.17,2014.0,2015.0,No synopsis yet - check back soon!,,,"Duel Masters, Duel Masters Charge, Duel Masters: Curse of the Deathphoenix, Shinseiki Duel Masters Flash, Duel Masters Zero, Zero Duel Masters, Duel Masters Cross, Duel Masters: Lunatic God Saga, Duel Masters Cross Shock, Duel Masters Victory, Duel Masters Victory V, Duel Masters Victory V3, Duel Masters Versus Revolution, Duel Masters: Hamukatsu to Dogiragon no Curry-pan Daibouken, Duel Masters Versus Revolution Final, Duel Masters (2017)","Chatarou Buke, Katta Kirifuda, Lulu Takigawa, Tarou Okabe, Lucifer, Shobu Kirifuda, Shinobu Sasaki
Director, Yosuke Yabumoto
Character Design, Akiko Fujita
Sound Director","Shinobu Sasaki : Director, Yosuke Yabumoto : Character Design, Akiko Fujita : Sound Director"
Brynhildr in the Darkness: Much Ado About Nothing, Gokukoku no Brynhildr: Karasawagi,DVD S,,ARMS,,"Comedy, Ecchi, Harem, Sci Fi, Superpowers, Based on a Manga, Nudity",3.17,2014.0,,"The fight for Ryota's affections continue after a misunderstanding. The girls vie for his attention with a series of competitions, all with disastrous results.",Nudity,"Brynhildr in the Darkness, Brynhildr in the Darkness: The Moment (Light Novel)",Brynhildr in the Darkness,"Hatsuna Wakabayashi : Yumi Uchiyama, Kazumi Schlierenzauer : M.A.O., Neko Kuroha : Risa Taneda, Ryouta Murakami : Ryouta Oosaka, Kana Tachibana : Aya Suzaki, Kotori Takatori : Azusa Tadokoro, Lynn Okamoto
Original Creator, Kenichi Imaizumi
Director, Nao Tokisawa
Music, Hiroaki Karasu
Character Design, Hiroaki Tsunoda
Producer, Shunsuke Nara
Producer, Fumihiko Kimura
Producer, Norihiro Itou
Producer","Lynn Okamoto : Original Creator, Kenichi Imaizumi : Director, Nao Tokisawa : Music, Hiroaki Karasu : Character Design, Hiroaki Tsunoda : Producer, Shunsuke Nara : Producer, Fumihiko Kimura : Producer, Norihiro Itou : Producer"
Oniwa no Soto,,Web  ,2.0,Saigo no Shudan,,"Promotional, Short Episodes",3.17,2014.0,,No synopsis yet - check back soon!,,,,,
Mormorando,,Movie,,,,Shorts,3.17,2014.0,,No synopsis yet - check back soon!,,,,"Tomomi Komazaki
Director",Tomomi Komazaki : Director
Mikito-P: Endroll ni Boku no Namae wo Irenaide,,Music,,,,Vocaloid,3.17,2014.0,,No synopsis yet - check back soon!,,,,"Mikito-P
Producer",Mikito-P : Producer
LITE: Echolocation,,Music,,,,Abstract,3.17,2014.0,,No synopsis yet - check back soon!,,,,"Lite
Music",Lite : Music
H’or cafe,,Other,,,,"Cafe, Commercials, Food and Beverage, Promotional, Shorts",3.17,2014.0,,No synopsis yet - check back soon!,,,,"Masanobu Hiraoka
Director",Masanobu Hiraoka : Director
Narihero www, Konna Watashi-tachi ga Nariyuki de Heroine ni Natta Kekka www 'Narihero www',TV   ,12.0,,,"Comedy, CG Animation",3.17,2014.0,,No synopsis yet - check back soon!,,,Narihero www Movie,"Alice Soyogi : Maaya Uchida, Plato Soyogi : Yuiko Tatsumi, Socra Soyogi : Mutsumi Tamura, Souta Sugahara
Director & Character Design & Original Creator, Shinichirou Kitazawa
Producer, Yoshifumi Yarimizu
Producer","Souta Sugahara : Director & Character Design & Original Creator, Shinichirou Kitazawa : Producer, Yoshifumi Yarimizu : Producer"
rerulili: Kotonoha Karma, rerulili: Word Karma,Music,,,,Vocaloid,3.17,2014.0,,No synopsis yet - check back soon!,,,,"Rerulili
Producer",Rerulili : Producer
Nejishiki: Kimi ga Someta Natsuzora, Nejishiki: You in the Summer Sky,Music,,,,Vocaloid,3.17,2014.0,,No synopsis yet - check back soon!,,,,"Gumi, Nejishiki
Producer",Nejishiki : Producer
Akame ga Kill! Theater, Akame ga Kill! Gekijou,Web  ,24.0,WHITE FOX,Summer,"Comedy, Shounen, Chibi, Short Episodes, Based on a Manga",3.16,2014.0,,No synopsis yet - check back soon!,,"Akame ga Kill! ZERO, Hinowa ga CRUSH!","Akame ga Kill!, Akame ga Kill! Recap","Akame : Sora Amamiya, Lubbock : Yoshitsugu Matsuoka, Tatsumi : Soma Saito, Esdeath : Satomi Akesaka, Leone : Yuu Asakawa, Mine : Yukari Tamura, Najenda : Risa Mizuno, Sheele : Mamiko Noto, Takahiro
Original Creator, Asami Watanabe
Character Design, Yoshio Usuda
Animation Director","Takahiro : Original Creator, Asami Watanabe : Character Design, Yoshio Usuda : Animation Director"
"Nemure Omoi Ko, Sora no Shitone ni"," Sleep Tight My Baby, Cradled in the Sky",Movie,,,,"Sci Fi, Outer Space, CG Animation",3.16,2014.0,,"A family was riding a car on their way home from maternity hospital. Satomi and Yasunori were taking their newborn baby named ""Orine"" home, and filled with happy expectation. However, a sudden accident attacked them. Orine lost her parent and she became alone. Nineteen years have passed and she has grown up. She was pursued by the police because of an incident. She continued to escape but Yuri Aoshima, a member of a shady organization tried to contact her. Orine agreed to Yuri's demand, which was going to an experimental space station. Yuri will help her to escape, instead. Somehow, only Orine can enter an unmanned space station. Surprisingly, a person who was waiting for Orine was her mother, Satomi. She appeared in the similitude of her twenty. Orine perplexed and Yuri demanded to turn the power off of the station. Unwillingly, she started to place the shut-down device but she believed that it will solve the mystery and helps her mother. As Orine and Satomi spend time together, they made up for their lost time. Yuri's aim, Satomi's true identity, and a man called ''SENSEI'' who is involved in taking over the station. While the mystery deepens, Orine get closer to the ""truth""…",,,,"Orine Shionoha : Orine Fukushima, Satomi Shionoha : Kikuko Inoue, Yuri Aoshima : Atsuko Tanaka, Mizuki Seno : Chihiro Ishiguro, Sensei : Hiroaki Hirata, Yasunori Shionoha : Kenichirou Matsuda, Yukio Shinoda : Ryuuichi Kijima, Naoya Kurisu
Director, Kawagen
Music","Naoya Kurisu : Director, Kawagen : Music"
FAKE TYPE. FAKE STYLE II,,Music,,,,"Action, Fantasy",3.16,2014.0,,No synopsis yet - check back soon!,,,FAKE TYPE: FAKE STYLE,"Dyes Iwasaki, Kyo Topham, Fake Type.
Music",Fake Type. : Music
Pinocchio-P: Medicine for Good Kids, Pinocchio-P: Yoi Ko no Kusuri,Music,,,,Vocaloid,3.16,2014.0,,No synopsis yet - check back soon!,,,,"Miku Hatsune, Pinocchio-P
Producer",Pinocchio-P : Producer
Kubbe no Ongakukai,,Web  ,1.0,TMS Entertainment,,"Fantasy, Anthropomorphic, Family Friendly, Music, Promotional, Based on a Picture Book",3.16,2014.0,,No synopsis yet - check back soon!,,,"Kubbe PV Full ver., Kubbe Kort Animasjon, Kubbe Gachapin Mukku",Kubbe,
ORESAMA: Ookami Heart,,Music,,,,,3.16,2014.0,,"Official music video for Wolf Girl and Black Prince's ending theme, performed by ORESAMA.",,,"Wolf Girl and Black Prince, ORESAMA: Dramatic","Oresama
Music",Oresama : Music
Bansou Kousaten,,Web  ,1.0,,,"Slice of Life, Shorts",3.16,2014.0,,No synopsis yet - check back soon!,,,,,
Z/X: Ignition,,TV   ,12.0,Telecom Animation Film,Winter,"Action, Fantasy, Shounen, Angels, Monsters, Post-apocalyptic, Based on a Manga",3.16,2014.0,,"Three years ago, mysterious portals opened, releasing terrifying monsters that decimated the world, and mankind, in only 7 days. Little is known of these creatures called Zillion of Enemy X - Z/X for short - except that they can be captured and used in battle with a special device. In the present, Asuka is a typical teen who lives in the peaceful city of Kobe, but his life changes forever when a mysterious shrine maiden hands him a Z/X capturing device, asking him to protect the world. And then, he runs across an injured Z/X angel...",,Z/X: Zillions of Enemy X,Z/X: Code Reunion,"Asuka Tennoji : Hiro Shimono, Ayase Kamiyugi : Miyuki Sawashiro, Azumi Kagamihara : Yui Ogura, Chitose Aoba : Maaya Uchida, Fierte : M.A.O., Mikado Kurosaki : Yuuichi Nakamura, Sera Kurashiki : Hisako Kanemoto, Aina Mikage : Yurika Endou, Yuuji Yamaguchi
Director, Yasuharu Takanashi
Music, Junko Watanabe
Character Design, Tetsuya Kinoshita
Producer, Yoshio Usuda
Animation Director","Yuuji Yamaguchi : Director, Yasuharu Takanashi : Music, Junko Watanabe : Character Design, Tetsuya Kinoshita : Producer, Yoshio Usuda : Animation Director"
DECO*27: Streaming Heart, Streaming Heart,Music,,,,Vocaloid,3.16,2014.0,,No synopsis yet - check back soon!,,,,"Miku Hatsune, Deco*27
Producer",Deco*27 : Producer
Delinquent Hamsters Bangai-hen, Yankee Hamster Bangai-hen,Web  ,1.0,Piso Studio,Fall ,"Comedy, Animal Protagonists, Delinquents, Hamsters, Non-Human Protagonists, Flash Animation",3.16,2014.0,,No synopsis yet - check back soon!,,,"Delinquent Hamsters, Delinquent Hamsters Dokkan!, Delinquent Hamsters / papalion ft. Piso Studio, Delinquent Hamsters 2",,
Baby Gamba,,TV   ,13.0,Summer 2014,,"Comedy, Animal Protagonists, Anthropomorphic, Family Friendly, Non-Human Protagonists, Short Episodes",3.16,2014.0,,No synopsis yet - check back soon!,,,"Gamba no Bouken, Bouken-tachi Gamba to Nanbiki no Nakama, Gamba to Kawauso no Bouken, Air Bound","Gamba : Megumi Han, Manpuku : Ayaka Saitou, Noroi : Kenjirou Tsuda, Shioji : Lynn",
Taka no Tsume 7: Joou Heika no Jobuubu, Eagle Talon 7: Joou Heika no Jobuubu,Movie,,DLE,,"Comedy, Parody, Promotional, Superheroes, Flash Animation, Original Work",3.16,2014.0,,No synopsis yet - check back soon!,,,,"Frogman
Director & Character Design",Frogman : Director & Character Design
Atelier Escha & Logy: Alchemists of the Dusk Sky, Escha & Logy no Atelier: Tasogare no Sora no Renkinjutsushi,TV   ,12.0,Studio Gokumi,Spring,"Adventure, Fantasy, Based on a Video Game",3.16,2014.0,,"In order to survive the eventual arrival of the ""Dusk End,"" people of the western reaches of the ""Land of Dusk"" devoted their efforts to rediscover and recreate lost alchemic technologies. Those technologies were then gathered in the alchemy city known as ""Central,"" where research was conducted on how to halt the advance of the twilight. Having learned the newest alchemic techniques in Central, young alchemist Logy requested a transfer to an understaffed town of Colseit on the frontier to make use of his abilities. There he meets Escha, an apprentice girl assigned to the Development Department. Together, the two make a promise to use their alchemic techniques to bring success to the Development Department.",,"Atelier Marie and Elie: Zarlburg Alchemist, Rorona no Atelier: Watashi no Takaramono, Escha & Logy no Atelier: Tasogare no Sora no Renkinjutsushi",,"Escha Malier : Rie Murakawa, Logix Ficsario : Kaito Ishikawa, Awin Sidelet : Kenji Akabane, Clone : Hibiku Yamamura, Linca : Ami Koshimizu, Lucille Ernella : Mariko Honda, Marion Quin : Kana Ueda, Nio Altugle : Mariya Ise, Yoshiaki Iwasaki
Director, Hayato Asano
Music, Kazuki Yanagawa
Music, Keiya Nakano
Character Design, Shuuichi Takashino
Producer, Ryouichi Ishihara
Producer, Junzou Hosoi
Producer, Akira Watanabe
Producer","Yoshiaki Iwasaki : Director, Hayato Asano : Music, Kazuki Yanagawa : Music, Keiya Nakano : Character Design, Shuuichi Takashino : Producer, Ryouichi Ishihara : Producer, Junzou Hosoi : Producer, Akira Watanabe : Producer"
Hello Kitty 40th Anniversary,,Web  ,,Sanrio,,"Mecha, Animal Protagonists, Anthropomorphic, Cats, Family Friendly, Non-Human Protagonists, Sanrio Characters",3.15,2014.0,,No synopsis yet - check back soon!,,,,,
Oniku Daisuki! Zeushi-kun,,TV   ,12.0,DLE,Winter,"Comedy, Food and Beverage, Short Episodes",3.15,2014.0,,No synopsis yet - check back soon!,,,"Oniku Daisuki! Zeushi-kun 2nd Season, Oniku Daisuki! Zeushi-kun: Suteki na Hamburger","Mika Miito : Maaya Uchida, Minota : Nobuyo Oyama, Zeushi-Kun : Kana Hanazawa, Mika'S Father, Mika'S Mother",
Minami no Shima no Dela-chan, Dela-chan of the Southern Island,Movie,,Kyoto Animation,,"Comedy, Slice of Life, Animal Protagonists, Birds, Island, Non-Human Protagonists, Shorts, Original Work",3.15,2014.0,,"The story will follow Dela after he returns to the southern islands from the Usagiyama Shopping District, and will depict his gentle slapstick daily life with ""Prince"" and Choi.",,"Tamako Market (Light Novel), Tamako Love Story (Light Novel)","Tamako Market, Tamako Love Story","Choi Mochimazzi : Yuri Yamaoka, Dela Mochimazzi : Takumi Yamazaki, Prince : Hiro Shimono, Tamako Kitashirakawa, Anko Kitashirakawa, Chouji Yumoto, Fuku Kitashirakawa, Fumiko Mitsumura",
Nejishiki: Kokorokabe Saturation, Nejishiki: Core Saturation,Music,,,,Vocaloid,3.15,2014.0,,No synopsis yet - check back soon!,,,,"Ia, Nejishiki
Producer",Nejishiki : Producer
Kirin the Noop,,TV   ,,,,"Animal Protagonists, Family Friendly, Non-Human Protagonists, Short Episodes",3.15,2014.0,,No synopsis yet - check back soon!,,,,"Masaru Sugimoto
Music",Masaru Sugimoto : Music
Potential 0: Shinigami no Guitar,,Music,,,,"Music, Vocaloid",3.14,2014.0,,No synopsis yet - check back soon!,,,,"Potential 0
Producer",Potential 0 : Producer
Tayo the Little Bus 3, Kkoma Bus Tayo 3,TV   ,26.0,,,"Cars, Family Friendly, Korean Animation, Short Episodes, CG Animation",3.14,2014.0,,Third season of Tayo the little Bus.,,,"Tayo the Little Bus, Tayo the Little Bus 2, Tayo the Little Bus 4, Tayo the Little Bus Movie: Mission Ace, Titipo Titipo, Tayo the Little Bus 5","Tayo : Jul Kohler, Gani : Ginger Hendricks, Hana : Sandra Hilton, Lani : Eva Davis, Rogi : Aidan Williams, Air : Cole Hanson, Alice, Billy",
Amagi Brilliant Park: Wakuwaku Mini Theater,,DVD S,,Kyoto Animation,,"Comedy, Fantasy, Shounen, Amusement Park, Based on a Light Novel",3.14,2014.0,2015.0,No synopsis yet - check back soon!,,"Amagi Brilliant Park (Light Novel), Amagi Brilliant Park, Amagi Brilliant Park? Fumo, Amagi Brilliant Park: The Animation, Amagi Brilliant Park: Maple Summoner (Light Novel)","Amagi Brilliant Park, Amagi Brilliant Park: No Time to Take It Easy!","Isuzu Sento : Ai Kakuma, Latifah Fullanza : Yukiyo Fujii, Seiya Kanie : Kouki Uchiyama, Macaron : Ryouko Shiraishi, Moffle : Ayako Kawasumi, Tiramie : Ai Nonaka, Ashe : Shiori Mikami, Biino Bandou : Natsumi Takamori",
Channel 5.5 4th Season,,Other,,DLE,,"Comedy, Parody, Short Episodes",3.14,2014.0,,Spoof parody of The Rose of Versailles,,,"The Rose of Versailles, Versailles no Bara to Onna-tachi, Channel 5.5, Channel 5.5 2nd Season, Channel 5.5 3rd Season, Channel 5.5 Prologue: New Program Start!, Channel 5.5 3rd Season Prologue, Channel 5.5 4th Season Prologue",,
Chain Chronicle: Short Animation,,OVA  ,8.0,Jumonji,,"Action, Fantasy, RPG, Short Episodes, Based on a Mobile Game",3.14,2014.0,,Adaptation of the Chain Chronicle mobile game.,,Chain Chronicle Crimson,"Chain Chronicle: The Light of Haecceitas - Movie 1, Chain Chronicle: The Light of Haecceitas, Chain Chronicle: The Light of Haecceitas - Movie 2, Chain Chronicle: The Light of Haecceitas - Movie 3","Phoena : Ayane Sakura, Yuuki : Akira Ishida, Haruaki : Akira Ishida, Juliana : Yukiyo Fujii, Kiki : Yuu Kobayashi, Lindsey : Kotori Koiwai, Nimpha : Maaya Uchida, Pirika : Maaya Uchida, Takeshi Mori
Director, Hiromi Katou
Character Design, Kengo Shigemura
Editor","Takeshi Mori : Director, Hiromi Katou : Character Design, Kengo Shigemura : Editor"
Monster High: Kowai-ke Girls,,Web  ,8.0,Shogakukan Music & Digital Entertainment,,"Shoujo, Family Friendly, Monster Girls, Monsters, Monster School, School Life, Short Episodes, Supernatural, Vampires, Flash Animation",3.14,2014.0,,No synopsis yet - check back soon!,,,,"Clawdeen Wolf : Kae Matoba, Draculaura : Nana Hamasaki, Frankie Stein : Madoka Yonezawa, Ghoulia Yelps : Yuuka Nakatsukasa, Lagoona Blue : Sayuri Ito, Abbey Bominable : Kozue Kobayashi, Cleo De Nile : Aya Saitou, Count Fabulous, Shinichi Watanabe
Director, Yoshihiro Nagamori
Character Design, Shouko Hagiwara
Character Design","Shinichi Watanabe : Director, Yoshihiro Nagamori : Character Design, Shouko Hagiwara : Character Design"
Argevollen, Shirogane no Ishi Argevollen,TV   ,24.0,XEBEC,Summer,"Mecha, Sci Fi, Military, Real Robot, War, Original Work, Violence",3.14,2014.0,,"The Kingdom of Arandas alliance and the Countries Unification of Ingelmia have been at war for many years. The situation has been at a stalemate across the fortress of the Great Wall, which has never been penetrated since the foundation of Arandas. The gate to the fortress has remained firmly closed, but when it creaks open, the complexity of war starts to change dramatically.",Violence,,,"Jamie Hazaford : Saori Oonishi, Tokimune Susumu : Ryouta Oosaka, Ukyo Samonji : Hiroshi Tsuchida, Arnold Holmes : Atsushi Ono, Bernard Garp : Tarou Yamaguchi, Lorenz Giuliano : Kenji Hamada, Namie Portman : Maaya Uchida, Saori Suzushiro : Sayaka Oohara, Atsushi Ootsuki
Director, Kotaro Nakagawa
Music, Yuuichi Oka
Character Design, Nobuhiro Nakayama
Producer, Jun Fukuda
Producer, Tatsuya Ueki
Producer, Fuminori Yamazaki
Producer, Ken Kawakita
Producer","Atsushi Ootsuki : Director, Kotaro Nakagawa : Music, Yuuichi Oka : Character Design, Nobuhiro Nakayama : Producer, Jun Fukuda : Producer, Tatsuya Ueki : Producer, Fuminori Yamazaki : Producer, Ken Kawakita : Producer"
Tribe Cool Crew,,TV   ,50.0,BN Pictures,Fall ,"Dancing, Family Friendly, Tournaments, Original Work",3.14,2014.0,2015.0,"Haneru Tobitatsu is a middle school student who loves dancing! He can even dance to the rhythm of the chalkboard in class. One day, Haneru meets Kanon, a shy girl who is practicing at a secret dance place. The two learn the joy of dancing together and find happiness in their dance moves.",,,,"Haneru Tobitatsu : Shizuka Ishigami, Kanon Otosaki : Yuri Yamaoka, Kumonosuke Sakagami : Tooru Sakurai, Mizuki Mashiro : Yuuko Hara, Yuzuru Tenpouin : Soma Saito, Ayumu Ito : Atsumi Tanezaki, Koji : Hitomi Nagasaki, Yuki : Arisa Ogasawara, Masaya Fujimori
Director, Yoshiaki Yanagida
Character Design","Masaya Fujimori : Director, Yoshiaki Yanagida : Character Design"
DRAMAtical Murder,,TV   ,12.0,NAZ,Summer,"BL, Mystery, Sci Fi, Shounen-ai, Cyberpunk, Virtual Reality, Based on an Eroge, Based on a Visual Novel",3.14,2014.0,,"When Aoba Seragaki is drawn into the shady underworld that surrounds the virtual game Rhyme, all he thought he knew falls apart. There are gaps in his memory, people are disappearing, and a buried secret in his mind may hold the answers.",,DRAMAtical Murder,DRAMAtical Murder: Data_xx_Transitory,"Aoba Seragaki : Atsushi Kisaichi, Clear : Masatomo Nakazawa, Koujaku : Eiji Miyashita, Mink : Kenichirou Matsuda, Noiz : Satoshi Hino, Ren : Ryouta Takeuchi, Akushima : Yasunori Masutani, Beni : Keisuke Gotou, Kazuya Miura
Director, Touko Machida
Screenplay & Series Composition, Yuuki Hayashi
Music, Yukiko Ban
Character Design, Kazuhiro Asou
Producer, Yoshikazu Beniya
Producer, Hiroyuki Tanaka
Producer, Kozue Kaneniwa
Producer","Kazuya Miura : Director, Touko Machida : Screenplay & Series Composition, Yuuki Hayashi : Music, Yukiko Ban : Character Design, Kazuhiro Asou : Producer, Yoshikazu Beniya : Producer, Hiroyuki Tanaka : Producer, Kozue Kaneniwa : Producer"
The Closet,,Movie,,,,"Drama, Family Friendly, No Dialogue, Shorts, Original Work",3.14,2014.0,,"A young girl takes it into her head that her mother is taken by her newly born sister. Out of jealousy, she hides her baby sister in darkness.",,,,"Satomi Maiya
Director, Fumika Koshiyama
Music, Yuichi Ito
Producer","Satomi Maiya : Director, Fumika Koshiyama : Music, Yuichi Ito : Producer"
A Big First-year Student and a Small Second-year Student, Ookii 1 Nensei to Chiisana 2 Nensei,Movie,,A-1 Pictures,,"Slice of Life, Anime Tamago, Shorts, Original Work",3.13,2014.0,,"First-grader Masaya-kun is a crybaby despite his large stature, so he can't walk by himself on the dark path to school. The one who holds his hand is Akiyo-chan, a tiny but capable second-grader. Masaya wants to be strong like Akiyo and admires her, but one day, something happens that leaves Akiyo in tears. To lift Akiyo's spirits, Masaya goes trekking to the distant Ipponsugi forest to find the spotted bellflowers that Akiyo loves. But there are still many paths in the world unknown to him.",,,,"Akiyo : Akiko Yajima, Masaya : Mutsumi Tamura, Mariko : Misaki Kuno, Ayumu Watanabe
Director, Shizue Kaneko
Character Design, Makoto Sotozaki
Producer","Ayumu Watanabe : Director, Shizue Kaneko : Character Design, Makoto Sotozaki : Producer"
Neko no Dayan,,TV   ,52.0,Kachidoki Studio,Spring,"Fantasy, Animal Protagonists, Cats, Family Friendly, Non-Human Protagonists, Short Episodes",3.13,2014.0,2015.0,"Dayan is the central character in Ikeda's stories, and he is a whimsical, selfish, but good-natured and kind cat whose curiosity often leads him on fantastical journeys.",,,"Neko no Dayan, Nihon e Iku, Neko no Dayan: Fushigi Gekijou, Neko no Dayan 4th Season","Dayan : Sumi Shimamoto, Ivan, Marcy, Hazumu Sakuta
Director",Hazumu Sakuta : Director
Nem: Parallel World,,Music,,,,Vocaloid,3.13,2014.0,,No synopsis yet - check back soon!,,,,"Miku Hatsune, Boy, Girl, Nem
Producer",Nem : Producer
Channel 5.5,,Other,,DLE,,"Comedy, Parody, Short Episodes",3.13,2014.0,,Spoof parody of Kindaichi Shounen no Jikenbo,,,"Kindaichi Shounen no Jikenbo, Channel 5.5 2nd Season, Channel 5.5 3rd Season, Channel 5.5 4th Season, Channel 5.5 Prologue: New Program Start!, Channel 5.5 3rd Season Prologue, Channel 5.5 4th Season Prologue",,
"Recently, My Sister is Unusual. OVA"," Saikin, Imouto no Yousu ga Chotto Okashiinda ga. Moa no Hatsukoi Memory? 16 Nenme no Happy Christmas",OVA  ,1.0,Project No.9,,"Comedy, Ecchi, Romance, Ghosts, Supernatural, Based on a Manga",3.13,2014.0,,No synopsis yet - check back soon!,,"Recently, My Sister is Unusual.","Recently, My Sister is Unusual.","Moa Torii : Aimi, Shoutarou Torii : Yasuaki Takumi, Yuuya Kanzaki : Junji Majima, Hiyori Kotobuki : Yui Ogura, Mitsuki Kanzaki : Chinami Hashimoto, Shimazu, Yukina Kiritani : Hisako Kanemoto, Ayaka Tachibana : Manami Tanaka, Mari Matsuzawa
Original Creator",Mari Matsuzawa : Original Creator
Channel 5.5 3rd Season,,Other,,DLE,,"Comedy, Parody, Short Episodes",3.13,2014.0,,Spoof parody of Nodame Cantabile,,,"Nodame Cantabile, Channel 5.5, Channel 5.5 2nd Season, Channel 5.5 4th Season, Channel 5.5 Prologue: New Program Start!, Channel 5.5 3rd Season Prologue, Channel 5.5 4th Season Prologue",,
Owara Nai Chinkonka wo Utaou: Seinen no Uta,,Web  ,1.0,,,"Afterlife, Shinigami, Shorts, Original Work",3.13,2014.0,,No synopsis yet - check back soon!,,,,,
Nejishiki: Bloody Gravity,,Music,,,,Vocaloid,3.13,2014.0,,No synopsis yet - check back soon!,,,,"Ia, Nejishiki
Producer",Nejishiki : Producer
Tavito Nanao: Tele◯Potion,,Music,,,,"Action, Adventure",3.12,2014.0,,No synopsis yet - check back soon!,,,,"Ryo Hirano
Director, Tavito Nanao
Song Performance","Ryo Hirano : Director, Tavito Nanao : Song Performance"
Pokemon: The Slowpoke Song, Pokemon: Donaiyanen Yadon,Music,,,,"Family Friendly, Monsters, Based on a Video Game",3.12,2014.0,,No synopsis yet - check back soon!,,,"Pokemon: The Magikarp Song, Pokemon: Monmon Metamon, Pokemon: Yonayona Gengar",Slowpoke,
Kanbee-kun ga Yuku,,TV Sp,,,,"Comedy, Short Episodes",3.12,2014.0,,No synopsis yet - check back soon!,,,,,
The Irregular at Magic High School: Get to Know Magic Studies!, Mahouka Koukou no Rettousei: Yoku Wakaru Mahouka!,Web  ,6.0,Winter 2014,,"Comedy, Chibi, Magic, Magic School, School Life, Short Episodes, Based on a Light Novel",3.12,2014.0,,No synopsis yet - check back soon!,,"The Irregular at Magic High School (Light Novel), The Irregular at Magic High School: Enrollment Arc, The Honor Student at Magic High School, The Irregular at Magic High School: Nine School Competition Arc, The Irregular at Magic High School: Yokohama Disturbance Arc, The Irregular at Magic High School: Reminiscence Arc, The Irregular at Magic High School: Yonkoma-hen, The Irregular at Magic High School: Visitor Arc, The Irregular at Magic High School SS (Light Novel), The Irregular at Magic High School: Double Seven Arc, The Irregular at Magic High School: Summer Vacation Arc, The Irregular at Magic High School: The Girl Who Summons The Stars, The Irregular at Magic High School: Shiba Tatsuya Ansatsu Keikaku (Light Novel), The Irregular at Magic High School: Steeplechase Arc, The Irregular at Magic High School: Ancient City Insurrection Arc, The Irregular at Magic High School: Shiba Tatsuya Ansatsu Keikaku","The Irregular at Magic High School, The Irregular at Magic High School: Get to Know Magic Studies! Special, The Irregular at Magic High School Movie: The Girl Who Summons the Stars","Erika Chiba : Yumi Uchiyama, Katsuto Jyumonji : Junichi Suwabe, Leonhart Saijo : Takuma Terashima, Mayumi Saegusa : Kana Hanazawa, Mitsuki Shibata : Satomi Satou, Miyuki Shiba : Saori Hayami, Tatsuya Shiba : Yuuichi Nakamura, Honoka Mitsui, Tsutomu Satou
Original Creator",Tsutomu Satou : Original Creator
ClariS: Step,,Music,,,,,3.12,2014.0,,"The official music video for Step from the album ClariS -Single Best 1st-, by ClariS.",,,,"Alice : Alice, Clara : Clara, Claris
Music, Livetune
Producer","Claris : Music, Livetune : Producer"
Nozo x Kimi,,OVA  ,3.0,Zexcs,,"Comedy, Ecchi, Romance, Shounen, Blackmail, Neighbors, Based on a Manga",3.12,2014.0,2015.0,Suga Kimio becomes subject to blackmail from the a girl in class. Komine Nozomi blackmails him with the threat revealing that he was caught in her locker while the girls were changing. Although this was circumstantial and without ill motives he submits. Her price on the blackmail is that he and her reveal their 'true selves' each day using the view between their two apartments which sit across from one another. The curiosity of human reactions for Komine Nozomi ensues.,,"Nozoki Ana, Nozomi x Kimio",Nozoki Ana,"Kimio Suga, Nozomi Komine, Michiru Sonoda, Mirei Watanuki, Yuuki Makino, Wakou Honna
Original Creator, Masato Jinbou
Director, Kanou Kawashima
Music, Hiromitsu Hagiwara
Character Design, Ryou Ooyama
Producer, Hiro Torimitsu
Producer, Tomokazu Iizumi
Producer, Shuuji Miyazaki
Animation Director & Episode Director & Storyboard","Wakou Honna : Original Creator, Masato Jinbou : Director, Kanou Kawashima : Music, Hiromitsu Hagiwara : Character Design, Ryou Ooyama : Producer, Hiro Torimitsu : Producer, Tomokazu Iizumi : Producer, Shuuji Miyazaki : Animation Director & Episode Director & Storyboard"
M3 the dark metal, M3: Sono Kuroki Hagane,TV   ,24.0,C2C,Spring,"Action, Drama, Sci Fi, Original Work",3.11,2014.0,,"There is distorted, deep blackness everywhere. That place, in which blackness swallowed everything and took away everything, has become known as the avidya zone. Strange beings assume the very form of the despair and chaos of humanity. They are known by this name: Imashime. An expedition surveys the avidya zone which consumes human spirits. So, in the intricate intersection between the present in impending crisis and the destiny of the past … can eight boys and girls, assembled to confront the Imashime, find the bright future that lies before the avidya zone?",,,M3 the dark metal Recap,"Akashi Saginuma : Yoshitsugu Matsuoka, Emiru Hazaki : Youko Hikasa, Heito Isaku : Ayumu Murase, Iwato Namito : Tomoaki Maeno, Mahmu Yuzuki : Misato Fukuen, Minashi Maki, Raika Kasumi : Sayuri Yahagi, Sasame Izuriha : Kotori Koiwai, Junichi Satou
Director, Hideki Inoue
Character Design, Shouji Kawamori
Mechanical Design, Shunsuke Matsumura
Producer, Kento Yoshida
Producer","Junichi Satou : Director, Hideki Inoue : Character Design, Shouji Kawamori : Mechanical Design, Shunsuke Matsumura : Producer, Kento Yoshida : Producer"
La Corda D'Oro: Blue Sky, Kiniro no Corda: Blue♪Sky,TV   ,12.0,TYO Animations,Spring,"Music, Music School, School Life, Based on an Otome Game, Based on a Visual Novel",3.11,2014.0,,"Musical prodigy, Kanade Kohinata, has found herself adrift and unable to regain her creative focus. All that changes, however, when childhood friend Ritsu Kisaragi insists that Kanade and his younger brother Kyouya, both transfer to the prestigious Seiso Academy. The super-competitive orchestra club is in contention for the National Championships, and amidst the fire of competition, Kanade may find herself kindling more than just a passion for music!",,"La Corda d'Oro, Bodaiju Ryou no Aria, La Corda D'Oro: Blue Sky, La Corda d'Oro 4, La Corda d'Oro: College Arc","La Corda D'Oro ~primo passo~, La Corda D'Oro ~Primo Passo~ A Summer Encore, La Corda D'Oro ~secondo passo~","Daichi Sakaki : Yuya Uchida, Haruto Mizushima : Kaori Mizuhashi, Kanade Kohinata : Reiko Takagi, Kyouya Kisaragi : Jun Fukuyama, Ritsu Kisaragi : Katsuyuki Konishi, Arata Mizushima : Daisuke Kishio, Chiaki Tougane : Kishou Taniyama, Housei Toki : Hideo Ishikawa, Takahiro Natori
Director, Kouichirou Kameyama
Music, Maki Fujioka
Character Design, Takeo Ogiwara
Photography Director, Atsushi Kirimoto
Producer, Ai Morikawa
Producer","Takahiro Natori : Director, Kouichirou Kameyama : Music, Maki Fujioka : Character Design, Takeo Ogiwara : Photography Director, Atsushi Kirimoto : Producer, Ai Morikawa : Producer"
Broken Blade TV: Virgins War, Break Blade TV: Virgins War,DVD S,,Production I.G,,"Action, Fantasy, Mecha, Magic, Military, War",3.11,2014.0,,No synopsis yet - check back soon!,,Broken Blade,Broken Blade TV,"Narvi Stryze : Marina Inoue, Nike : Ryouko Shiraishi",
scenarioart: How Low Sympathy,,Music,,,,"Abstract, Outer Space",3.11,2014.0,,No synopsis yet - check back soon!,,,,"Decovocal
Director, Scenarioart
Music","Decovocal : Director, Scenarioart : Music"
Meitantei Rascal,,TV   ,12.0,Nippon Animation,Winter,"Adventure, Animal Protagonists, Anthropomorphic, Detectives, Non-Human Protagonists, Short Episodes",3.11,2014.0,,No synopsis yet - check back soon!,,,Araiguma Rascal,"Rascal, Uncle Po : Kenta Miyake",
Hi-sCool! Seha Girls, Sega Hard Girls,TV   ,13.0,Jinni's,Fall ,"Comedy, Anthropomorphic, Chibi, Non-Human Protagonists, Parody, Short Episodes, Virtual Reality, CG Animation, Original Work",3.11,2014.0,,"Three girls meet for the first time at the start of a new semester in a brand new school. But these aren’t just any girls, and this isn’t just any school! Dreamcast, Sega Saturn, and Mega Drive might be the names of SEGA gaming consoles, but at Sehagaga Academy, they’re also three girls destined for greatness! Or at least a nostalgia trip. Wacky hijinks ensue when the girls are tested not on their math and science skills, but on their ability to complete challenges inside (literally!) classic SEGA video games. Can they fight their way through the blocky polygons of Virtua Fighter? Can their dance moves get them high enough ratings in Space Channel 5?",,Gendai Nihon ni Yattekita Sega no Megami ni Arigachi na Koto (Light Novel),Hi-sCool! Seha Girls Special,"Dreamcast : M.A.O., Mega Drive : Shiori Izawa, Sega Saturn : Minami Takahashi, Center, Dr. Eggman, Game Gear, Genesis, Master System, Souta Sugahara
Director",Souta Sugahara : Director
Canada Ryuugaku ni Iku to Naze Bus ni Naru ka,,Web  ,1.0,,,Canada,3.11,2014.0,,No synopsis yet - check back soon!,,,,,
Pinocchio-P: Tarinai Kabocha,,Music,,,,Vocaloid,3.11,2014.0,,No synopsis yet - check back soon!,,,,"Miku Hatsune, Pinocchio-P
Producer",Pinocchio-P : Producer
Jin: Inner Arts,,Music,,,,Vocaloid,3.11,2014.0,,No synopsis yet - check back soon!,,,,"Ia, Jin
Producer",Jin : Producer
Aobouzu: Natsu no Ginkei,,Music,,,,"Abstract, Music",3.11,2014.0,,No synopsis yet - check back soon!,,,,"Aobouzu
Music",Aobouzu : Music
Fastening Days,,Web  ,1.0,Studio Colorido,Fall ,"Action, Drama, Sci Fi, Promotional, Shorts",3.11,2014.0,,"Yoji and Kei, a boy and girl, live in a town in the not-so-distant future with their foster parent, Anna. But these seemingly ordinary children have a secret hidden even from their unsuspecting mother: Yoji and Kei are superhero defenders of their town! With a flap of their capes, the two of them and their robot bear sidekick, Oscar, protect the citizensin their town with their handmade high-tech machinery. But from what menace? And will our little heroes be able to overcome the crisis about to threaten the town's peaceful everyday serenity?",,,"Fastening Days 2, Fastening Days 3, Fastening Days 4","Kei : Ryouko Shiraishi, Yoji : Fuyuka Ooura, Anna : Sayuri Sadaoka, Oscar, Hiroyasu Ishida
Director & Character Design, Yoshinori Sunahara
Music","Hiroyasu Ishida : Director & Character Design, Yoshinori Sunahara : Music"
Teekyuu 3 Specials,,DVD S,,MAPPA,,"Comedy, Shounen, Gag, School Club, School Life, Based on a Manga",3.11,2014.0,,No synopsis yet - check back soon!,,,"Teekyuu, Teekyuu 2, Teekyuu 3, Teekyuu 2 Specials, Teekyuu 4, Takamiya Nasuno desu!, Teekyuu 5, Teekyuu 4 Specials, Teekyuu 6, Teekyuu 5 Specials, Teekyuu 7, Teekyuu 6 Specials, Usakame, Teekyuu 7 Specials, Teekyuu 8, Teekyuu 8 Specials, Teekyuu 9","Marimo Bandou : Kana Hanazawa, Tomarin : Yui Ogura, Mariko Bandou : Chisa Yuuki, Bolician, Roots
Original Creator, Shin Itagaki
Director & Character Design","Roots : Original Creator, Shin Itagaki : Director & Character Design"
Channel 5.5 4th Season Prologue,,Other,,DLE,,"Comedy, Parody",3.11,2014.0,,No synopsis yet - check back soon!,,,"Channel 5.5, Channel 5.5 2nd Season, Channel 5.5 3rd Season, Channel 5.5 4th Season, Channel 5.5 Prologue: New Program Start!, Channel 5.5 3rd Season Prologue",,
TIGARAH: Spunky Afro Tiger Jet,,Music,,,,Ecchi,3.11,2014.0,,No synopsis yet - check back soon!,,,,"Masatsugu Nagasoe
Director, Tigarah
Music","Masatsugu Nagasoe : Director, Tigarah : Music"
Channel 5.5 3rd Season Prologue,,Other,,DLE,,"Comedy, Parody",3.1,2014.0,,No synopsis yet - check back soon!,,,"Channel 5.5, Channel 5.5 2nd Season, Channel 5.5 3rd Season, Channel 5.5 4th Season, Channel 5.5 Prologue: New Program Start!, Channel 5.5 4th Season Prologue",,
Nanana Gekijou: Nanana Tanjou-hen,,Web  ,,,,"Comedy, Anthropomorphic, Food Protagonists, No Dialogue, Non-Human Protagonists, Shorts",3.1,2014.0,,No synopsis yet - check back soon!,,,,,
Channel 5.5 Prologue: New Program Start!, Channel 5.5 Prologue: Shin Bangumi Start!,Other,,DLE,,"Comedy, Parody",3.1,2014.0,,No synopsis yet - check back soon!,,,"Channel 5.5, Channel 5.5 2nd Season, Channel 5.5 3rd Season, Channel 5.5 4th Season, Channel 5.5 3rd Season Prologue, Channel 5.5 4th Season Prologue",,
Meg & Patron: Ryuusei Girl,,Music,,,,,3.1,2014.0,,"The official music video for Ryuusei Girl, by Meg & Patron.",,,,"Takashi Ohashi
Director, Meg & Patron
Song Performance","Takashi Ohashi : Director, Meg & Patron : Song Performance"
Windows Tablet no Uta, Windows Tablet Song,Web  ,1.0,,,Comedy,3.1,2014.0,,No synopsis yet - check back soon!,,,,"Manabu Himdeda
Director",Manabu Himdeda : Director
Soul Eater Not!,,TV   ,12.0,Bones,Spring,"Action, Comedy, Fantasy, Shounen, Monster School, School Life, Shinigami, Supernatural, Based on a Manga",3.1,2014.0,,"When 14-year-old Tsugumi discovers her ability to transform into a weapon, she decides to enroll at Death Weapon Meister Academy, or DWMA. There, she hones her skills, and practices with other weapons and the meisters who wield them.",,"Soul Eater, Soul Eater Not!",Soul Eater,"Anya Hepburn : Saori Hayami, Meme Tatane : Aoi Yuuki, Tsugumi Harudori : Haruka Chisuga, Akane Hoshi : Takahiro Sakurai, Clay Sizemore : Seiichirou Yamashita, Eternal Feather : Mikako Komatsu, Kim Diehl : Chiwa Saitou, Sid Barett : Masafumi Kimura, Atsushi Ohkubo
Original Creator, Masakazu Hashimoto
Director, Yuuki Hayashi
Music, Asami Tachibana
Music, Yoshikazu Beniya
Producer, Shinobu Yoshinuma
Producer, Masatoshi Ishizuka
Producer, Mika Shimizu
Producer","Atsushi Ohkubo : Original Creator, Masakazu Hashimoto : Director, Yuuki Hayashi : Music, Asami Tachibana : Music, Yoshikazu Beniya : Producer, Shinobu Yoshinuma : Producer, Masatoshi Ishizuka : Producer, Mika Shimizu : Producer"
Onee-chan ga Kita,,TV   ,12.0,C2C,Winter,"Comedy, Seinen, Slice of Life, Remarriage, Short Episodes, Siblings, Based on a Manga",3.1,2014.0,,"Tomoya’s father remarries to another woman, giving him a stepsister, Ichika. However Ichika is 17-years old and has completely fallen in love with her stepbrother who is only 13!",,Onee-chan ga Kita,Onee-chan ga Kita Special,"Ichika Mizuhara : Juri Nagatsuma, Tomoya Mizuhara : Aimi, Kouki Hayasaka : Misuzu Togashi, Marina Mochizuki : Marina Inoue, Mina Fujisaki : Ibuki Kido, Mitsuru Hanazono : Yuu Kobayashi, Ruri Hayasaka : Omi Minami, Masaya Mizuhara : Kenji Hamada, Rikou Anzai
Original Creator, Yoshihide Yuuzumi
Director, Fuuga Hatori
Music, Takeshi Oda
Character Design","Rikou Anzai : Original Creator, Yoshihide Yuuzumi : Director, Fuuga Hatori : Music, Takeshi Oda : Character Design"
Space Shower TV: Keep Calm and Carry On ID,,Other,,,,"Fantasy, No Dialogue, Promotional, Station Identifications",3.1,2014.0,,"A station identification animation for Space Shower TV, directed by Toshiaki Hanzaki.",,,,"Toshiaki Hanzaki
Director, Predawn
Music","Toshiaki Hanzaki : Director, Predawn : Music"
moumoon: Emerald no Oka,,Music,,,,,3.1,2014.0,,No synopsis yet - check back soon!,,,,"Kouhei Yoshino
Director, Moumoon
Song Performance","Kouhei Yoshino : Director, Moumoon : Song Performance"
Pinocchio-P: Love is Onomatopoeia,,Music,,,,Vocaloid,3.09,2014.0,,No synopsis yet - check back soon!,,,,"Miku Hatsune, Pinocchio-P
Producer",Pinocchio-P : Producer
Shokubai Phantom Girl: Natsuzo Rider,,Music,,,,Vocaloid,3.09,2014.0,,No synopsis yet - check back soon!,,,,"Shokubai Phantom Girl
Producer",Shokubai Phantom Girl : Producer
Hungry to Win,,Other,,,,"Action, Sports, Commercials, Promotional, Soccer",3.09,2014.0,,No synopsis yet - check back soon!,,,,"Kazuto Nakazawa
Director",Kazuto Nakazawa : Director
siroPd: Period,,Music,,,,Abstract,3.09,2014.0,,No synopsis yet - check back soon!,,,"siroPd: Eraser, siroPd: Palladium, siroPd: Yu, siroPd: Kiete ku","Siropd
Music",Siropd : Music
"Pokemon: Pikachu, What's This Key?"," Pokemon: Pikachu, Kore Nan no Kagi?",Movie,,OLM,,"Fantasy, Animal Protagonists, Family Friendly, Monsters, Non-Human Protagonists, Based on a Video Game",3.09,2014.0,,No synopsis yet - check back soon!,,"Pokémon Adventures, Pokemon + Nobunaga no Yabou - Ranse Iroemaki, Pokemon the Movie XY&Z: Volcanion to Karakuri no Magiana, Pokemon Horizon: Sun & Moon, Pokémon: Sun & Moon",Pokemon Movie 17: Diancie and the Cocoon of Destruction,"Ash'S Pikachu : Ikue Ootani, Klefki : Rikako Aikawa, Jessie'S Wobbuffet : Yuuji Ueda, Team Rocket’S Meowth : Inuko Inuyama, Amaura : Chika Anzai, Ash Ketchum : Rica Matsumoto, Ash'S Froakie : Yuuji Ueda, Ash'S Hawlucha : Shinichirou Miki",
siroPd: Eraser,,Music,,,,"Abstract, No Dialogue",3.09,2014.0,,No synopsis yet - check back soon!,,,"siroPd: Palladium, siroPd: Period, siroPd: Yu, siroPd: Kiete ku","Siropd
Music",Siropd : Music
Sekai no Heiwa wa Watashi ga Mamoru!,,Web  ,1.0,,,"Action, Comedy, Fantasy, Magical Girl, Henshin Heroes, No Dialogue, Parody, Superheroes, Tokusatsu, Vigilantes",3.09,2014.0,,No synopsis yet - check back soon!,,,,"Maou Damashii
Music",Maou Damashii : Music
Chao You Bing,,Web  ,4.0,,,"Comedy, Chinese Animation, Parody, Short Episodes",3.09,2014.0,,No synopsis yet - check back soon!,,,,"Girl, Luke, Man, Man'S Daughter, Commander, Dragon, Girl'S Brother, Alice",
KutsuDaru.,,TV   ,48.0,Studio Egg,Spring,"Comedy, Japanese Mythology, Short Episodes, Supernatural, Youkai",3.09,2014.0,2015.0,"If you've bumped into annoying little misfortunes, such as loose socks, uneven disposable chopsticks, mistake rinse for shampoo, etc., that's because of these youkai doing mischief around you.",,,,"Darudaru Kutsushita : Yukari Hikida, Kaoru Nekota : Marina Horiuchi, Kurara Tachibana : Yuika Shima, Mikako Maruo : Miki Kanai, Rin Karasawa : Hinata Satou, Chika : Yuki Nagaku, Daniel Morishita : Hisayoshi Suganuma, Darudaru'S Mother : Ayaka Maeda, Taka Katou
Director, Ruriko Watanabe
Character Design","Taka Katou : Director, Ruriko Watanabe : Character Design"
Robot Girls Z Specials,,DVD S,,Toei Animation,,"Action, Comedy, Ecchi, Mecha, Sci Fi, Anthropomorphic, Parody",3.08,2014.0,,No synopsis yet - check back soon!,,Robot Girls Z,"Toei Robot Girls, Robot Girls Z: Episode 0, Robot Girls Z, Robot Girls Z+, Robot Girls Z+ Special","Gre : Inori Minase, Grenda : Kazusa Aranami, Z : Mariko Honda, Baron Ashura : Aya Hisakawa, Doublas M2 : Nao Touyama, Garada K7 : Yukiko Morishita, Imamoe : Minako Kotobuki, Pixiv-Tan : Naomi Oozora",
Magical Warfare, Mahou Sensou,TV   ,12.0,MADHOUSE,Winter,"Action, Fantasy, Magic, School Life, Based on a Light Novel",3.08,2014.0,,"Takeshi Nanase is an ordinary high school boy who has a somewhat dark past. However, one day, he comes across a girl named Mui Aiba, in a uniform he has never seen before, collapsed on the school campus. This encounters changes Takeshi's destiny completely. Mui tells Takeshi that she is a magician, and she apologizes, for she turned Takeshi into a magician, too. What Takeshi once knew as one world is actually two — the world where magicians live and the world where humans live.",,"Magical Warfare (Light Novel), Magical Warfare",,"Kazumi Ida : Kenichi Suzumura, Kurumi Isoshima : Asami Seto, Mui Aiba : Nao Touyama, Takeshi Nanase : Mamoru Miyano, Ghost Trailers Member : Yutaka Sasakura, Hotaru : Saki Fujita, Momoka Shijou : Mikako Takahashi, Takao Oigami : Jun Fukuyama, Yuuzou Satou
Director, Masato Kouda
Music, Ryouma Ebata
Character Design","Yuuzou Satou : Director, Masato Kouda : Music, Ryouma Ebata : Character Design"
until You come to me., Nihon Animator Mihonichi: until You come to me.,Web  ,1.0,Khara,,"Mecha, Sci Fi, Japan Animator's Exhibition, Post-apocalyptic, Shorts",3.08,2014.0,,No synopsis yet - check back soon!,,"Neon Genesis Evangelion, Neon Genesis Evangelion: Angelic Days, Neon Genesis Evangelion: The Shinji Ikari Raising Project, Neon Genesis Evangelion: Campus Apocalypse, Neon Genesis Evangelion: The Shinji Ikari Detective Diary, Tony Takezaki's Neon Genesis Evangelion, Neon Genesis Evangelion: Comic Tribute",Neon Genesis Evangelion,"Rei Ayanami, Shinji Ikari, Asuka Langley Soryu, Gendo Ikari, Kaworu Nagisa, Hideaki Anno
Original Creator, Tadashi Hiramatsu
Director, Shirou Sagisu
Music, Tomoyuki Ogata
Producer","Hideaki Anno : Original Creator, Tadashi Hiramatsu : Director, Shirou Sagisu : Music, Tomoyuki Ogata : Producer"
The [email protected] Million Live! 1st Anniversary PV,,Other,,A-1 Pictures,,"Drama, Idols, Promotional",3.08,2014.0,,No synopsis yet - check back soon!,,"The [email protected]: Million Live! Back Stage, The [email protected]: Million Live!, The [email protected]: Million Live! Comic Anthology, The [email protected] Million Live!: Blooming Clover","The [email protected] Million Live! ""Dreaming!"" Animation PV, The [email protected] Million Live! 4th Anniversary PV",Mirai Kasuga : Haruka Yamazaki,
Nenga no Kizuna,,Web  ,1.0,,,"Black and White, Shorts",3.08,2014.0,,"The video's story comes from greeting card website Nenga Aisatsujo's 6th annual contest, which asks participants to send in their heart-warming New Year's card memories. Sachiyo Okuno wrote the story and won the Japanese Postal Service Award, a new award this year.",,,,"Tekken
Director",Tekken : Director
Jinsei, Jinsei: Life Consulting,TV   ,13.0,feel.,Summer,"Comedy, School Club, Based on a Light Novel",3.08,2014.0,,"When bespectacled Yuuki Akamatsu joins his school's 2nd Newspaper Club, he finds himself caught in the crossfire between three pretty panelists assigned to the Life Advice column. Rino Endou has a mind for science, Fumi Kujou loves literature, and Ikumi Suzuki covers the world of sports. If students have questions that need answers, these are the girls to ask, but cute as they may be, these panelists never seem to agree on anything! Needless to say, navigating life in the 2nd Newspaper Club is gonna be more than poor Yuuki bargained for!",,"Jinsei (Light Novel), Jinsei: Extra (Light Novel), Jinsei: Petit (Light Novel)",,"Fumi Kujou : Moe Toyota, Ikumi Suzuki : Ayaka Suwa, Rino Endou : Hiyori Nitta, Yuuki Akamatsu : Yasuaki Takumi, Ayaka Nikaidou : Rena Maeda, Emi Murakami : Saori Oonishi, Kaori Shirakawa : Maaya Uchida, Kouta Asano : Showtaro Morikubo, Ougyo Kawagishi
Original Creator, Keiichirou Kawaguchi
Director, Hidehiro Kawai
Music, Tomoyuki Shitaya
Character Design, Naoko Kosakabe
Art Director","Ougyo Kawagishi : Original Creator, Keiichirou Kawaguchi : Director, Hidehiro Kawai : Music, Tomoyuki Shitaya : Character Design, Naoko Kosakabe : Art Director"
Original,,Music,,,,Vocaloid,3.08,2014.0,,No synopsis yet - check back soon!,,,,,
Wooser no Sono Higurashi 2, Wooser’s Hand-to-Mouth Life: Awakening Arc,TV   ,12.0,SANZIGEN,Winter,"Comedy, Animal Protagonists, Non-Human Protagonists, Short Episodes, Based on a Manga, CG Animation",3.08,2014.0,,"Wooser is a yellow creature who at first glance looks sweet but actually hides a wicked heart. He's awakened one year after a tragedy that claimed many victims. Confused from the timeslip, he sees a general who looks just like him. Wooser resolves to assassinate and replace the general, and remake history to his own liking.",,,"Wooser no Sono Higurashi, Wooser no Sono Higurashi: Ken to Pantsu to Wooser to, Wooser no Sono Higurashi 3","Wooser : Mamoru Miyano, Darth Wooser : Hiroshi Kamiya, Miho : Yuri Sato, Ren : Haruka Nagamune, Rin :  Minori Ozawa, Yuu : Tia, Ajipon, Chamber : Tomokazu Sugita, Yoshiki Usa
Series Composition, Tomoko Fujinoki
Character Design","Yoshiki Usa : Series Composition, Tomoko Fujinoki : Character Design"
DRAMAtical Murder: Data_xx_Transitory,,DVD S,,NAZ,,"BL, Yaoi, Cyberpunk, Virtual Reality, Based on an Eroge, Based on a Visual Novel, Mature Themes,, Physical Abuse,, Sexual Abuse,, Sexual Content",3.08,2014.0,,"Aoba is thrust into a nightmarish existence as each and every Scrap he performs fails with explicit, agonizing and treacherous consequences.","Mature Themes,, Physical Abuse,, Sexual Abuse,, Sexual Content",DRAMAtical Murder,DRAMAtical Murder,"Aoba Seragaki : Atsushi Kisaichi, Clear : Masatomo Nakazawa, Koujaku : Hiroki Takahashi, Mink : Kenichirou Matsuda, Noiz : Satoshi Hino, Ren : Ryouta Takeuchi, Trip : Tomoyuki Higuchi, Virus : Junji Majima",
LITE: Hunger,,Music,,,,Abstract,3.08,2014.0,,No synopsis yet - check back soon!,,,,"Lite
Music",Lite : Music
Utopia,,Music,,P.A. WORKS,,Crossover,3.08,2014.0,,No synopsis yet - check back soon!,,,"True Tears, Hanasaku Iroha, Tari Tari","Aiko Andou, Hiromi Yuasa, Konatsu Miyamoto, Minko Tsurugi, Nako Oshimizu, Noe Isurugi, Ohana Matsumae, Sawa Okita",
Collection of Key Animation Films, Nihon Animator Mihonichi: Yoshikazu Yasuhiko & Ichiro Itano: Collection of Key Animation Films,Web  ,1.0,Khara,,"Mecha, Sci Fi, Japan Animator's Exhibition, Shorts",3.08,2014.0,,"MOBILE SUIT GUNDAM series are still favored by various generations [and] passed its 35th anniversary. The animators who played the core roles in the memorable first series MOBILE SUIT GUNDAM are Yoshikazu Yasuhiko [and] Ichiro Itano. We would like to leave the key animations [of] the film production to posterity to praise their achievements, which influenced not only the audience but also the current anime industry.",,"Mobile Suit Gundam ZZ, Mobile Suit Gundam: The Revival of Zeon, Mobile Suit Gundam: New Revival of Zeon, Record of MS War: Mobile Suit Gundam Abridged, Mobile Suit Gundam: Silhouette Formula 91, Mobile Suit Gundam: The Origin, Mobile Suit Gundam Climax U.C., Mobile Suit Gundam 00, Mobile Suit Gundam: Hunter of Black Clothes, Mobile Suit Gundam 0083: Rebellion, Mobile Suit Gundam: Char's Counterattack - Beltorchika's Children, Mobile Suit Moon Gundam","Mobile Suit Gundam, Mobile Suit Zeta Gundam, Mobile Suit Gundam ZZ, Mobile Suit SD Gundam Mk I, Mobile Suit Gundam: Char's Counterattack, All That Gundam, Mobile Suit Gundam 0080: War in the Pocket, Mobile Suit SD Gundam no Gyakushuu: Arashi wo Yobu Gakuensai, Mobile Suit Gundam F91, Mobile Suit Gundam 0083: Stardust Memory, Mobile Suit Gundam 0083: Stardust Memory - The Mayfly of Space, Mobile Suit Gundam 0083: The Afterglow of Zeon, Mobile Suit Victory Gundam, Mobile Fighter G Gundam, Mobile Suit Gundam Wing, Mobile Suit Gundam: The 08th MS Team, After War Gundam X, Mobile Suit Gundam Wing: Endless Waltz, Mobile Suit Gundam Wing: Endless Waltz Movie, Gundam: Mission To The Rise, Turn A Gundam, Mobile Suit Gundam Evolve, Mobile Suit Gundam SEED, Mobile Suit Gundam MS IGLOO: The Hidden One Year War, Mobile Suit Gundam SEED: After Phase: In the Valley of Stars, Mobile Suit Gundam SEED Destiny, Mobile Suit Gundam 00, Mobile Suit Gundam MS IGLOO 2: Juuryoku Sensen, Mobile Suit Gundam 00 Second Season, Mobile Suit Gundam 00 Special Edition I: Celestial Being, Mobile Suit Gundam 00 Special Edition II: End of World, 30th Gundam Perfect Mission, Mobile Suit Gundam ZZ: Gundam Frag., Ring of Gundam, Mobile Suit Gundam 00 Special Edition III: Return the World, Mokei Senshi Gunpla Builders Beginning G, Chou Denei-ban SD Gundam Sangokuden Brave Battle Warriors, Mobile Suit Gundam Unicorn, Mobile Suit Gundam 00 The Movie: A Wakening of the Trailblazer, Mobile Suit Gundam AGE, Mobile Suit Gundam AGE: Memory of Eden, Mobile Suit Gundam: Thunderbolt, Mobile Suit Gundam: The Origin, Mobile Suit Gundam: Iron-Blooded Orphans, Mobile Suit Gundam: Iron-Blooded Orphans 2","Yoshikazu Yasuhiko
Director, Hideaki Anno
Series Composition, Takeo Watanabe
Music, Yuushi Matsuyama
Music, Tomoyuki Ogata
Producer, Ichirou Itano
Key Animator","Yoshikazu Yasuhiko : Director, Hideaki Anno : Series Composition, Takeo Watanabe : Music, Yuushi Matsuyama : Music, Tomoyuki Ogata : Producer, Ichirou Itano : Key Animator"
Washimo,,TV   ,10.0,Studio DEEN,Winter,"Comedy, Short Episodes, Based on a Picture Book",3.07,2014.0,,"Hiyori's grandmother died. To stop her crying all day and every day, Hiyori's father built a humanoid robot called ""Wasimo,"" looked just like her granny (sort of), complete with dentures. It walks faster than a snail but slower than a rhinoceros beetle; in fact, however, it can outrun a bullet train.",,,"Washimo 2, Washimo 3, Washimo 4, Washimo 5, Washimo 6, Washimo 7, Washimo 8, Washimo 9","Hiyori : Aimi Tanaka, Washimo : Rica Matsumoto, Father : Shigeru Ushiyama, Masao : Ayaka Asai, Mother : Ai Orikasa, Dentures : Kousuke Okano, Hajime, Rinko : Yui Watanabe, Yasuhiro Imagawa
Director, Edison
Music, Satoru Kosaka
Character Design, Reiji Kasuga
Art Director, Mirai Miyamoto
Producer","Yasuhiro Imagawa : Director, Edison : Music, Satoru Kosaka : Character Design, Reiji Kasuga : Art Director, Mirai Miyamoto : Producer"
Maido! Urayasu Tekkin Kazoku,,TV   ,25.0,Studio DEEN,Summer,"Comedy, Short Episodes, Based on a Manga",3.07,2014.0,2015.0,"The slapstick gag comedy follows a second-grade boy named Kotetsu Ousawagi and his misadventures with his family and friends in Urayasu City, near Tokyo.",,Ganso! Urayasu Tekkin Kazoku,Super Radical Gag Family,"Kotetsu Osawagi, Daitetsu Oosawagi, Junko Oosawagi, Sakura Oosawagi, Kenji Hamaoka
Original Creator, Akitarou Daichi
Director","Kenji Hamaoka : Original Creator, Akitarou Daichi : Director"
Cosmos People: Jijii - Owari no Hajimari,,Music,,Saigo no Shudan,,,3.07,2014.0,,No synopsis yet - check back soon!,,,,"Cosmos People
Music",Cosmos People : Music
Collapse Zen,,Web  ,1.0,,,"Abstract, No Dialogue, Shorts",3.07,2014.0,,No synopsis yet - check back soon!,,,,"Kojiro Shishido
Director & Music",Kojiro Shishido : Director & Music
Himitsukessha Taka no Tsume EX, Eagle Talon EX,TV   ,38.0,DLE,Spring,"Comedy, Parody, Short Episodes, Superheroes, Flash Animation, Original Work",3.07,2014.0,2015.0,Fifth season of Himitsukessha Taka no Tsume.,,,"Himitsukessha Taka no Tsume, Himitsukessha Taka no Tsume Countdown, Himitsukessha Taka no Tsume NEO, Himitsukessha Taka no Tsume MAX, Himitsukessha Taka no Tsume DO, Himitsukessha Taka no Tsume GT, Himitsukessha Taka no Tsume: Golden Spell","Soutou, Yoshida, Frogman
Director & Character Design & Original Creator",Frogman : Director & Character Design & Original Creator
Gotch: Humanoid Girl,,Music,,,,,3.07,2014.0,,No synopsis yet - check back soon!,,,,"Ryu Okubo
Director, Gotch
Music","Ryu Okubo : Director, Gotch : Music"
Onee-chan ga Kita Special,,DVD S,,C2C,,"Comedy, Seinen, Slice of Life, Based on a Manga",3.06,2014.0,,No synopsis yet - check back soon!,,Onee-chan ga Kita,Onee-chan ga Kita,"Ichika Mizuhara : Juri Nagatsuma, Tomoya Mizuhara : Aimi, Inumaru, Marina Mochizuki : Marina Inoue, Masaya Mizuhara : Kenji Hamada, Ruri Hayasaka : Omi Minami, Tomoya'S Mother : Yuu Kobayashi, Yuuko Mizuhara : Fumi Morisawa, Rikou Anzai
Original Creator",Rikou Anzai : Original Creator
SID: White Tree,,Music,,,,Romance,3.06,2014.0,,No synopsis yet - check back soon!,,,,"Sid
Music",Sid : Music
Wizard Barristers: Benmashi Cecil,,TV   ,12.0,ARMS,Winter,"Action, Sci Fi, Magic, Work Life, Original Work",3.06,2014.0,,"In a modern society where humans and magic users live side-by-side, the judicial system has been divided between those who use magic and those who don’t. In the Court of Magic, the Wizard Barristers serve as legal representatives for magic users who have been charged with varying crimes. Enter Cecil Sudo, the youngest Wizard Barrister in existence, who sets out to dispense her own brand of justice- in and out of the courtroom!",,,,"Cecil Sudo : Rui Tanabe, Ageha Chono : Ayumi Tsunematsu, Koromo Sasori : Rumi Ookubo, Mitori Batta : Yui Taya, Mitsuhisa Hachiya : Hiroki Touchi, Moyo Tento : Ayana Taketatsu, Nana Genie : Norio Wakamoto, Natsuna Hotaru : Kei Shindou, Yasuomi Umetsu
Director & Animation Director & Character Design & Chief Animation Director & Ed Director & Episode Director & Key Animator & Op Director & Original Concept & Series Composition & Storyboard, Kayou Konishi
Music, Yukio Kondou
Music, Kazuaki Morijiri
Producer, Shinichi Nakamura
Producer, Hiroshi Otaru
Producer, Kinji Yoshimoto
Animation Director & Key Animator, Takahiro Tanaka
Animation Director & Key Animator","Yasuomi Umetsu : Director & Animation Director & Character Design & Chief Animation Director & Ed Director & Episode Director & Key Animator & Op Director & Original Concept & Series Composition & Storyboard, Kayou Konishi : Music, Yukio Kondou : Music, Kazuaki Morijiri : Producer, Shinichi Nakamura : Producer, Hiroshi Otaru : Producer, Kinji Yoshimoto : Animation Director & Key Animator, Takahiro Tanaka : Animation Director & Key Animator"
Tensai Banpaku Opening Animation, Genius Expo Opening Animation,Other,,,,"Abstract, Opening Animation, Promotional, Short Episodes",3.06,2014.0,,"The opening animation for Tensai Banpaku, directed by Mirai Mizue.",,,,"Mirai Mizue
Director",Mirai Mizue : Director
Crazy Little Thing, Yodomi no Sakagi,Movie,,,,"Drama, Horror, Black and White, Shorts, Mature Themes,, Suicide",3.06,2014.0,,"The two of them, all alone at home. All alone with her father's corpse. Memories, ideals, and reality all sink beneath the muck. Everyone is alone. Everyone is in solitude.","Mature Themes,, Suicide",,,"Onohana
Director, Tatsuki Tushima
Music, Koji Yamamura
Producer","Onohana : Director, Tatsuki Tushima : Music, Koji Yamamura : Producer"
"I Couldn't Become a Hero, So I Reluctantly Decided to Get a Job. Specials", Yuusha ni Nare Nakatta Ore wa Shibushibu Shuushoku o Ketsui Shimashita. Specials,DVD S,,asread,,"Comedy, Based on a Light Novel",3.05,2014.0,,No synopsis yet - check back soon!,,"I Couldn't Become a Hero, So I Reluctantly Decided to Get a Job. (Light Novel), I Couldn't Become a Hero, So I Reluctantly Decided to Get a Job.","I Couldn't Become a Hero, So I Reluctantly Decided to Get a Job.",,
A crow is white: fake!fake!,,Music,,,,Abstract,3.05,2014.0,,"The official music video for fake!fake! from the album おんそくメリーゴーランド, by A crow is white.",,,,"Girl, Wataru Uekusa
Director, A Crow Is White
Music, Ryosuke Oshiro
Key Animator","Wataru Uekusa : Director, A Crow Is White : Music, Ryosuke Oshiro : Key Animator"
Shinrabanshou: Tenchi Shinmei no Shou,,Web  ,1.0,Sunrise,,"Action, Fantasy",3.05,2014.0,,No synopsis yet - check back soon!,,,,"Mobius, Saiga, Apollo, Arc, Balunseal, Izuna, Noin, Raisen, Takashi Ikehata
Director",Takashi Ikehata : Director
Medamayaki no Kimi Itsu Tsubusu?,,TV Sp,,Fanworks,,"Comedy, Food and Beverage, Based on a Manga, Flash Animation",3.05,2014.0,,"The gourmet manga focuses on the dining of cuisine. The protagonist Jirou Tamiyamaru is more obssessed with how to eat than most people, and the manga comically depicts how he agonizes over the differences with how others eat.",,Medamayaki no Kimi Itsu Tsubusu?,,"Jirou Tamiyamaru, Mifuyu, Aki, Chinatsu, Everett, Oonuki, Yasuo, Yuuzou Kondou, Go Ohinata
Original Creator, Rareko
Director & Music","Go Ohinata : Original Creator, Rareko : Director & Music"
Nandaka Velonica,,TV   ,10.0,Cyclone Graphics,Spring,"Sci Fi, Family Friendly, Short Episodes",3.05,2014.0,,"The children's anime revolves around Velonica, a high-handed and ultra-selfish little alien girl on the Galaxy Network, who begins to cause havoc on Earth. After a “fated encounter” with an Earthling boy, Velonica wavers between a possible budding romance with the boy and her dedication to the arts.",,,,"Konpei Hoshino : Shizuka Ishikawa, Morgan : Masaru Ikeda, Velonica : Kintalo, Kai : Ayumu Murase, Keiko : Sachie Hiraga, Kenmin : Kimiko Saitou, Mirai : Kanami Satou, Moe : Nao Tamura, Michiya Katou
Director & Original Character Design, Kouji Ueno
Music, Shinji Takeuchi
Character Design, Tomohisa Shitara
Cg Director","Michiya Katou : Director & Original Character Design, Kouji Ueno : Music, Shinji Takeuchi : Character Design, Tomohisa Shitara : Cg Director"
"Recently, My Sister is Unusual."," Saikin, Imouto no Yousu ga Chotto Okashiinda ga.",TV   ,12.0,Project No.9,Winter,"Comedy, Ecchi, Romance, Shounen, Ghosts, School Life, Siblings, Supernatural, Based on a Manga, Sexual Content",3.05,2014.0,,"Mitsuki and Yuuya have just become step-siblings, and are working to adjust to their new lives as a family living within the same house. While Mitsuki is cautious of this new relationship with her ‘older brother’, her inhibitions quickly take a turn for the perverted when she’s suddenly possessed by Hiyori, a ghost girl with amnesia. As if things couldn’t get any worse, Hiyori forcibly outfits her with a chastity belt that’s so restrictive it often causes the girl to pee herself - not to mention, in order for Hiyori to finally reach heaven, Mitsuki needs to experience a certain amount of sexual pleasure and energy… with her big brother! Now, between trying to not soil herself and trying to get used to Hiyori’s hands between her loins, Mitsuki will do her best to survive her new ""family"" life with, or without, her virginity intact.",Sexual Content,"Recently, My Sister is Unusual., Recently, My Sister is Unusual. (Light Novel)","Recently, My Sister is Unusual. OVA","Hiyori Kotobuki : Yui Ogura, Mitsuki Kanzaki : Chinami Hashimoto, Yuuya Kanzaki : Junji Majima, Ayaka Tachibana : Manami Tanaka, Neko : Mikoi Sasaki, Shoutarou Torii : Yasuaki Takumi, Yukina Kiritani : Hisako Kanemoto, Kyoko Kanzaki : Miki Itou, Mari Matsuzawa
Original Creator, Hiroyuki Hata
Director, Ryousuke Nakanishi
Music, Dai Suzuki
Character Design, Shinsaku Tanaka
Producer, Hisato Usui
Producer, Makoto Nakamura
Producer, Yukie Iwashita
Producer","Mari Matsuzawa : Original Creator, Hiroyuki Hata : Director, Ryousuke Nakanishi : Music, Dai Suzuki : Character Design, Shinsaku Tanaka : Producer, Hisato Usui : Producer, Makoto Nakamura : Producer, Yukie Iwashita : Producer"
Honpo Fullkawa: Toute wa Sono Kotae,,Music,,,,"Shinigami, Stop Motion Animation, Supernatural",3.05,2014.0,,No synopsis yet - check back soon!,,,,,
HoneyWorks: The Third Pudding War, The Third Pudding War,Music,,,,"Baking, Food and Beverage, Vocaloid",3.05,2014.0,,No synopsis yet - check back soon!,,,,"Gumi, Miku Hatsune, Honeyworks
Producer",Honeyworks : Producer
Sushi Ninja,,Web  ,3.0,Summer 2014,,"Comedy, Fantasy, Anthropomorphic, Food Protagonists, Ninja, Non-Human Protagonists, Short Episodes, CG Animation, Original Work",3.04,2014.0,,"Elite Sushi Ninja fights with evil Monsters for justice every day! They, however, are on the popular superhero TV show…. In the real world, three lazy kids named “IKURA”, “MAGURO”, and “TAMAGO” watch with that TV show. They wish to be Heroes like the Sushi Ninja on the TV show some day, but they always fall out over something stupid. One day, they unexpectedly meet up with a beautiful Princess being chasing by Nachos King Gang. She deems the three guys to be the Heroic Sushi Ninja on TV show and asks them for help. They are so excited and act like the heroes on TV show. Then they decide to face with the enemies to protect the Princess…. Can they be the real Heroes and protect the Princess from the evil?",,,,"Ikura : Yuuki Kaji, Maguro : Romi Park, Tamago : Mamoru Miyano, The Princess : Nana Mizuki, Elite Ninja A : Keiji Fujiwara, Narrator : Shigeyuki Susaki, Motonori Sakakibara
Director, Katsuhisa Hattori
Music, Tarou Maki
Producer","Motonori Sakakibara : Director, Katsuhisa Hattori : Music, Tarou Maki : Producer"
siroPd: Palladium,,Music,,,,"Abstract, No Dialogue",3.04,2014.0,,No synopsis yet - check back soon!,,,"siroPd: Eraser, siroPd: Period, siroPd: Yu, siroPd: Kiete ku","Siropd
Music",Siropd : Music
Kairisei Million Arthur,,Web  ,2.0,,,"Fantasy, Opening Animation, Promotional, Short Episodes, Based on a Mobile Game",3.04,2014.0,2018.0,No synopsis yet - check back soon!,,,"Kakusansei Million Arthur OP, Jakusansei Million Arthur, Jakusansei Million Arthur Specials, Koukyousei Million Arthur OP",,
Fact: Ape,,Music,,,,"Abstract, CG Animation",3.04,2014.0,,No synopsis yet - check back soon!,,,,"Fact
Music",Fact : Music
BACK-ON: Doukei ~DOUKEI~,,Music,,,,Vocaloid,3.04,2014.0,,No synopsis yet - check back soon!,,,,"Back-On
Producer",Back-On : Producer
nami: Soukyokusei Tranquilizer,,Music,,,,Vocaloid,3.03,2014.0,,No synopsis yet - check back soon!,,,,"Yukari Yuzuki, Nami
Producer",Nami : Producer
Sin Strange+ Special,,DVD S,,Seven,,"Comedy, Josei, Detectives, Based on a Manga",3.03,2014.0,,No synopsis yet - check back soon!,,Strange+,"Strange+ Special, Strange+, Sin Strange+",,
Momon's Sand Witch Episode Zero,,Web  ,1.0,,,"Comedy, Shorts",3.03,2014.0,,No synopsis yet - check back soon!,,,"Ikeike! Momon-chan, Tanu no Magical Holiday, Momon's Sand Witch Bangai-hen: Tanu no Kyuujitsu, Momon's Sand Witch","Momon-Chan, Tanu",
Lai Lai Lai Team: Toyoichi,,Music,,,,"Abstract, Food and Beverage",3.03,2014.0,,No synopsis yet - check back soon!,,,,"Yoko Yuki
Director, Lai Lai Lai Team
Music, Onionskin
Producer","Yoko Yuki : Director, Lai Lai Lai Team : Music, Onionskin : Producer"
Agukaru: Agriculture Angel Baraki - Play with Ibaraki Hen,,Web  ,21.0,Studio Puyukai,Summer,"Agriculture, Short Episodes, Flash Animation, Original Work",3.03,2014.0,2015.0,No synopsis yet - check back soon!,,,Agukaru: Agriculture Angel Baraki,Sanae Baraki : Sayuri Yamamoto,
Vampillia: Mirror Mirror (bombs BiS),,Music,,,,,3.02,2014.0,,No synopsis yet - check back soon!,,,,"Onionskin
Director, Vampillia
Music","Onionskin : Director, Vampillia : Music"
Taisei Kensetsu: Vietnam Noi Bai Kuukou,,Other,,CoMix Wave Films,,"Slice of Life, Commercials, Promotional, Work Life",3.02,2014.0,,No synopsis yet - check back soon!,,,"Taisei Kensetsu: Singapore, Taisei Kensetsu: Myanmar","Makoto Shinkai
Director, Kenichi Tsuchiya
Character Design","Makoto Shinkai : Director, Kenichi Tsuchiya : Character Design"
Mou Inu Chuui,,Web  ,3.0,Piso Studio,Winter,"Comedy, Animal Protagonists, Dogs, Non-Human Protagonists, Short Episodes",3.02,2014.0,,No synopsis yet - check back soon!,,,,,
Tuzki: Love Assassin,,Web  ,1.0,Studio 4°C,,"Action, Comedy, No Dialogue, Shorts",3.02,2014.0,,A darkly cute tale of foiled romance and contract assassinations starring Tuzki (兔斯基).,,,,"Eiko Tanaka
Producer, Eiji Abiko
Animation Director","Eiko Tanaka : Producer, Eiji Abiko : Animation Director"
Fishing, Ryou,Movie,,,,"No Dialogue, Shorts",3.02,2014.0,,No synopsis yet - check back soon!,,,,"Ai Sugaya
Director, Bacon
Music, Taruto Fuyama
Producer","Ai Sugaya : Director, Bacon : Music, Taruto Fuyama : Producer"
Code Geass: Lelouch of the Rebellion R2 Picture Drama - Last Moratorium, Code Geass: Hangyaku no Lelouch R2 Picture Drama - Last Moratorium,DVD S,,,,Picture Drama,3.02,2014.0,,No synopsis yet - check back soon!,,,Code Geass: Lelouch of the Rebellion R2 Picture Drama,"Lelouch Lamperouge : Jun Fukuyama, Milly Ashford : Sayaka Oohara, Rivalz Cardemonde : Noriaki Sugiyama, Shirley Fenette : Fumiko Orikasa, C.C. : Yukana, Rolo Lamperouge : Takahiro Mizushima",
Pokemon XY: New Year's Eve 2014 Super Mega Special,,TV Sp,,OLM,,"Adventure, Fantasy, Shounen, Family Friendly, Monsters, Recap, Based on a Video Game",3.01,2014.0,,Recap episode of Pokemon XY.,,Pokemon XY: Pokemon Ryuuouden,Pokemon XY,"Ash Ketchum, Bonnie, Clemont, Serena, Ash'S Pikachu, Nurse Joy",
Imeruat: TeNiOE,,Music,,,,,3.01,2014.0,,No synopsis yet - check back soon!,,,,,
Wild Adapter,,OVA  ,2.0,Anpro,,"Action, Drama, Josei, Mystery, Gangs, Based on a Manga, Drug Use,, Mature Themes,, Physical Abuse,, Violence",3.0,2014.0,2015.0,"Makoto, a gang leader, takes in Minoru Tokito. Minoru has a mysterious past that includes the usage of a drug called W.A. This drug has caused Minoru to have his right arm as a monstrous limb. The two begin their journey by investigating this drug that is tearing up the city's ""underground"".","Drug Use,, Mature Themes,, Physical Abuse,, Violence","Shiritsu Araiso Koutou Gakkou Seitokai Shikkoubu, Wild Adapter",,"Makoto Kubota : Toshiyuki Morikawa, Minoru Tokitoh : Hideo Ishikawa, Keiichirou Kasai, Kou, Nobuo Komiya, Osamu Kiba, Ryuunosuke Kanda, Sanada, Kazuya Minekura
Original Creator, Naoyuki Kuzuya
Director, Kenji Fujisawa
Music, Minefumi Harada
Character Design, Yoshimi Umino
Art Director","Kazuya Minekura : Original Creator, Naoyuki Kuzuya : Director, Kenji Fujisawa : Music, Minefumi Harada : Character Design, Yoshimi Umino : Art Director"
Blade & Soul,,TV   ,13.0,GONZO,Spring,"Action, Fantasy, Assassins, Revenge, Based on a Video Game",3.0,2014.0,,"Alka, a sword-woman with proficient skills, defeats foes by a single stroke. She travels with an aim to avenge her master, Hong's death, of which vendetta was required by the rules of the tribe she belongs to.",,,Blade & Soul Specials,"Alka : Yuki Takao, Hazuki Jin : Sora Amamiya, Karen Elle : Sayaka Oohara, Loana Dan : Ayahi Takagaki, Ran Yoo : Shizuka Itou, Varrel Jin : Aoi Yuuki, Doru : Taisuke Nishimura, Dougen Hon : Choo, Hiroshi Hamasaki
Director, Hiroshi Takeuchi
Director, Tarou Iwashiro
Music, Eri Nagata
Character Design, Gou Tanaka
Producer, Makoto Furukawa
Producer, Tetsuya Endou
Producer, Shigeaki Arima
Producer","Hiroshi Hamasaki : Director, Hiroshi Takeuchi : Director, Tarou Iwashiro : Music, Eri Nagata : Character Design, Gou Tanaka : Producer, Makoto Furukawa : Producer, Tetsuya Endou : Producer, Shigeaki Arima : Producer"
Gigant Shooter Tsukasa, Choubakuretsu Ijigen Menko Battle: Gigant Shooter Tsukasa,TV   ,32.0,Fanworks,Spring,"Action, Comedy, Card Battles, Short Episodes, Original Work",3.0,2014.0,2015.0,"Tsukasa Mendou, a gamer who dreams to become the best at Gigant Shooter (battles in a game similar to pog) in the world. The menko card his father left for him called ""King Menger"" is his partner. Tsukasa's fellow gamers are the cute but tsundere Miruko Koide, the spectacled bully Manabu Numata, and the realist and sharp-tongued Ataru Doumoto.",,,,"Ryouichi Mori
Director, Hideharu Mori
Music","Ryouichi Mori : Director, Hideharu Mori : Music"
Mobile Suit Gundam Wing: Frozen Teardrop Picture Drama - Aratanaru Tatakai,,DVD S,,Sunrise,,"Mecha, Sci Fi, Picture Drama",2.99,2014.0,,No synopsis yet - check back soon!,,"Mobile Suit Gundam Wing, Mobile Suit Gundam Wing: Episode Zero, Mobile Suit Gundam Wing: Battlefield of Pacifists, Mobile Suit Gundam Wing: Ground Zero, Mobile Suit Gundam Wing: Endless Waltz, Mobile Suit Gundam Wing: Blind Target, Mobile Suit Gundam Wing: Glory of the Losers, Mobile Suit Gundam Wing: G-UNIT - Operation Galiarest","Mobile Suit Gundam Wing, Mobile Suit Gundam Wing: Operation Meteor, Mobile Suit Gundam Wing: Endless Waltz, Mobile Suit Gundam Wing: Endless Waltz Movie","Duo Maxwell, Heero Yuy, Kathy Po, Relena Peacecraft, Duo Maxwell Ii, Katherine Oud Winner, Trowa Barton, Wufei Chang",
The Baby Birds of Norman McLaren,,Movie,,,,"Abstract, Shorts",2.99,2014.0,,No synopsis yet - check back soon!,,,,"Mirai Mizue
Director",Mirai Mizue : Director
Robot Girls Z,,TV   ,,Toei Animation,Winter,"Action, Comedy, Ecchi, Mecha, Sci Fi, Anthropomorphic, Parody",2.99,2014.0,,"At the Nerima Ward Ooizumi Academy Photonic District, the Robot Girls are selling ""Photonic Energy', a new type of ""cheap and green power."" The lab's research has been going nowhere and their government funding's been cut off, so their finances are a mess. Just when the three robot girls are bored out of their minds, the part-timers they hired arrive. They are Garada-K7, with her long pigtails, and Doublas-M2, who only speaks with the two hand-puppets she wears. But they soon realize that the two have come to stop them from selling Photonic Energy, and a battle begins.",,Robot Girls Z,"Toei Robot Girls, Robot Girls Z: Episode 0, Robot Girls Z Specials, Robot Girls Z+, Robot Girls Z+ Special","Gre : Inori Minase, Grenda : Kazusa Aranami, Z : Mariko Honda, Bala : Ayumi Tsuji, Baron Ashura : Aya Hisakawa, Dandan : Aya Gouda, Doublas M2 : Nao Touyama, Gacky : Satomi Satou, Hiroshi Ikehata
Director, Tetsuya Kawakami
Character Design, Yoshihide Moriyama
Producer","Hiroshi Ikehata : Director, Tetsuya Kawakami : Character Design, Yoshihide Moriyama : Producer"
out of service: Magic Hour,,Music,,,,Vocaloid,2.99,2014.0,,No synopsis yet - check back soon!,,,,"Out Of Service
Producer",Out Of Service : Producer
Radwimps: Jikkyou Chuukei,,Music,,,,Abstract,2.99,2014.0,,"The official music video for Jikkyou Chuukei from the album Batsu to Maru to Tsumi to, by Radwimps.",,,,"Daisuke Hashimoto
Director, Radwimps
Music, Mirai Mizue
Key Animator","Daisuke Hashimoto : Director, Radwimps : Music, Mirai Mizue : Key Animator"
Tobacco wa Dasai, Cigarettes are Lame,Web  ,1.0,,,"Slice of Life, Educational, Family Friendly",2.99,2014.0,,No synopsis yet - check back soon!,,,,,
Vampillia: Ice Fist,,Music,,,,"Abstract, Black and White",2.99,2014.0,,No synopsis yet - check back soon!,,,,"Onionskin
Director, Vampillia
Music","Onionskin : Director, Vampillia : Music"
Handsome Kenya: Tooryanse, Tooryanse,Music,,,,,2.99,2014.0,,No synopsis yet - check back soon!,,,,"Kousuke Sugimoto
Director, Handsome Kenya
Music","Kousuke Sugimoto : Director, Handsome Kenya : Music"
Curly,,Web  ,1.0,Echoes,,"Comedy, Adult Couples, No Dialogue, Shorts, CG Animation, Original Work",2.98,2014.0,,"The place is Kyoto, Japan. The bride has a mishap just before the wedding ceremony. Her father and mother get into a panic, her younger sister runs around, and her pet just sits still. This is a story of a family.",,,,"Tetsuro Kodama
Director",Tetsuro Kodama : Director
Overlord 6: Drama CD-tsuki Tokusou-ban - Yokoku-hen,,Other,,,,"Fantasy, Picture Drama, Promotional, Shorts, Skeletons, Based on a Light Novel",2.98,2014.0,,No synopsis yet - check back soon!,,"Overlord (Light Novel), Overlord",Overlord,"Kugane Maruyama
Original Creator",Kugane Maruyama : Original Creator
Minion,,Web  ,2.0,,,"Slice of Life, Post-apocalyptic, Short Episodes",2.98,2014.0,2017.0,No synopsis yet - check back soon!,,,,"Rabbit Machine
Director, Purikoko
Music","Rabbit Machine : Director, Purikoko : Music"
siroPd: Yu,,Music,,,,Abstract,2.98,2014.0,,No synopsis yet - check back soon!,,,"siroPd: Eraser, siroPd: Palladium, siroPd: Period, siroPd: Kiete ku","Siropd
Music",Siropd : Music
Channel 5.5 2nd Season,,Other,,DLE,,"Comedy, Parody, Short Episodes",2.98,2014.0,,Spoof parody of Ghost in the Shell: Arise,,,"Ghost in the Shell: Arise, Channel 5.5, Channel 5.5 3rd Season, Channel 5.5 4th Season, Channel 5.5 Prologue: New Program Start!, Channel 5.5 3rd Season Prologue, Channel 5.5 4th Season Prologue, Ghost in the Shell: Ghost Chaser","Motoko Kusanagi : Sumire Uesaka, Batou : Yuuki Kaji, Daisuke Aramaki : Frogman, Hideo : Frogman, Ijima : Frogman",
"On a Forest, in the Air",,Web  ,1.0,,,"Abstract, No Dialogue, Shorts",2.97,2014.0,,No synopsis yet - check back soon!,,,,"Masanobu Hiraoka
Director",Masanobu Hiraoka : Director
out of service: Osaka Underground,,Music,,,,Vocaloid,2.97,2014.0,,No synopsis yet - check back soon!,,,,"Out Of Service
Producer",Out Of Service : Producer
A Good Librarian Like a Good Shepherd Picture Drama, Daitoshokan no Hitsujikai Picture Drama,DVD S,,Felix Film,,"Comedy, Library, Picture Drama, Based on an Eroge, Based on a Visual Novel",2.97,2014.0,2015.0,No synopsis yet - check back soon!,,A Good Librarian Like a Good Shepherd,A Good Librarian Like a Good Shepherd,"Kana Suzuki : Eri Sendai, Senri Misono : Nozomi Yamamoto, Tamamo Sakuraba : Yuka Saitou, Tsugumi Shirasaki : Madoka Yonezawa",
Space Dandy Picture Drama,,DVD S,,Bones,,Picture Drama,2.97,2014.0,,No synopsis yet - check back soon!,,Space Dandy,"Space Dandy, Space Dandy 2, Space Dandy 2 Picture Drama","Dandy, Meow, Qt, Honey",
Yokomin: Plastic Marionette,,Music,,,,Vocaloid,2.96,2014.0,,No synopsis yet - check back soon!,,,,"Teto Kasane, Yukari Yuzuki, Yokomin
Producer",Yokomin : Producer
Pinocchio-P: Sorezore Ni Jinsei Ga Aru, Pinocchio-P: Each of Us Has Our Own Life,Music,,,,Vocaloid,2.96,2014.0,,No synopsis yet - check back soon!,,,,"Miku Hatsune, Pinocchio-P
Producer",Pinocchio-P : Producer
K: Missing Kings - Manner Movie,,Other,,GoHands,,"Comedy, Shorts",2.96,2014.0,,No synopsis yet - check back soon!,,K: Missing Kings,"K, K: Missing Kings, K: Return of Kings","Ayako Tan
Editor",Ayako Tan : Editor
Mobile Suit Gundam-san, Gundam-san,TV   ,13.0,Sunrise,Summer,"Comedy, Mecha, Sci Fi, Chibi, Parody, Short Episodes",2.96,2014.0,,"An anime short adaptation of the 4-coma manga of the same name, putting the Gundam characters in mundane, yet comical, situations.",,"Mobile Suit Gundam: Awakening, Escalation, Confrontation (Light Novel), Mobile Suit Gundam ZZ, Mobile Suit Gundam: The Revival of Zeon, Mobile Suit Gundam: New Revival of Zeon, Record of MS War: Mobile Suit Gundam Abridged, Mobile Suit Gundam: Silhouette Formula 91, Mobile Suit Gundam: The Origin, Mobile Suit Gundam: The Anthology, Mobile Suit Gundam-san, Mobile Suit Gundam Climax U.C., Mobile Suit Gundam 00, I See! Proverbs Gundam-san, Mobile Suit Gundam: U.C. War Chronicle Memories of Char Aznable, Mobile Suit Gundam 00 2nd Season, Mobile Suit Gundam: Hunter of Black Clothes, Mobile Suit Gundam 0083: Rebellion, Mobile Suit Moon Gundam","Mobile Suit Gundam-san (Web), Kotowaza Gundam-san, Mobile Suit Gundam-san: Hiyoko Days - Suisei Hiyoko to Fushigi na Ofuda","Amuro Ray, Char Aznable, Lalah Sune, Bright Noa, Frau Bow, Garma Zabi, Haro, Sayla Mass, Mankyuu
Director, Seiji Muto
Music, Jun Abe
Music, Sao Tamado
Character Design, Shin Sasaki
Producer, Kouichi Ueyama
Producer","Mankyuu : Director, Seiji Muto : Music, Jun Abe : Music, Sao Tamado : Character Design, Shin Sasaki : Producer, Kouichi Ueyama : Producer"
Juuza Engi: Engetsu Sangokuden,,OVA  ,1.0,Anpro,,"Action, Adventure, Drama, Fantasy, Ancient China, Historical, Romance of the Three Kingdoms, Based on an Otome Game, Based on a Visual Novel",2.96,2014.0,,"The Juuza. That is the name given to those of the 13th Zodiac: the cat people. Seen as a vulgar and contemptuous race, they live a life of seclusion away from human eyes. However, as the end of the Han Dynasty draws near, the rise of the Yellow Scarves has thrown the land of the Three Kingdoms into turmoil. As armies converge, a young Juuza woman named Kan'u and her village are forced out of their peaceful lives as Sousou and his punitive force press their way into the village.",,Juuza Engi: Engetsu Sangokuden,,"Chouhi : Nobuhiko Okamoto, Chouryou : Kouji Yusa, Chouun : Kenichi Suzumura, Kakouton : Tatsuhisa Suzuki, Kan'U : Chinatsu Akasaki, Ryuubi : Akira Ishida, Sousou : Kohsuke Toriumi, Chouseihei : Keiji Fujiwara, Ouji Hiroi
Original Concept, Naoyuki Kuzuya
Director, Nobuo Uematsu
Music, Kevin Penkin
Music, Yoshimi Umino
Art Director","Ouji Hiroi : Original Concept, Naoyuki Kuzuya : Director, Nobuo Uematsu : Music, Kevin Penkin : Music, Yoshimi Umino : Art Director"
phatmans after school: Sayonara Space Shuttle,,Music,,,,Stop Motion Animation,2.96,2014.0,,No synopsis yet - check back soon!,,,,"Saji
Music",Saji : Music
Show By Rock!! x Joysound,,Web  ,4.0,,,"Comedy, Animal Characteristics, Chibi, Music, Non-Human Protagonists, Promotional, Sanrio Characters, Short Episodes",2.96,2014.0,2016.0,No synopsis yet - check back soon!,,,"Show By Rock!! Legend of Shingan Crimsonz, Show By Rock!! Plasmagica na Gogo, Show By Rock!!, Show By Rock!! Short!!, Show By Rock!!#","Crow : Kishou Taniyama, Cyan Hijirikawa : Eri Inagawa, Rom : Yoshimasa Hosoya, Chuchu, Darudayuu : Megumi Han, Maple Arisugawa : Yuuji Ueda, Moa, Retoree",
Meshimase Lodoss-tou Senki: Sorette Oishii no?,,TV   ,13.0,Studio DEEN,Spring,"Parody, Short Episodes",2.96,2014.0,,No synopsis yet - check back soon!,,"Record of Lodoss War : The Grey Witch (Light Novel), Record of Lodoss War: The Grey Witch (2013)","Record of Lodoss War, Record of Lodoss War: Chronicles of the Heroic Knight","Ban-Kun : Shuuta Morishima, Dori-Chan : Ibuki Kido, Eto-Chan : Erii Yamazaki, Deedlit : Yumi Touma, Kim : Kenta Sasa, Parn : Takeshi Kusao, Slayn : Hiroyuki Endou, Udo : Shou Karino, Tadakazu Hirada
Producer",Tadakazu Hirada : Producer
siroPd: Kiete ku,,Music,,,,"Black and White, No Dialogue",2.96,2014.0,,No synopsis yet - check back soon!,,,"siroPd: Eraser, siroPd: Palladium, siroPd: Period, siroPd: Yu","Siropd
Music",Siropd : Music
Majokko Shimai no Yoyo to Nene Movie Extra: Hatsukoi - Mikako Komatsu,,DVD S,,ufotable,,Music,2.95,2014.0,,No synopsis yet - check back soon!,,"Noroiya Shimai, Noroiya Shimai Yoyo to Nene, Noroiya Secret",Magical Sisters Yoyo & Nene,"Nene, Yoyo, Bihaku, Nils Carnival",
Parol no Miraijima,,Movie,,Shin-Ei Animation,,"Adventure, Fantasy, Animal Protagonists, Anime Tamago, Island, Non-Human Protagonists, Shorts",2.95,2014.0,,"There is a tiny island floating on the other side of a distant sea. Strange animals, still unknown to humans, live there. The children of the island — Paroru, Zouzu, and Rikotto — come across a photo of the human world one day, and fascinated by this beautiful wonder, break the rules and rush out of the island. Paroru and the others are surprised and excited to see the human world for the first time. However, unforeseen pitfalls await them there... Can they safely reach their journey's destination?",,,,"Paroru : Ayumi Fujimura, Rikotto : Ayako Kawasumi, Zuzu : Anri Katsu, Kazuaki Imai
Director, Yoshimichi Kameda
Character Design, Maiko Okada
Producer","Kazuaki Imai : Director, Yoshimichi Kameda : Character Design, Maiko Okada : Producer"
Gundam Build Fighters: SD Kishi Fighters,,DVD S,,Sunrise,,"Mecha, Sci Fi, Chibi",2.95,2014.0,,No synopsis yet - check back soon!,,Gundam Build Fighters AR,"Gundam Build Fighters, Gundam Build Fighters Try, Gundam Build Fighters Try: Island Wars, Gundam Build Fighters: GM no Gyakushuu, Gundam Build Fighters: Battlogue","Reiji, Sei Iori",
Hana wa Saku: Touhoku ni Saku,,TV   ,,Cyclone Graphics,,"Fantasy, Crossover, Family Friendly, Japanese Mythology, Shorts, Youkai",2.95,2014.0,,"Domo-kun and Charo meet a strange girl in the hustle and bustle Tokyo. Since ""that day"", she has not gone back home. When Charo gives the girl a wreath of Gerbera plants, she accidentally sneezes. A burst of magic came out of the Gerbera, and a flower train emerges from the middle of a flower garden. As the three board the flower train, it starts moving toward the girl's hometown. However, what awaits them is a ferocious storm!",,,,"Charo : Risa Junna, Domo-Kun : Shizuo Yamakawa, Zashiki-Warashi : Mitsuki Takahata, Michiya Katou
Original Character Design, Tomohisa Shitara
Cg Director","Michiya Katou : Original Character Design, Tomohisa Shitara : Cg Director"
"Taka no Tsume-dan, Kono Natsu, Mura Hajimemasu."," Eagle Talon, Kono Natsu, Mura Hajimemasu.",Web  ,1.0,DLE,,"Comedy, Commercials, Countryside, Promotional, Flash Animation",2.94,2014.0,,No synopsis yet - check back soon!,,,Nomura Securities x Taka no Tsume: NISA no Mura,"Soutou, Yoshida, Creepy Kid, Doctor Leonardo, Phillip",
Miss Monochrome: Manager,,OVA  ,1.0,LIDEN FILMS,,"Comedy, Slice of Life, Androids, Idols, Music, Non-Human Protagonists, Robots, Showbiz, Vocaloid, Original Work",2.94,2014.0,,No synopsis yet - check back soon!,,,"Miss Monochrome, Miss Monochrome: Supporter, Miss Monochrome 2, Miss Monochrome 3","Monochrome : Yui Horie, Kikuko : Kikuko Inoue, Maneo : Keiji Fujiwara, Mana : Akemi Kanda, Ru-Chan, Takishita, Yui Horie
Original Character Design",Yui Horie : Original Character Design
Mitsuwano,,OVA  ,1.0,Zexcs,,"Drama, Slice of Life, Shorts, Based on a Light Novel",2.94,2014.0,,"Riko, Midori, and Mai work in an inn in Kyoto and are training to become maikos. A festival is coming and the three must practice their skills for the event.",,Mitsuwano (Light Novel),,"Mai Ichinose : Yui Horie, Midori Aikawa : Rina Satou, Riko Kikuzuki : Nozomi Sasaki, Kazuha : Yumi Hara, Shino : Sayaka Oohara, Takashi Igari
Director, Jun Ichikawa
Music, Takashi Habe
Character Design, Naoko Kosakabe
Art Director, Tomoko Kawasaki
Producer, Haruki Hayashi
Producer, Hiromi Kuriki
Producer","Takashi Igari : Director, Jun Ichikawa : Music, Takashi Habe : Character Design, Naoko Kosakabe : Art Director, Tomoko Kawasaki : Producer, Haruki Hayashi : Producer, Hiromi Kuriki : Producer"
Rage of Bahamut: Genesis - Roundup, Shingeki no Bahamut: Genesis Recap,TV Sp,,MAPPA,,"Recap, Based on a Mobile Game",2.93,2014.0,,No synopsis yet - check back soon!,,"Rage of Bahamut: Twin Heads, Rage of Bahamut: Manaria Friends","Rage of Bahamut: Genesis, Rage of Bahamut: Genesis - Short Stories, Rage of Bahamut: Virgin Soul, Mysteria Friends","Amira, Favaro Leone, Kaisar Lidfard, Bacchus, Bahamut, Rita, Azazel, Cerberus, Keiichi Satou
Director, Yoshihiro Ike
Music, Naoyuki Onda
Character Design","Keiichi Satou : Director, Yoshihiro Ike : Music, Naoyuki Onda : Character Design"
Sumiko TV,,TV   ,,OperaHouse,Summer,"Comedy, Slice of Life, Family Friendly, Short Episodes, Original Work",2.93,2014.0,,No synopsis yet - check back soon!,,,"Sumiko: I Don't Like Your Attitude, Sumiko Forever, Sumiko no Egao","Sumiko Yoshida, Kumagoro Yoshida, Kurumi, Sakura Yoshida, Yoshiko, Yukari",
Toukiden Kiwami,,Web  ,1.0,Studio 4°C,,"Action, Fantasy, Promotional, Shorts, Based on a Video Game",2.93,2014.0,,No synopsis yet - check back soon!,,,,"Kuyou, Reki, Shuusui, Souma, Horou, Oka, Jiro Kanai
Director, Ayako Sekine
Producer","Jiro Kanai : Director, Ayako Sekine : Producer"
Sound Horizon: Yodaka no Hoshi,,Music,,,,Action,2.93,2014.0,,No synopsis yet - check back soon!,,,,"Sound Horizon
Music",Sound Horizon : Music
Maken-ki! Two Specials,,DVD S,,XEBEC,,"Comedy, Shounen, Based on a Manga",2.93,2014.0,,No synopsis yet - check back soon!,,Maken-Ki!,"Maken-ki! Specials, Maken-ki!, Maken-Ki! It's Summer! It's Swimsuits! It's Training Camp!, Maken-ki! Two: Takeru Nyotaika!? Minami no Shima de Supoon, Maken-ki! Two","Aki Nijou : Hitomi Harada, Haruko Amaya : Noriko Shitaya, Inaho Kushiya : Iori Nomizu, Kimi Satou : Misato, Kodama Himegami : Sayuri Yahagi, Takeru Ooyama : Tomoaki Maeno, Azuki Shinatsu, Chacha Akaza",
Azure Nihon Data Center,,Web  ,1.0,,,Promotional,2.93,2014.0,,No synopsis yet - check back soon!,,,,"Claudia Madobe : Eri Kitamura, Ruri Azumi : Kanae Itou",
livetune: DECORATOR,,Music,,,,"Dancing, Vocaloid, CG Animation",2.93,2014.0,,No synopsis yet - check back soon!,,,,"Wakamurap
Director, Livetune
Producer","Wakamurap : Director, Livetune : Producer"
White Fantasy,,Web  ,1.0,,,"Fantasy, Sports, Promotional, Shorts",2.92,2014.0,,No synopsis yet - check back soon!,,,,"Boy, Girl, Mascot, Rabbit Machine
Director, Carpainter
Music, Inio Asano
Character Design","Rabbit Machine : Director, Carpainter : Music, Inio Asano : Character Design"
Parallel,,Web  ,1.0,,,"Black and White, Outer Space, Shorts",2.92,2014.0,,No synopsis yet - check back soon!,,,,"Densuke28
Director",Densuke28 : Director
Atama wa Tsukaiyou. Card mo Tsukaiyou.,,Other,,,,"Comedy, Commercials, Promotional",2.92,2014.0,,No synopsis yet - check back soon!,,,,,
Miss Monochrome: Supporter, Miss Monochrome: The Animation - Soccer-hen,Web  ,1.0,LIDEN FILMS,Spring,"Comedy, Slice of Life, Androids, Idols, Music, Non-Human Protagonists, Robots, Showbiz, Vocaloid, Original Work",2.92,2014.0,,No synopsis yet - check back soon!,,,"Miss Monochrome, Miss Monochrome: Manager, Miss Monochrome 2, Miss Monochrome 3","Monochrome : Yui Horie, Maneo : Keiji Fujiwara, Ru-Chan, Wooser, Yui Horie
Original Character Design",Yui Horie : Original Character Design
Strange+ Special,,DVD S,,Seven,,"Comedy, Josei, Detectives, Based on a Manga",2.92,2014.0,,No synopsis yet - check back soon!,,Strange+,"Sin Strange+ Special, Strange+, Sin Strange+","Verno Mikawa
Original Creator",Verno Mikawa : Original Creator
Ano Soshiki (Furusato Tottori-ken Teijuu Kikou) CM: Suihei-hen - Tottori U-turn!!,,Other,,,,"Sports, Commercials, Promotional, Short Episodes, Swimming",2.92,2014.0,2015.0,"The swimmer leaves Tottori to compete, but does a ""Tottori U-turn"" to return to his home prefecture and find a job. To aid in the process, the ad points viewers towards a job placement agency.",,,,,
Hamaneko,,Other,,,,Slice of Life,2.92,2014.0,,No synopsis yet - check back soon!,,,,,
Sukui Agete Kurenai ka,,Web  ,1.0,,,"Shorts, Original Work",2.92,2014.0,,No synopsis yet - check back soon!,,,,,
Ane Log,,OVA  ,3.0,Brain's Base,,"Comedy, Romance, Shounen, Slice of Life, Brother Complex, School Life, Siblings, Based on a Manga",2.91,2014.0,2015.0,"Kids say the darndest things, and in Moyako's opinion, her brother says the strangest things of all! An innocent childhood declaration that he'd one day marry her has convinced Moyako that her brother will grow up to be a total perv, and now she reads the worst into their every interaction. Surely it's a big sister's job to rehabilitate her little brother, right? Only Moyako might not be up to the task, because she's the one turning otherwise innocent situations into perverted scenarios!",,Ane Log,"Ane Log: Moyako Nee-san no Honpen wo Tobidashite Tomaranai Monologue, Ane Log: Moyako Nee-san no Honpen wo Tobidashite Tomaranai Monologue Specials","Akira Konoe : Takahiro Mizushima, Kasumi Kurose : Satomi Akesaka, Moyako Konoe : Ami Koshimizu, Brisa Umehira : Aoi Yuuki, Fuuka Saeki : Mariko Honda, Fubuki Juuzen : Sayaka Oohara, Narrator : Sayaka Oohara, Teacher : Yasuhiro Kikuchi, Kenji Taguchi
Original Creator, Tetsuo Ichimura
Director, Eriko Itou
Character Design","Kenji Taguchi : Original Creator, Tetsuo Ichimura : Director, Eriko Itou : Character Design"
White Album 2 Picture Drama,,DVD S,,SATELIGHT,,Picture Drama,2.91,2014.0,,No synopsis yet - check back soon!,,White Album,"White Album, White Album 2nd Season, White Album 2","Kazusa Touma, Setsuna Ogiso",
Suntory CM,,Other,,,,"Slice of Life, Commercials, Europe, Food and Beverage, Promotional, Short Episodes, The Great Outdoors",2.9,2014.0,,No synopsis yet - check back soon!,,,,,
AOKI & Taka no Tsume, AOKI & Eagle Talon,Web  ,7.0,DLE,,"Comedy, Promotional, Short Episodes, Work Life, Flash Animation",2.9,2014.0,2015.0,No synopsis yet - check back soon!,,,,"Soutou, Yoshida, Creepy Kid, Doctor Leonardo, Phillip",
Sin Strange+,,TV   ,12.0,Seven,Summer,"Comedy, Josei, Slice of Life, Detectives, Short Episodes, Based on a Manga",2.9,2014.0,,Second season of Strange+.,,Strange+,"Strange+ Special, Sin Strange+ Special, Strange+","Kou : Tomokazu Seki, Masamune : Ryotaro Okiayu, Miwa : Satsuki Yukino, Takumi : Jun Fukuyama, Dorothy : Taeko Kawata, Hanei : Kensho Ono, Kanno : Kaito Ishikawa, Kaori : Wataru Hatano, Verno Mikawa
Original Creator, Hiroyuki Furukawa
Director & Character Design, G-Angle
Music, Gorou Shinjuku
Producer, Hitomi Nishioka
Producer, Ryou Tanabe
Producer, Taku Horie
Producer","Verno Mikawa : Original Creator, Hiroyuki Furukawa : Director & Character Design, G-Angle : Music, Gorou Shinjuku : Producer, Hitomi Nishioka : Producer, Ryou Tanabe : Producer, Taku Horie : Producer"
SoniAni: Super Sonico The Animation,,TV   ,12.0,WHITE FOX,Winter,"Comedy, Ecchi, Slice of Life, Music",2.9,2014.0,,"Sonico is one busy girl! Between her modeling career, college classes, and performing in a rock band, Sonico takes life one gig at time. With the help of her bandmates and manager, Sonico is always ready with a smile and a song.",,Super Sonico no Fuben na Nichijou,"Puella Magi Sonico Magica, Ultrasonico","Super Sonico : Ayano Yamamoto, Fuuri Watanuki : Mami Ozaki, Kitamura : Ryouta Takeuchi, Reira : Kikuko Inoue, Suzu Fujimi : Mai Goto, Adachi : Asami Yano, Ajitama, Ako : Kanae Oki, Kenichi Kawamura
Director, Gou Sakabe
Music, Masafumi Tamura
Character Design, Nobuhiro Oosawa
Producer, Gaku Iwasa
Producer, Kazuyoshi Fukuba
Producer, Yoshinao Doi
Producer, Yoshio Usuda
Key Animator","Kenichi Kawamura : Director, Gou Sakabe : Music, Masafumi Tamura : Character Design, Nobuhiro Oosawa : Producer, Gaku Iwasa : Producer, Kazuyoshi Fukuba : Producer, Yoshinao Doi : Producer, Yoshio Usuda : Key Animator"
Step Up Love Story (2014), Futari Ecchi (2014),OVA  ,3.0,Ashi Productions,,"Comedy, Ecchi, Seinen, Christmas, Based on a Manga, Explicit Sex",2.9,2014.0,,The story will revolve around Makoto and Yura's first Christmas together after they have gotten married and had sex for the first time.,Explicit Sex,"Futari Ecchi Short Story Special, Manga Sutra, Futari Ecchi for Ladies",Step Up Love Story,"Makoto Onoda : Yuuichi Nakamura, Yura Onoda : Ayumi Tsunematsu, Atsushi Kubota : Takao Mizuno, Av Actress : Aina Yasukuni, Chiharu Kawada : Aina Yasukuni, Eisaku Satomi : Kazuhiro Sunseki, Hideki Kawada : Ken Mizukoshi, Hisao Tsutsumi : Youji Ueda, Aki Katsu
Original Creator, Tetsurou Amino
Director, Toshihide Masudate
Character Design","Aki Katsu : Original Creator, Tetsurou Amino : Director, Toshihide Masudate : Character Design"
Black Bullet Special,,DVD S,,Kinema Citrus,,"Fantasy, Magical Girl, Henshin Heroes, Magic, Promotional",2.9,2014.0,,No synopsis yet - check back soon!,,"Black Bullet (Light Novel), Black Bullet",Black Bullet,,
Daimidaler: Prince vs. Penguin Empire Specials, Kenzen Robo Daimidaler Specials,DVD S,,TNK,,"Comedy, Ecchi, Mecha, Seinen, Based on a Manga, Nudity,, Sexual Content",2.89,2014.0,,No synopsis yet - check back soon!,"Nudity,, Sexual Content",,Daimidaler: Prince vs. Penguin Empire,"Kiriko Kiyuna, Kouichi Madanbashi, Kyouko Sonan, Moriko Tomoyose, Sewashiko Goya, Shouma Ameku, Soriko Majikina, Kazuo Matayoshi",
HATSUNE MIKU x TETSUYA NOMURA,,Other,,,,Vocaloid,2.89,2014.0,,"A collaboration video of HATSUNE MIKU x TETSUYA NOMURA（SQUARE ENIX）was screened at the Hatsune Miku art exhibition ""Universal Positivity""@Wallplay (Oct. 9th-Oct. 19th), as a part of HATSUNE MIKU EXPO 2014 in New York.",,,,"Miku Hatsune, Tetsuya Nomura
Director",Tetsuya Nomura : Director
Back Drop Bomb: Never Shined,,Music,,,,Abstract,2.89,2014.0,,No synopsis yet - check back soon!,,,,"Back Drop Bomb
Music",Back Drop Bomb : Music
Kana Kana Kazoku: Rika in Wonderland,,Web  ,1.0,DLE,,"Comedy, Promotional, Tourism",2.89,2014.0,,No synopsis yet - check back soon!,,,"Kana Kana Kazoku, Kana Kana Kazoku: Shinnen no Goaisatsu","Rika-Chan, Kanabo, Ken, Rika'S Grandmother, Rika'S Mother",
World Fool News,,TV   ,12.0,CoMix Wave Films,Spring,"Comedy, Coworkers, Journalism, Short Episodes, Work Life",2.89,2014.0,,"Takahashi is transferred to a main anchor of a news program, which is known for being a little...weird. This is a comedy about somewhat ridiculous happenings occurring at a broadcasting station.",,,"World Fool News (2013), World Fool News Part II","Ichitaro Takahashi : Hiroshi Noda, Kanae Shimohira : Rin Hagiwara, Daisuke Maruyama, Miki Honjou : Miho Satou, Takahito Usui, Akira Murakami, Gonsuke, Goshogawara, Yuma Yumaguchi
Music, Tomohiro Ogawa
Producer","Yuma Yumaguchi : Music, Tomohiro Ogawa : Producer"
Space Shower TV: Anison Nippon ID,,Other,,,,"Sci Fi, Animal Protagonists, Anthropomorphic, Cats, No Dialogue, Non-Human Protagonists, Promotional, Station Identifications",2.89,2014.0,,"A station identification animation for Space Shower TV, directed by Rapparu.",,,,"Rapparu
Director",Rapparu : Director
40meterP: Crouching Start,,Music,,,,"Romance, School Life, Vocaloid",2.89,2014.0,,No synopsis yet - check back soon!,,,40meterP: Going My Way,"Gumi, Gumi'S Friend, Gumi'S Crush, 40Meterp
Producer",40Meterp : Producer
A crow is white: Himitsu Spark,,Music,,,,Fantasy,2.89,2014.0,,"The official music video for Himitsu Spark from the album HIMITSU, by A crow is white.",,,,"Girl, Wataru Uekusa
Director, A Crow Is White
Music","Wataru Uekusa : Director, A Crow Is White : Music"
ANDRIVEBOiz: Melancholic Shoegazer,,Music,,,,Vocaloid,2.88,2014.0,,No synopsis yet - check back soon!,,,,"Flower, Andriveboiz
Producer",Andriveboiz : Producer
Through the Windows,,Movie,,,,"Abstract, No Dialogue, Shorts, Original Work",2.88,2014.0,,"The gaze of a woman from a window to windows leads to a recollection of the various scenes. The metamorphosed windows transfer, expand, reflect, conserve, and sometimes shine like a lighthouse.",,,,"Miyo Sato
Director, Ryo Moriwaki
Music, Koji Yamamura
Producer","Miyo Sato : Director, Ryo Moriwaki : Music, Koji Yamamura : Producer"
Nyanpuku Nyaruma,,TV   ,18.0,Kachidoki Studio,Summer,"Comedy, Animal Protagonists, Cats, Family Friendly, Non-Human Protagonists, Short Episodes",2.87,2014.0,2015.0,No synopsis yet - check back soon!,,,,"Takeshi Onaka
Director & Character Design",Takeshi Onaka : Director & Character Design
Master of Torque,,Web  ,4.0,Simogumi,Winter,"Motorcycles, Promotional, Racing, Short Episodes, CG Animation",2.87,2014.0,,The series chronicles the exploits of three young motorcyclists riding through a semi-fictional Tokyo in the near-future.,,,"Master of Torque 2, Four Seasons: Fuuka to Nanami, Master of Torque 3, Master of Torque Epilogue","Dan Amo : Hirofumi Nojima, Koutarou Hyuga : Seirou Ogino, Makina Mikage : Atsuko Enomoto, Mitsukuni Hyuga : Osamu Mukai, Sanae Torimi : Kaori Mine",
Meisou! Underworld, Wander! Underworld,Web  ,1.0,Pierrot,Spring,"Action, Seinen, Demons, Shorts, Supernatural, Based on a Manga, Violence",2.86,2014.0,,"Seita dies after dozing off behind the wheel and wakes up in the underworld. However, the prize that a demon extracts from him is part of his body.",Violence,Meisou! Underworld,,"Seita : Ryouta Oosaka, Yoru : Sayuri Yahagi, Motoi Tanaka
Original Creator, Shin Matsuo
Director, Katsuya Yamada
Animation Director & Character Design, Takashi Nakamura
Art Director, Takahiro Tanaka
Key Animator","Motoi Tanaka : Original Creator, Shin Matsuo : Director, Katsuya Yamada : Animation Director & Character Design, Takashi Nakamura : Art Director, Takahiro Tanaka : Key Animator"
Dragon Collection,,TV   ,51.0,OLM,Spring,"Fantasy, Short Episodes, Based on a Card Game",2.86,2014.0,2015.0,"Through an unexpected turn of events, an ordinary elementary school student, Hiro Enryu, finds himself in the world of the ""Dragon Collection"" game. This is a world called Dragon Earth, where gods, humans, and monsters exist side by side. Those who roam this world using a magic book, called a Grimoire, and cards to summon monsters and search for treasures that bear the powers of dragons are called Dracolle Battlers. Despite his bewilderment, Hiro becomes a Dracolle Battler and, together with the friends he meets there, begins his adventure to become a legendary ""Dragon Master!”",,,,"Hiro Enryu : Haruna Sakurai, Papi : Misato Fukuen, Rei : Hiroshi Okamoto, Shin : Aki Kanada, Hanicchi : Ryou Hirohashi, Koppu : Yoshiki Nakajima, Meatmania : Tetsu Inada, Zakko : Natsuki Hanae, Keiichirou Kawaguchi
Director, Masashi Sogo
Series Composition, Tatsuya Yoshihara
Character Design","Keiichirou Kawaguchi : Director, Masashi Sogo : Series Composition, Tatsuya Yoshihara : Character Design"
Santa Company,,Movie,,Kenji Studio,,"Adventure, Fantasy, Christmas, Magic, Original Work",2.86,2014.0,,"Noel is a girl who has just joined a mysterious company, Santa Company. She takes an exam to be an official tonttu who assists Santa Clauses. In such a big moment, a letter arrives late at Santa Company.  When the letter is about to be categorized as “flawed,” which means a child can’t receive a Christmas gift, Noel, her three friends and one reindeer start off an adventure over the gift.",,,Santa Company: Christmas no Himitsu,"Bell Crystal : Yuuki Kaji, Mint Rondo : Haruka Tomatsu, Noel White : Ayumi Fujimura, Thomas Dou : Rie Kugimiya, Nazo No Tenshu : Minoru Inaba, Nicola White : Hiroki Touchi, Pedro Rondo : Takahiro Sakurai, Rudolph Iii : Yuichi Karasuma, Kenji Itoso
Producer & Director & Original Creator, Yuusuke Itagaki
Music, Hiroki Harada
Character Design","Kenji Itoso : Producer & Director & Original Creator, Yuusuke Itagaki : Music, Hiroki Harada : Character Design"
40meterP: Rakugaki Picasso, Rakugaki Picasso,Music,,,,Vocaloid,2.86,2014.0,,No synopsis yet - check back soon!,,,,"Miku Hatsune, Kenshiro Morii
Director, 40Meterp
Producer","Kenshiro Morii : Director, 40Meterp : Producer"
Ane Log: Moyako Nee-san no Honpen wo Tobidashite Tomaranai Monologue,,OVA  ,6.0,,,"Shounen, Brother Complex, Short Episodes, Based on a Manga, Flash Animation",2.86,2014.0,,No synopsis yet - check back soon!,,Ane Log,"Ane Log: Moyako Nee-san no Honpen wo Tobidashite Tomaranai Monologue Specials, Ane Log","Akira Konoe : Takahiro Mizushima, Kasumi Kurose : Satomi Akesaka, Moyako Konoe : Ami Koshimizu, Kenji Taguchi
Original Creator",Kenji Taguchi : Original Creator
Nomura Securities x Taka no Tsume: NISA! CM, Nomura Securities x Eagle Talon: NISA! CM,Other,,DLE,,"Commercials, Promotional, Short Episodes, Flash Animation",2.86,2014.0,2016.0,No synopsis yet - check back soon!,,,"Nomura Securities x Taka no Tsume: NISA no Mura, Nomura Securities x Taka no Tsume: Okkanee Hanashi","Soutou, Yoshida, Creepy Kid, Doctor Leonardo, Phillip",
Pinocchio-P: E no Umakatta Tomodachi, Pinocchio-P: My Friend Who Was Good at Drawing,Music,,,,"Art, Vocaloid",2.85,2014.0,,No synopsis yet - check back soon!,,,,"Miku Hatsune, Kenshiro Morii
Director, Pinocchio-P
Producer","Kenshiro Morii : Director, Pinocchio-P : Producer"
Little Yeyos, Xiao Yeyou,Web  ,1.0,Light Chaser Animation,,"Comedy, Fantasy, Chinese Animation, Family Friendly, No Dialogue, Shorts, CG Animation",2.85,2014.0,,"Little Yeyos are seven little spirits living in the mythological Chinese spirit world who wander about only at night. The little intern is always the one who gets ignored and taunted, including today, when he gets kicked out of bed by the female Yeyo to turn off the alarm clock. But the discovery of a mysterious dot of light changes things...if only for a little while.",,,,,
Okitegami Kyouko no Bibouroku x Monogatari,,Web  ,1.0,SHAFT,,"Commercials, Crossover, Promotional",2.85,2014.0,,A short promotional video cross-promoting Monogatari and Okitegami Kyouko no Bibouroku.,,"Boukyaku Tantei Series (Light Novel), Okitegami Kyouko no Bibouroku",,"Kyouko Okitegami, Nisioisin
Original Creator & Screenplay, Yukihiro Miyamoto
Director, Akiyuki Simbo
Storyboard, Hajime Ueda
Key Animator, Akio Watanabe
Key Animator","Nisioisin : Original Creator & Screenplay, Yukihiro Miyamoto : Director, Akiyuki Simbo : Storyboard, Hajime Ueda : Key Animator, Akio Watanabe : Key Animator"
Miss Monochrome: Watashi dake no Monogatari,,Music,,,,"Androids, Non-Human Protagonists, Robots, Vocaloid, CG Animation",2.84,2014.0,,No synopsis yet - check back soon!,,,,Monochrome : Yui Horie,
Love & Gift: Nostalgic Happiness,,Web  ,1.0,,,"Slice of Life, Cafe, Shorts",2.84,2014.0,,No synopsis yet - check back soon!,,,,"Yuutarou Kubo
Director, Miki Sakurai
Music","Yuutarou Kubo : Director, Miki Sakurai : Music"
Minarai Diva,,TV   ,10.0,Yaoyorozu,Summer,"Idols, Music, CG Animation, Original Work",2.84,2014.0,,No synopsis yet - check back soon!,,,,"Ruri Aoi : Rie Murakawa, Ui Harune : Nozomi Yamamoto, Gobou : Hisanori Yoshida, Accel : Hisanori Yoshida, Kotaro Ishidate
Director, Junichi Inoue
Music, Shingo Adachi
Character Design","Kotaro Ishidate : Director, Junichi Inoue : Music, Shingo Adachi : Character Design"
Ai Tenchi Muyo!,,TV   ,50.0,AIC PLUS+,Fall ,"Comedy, School Life, Short Episodes, Teaching, Original Work",2.84,2014.0,,"Thanks to Washu, the universe has been thrown into chaos and it’s up to Tenchi to clean up the mess. But to do so he’s going undercover as a teacher—at an all-girl’s school! What awaits him beyond the attention of cute girls at this not-so-ordinary school? And will he be able to balance timelines and trouble that come with this latest adventure?",,Ai Tenchi Muyo!,"Tenchi Muyo! Ryo-Ohki, Ai Tenchi Muyo! Recaps","Beni Kinojou : You Taichi, Momo Kawanagare : Nao Touyama, Tenchi Masaki : Masami Kikuchi, Aoi Rui : Rui Tanabe, Ayeka Jurai : Haruhi Nanao, Hachiko : Kana Yuuki, Hana Saryuu : M.A.O., Mihoshi Kuramitsu : Yuuko Mizutani, Hiroshi Negishi
Director & Series Composition, Suzuhito Yasuda
Character Design, Hiroaki Inoue
Producer, Shunsuke Nara
Producer","Hiroshi Negishi : Director & Series Composition, Suzuhito Yasuda : Character Design, Hiroaki Inoue : Producer, Shunsuke Nara : Producer"
Majin Bone,,TV   ,52.0,Toei Animation,Spring,"Action, Sci Fi, Shounen, Based on a Card Game",2.83,2014.0,2015.0,"Now, in the modern age, the creator of the unvierse, Majin, has revived suddenly. At the same time, visitors from the darkness have descended to Earth. As danger nears the Earth, three men pursue a young boy. “Is he a match? Could he really be humanity's last hope?""",,,,"Antonio : Hiroyuki Yoshino, Gilbert : Yuuko Sanpei, Luke : Shinnosuke Tachibana, Saho Shimatani : Eri Sendai, Shougo Ryuujin : Kenn, Tyrone : Hiroki Yasumoto, Revolt : Hikaru Midorikawa, Corvus : Sota Arai, Konousuke Uda
Director, Takatsugu Wakabayashi
Music, Ryo Onishi
Character Design, Takashi Washio
Producer, Makoto Furukawa
Producer, Yousuke Takabayashi
Producer","Konousuke Uda : Director, Takatsugu Wakabayashi : Music, Ryo Onishi : Character Design, Takashi Washio : Producer, Makoto Furukawa : Producer, Yousuke Takabayashi : Producer"
Yamaki x Taka no Tsume: Katsuobushi Kezutte Kezutte Daisakusen, Yamaki x Eagle Talon: Katsuobushi Kezutte Kezutte Daisakusen,Web  ,1.0,DLE,,"Comedy, Crossover, Food and Beverage, Promotional, Flash Animation",2.82,2014.0,,No synopsis yet - check back soon!,,,"Yamaki x Taka no Tsume: Yoshida Kantoku CM, Yamaki x Taka no Tsume: Fuwatto Fuwatto Daisakusen Prologue, Yamaki x Taka no Tsume: Fuwatto Fuwatto Daisakusen, Yamaki x Taka no Tsume Daisakusen Prologue, Yamaki x Taka no Tsume Daisakusen","Yamaki, Yoshida, Creepy Kid, Doctor Leonardo, Phillip, Soutou",
Moonrakers,,Web  ,1.0,Pierrot,Spring,"Drama, Sci Fi, Outer Space, Shorts, Based on a Manga",2.81,2014.0,,"An accident leaves Taishi stranded on the lunar surface, unable to return to Earth. A girl helps him in his despair, but he is oblivious to her true identity.",,Moonrakers,,"Luna : Rumi Ookubo, Taishi Takeishi : Kazuyuki Okitsu, Seiji Ebina
Original Creator, Noriyuki Abe
Director, Takahiro Tanaka
Animation Director & Character Design","Seiji Ebina : Original Creator, Noriyuki Abe : Director, Takahiro Tanaka : Animation Director & Character Design"
Suiyoubi no Campanella: Momotarou,,Music,,,,Japanese Mythology,2.81,2014.0,,"Official music video for the song Momotarou, by Suiyoubi no Campanella.",,,,"Suiyoubi No Campanella
Music",Suiyoubi No Campanella : Music
DECO*27: Mono Poisoner, Mono Poisoner,Music,,,,Vocaloid,2.81,2014.0,,No synopsis yet - check back soon!,,,,"Yuma Saito
Director, Deco*27
Producer","Yuma Saito : Director, Deco*27 : Producer"
Late Night Sucre,,Music,,,,Vocaloid,2.81,2014.0,,No synopsis yet - check back soon!,,,,"Monaca:Factory
Producer, K_Zero+A
Producer","Monaca:Factory : Producer, K_Zero+A : Producer"
Kamiusagi Rope & Taka no Tsume Collab Eizou-hen, Kamiusagi Rope & Eagle Talon Collab Eizou-hen,Web  ,1.0,,,"Comedy, Animal Protagonists, Anthropomorphic, Crossover, Non-Human Protagonists, Parody, Rabbits, Shorts, Superheroes",2.81,2014.0,,No synopsis yet - check back soon!,,,,"Akira, Rope",
Bottom Biting Bug 3, Oshiri Kajiri Mushi 3,TV   ,10.0,Kinema Citrus,Fall ,"Comedy, Animal Protagonists, Anthropomorphic, Family Friendly, Insects, Non-Human Protagonists, Short Episodes",2.81,2014.0,,Third season of Bottom Biting Bug.,,,"Bottom Biting Bug, Bottom Biting Bug 2, Bottom Biting Bug 4","Bottom Biting Bug : Tomoko Kaneda, Bottom Biting Bug'S Father : Yasuhiko Tokuyama, Bottom Biting Bug'S Grandfather, Bottom Biting Bug'S Mother : Kimiko Saitou, Capline : Megumi Han, Fatton : Takuma Suzuki, Gabuya : Naoya Uchida, Pakkun : Mariya Ise, Masatsugu Arakawa
Director, Masayuki Kojima
Director","Masatsugu Arakawa : Director, Masayuki Kojima : Director"
Momon's Sand Witch Bangai-hen: Tanu no Kyuujitsu,,Web  ,1.0,,,"Comedy, Shorts",2.8,2014.0,,No synopsis yet - check back soon!,,,"Ikeike! Momon-chan, Tanu no Magical Holiday, Momon's Sand Witch Episode Zero, Momon's Sand Witch","Momon-Chan, Tanu",
emon(Tes.): Bake-rabu~tsu, Bake-rabu~tsu,Music,,,,Vocaloid,2.79,2014.0,,No synopsis yet - check back soon!,,,,"Emon(Tes.)
Producer",Emon(Tes.) : Producer
Himegoto,,TV   ,13.0,Asahi Production,Summer,"Comedy, Seinen, Crossdressing, Lifestyle Change, School Life, Short Episodes, Based on a Manga",2.79,2014.0,,"The story follows Hime Arikawa, whose absent parents have left with saddled with a huge debt. After being saved from debt collectors by three girls on the student council, in exchange for paying off his debt, he agrees to spend the rest of his high school career dressed as a girl.",,"Himegoto, Himegoto Comic Anthology",,"18+ : Yuka Saotome, Albertina Ii : Hisako Toujou, Hime Arikawa : Yuuki Kuwahara, Unko : Saki Ono, Hiro : Azusa Tadokoro, Kaguya Arikawa : Chinatsu Akasaki, Mitsunaga Oda : Ayane Sakura, Number 1 : Minami Tsuda, Norio Tsukudani
Original Creator, Yuuji Yanase
Director, Masaaki Sakurai
Character Design, Ken Satou
Producer","Norio Tsukudani : Original Creator, Yuuji Yanase : Director, Masaaki Sakurai : Character Design, Ken Satou : Producer"
Shugo Tokumaru: Poker,,Music,,,,"Abstract, Music",2.79,2014.0,,No synopsis yet - check back soon!,,,,"Mirai Mizue
Director, Shugo Tokumaru
Music","Mirai Mizue : Director, Shugo Tokumaru : Music"
Insufficient Direction, Kantoku Fuyuki Todoki,TV   ,13.0,DLE,Spring,"Comedy, Slice of Life, Autobiographies, Married Life, Otaku Culture, Short Episodes, Based on a Manga",2.78,2014.0,,"The everyday lives of mangaka ""Rompers"" and her husband ""Director-kun,"" also known as ""one of four kings of otaku of Japan."" Learning to be an ""ota-wife"" is never an easy job for Rompers.",,Insufficient Direction,,"Director-Kun : Kouichi Yamadera, Rompers : Megumi Hayashibara, Director-Kun'S Father, Director-Kun'S Mother, Director Of This Flash Anime, Endo, Frogman, Ken Nishida, Moyoco Anno
Original Creator, Azuma Tani
Director, Hidenori Kawai
Producer","Moyoco Anno : Original Creator, Azuma Tani : Director, Hidenori Kawai : Producer"
OSTER project: Gan Gan Ganba Link!!,,Music,,,,"Crude, Vocaloid, Sexual Content",2.78,2014.0,,No synopsis yet - check back soon!,Sexual Content,,,"Gakupo Kamui, Kaito, Kiyoteru Hiyama, Len Kagamine, Oster Project
Producer",Oster Project : Producer
Oh Dear, Arara,Movie,,,,"Fantasy, Shorts, Original Work",2.77,2014.0,,Naoko had a fight with her brother over a trivial thing and pushed him away. She knew she was childish but she ran away home.,,,,"Naoko, Megumi Ishitani
Director, Masashi Nukata
Music, Mitsuko Okamoto
Producer","Megumi Ishitani : Director, Masashi Nukata : Music, Mitsuko Okamoto : Producer"
Selector Infected WIXOSS Specials, Selector Infected WIXOSS: Midoriko-san to Piruruku-tan,DVD S,,J.C.Staff,,"Comedy, Picture Drama, Based on a Card Game",2.77,2014.0,,No synopsis yet - check back soon!,,"Selector Infected WIXOSS: Re/verse, Selector Infected WIXOSS: Peeping Analyze, Selector Infected WIXOSS: Mayu no Oheya, Selector Stirred Wixoss","Selector Infected WIXOSS, Selector Spread WIXOSS, Selector Destructed WIXOSS, Lostorage Incited WIXOSS, Lostorage Conflated WIXOSS: Missing Link, Lostorage Conflated WIXOSS","Ruuko Kominato : Ai Kakuma, Hitoe Uemura : Ai Kayano, Midoriko : Minami Takahashi, Piriluk : Saori Oonishi, Tama : Misaki Kuno, Yuzuki Kurebayashi : Ayane Sakura, Akira Aoi, Hanayo",
Glasslip,,TV   ,13.0,P.A. WORKS,Summer,"Drama, Romance, Slice of Life, Coming of Age, Supernatural, Original Work",2.77,2014.0,,"Glasslip follows the story of Touko Fukami, an aspiring glass-blower whose family runs a glass-working business. During the summer, she and her four friends meet a transfer student, Kakeru Okikura, who claims that a voice from the future lead him to Touko. His arrival sets off a chain of events for the six of them that will make their final summer together full of hope and heartache.",,"Hina's Lip, Glasslip (Light Novel)",,"Hiro Shirosaki : Daiki Yamashita, Kakeru Okikura : Ryouta Oosaka, Sachi Nagamiya : Risa Taneda, Touko Fukami : Seria Fukagawa, Yanagi Takayama : Saori Hayami, Yukinari Imi : Nobunaga Shimazaki, Hina Fukami : Nao Touyama, Ken Fukami : Hiroyuki Kinoshita, Junji Nishimura
Director, Akito Matsuda
Music, Miki Takeshita
Character Design, Yousuke Wada
Producer, Yasushi Ooshima
Producer, Kenji Horikawa
Producer, Takema Okamura
Producer, Fuminori Yamazaki
Producer","Junji Nishimura : Director, Akito Matsuda : Music, Miki Takeshita : Character Design, Yousuke Wada : Producer, Yasushi Ooshima : Producer, Kenji Horikawa : Producer, Takema Okamura : Producer, Fuminori Yamazaki : Producer"
Luigi's Toy Adventure,,Web  ,1.0,,,"Promotional, Shorts, Stop Motion Animation",2.77,2014.0,,No synopsis yet - check back soon!,,,Super Mario World: Mario to Yoshi no Bouken Land,"Luigi, Mario",
Kana Kana Kazoku x Himitsukessha Taka no Tsume Collaboration Movie, Kana Kana Kazoku x Eagle Talon Collaboration Movie,Web  ,1.0,DLE,,"Comedy, Crossover, Parody, Superheroes, Flash Animation",2.76,2014.0,,No synopsis yet - check back soon!,,,,"Kanabo, Rika-Chan, Soutou, Yoshida",
"Wake Up, Girls Zoo!",,Web  ,10.0,Ordet,Fall ,"Comedy, Chibi, Short Episodes, Zoo",2.76,2014.0,2015.0,"Facing the imminent demise of a small zoo in northeastern Japan, the facility's head zookeeper Tange orders breeder Matsuda to scout out a new animal unit. Can the actions of these assembled seven creatures bring back the zoo from the brink?",,"Gekijouban Wake Up, Girls!: Shichinin no Idol, Wake Up, Girls!","Wake Up, Girls! Seven Idols, Wake Up, Girls!, Wake Up, Girls! Movie 1: The Shadow of Youth, Wake Up, Girls! Movie 2: Beyond the Bottom, Wake Up, Girl Zoo! Miyagi PR de Go!, Wake Up, Girl Zoo! Taiwan de Go!, Wake Up, Girls! New Chapter","Airi Hayashida : Airi Eino, Kaya Kikuma : Kaya Okuno, Mayu Shimada : Mayu Yoshioka, Minami Katayama : Minami Tanaka, Miyu Okamoto : Miyuu Takagi, Nanami Hisami : Nanami Yamashita, Yoshino Nanase : Yoshino Aoyama, Junko Tange : Noriko Hidaka, Kenshiro Morii
Director, Seiya Miyajima
Character Design","Kenshiro Morii : Director, Seiya Miyajima : Character Design"
the dresscodes: Anime Mitai na,,Music,,,,"Action, Sci Fi, Hand to Hand Combat, CG Animation",2.76,2014.0,,No synopsis yet - check back soon!,,,,"The Dresscodes
Music, Asumiko Nakamura
Character Design","The Dresscodes : Music, Asumiko Nakamura : Character Design"
Nakano Harada Kekkon Kyousoukyoku,,Other,,,,Shorts,2.76,2014.0,,No synopsis yet - check back soon!,,,,"Ryou Inoue
Director",Ryou Inoue : Director
Ai Mai Mii: Mousou Catastrophe, Choboraunyopomi Gekijou Dai Ni Maku Ai Mai Mii: Mousou Catastrophe,TV   ,12.0,Seven,Summer,"Comedy, Gag, School Club, School Life, Short Episodes, Based on a 4-Koma Manga, Based on a Manga",2.76,2014.0,,"The loveable manga club girls are back! Ai, Mai, Mii, and Ponoka-senpai who might be fighting evil invaders threatening Earth, facing off against rivals in tournaments, and dealing with other absurd situations when they are not drawing manga!",,Ai Mai Mii,"Ai Mai Mii, Ai Mai Mii: Mousou Catastrophe Special, Ai Mai Mii: Surgical Friends","Ai : Yuka Ootsubo, Mai : Aya Uchida, Mii : Maaya Uchida, Ponoka : Ai Kayano, Bankegon, Chitose Sakuraba : Sayaka Nakaya, Demon, Hephaestus, Choborau Nyopomi
Original Creator, Itsuki Imazaki
Director & Character Design, Fuuga Hatori
Music","Choborau Nyopomi : Original Creator, Itsuki Imazaki : Director & Character Design, Fuuga Hatori : Music"
Samurai Jam: Bakumatsu Rock,,TV   ,12.0,Studio DEEN,Summer,"Comedy, 19th Century, Historical, Idols, Music, Rock Music, Based on a Video Game",2.76,2014.0,,"The story is set in the Bakumatsu era, at the end of the shoguns' rule over Japan in the middle of the 19th century. The Tokugawa shogunate uses the brainwashing ""Heaven's Songs"" by the top idols in Shinsengumi to subjugate the country and its people. In this Japan, writing or singing any songs besides the ""Heaven's Songs"" is a capital offense. Ryōma Sakamoto and the other rockers rise up and change the world with rock 'n' roll for freedom and justice.",,"Bakumatsu Rock: Howling Soul, Bakumatsu Rock: Shishi Ibunroku Rockers' Tales",Bakumatsu Rock: Mystery! Onsen Kaijiken ze yo!!,"Kogoro Katsura : Showtaro Morikubo, Ryoma Sakamoto : Kishou Taniyama, Shinsaku Takasugi : Tatsuhisa Suzuki, Soji Okita : Kensho Ono, Toshizo Hijikata : Toshiyuki Morikawa, Isami Kondo : Keiji Fujiwara, Kaishu Katsu : Masashi Ebara, Naosuke Ii : Hiroki Yasumoto, Itsurou Kawasaki
Director & Ed Director & Op Director & Storyboard, Tomoki Kikuya
Music, Akiharu Ishii
Character Design, Hajime Maruyama
Producer, Tomoko Takahashi
Producer, Kentarou Hattori
Producer, Rie Matsubara
Editor, Akira Takeuchi
Animation Director","Itsurou Kawasaki : Director & Ed Director & Op Director & Storyboard, Tomoki Kikuya : Music, Akiharu Ishii : Character Design, Hajime Maruyama : Producer, Tomoko Takahashi : Producer, Kentarou Hattori : Producer, Rie Matsubara : Editor, Akira Takeuchi : Animation Director"
Shukka Fuufu,,Other,,,,Shorts,2.75,2014.0,,No synopsis yet - check back soon!,,,,"Sugawara, Sugawara'S Husband, Ryou Inoue
Director",Ryou Inoue : Director
Ai Kawashima: Sora wa Koko ni Aru, Sora wa Koko ni Aru,Music,,,,"Animal Protagonists, Anthropomorphic, Non-Human Protagonists",2.74,2014.0,,"The official music video for Sora wa Koko ni Aru from the album 川嶋あい 15th Anniversary BEST, by Ai Kawashima.",,,,"Kenshiro Morii
Director, Ai Kawashima
Music","Kenshiro Morii : Director, Ai Kawashima : Music"
Blade & Soul Specials,,DVD S,,GONZO,,"Comedy, Chibi",2.74,2014.0,,No synopsis yet - check back soon!,,,Blade & Soul,"Alka : Yuki Takao, Hazuki Jin : Sora Amamiya, Karen Elle : Sayaka Oohara, Loana Dan : Ayahi Takagaki, Varrel Jin : Aoi Yuuki, Yuu : Marina Inoue, Ga Gante : Rikiya Koyama, Ran Yoo : Shizuka Itou",
Daimidaler: Prince vs. Penguin Empire, Kenzen Robo Daimidaler,TV   ,12.0,TNK,Spring,"Comedy, Ecchi, Mecha, Seinen, Parody, Based on a Manga, Nudity,, Sexual Content",2.73,2014.0,,"There is a high school boy named Madanbashi Kouichi who has Hi-ERo particles, the power source to operate the robotic weapon Daimidaler. With the help of Sonan Kyouko from the mysterious Prince Beauty Parlor organization, he stands up against the Penguin Empire that troubles humanity.","Nudity,, Sexual Content",Daimidaler The Sound Robot,Daimidaler: Prince vs. Penguin Empire Specials,"Kiriko Kiyuna : Shizuka Ishigami, Kouichi Madanbashi : Nobunaga Shimazaki, Kyouko Sonan : Youko Hikasa, Shouma Ameku : Natsuki Hanae, Kazuo Matayoshi : Takehito Koyasu, Moriko Tomoyose :  Ayaka Oohashi, Penguin Emperor : Hideyuki Hori, Seabury Rikantsu : Aya Suzaki, Asaki Nakama
Original Creator, Tetsuya Yanagisawa
Director, Junji Gotou
Character Design, Jun Fujiwara
Animation Director","Asaki Nakama : Original Creator, Tetsuya Yanagisawa : Director, Junji Gotou : Character Design, Jun Fujiwara : Animation Director"
SAY! Cho-oh Rap,,Music,,,,Educational,2.73,2014.0,,No synopsis yet - check back soon!,,,,,
40meterP: Heartbreak Monochrome, Heartbreak Monochrome,Music,,,,Vocaloid,2.73,2014.0,,No synopsis yet - check back soon!,,,,"Woman, 40Meterp
Producer",40Meterp : Producer
Horror News, Kyoufu Shinbun (2014),Web  ,16.0,Next Media Animation,Spring,"Drama, Horror, Shounen, Short Episodes, Supernatural, Based on a Manga",2.73,2014.0,,"Rei Kigata is a boy, a first year middle schooler at Ishido Middle School. He is not a believer of any paranormal phenomena such as existence of ghosts or spirits in any kind, but one day at midnight, while he is in sleep, a mysterious newspaper called “Horror News” is delivered to his room. The newspaper tells a story in which one of his teachers at the school will get killed in a car accident the following morning and Kigata will be a witness of the accident. The story turns into a fact in the following day and since then, the mysterious newspaper is delivered everyday.",,"Kigata ga Kita!: ""Kyoufu Shinbun"" yori",Horror News (1991),Rei Kigata,
Marvel Disk Wars: The Avengers,,TV   ,51.0,Toei Animation,Spring,"Action, Adventure, Sci Fi, Marvel Comics, Superheroes, Superpowers, Based on a Comic Book",2.73,2014.0,2015.0,"Portable capturing devices known as ""Disks"" were developed to capture evil villains. However, thanks to Loki's machinations, both villains and heroes are sealed up in these Disks and scattered around the world. Amid the chaos, five youths obtained the power to restore these Disks-sealed heroes through a program called ""Biocode."" These youths received five Disks that Spider-Man, who narrowly escaped being sealed himself, retrieved. Thus, these five can restore Iron Man, Captain America, Thor, Hulk, and Wasp — the Avengers!",,,Marvel Future Avengers,"Akira Akatsuki : Mitsuki Saiga, Captain America : Kazuhiro Nakaya, Chris Taylor : Yusuke Kuwahata, Edward Grant : Yayoi Sugaya, Hikaru Akatsuki : Yuuichi Iguchi, Hulk : Kenichirou Matsuda, Jessica Shannon : Naomi Oozora, Thor : Yasuyuki Kase, Toshiaki Komura
Director, Tadayoshi Yamamuro
Character Design, Masahiro Sugasawa
Producer","Toshiaki Komura : Director, Tadayoshi Yamamuro : Character Design, Masahiro Sugasawa : Producer"
Pharrell Williams: It Girl, It Girl,Music,,NAZ,,Otaku Culture,2.72,2014.0,,No synopsis yet - check back soon!,,,,"Pharrell Williams, Fantasista Utamaro
Director, Pharrell Williams
Music, Sorato Shimizu
Character Design, Takashi Murakami
Producer","Fantasista Utamaro : Director, Pharrell Williams : Music, Sorato Shimizu : Character Design, Takashi Murakami : Producer"
Gundam Reconguista in G, Gundam G no Reconguista,TV   ,26.0,Sunrise,Fall ,"Action, Drama, Mecha, Sci Fi, Animeism, Political, Original Work",2.72,2014.0,2015.0,"The new era begins! The turbulent era known as the Universal Century has ended. Now, mankind looks towards prosperity and peace in the new era known as the Regild Century (R.C.). One of the most important resources in this era is the Capital Tower - a space elevator which towers over the land connecting Earth to space. Its purpose, to transport the Photon Batteries the Earth relies on for power. It is worshiped as a holy place.Tasked with protecting the tower, one day on a practice mission, young Capital Guard cadet, Bellri Zenam is attacked by a high-performance G-Self Mobile Suit. Despite having never before encountered the G-Self, he feels a strange connection to it and its pilot, a space pirate called Aida Surugan.Little does Bellri know that he is about to uncover truths which will shake the entire Regild Century.",,Gundam: Reconguista in G,"Mobile Suit Gakuen: G-Reco Koushien, Gundam Reconguista in G: From the Past to the Future, Gundam Reconguista in G Movie 1: Go! Core Fighter, Gundam Reconguista in G Movie 2: Belry Gekishin, Gundam Reconguista in G Movie 3: Uchuu kara no Isan","Aida Surugan : Yu Shimamura, Bellri Zenam : Mark Ishii, Raraiya Monday : Yukari Fukui, Barara Peol : Mai Nakahara, Cahill Saint : Toshiyuki Morikawa, Dellensen Samatar : Tsuyoshi Koyama, Donier Tos : Shinpachi Tsuji, Gel Trimedestus Nug : Shinshuu Fuji, Yoshiyuki Tomino
Director, Yuugo Kanno
Music, Kenichi Yoshida
Character Design, Eriko Kimura
Sound Director, Toshihiro Maeda
Producer, Naohiro Ogata
Producer, Hiroyuki Kikukawa
Producer, Shingo Tamagawa
Animation Director & Key Animator","Yoshiyuki Tomino : Director, Yuugo Kanno : Music, Kenichi Yoshida : Character Design, Eriko Kimura : Sound Director, Toshihiro Maeda : Producer, Naohiro Ogata : Producer, Hiroyuki Kikukawa : Producer, Shingo Tamagawa : Animation Director & Key Animator"
Sugar Soldier,,TV   ,,Winter 2014,,"Romance, Shoujo, School Life, Short Episodes, Based on a Manga",2.71,2014.0,,"The romantic comedy centers around Makoto Kisaragi, a 15-year-old girl whose ""special ability"" is her persecution complex. She was raised well but in relative obscurity compared to her big sister, a famous model. Despite her negative personality, Makoto vowed to become popular when she entered high school, but things did not turn out quite so well for her. One day, she meets Iriya, Mr. Popular in their class, and they become friends.",,Sugar Soldier,,"Makoto Kisaragi : Inori Minase, Shun Iriya : Ryouta Oosaka, Rika Kisaragi : Ai Kayano, Uki Morinaga, Mayu Sakai
Original Creator",Mayu Sakai : Original Creator
Go! Go! 575,,TV   ,,C2C,Winter,"Slice of Life, Idols, Short Episodes, Vocaloid, Based on a Video Game",2.71,2014.0,,No synopsis yet - check back soon!,,,"Go! Go! 575: Meippai ni, Hajiketeru?","Azuki Masaoka : Yuka Ootsubo, Maccha Kobayashi : Ayaka Oohashi, Yuzu Yosano : Minako Kotobuki, Grey Cat, Takebumi Anzai
Director, Naoki Chiba
Music, Hiro Kanzaki
Character Design, Akiko Fujita
Sound Director, Noritomo Yonai
Producer","Takebumi Anzai : Director, Naoki Chiba : Music, Hiro Kanzaki : Character Design, Akiko Fujita : Sound Director, Noritomo Yonai : Producer"
Yura Yura Teikoku: Anata mo Robot ni Nareru," You Can be A Robot, Too",Music,,,,Robots,2.7,2014.0,,No synopsis yet - check back soon!,,,,"Yura Yura Teikoku
Music",Yura Yura Teikoku : Music
Bishoujo Mobage: Mobami-chan,,Other,,TRIGGER,,"Fantasy, Promotional",2.7,2014.0,,No synopsis yet - check back soon!,,,,"Mobami, Hacka Doll No. 1",
Romantica Clock,,TV Sp,,J.C.Staff,,"Comedy, Shoujo, Short Episodes, Based on a Manga",2.69,2014.0,,"14-year-old Akane is energetic and popular while her twin brother Aoi is aloof and intelligent. Despite being siblings, Akane finds herself unable to get over her jealousy of Aoi and build a relationship with him.",,Romantica Clock,,"Akane Kajiya : Ai Kayano, Aoi Kajiya : Kaito Ishikawa, Tadashi Tsujiri : Tomoaki Maeno, Karin, Yamada, Youko Maki
Original Creator",Youko Maki : Original Creator
Hacka Doll,,Web  ,2.0,TRIGGER,,"Promotional, Short Episodes",2.68,2014.0,,"Promotional videos for the Hacka Doll app. The Hacka Doll app delivered a customized feed of news for each user. The user answered some simple questions when launching the app for the first time, and then the app would filter the news that catered to the user's personal interests — boys love (BL), cosplay, anime, manga, games, light novels, voice cast members, and more. With daily use, the app automatically analyzed and learned which news articles the user read and recommended to further personalize the feed.",,Oyobi Desu ka!? Hacka Doll,Hacka Doll the Animation,"Hacka Doll No. 1 : Miyuu Takagi, Hacka Doll No. 2 : Kaya Okuno, Hacka Doll No. 3 : Nanami Yamashita, Kurami : Sarara Yashima, Ikuo Geso
Director, Kazuhiro Asou
Producer","Ikuo Geso : Director, Kazuhiro Asou : Producer"
Minion[Apocalypsis],,Web  ,1.0,,,"Fantasy, Shorts",2.68,2014.0,,No synopsis yet - check back soon!,,,,"Rabbit Machine
Director, Purikoko
Music","Rabbit Machine : Director, Purikoko : Music"
Girl Friend BETA, Girlfriend (Kari),TV   ,12.0,SILVER LINK.,Fall ,"Slice of Life, School Life, Based on a Mobile Game",2.67,2014.0,,Shiina Kokomi is a hard working but even tempered high school girl who is the lead performer in her school's rhythmic gymnastics club. The story follows her and her growing circle of friends as they support each other through the various trials and situations that comprise high school life.,,,Girl Friend Note,"Akane Sakurai : Rina Satou, Chloe Lemaire : Sakura Tange, Erena Mochizuki : Hitomi Harada, Fumio Murakami : Kaori Nazuka, Kokomi Shiina : Satomi Satou, Emi Sagara : Nao Touyama, Haruka Kazemachi : Saori Hayami, Kanata Amatsu : Kikuko Inoue, Naotaka Hayashi
Director, Kenji Kawai
Music, Noriko Tsutsumiya
Character Design, Nobuyuki Hosoya
Producer, Eiji Katou
Producer, Masakazu Nobuyama
Producer, Yuuji Yanase
Key Animator","Naotaka Hayashi : Director, Kenji Kawai : Music, Noriko Tsutsumiya : Character Design, Nobuyuki Hosoya : Producer, Eiji Katou : Producer, Masakazu Nobuyama : Producer, Yuuji Yanase : Key Animator"
Minna Atsumare! Falcom Gakuen,,TV   ,13.0,Dax Production,Winter,"Comedy, Fantasy, Shounen, Parody, Person in a Strange World, School Life, Short Episodes, Summoned Into Another World, Based on a Manga",2.67,2014.0,,"The warriors who have been warped by the rampaging power of ""justice"" have been summoned into the world of Xanadu. It's up to Dark Fakt, a former villain, and principal Lappi to reeducate these students.",,Minna Atsumare! Falcom Gakuen,"Minna Atsumare! Falcom Gakuen 3, Minna Atsumare! Falcom Gakuen SC","Adol Christin : Yuuki Kaji, Dark Fact : Kazuyuki Okitsu, Rappy : Naomi Shindou, Tio Plato : Kaori Mizuhashi, Estelle Bright : Akemi Kanda, Joshua Astray : Mitsuki Saiga, Lloyd Bannings : Tetsuya Kakihara, Olivier Lenheim : Takehito Koyasu, Daisuke Arakubo
Original Creator, Pippuya
Director, Mizuki Aoba
Character Design","Daisuke Arakubo : Original Creator, Pippuya : Director, Mizuki Aoba : Character Design"
Zombie Ehon, Zombie Diary,Web  ,1.0,,,"Comedy, No Dialogue, Zombies",2.66,2014.0,,No synopsis yet - check back soon!,,,,,
"Go! Go! 575: Meippai ni, Hajiketeru?",,DVD S,,C2C,,"Slice of Life, Music, Vocaloid, Based on a Video Game",2.66,2014.0,,No synopsis yet - check back soon!,,,Go! Go! 575,"Azuki Masaoka : Yuka Ootsubo, Koume Ono : Yuu Serizawa, Maccha Kobayashi : Ayaka Oohashi, Yuzu Yosano : Minako Kotobuki, Hiro Kanzaki
Character Design",Hiro Kanzaki : Character Design
Strange+,,TV   ,12.0,Seven,Winter,"Comedy, Josei, Slice of Life, Detectives, Short Episodes, Based on a Manga",2.65,2014.0,,"Kou is searching for his older brother Takumi, who left home and has gone missing in the city. Worried that he's in trouble, Kou decides not to go home until he's found him, only to find him all too easily. Takumi, it turns out, has become head of the Mikuni Detective Agency, and has no intention of going back home. Kou decides that if he can't make Takumi return, then he'll join the agency himself.",,Strange+,"Strange+ Special, Sin Strange+ Special, Sin Strange+","Kou : Tomokazu Seki, Masamune : Ryotaro Okiayu, Miwa : Satsuki Yukino, Takumi : Jun Fukuyama, Mikuni, Ozu : Toshiyuki Morikawa, Rusty Nail : Shoko Nagahiro, Baron Eros : Yoshirou Matsumoto, Verno Mikawa
Original Creator, Takashi Nishikawa
Director, G-Angle
Music, Hiroyuki Furukawa
Character Design, Gorou Shinjuku
Producer, Hitomi Nishioka
Producer, Ryou Tanabe
Producer, Taku Horie
Producer","Verno Mikawa : Original Creator, Takashi Nishikawa : Director, G-Angle : Music, Hiroyuki Furukawa : Character Design, Gorou Shinjuku : Producer, Hitomi Nishioka : Producer, Ryou Tanabe : Producer, Taku Horie : Producer"
Buggy Map,,Other,,,,Short Episodes,2.64,2014.0,2015.0,No synopsis yet - check back soon!,,,,"Densuke28
Director",Densuke28 : Director
Ai Mai Mii: Mousou Catastrophe Special, Choboraunyopomi Gekijou Dai Ni Maku Ai Mai Mii: Mousou Catastrophe Special,DVD S,,Seven,,"Comedy, Gag, Based on a Manga",2.64,2014.0,,No synopsis yet - check back soon!,,Ai Mai Mii,"Ai Mai Mii, Ai Mai Mii: Mousou Catastrophe, Ai Mai Mii: Surgical Friends","Ai : Yuka Ootsubo, Mai : Aya Uchida, Mii : Maaya Uchida, Ponoka : Ai Kayano, Choborau Nyopomi
Original Creator, Itsuki Imazaki
Director, Fuuga Hatori
Music","Choborau Nyopomi : Original Creator, Itsuki Imazaki : Director, Fuuga Hatori : Music"
BACK DROP BOMB: Sigh,,Music,,,,"Abstract, CG Animation",2.63,2014.0,,No synopsis yet - check back soon!,,,,"Naohiro Ukawa
Director, Back Drop Bomb
Music","Naohiro Ukawa : Director, Back Drop Bomb : Music"
Shounen Hollywood: Holly Stage for 49,,TV   ,13.0,Zexcs,Summer,"Slice of Life, Idols, Showbiz, Work Life, Based on a Novel",2.63,2014.0,,"Fifteen years ago, the legendary idol group Shonen Hollywood stole the hearts of thousands adoring fans. Their performance at the famous Hollywood Tokyo Theater is the stuff of legend, and now a new group of boys is determined to become the next generation of this famed super group. Ikuma, Kakeru, Shun, Kira, and Daiki will train day and night as they chase their dreams on the road to superstardom!",,,Shounen Hollywood: Holly Stage for 50,"Daiki Tomii : Shouta Aoi, Ikuma Amaki : Tetsuya Kakihara, Kakeru Kazami : Ryouta Oosaka, Kira Sakeki : Daiki Yamashita, Shun Maiyama : Kensho Ono, President : Daisuke Namikawa, Teshigahara Kyouichi : Masashi Nitta, Cat, Toshimasa Kuroyanagi
Director, Kei Tsuchiya
Character Design, Tomoko Kawasaki
Producer, Haruki Hayashi
Producer","Toshimasa Kuroyanagi : Director, Kei Tsuchiya : Character Design, Tomoko Kawasaki : Producer, Haruki Hayashi : Producer"
Oreca Battle,,TV   ,51.0,OLM,Spring,"Family Friendly, Proxy Battles, Short Episodes",2.62,2014.0,2015.0,"Orega Fire, the young, Oreca-loving main character. One day a mysterious treasure chest that has the power to summon monsters into this realm appears. His name is none other than Pandora. As they encounter countless battles together, the friendship between Fire and his monsters grows. However, Fire and his monsters are soon involved in a battle with the Demon King Mus who threatens the peace and harmony of the Oreca world. A never before seen Oreca Battle is about to unfold!",,,,"Fire Orega, Dakki, Data Uchiki, Gantetsu Kurata, Iwatetsu Kurata, Kaede Mayumi, Kerogon, Mayuyu, Tetsurou Amino
Director, Mami Omori
Character Design, Naohiko Furuichi
Producer","Tetsurou Amino : Director, Mami Omori : Character Design, Naohiko Furuichi : Producer"
Begon Bell Care, Shousei Shikisai Gensou,Movie,,Yamamura Animation,,"Abstract, No Dialogue, Shorts, Original Work",2.62,2014.0,,No synopsis yet - check back soon!,,,,"Koji Yamamura
Director",Koji Yamamura : Director
40meterP: Going My Way, Going My Way,Music,,,,"School Life, Vocaloid",2.61,2014.0,,No synopsis yet - check back soon!,,,40meterP: Crouching Start,"Gumi, 40Meterp
Producer",40Meterp : Producer
Hero Bank,,TV   ,51.0,8 Pan,Spring,"Action, Sci Fi, Debt, Power Suits, Tournaments, Based on a Video Game",2.61,2014.0,2015.0,Kaito Gosho is an elementary school boy has amassed a 10 billion yen debt! The only way he can pay it off is to master “Hero Gi” and win matches in a futuristic cyber sport called “Hero battle.”,,,,"Kaito Goushou : Yuuko Sanpei, Nagare Amano : Hiroshi Kamiya, Sekito Sakurada : Kaito Ishikawa, Ai Goushou : Houko Kuwashima, Fukuta Kanemaru : Kazuya Nakai, Hana Akinai : Sayuri Hara, Isshin Uminari : Yuu Kobayashi, Kana Eigyou : Misa Kobayashi, Yasutaka Yamamoto
Director",Yasutaka Yamamoto : Director
Magica Wars, Mahou Shoujo Taisen,TV   ,26.0,GAINAX,Spring,"Action, Comedy, Fantasy, Magical Girl, Henshin Heroes, Magic, Short Episodes, Based on a Video Game",2.6,2014.0,,"Based on the iOS game by DMM Games, personifies Japan's 47 prefectures. In this fantasy, ordinary girls get magical powers to fight against evils in Japan.",,,,"Ebizou : Shigeru Chiba, Ekuu, Matsuri Sengen : Yoshino Nanjou, Mebuki Konoe : Aya Uchida, Mosuke : Satomi Arai, Naruko Aoba : Miho Arakawa, Renka Ariake : Yuka Terasaki, Rin Kobari : Rie Murakawa, Ayano Ohnoki
Director, Mariko Kawamoto
Character Design, Yoshinori Asao
Producer, Rie Matsubara
Editor","Ayano Ohnoki : Director, Mariko Kawamoto : Character Design, Yoshinori Asao : Producer, Rie Matsubara : Editor"
Sugahara Shinsuke: Master Blaster,,Music,,,,"Abstract, Nudity",2.6,2014.0,,No synopsis yet - check back soon!,Nudity,,,"Sawako Kabuki
Director, Sugahara Shinsuke
Music","Sawako Kabuki : Director, Sugahara Shinsuke : Music"
Mujaki no Rakuen,,OVA  ,3.0,Office No. 8,,"Comedy, Ecchi, Seinen, Age Transformation, Panty Shots, School Life, Time Travel, Based on a Manga, Explicit Sex",2.58,2014.0,2016.0,"Shouta is a 25-year-old NEET. At his class reunion, he is mocked by all his former female classmates who've all become successful. A time-shift at the school pool throws him back in time to his 5th grade years and gives him a second chance to deal with those same classmates when they were fifth grade girls. Now he faces a dilemma: he may change his destiny or he may stay as the same loser.",Explicit Sex,"Mujaki no Rakuen, Mujaki no Rakuen Parallel",,"Konomi Harukaze : Mayuka Nomura, Shouta Handa : Yasuaki Takumi, Manatsu Kamiya : Sachie Hirai, Nako Sasaki : Nana Inoue, Rio Kaneko : Ayano Niina, Sayo : Kanami Satou, Uran
Original Creator, Takashi Nishikawa
Director, Hideki Araki
Director & Character Design, Himeko Yamamoto
Music, Ryuuichi Baba
Character Design, Masao Nakamura
Producer, Taku Horie
Producer, Junji Kamejima
Producer","Uran : Original Creator, Takashi Nishikawa : Director, Hideki Araki : Director & Character Design, Himeko Yamamoto : Music, Ryuuichi Baba : Character Design, Masao Nakamura : Producer, Taku Horie : Producer, Junji Kamejima : Producer"
Dai Shogun: Great Revolution, Fuuun Ishin Dai Shogun,TV   ,12.0,A.C.G.T,Spring,"Action, Ecchi, Mecha, Original Work, Violence",2.58,2014.0,,"In Japan where the Meiji Restoration never happened, a young man named Keiichiro has the ability to summon the might of a giant robot known as Onigami to protect Japan. Unfortunately, he must remain a virgin to use its power!",Violence,,,"Keiichirou Tokugawa : Tetsuya Kakihara, Chiharu : Yukari Tamura, Houkouin : Miyuki Sawashiro, Hyakusuke : Hideki Ogihara, Hyougo Asai : Youko Hikasa, Kiriko Hattori : Ayako Kawasumi, Kondo : Mina, Otomi : Mari Yokoo, Takashi Watanabe
Director, Dai Satou
Series Composition, Hiroya Iijima
Character Design, Yuuji Matsukura
Producer, Takashi Tachizaki
Producer, Junichirou Tamura
Producer, Tomio Yamauchi
Episode Director, Takaaki Fukuyo
Animation Director & Chief Animation Director & Chief Assistant Animation Director","Takashi Watanabe : Director, Dai Satou : Series Composition, Hiroya Iijima : Character Design, Yuuji Matsukura : Producer, Takashi Tachizaki : Producer, Junichirou Tamura : Producer, Tomio Yamauchi : Episode Director, Takaaki Fukuyo : Animation Director & Chief Animation Director & Chief Assistant Animation Director"
aaH / Hee, aaH / ii,Movie,,,,"Abstract, Black and White, No Dialogue, Shorts",2.58,2014.0,,"When the mind says aah, the body says hee. I dance around the confusion and the consensus, and my whole life is getting composed of these dances.",,,,"Shishi Yamazaki
Director & Music, Koji Yamamura
Producer","Shishi Yamazaki : Director & Music, Koji Yamamura : Producer"
Karen Senki,,Web  ,11.0,Next Media Animation,Fall ,"Action, Sci Fi, Dystopia, Robots, Short Episodes, CG Animation, Original Work",2.57,2014.0,,"In the post-apocalyptic aftermath of a war between machines and their creators, machines rule while humans exist in a state of servitude. Titular character Karen leads Resistance Group 11, an eclectic group of humans who find themselves fighting for their lives as they are hunted by the robots in each episode. Is this the end of humanity? Are they fighting a losing battle?",,,,"Karen, Eleanor, Junkshop, Seek, Touka, Xiao-Gang, Ouji Hiroi
Director & Screenplay, Kosuke Fujishima
Character Design","Ouji Hiroi : Director & Screenplay, Kosuke Fujishima : Character Design"
Peeping Life: Shinkon-chan Kansai ni Irasshai," Peeping Life: Welcome to Kansai, Newlyweds!",Web  ,1.0,CoMix Wave Films,,Anime Bancho,2.57,2014.0,,No synopsis yet - check back soon!,,,"Peeping Life, Peeping Life Specials, Peeping Life: The Perfect Emotion, Peeping Life: The Perfect Emotion Specials, Peeping Life: The Perfect Evolution Specials, Peeping Life: The Perfect Evolution, Peeping Life: The Perfect Extension, Peeping Life: The Perfect Explosion, Peeping Life: World History, Peeping Life: YouTuber-kun, Peeping Life: This is Fate!, Peeping Life: This is Fate! 2, Peeping Life x Beppu City Collaboration, Peeping Life TV: Season 1??",,
Rowdy Sumo Wrestler Matsutaro, Abarenbou Rikishi!! Matsutarou,TV   ,23.0,Toei Animation,Spring,"Comedy, Seinen, Sports, Hand to Hand Combat, Sumo Wrestling, Wrestling, Based on a Manga",2.56,2014.0,,"The story follows Matsutarou Sakaguchi, a giant roughneck man with strength far beyond ordinary people. He never uttered words like ""work hard,"" ""strive,"" and ""dream"" like the typical shonen manga protagonist. However, he is stronger than anyone and peerless in sumo wrestling. His greatest weakness is his own carefree personality. He grows into a full-fledged sumo westler.",,,,"Matsutarou Sakaguchi : Ken Matsudaira, Shin Tanaka : Kozo Shioya, Inokawa : Tetsu Inada, Nishio : Bin Shimada, Raijin Stable Master : Shin Aomori, Reiko Minami : Yuuko Mizutani, Chibi, Ei : Kimiko Saitou, Tetsuya Chiba
Original Creator, Yukio Kaizawa
Director, Tatsumi Yano
Music, Noboru Koizumi
Animation Director & Character Design & Key Animator, Kei Mizutani
Producer, Gyarmath Bogdan
Producer, Mitsuo Shindou
Key Animator","Tetsuya Chiba : Original Creator, Yukio Kaizawa : Director, Tatsumi Yano : Music, Noboru Koizumi : Animation Director & Character Design & Key Animator, Kei Mizutani : Producer, Gyarmath Bogdan : Producer, Mitsuo Shindou : Key Animator"
Ane Log: Moyako Nee-san no Honpen wo Tobidashite Tomaranai Monologue Specials,,DVD S,,,,"Shounen, Brother Complex, Picture Drama, Based on a Manga",2.55,2014.0,,No synopsis yet - check back soon!,,Ane Log,"Ane Log: Moyako Nee-san no Honpen wo Tobidashite Tomaranai Monologue, Ane Log","Akira Konoe : Takahiro Mizushima, Kasumi Kurose : Satomi Akesaka, Moyako Konoe : Ami Koshimizu",
Tanu no Magical Holiday,,Music,,,,"Animal Protagonists, Family Friendly, Non-Human Protagonists",2.53,2014.0,,No synopsis yet - check back soon!,,,"Momon's Sand Witch Bangai-hen: Tanu no Kyuujitsu, Momon's Sand Witch Episode Zero, Momon's Sand Witch",Tanu,
Majin Sentai Death Ranger: Ubawareta Pudding!,,Web  ,1.0,Studio Binzo,,"Comedy, Shorts, Stop Motion Animation",2.52,2014.0,,No synopsis yet - check back soon!,,,Ball yo Doko e Yuku,Death Ranger,
Henna Omamesan,,Other,,,,"Comedy, Promotional",2.5,2014.0,,No synopsis yet - check back soon!,,4-Koma Mameshiba Gakuen,Mameshiba,"Ken Shimura, Henna Omamesan : Ken Shimura",
Momo Kyun Sword, Momokyun Sword,TV   ,12.0,Project No.9,Summer,"Action, Ecchi, Fantasy, Demons, Japanese Mythology, Magic, Based on a Light Novel",2.5,2014.0,,"Based off the Japanese folktale ""Momotaro"", a girl named Momoko was born inside a giant peach. She was adopted by an old couple and grew up to be a voluptuous teen. Her three friends are animal Gods Inukami (dog), Sarukami (monkey), and Kijigami (pheasant); she has the ability to fuse with any of them to become a powerful magical girl. One day Momoko's village is attacked by the demon king's army who are searching for fragments of a treasure used to protect the land. After defeating the demons Momoko embarks on an journey with her animal friends to search for the ""peach fragments"" before they fall into the wrong hands.",,Momo Kyun Sword: Hoshi to Ougon no Tachi (Light Novel),,"Inugami : Wataru Hatano, Kijigami : Asami Imai, Momoko : Ayana Taketatsu, Onihime : Minami Tsuda, Sarugami : Showtaro Morikubo, Abe No Seimei, Enki : Chiaki Takahashi, Genki : Hisayoshi Suganuma, Shinsuke Yanagi
Director, Tsuyoshi Tamai
Series Composition, Yasunori Iwasaki
Music, Hiroshi Tomioka
Character Design, Koujirou Hayashi
Photography Director, Kinji Yoshimoto
Key Animator & Op Director & Storyboard, Ryouji Nakamori
Key Animator","Shinsuke Yanagi : Director, Tsuyoshi Tamai : Series Composition, Yasunori Iwasaki : Music, Hiroshi Tomioka : Character Design, Koujirou Hayashi : Photography Director, Kinji Yoshimoto : Key Animator & Op Director & Storyboard, Ryouji Nakamori : Key Animator"
Hana no Zundamaru: Junk,,Web  ,3.0,CoMix Wave Films,Winter,"Comedy, Anime Bancho, Black and White, Short Episodes",2.47,2014.0,,No synopsis yet - check back soon!,,,Hana no Zundamaru,"Shakuremaru, Zundamaru, Principal, Sayuri, Kemeko",
Peeping Life x Beppu City Collaboration,,Web  ,1.0,CoMix Wave Films,,"Comedy, Anime Bancho, Promotional, Shorts",2.45,2014.0,,No synopsis yet - check back soon!,,,"Peeping Life, Peeping Life Specials, Peeping Life: The Perfect Emotion, Peeping Life: The Perfect Emotion Specials, Peeping Life: The Perfect Evolution Specials, Peeping Life: The Perfect Evolution, Peeping Life: The Perfect Extension, Peeping Life: The Perfect Explosion, Peeping Life: World History, Peeping Life: YouTuber-kun, Peeping Life: This is Fate!, Peeping Life: This is Fate! 2, Peeping Life: Shinkon-chan Kansai ni Irasshai, Peeping Life TV: Season 1??","Detune.
Music",Detune. : Music
Ai Tenchi Muyo! Recaps,,TV Sp,,AIC PLUS+,,"Comedy, Recap, School Life, Short Episodes, Original Work",2.42,2014.0,,No synopsis yet - check back soon!,,Ai Tenchi Muyo!,Ai Tenchi Muyo!,"Beni Kinojou : You Taichi, Momo Kawanagare : Nao Touyama, Tenchi Masaki : Masami Kikuchi, Hachiko : Kana Yuuki, Hiroshi Negishi
Director, Suzuhito Yasuda
Character Design, Hiroaki Inoue
Producer","Hiroshi Negishi : Director, Suzuhito Yasuda : Character Design, Hiroaki Inoue : Producer"
Ball yo Doko e Yuku,,Web  ,1.0,Studio Binzo,,"Comedy, Shorts, Stop Motion Animation",2.41,2014.0,,No synopsis yet - check back soon!,,,Majin Sentai Death Ranger: Ubawareta Pudding!,Purple Rain,
Roll,,Web  ,1.0,,,"Cars, Shorts",2.36,2014.0,,No synopsis yet - check back soon!,,,,"Densuke28
Director",Densuke28 : Director
00:08,,Movie,,,,"Abstract, No Dialogue, Shorts",2.29,2014.0,,"This piece takes 8 seconds, and creates intervals between the frames, and then makes them bigger. It's about expansion and enlargement, not the passage of time. 8 seconds becomes that much more luxuriant.",,,,"Yuutarou Kubo
Director, Miki Sakurai
Music, Koji Yamamura
Producer","Yuutarou Kubo : Director, Miki Sakurai : Music, Koji Yamamura : Producer"
Francesca,,TV   ,24.0,Telecom Animation Film,Summer,"Comedy, Short Episodes, Supernatural, Zombies, CG Animation",2.24,2014.0,,"Exorcist works in Hokkaido to exterminate all of the zombies that have been plaguing the land. However, although she can handle the perverted Takuboku Ishikawa, she finds herself at a loss when faced with the revived Shinsengumi. Within the chaos, she finds herself having to borrow the help of undead idol Francesca and her dog Franken.",,,Hungry Zombie Francesca!!,"Exorcist : Asami Tano, Francesca : Yui Makino, Inazou Nitobe : Kenji Hamada, Takuboku Ishikawa : Noriaki Sugiyama, Toshizou Hijikata : Hiroki Takahashi, William S. Clark : Jin Urayama, Chieko Tachibana : Kanomi Izawa, Franken : Tomofumi Ikezoe, Yuuichirou Yano
Director, Hitoshi Kumagai
Director, Yasuharu Takanashi
Music, Shuuji Katayama
Music","Yuuichirou Yano : Director, Hitoshi Kumagai : Director, Yasuharu Takanashi : Music, Shuuji Katayama : Music"
The Embryo Develops into a Fetus,,Web  ,1.0,,,"Abstract, Black and White, Shorts",2.18,2014.0,,No synopsis yet - check back soon!,,,,"Mirai Mizue
Director",Mirai Mizue : Director
Shigeru,,Web  ,1.0,,,"Crude, Shorts, Nudity",2.01,2014.0,,No synopsis yet - check back soon!,Nudity,,,"Sawako Kabuki
Director",Sawako Kabuki : Director
Wonder Momo,,Web  ,5.0,Graphinica,Winter,"Action, Sci Fi, Aliens, Short Episodes, Superheroes, Based on a Video Game",1.81,2014.0,,"One day, a group of aliens planning to take over the Earth invade Tokyo. Momoko, who aspires to be an idol, gets involved in the fight in an unexpected form. Warudemon, king of the alien empire, uses various tactics to hunt down Momoko and the people around her. Momoko has decided to stand up to the Warudemon plain and simple.",,,,"Momoko Kanda : Yuka Fujiwara, Akiho Matsuo : Misaki Komatsu, Momo Kanda : Haruko Momoi, Natsuhiko Terashima : Atsushi Tamaru, Blue Acroball, Crabman : Shinya Fukumatsu, Glieger : Rob Pereyda, Glooder : Atsushi Imaruoka, Yutaka Kagawa
Director",Yutaka Kagawa : Director
Pupa,,TV   ,12.0,Studio DEEN,Winter,"Horror, Shounen, Psychological, Short Episodes, Siblings, Based on a Manga, Cannibalism,, Explicit Violence,, Mature Themes,, Physical Abuse,, Domestic Abuse",1.76,2014.0,,"When Utsutsu and Yume were young, they were physically and emotionally abused by their sadistic father; and now that they’re older, Utsutsu swears above all else that he’ll protect his little sister at any cost. So when the girl is infected with the mysterious Pupa virus, causing her to turn into a terrifying monster that eats anything around her, the boy does the only thing he can: he offers his sister his body and flesh to consume. He won’t die, for Utsutsu was also infected with the virus, giving his body the superhuman ability to regenerate from any wound, and making himself the the perfect food source for his beloved sibling. Though nefarious researchers and doctors are studying their every move, Utsutsu will do whatever he can to keep the pupa inside of his sister from emerging and killing them all.","Cannibalism,, Explicit Violence,, Mature Themes,, Physical Abuse,, Domestic Abuse",Pupa,,"Utsutsu Hasegawa : Mariya Ise, Yume Hasegawa : Ibuki Kido, Maria : Kyouko Narumi, Shiro Onijima : Kouji Yusa, Hotoki : Kenjirou Tsuda, Mitsui : Kunihiro Maeda, Sachiko Hasegawa : Mamiko Noto, Seto, Sayaka Mogi
Original Creator, Tomomi Mochizuki
Director, Kayou Konishi
Music, Yukio Kondou
Music, Maki Fujii
Character Design, Gorou Shinjuku
Producer, Atsushi Iwanami
Producer","Sayaka Mogi : Original Creator, Tomomi Mochizuki : Director, Kayou Konishi : Music, Yukio Kondou : Music, Maki Fujii : Character Design, Gorou Shinjuku : Producer, Atsushi Iwanami : Producer"
Jin Mu Shui Huo Tu,,TV   ,40.0,,,"Chinese Animation, Family Friendly",,2014.0,,No synopsis yet - check back soon!,,,,,
The Crimson Whale, Hwasan Golae,Movie,,,,"Drama, Horror, Korean Animation",,2014.0,,"In the year 2070, mankind faces a life threatening crisis due to huge earthquakes and volcanic eruptions. Korea is in a state of anarchy and Busan is swarming with refugees. Young street dealer Ha-jin has the ability to communicate with whales – a fact she keeps hidden from everyone. One day, a onearmed woman named Baek Sang-won asks Ha-jin to join her in the gules whale hunt. Painful memories lead Ha-jin to turn down the offer initially, but she eventually ends up joining Baek. As she makes friends on the ship, she grows curious about the gules whale and learns that every crew member has a sad gules story. The madness in the crews’ eyes as they try to kill the gules brings Ha-jin’s trauma to the forefront of her mind – and she experiences her own madness.",,,,"Hye-Mi Park
Director",Hye-Mi Park : Director
Eyes, Mesen,Other,,,,"Abstract, No Dialogue, Shorts",,2014.0,,No synopsis yet - check back soon!,,,,"Ayaka Nakata
Director, Kaoru Ura
Music","Ayaka Nakata : Director, Kaoru Ura : Music"
Ojii-chan ga Nokoshite Kureta Mono: Moetemo Moenai? Moenikui!,,OVA  ,1.0,,,"Slice of Life, Educational",,2014.0,,No synopsis yet - check back soon!,,,,,
Beast Saga 2nd Season,,Web  ,7.0,Synergy SP,Summer,"Action, Fantasy, Sci Fi, Shounen, Animal Protagonists, Anthropomorphic, Non-Human Protagonists",,2014.0,,Second season of Beast Saga.,,,Beast Saga,Liogre : Taiten Kusunoki,
Zukkoke Sannin-gumi no Hi Asobi Boushi Daisakusen,,OVA  ,1.0,,,"Educational, Family Friendly",,2014.0,,No synopsis yet - check back soon!,,,Sore Ike! Zukkoke Sannin-gumi,,
Kung Fu Bunny, Gong Fu Tu Yu Cai Bao Gou,Web  ,12.0,JJJOY Animation Studios,,"Comedy, Animal Protagonists, Chinese Animation, Dogs, Martial Arts, Non-Human Protagonists, Rabbits, Short Episodes, Slapstick, Original Work",,2014.0,,"This is all in the Kung Fu Bunny, an animated comedy series for an audience from 6 to 99 years old. A young Cartoonist at home creates on paper a smart rebel Bunny and a smug loyal Doggy. Capturing the Bunny then becomes the Cartoonist's and the Doggy's impossible mission in life that goes on and on, chasing through books, fighting mental monsters, joining aliens, controlling giants, failure after failure. The arena is set for kung fu extravaganzas and witty creative adventures!",,,Kung Fu Bunny 2nd Season,,
Hoshi no Ouji-sama: Le Petit Prince,,Movie,,,,"Based on a Novel, CG Animation",,2014.0,,No synopsis yet - check back soon!,,,The Adventures of the Little Prince,,
World Peacekeepers, Zhen Gyi Hong Shi,TV   ,52.0,,,"Action, Mecha, Sci Fi, Chinese Animation, Military",,2014.0,,"Ever since Marty had his first contact with the Black Armors and was subsequently rescued, he has been found to possess mysterious prophetic abilities as he is able to see the future in fragmented visions portraying an avalanche, a tsunami, a storm and other catastrophes. These disasters will always come true after Marty experiences the prophetic visions, but he is unable to predict accurately when and where they will occur. When the government learns about this, a unit is sent to protect Marty, and World Peacekeepers, abbreviated as WPK, is established to fight against the Black Armors. In order to defeat the Black Armors, the government grants permission for World Peacekeepers to use Ammobots – mechanical armors which have been developed over many years.",,,,Marty,
Huainanzi Chuanqi 2nd Season,,TV   ,26.0,,,"Adventure, Fantasy, Chinese Animation, Historical",,2014.0,,Second season of Huainanzi Chuanqi.,,,Huainanzi Chuanqi,,
Kuiba Yao Xia Zhuan,,Web  ,20.0,,,"Action, Adventure, Fantasy, Chinese Animation",,2014.0,2015.0,No synopsis yet - check back soon!,,,"Kuiba Movie 4: Mei Lingluo, Kuiba Movie 1: Zhi Shiwanhuoji, Kuiba Movie 2: Dazhan Yuan Yang Jie, Kuiba Movie 3: Zhanshen Jueqi",,
Budai Xiao Heshang,,TV   ,52.0,,,"Chinese Animation, Short Episodes",,2014.0,,No synopsis yet - check back soon!,,,,,
Hong Lingjin Yu Wang Xiaoming,,Web  ,1.0,,,"Drama, Chinese Animation",,2014.0,,No synopsis yet - check back soon!,,,,"Dong Chun
Director",Dong Chun : Director
ASTAR-reul Hyanghae Chaguchagu, ASTAR Cup: The League of Super Kicks,TV   ,27.0,,,"Sports, Korean Animation, Soccer",,2014.0,2015.0,No synopsis yet - check back soon!,,,,,
Fussa Dancing Animation,,Movie,,,,"Dancing, Shorts",,2014.0,,No synopsis yet - check back soon!,,,,"Kenji Iwaisawa
Director",Kenji Iwaisawa : Director
Chikasugi Idol Akae-chan Specials,,DVD S,,DLE,,Comedy,,2014.0,,No synopsis yet - check back soon!,,,Chikasugi Idol Akae-chan,,
Oyasuminasai, Have a good sleep,Movie,,,,"Abstract, No Dialogue, Shorts",,2014.0,,No synopsis yet - check back soon!,,,,,
Ken Aoki: Hashiru Machi, Ken Aoki: Town Going On,Music,,,,Romance,,2014.0,,"The music video for the song Hashiru Machi, by Ken Aoki.",,,,"Kazuhiko Okushita
Director, Ken Aoki
Music & Song Performance","Kazuhiko Okushita : Director, Ken Aoki : Music & Song Performance"
Robocar Poli 3rd Season,,TV   ,26.0,,,"Anthropomorphic, Cars, Family Friendly, Korean Animation, Non-Human Protagonists, Short Episodes, CG Animation, Original Work",,2014.0,,The third season of Robocar Poli.,,,"Robocar Poli 2nd Season, Robocar Poli 4th Season","Amber, Helly, Poli, Roy",
Grami's Circus Show,,TV   ,11.0,,,"Comedy, Animal Protagonists, Cats, Circus, Family Friendly, Korean Animation, No Dialogue, Non-Human Protagonists, Short Episodes, Slapstick, CG Animation",,2014.0,,"Grami, Nemo and Sam, a trio of three lions and a ringmaster Jack train for and perform their circus show.",,,Grami's Circus Show 2,"Grami, Jack, Nemo, Sam, Baboo, Marry",
Meg & Patron: Ending Song,,Music,,,,Abstract,,2014.0,,"The official music video for Ending Song, by Meg & Patron.",,,,"Takashi Ohashi
Director, Meg & Patron
Song Composition & Song Performance","Takashi Ohashi : Director, Meg & Patron : Song Composition & Song Performance"
Norasco (2014),,TV   ,43.0,Kachidoki Studio,,"Comedy, Slice of Life, Family Friendly, Short Episodes",,2014.0,2015.0,No synopsis yet - check back soon!,,,Norasco,Kotarou,
Grief Work.,,Web  ,1.0,,,"Abstract, No Dialogue, Shorts",,2014.0,,No synopsis yet - check back soon!,,,,"Haruka Suzuki
Director",Haruka Suzuki : Director
McDull: Wo He Wo Mama, McDull: Me & My Mum,Movie,,,,"Comedy, Animal Protagonists, Anthropomorphic, Chinese Animation, Family Friendly, Non-Human Protagonists, Pigs",,2014.0,,"McDull, Hong Kong’s most beloved cartoon pig, recalls his childhood days as he watched his mother, the sensible Mrs. Mak make ends meet by working countless jobs, including appearing as a superheroine in a traveling roadshow, where she dispenses handy life hacks. Although it seems that he may not be destined for great things in life McDull never gives up trying.",,,"McDull: Xiang Dang Dang, McDull: Xiang Dang Dang Ban Wo Xin, McDull: Fan Bao Qibing","Mcbing, Mcdull",
Beginning,,Movie,,,,"Abstract, No Dialogue, Shorts",,2014.0,,No synopsis yet - check back soon!,,,,,
Kung Food, Meishi Da Maoxian,TV   ,58.0,Yi Animation,,"Comedy, Fantasy, Anthropomorphic, Chinese Animation, Food Protagonists, Non-Human Protagonists, Ocean, Ship, CG Animation",,2014.0,,"Come aboard the Steamer, a magical ship with a lovable crew of chefs, from brave Bao and Choi to lazy Mr. Twi, on a high-seas adventure! From crime-fighting Sushi men, to mighty Electric Eels, to magical castles in the sky, the ""Kung Food"" gang is heading off on a trip of fun and laughs that you'll never forget!",,,"Kung Food 2nd Season, Meishi Da Maoxian: Yingxiong Hui","Bao, Choi, Twi",
Mo Jing Lieren, Armored Adventure,Web  ,26.0,,,"Chinese Animation, Short Episodes",,2014.0,2015.0,No synopsis yet - check back soon!,,,Mo Jing Lieren 2nd Season,,
The Road Called Life," Maemilggot, Unsu Joeun Nal, Geurigo Bombom",Movie,,,,Korean Animation,,2014.0,,No synopsis yet - check back soon!,,,,,
forever MINAZUKI, Minazuki wo Eien ni,Other,,,,"Abstract, Black and White, No Dialogue, Shorts",,2014.0,,No synopsis yet - check back soon!,,,,"Chinami Taniguchi
Director",Chinami Taniguchi : Director
J Sports ID (Masanobu Hiraoka),,Other,,,,"Sports, Abstract, No Dialogue, Promotional, Station Identifications",,2014.0,,"A station identification animation for J Sports, directed by Masanobu Hiraoka.",,,,"Masanobu Hiraoka
Director",Masanobu Hiraoka : Director
WonderBalls,,TV   ,26.0,,,"Comedy, Family Friendly, Korean Animation, Short Episodes",,2014.0,,No synopsis yet - check back soon!,,,WonderBalls 2nd Season,,
Each Other,,Movie,,,,"Abstract, Korean Animation, No Dialogue, Shorts",,2014.0,,No synopsis yet - check back soon!,,,,"Xie Chenglin
Director",Xie Chenglin : Director
Natsuko no Atsui Ichinichi,,Web  ,1.0,,,"Comedy, Aliens",,2014.0,,No synopsis yet - check back soon!,,,,,
Boy of the Star Garden, Seishukuen no Shounen,Web  ,1.0,,,"Drama, Shorts, Supernatural",,2014.0,,No synopsis yet - check back soon!,,,,"River Up
Director",River Up : Director
Mori no Hito to Shoutengu-chan,,Other,,,,"Family Friendly, Forest, Stop Motion Animation, Supernatural",,2014.0,,No synopsis yet - check back soon!,,,,,
tumbled cat,,Movie,,,,"Abstract, No Dialogue, Shorts",,2014.0,,"A record of sensation and sign of watching tumble, moving and then floating.",,,,"Toshikazu Tamura
Director, Bacon
Music, Taruto Fuyama
Producer","Toshikazu Tamura : Director, Bacon : Music, Taruto Fuyama : Producer"
Nemui Inu,"Alt titles: Minna no Uta: Nemui Inu, Numei Inu",Music,,,,"Family Friendly, Minna no Uta",,2014.0,,No synopsis yet - check back soon!,,,,"Masahiko Adachi
Director",Masahiko Adachi : Director
Na Sa Er Ding,,Web  ,50.0,,,"Fantasy, Chinese Animation, Short Episodes",,2014.0,2015.0,No synopsis yet - check back soon!,,,,,
Mono-darake!,,Other,,,,"Slice of Life, Short Episodes, Stop Motion Animation",,2014.0,2017.0,No synopsis yet - check back soon!,,,,,
Pleasant Goat and Big Big Wolf: Dear Little Wish, Xi Yangyang Yu Hui Tailang: Yangyang Xiao Xinyuan,TV   ,60.0,Creative Power Entertaining,,"Adventure, Animal Protagonists, Anthropomorphic, Chinese Animation, Family Friendly, Non-Human Protagonists, Original Work",,2014.0,,No synopsis yet - check back soon!,,,"Pleasant Goat and Big Big Wolf, Pleasant Goat and Big Big Wolf: Paddi the Amazing Chef, Pleasant Goat and Big Big Wolf: The Tailor's Closet",,
Pleasant Goat and Big Big Wolf: The Tailor's Closet, Xi Yangyang Yu Hui Tailang: Yichu Da Maoxian,TV   ,60.0,Creative Power Entertaining,,"Adventure, Animal Protagonists, Anthropomorphic, Chinese Animation, Family Friendly, Non-Human Protagonists, Original Work",,2014.0,2015.0,No synopsis yet - check back soon!,,,"Pleasant Goat and Big Big Wolf, Pleasant Goat and Big Big Wolf: Dear Little Wish, Pleasant Goat and Big Big Wolf: Love You Babe",,
Q-ban Sanguo: San Xiao Qiang Movie,,Movie,,,,"Comedy, Chibi, Chinese Animation",,2014.0,,No synopsis yet - check back soon!,,,Q-ban Sanguo: San Xiao Qiang,,
Yukidaruma Kazoku, Minna no Uta: Yukidaruma Kazoku,Music,,,,"Fantasy, Anthropomorphic, Family Friendly, Minna no Uta",,2014.0,,No synopsis yet - check back soon!,,,,"Tadahiko Horiguchi
Director",Tadahiko Horiguchi : Director
Line Rangers,,Web  ,4.0,Delpic,,"Comedy, Animal Protagonists, Anthropomorphic, Korean Animation, Non-Human Protagonists, Promotional, Short Episodes, Based on a Mobile Game",,2014.0,2015.0,No synopsis yet - check back soon!,,,"Line Rangers: Cinematic, Line Rangers (2016), Line Rangers (2018)",,
Zombie Clay Animation: I'm Stuck!!,,Other,,Studio Binzo,,"Short Episodes, Stop Motion Animation, Zombies",,2014.0,,No synopsis yet - check back soon!,,,Zombie Clay Animation: Life of the Dead,,
Jin Guang Yu Jiu Jie: Mo Wuxia Feng,,TV   ,32.0,,,"Action, Fantasy, Chinese Animation, Stop Motion Animation",,2014.0,2015.0,No synopsis yet - check back soon!,,,"Tiandi Fengyun Lu: Mo Lu Xuezhan, Jin Guang Yu Jiu Jie: Mo Shi Fu Jie",,
Tiandi Fengyun Lu: Mo Lu Xuezhan, The Sanguinary Battle of the Devil,TV   ,34.0,,,"Action, Fantasy, Chinese Animation, Stop Motion Animation",,2014.0,,No synopsis yet - check back soon!,,,"Tiandi Fengyun Lu: Jian Xing Mo Zong, Jin Guang Yu Jiu Jie: Mo Wuxia Feng",,
Seer Da Dianying 4: Sheng Mo Zhi Shan, Sai Er Hao Da Dianying 4: Sheng Mo Zhi Shan,Movie,,,,"Sci Fi, Chinese Animation, Robots",,2014.0,,No synopsis yet - check back soon!,,,"Seer Da Dianying 3: Zhanshen Lianmeng, Seer Da Dianying 5: Leishen Jueqi",,
Eungkka Sonata,,TV   ,52.0,,,"Comedy, Fantasy, Animal Protagonists, Korean Animation, Non-Human Protagonists, Pigs, Short Episodes",,2014.0,,No synopsis yet - check back soon!,,,,,
Seer 3rd Season, Sai Er Hao 3rd Season,TV   ,30.0,,,"Sci Fi, Chinese Animation, Robots",,2014.0,,No synopsis yet - check back soon!,,,"Seer 2nd Season, Seer 4th Season",,
Miao Xiansheng: Huo Ze Kui Xiao Ren Chuan,,Web  ,5.0,,,"Fantasy, Chinese Animation, Short Episodes",,2014.0,,No synopsis yet - check back soon!,,,Miao Xian Sheng,,
Hello Cocomong 2,,TV   ,13.0,,,"Chinese Animation, Family Friendly, Short Episodes",,2014.0,,No synopsis yet - check back soon!,,,Hello Cocomong,,
Miao Xiansheng: Yan Luo Dadao,,Web  ,1.0,,,"Fantasy, Chinese Animation",,2014.0,,No synopsis yet - check back soon!,,,Miao Xian Sheng,,
Shenmi Shijie Lixian Ji Movie 2, Yugo & Lala Movie 2,Movie,,,,"Adventure, Fantasy, Chinese Animation, Family Friendly, CG Animation",,2014.0,,No synopsis yet - check back soon!,,,"Shenmi Shijie Lixian Ji Movie 1, Shenmi Shijie Lixian Ji Movie 3, Shenmi Shijie Lixian Ji Movie 4",Yugo,
81 Hao Nongchang: Fengkuang De Mai Ji, Farm House II,Movie,,Shanghai Animation Film Studio,,"Chinese Animation, Family Friendly",,2014.0,,No synopsis yet - check back soon!,,,Hatched,,
Jouiseonin PV, Warriors in Black PV,Web  ,1.0,Sean Pictures,,"Korean Animation, Promotional",,2014.0,,No synopsis yet - check back soon!,,,,,
Günther,,Movie,,,,"Non-Human Protagonists, Shorts",,2014.0,,No synopsis yet - check back soon!,,,,"Erick Oh
Director, Forbnl
Music","Erick Oh : Director, Forbnl : Music"
Kuaile Jia Nianhua,,Web  ,60.0,,,"Comedy, Chinese Animation, Short Episodes",,2014.0,,No synopsis yet - check back soon!,,,"Kuaile Dongxi 4th Season, Kuaile Xiangqian Chong",,
Zukkoke Sannin-gumi no Koutsuu Anzen,,OVA  ,1.0,,,"Educational, Family Friendly",,2014.0,,No synopsis yet - check back soon!,,,Sore Ike! Zukkoke Sannin-gumi,,
Oegyedwaeji Pipi, Alien Pig Pipi,TV   ,24.0,,,"Family Friendly, Korean Animation, Short Episodes",,2014.0,,No synopsis yet - check back soon!,,,,,
McDull: Niu Hua Chen,,Web  ,11.0,,,"Comedy, Animal Protagonists, Anthropomorphic, Chinese Animation, Family Friendly, Non-Human Protagonists, Pigs, Short Episodes",,2014.0,,No synopsis yet - check back soon!,,,"McDull: Niu Hua Che - Chinese New Year Special, McDull: Niu Hua Che - Valentine Special, McDull: Gushi",,
SRG International Financial Services: Siji Xi,,Web  ,4.0,MangoWork Studio,,"Drama, Chinese Animation, No Dialogue, Short Episodes, Shorts",,2014.0,,"Promotional videos for SRG International Financial Services, directed by Po Chou Chi.",,,,"Po Chou Chi
Director, Chien-Yu Huang
Music, Dow Ning Yang
Producer & Screenplay","Po Chou Chi : Director, Chien-Yu Huang : Music, Dow Ning Yang : Producer & Screenplay"
Koi wa Elevator, Love is an Elevator,Movie,,,,"Romance, No Dialogue, Non-Human Protagonists, Shorts, Unrequited Love",,2014.0,,The story about two elevators whose love does not grow because of swayed by people around them.,,,,"Tomoki Misato
Director, Takao Ooishi
Music","Tomoki Misato : Director, Takao Ooishi : Music"
Pittarazu,,OVA  ,10.0,DLE,,"Comedy, Non-Human Protagonists, Short Episodes",,2014.0,,No synopsis yet - check back soon!,,,Pittarazu Manner Movie CM,"Takashi Taniguchi
Animation Director & Character Design",Takashi Taniguchi : Animation Director & Character Design
Her,,Movie,,,,"Romance, Abstract, Black and White, Shorts",,2014.0,,A short animation by Liu Xinxin.,,,,"Liu Xinxin
Director",Liu Xinxin : Director
Shen Bi Ma Liang, The Magic Brush,Movie,,,,"Fantasy, Chinese Animation, Family Friendly",,2014.0,,"Ma Liang's brush makes whatever he paints come alive, which makes him the target of a power-hungry general.",,,,,
Guobao Te Gong 3rd Season, Fruity Robo 3rd Season,Web  ,52.0,,,"Comedy, Sci Fi, Chinese Animation, Family Friendly, Non-Human Protagonists, Robots, CG Animation",,2014.0,,Third season of Guobao Te Gong.,,,"Guobao Te Gong, Guobao Te Gong 2nd Season, Guobao Te Gong 4th Season",,
Lanting Xiao Jingling,,TV   ,52.0,,,"Chinese Animation, Family Friendly",,2014.0,,No synopsis yet - check back soon!,,,,,
Nyamen,,TV   ,12.0,HiWaPlus,,"Comedy, Animal Characteristics, Short Episodes, Original Work",,2014.0,,No synopsis yet - check back soon!,,,,"Miso : Rei Matsuzaki, Shio : Mayuka Nomura, Shouyu : Chisato Mori, Tonkotsu : Shiho Nakakuma, Chanpon : Nozomi Furuki, Iekei : Sae Aiuchi, Kappu : Miharu Kobayashi, Niboshi : Hitomi Nabatame, Shunsuke Nara
Producer",Shunsuke Nara : Producer
Roco Kingdom Movie 3,,Movie,,,,"Adventure, Fantasy, Animal Protagonists, Anthropomorphic, Chinese Animation, Family Friendly, Non-Human Protagonists",,2014.0,,No synopsis yet - check back soon!,,,"Roco Kingdom Movie 1, Roco Kingdom Movie 2, Roco Kingdom Movie 4",,
Chiringchiring Secret Jouju, Secret Jouju,TV   ,182.0,,,"Fantasy, Family Friendly, Korean Animation, Magic, Short Episodes",,2014.0,2018.0,No synopsis yet - check back soon!,,,,,
Fankai Zhe Yi Ye, Story in the Book,TV   ,49.0,,,"Chinese Animation, Family Friendly, Historical, School Life",,2014.0,2017.0,No synopsis yet - check back soon!,,,,,
Lei Feng,,TV   ,26.0,,,"Drama, Chinese Animation, Flash Animation",,2014.0,,No synopsis yet - check back soon!,,,,,
Decorations,,Movie,,,,"Food Protagonists, Shorts, Stop Motion Animation",,2014.0,,"A quaint kitchen in a house tucked away in the outskirts of the city. Amidst preparations for a banquet, the birth of a new life brings turmoil and change. And then, she heads off on her own journey. Those who send her off recall the day they embarked on their own journeys, just like her.",,,,"Mari Miyazawa
Director, Makio Makino
Music, Yuichi Ito
Producer","Mari Miyazawa : Director, Makio Makino : Music, Yuichi Ito : Producer"
Xiong Chu Mo Season 4: Chunri Dui Dui Peng, Boonie Bears Season 4: Spring Into Action,TV   ,52.0,,,"Adventure, Comedy, Animal Protagonists, Bears, Chinese Animation, Family Friendly, Non-Human Protagonists, CG Animation",,2014.0,2015.0,Fourth season of Boonie Bears.,,,"Xiong Chu Mo, Xiong Chu Mo Season 2: Huanqiu Da Maoxian, Xiong Chu Mo Season 3: Zhong Dong Yuan, Xiong Chu Mo Season 5: Dongri Le Fantian, Xiong Chu Mo Season 6: Xiari Lian Lian Kan, Xiong Chu Mo Season 7: Qiu Ri Tuan Tuan Zhuan, Xiong Chu Mo Season 8: Tan Xian Riji, Xiong Chu Mo Season 9: Tan Xian Riji","Bramble, Briar",
Iyagi Yeohaeng,,TV   ,96.0,,,"Adventure, Family Friendly, Historical, Korean Animation, Short Episodes",,2014.0,2015.0,No synopsis yet - check back soon!,,,,,
Zhui Meng Shaonian,,Web  ,12.0,,,"Chinese Animation, Family Friendly",,2014.0,,No synopsis yet - check back soon!,,,,,
Wanshou Yan Lixian Ji,,Other,,,,Chinese Animation,,2014.0,,No synopsis yet - check back soon!,,,,,
Ore to Issho ni Training,,OVA  ,1.0,,,"Slice of Life, Educational",,2014.0,,No synopsis yet - check back soon!,,,,Boyfriend : Daisuke Hirakawa,
Qi Jiguang,,TV   ,26.0,,,"Action, Chinese Animation, Historical",,2014.0,,No synopsis yet - check back soon!,,,,,
Tudou Xia, Kitchen Story,TV   ,78.0,,,"Chinese Animation, Family Friendly",,2014.0,2017.0,No synopsis yet - check back soon!,,,,,
Shen Qi De Da Yunhe,,TV   ,52.0,,,"Chinese Animation, Short Episodes",,2014.0,,No synopsis yet - check back soon!,,,,,
Qi Qi Miao Le Xing, Miracle Star,TV   ,12.0,,,"Comedy, Animal Protagonists, Anthropomorphic, Chinese Animation, Frogs, Non-Human Protagonists, School Life",,2014.0,2015.0,"Miracle Star is a Chinese animated series made to promote a Chinese brand of goat milk also called Miracle Star, which is manufactured by the company Sanyuan Foods. It stars an anthropomorphic goat boy named Kiki, who owns a talking pet frog named Gua Gua.",,,,,
